	HCC1395_BREAST	TOV112D_OVARY	HUCCT1_BILIARY_TRACT	RKN_SOFT_TISSUE	LMSU_STOMACH	SNU245_BILIARY_TRACT	TYKNU_OVARY
8-BROMO-CGMP	0.349697976223	-0.901098806394	-0.117611558144	0.666145926317	0.166685333138	0.928957682107	-0.49253336192
NIFURTIMOX	-0.207361242129	-1.08849820732	-0.331518676324	-0.259140951859	-0.590583067815	0.432051387248	-0.143227687821
BALAGLITAZONE	0.109085332149	0.461292718553	0.0176829651356	-0.087051422811	0.0607072964131	0.421040168373	-0.848758990271
FLUTRIMAZOLE	-0.548911706831	-0.0439209825304	0.446032533781	0.127366769083	0.463277961264	0.759356069971	-0.299222067905
KBG	0.358992438095	-0.387045416738	-0.1252781132	0.0265003978845	-0.346328864248	-0.09692127863	0.369679246019
OTENZEPAD	-0.346862785032	0.15546757795	0.369144995745	-0.148384709478	0.28410608147	0.151400386115	0.0792201553765
BIPERIDEN	0.319868559363	0.114820264779	0.153984554111	0.537253859565	0.466971275975	0.883574732272	1.26090940818
ZALTOPROFEN	0.55630922917	-0.484273307026	-0.35598844367	-0.193488051209	-0.389210193121	-1.25212205493	-0.282280800718
NORETYNODREL	-1.55464814543	-1.01532087261	-1.13923575248	-0.563316042189		-1.34011727021	-0.462958185428
DYPHYLLINE	1.02225989994	0.284352692986	-0.23038959794	0.7998636744	0.325241986142	0.467055288476	-0.10106432683
ALPRENOLOL	0.491812089543	0.252551269211	0.0887416799143	-0.352757788063	0.0723536760931	-0.313152441272	0.327528837074
AZELNIDIPINE	-0.81002913849	-0.113907678969	-0.22909392874	0.476336151366	0.244292755434	0.0889597694869	0.0355543707541
HYDROXYPROPYL-BETA-CYCLODEXTRIN	-0.316589508482	-0.171748307825	0.363708175098	-0.531538785539	-0.0702751839928	0.446787554112	0.0962324196389
WB-4101	-0.215137589007	-0.102199858617	-0.121045066132	-0.576095815168	-0.596483178901	-0.333862679525	-0.568739618256
CLEVIPREX	0.113639939398	0.145088988219	-0.0687836525907	0.501953720158	-0.083868930229	0.668061840221	1.20765780998
CHLORMADINONE-ACETATE	-0.0354280042588	-0.953975455738	-0.469786169511	-0.286237292876	0.342253700775	-0.64752708789	0.200768984897
BUPIVACAINE	0.672853807635	-0.011181665988	-0.283122851109	0.630312604873	0.0161206196919	0.537220865932	0.571650844201
PREDNISOLONE-ACETATE	-0.108279512401	-2.02138750781	-0.541540086063	0.436848799625		0.755539922024	-1.61458405549
NAFTOPIDIL	0.163388850432	0.227262213893	-0.0265825856303	-0.216046505567	-0.240437053884	0.480643075776	-0.105144643024
FK-33-824	-0.00312650981285	-0.133059628457	-0.192247731349	0.173848366881	-0.0263438934226	0.418292107055	-0.375425430923
NITRENDIPINE	-0.131603254981	-0.411290667112	-0.403068535487	-0.323584903527	0.176352191872	0.386944623204	0.391070252421
BETAMETHASONE	0.443274135689	0.231319678499	-0.0817077673256	0.314229337771	0.441105963969	-0.0492485465448	1.39686219485
MEPTAZINOL	0.418694732903	-0.488583765796	-0.0660499057545	-0.521809496644	-1.10690333278	-0.39170855742	-0.259228864722
CILNIDIPINE	0.0356580829723	0.353668111112	-0.304930981519	0.251517746385	-0.0692479396998	0.0796412154095	-0.367078091973
BETAXOLOL	0.18481490221	0.455673214692	-0.193615789744	0.413678979653	0.477020330172	0.0158545252573	0.563801316076
LOFEXIDINE	-1.21301896501	-0.538106447671	-0.588348456287	-0.433654649571	-0.531938985197	-1.00854444261	-1.08986836408
ALIZAPRIDE	-0.29827963161	0.106574018823	-0.0777298531884	-0.0923253023952	-0.116274275068	0.651484870801	0.213090197818
MEPIVACAINE	-0.0755708537102	-0.0574809568037	-0.55685299652	0.194169403712	-0.46690667891	-0.717053595528	-2.00950240031
ICI-89406	-0.290617597432	0.117919509626	-0.132737259219	0.249878449005	0.586280727166	0.00314579003197	-0.12756955473
XL888	-2.13720324354	-4.71786883119	-5.49296031052	-2.79897718178	-4.44664149923	-2.7814789166	-3.76919134061
METOPROLOL	-0.338846350842	-0.752459016526	-1.10781095965	-0.567312909049	-1.74717287725	-0.984693880141	-0.502415369467
BISMUTH-SUBCITRATE-POTASSIUM	0.123732443488	-0.14501336551	0.0805319450212	-0.441595628489	0.699848335609	-0.121715269751	0.695951682895
METHSCOPOLAMINE	-0.362813578063	-1.48965490987	0.130432104847	-0.588694252334		0.367416869937	0.230106832974
PIRICAPIRON	0.00730446133168	0.60457244765	-0.0529279166378	-0.308571914961	-0.282717975495	-0.710395107485	0.580459575609
EPERISONE	0.199073310714	0.593572656064	-0.0275562500492	0.392431796846	-0.470771190885	-0.0837266990563	0.337721832707
ISOPRENALINE	0.158979561679	-0.225762769821	0.113966277109	-0.515979045037	0.222393513496	0.68023103864	0.502381449333
SYNEPHRINE	-0.558478653809	0.335822940622	0.166595962511	0.531327451633	-0.0446059358605	-1.3139229906	0.165494877114
SYNEPHRINE	0.0807327841596	0.221283972729	0.100130188552	0.143539029611		0.277025491333	0.459976542313
MARAVIROC	-0.439271785768	0.0136899631574	0.189029623501	0.557428822462		-0.154446085296	0.53066439964
TRILOSTANE	0.216888236531	0.28370337654	0.244315056932	0.721138391433	0.165467630204	0.143208031743	0.719360339047
STEPRONIN	-0.219356139674	-0.926699294406	-0.814039805244	-1.1723342819	0.322400258367	0.315977697457	0.745589784256
CHLORPHENAMINE	-0.263039638151	0.0916969837903	0.0977682252094	0.00368951309262	0.375090227814	0.240707726435	0.171746193484
2-PMDQ	0.400422652917	-0.297949712318	-0.0803855343169	-0.504100185248	-0.458662462968	0.0285428341348	-0.041387092037
BUPROPION	0.179344755383	0.30705514282	-0.0946402180586	0.0406554164113	0.392739467228	0.967124881274	0.413895381879
LISOFYLLINE	1.13828638124	0.413699952634	0.354821668494	0.325299513368	0.0218820842006	-0.611128229014	1.08499010885
BAY-K-8644-(+/-)	-0.12094825479	0.238310734857	-0.634030745734	0.105565203586	0.109031280522	-1.09223437225	-0.935388263955
ERDOSTEINE	-0.217452213404	-0.0451935941774	0.029837291352	-0.116444070745	-0.22526596157	0.0194972882561	-0.0396542278788
TELMESTEINE	-0.288630878231	0.914459951837	0.235137650185	0.486935719853	-0.0269032686882	0.508756721492	0.13104832572
D,L-MEVALONIC-ACID-LACTONE	-0.301840110868	0.298930130708	0.076603847446	-0.490305989017	0.294222812276	-0.00473612692301	0.194912992334
	-0.301840110868	0.298930130708	0.076603847446	-0.490305989017	0.294222812276	-0.00473612692301	0.194912992334
CPCCOET	-0.4418725363	0.117987235044	0.214536914043	0.603894965618	0.428032693543	0.0665958561543	0.651947726611
LAPPACONITE	1.43310130629	0.685825397826	-0.127549833549	-0.266589320022	-0.0576384223076	0.378879400315	-0.803132536024
TERFENADINE	-1.02197040627	-0.871031707308	0.749741281475	0.289594690787		-1.61645433879	-1.10213520338
SB-218078	-1.47366630002	-1.73122217706	-0.254578932932	0.517089255459	-0.669729520743	-0.796528210285	0.450256770196
HYDROQUINIDINE	0.120336090392	-0.0204543425941	-0.226655363208	-0.345486977483	0.213990754854	0.370714146453	-1.10014735662
DICLAZURIL	0.429459003621	-1.03786505298	-0.417172917756	-0.382492333267	-0.0299834022091	-0.913851133861	-1.45914911767
MONENSIN	-2.56166108297	-2.98156676163	-2.67989555739	-1.93912220582	-5.27140904424	-1.54922924503	-2.80996663446
ANISOTROPINE	-0.784682750397	-0.298794471788	-0.0430756880178	-0.533231195519	0.171696772805	0.625599176611	0.0722188285229
CPI-613	-0.118083630796	0.0180965138896	-0.162499951272	-0.390351735935	0.698266138675	0.295435437517	0.00992495270455
FUSIDIC-ACID	-0.241316336949	0.709578185712	0.207693843492	0.598394936578	0.507362946148	-0.210525066741	0.133814870322
HYDROCORTISONE-HEMISUCCINATE	0.721595870782	-0.181673603547	-0.202094594831	0.82639661267	0.762739652959	-0.346199058998	0.379078013844
MELUADRINE	-0.47913018465	-0.0599029760509	-0.00171008173317	0.0529066937677	0.264375385915	0.171199650909	-0.226513693111
RO-20-1724	-1.0075679593	0.000367434216715	-0.146919342362	-0.356224112917	-0.183637848056	-0.955046214883	-0.240269534459
8-M-PDOT	-0.65183122835	0.202208230238	0.247516716304	0.233654313145	-0.249313788303	-0.0572303168162	0.936929477654
ESMOLOL	0.588227538394	0.409423846148	-0.154114615616	0.906408548424	0.695245957709	0.756124406477	-0.728413924737
LABETALOL	-0.134710493852	0.337888910795	0.204524792794	0.403941853814	0.520305638035	0.598953265403	0.402723427199
BOPINDOLOL	0.553395780508	0.365177430026	0.32359978242	0.680809451614	0.167181074751	0.383937903477	0.0871114941487
MECLOCYCLINE-SULFOSALICYLATE	0.219636265571	-0.387547976958	-0.0946529830219	-0.319444953607		-0.0056418576846	0.0337649958051
ISOFLOXYTHEPIN	-0.229839468472	-0.768201659197	0.284201059547	0.90072487981	0.542556957511	-0.422639722545	0.753019385003
METAPROTERENOL	0.961649274577	0.359038823565	0.018004020594	1.01748639113	0.679582626493	0.727320487764	-0.0853197403042
METAPROTERENOL	-0.177558769464	0.101195499268	0.11674744607	0.20084087995	-0.105416752233	0.462108972135	0.796945077229
KAKONEIN	-0.273244158317	-0.0115898701886	0.0999953532956	0.137796830324	-0.0136613986449	-0.12796311104	0.735175087331
BICUCULLINE-(+)	-0.0337206559202	0.13364660632	-0.127504881828	0.490395951431	0.26370749719	-0.13277606798	-0.133332450838
VIGABATRIN	0.282825752171	0.0389372438564	0.0299901373402	0.0222556282877	0.144362404587	-0.231875245556	0.280291417963
METITEPINE	0.0782543544327	-0.507612679116	-0.287970534783	-0.0441220292418	0.2828710063	-0.392294854272	-0.592705672264
BUPARVAQUONE	-0.461406652467	-0.0684591887436	-0.32890443466	0.011496543187	-0.138285493918	0.352484910407	0.291039629229
GALETERONE	0.847056946297	-0.612644014803	-0.0742801443512	-0.651138529303		-0.0919489132803	-0.406765589779
CDBA	-0.934118027765	-0.392161184184	-0.191298473338	-0.889757523642	-0.0176048838912	-0.925599181528	0.152700905169
RACECADOTRIL	0.127345379064	-0.0903430637953	0.0882251367274	-0.0840076033667		1.21438128037	0.258422982847
FAMPROFAZONE	0.699427580121	0.480811403907	-0.234522551017	0.117621946501	0.0783246007523	0.507643910896	0.795805226572
ETONOGESTREL	0.00110719091925	-0.289522156991	-0.206032111477	-0.131036566216	-0.086667461442	-0.518403901107	0.879049035324
DOXYCYCLINE	-0.0926106624666	-0.261090676868	-0.358696682327	0.963999802041	-1.04978486827	-0.323030006457	-0.588175468778
DOXYCYCLINE	-0.525756734457	-0.656466149521	0.155875826312	0.0460430004389	-1.10249013426	0.824244526632	-0.174355369002
DOXYCYCLINE	-0.373893335966	-0.0150365471961	-0.222612059615	0.0185571076142		-0.217510496602	0.0482599892271
DOXYCYCLINE	-1.96559060456	-0.442235552583	-0.655463443414	-1.34386277253	-1.80786403523	-1.0572242689	-2.74824591983
IODIXANOL	-0.286510666111	-0.77048926982	-0.19521386453	-0.52470720347		-1.00841853064	-0.439157200095
L-THEANINE	-0.209643547724	-0.114400800095	0.102662072476	-0.495807784986	-0.6660771069	0.182523232081	-1.07177075278
CID-5458317	-2.18612771224	-1.3771640829	-0.710772705168	-1.50683348421	-2.60401478363	-1.65108898762	-2.79890873706
ALFUZOSIN	0.443494028612	0.60250138369	-0.0301179551382	0.919670458684	0.282673111901	-0.00197991210533	0.592688850766
AMYLEINE	-0.301077761864	0.0664710975236	-0.384141066361	0.356128747462	-0.831644134905	-0.359632840787	-0.302042391816
STRYCHNINE	0.0181259160024	-0.300479456286	-0.214245736176	-0.0646758023159	-0.966697770749	-0.026143232616	-0.612109292315
NORETHINDRONE-ACETATE	-0.577642464305	-0.249926249082	-0.501555304053	-1.15647484065		-0.0098953163479	-0.683049739971
IOXILAN	-0.661107963796	-0.00935670771333	-0.465408634228	-0.0555941613277		-0.28654332003	0.558365494242
MEBEVERINE	0.0520433381277	-0.287809372451	-0.164752171231	0.485134841015		-0.470954182376	-0.0741137113899
FLECAINIDE	-0.317606052829	0.18771836402	-0.229016236436	0.0919816883625		-0.404202339489	-1.29206308437
VERAPAMIL	-0.512282588542	0.282157308463	-0.0230724161493	-0.19659112774		0.232692720255	-0.83384544234
8-BROMO-CAMP	0.114027958656	0.0698058821771	-0.025106528189	-0.120416273997	0.226447338424	0.624632798601	0.697828429936
CYCLOPHOSPHAMIDE	-0.0969089387538	0.0143681879359	0.0623467215495	0.771821834708	0.358531932378	1.18949742391	0.600849422477
BOCEPREVIR	-0.482831517612	0.141332434258	0.278733224433	-0.631781172829	0.808406888871	0.136786214495	-1.98117355798
SKF-81297	-0.212259549592	-0.099932930738	-0.525410796366	-0.0820243064282	-0.0902153104575	-0.22887142621	0.751047235823
ETILEFRINE	-1.13302957401	0.63783561997	-0.0916965173628	-0.237050759564	-0.128689995987	0.904612319834	0.390775975391
TIPRANAVIR	-0.645445748725	-0.309867612458	-0.294568881486	-0.252587936429		-0.599310708256	0.824257318547
PROPRANOLOL	-0.269461769879	-0.193565735087	-0.193508511945	0.394762819269		0.340309271772	-1.08208936296
ADENOSINE-PHOSPHATE	0.329106151603	0.0462547120261	0.235306469782	0.14690622215	-0.238859111615	0.947445831636	-1.05103408266
CYCLOPIAZONIC-ACID	0.83521202524	0.576440079698	-0.332426940255	-0.164658354448	0.703310673026	0.0895289260272	0.0897522596766
GSK429286A	-0.0840655657339	-0.262152438366	0.289757244406	-0.0823871108993	0.0774019356676	0.143536275908	-1.06363867879
FOSFOMYCIN	-0.0274530565343	0.530919604096	0.303481159869	-0.00772648757018	0.63696605452	0.0892408006972	-0.0891529872652
PRENYLAMINE	-0.146510895986	-0.0974697686768	-0.0204587097426	0.0689898998618	0.481101492129	0.234738200883	-0.598152940169
EFAROXAN	0.306581418757	0.332040031621	0.0734394305974	0.284935144348	-0.155797876751	0.0422058582278	0.203505052169
IMILOXAN	-0.182854856299	-0.145259255274	0.177151166452	0.177903457746		0.48791684494	0.262488207509
GRANISETRON	-0.121132468125	-0.0679108531845	-0.383845001908	-0.679175790544		0.446172097191	0.721327901587
CARVEDILOL	-0.109269728863	-0.0213578207871	-0.224162303898	0.271305954698		-0.234735125403	-0.555055100062
CARBAZOCHROME	0.38775884211	0.431283339442	-0.107177593453	0.00467227680234	-0.223934914428	0.35902605752	0.253457110321
NADIDE	0.0317522916996	-0.26335337455	0.242090964696	-0.551719911115		0.135698604338	-0.0853484959486
DEHYDROCHOLATE-ACID	-0.843120386218	-0.24750261526	-0.358425478139	0.394712804755		-0.182068335878	-0.195587210223
MEPARFYLON	-0.793151133766	0.333876461333	0.262349199557	-0.233560480909	0.199714952864	-0.0714008599813	0.350806391823
BAY-85-8050	-0.49516670284	0.364978829248	0.315020819563	-0.408780350281	-0.00873495952048	0.388370475262	0.310442260869
ENILCONAZOLE	-0.0294839799578	0.327842041172	-0.248585369336	-0.479650278613	-0.119264507355	0.52147947722	-0.0219106444426
AM-92016	-0.33227413	-0.837380785091	0.0420521288679	0.179786311779	-0.196969807905	-0.788252288619	-0.54074565552
PROSCILLARIDIN-A	-1.46742258391	-3.29833141046	-4.59674060094	-2.29566829182	-5.99767823493	-2.78448445825	-3.7487194852
LORAZEPAM	-0.489957949386	-1.25276603555	-1.63869100706	-1.22360468883		-1.55301962627	-0.914923645803
CEFEPIME	-0.960369338589	-0.105810724767	-0.488220776882	0.024446632144		-0.331537348317	-1.04987842353
NUTLIN-3	-0.120329960992	-0.859357755983	0.268169271719	0.251519910728		0.367058082836	-0.445459734716
L-CITRULLINE	-0.625579904803	-0.298535913419	0.104113548435	-0.198675329547		-0.363198119281	0.418991053705
USNIACIN-(+)	-0.883805370953	0.385780051003	-0.0758006193183	-0.209933958084	-0.529313402372	-0.714911884037	0.573248266264
L-HYDROXYPROLINE	-0.493314933508	0.597836895551	-0.145682537294	-0.0558475228437	-0.612770092312	0.7971642682	-0.749503768078
CISAPRIDE	0.0243610336207	-0.389008426951	-0.0695496319118	-0.911233983596		-0.304618262696	-0.187656375359
POMALIDOMIDE	-0.792117674648	-0.0258869431697	-0.398414995954	0.014617600664		-0.425543173074	-0.522243098042
TROGLITAZONE	-0.116157220622	-0.115265374038	-0.690666017051	0.522124219718	-1.0046179437	-0.487334224006	-0.121067948802
FLUOROMETHOLONE	0.422151063851	-1.81052822251	-1.53753177235	0.713870267559	-1.93050321794	0.443518511681	-0.150461427796
DOXAZOSIN	-0.285469545577	-0.017515088913	0.250444731723	-0.16158483505	-0.216126621433	-0.631958826205	0.648724903325
PERILLYL-ALCOHOL	-0.812858435429	0.0756902054008	-0.122234972028	-0.165828111756		-0.430153728253	-0.751325984848
ORNITHINE	0.190943050901	0.736663041289	-0.474475072613	0.340903910276	-0.109077042401	-0.026617403911	0.96124559982
5'-CHLORO-5'-DEOXY-ENBA-(+/-)	0.299115244085	-0.0283103989466	-0.165984099471	0.0249556340849	0.217683593482	0.463992984623	0.739201937357
SULINDAC	0.612404953257	0.403247458861	0.483237872392	0.155274715523	0.0111487468596	-0.387231985868	0.225582041307
TC1	-0.226882524154	-0.248861165289	-0.00854732992274	-0.214658557586	-0.405293820442	0.0489699391393	-0.138554099842
OXYPHENONIUM	0.333543373426	-0.065163662083	-0.0222575987763	0.0240481944323	-0.371293022932	-0.00890516004867	0.562746442647
OCTOPAMINE	0.688817081576	-0.02712361219	-0.501247635682	-0.401166148228	-1.11481680208	-0.722823722637	-0.0655214616632
GUANADREL	-0.537233002703	-0.483522359954	-0.753091327313	-0.304953606108		-0.526874945572	-1.00060763526
SN-6	0.191816433407	0.541775033291	-0.272789564959	0.106832697509	-0.132854807158	0.14397288587	-1.06232306062
IDRA-21	-2.23039409166	-1.78386341254	-1.98967058215	-1.29369926054	-2.34817248379	-1.83757514391	-1.81239569089
MESORIDAZINE	-0.291867508535	0.301276743287	-0.0681315031255	0.000201141020172	0.0995767207367	-1.26137697509	-0.257598604931
UB-165	0.329140542348	0.32910451775	0.12316720979	0.0155965943539	-0.313562360521	-0.306538208693	-0.605000032813
NORGESTREL	0.263412341729	-0.27197848689	-0.59070751459	-0.410025194374	0.0508527295881	-0.269864078735	0.141534090283
DOFEQUIDAR	0.00762539214988	0.157220518612	0.176648773604	0.360824613715	-0.19786649294	0.782398881468	-0.481552641541
ALAPROCLATE	0.197173357629	0.244885951918	0.368095116965	-0.158719373172	0.278174613344	0.651863189697	0.882140011302
DIADENOSINE-TETRAPHOSPHATE	0.246027982601	0.137261583935	0.346653293419	0.276202546163	0.223046070351	0.323899334769	-0.145469259927
MILNACIPRAN	-0.22900390518	-0.201788587478	-0.168837202556	-0.304025202768		-0.1674008058	0.461024529432
FLUOCINOLONE-ACETONIDE	0.546400832606	-0.280662760676	-0.454177699284	0.717651335873		-0.718461670505	-0.163061734675
L-CYSTINE	-0.744368394949	0.603128342936	-0.534867034026	-0.648804359553	-0.215002940843	0.232638199605	-0.912522045251
GW-1929	0.656724519703	-0.410725800253	-0.204247645873	-0.615207476743	0.22868692237	-0.461835842296	0.243543798473
BMY-14802	0.228426040657	0.0521627524426	-0.210990479973	0.0538029629894	0.218384174084	0.821566977287	0.0322996535307
SDZ-21009	-0.321504402802	0.357738816275	-0.0106864353993	0.322680154099	0.0763176204006	-0.727826346354	0.524910509733
REBAMIPIDE	-0.599760942475	0.284138185394	-0.02081242163	-0.803896446809	-0.0428111213749	-0.0854853344898	-0.35664194372
BUCLADESINE	-0.127136470197	-0.0892285894013	-0.510063319548	-0.478843465045	0.151341621196	-0.0712643940368	-0.914412089228
INDOBUFEN	-1.50809954684	0.176530157577	0.189927544927	-0.108189630983	-0.133719050541	-0.262992622084	-0.374746053512
THIOCTIC-ACID	0.143771018968	0.162451891531	-0.146087226335	0.488599505691	0.309256258573	0.213326144281	-1.25739055638
DORAMECTIN	-0.284279571221	-0.123578439044	0.0136096935034	0.164867380286	0.0311152067559	-0.295254865031	0.212862882585
QUINESTROL	0.488657224562	0.65536765241	0.0558922972572	0.110040336491	-0.212470584621	-0.861066544874	0.00905243242033
BUTOCONAZOLE	-0.227781823385	0.22074911743	-0.240923299847	0.178522151533	-0.0796772561638	-0.00115208455557	-0.758869451377
BADGE	0.194878328925	0.632541756944	-0.339762722346	-0.185281283577	-0.171421024924	-0.762566055811	-0.949652867506
ISOXSUPRINE	0.200356263166	-1.64982462313	-1.04634005612	0.217925574087	-1.91911440023	0.502545343794	-1.40625743238
PROTIRELIN	0.2742826464	0.363261780398	-0.575969273996	0.535048369997	0.293717017707	0.214432320826	0.31634578851
DEHYDROACETIC-ACID	-0.248127609836	0.144454696091	-0.74456740254	-0.0331314139925	-0.728215930358	-0.156642600139	0.685363721069
ALCLOMETASONE-DIPROPIONATE	1.06862797225	-0.554624721586	0.117832318466	1.09611171833	0.857862566664	0.356113355494	0.040376562007
CARPROFEN	-0.425037372426	-0.0319424082189	0.172524588679	-0.769721856507	-0.654396406851	0.146115915034	0.191762539534
BW-723C86	0.649180981037	0.522932710193	0.0661869534253	0.609261206273	-0.0442777329841	0.0185340587158	0.056692104316
MDL-72832	0.27219308907	0.0522732103116	-0.0807694777067	-0.104091340492	-0.181241560396	-0.301029076584	0.40013068835
BAMBUTEROL	-0.739563637963	0.170510415149	-0.185634739831	-0.50956492906	-0.125645118821	-0.59055043971	0.388202663052
IBUPROFEN	0.464195055458	0.391803705035	-0.133304725461	-0.54796856463	0.0378881608598	0.205423178933	0.686788912157
TROLOX	-0.791644628133	-1.58875063133	-1.21739564688	-0.814428629539	-1.62189464432	-0.69424633627	-1.20589173595
LENALIDOMIDE	0.371321591482	-0.055099769058	0.333435865621	-0.408977462338	-0.344344982439	0.677283834236	-0.00986553654682
PHENSUXIMIDE	-0.269065118918	0.443540216998	-0.110156486542	-0.427906581272	0.0702673882636	0.0942756949448	0.167088515495
METHACHOLINE	0.268323675226	-0.187620077656	0.0466716043709	0.591529922753	0.273247967376	0.161388507498	-0.168749779518
AGN-192403	0.424387519955	0.260620158846	-0.0202914249401	0.774364779497	0.304486433488	0.619935789453	0.65244418938
BEVANTOLOL	0.0488709150789	0.710812232174	0.0570176521395	-0.478791407339	-0.128906790923	0.046191276397	0.159653216669
MALIC-ACID	0.0357652894081	-0.844720773406	0.0551838729176	-0.484602188248	-0.0445197447986	0.307176376566	-0.171249563212
TAZOBACTAM	0.471701168708	0.131451850108	0.0167434315289	0.247036701953	0.243106257854	0.0833184341514	-0.0631651877157
CYANOCOBALAMIN	0.728749024512	0.133557813275	0.0785754607059	-0.611568750732	-0.338860858932	-0.65438522552	0.706968912763
IDAZOXAN	0.591030139105	-0.249595269372	-0.202584438756	0.2066003568	0.417160773934	-0.0206362289217	-0.650101427912
BAX-CHANNEL-BLOCKER	0.173435058146	0.318373835474	0.178595953581	0.636211186515	0.438202871895	0.425690288839	-0.912119031104
7-HYDROXY-DPAT	0.381844935387	0.146477727268	-0.285015663551	0.276038580684	0.332290236129	-0.0507289539298	-1.33250110093
NALTRIBEN	-0.021782887621	0.355250061166	0.179665761601	0.518354236759	0.206993276189	-0.0484991190304	-0.290454621995
TRIMIPRAMINE	0.341156060385	-0.00288326629249	-0.663626874739	0.181907002286	-0.166626753788	-0.833130700036	-1.26931975317
METHYLPHENIDATE	0.221827509901	-1.22615098491	-0.535760951768	-0.871180488035	-0.761122315321	-0.847688507192	-0.998289016606
PERHEXILINE	0.105421673035	0.156280547361	-0.101597133	-0.728643009723	-0.082009318104	-0.621541596396	-0.316509519836
MIANSERIN	-0.634559720425	0.794192678728	0.410655728303	0.198211326785	0.302841977664	-0.0330935895766	0.22620737807
ONDANSETRON	0.0378725660435	0.112745467451	0.00182573709355	-0.48497720089	-0.64412889164	-0.0971775094653	-0.296070913805
ATOVAQUONE	0.516084599245	0.276898644021	0.316530780398	-0.38755190709	0.140267346002	0.57734183949	0.345417393811
CLOSANTEL	0.339807038041	0.425763664733	0.374946752267	0.0654433887349	0.160744983092	0.177631626893	-0.829610930965
TUAMINOHEPTANE	0.374241335153	0.518252971181	0.194570200283	0.642062027685	-0.0485453459462	-0.539896213858	0.189553212884
MECAMYLAMINE	0.304794194476	-0.0207083458153	0.223557316602	-0.0699852439839	-0.0170838243402	0.849967934341	0.277983037123
ATENOLOL-(+/-)	0.0564660705614	0.139628578259	-0.0788857244111	0.70561495864	-0.171409280563	0.567874826794	-0.774106249072
CHLORMEZANONE	0.378496860524	-0.494365855207	-0.102071247603	0.53166105694	-0.312721245408	0.436303108106	-0.0778793105463
HALOTHANE	0.0231739145813	0.118151413857	-0.439805592966	-0.458682571513	-0.0976588851801	-0.288943852599	-0.128830940107
CANRENONE	0.149181322737	-0.288888561017	0.0735077937156	-0.265077378065	0.0958417133464	-0.926911651602	-0.194609773849
PRASTERONE-ACETATE	-0.465083487864	-1.05732203797	-0.549415656947	-0.322430926985	-0.307480202569	-0.453783857744	-0.359034999661
PLOVAMER-ACETATE	-0.23759531625	0.55845118386	-0.516903809599	-0.141222510178	0.314097128758	0.744691034096	-0.978796478682
CEFMENOXIME	-0.451083682343	-0.598924971923	-0.265179475293	0.0779708604083	-0.126179761687	-1.12337756991	-0.00988070397029
2,6-DIMETHYLPIPERIDINE	-0.876282023022	0.0345339455226	-0.293689383791	-0.791822343992	-0.464340641422	0.438773964595	-0.0634077544397
MEDETOMIDINE	1.29339439852	0.0819342154662	0.0990821714461	0.825233749314	0.726644101163	-0.621206747262	0.696327602041
PRAZIQUANTEL	-0.161336406084	0.331442342681	0.0839523850919	-0.884457782478	0.336072048616	0.0254598978079	-0.279381117869
AMLODIPINE	-0.183976033949	0.741719741828	0.137036674167	-0.589202104309	-0.205663033932	-0.132060220998	-1.02874477478
SULMAZOLE	-0.329941928813	-1.51102221317	-0.30577148089	-0.255278857646		0.421776461334	0.300279968506
PHENOTHRIN	1.09437305709	0.421274114036	0.06564313023	0.295652249128	-0.0542519628113	0.205555017421	-0.138520857894
ESTROPIPATE	-0.132242782028	-0.339544468456	-0.231712753577	0.737098969122	0.1623717244	0.305442696925	0.5868007827
TRIDIHEXETHYL	0.452555602559	-0.370242384514	-0.248348509429	-0.34477580975	-0.42609091747	-0.10027992726	0.887529368921
TERAZOSIN	0.0728054279298	-0.217308571826	0.06430959591	0.153163807771	-0.212685788349	0.00500433338797	-0.00412991097126
DROFENINE	0.221891367773	0.31599316438	0.522216259947	0.52544532711	0.213541553454	0.658542014186	-0.134547080102
BENFLUOREX	-0.271275824291	-0.0291734224803	-0.279021052711	0.0517517530409	-0.417025110758	0.201983179116	-0.468124565185
PANTOPRAZOLE	-0.359027414388	0.384719736711	0.018973615259	-0.325312040413	-0.275878345927	-0.499509317089	0.501507968126
LICARBAZEPINE	-0.377983702612	-0.238484327804	-0.500844764798	-0.120761784522	0.0128174356851	-0.0912165544615	-0.657097606764
SB-205384	-1.92822084587	0.0582546036564	-0.656854783003	0.345215743986	-0.396244387977	-0.850465336933	-0.795271126391
HOMOCHLORCYCLIZINE	0.647054990577	0.0410699698808	-0.0313555484924	-0.173913089172	-0.0879115962057	0.208634308683	1.01636225639
TENOXICAM	0.170537886323	0.89648615507	-0.174794919027	0.156113290157	0.510296357499	0.953811599816	-0.25554501485
ITRACONAZOLE	0.400160466976	0.339427594526	0.217642530511	-0.44730392682	-0.830664770955	-0.941128155637	0.151880914223
PHENIRAMINE	-0.320593564445	-0.266661318962	-0.204737005571	-0.219176421638		0.141259821889	0.581295430102
SCLAREOL	0.244692490528	-0.654719624121	-0.0181108158914	0.176832795013	-0.380154381468	-0.0417486807333	0.372382127279
SIBUTRAMINE	-0.55675864655	0.369947752085	-0.00861346565903	0.173049011345	0.0152701140659	0.661507202586	0.464211729617
RIFAMPIN	0.77446906269	-0.126131260512	-0.0846578650702	0.84203718253	-0.10866881661	0.505893091854	0.161562193571
SACLOFEN	-0.508775440794	-0.109659019823	0.0336347423171	-0.43225512948	-0.283432504062	0.203077285059	0.151961801708
IFENPRODIL	0.437664508975	-0.468535791298	-0.0857083930629	0.406366256477	-0.329319108173	-0.195298998924	-1.05670353731
IFENPRODIL	0.336978110935	0.0583651422808	0.126188945802	0.556679164741	-0.125362891018	0.215852053322	-1.12242380021
OFLOXACIN	0.22472202233	0.79805629992	0.0788170080461	0.832730114418	0.483017686605	1.32312331339	-0.470500800247
ANABASINE	-0.248917292201	-0.230675823985	-0.208427039686	0.310391452185	-0.304513625193	-0.177394397019	0.346488115024
TROLEANDOMYCIN	-0.2174645254	-0.147700661473	0.175182630521	-0.35213618511	0.235421964888	0.285158087692	-0.929733790973
NADIFLOXACIN	-0.344524166426	-0.394247100024	0.120718310824	-0.602278961478	-1.06658337341		0.199600010353
WARFARIN	-0.758019871314	-0.754361523484	-0.327608023382	-0.758986525954	-2.41286754826	1.25462963215	-0.417704795527
NORNICOTINE	-0.0168925582399	-1.17816282187	-0.030030458236	-0.230976414158	0.0321027057457	-0.223446964486	-0.119037020969
EFATUTAZONE	0.521235577331	0.0897130627154	-0.548014941082	-0.0502504669295	-0.508971017585	-0.0426538080365	-0.0707465354856
ISOETHARINE	-0.426445882073	-0.694464316513	-0.549565734411	0.696014103732	-0.398670921618	0.208011602986	-0.227810579837
ERASTIN	-0.00698924586533	0.857964946981	-3.11119039638	-2.69118297349	0.0556032863899	0.736755656524	-2.77304967225
HYDROCORTISONE-VALERATE	0.724246480125	-0.265141103537	-0.0903647568648	0.634294847067	0.500372242034	-0.0330913176752	1.12368738835
AMINOGLUTETHIMIDE	-0.172701116957	-0.231014268215	0.212457778949	0.100207194805	0.187796683889	-0.0904018171315	-0.319631559289
KI-16425	-0.473467358547	0.33022568579	-0.349771984219	0.0890161021983	-1.71211302463	1.75893074348	-1.65103607278
NARASIN	-0.632538478136	-3.37316506201	-3.5861811333	-2.20344313485	-4.15915540316	-2.06516265224	-2.49519181577
FADROZOLE	0.45035461879	-0.764928559843	-0.50232255512	-0.153862152207	0.430624378495	0.828862506678	-0.922121076164
EMETINE	-2.8222227064	-3.17599889519	-3.5262364115	-2.5996283993	-3.18752007222	-2.4851882181	-3.47853259846
L-CYSTEINESULFINIC-ACID	0.237269247087	0.68926539941	-0.0330687489315	-0.224091462925	-0.409252921502	0.415887090462	0.604727707459
ZALDARIDE	-0.368654292624	-1.49078676282	0.575884922459	0.765360096308	-1.08600260212	0.345232453549	1.0872688451
PROPAFENONE	0.243402999739	-0.225534247012	-0.445054687301	-0.552754309136	-0.926386863955	0.599226858472	0.651666707831
CHLORTHALIDONE	0.699283097601	-0.162239016503	0.22688693428	-0.200547099818	-0.407552667752	-0.772079519699	-0.231837374076
ERGONOVINE	-0.438017556093	-0.62898955036	0.0644337366228	-0.668928617748	-0.138340527816	0.709935967547	0.119659886661
FORMESTANE	0.391911731849	0.0129619374025	-0.124686552233	-0.182123984595	-0.401887487172	0.270202255847	-0.504989488055
SAQUINAVIR	-0.468011728113	-0.102891247286	0.0215983669965	0.410890023913	-0.304394284572	0.760219595598	-0.230859232823
NICARDIPINE	0.706364395041	0.0548395936216	-0.0811998032931	0.130439548889	-0.110768902156	0.343954447581	-0.964365778979
ISAMOLTANE	0.279888950337	-0.00622546284201	0.156100991339	0.113918304488	-0.287804787084	-0.0430892775503	0.295715742245
DIARYLPROPIONITRILE	-1.01338699117	0.643268139441	0.600752457329	0.908251663131	0.42661345825	1.25651401693	-0.472387013782
ATROPINE	0.641219346443	-0.0888491196208	0.184833745004	0.473566109369	0.200923338871	0.445980620551	1.12857236363
CYCLANDELATE	-0.45343723931	-0.579818560977	-0.447853467778	0.71008726621	-0.0501642475589	0.189913039642	0.279704181645
LESTAURTINIB	-2.48601980435	-3.37469171703	-5.52779385841	-3.01871228287	-3.11538506785	-3.30861188934	-4.25542100216
TOLPERISONE	0.0692076017456	-0.360191473205	-1.18088329532	-0.498445224092	-0.278950085556	-0.655347232276	-0.527678228291
ALEXIDINE	-1.73629245003	-2.28124870545	0.724360587938	-1.74250338141	-2.07404059592	1.03514011835	-4.01090222001
PREDNISOLONE	0.019121524752	-0.414060759482	0.0228231301858	0.395766471933		-0.38857016364	-1.00461886393
2-HYDROXYSACLOFEN	-0.316770665033	-0.631512350837	-0.0133294823209	-0.11032136131	0.0253079020002	0.597207467661	-1.00121355471
AROTINOLOL	-0.204745652036	0.473049382587	0.0229795835223	0.257461134599	-0.376288479568	-1.07390846499	-0.2097693655
SALINOMYCIN	-0.696198365046	-2.71622015438	-4.00652534325	-2.35146557201	-4.50330603034	-1.32277863518	-1.73091665164
SALINOMYCIN	-2.09621025601	-1.72015889556	0.279935909	-1.44170124373	-3.27281318065	-1.26066146557	-2.80622894143
AMINOMETHYLTRANSFERASE	0.383410461156	0.104201572016	-0.0406912690305	-0.628249001499	0.070979206705	0.707374991512	0.360901688108
MTPG	-0.217592159041	-0.292379129847	-0.159169229481	-0.626245658943	-0.736087596182	-0.22889250371	0.623936682101
PKI-179	-0.917238895005	-3.69217091205	-5.84594228809	-3.95111115991	-5.47200823866	-1.23979228396	-3.43146785224
SELEGILINE	0.338158819931	0.138438460059	-0.116789219606	0.137910276797	0.0150555355507	-0.202808882933	-0.375067933486
TETRAHYDROZOLINE	0.595625603607	0.421244778233	-0.0163047905669	0.428381289895	-0.383909912343	0.722482467439	0.313253203163
PROXYPHYLLINE	0.495306046844	-0.196009778211	0.0154184191537	0.527680682473	0.304921903931	-0.380719798275	0.23880661644
TRICHLORMETHIAZIDE	0.152066800046	0.148130244464	0.00862340244407	0.273344071273	-0.0540012619622	0.285039172675	-0.479559836338
CENTPROPAZINE	0.661441858384	-0.0344601391328	0.0263325044335	0.0284573374898	-0.0622185903815	0.228250879409	0.0232809563098
PUROMYCIN	-1.92397875666	-3.52571757542	-1.39034088931	-1.86860554538		1.15302661901	-3.29547448488
ETHISTERONE	0.403372298382	0.726324463853	-0.106334287339	0.969254320224	0.429472319024	-0.311946169888	0.547958907206
ACEBUTOLOL	0.144010148539	1.0010932941	-0.332070327952	-0.144966930236	-0.154974632767	-0.34304932662	-0.208649379876
CLORPRENALINE	-1.43342379416	-0.457820884128	-0.150247864339	-0.191778127112	-0.391195368555	0.655315727578	-0.758289336971
PCA-4248	0.215275886373	-0.165245825812	-0.101605160213	0.566839119816	0.451017803795	0.820804333918	0.386184398001
DROPROPIZINE	0.0993830988685	0.447004562497	0.0697912604201	0.508295045376	0.0515825290491	-0.0130556121917	0.218472282142
CARBINOXAMINE	-0.103494032118	-0.0704032510688	0.0152536257339	0.281491675593	0.545043036185	0.223135850938	0.801102189921
BICALUTAMIDE	0.25612965026	-0.229307256189	-0.142582140635	-0.21546312046	-0.595720420122	-0.206636212689	-0.26185828357
ACIFRAN	0.386865270352	-0.225477995277	-0.359293143681	0.0685884966498	-0.0505314208088	0.341194277446	0.0668291779313
ANISODAMINE	-0.534075979573	0.108084771123	0.359010512948	-0.115652026986	-0.7377249446	-1.02809126756	0.362158969016
NOMIFENSINE	0.376852450679	0.747910522444	-0.316974430557	-1.11621975799	0.110212089312	-0.832606248108	-0.106046379534
CARBENOXOLONE	-0.534946072711	-0.427290727529	-0.211890919104	-0.819263171314	-0.300898702142	-0.100875152964	-1.25556240926
CARBENOXOLONE	0.954304064923	0.0484762486773	-0.283097128103	-0.353779570054	0.59042454557	-0.679952147978	1.09586507135
17-HYDROXYPROGESTERONE-CAPROATE	-0.207493064203	0.0763118080055	0.0635198815388	0.0307964598201	0.277022019305	-0.900866412202	-0.996070438594
DISOPYRAMIDE	-0.229541210032	-0.159412882236	-0.0871798482879	0.050435894273	-0.355509482869	0.14628841876	-0.123398270634
ABT-202	0.945082365645	0.222464492469	0.199878766647	0.299321428066	0.0708357487722	-0.26628137303	1.3631063918
LORGLUMIDE	0.780134979371	0.62288268039	0.25127249866	-0.204287037875	-0.293829721232	-0.114967946806	-0.481370339245
PROXODOLOL	-0.0468724793119	-0.279703130858	-0.732824148644	-0.252225702181	-1.09574592793	0.420487397674	-0.198251521691
AMIKACIN	-0.925373168112	-0.03243773617	0.230670138616	0.121360249105	-0.178202563012	0.0494995821403	0.225403003894
ETHOTOIN	-0.596548231587	0.166357273059	0.223508329634	0.0589228219488	0.198214491575	0.5616253387	-0.623774526966
EDELFOSINE	0.609875996028	-0.261190398446	-0.1510958846	-0.153193341989	0.51912177148	0.473910791262	-0.51230722645
TILETAMINE	-0.362132616857	-0.577928282484	-0.390517835689	-0.402396219414		0.274025781038	0.910239575636
MR-16728	0.0230097982468	-0.105886076228	0.0136750298814	0.171002450902	-0.292864688234	0.701831497855	0.105002465184
LFM-A13	-0.679491567222	-0.451419647733	-0.04415524447	-0.350094616448	0.193577163707	-0.136412998707	-1.31655542586
DIPERODON	-0.0602438106584	-1.13885734494	-0.165545626596	-0.259148171947	0.310831002744	0.370218334107	-0.886842254382
GANGLIOSIDE-GM1	0.0445681442253	-0.545019852842	-0.268726059749	0.272944413288	0.0208586417438	0.520268579584	0.032029500636
FELODIPINE	0.469776847698	1.02416761104	0.587757246285	0.709803129977	0.312419042407	1.31579362691	0.839459689294
FLORFENICOL	-0.555283573099	-0.925407521078	-0.728956930736	-0.789303351892	-0.398538605455	0.616511643794	0.0422153562094
GDC-0834	0.0632852571152	0.368374682919	-0.14935785378	0.734019173374	-0.293180738282	0.618916751192	0.606703771197
MOZAVAPTAN	0.531952942718	-2.00275654642	0.321977698913	0.967593529377	0.501705044277	0.985156813297	1.35671637671
FLUOXETINE	0.026610233154	0.0208900888486	0.00899920515622	0.0871684177535	-0.14463652221	0.255501797597	-0.530731493747
MONOSTEARIN	-0.272965886596	0.0540467025491	0.177845259243	-0.805771637709	0.244046885021	-0.245514244763	-0.178569165975
METHOCARBAMOL	-0.134382987572	-0.188533641332		0.206653881603	0.0798663669171	0.370085993164	-0.149418767845
ISOFLURANE	-0.52662523771	-0.024006257676	0.0165331232445	-0.810427734953	0.204060504608	0.0827245595647	0.171433237023
PROCYCLIDINE	-0.223066744693	-0.504227481537	-0.116197046605	-0.291624635423		-0.305923440439	1.04087632216
MILTEFOSINE	0.475210722795	-0.272054958327	-0.362077334592	-0.353513800641	0.0156751979593	-1.17769961886	0.364750497855
ADENOSINE-TRIPHOSPHATE	-0.614985956283	0.471533329327	0.204595375756	0.29320946072	-0.124284020645	0.219349033746	-1.92490532483
METHIOPRIL	0.20702904346	0.00842252537206	-0.557099398952	-0.456673206497	-0.372136381299	-0.0890430396282	0.512685210208
VGX-1027	-0.184301120578	0.180924516146	-0.300973812555	-0.114353976544	-0.43473496347	0.0959060305798	-1.1723736335
TRANDOLAPRIL	0.303750768779	-0.546682897865	-0.134218389917	0.28751775275	-0.2289187311	-0.838711412276	0.935432037104
LETOSTEINE	0.077229414518	-0.800845752872	0.0079144328518	0.224733450537	-0.132126098571	0.362265514681	-0.211135170303
ACECLIDINE	0.182813600878	-0.0193011133463	-0.374163540068	0.263931502262	-0.441791164547	0.315008527367	0.128205092885
HEPTAMINOL	0.542140308165	-0.486792455534	-0.0665254068371	-0.651365383783	0.0439484077647	0.438752237194	-0.0590016254179
TIOCONAZOLE	0.364772377815	0.317161810934	-0.0861689594075	-0.368533154908	0.0375421559775	0.794747376654	0.779817717209
SOTALOL	0.213744895299	0.495503020218	-0.171376197069	0.355287100748	-0.252707101444	0.189351804078	-0.73453780431
OXFENDAZOLE	-0.511240142875	-0.627474399251	-0.0704722291972	-0.622728647658	-0.000948198584014	0.130565360301	0.556060383607
N-BENZYLNALTRINDOLE	-0.0509983114062	-0.173279298927	-0.0634701289699	0.15711481751	-0.228607743784	0.12902505914	-0.483322688134
ZIDOVUDINE	0.135111011055	0.537264117331	0.388458521964	0.345275578651	0.214523565668	0.992811641846	0.272912440573
FENTICONAZOLE	-0.719050974388	-0.409099686956	0.0985407617349	-0.416490743194	0.0950686438821	-0.0327527899723	-0.743122115316
METIXENE	0.788220397532	0.191438923224	-0.0668377845115	0.795810685213	-0.293482996307	0.589607074952	0.344365696096
SUPROFEN	0.285732457194	0.293871902553	0.372538106424	0.187142546239	0.183004167478	0.772342168524	-1.3378490582
SULOCTIDIL	-0.0553195877817	0.206798608049	-0.0142902044848	-0.0840452182763	-0.0355680804125	-0.56437612026	0.568791107016
ROLIPRAM	0.525790037038	0.192502385367	0.00142008145898	-0.0973011692083	-1.11057697352	0.518513899716	0.18311856022
SARPOGRELATE	0.625157188817	-0.749516088121	-0.273876729975	-0.969351847487	-0.0103152113564	-0.474187609201	-0.363623887598
AMPA-(RS)	0.0104481801559	-0.0552441548602	0.106239227915	0.527824125873	0.0539574035433	0.338092964932	0.853722498303
HOMOSALATE	-0.121521964605	-0.19595939425	-0.611473808677	0.519234257289	0.0216499969919	-0.490345933222	-0.328316952656
SPHINGOSYLPHOSPHORYLCHOLINE	0.984605606403	0.0282414753125	-0.389389448263	-0.0799122768419	0.348568523664	0.378178479383	0.294066130117
TENIPOSIDE	-2.51114193415	-3.98070603971	-5.36319847416	-3.49916756209	-5.46045426774	-2.20097294871	-2.7312187607
CGP-37157	-0.611966404018	-0.490218444351	-0.188272989366	0.919074708835	-0.149302271056	0.534338161893	0.54432040031
TROVENTOL	-0.864924480703	-0.725509785883	-0.0413433417873	0.538053934689	-0.662625147662	0.112194335952	-0.842021235849
PREGNENOLONE-SUCCINATE	0.41587772111	0.533414362212	0.269306800245	-0.0696515960935	0.450525369021	0.307197029589	-1.06543030394
MEGESTROL-ACETATE	1.01409760799	-0.274450733417	0.202492072985	0.316135071285	0.509681497213	0.978056522154	0.0774335141616
AMCINONIDE	0.648294366535	-0.892830747583	-0.0809924522486	0.870349321502	0.445611183699	-0.329834302994	0.795662916967
BRUCEANTIN	-1.70857381179	-3.21733836204	-5.67599303213	-3.82353301142	-3.22807281144	-3.10182974854	-3.42859292925
REMACEMIDE	-0.151765175305	-0.21398933917	-0.103751738081	0.260317774164	-0.372284051756	-0.0542134160027	-0.896183336741
SULFINPYRAZONE	0.541268086498	0.537954569528	-0.0664179604061	0.400258874233	0.430317865027	-0.392268815562	-0.0345579771543
BUPHENINE	-1.09650238893	-1.18102029273	-2.59352929837	-1.0380659832		-1.32276891027	-1.73109255701
NECROSTATIN-1	-0.00520067104556	0.218770320718	-0.388610755456	0.315570922946	-0.0383927109299	0.364760950846	0.111614771919
OPROZOMIB	-0.427339233119	-3.97134151508	-5.8286767486	-3.14318934206	-5.73491829325	-2.93010827807	-3.80348422305
COLISTIN-B-SULFATE	-1.08138038525	-0.129360609179	0.323039237622	0.664489556556		-0.259719088046	-0.0785277335138
AMFEPRAMONE	-0.589295516573	-0.450293391938	-0.2040810433	-0.108728823763	-0.470251460343	0.330782732	0.300207030429
BRL-52537	-0.52131499132	0.0207098212794	-0.128930591117	-0.588243611133	-0.0681713545251	-0.856306568939	-1.30493280522
AMOROLFINE	-0.436427400763	0.104804376693	-0.198426798941	0.0902217105875	-0.819760218498	-0.918780789956	-0.550743559885
TULOBUTEROL	-0.300675561035	0.242775216317	-0.134277414236	-0.0984554377919	-0.121131111972	-0.427010463714	0.118970768164
IOCETAMIC-ACID	0.149647969044	0.161212659099	-0.135845356385	-0.0260817978291	0.0584671446914	-0.123133441627	0.0443500494866
SB-203580	0.762796824412	0.315384366236	0.0846198284758	-0.386271643591	-0.468753055822	0.161326268291	0.674129675073
GLAFENINE	0.840358170655	0.0831437889103	0.389121005672	-0.80733041262	-0.363926228108	-0.285393543604	0.00849291451492
METENKEPHALIN	0.258374364296	-0.205587294126	-0.0894095754328	-0.38799548179	0.0901115458286	-0.755410720729	0.647979599427
KETOCONAZOLE	-0.410228949941	0.410344915443	-0.276393816511	0.596822994968	-1.26577224453	-1.77409907143	0.19636953925
TIMONACIC	0.0370854638107	-0.141200373903	-0.136407809173	-0.302443210378	0.131612011769	0.0127205449922	-0.286205482252
KU14R	0.484142172172	0.53826536574	0.116773587108	0.154296303449	0.337612382719	0.691288317821	0.523219064684
MOSAPRIDE	0.682436180985	0.854559103972	0.180006828053	0.059977358503	0.366040040154	0.572204499214	1.06842513988
METHOXAMINE	0.639422418465	-0.00529988287244	-0.00248362103921	0.246765768152	0.210214007014	0.309475313744	0.570643915074
CHLORPHENSIN-CARBAMATE	-0.435264586728	-0.153611561532	0.441613172804	-0.728417275941	0.227821226291	0.683165878199	-0.0132831400135
DCPIB	0.168834071624	-0.16658163145	-0.198929270438	-0.183196044284	-0.0461120929125	-0.132387801719	0.127864664634
RABEPRAZOLE	0.471701077703	0.341100651507	0.0711994876273	0.192096307934	0.0475617097063	1.33223274127	-0.0222990494832
HYDROXYPROGESTERONE	0.517052777157	-0.0227848977193	0.176591874505	-0.0622016887831	0.358827264839	0.225282664005	1.26384792419
TEROXIRONE	-0.173244707054	-1.3201082006	1.07265941536	0.926141375111	-1.93324085794	0.875603137222	-1.18346781308
CGP-12177	0.826723813722	1.13263548224	-0.468552767073	-0.167003814991	-0.149149097344	0.512178046034	0.574816773344
NTNCB	0.292896236528	0.00915100498581	0.0499356478413	0.98917824855	0.38521180714	0.104241132224	0.654359360137
KETOROLAC	0.498502597668	-0.373840775798	-0.25745333545	0.302630066642	0.485931315342	-0.0109641704391	-0.541690034585
AMINOHYDROXYBUTYRIC-ACID	0.339299991258	0.799688555661	0.133633985736	0.528344308418	0.507160770253	0.296022538333	-0.444167175121
GEMIFLOXACIN	-0.489275361407	0.652370263743	-0.459019805693	-0.376698093449	-0.362355480699	-0.675191385552	0.230694575384
IBUPROXAM	0.991994845957	0.168798364591	0.451935609606	1.28804386929	0.520806266779	0.484708639798	0.937981623787
CYCLOPENTHIAZIDE	-0.514261948557	-0.673264335112	-0.845474817759	-1.04984828927	-0.31741289138	-1.52985460946	-1.18843740605
PRACTOLOL	-0.150337819837	0.375512772591	-0.490698288865	-0.185512954495	-0.135347673696	0.656607401355	-1.10020527576
BORNYL-ACETATE	-0.042917988954	-0.707197299552	-0.214111006003	-0.247360123291	-0.698779334053	0.399326091855	0.18951131145
TOSUFLOXACIN	0.696798297358	0.0250379707721	0.101458704658	0.324625657455	0.0617097389454	0.33590414778	0.593327269365
PK-11195	-0.69009206636	0.640910297785	-0.131488460191	0.0724107486546	-0.2185892604	0.483336929049	-0.0876915838372
TGX-221	0.101700342229	0.60036797218	-0.605016351076	-0.309074119515	-0.0690316484139	-0.299950764267	0.362147981319
BILOBALIDE	0.145882890295	1.13662603411	0.172933504708	-0.484971693193	-0.0289116432349	0.13081499622	0.349728897151
ALGESTONE-ACETOPHENIDE	-0.387957614126	0.316316598028	-0.233827061118	0.618678145745	-0.0569588509557	0.216871688626	-0.197893206764
BRUCINE	0.190019947664	0.00145141672008	0.258947070416	0.307605521559	-0.155878163135	0.365468750895	-0.281062080279
CARTEOLOL	-0.0902731766071	0.299257249899	-0.318646484188	-0.603736603834	-0.0811844449574	0.222339411607	-0.547232196165
TENATOPRAZOLE	0.312075017043	0.336337808899	0.14458350779	0.282573884677	-0.126894127361	0.249709897846	0.450352762224
L-152804	0.40537442189	0.0656575914731	0.164675423166	0.517291740659	-0.0193935467306	-0.0960020120305	0.0585345779221
CETIRIZINE	0.518595353481	-0.511977032	-0.14053929274	-0.246228629484	0.258534003056	0.0448997246026	0.484248158465
IOPANIC-ACID	0.101326123399	-0.499211554072	0.351250514717	-0.302624814613		-0.139543101328	-0.157655968581
TERIFLUNOMIDE	-0.259077139185	-0.670847595897	-0.589191014418	-0.972510444407	-0.1200668149	-0.235459408956	0.0493253172542
TERIFLUNOMIDE	-0.194847965745	-0.290113175002	-0.505877305976	-0.784297631439		-0.805780194221	-0.156602452213
MELENGESTROL-ACETATE	0.925064006468	-0.30789147297	-0.130253672445	0.562241845513	0.256002881112	-0.431731002661	0.335235444337
ORNIDAZOLE	-0.0185205403883	-0.62630185113	-1.53302630271	-0.314800226163	-1.39632270613	-0.551083482315	-0.405875734668
LINALOOL	-0.510360884839	0.452896749819	-0.732211653038	-0.746446877122	0.22112930053	0.105212244258	-0.0712338465903
LOXOPROFEN	0.160194450483	0.213936773017	-0.210385669572	-0.344234206563	0.0391120730278	0.345409557987	0.212945491098
LOXOPROFEN	0.148609180103	0.00239273373067	-0.0590849986531	-0.177265782361	0.0141366700185	-0.194804673698	-0.297413850343
MERCAPTOSUCCINIC-ACID	0.209223257966	-0.502237625106	0.107712313004	-0.33028558738	-0.465288966038	0.114872845945	1.09401714748
3-ALPHA-HYDROXY-5-BETA-ANDROSTAN-17-ONE	-0.300100405531	0.848537611551	-0.0879124900383	0.280624745978	-0.200500542488	0.14648295295	0.330800917559
OXPRENOLOL	-0.0350173782226	-0.024398327894	0.157437295625	0.21143362791	0.27098891932	-0.0220882383666	0.620898986003
CLOBUTINOL	-0.0050256453449	0.540588572846	-0.248299278216	-0.0480402153063	0.208468330575	-0.299924111673	-0.831495415777
PINACIDIL	-0.511919066257	0.0713721591137	-0.0304622442758	0.126096657328	0.704405041622	-0.413042668991	0.65427053335
SID-7969543	0.808269889274		-0.26991719266	0.188144546789	0.256389461165	0.454624465224	-0.576758837777
L-368899	0.0658304840032	0.181304974921	-0.0365407795883	0.342225944988	-0.422628990557	0.495563203028	0.181468189289
HOMATROPINE-METHYLBROMIDE	0.360329482562	-0.381137745117	0.165443792775	-0.191516493754	-0.0273908308315	-0.340557978317	0.496902846413
DOXYLAMINE	1.09823826653	0.190068077717	0.00498216422834	0.573380607572	0.55314750171	0.186667056101	-0.707805090059
INDOPROFEN	-0.28984688811	-0.616061343319	-0.334676526503	0.821509928713	-0.103059030753	-0.437492749224	-0.106085748937
AZASETRON	0.364125281431	0.108452363041	-0.360627900729	-0.0877918455795	-0.316865508943	0.994730420246	0.106123077504
PENTOBARBITAL	0.18969082413	0.0748250819494	-0.0163976319646	-0.28476952129	0.269969770518	0.171077876136	-0.137896190658
FLI-06	0.483096721579	-3.1741703651	0.644834309047	-1.48566430707	-0.333676251946	1.21086057625	-0.099519152634
ACETYL-11-KETO-BETA-BOSWELLIC-ACID	0.840598391572	-0.325015551613	-0.0681518989908	-0.356295498064	0.32659200436	-0.253569682249	-0.452954473518
PROGLUMIDE	-1.33383585621	0.389013537551	-0.240175204684	-0.547371397575	0.389406156721	0.551272062746	-1.15252371358
CEPHALOSPORIN-C-ZN	-0.0278585556894	0.0379466375952	-0.176516841716	-0.183161595794	0.426525711446	-0.741749171606	-0.354301324562
METHYLPREDNISOLONE-SODIUM-SUCCINATE	0.715297871369	0.067102861592	0.0787502204518	0.98278996715	0.336730117666	0.112424801056	1.22733974109
SALUBRINAL	-0.250206141608	-0.833103334501	-0.702688900406	-0.0797946137213	0.0454758304977	-0.5487827402	0.0306156989146
BIMATOPROST	-0.239572171951	0.652929011797	-0.138950051964	0.230887331064	-0.303100876015	-0.160826233265	-1.3155184625
WYE-125132	-2.12725205941	-2.28821049171	-2.75307928728	-2.93865034637	-2.91210063998	-2.58266981568	-3.26831365576
METRIZAMIDE	-0.0734269997327	0.0796652620081	-0.338442823252	-0.243205510894	-0.00327929613884	0.294775471667	0.443890669871
SAL003	0.500063717515	-0.0579517133428	0.0360804589642	0.274468390685	0.333052081102	0.152823715751	-0.161015113803
MEPACRINE	0.19668215689	0.955484168853	0.510795313843	0.514172247379	0.287138223881	1.69604756519	-1.28376723718
K-MAP	-0.520205158134	0.512204156259	0.184898842138	-0.575707177763	0.154063364494	0.182845392426	0.530094887618
CLIDINIUM	-0.135595283824	0.377241917964	0.194490461394	0.394939660002	0.178544858823	-0.31693398453	0.860793720096
DOXAPRAM	0.319629319445	0.360982538252	0.184523541674	0.703743139513	-0.0639304196216	-0.850863122641	-0.725122705871
HYDROCORTISONE-PHOSPHATE	0.819735667115	0.0947406448381	-0.267890000477	1.32235473354	0.0922142626921	-0.209143022451	0.201999300866
TETRAMISOLE	0.181223901753	0.292085755113	-0.144398170272	-0.0213776556549	0.0141154789769	1.0695740489	-0.57644221586
AZLOCILLIN	0.240983695183	-0.168783682887	0.0750068971601	-0.32542357509	0.455342275642	-0.679250875505	-0.771472548636
IODODEXETIMIDE	0.125084244131	0.0939062582184	-0.0996590569165	-0.656543105901	-0.4603150745	-0.63815949147	-1.65149889742
LEVOBUNOLOL-(+/-)	-0.94381507921	0.337896608421	-0.299576141325	-0.158918203357	-0.750753367093	-0.377504199184	-0.926753349748
NALTRINDOLE	0.0793001120346	-0.0798794764997	-0.0409953526013	0.282662059629	-0.196019479779	0.881188453307	-1.74221330841
SK&F-10047-(+)	0.378587770528	0.0309570307346	-0.0292972893642	0.0157049336908	0.0522186204809	-0.703917157353	-0.193850611575
IPRATROPIUM	0.50137027163	-0.560810173236	0.110748404051	-0.995120735309	-0.141971606094	-1.02289812169	0.914569051466
DIPIVEFRINE	0.0102394239955	0.539674931057	0.406203094493	0.500966494393	0.250206310309	1.32378745511	0.331429757721
CITALOPRAM	0.240768713769	0.0163263690196	0.066296158851	0.287696575994	-0.0695894251078	0.486683974654	0.256983002641
BUTHIONINE-SULFOXIMINE	-0.453136847247	0.199671419232	0.153501217409	-0.43502238388	0.0926659770566	0.406783634038	0.118107271066
BALOFLOXACIN	-1.07049537846	0.0949316137551	-0.237131998741	-0.286668109737	0.0578317609376	-0.479807217432	-1.24159707327
CYANOPINDOLOL	1.10220785415	-0.0819981568572	-0.106369302858	-0.0308014028234	0.347381105375	0.14618840608	0.669897630638
ECAMSULE-TRIETHANOLAMINE	-0.863085673419	-2.77239504735	-4.0393667964	-0.712544741072		0.0829901136332	-1.94781801865
8-HYDROXY-DPAT	-0.347549591508	-0.605164062524	-0.176195245012	-0.26940442041	-0.112805690356	0.00134579703775	0.0610875598134
TRIHEXYPHENIDYL	0.092098291401	0.200235470067	0.239860645488	0.60711233221	-0.111332547827	0.841414495363	-0.632860199095
MITOMYCIN-C	0.374925725299	-3.28431754517	-0.00913137188935	-0.917376553284	-4.32185778819	-3.98983459537	-4.15324080054
ARGATROBAN	0.103761936579	-0.833825922599	-0.390102056643	-0.415731191719		-0.608597023418	0.305350313165
AJMALINE	-0.816828878499	-0.728928065765	-0.616203141705	-0.903267522411	-1.23641130658	-0.828740642832	-0.910981483837
PIOGLITAZONE	0.714917070244	0.413936273465	-0.335767588205	0.744428759358	-0.164157960575	0.179447820827	0.512062149267
TESTOSTERONE-PROPIONATE	0.0609825819687	-0.332393294762	-0.0946653468635	-0.0577188127183	-0.100901554502	0.16993127763	-0.887831200327
METHACYCLINE	1.00883355913	-0.56794292991	-0.779864080332	0.268824759107	-0.289084069737	0.0241553813438	-0.502179683872
METHACYCLINE	-0.977244515381	0.208448825724	-0.0653565968083	0.111872877999	-0.201508784318	0.629144257666	-0.122216895783
SKF-89976A	-0.220908282612	0.158795517725	-0.135897179621	-0.955082020226	-0.512835133078	-0.143621467869	-1.2676688257
DONEPEZIL	0.409679018893	0.068064406156	0.0734442338689	0.185732098521	0.499387495138	-0.315605161647	-0.588565299304
LANSOPRAZOLE	0.261687777665	-0.461285195357	-0.061520522084	0.397023211259	0.171654768425	-0.815491132218	-0.57975063037
ALIMEMAZINE	1.04739171325	0.267714093557	-0.0653493521428	0.324815278993	0.252726498488	-0.315351390399	0.37739902955
CIPROFIBRATE	0.516982807701	0.411014245781	-0.723249498682	0.575179116338	0.50475598847	-0.235983168436	0.277358499429
DESMOPRESSIN-ACETATE	-0.146358424768	-0.301521663053	-0.760203764806	-0.55292859393	-0.454293983718	-0.0760637861167	-1.90675396744
DESOXIMETASONE	0.910791516806	0.132163183682	0.193978865483	0.508014345864	0.558157507656	0.306901374712	-0.154544156051
AC-7954-(+/-)	-0.279389027945	-0.542758025212	0.0156876568195	-0.0590177751576	-0.0792622056348	-0.632675962971	-0.896087618747
FAROPENEM	0.77370103707	-0.0570320290859	-0.33093907292	-0.306110738961	-0.418181384943	-0.284575187616	-0.684283431724
FLUDROXYCORTIDE	-0.496383672296	-0.102161883528	-0.274240119438	0.773088731691	0.391423887628	-0.833899201403	0.465669546742
PHENPROCOUMON	0.0938128941623	-0.282957917835	0.0217768115809	-0.301816453654	0.403961013339	0.391918241368	0.576182063784
SCOPOLAMINE-N-OXIDE	0.567295389739	0.213263711835	-0.36182431236	-0.464143696595	-0.274368811569	0.741794624625	-0.0242501673158
TCS2002	-0.329495607624	0.321029238694	0.0445029828974	-0.420974648427	0.144784963979	0.964151239986	0.269541153425
OXAZEPAM	-0.328520919365	-0.228190486751	0.301283351236	0.172147567261	0.493670450613	0.37625147998	0.653336230197
FLUMETHASONE-PIVALATE	0.231013419698	-1.25982586145	-0.328317990061	0.565189513981	0.362061913972	-0.71647020782	0.151750866233
TERBUTALINE	-0.48534901437	-1.03392409465	-1.88957344571	-1.26910697502	-1.29554126487	-0.774754077272	-1.37734394257
MECLIZINE	-0.347280329373	-0.4571504457	-0.303169804495	-0.0198681307555	0.121377341025	-0.153965066815	0.436159524539
FIPRONIL	0.510161607949	0.0626345234091	-0.297423347415	-0.0589241883277	-0.385381294952	-0.760217400054	0.050004362753
FENOLDOPAM	0.184532110102	-0.21573079493	-0.103472281903	0.43662989338	0.0158673297461	0.37402753464	-0.915605863621
CGK-733	0.148172521789	-0.020915100612	-0.0898265217734	0.408479740531	0.101070841174	-0.271075412649	-0.0394844559384
MDL-73005EF	-0.0459314679932	-0.0977797433611	0.15073569161	0.196291135929	-0.112800867763	0.0907958835043	0.34934168185
VALGANCICLOVIR	0.157571801662	0.3104593967	-0.181412976288	0.993449582211	-0.384422541935	1.05943907294	1.1487950318
PALOMID-529	-0.227869797553	-0.989472592299	0.0173055703891	0.682320525376	0.312602596599	1.27931332334	1.09732676223
DICLOFENSINE	0.656755817349	0.0455118446928	0.0975114784572	0.341213835601	0.16433997057	0.87305380992	-0.474490660005
NEBRACETAM	-0.232724310099	-1.11727501555	-0.0127622453231	-0.277981412202	-0.700999780704	-0.564114490657	-0.433098987273
FOSINOPRIL	-0.0932843249714	0.665905858896	0.254347763978	0.49486169173	0.257132494871	0.491610607617	0.135642396067
2-OCTYLDODECAN-1-OL	-0.118394798273	0.241857252325	-0.0431255029632	-0.057348070864	-0.0939766197961	0.526534358028	-0.584743786956
HYPOESTOXIDE	1.46768414026	0.202329478512	-0.581053427949	0.0508754767564	0.116496004693	1.50806551124	0.156261666978
3-CPMT	-0.466658491672	0.824783564282	0.100017601161	-0.377101832223	-0.298695264045	0.127379161379	-0.489014488358
VENLAFAXINE	-0.457618443105	-0.300034268723	0.077908098359	-0.13532175142		-0.448213031003	-0.23432563787
MOPROLOL	-0.355476701727	0.202721492903	-0.00124201584655	0.333629675638	0.304355170669	0.34944859314	-0.0757444119474
ECONAZOLE	-0.313975484957	-0.168004341495	0.107031867361	0.511544823231	0.409908180937	0.325330851148	-0.387241209764
BRL-15572	0.0862823691481	-0.261373324227	0.346611919537	0.314951705352	-0.0342695325926	-0.0532809988193	-0.0140968275398
ENFLURANE	0.393111554141	0.640585892062	-0.166695761846	-0.403068582909	0.186953243328	0.281006149659	0.646734853235
HALOFANTRINE	0.872797603921	-1.27048905441	-0.278623291115	-1.72891256703	-0.756009936916	-0.748681385475	-0.917399026983
METHYLATROPINE-NITRATE	0.260048491288	-0.371989788134	0.212801176463	0.267590936458	0.375115004936	-0.194011910175	0.589919497829
SKF-83566	-0.281333924744	0.539791857224	0.0138578687588	0.2362217831	0.0571583503585	-0.232200079356	0.0115590180118
TETRINDOLE	0.390795880935	0.849883005966	-0.114032805449	0.680032229731		0.135685250485	-0.805947709268
GALLOPAMIL	0.675429669092	0.0147878683433	0.03401365968	-0.0164141857112	-0.451062280072	0.942889236522	-0.00826696571883
BTZ043-RACEMATE	-0.144720204834	-0.209067115933	0.436163579865	0.00442901227428	0.477424474996	-0.508232456447	-0.430758262838
2-FLUORO-2-DEOXY-D-GALACTOSE	0.509464120523	0.590614180918	-0.124374189276	0.204268634018	0.0625195581763	0.872592046517	0.655162161129
RO-106-9920	-0.717568827243	-1.15693164699	0.0613985933819	-0.362064599397	-0.32598624753	-0.285891332722	-1.71528594618
PREDNISOLONE-TEBUTATE	0.844744935715	0.0507070938004	0.0587255017124	0.49268207255	0.437420889879	0.0879522282861	0.907322495733
NEO-GILURYTMAL	-0.534256382455	0.333390825418	-0.151111856991	-0.752330106583	-0.189302194015	-0.260290305172	0.672602458994
PIPENZOLATE	0.108821460792	-0.125738131957	0.152954708432	0.0584257132502	0.283204525522	0.968807798682	0.594340700176
ANECORTAVE-ACETATE	-0.0586305841652	-0.323510624491	0.0928631122654	0.343516747517	0.277329129517	0.101829979955	0.812957651243
ORPHENADRINE	-0.123775218473	0.293598682722	-0.0495937848384	-0.0218750980064	-1.17760018055	-0.590649272463	0.190275530974
PGL5001	-1.01877462578	-0.554794727863	-0.198418535963	0.161662901442	0.0593789051913	-0.791882771556	-0.62708007246
BUTYLSCOPOLAMINE-BROMIDE	-0.256017407749	0.0515631465256	-0.536937548993	0.0444125622877	-0.235212508863	-0.595852955765	-2.2791413014
PRILOCAINE	-0.00917810025759	-0.490910864953	0.244458009351	0.675536248477	-0.139517275757	0.128539255437	-0.0708082610275
EPHEDRINE-(RACEMIC)	0.881699706768	0.342059504095	-0.120992592318	-0.285219125898	0.284605772674	0.25811310416	-0.234901543357
LANOCONAZOLE	-0.724498312768	-0.836791948675	-0.612439660692	-0.557379133252	-2.61143925749	0.14458236474	-0.971554047785
PIRLINDOLE	0.290554442011	0.167692303043	-0.0767156927649	-0.0305253252564	-0.208928598204	0.00586232893814	0.393734913683
KF-38789	0.492712573466	-3.48683132579	-1.22852499088	-0.89791175336	-4.66574943333	-0.140197901687	-2.09744856473
SULPIRIDE	-0.0151228709795	0.0662820606689	0.0167863400794	0.420358034893	0.0617294770944	0.411814265079	-0.231882185538
SULPIRIDE	0.425611038984	-0.0206977382124	0.197696557543	-0.121317987865	0.356208863387	0.582830629797	1.17836798722
K-STROPHANTHIDIN	1.33786313494	-2.25770837939	0.410432313418	1.98686226404	-0.455220377262	1.51763136638	-2.5192836575
TESTOSTERONE	-0.447979088375	-0.0433366425499	-0.0829126423635	-0.141267935371	-0.516151002756	0.511506268219	-0.247661052299
METHOTREXATE	-0.326766691132	-2.3511279106	-0.784115421947	-1.05883980064	-2.61985840257	-2.59922150264	-3.9789560705
2-ETHYL-1,3-HEXANEDIOL	0.662234698325	0.249120964579	-0.0667900275608	-0.108335293705	-0.0364848865815	0.715881225855	-0.080303344796
3-(4-METHYLBENZYLIDENE)CAMPHOR	-0.525233956244	-0.652513270001	-0.315540568677	-0.173538848554	0.114841569364	0.95336344254	-0.803010223409
MEPHENESIN	-0.368716024852	-0.129924858413	-0.251689268417	-0.0583192113459	0.120107127982	-0.363734919515	-0.552167846338
BNTX	0.0500681973629	-1.73322429329	-3.5980968402	-1.28274770409	-4.36162087305	-0.227332120491	-1.21943785491
SODIUM-TETRADECYL-SULFATE	-0.596921823912	-0.18206332695	-0.422826364335	0.239503441787	-0.0544568763917	-0.796340198139	0.344166081948
PRIMAQUINE	-0.898157712301	-1.06277278134	0.102748983464	-0.728141320787	0.125435811779	0.434999425858	0.00595884513692
OMEPRAZOLE	0.32350460766	-0.487006527668	-0.119894037542	-0.411211769637	-0.155860070421	-1.3713079374	0.180310778445
LGX818	1.2305753822	-0.0896829958924	-1.48389285526	-0.591117209823	0.04254316218	0.549464010742	-2.51435124317
DIMERCAPROL	-0.205623949726	-0.49126286438	-0.0781580832146	-0.278653571469	0.15885789172	-0.0577989453864	-1.14675014941
ZILEUTON	0.198651263383	-0.180013465298	-0.161452648109	0.441071493744	0.0767620192013	0.153356033776	0.809970145817
AGI-5198	0.234479496859	0.506101694544	-0.428912808158	-0.285453353743	0.219150679471	-0.332810326026	0.342600957619
PX-12	0.986856631354	-0.0966095072593	0.127579479029	-0.480646339098	-0.222450114515	0.127520559392	-0.0707890991623
ALTHIAZIDE	0.145612326054	-0.605707596582	0.0508418409696	-0.76356482145	-0.210438431736	-0.530494775327	-0.246181770246
CEFADROXIL	0.266246771247	0.33327401957	-0.284793538041	0.15630285381	0.354779039697	0.598086122302	0.132737279222
SQ-22536	0.0110468637287	-0.131981223998	-0.160187520225	-0.267848183614	0.0281259605752	0.0140630447724	0.129219802557
CHLORCYCLIZINE	0.106424436913	-0.511507863049	-0.270312972508	-0.161875751227	-0.411066513727	-0.707392543112	-1.35146947859
PIROXICAM	0.504054110256	-1.04407758012	-0.822707733647	-0.769530892637	-1.06783624904	-0.0627408237182	-1.01369951708
METHSUXIMIDE	0.605155704777	0.462469688216	-0.351303509351	0.0714015243854	0.169048338124	1.44257457019	0.118350030426
PD-318088	0.170416733632	0.710966505386	-2.98283417344	-2.36478571274	0.0608505607766	-0.559363863585	-1.91662060991
BICUCULLINE-METHOCHLORIDE-(-)	0.828276389927	0.426780541855	0.482954923197	-0.0623558521573	0.223529981195	0.159665437669	0.720188635473
OXYMATRINE	0.379042421132	-1.24213809823	-0.421538963506	-1.74174991112	-0.128369067701	0.781577251194	-0.250830729219
GOLGICIDE-A	0.0816937186395	0.530491760091	0.219313438872	-2.33243772749	0.157655506913	0.0932292402126	-0.362930986526
HYDRASTININE	-0.434147046707	0.120674819445	-0.100038896806	0.22967180988	-0.34001784136	-0.0616475845234	-0.858307049177
CITIOLONE	0.176548113892	0.423015023373	0.0127103309274	0.261255943342	-0.368548141338	0.555731709693	0.797788948707
NIMODIPINE	0.262724156492	-0.558168863708	0.169851442158	-0.581523771291	0.253491852057	0.164133620724	-0.312706721583
OXYPHENCYCLIMINE	-0.964492795072	-2.83113061275	-1.90920866894	-1.45968764514		-1.08815255156	-2.62249579034
SELAMECTIN	0.245863941102	0.18151398079	-0.626891564282	0.157360157846	0.092350213504	0.461550502739	-0.0888115084418
SULFORAPHANE	-0.598221461417	-0.144313948895	0.0964265740675	0.039248917349	0.0866694492975	0.180956014506	-0.527005102146
GINKGOLIDE-B	0.145664390759	-0.0210586206281	-0.0143052668226	0.0357096247118		-0.249350416837	0.071886412617
RITODRINE	0.154855157661	0.217734785732	-0.251564445414	-0.0196626825926	-0.0982405823307	-0.739988122868	0.791989498912
VILOXAZINE	-0.343033286766	0.0365757864241	0.1638334586	0.0215093965951	0.177721202133	0.211511083629	0.121821786245
QUINETHAZONE	0.703226529951	-0.530354779865	-0.590220858618	-0.610915211909		-0.655608239585	0.56864264718
XAMOTEROL	0.0973836851377	0.566976747819	-0.0987214756527	0.111427789054	0.467271500694	0.234441499252	-0.033254275289
DEXPANTHENOL	0.382536039803	-0.517666944263	-0.0335452828121	-0.666129345349	-0.0584512965785	-0.371207456092	0.670643230155
PHCCC	-0.0456144678909	-0.197489834216	0.26819594732	0.0391817112581	-0.71093220829	0.850490793635	0.18251732854
AMISULPRIDE	-0.558008565167	-1.24427281587	-1.56787971025	-0.905867327515	-1.56013663094	-2.15425677801	-1.80086832409
IOHEXOL	-0.33826558666	-0.380402510834	-0.526573983432	-0.208413623697	-0.251217609783	-0.589939841201	-0.238559741503
8-HYDROXY-PIPAT	0.0911643684768	0.183038859434	0.311034747864	0.0559450979308	0.073617980729	0.378336823465	-0.398632758721
SODIUM-STIBOGLUCONATE	-0.646901933066	-0.370461464699	-0.190643343398	0.0565609101797	-0.13507964065	-0.25801346233	-0.737154614049
GLICLAZIDE	0.463946196885	0.142946824787	-0.0335814801967	-0.405507209863	0.420082378933	1.09291219306	-0.523767578743
BENSERAZIDE	0.609613819838	0.486911961217	0.251357218503	-0.0766290327886	-0.0169083268371	-0.510653223647	-0.0670413947591
MEDROXYPROGESTERONE-ACETATE	0.400044136825	-0.502031362359	-0.0749326962669	0.196068489741	0.0344997356852	0.0849563788898	-0.216788759541
ELIPRODIL	0.43404582925	0.964789272363	-0.0154151895656	0.722361390647	-0.256322360544	0.384047129684	0.260585865297
CLIMBAZOLE	0.0462024518329	-0.127642529678	-0.176677260512	-0.231183064315	-0.0320958023628	0.291125248247	-0.97184710279
METOLAZONE	0.00761284065158	0.533402481074	0.317200809415	0.876432609574	0.667551339713	0.758664554543	0.537699751722
ALPHA-TOCHOPHERYL-ACETATE	-0.454582161672	0.277312601713	-0.32045007433	0.427052345972	0.275682915303	-0.0146779914626	0.201938208775
WAY-161503	0.387593659104	0.598898362605	-0.316517115525	0.211478180053	0.13423432752	0.104048638367	-0.429587286828
MDL-11939	-0.0623714007588	0.162201094501	-0.27689719487	0.133923726832	0.117912293891	0.969552303691	-0.412039058361
SIGUAZODAN	-0.492655463822	0.0152125717358	-0.426772566888	-0.218364745755	-0.768504416299	0.230332481845	0.0866267010545
ZM-226600	-0.090267230163	0.431402474913	0.0958300021987	-0.976717827569	-0.153110826655	-0.135406684071	0.666639376846
MEPENZOLATE	0.732059366734	0.4122831647	0.0132432274425	-0.117504851971	-0.185314238355	0.360538878039	-0.0412086837032
HYDROXYZINE	0.67291306653	0.257708799401	0.175307756908	0.0925730239943	0.164956245213	0.448299308764	-0.000830328431306
CORTISONE	0.242381877208	-0.0189622794779	-0.028657317786	0.0376042147382	-0.186660260943	-0.834406975975	-0.194595543378
MIGLITOL	-0.0815932539748	-0.0547591876391	-0.32576649559	0.46118713291	0.059180259713	-0.250422876256	-0.0361083756426
ME0328	0.206910784155	0.101448506242	0.491026213942	0.340360363394	-0.384807362058	0.106123496951	0.185149850547
RO-04-5595	-0.986701008274	0.494748794807	0.594903614393	0.104903765492	0.158913184237	0.702221428763	0.3029573222
BRIVUDINE	0.204501338955	0.195933810537	0.0766065241068	0.237454314621	0.471678566861	-0.168003196088	0.762701678437
FIDARESTAT	-0.205244567913	-0.156161136976	-0.274709122388	-0.719423857893	-0.371803850241	-0.741771655791	-0.775571331429
HYPERIN	0.509593170728	0.370694578863	0.0184071794445	-0.082117060468	-0.46223383591	0.0257536048006	0.479138490819
ANDROSTENONE	-0.223240163828	-0.642590713784	-0.450042035655	-0.453182730229	-0.393349335825	-0.113818734946	-0.456198434531
SANGIVAMYCIN	-3.23716896326	-3.73930695947	-2.25973439399	-3.17802990578	-3.73161680602	-1.90639224317	-4.01287983895
MEXILETINE	-0.00913339808718	-0.220545909754	-0.82441972649	-0.23299854761		0.0376158784607	-0.498722816438
DEHYDROCHOLATE	0.658229831993	0.322554898858	-0.254221285678	0.128778069698	0.837011329165	0.361600517864	-0.429890125041
SKF-77434	-0.353609440493	-0.296784780958	-0.10986855179	0.454570283441	0.0119078049794	-0.294392245345	-0.477751517228
LANATOSIDE-C	-2.92740244111	-2.93976409498	-5.80324977598	-3.74796036765	-2.30387023562	-4.10918211015	-3.05837715339
TIMOFIBRATE	1.08806598447	-0.360970834464	-0.624753981771	-0.21343472544	-0.439543159202	0.6895308286	-0.859142663687
DPI-201106	0.478766777159	-0.131354284305	0.433523056783	0.521190509255	-0.188522275439	0.384400488331	0.708696312767
PRANOPROFEN	0.296054153755	0.113955399192	0.0586705845924	0.489491592236	0.353861218497	-0.0568654307323	1.00211432272
LEVO-PHENCYNONATE	-0.728156799586	-0.585478458975	-0.281770172353	-0.375963577975	-0.201186133413	0.185498037197	-0.76126876522
ISOMETHEPTENE-MUCATE	-0.999542664235	-0.522320690832	-0.458084045051	-0.582918809702	-0.813379604593	-1.0786640935	-1.04826022797
AH11110	-0.443827507913	0.126085705709	-0.081600748805	0.198060597635	-0.333039065365	0.0837346170579	-0.867532202179
MIRTAZAPINE	0.36174698678	0.0734544059472	0.423686434536	0.292430480975	0.692099839201	1.13134175882	0.0694979890335
OXYBUTYNIN	0.574113207802	0.00317559048005	0.209706690086	0.389457223353	0.357048559056	-0.143067341814	0.979450742009
ACENOCOUMAROL	0.357932632367	0.430482483876	-0.219492469387	-0.224346448847	0.354193219651	0.63169130265	1.04089546112
ATPA	1.00472827757	0.827088734425	0.0404086115939	-0.509348195181	0.596830831762	0.620930866302	0.672193643592
EMD-53998	-1.1306881264	-0.0814374796254	-0.22366436553	-0.868105492156	-0.294353968565	-0.216890963578	-0.533676657429
MOLINDONE	0.236794173878	0.292635508504	0.374299060331	0.21207318325	0.371498375097	0.235484666833	1.06292674682
CIMATEROL	0.76748797904	0.271574403085	-0.138930635801	-0.0316785203022	-0.112502923257	0.569949844127	-0.0286690700648
FLUNISOLIDE	0.461873059556	0.306772213247	0.0141307748711	1.2326219738	0.275858876138	-0.77472439826	0.145282158049
RX-821002	0.363694928718	0.10966581702	0.3293296239	0.192831825388	-0.0155284722153	0.0685804908398	0.442099042272
ZACOPRIDE	-0.27341304758	0.282987706479	-0.0652765316339	-0.0263733443474	-0.230289011851	0.466346075363	0.0118059645625
CANDESARTAN-CILEXETIL	1.09849584324	-0.091512946453	0.26242240068	-0.153009186807	-0.0149748993193	0.789184686237	-1.51095821485
	1.09849584324	-0.091512946453	0.26242240068	-0.153009186807	-0.0149748993193	0.789184686237	-1.51095821485
HYDROCORTISONE-ACETATE	0.5740280122	0.332817110857	-0.163467610971	0.725887203923	0.702183255713	-0.0625622468806	1.08768641619
DEPTROPINE	0.178241522708	0.0442389884431	0.023278502566	-0.356549440208	-0.0508309975734	-0.094285635862	-0.0382430163698
IOVERSOL	-0.639659204901	-0.0269645103159	0.129832295113	-0.189290654468		-0.438866898984	0.643770760252
AM-1241	0.0197230241352	0.280440821717	-0.213840026234	0.290149662518	-0.143257502156	-0.791960154757	-0.638347796498
IXAZOMIB-CITRATE	-2.87322002995	-3.98760926162	-5.75013061236	-3.42754368624	-6.30583379057	-3.10752085596	-3.69576153682
HTMT	0.262122439599	0.28337242147	-0.0723342632744	0.209079887009	-0.723490285742	-0.198908031741	0.0244326192623
DIFLORASONE-DIACETATE	0.733430543157	0.272078074531	-0.258844710561	0.690181741993	0.57026362585	0.912515114369	0.619062369672
FENIGAM	-0.0673070910131	0.409326051008	-0.312987985266	-0.411147384711	-0.132879223146	-0.667298648276	-0.77997995285
NM107	0.345727230448	0.353200826287	-0.295395073472	0.222185761794	-0.175735881079	-0.336440409852	-0.694776781179
SNAP	-0.960705747858	0.530789032932	-0.500108289319	0.0478404331813	-0.857520059968	-1.02835716574	0.401892378917
ALBENDAZOLE-OXIDE	0.553781792555	-0.0477192368396	0.147052773943	0.0458501220138	-0.380886717979	0.0990726835214	-0.517390975666
IFOSFAMIDE	0.214961876188	0.221304936653	0.029153225248	0.538639727145	0.256718418955	0.0802503869177	-0.116573636021
HYGROMYCIN-B	0.707921358056	-0.471025885708	0.479718344439	0.239551469844	-0.644120201827	0.216039928711	-0.716816050106
GADOBUTROL	0.0635101748079	-0.0773454188045	-0.119989680739	-0.0986855113041	-0.0913972401993	-0.637008671266	-0.442651713687
DIHYDROSTREPTOMYCIN	0.234658496531	-0.0661417679371	-0.200874643858	-0.158841296173	0.141339777546	0.534308742168	-0.536767890941
4-P-PDOT	-0.0778766921958	0.421561154452	-0.022466793597	0.0888233647712	0.287388921832	-0.0454637995668	0.355224902821
FURALTADONE	-0.988518822109	0.22651169743	-0.024453353464	-0.632596180219	0.574095802484	-0.085784941755	0.197453353248
LAFUTIDINE	-0.791007070614	-1.15502939748	-0.365897644015	-0.633633924396	-1.18296099495	-1.41414042203	-0.829270955475
PIMONIDAZOLE	0.212917073052	0.318959600624	0.0537797046038	0.039195222283	-0.0776754513386	0.297230864224	0.631283260561
LEVOMEQUITAZINE	0.0528054793351	0.458380941576	0.215321124948	0.0667793019886	0.367337682905	0.232448564959	0.814268670519
K-858	-0.51117023473	-2.90288350348	-1.2174864302	-1.54701160346	-2.1536806937	-1.45372625815	-0.454146321262
NAFTIDROFURYL	-0.412148585406	-0.232919597548	-0.628557739605	-0.505489116885	-0.904695310661	-0.456970915365	-0.571956635698
NSC-405020	0.602303749999	0.245798682834	0.314102881664	0.404337319506	-0.0945466804547	-0.375766764937	-0.721704196208
PRANIDIPINE	-0.376538196047	0.249871540735	-0.0607055071619	0.126938366655	-0.22256007643	0.83181586479	0.82465568963
REV-5901	-0.0575993250757	0.109239950101	0.0832420957522	-0.610100463578	-0.417467494285	-0.113193702429	-0.168096617665
BTS-54505	-0.695393629596	-0.358321800028	-0.601225185671	-0.926765857362	-1.91725355599	0.0369307830274	-1.13172396388
MAZINDOL	0.155631672002	0.12676829929	0.152842644973	0.20007726457	0.423719413206	-0.126096896224	0.0228107664605
SIMEPREVIR	-0.0700731060934	-0.451265196482	-0.120720189764	0.555385514509	0.605506563431	-0.59930093321	0.24244366354
ETHYLNOREPINEPHRINE	-0.617894524463	0.56063816755	-0.272066147278	0.0278121920564	-0.0871824094471	-0.0112559416392	-0.15516425734
TROXIPIDE	-0.492257398888	0.240309711911	-0.0334401622456	0.169689226721	0.546379482901	0.181871392339	-0.196453122479
EVODIAMINE	-0.726992589896	-2.4237997922	-4.59183123892	-1.88758746209	-3.95022475452	-0.00782724492823	-1.48535631714
BROMPHENIRAMINE	-0.0212382487663	-0.647080899092	-0.242599424844	0.600726821442	0.289447248729	-0.66234721356	-1.23192811234
AZELASTINE	0.682188723182	0.13971003477	0.058071962619	-0.233888488643	-0.250574361797	-0.146855037569	0.00529727950297
AMITIFADINE	0.303259700874	0.123031784543	-0.0522805918725	-0.119192606235	-0.574677201008	-0.41075843005	0.188863704985
ECHINOMYCIN	-3.18359448769	-2.00717901759	-6.43560804762	-3.02417915441	-5.62332645035	-3.16630611915	-3.04836414633
PINITOL	-0.560193616273	0.240043852539	-0.375714727437	0.537930225016	-0.395871543896	-0.553117211328	-0.945048648339
DILTIAZEM	0.819099913744	0.133607947643	-0.39844151353	-0.953265100382	0.0605588442576	0.285692484266	0.670830840572
MINOCYCLINE	-0.575078621859	0.470252614184	0.04237333244	0.348898558505		0.0695164111138	0.716444618208
FLUMEQUINE	-0.719672796948	-0.628032421492	0.0403237638442	0.452923538805	0.201385577775	0.0347682799491	-0.595882092164
CYCLOSPORIN-A	0.149312311867	0.291765687715	-0.0935815324319	0.71589773077	-0.556238813195	0.66032106	
AMINOPENTAMIDE	0.543263892342	0.232881716028	0.263071100478	0.273022579676	0.0193235564982	0.212692013223	-0.512209193654
SECNIDAZOLE	-1.03345648943	-0.879973091237	-3.4392968504	-1.77883598911	-3.49636096773	-0.11990874399	-1.04619821344
SECNIDAZOLE	-0.0366706021545	0.219731936967	0.0257058584109	-0.141671227107		0.295187587165	-0.13437261249
PG-9	0.625087197476	-0.417273769675	-0.0603941597944	-0.344617496093	0.763028563265	0.16096145447	-0.0270225902163
PSB-36	-0.513388423043	-0.585988167262	-0.67423424133	-1.07318224339	-0.743588983406	-0.432054840392	0.464813238038
ARTICAINE	0.420983078534	0.125687689035	0.0694140990705	0.70631767685	0.144948705963	0.995626276521	-0.0633927039359
SULCONAZOLE	0.0101140064692	-0.218696088665	-0.198940861785	-0.0490752126398	0.233176005866	0.15289242416	-0.661706533457
ESTRAMUSTINE	-0.238370247291	-0.181699498733	0.309566931955	-0.166300481252	-1.45585664381	0.348002442963	0.568581662671
PINAVERIUM	0.0540025351719	0.124995708557	-0.16888712696	0.305684692365	0.305537545647	0.445861501608	-0.122609135493
FENDILINE	-0.830532551672	-1.10706695816	-0.434352217725	-0.223945938142	-0.37647202213	-1.76864248773	-1.19440179826
FURSULTIAMINE	0.175771189479	-0.641255035763	0.0355583463524	0.172414111848	-0.0770273599044	-0.278827240345	0.512240928279
NAFADOTRIDE	1.36279999516	-0.157984021404	0.499174809327	0.390663615061	-0.644525983584	0.393492691545	0.00164179677388
INIMUR	0.620116169654	0.928560017334	-0.017627766414	-0.358843454306	0.344451580324	0.284479187044	-0.665214127674
METOXIBUTROPATE	-0.247975530701	0.35600242601	-0.0613713293455	0.13315462121	0.124114534658	-0.417194576025	-0.0426287988853
LUFENURON	0.15119161765	-0.291042105929	-0.210620269403	-0.829968161671	0.130956578657	-1.15612854384	-0.414935872818
MIFOBATE	-0.602837092	-0.164093614494	0.203229073135	0.130397097241	0.505883067626	0.180073520108	-0.497976056985
EPRAZINONE	-0.650052467183	0.150366606558	-0.187549031121	-0.130012011607	-1.03492591887	-0.565182147674	-0.00272611032628
METERGOLINE	0.0678071374465	-0.213715948312	0.207365412376	-0.277072363846	-0.355574445835	0.184078457346	0.462534734518
CHOLINE-ALFOSCERATE	0.0553270472267	0.448046684461	-0.547203421212	-0.112002888354	-0.235580002024	-0.403404090054	0.452714876697
SPIROXATRINE	0.63024330434	0.0980776746027	0.390146275544	-0.386145306005	0.188960432144	-0.860844271743	0.0368330916013
SKF-96365	0.149003673374	-1.42950066727	-0.342512508278	-0.188763714538	0.162036737592	0.352077295236	0.781745313978
LASALOCID	-1.74126720285	-0.477081705855	0.379084046696	-0.529849803704	-0.453641203066	-0.0147446247578	-0.798075969696
PERUVOSIDE	-2.19741998321	-3.15073148175	-2.56017641246	-3.1840196359	-4.99512960709	-3.28847264684	-3.45055441715
NALMEFENE	-0.254033887083	-0.474823781271	0.255430582016	-0.140198093631	-0.249827569987	0.0202850332197	0.0172988952266
FEXOFENADINE	0.0595984690308	0.220890909191	-0.231135266678	-0.547982318019	-0.176143686798	-0.0169576339703	-0.825815696797
ADAPREV	-1.11147725064	-0.724156259852	-0.747528378615	-0.996513872366		-1.09150583421	-0.809652844537
TAGATOSE	0.326986209184	-0.208765141642	-0.118338940691	0.114621945964	-0.441795314125	0.29229835513	-0.349022393082
LB-100	0.589104250985	0.295689330122	-0.407170320804	-0.658379562116	0.399336343054	0.235761346871	-1.06330539686
NANCHANGMYCIN	-0.682793770741	-3.21866014529	-1.94912860438	-2.04896842505	-5.25048451488	-1.51760767061	-3.12408654837
EX-527	0.415050309038	0.368718136753	-0.253418728452	-0.337828951911	-0.115471733951	0.441958320559	0.51934859463
5-HYDROXYTRYPTOPHAN	-0.00275303390225	0.00475183071883	0.106191673222	-0.614464750843	-0.571339741818	-0.203151243377	-0.263449442131
CGP-54626	-0.429092447085	-1.50254553606	-1.11558234812	-0.505611537152	-0.587493336567	-0.76721882586	0.157191669019
PMPA	0.297292075787	-0.247476688651	0.0200376445617	-0.0877783280654	0.205613031961	-0.151255635357	-1.18189462026
IBUTILIDE	-0.333592508943	-0.204701219711	-0.544228373599	-0.60595221794	-0.634222545369	0.212885469187	-0.0619622204208
IBUTILIDE	0.246691836856	-0.426235630461	0.226604604342	-0.118076800464	0.4973849968	-0.419465830452	0.218903533998
ETODOLAC	0.0640717599278	0.418494197278	0.272576602601	0.162891063676	0.447033985027	0.950052924711	0.910363044166
ESTRADIOL-BENZOATE	-0.223289502576	0.176730619612	0.413352138861	0.643515777792	-0.682361818907	-0.0106946626817	-0.577584820956
PRALATREXATE	0.788075027833	-3.93237876969	-0.232655794009	-0.914181418939	-1.22871258831	-1.25005392616	-3.08223979822
HOMATROPINE	-0.100436993451	0.218290582378	-0.0245757657023	-0.404733418985	0.16394555478	-0.536012231264	-0.0870066150718
GATIFLOXACIN	-0.278170013799	-0.139141149091	0.0240415726994	0.211363773999	0.245752705107	0.0956926235007	0.985330119098
ISOQUINOLINE,-6,7-DIMETHOXY-1-METHYL-1,2,3,4-TETRAHYDRO,	-0.0980078460193	0.153511758273	0.378722248412	0.382404774612	0.277810732339	-0.156189695749	-1.10167738882
ANIDULAFUNGIN	0.363806036117	-0.101023056449	0.050182417667	-0.542244317154	-0.306347366721	0.221235771359	0.803031506101
VITAMIN-B12	0.520912112006	-0.467765745543	0.135528546816	0.00953572347392	-0.285765935098	0.618199662095	-0.767952888433
RIMANTADINE	0.404295587926	0.489578815266	-0.178619613682	0.143646032874	0.120523611826	-0.0855290096629	0.351232404793
ISOXICAM	0.00148643694244	-0.564218406456	0.309823512955	0.0931476123023	0.100890652051	-0.869991581746	-0.420909242059
CLENBUTEROL	-0.620049442032	-1.09456443583	-0.381954385229	-0.791399060594	-0.899239505008	-0.537470776926	-1.39173381457
SDM25N	0.829228694066	-0.845638271846	-0.131852695246	-0.23126354961	-0.0166815775456	-0.482838734298	-0.470458551525
BLEBBISTATIN-(+/-)	0.570782544324	0.155369213725	0.0741024016102	0.223112664968	-0.276054279706	0.678036337001	0.0302105479442
LOMEFLOXACIN	-0.310990214307	0.47299704918	-0.309758928108	-0.90941634869	-0.848851393331	0.478321212277	-0.736689548175
LEUCOVORIN	0.178660191297	0.322918079431	0.171977038903	-0.0756223953592	-0.341826065581	0.0320332659225	0.817978178877
CLINDAMYCIN-PALMITATE	0.159735435218	0.17328333487	-0.0738115999191	0.169792285369	0.370807084185	0.6451259545	-1.0753329403
SYM-2206	0.205580721978	0.521870842723	-0.0024182887038	0.538926310419	0.19664041188	-0.215059236022	-1.03075157851
CYCLOPENTOLATE	0.211914801655	-1.14831703467	-0.30669259964	-0.529554735836	-1.55760902666	-0.213244835142	-0.220203910292
PALMITOYLCARNITINE	0.410647345873	0.272762979094	0.135946160219	-0.0698209418598	-0.373113205006	-0.677688489027	-0.696005489512
MRS-1845	-0.42450906304	0.135886944962	-0.32391502095	0.0433558853587	-0.518831083669	0.422668649442	-0.176391652571
	-0.42450906304	0.135886944962	-0.32391502095	0.0433558853587	-0.518831083669	0.422668649442	-0.176391652571
IMEXON	0.822374824454	0.0531724700727	-0.433083297325	-0.502873003133	-0.780556250682	-0.577385132486	-1.30496520613
DOBUTAMINE	-0.178056504778	-0.225796060913	0.247126288976	0.283118487719	0.472777043963	0.166424525846	-0.351774032347
REGADENOSON	0.139161282295	0.768115082562	-0.332242343354	-0.413307800667	-0.157971835055	0.301232723324	-1.01621558907
MONASTROL	-0.702391938598	-0.756207230881	-0.515791637976	-0.351731562439	-0.436693982858	-0.564564647348	-0.148919080937
PREDNISOLONE-HEMISUCCINATE	1.15270691833	-0.54460317143	-0.0978318463287	0.0774838416313	0.277515162517	-0.502105608213	0.561615801908
EDITOL	-1.6403960152	0.00706563485416	-0.722184399788	-0.593015085631	-0.119130878338	-0.572252151291	-0.0203707694834
CEFOTETAN	0.434972057549	-0.56753475222	-0.397153777356	-0.0703694757222	0.582840563917	0.0977929783794	0.52853858785
NEFOPAM	-0.258803939238	-0.46369608636	0.165599805837	-0.986202972718	0.152021022712	-0.0894293240391	-0.529717207608
A740003	0.40387607775	0.528725903817	-0.314513525502	-0.116971126536	0.285557533308	0.161103702889	-0.0725420848764
3-DEAZAADENOSINE	-1.25791808117	0.616892442838	-0.174877830369	-0.560063601701	0.15143942052	0.149784159308	0.0888517687315
TROPICAMIDE	0.360812171713	0.258474026487	0.261856808003	0.482685603126	-0.034280507536	0.00230557289696	1.15805715241
SIROLIMUS	0.674670322095	-0.332364165123	0.034207702056	0.851613640462	0.671714181359	1.07750877676	-0.278861458193
MEMANTINE	-2.42756780695	-0.259758425908	-0.604272217129	-0.0755192876433	0.1037961318	-0.0784554956924	-0.0718931493046
MIDODRINE	-0.719551375033	-0.435205563331	-0.478843305704	-0.778595518743	-0.283216144643	-0.376387401029	-1.10718198588
BENDROFLUMETHIAZIDE	-0.44641983874	0.0142896642718	-0.0266952544618	-0.782439917454	-0.308057854495	-0.996580665691	-0.0556700960659
NSC-23766	0.00553119493471	-1.01129591311	-0.0630818968889	-1.44642957003	-0.898133284198	1.45204889891	-0.530321875032
HYDROXYAMPHETAMINE	0.118452959836	0.661303694831	-0.088776437544	-0.0050684278214	-0.300605888138	0.617425457218	-0.346848936364
CLOPERASTINE	-0.61978501884	-0.868144346869	-0.529457788482	-0.900993458411	0.051412907923	0.256943183005	-0.338604093135
FENOPROFEN	0.418076185447	-0.469269826192	-0.651743385777	0.124082655196		-1.15662148673	-0.102893554172
GLYCOPYRROLATE	-0.212070896317	0.14989659869	-0.137938214267	-0.33321752641	0.184577366704	0.717862349144	-0.408915930096
BI-D1870	-0.370488965161	-0.199113084048	0.497695478649	0.700515631136	-0.0652774711565	-0.567491044779	-0.646257182151
SAXAGLIPTIN	-0.177611518928	0.209954652472	-0.135698576265	-0.307193847688	-0.24172268312	-1.1229293537	-0.297992664949
OLIGOMYCIN-A	-0.737099265018	-1.63718196982	-0.493749177907	0.235431110841	-1.75142389068	-1.19369388261	-0.608181288386
FENCLONINE-(+/-)	-0.520856355788	0.410637430733	-0.0705098970942	0.291876451962	0.33918288952	0.706795305692	0.998228251487
TOLVAPTAN	0.177162247264	-0.0888132921152	-0.0333829109632	0.10150670591	0.556216553231	0.0435244251168	-0.793879001521
MICONAZOLE	-0.966294475657	-0.585848275348	0.0745572148533	-0.0474535498182		-0.422185632384	-0.26711342587
TIBOLONE	0.401822095251	0.391946044366	-0.497359723493	-0.604154942121	-0.551009718587	0.186542123503	-1.20911434734
MEPAZINE	-0.831468816304	0.00636581956275	-0.0731184580634	-0.702834733979		-0.282350338407	-0.299008404581
PRASUGREL	0.575015296576	0.383069066352	0.0122575524245	0.263335148233	0.26439880884	0.0524412752081	0.334493577575
ARDEPARIN	-0.291929216582	0.571937246105	-0.300945015903	0.226518339903	0.782229042826	0.0762586197792	-0.0854289352503
A61603	-0.814475432447	-0.383739454882	-0.119747263966	0.00208464204891	-1.05539500274		0.154974726346
DEXAMETHASONE-SODIUM-PHOSPHATE	1.39381458404	-0.25134540433	-0.123755811942	0.868190552262	0.25184805706	-0.124626144932	0.518655106605
MEPHENYTOIN	0.431124889466	-1.04781626234	-0.44343936988	-0.1549332812		0.421083248872	-0.361348277708
MELOXICAM	-0.683007620515	-1.16920571217	-0.619357174378	-1.07133069533		0.237581709464	-0.00490764195218
TROPANYL-3,5-DIMETHYLBENZOATE	0.668664384858	-0.202022542605	0.282094754239	-0.112610217152	-0.0418954965257	-0.959336208417	0.544992984182
THIORIDAZINE	-0.427133503206	0.523971987331	-0.703006482969	0.568927924951	0.0205478542153	-0.0884301952002	-0.573844086424
PIMOBENDAN	-0.437772552329	-0.28687346236	0.337463213961	0.262198511027	0.287498809727	0.0316533544412	-0.645463735706
NILVADIPINE	-0.438906170229	-0.652627471045	-0.109217670877	0.0619068984392	-0.887327772099	-0.364109767212	-0.786335519182
ALCURONIUM	0.333746186326	0.513359978665	0.197354781526	0.567535173968	0.429907512165	-0.193095187852	0.345765499345
NCS-382	0.131264408311	-0.280366591167	-0.337604109336	-0.182050571511	-0.265333972006	-0.238136674118	-1.23272062894
3-ALPHA-BIS-(4-FLUOROPHENYL)-METHOXYTROPANE	0.312681222863	0.338968272437	-0.0607498924279	-0.441366912181	-0.326195276565	-1.22408555621	-0.731084615106
ASCORBIC-ACID	0.104201026175	-0.263594059687	-0.0568504137496	-0.27639665491	0.330246271712	0.0521277951379	-0.294520891685
L-670596	0.0128023449967	0.179155310906	0.219007676284	0.0120241224063	0.435745906566	0.100174270611	0.683892671038
PIKETOPROFEN	-0.0790073678967	-1.01483733305	0.0159923699737	-0.288824075302		0.711097789129	0.212907048481
BEMESETRON	-1.12065411316	0.15752113696	-0.661658820652	-0.727159101168	-0.189801300279	-0.747508367398	0.0337732099956
CLOPAMIDE	1.33312992913	-0.310801992142		0.277994371915	0.437323845129	0.286388993451	0.00726659079187
FULVESTRANT	-1.08514156755	-0.78236778782	-0.616218671763	-0.0578478289392	-0.613926949316	-1.12178409288	0.391608445789
NIBENTAN	0.67512313239	-0.0709400143247	0.037091500346	0.300276568257	-0.0137991028765	0.686433007983	0.209095014801
FLURBIPROFEN-(+/-)	-0.155496034647	0.455621560308	0.00269223087508	0.618178491804	0.237717428314	0.0794672582096	0.949420729493
VARENICLINE	0.0765595185676	0.286700384338	0.184721786579	0.0747972490091	-0.0656405380444	-0.516772206221	-0.193150764748
TETRAHYDROURIDINE	-0.917028374842	0.144722425609	-0.233701400519	0.104858573097		-0.263750002468	-0.144640614045
L-(+)-RHAMNOSE-MONOHYDRATE	0.304302612304	0.109751086054	-0.535939842488	0.219032307249	0.218181228055	0.442425899305	-0.333482015328
RACTOPAMINE	0.230962323611	-0.129273633584	-0.344664394199	-1.00145620978	0.039879903851	0.247294702089	-0.122549771842
1-(1,2-DIPHENYLETHYL)PIPERIDINE-(+/-)	-0.530347711581	-0.985909908753	-0.237917344043	-0.610762204403	-0.321867749989	-0.219531700544	-0.667237382813
ANDROGRAPHOLIDE	0.350691085804	0.0888935903663	0.52317074136	0.66024044835	0.0725304483829	0.96255944991	-0.308585721979
NICARAVEN	-0.404820413865	-0.187166521643	-0.463428368312	0.000388091813691		0.184645932644	0.173259830472
MASOPROCOL	-0.591821529677	-0.419943374628	-0.0807277422976	0.548884330936		-0.152330060516	0.0514135909936
AZD7545	-0.121160739941	-0.274759479965	-0.10273967814	-0.302735644516	-0.262094893571	-0.249171581804	-0.0804776396353
TENIDAP	0.482287054148	-0.898611797724	-0.334083553894	-0.0318295168813	-0.102674174781	0.654738396335	-0.866462801056
MOGUISTEINE	-1.07334712399	-0.0868318109019	-0.210696106666	0.0517189296514	-0.16028286221	-0.705508636743	0.394359841719
PRONETHALOL	0.155523055582	-0.409204520321	0.166689660386	-0.612409408959	-0.162165367306	1.00450992637	0.853770715299
BENZOTRIPT	0.0825970459935	0.159179657418	0.428459073929	0.183701703525	0.500702654211	1.10857255029	-0.0105118398544
EQUILIN	0.616169764633	-0.239129090327	-0.0421790315243	0.429495881463	-0.0889864283373	0.534219524595	-0.466556107496
HALCINONIDE	0.691346465095	-0.163489389231	-0.154124095962	0.302957955872	0.382131548523	-0.437788235273	0.17206497353
TRELAGLIPTIN	0.0156090630598	0.216683530366	-0.347468863278	0.275764268069	0.339149487415	0.672268144147	0.716895067272
SKF-38393	0.476960087463	-1.04996632267	-0.221817267254	0.634236038948	0.0712982370029	-0.805273639894	-0.0135018622702
BUCETIN	-0.391507873881	0.251226327736	-0.00204399621453	0.412798146543	0.000384645645343	0.547231693648	0.852189027683
SORBINIL	-0.180863306499	0.220542813086	-0.0589264021194	0.40629635335	0.344443232857	0.678467854505	-0.429658137742
BISOPROLOL	0.72554006673	0.163271539584	0.313157227276	0.365360893592	0.0805735941876	-0.0401632037158	1.6115767088
DALARGIN	-0.335441435846	-0.430831459328	-0.715879105596	-0.516441446934	-0.616678453982	-1.14226560685	-0.320489518632
PD-102807	0.03217829948	0.0510626077384	-0.0932935244522	0.223870183786	-0.382790536855	0.0478209469597	-0.695422604911
MEFLOQUINE	-0.211944682487	-0.574636829593	-0.0258247133097	-1.42150511426	-0.744468827871	-0.392545445349	-0.290585382405
CARNITINE-(D/L)	-0.243295834362	0.457409018417	-0.0729519554335	-0.578265709314	0.236352572124	0.394466014817	-0.615460956032
CGP-55845	0.404012079792	0.269880202043	0.381213573069	0.54556615461	0.0633955597125	0.75739062752	-0.279427061076
CGP-37849	-0.510349755104	-0.25198991021	-0.319231390219	-0.0973335034334	-0.683639850391	-0.088006924129	0.0856228788358
GUAIFENESIN	0.478383038297	0.32522691821	0.0442827315197	0.507527644364	0.202157379409	-0.453137711393	-0.281721862482
EPTIFIBATIDE	-0.378740345427	0.207359805616	0.103318355253	0.111159339431	-0.216037466762	0.58410975717	-0.472907701762
LORNOXICAM	-0.17846039465	0.21227518523	-0.647463741775	-0.41623961351	-0.318829452479	-1.08028478353	-0.0150750362366
CLINOFIBRATE	-0.603445453352	0.520987584628	-0.242682542581	-0.54119596261	0.119808890044	0.997334447602	-0.172588127918
MANIDIPINE	0.29869227722	-0.689200985096	0.185586777684	-0.211373925041	-0.207237044466	0.455247471312	0.62764528605
ISRADIPINE	0.447930024834	0.469274441914	-0.120125541432	0.394178294994	0.853630292358	1.01238509792	-0.778767528184
ADRAFINIL	-0.285210944511	-0.306287385486	-0.127069332316	0.433847649616	-0.295244053224	0.787817673983	-0.490619210753
BEPRIDIL	0.650904731927	0.636580891438	-0.0395897374094	0.798021709592	0.538463353747	0.739676126859	-0.601851516008
EPRINOMECTIN	0.647017413932	0.0788091746774	0.0588910360074	0.469057778093	0.0422742489122	0.400727691757	-1.51862782193
ESTRADIOL-CYPIONATE	-0.16133743657	-0.872558714902	-0.201086922536	-0.472475042736	-0.392350808553	0.657664420502	-0.57486312968
CHLOROQUINE	-0.318972195313	0.495471961814	-0.220826718921	0.200132029763	-0.218290757315	-0.112435695964	0.443034551638
CAMYLOFINE-CHLORHYDRATE	-0.474562631814	0.218405853482	-0.450124079885	-0.365471838904	-0.0782962058305	-0.535323729892	-0.0127465340889
PICROTIN	0.747093123224	0.292162908702	-0.40745688147	-0.240383491853	0.334036735765	-0.444404234614	0.0312278875237
TETRAHYDROPAPAVERINE	0.298790655419	-0.564886330091	-0.270412289689	-0.132676536284	-0.0773194882979	0.401212299696	-0.836716280823
SHIKIMIC-ACID	-0.099482409127	0.594182861208	-0.0418870655356	-0.263432454888	-0.173703252883	-0.0634589124495	0.945057706195
TRIAMCINOLONE-ACETONIDE	0.831383074873	0.243120755485	-0.20965882345	0.640322251518	-0.0291172241601	0.209941563244	1.05452931398
DANAZOL	0.527604045311	0.418105422201	-0.0519730058904	-0.53060314827	-0.136346322711	0.198441703542	0.371262103111
TRIMEBUTINE	-0.164006008226	-1.16040027094	0.0384293729307	-0.684296645939	-0.834083543419	-0.247249092165	-0.710670170332
TOCAINIDE	-0.0903482687987	-0.0420035634179	-0.219206936671	0.250151260192	-0.392318030081	0.0912569874008	0.628767858789
TIE2-KINASE-INHIBITOR	-0.335226263341	0.177914313463	0.0124487083802	0.250518023579	-0.0250629640076	-0.32872680924	-0.956826975605
LUPANINE	0.305735322858	0.131846724282	-0.0953803554356	-0.260558384579	-0.614646243963	-0.462361746189	-0.461226996243
N-ACETYLMANNOSAMINE	0.84564354826	0.122881541268	-0.537897725292	-0.634818039555	-0.483919552116	0.442319971704	-0.126112008107
SM-21	-1.0171432244	0.0752468343889	-0.0493676604102	0.814264393889	0.136539195858	0.119311649234	-1.19970377601
CIGLITAZONE	0.334435294446	0.172324516186	-0.164287542119	-0.214748149884	-0.0627433340999	-1.22946292671	0.00932323737559
TEMAZEPAM	-1.23544684705	-0.321597984089	-0.77482034034	-1.20284972017	-1.21671048634	0.331789641085	-1.6637744361
DIGITOXIN	-2.22120814357	-3.3904867128	-5.21908894366	-3.15655249262	-4.138081912	-2.37253351807	-3.08672723923
THALIDOMIDE	0.328462824131	0.347282438981	0.0286074075528	-0.104030746052	-0.322204729992	0.904734792878	0.263668419151
ISOCONAZOLE	-0.585979040248	0.103979617476	-0.0693982422506	0.058973071639	0.337636594983	-0.552015019141	-0.54161478696
ALLOPURINOL-RIBOSIDE	-0.0148629539336	0.108061416276	0.259158690552	-0.241638323437	-0.43302236232	0.711195586919	-0.0369819804311
PETCM	0.0111361164186	-1.21568802584	-0.206043212651	0.441714361397	-1.54059390704	0.224708624234	-0.78986355535
NICOTINE	0.619918332163	0.0337591963851	-0.470771023652	-0.22524150466	0.258437754879	0.372234700636	-0.713891377261
SODIUM-DANSHENSU	0.0588153151778	0.547585851258	0.151372391265	0.166609435146	-0.356241371043	1.2803245049	0.477155778983
CLINAFLOXACIN	-0.575723475733	0.28966030515	-0.117862057023	0.0400881108309	-0.521646191047	0.173683576228	0.606551158486
TELITHROMYCIN	-0.278913762617	-0.501304300347	-0.225119206481	0.546204250024	-0.0551751900297	0.0440541068387	-0.722327860042
AZD6765	0.272282597829	0.344121480127	-0.0424927033574	-0.269990312698	0.0584485561606	0.121195468357	-0.0118873553978
TALINOLOL	-0.534732973474	0.051816588315	0.299353127614	0.341030224158	0.584003655589	0.411727295685	0.604903230706
KI16198	0.337143051139	0.169125917055	-0.999067021347	-1.30843515511	0.0224334316533	-0.45522618085	-1.33400790563
PREDNISOLONE-SODIUM-PHOSPHATE	0.710042291442	0.173725281678	-0.235676580553	1.06552443454	0.592071115577	-0.23210862332	0.414073980655
BIFONAZOLE	0.794829375913	0.183009810448	0.18356111181	0.122381321994	-0.728987563663	-0.752742144197	-0.481123186952
BUCLADESINE	-0.166498932519		-0.573398565327	0.180760145066	0.146307504283	0.00845343715826	0.895837941488
METAXALONE	-0.610473704818	-1.01775529768	-0.38094089919	-0.134402443942	-0.0973497475471	0.0802084238229	-0.525153155164
DIGOXIN	-3.16699373864	-3.60456008624	-3.50972632274	-3.25256353815	-5.91808785927	-2.69098306443	-2.17466641216
VILDAGLIPTIN	-0.430091269882	-1.26714336491	-0.177909154331	0.623439249096	-0.110090581468	0.884303247004	0.0517527205375
VILDAGLIPTIN	-0.0642517030155	0.165910651859	-0.311199402998	0.293207550894		-0.843456681542	-0.624194014084
GINKGOLIDE-A	-0.267190707989	0.0269560702766	-0.569578003311	-0.457561760503	0.167145518389	0.468335606295	0.480085837442
METHYCLOTHIAZIDE	0.250232767781	0.150296500727	-0.296813707253	0.443254708689	-0.283271128297	0.652198197708	0.465265923303
CELIPROLOL	-0.652591330507	-0.369318410554	0.234649307056	-0.58884987411	-0.0769621054926	-0.0927031587942	0.663717444431
NISOXETINE	-0.807470334322	-0.807124486701	-0.063727235442	0.151110923782	-0.508088789775	0.3025428399	-0.230818073461
TALAROZOLE	-1.04115453511	-0.254591164273	-0.0548919537728	-0.422610802147	-0.092487049474	-0.60868186879	-0.132649742141
INDAPAMIDE	0.305050223185	0.139579147996	-0.49999300585	-0.0949844470247	-0.11085122696	-0.504358401999	0.0815829539279
COLFOSCERIL-PALMITATE	0.271735678659	-0.144998350249	-0.0550960387192	-0.148043570276		0.243768048643	-0.217490044731
SERTACONAZOLE	0.496656191551	0.616990370341	-0.297211556366	-0.968035353951	0.300325166951	-0.576803257353	0.0502119032341
EFLORNITHINE	1.00815764721	0.124654999096	-0.388767923893	-0.361295976043	-0.155878501593	-1.05783359885	-0.765402302385
ALLANTOIN	0.144299753976	0.0287465012726	-0.0957033257746	0.288714290381	0.000561827797456	-0.441152976874	0.0491241368262
FPL-55712	0.377516218921	0.10559985404	-0.808009683943	-0.161379103805	-0.740685217851	-1.01447016625	-1.40034455061
EBPC	0.0724461450266	0.427161870148	0.10898452806	-0.94593542332	0.311533542073	0.337326589582	0.0378654223998
ISOSTEVIOL	0.207548334345	0.133114568735	-0.12306596238	0.0870833545246	0.602627645809	-0.565016275623	-0.480957752397
M-14157	-0.495449009197	-0.649337875432	-0.0482779347969	-0.516016447034	-0.832462780313	-0.347266814905	-0.127760843355
FENOTEROL	0.221409903171	-0.128499188255	-0.0995403107934	0.18968878339	-0.271428608122	-0.643629177791	-1.28681089229
ROSIGLITAZONE	-0.0706810662392	-1.01210124596	-0.340671037439	-0.718761900127	0.032446991056	-0.53948855221	-1.69987920035
PIPERIDOLATE	0.339124317171	0.0270065886867	-0.119884162374	-0.0763479459102	-0.337141325099	-0.334732493233	0.323383528197
RANOLAZINE	-0.942906928728	0.934040532161	0.0983015830004	-0.945720770358	-0.572227785005	0.426399349911	-0.531944024552
PINDOLOL	0.816545579474	0.0144069267052	0.402766667527	-0.0579757354523	0.038664090535	-0.0875320473463	0.308238056942
HEXYLCAINE	-0.908383370704	0.361610587934	-0.121941858143	-0.376700713965	0.421869390031	-0.139270581833	-0.096004541035
KETOPROFEN	0.738047140364	-0.0478220568368	0.207614566639	0.132054385485	0.131250183682	0.927682002566	-0.354437294093
CHLORALOSE	0.26969111639	0.613364323575	0.156945989846	0.580449532539	-0.00997164989388	-0.281638030673	0.239034699021
HYDROXYTACRINE-MALEATE-(R,S)	-0.294093237237	0.0347901556212	0.246456264253	-0.316907690012	-0.494439703114	-1.04491546763	-0.514658656816
TALNIFLUMATE	-0.626711630628	-1.07156314597	-0.351409286966	-0.681457187593	-0.755126062465	-0.701943361245	-1.11921867157
DESVENLAFAXINE	0.245133445835	0.282381985649	0.150823277188	0.00991490541466	0.0777346228607	-0.036632684944	-0.246909953171
EPINASTINE	-0.25921527335	0.46638774865	-0.1341022639	0.157332559787	-0.23159633592	0.608458428988	0.60082985183
HYDROXYCHLOROQUINE	-0.23079778372	-0.213188037212	0.0767633915693	-0.164578279261	-0.290442224445	-1.02866121762	-1.77223674604
METIPRANOLOL	0.346891357138	-0.485608813825	-0.0580168222725	0.463224261933	0.506643557311	0.125299944885	-0.324136460635
ETHOSUXIMIDE	-0.17332992054	-0.00853936119685	0.0714126895806	0.0875967094975	-0.501057218847	-1.0090140743	0.200175574696
BETHANECHOL	-0.801332414296	0.67901228992	-0.0179237976865	-0.494586002611	0.53239631209	0.117505785918	-0.0936303019247
PALIPERIDONE	0.054880771357	0.114589328639	-0.0304306975372	-0.106694187272			-1.35697772701
PALIPERIDONE	-0.648337806644	-1.02079254737	-0.250543659733	-0.0599386483243	0.0878049247342	-1.41942827744	-0.369958677443
CARISOPRODOL	-0.208447944165	0.528082177528	0.194194295565	-0.0979585955354	0.205166298644	0.612575311169	-0.0729093847207
ESTRAMUSTINE-PHOSPHATE	0.357096999281	-0.120433608812	0.0105322046397	0.188832393248	-0.189449960976	0.695921298744	0.357446718928
RWJ-21757	0.650403547945	-0.300046781805	0.0546336031245	-0.786316364444	0.208396228869	-0.370849255779	-0.556430321425
ADAROTENE	-3.0863448105	-4.13898026719	-6.131662592	-3.44833582879	-6.20868680546	-3.61840176882	-3.44808635314
COLCHICINE	-0.9435557806	-3.4358580398	-0.577941867408	-3.05214790441	-5.27721697782	0.112103724425	-2.45470208165
PPT	0.431598807265	-0.0728243806385	0.463417751505	0.652247040719	0.772641033097	0.587157716293	-0.6808503543
RITA	1.90553151961	-2.07435050699	-2.56054729062	-0.378952985127	-4.63496194893	-1.50832874587	-3.29322634927
NU-7441	0.293506109091	-0.397467323988	0.0126112282544	-0.157416821415	0.0576231425732	0.841187432153	-0.165011286887
PHLOROGLUCIN	-0.217798697837	0.257530003917	-0.182550112616	-0.465729224612	-0.11356864524	-1.18356305588	0.130955432277
RO-08-2750	0.13769630041	0.34404553456	0.147671681119	0.20723961438	0.183709689692	-0.105527863939	0.437378711225
TROVAFLOXACIN	-0.707444591001	-1.26784738386	-0.163944151715	-0.18500521112		-0.678787427793	0.406387044865
PERAMIVIR	-0.597317483628	-0.163934155637	-0.20742992706	0.0330666991378	-0.678692962872	-0.030942132073	0.0816762097521
ATN-161	-0.112681064568	0.419029113552	-0.0279909731828	-0.0461475139788	-1.12197374024	0.0922218552862	-0.303944351887
9-AMINOACRIDINE	0.282699855407	-0.497268744377	-0.929652760292	-0.413055466257		0.729711646231	-0.343495357976
9-AMINOACRIDINE	-0.261027588529	-2.22565513192	-0.0797662221799	-1.73947887898	-3.23354937149	-1.19750409458	-1.42801744591
DELAPRIL	0.798319051077	-0.269830128102	-0.114511219631	-0.607165797217	-0.0419391541819	0.0597602897117	-0.47049944749
TICLOPIDINE	0.321271286865	-0.266629823245	0.764973782318	0.0507624225205	0.460453112214	0.446150748981	0.871399469471
ALTANSERIN	-0.447322705046	-0.392094266473	-0.13448762493	-0.36423824539	-0.0933113478965	-0.955452569297	-0.384518601555
AG-14361	-0.694138441442	0.189235750058	-0.654411949878	0.21168680526		0.141681907635	0.664033304609
TUBASTATIN-A	-0.0498792106736	0.156397451906	-0.0289296087586	-0.294144571415	-0.377343035666	-0.435322346538	-0.0692870310218
CL-218872	-0.293024275058	0.252915038659	-0.67516748026	-0.25184880482	-0.370166199073	-1.09636798922	-0.498327761069
FAMOTIDINE	-0.441203648513	0.625139271139	0.107447346199	0.0732654494502	-0.0546126254178	0.318188219248	-0.246780179837
ORTERONEL	0.245834499714	-0.319468888369	-0.296302183156	0.382575383472		-0.0812663898513	-0.362711058085
BREXPIPRAZOLE	0.691334863641	0.221185682605	0.0499615501784	0.0437435929818	0.278854885759	1.03432721079	0.556800629679
D-PHENYLALANINE	-0.375774880287	0.561096346489	-0.0671959992684	0.898931054811	0.223284792698	0.114161770231	-0.0635458235734
IMREG-1	-0.277515583168	0.175354062028	0.248112883286	-0.123527808248	0.388856553913	0.206959147846	-0.158165669704
SULFAMETHOXYPYRIDAZINE	0.796940965102	-0.433623162019	-0.15474408441	0.0793345219394	-0.0488300490048	-0.180633790478	-0.154018343134
CHROMIUM-PICOLINATE	0.191655499298	-1.08434362056	-1.1191894506	-0.343385207642	-1.59737076017	0.398937763042	-0.276018708379
	0.191655499298	-1.08434362056	-1.1191894506	-0.343385207642	-1.59737076017	0.398937763042	-0.276018708379
SOFALCONE	0.143051960983	-0.0834495204047	-0.117812887083	0.474026944514	0.494461646233	0.509419216026	0.512329980317
FINASTERIDE	-0.109430745887	-0.235009005727	-0.0463327389546	0.174696099472	0.548701666339	-0.21287529473	0.0751424762172
NITISINONE	-0.338273624396	-0.771305275278	-0.0396715533764	0.32058660469	-0.174330458563	0.832966825481	-0.175923590616
ANAMORELIN	-0.150533072607	0.470911858447	-0.215507257481	0.785207926704	-0.0706309307949	0.188788221247	-1.14239199892
CLOXACILLIN	0.265002516071	-0.0186894485302	0.0532992081984	0.847121645861	0.193279731197	-0.0787929499524	1.21634539387
PIMOZIDE	0.271568575507	-0.058645099963	-0.148852782734	-0.185227513257	0.144698659666	1.26643600842	0.386753123763
SUCROSE-OCTAACETATE	0.649812216011	0.141025297384	0.00274967627923	0.500953200795	-0.49310789224	-0.0344947913771	-0.274502865565
URIC-ACID	-0.716187355093	0.345584867077	-0.187897711695	-0.495305490048	-0.240001861288	0.0189669969921	0.457297415904
CZC24832	0.447554009146	0.439064557851	-0.0439551147799	0.0672703658924	0.0716678997726	0.311048532988	0.543096675242
APIGENIN	-0.750295481367	0.110702993313	0.108124206584	-0.0215550011236	0.204613366835	0.122126144691	-0.0749395496069
RIFAMPIN	0.376506381177	-0.175067390379	0.201656745568	0.0547880493211	-0.0854822596678	0.4613081877	-0.219275681691
PYRAZOLANTHRONE	0.0866018285225	0.0633403082444	-0.16893759647	0.101406468991	0.0592261372304	-0.0470599305737	0.6062281504
ADENOSINE	0.405829942394	-0.423715879956	0.18778644302	0.456947803618		-0.231149185597	-0.347451810102
DIHYDROMYRICETIN	-0.409441660079	0.486073265527	-0.2318187232	0.111190398931	0.358485650281	0.200282187781	-0.041359698953
MALTOBIONIC-ACID	0.155489242402	0.925199191486	-0.273460739525	0.161511690367	0.139530455213	0.642901850808	-0.653704066174
INDATRALINE	0.366899771155	0.51231311408	0.225640649146	0.565096632752	-0.283957408593	0.202232724882	0.0358828700175
CHLORINDANOL	-0.0911514334003	-0.25006431911	-0.0976175414977	-0.713873660888		-0.438672881197	0.562705745282
DIPHENIDOL	-0.14639939386	-0.0949483289258	-0.346541895755	-0.130003569144	0.201372460199	0.502940330652	-0.50845093194
TRIAPINE	0.561479125687	-3.85270087949	-3.89304373973	0.17222905326	-3.4274567319	0.50002536803	-2.68276111399
HISTAMINE	0.599765009259	0.518073146112	0.0277026810849	0.700838177588	0.47083175968	0.174456658641	1.05506710907
TAK-901	-1.83939964009	-3.90187300872	-2.711178012	-0.366194813321	-5.70744695281	-0.447080223414	-3.12594729164
CIPROXIFAN	-0.114699126182	-0.692661237629	-0.144320154749	-0.518569938244	0.128286409101	-0.534342307909	-0.0623967513764
UNC2250	0.8564443153	-0.466646725342	0.361735725277	0.224328827593		0.440542172719	-0.583621969976
INDOLE-3-CARBINOL	0.211373472304	-0.376917358473	-0.148115193663	-0.0299552740546	-0.29449023795	1.249666328	0.75543829575
DPCPX	0.61058821377	0.0113940096698	-0.14808706615	0.579203283574		-0.980192722049	-0.181433961836
RS-23597-190	-0.284013074845	-0.00259098788901	0.00476557031005	-0.0168677963103	-0.174410068547	0.0735012697774	0.510937145035
PIRINIXIC-ACID	1.17949312498	0.372763459138	0.406615325101	0.592189640384	-0.621042586953	-0.481207625495	-0.00314950567679
OXOTREMORINE-M	0.613408124552	0.491304550958	0.000633507975856	0.251042209122	-0.0128717851308	1.09159252513	0.047797326816
SUCCINYLSULFATHIAZOLE	0.237545882697	-0.174342594784	-0.604086530678	0.0708499475266	-0.146186221568	-0.35658885892	0.930343897709
GUVACINE	0.308979307585	-0.418933103628	0.153114986395	0.066901096291	0.213708449203	0.446064600154	0.163644426329
AMG-9810	0.173557412526	0.0772141573898	0.416501172057	-0.289182160006	-0.0973652156364	-0.0903453534253	0.115529384383
NVP-BSK805	0.0872650298314	-0.0211974429413	0.291802141177	0.556422987512	-0.300937680447	-0.685949915354	-0.44307445327
OXATOMIDE	0.169751659199	-0.308353348939	0.437965336708	0.348158792767	0.240100899292	0.241832721076	-0.263513241466
OLAPARIB	-0.306208979277	0.484790989473	0.636666987231	0.113214736998	-0.941811813338	1.36814944516	-0.596571651553
JNJ-38877605	-0.452309972371	0.608363954274	0.14663293272	0.486714805612	0.356385385444	0.55015702631	0.865027825727
PANOBINOSTAT	0.572882620331	-3.70980602053	-6.13248212107	-2.69246179229	-5.88178337434	-3.47200870842	-3.36778218952
CHIR-124	-1.58850433312	-0.943775705428	-4.88718211663	-2.150413268	-3.41969371284	-0.933106935156	-3.08005462825
AMOXAPINE	-0.0109818460732	0.500809640224	0.240497272942	0.499347511741	0.27589507149	-0.385298208756	0.548855172641
CEFOPERAZONE	0.480214335946	0.283008473366	-0.107811601628	0.254332899641	-0.213865766604	-0.418616076914	-0.21464555206
EPITIOSTANOL	-0.489749542554	-1.2173551851	0.190086595092	-0.485203137583	-0.309077364387	-0.900521369074	-1.1749635511
RG2833	2.06271647052	1.00628180137	0.563550550511	0.792010381635	0.454081001075	1.02437015094	0.871739039065
CAFFEINE	-0.561623661919	-0.650808478067	-0.00414710120441	-0.227205955048	-0.360841254722	0.0320599393523	0.448299253012
PARBENDAZOLE	-3.21220265611	-2.51425505521	-2.04600986947	-1.57046951172	-3.93428920135	-0.0695753342207	-3.52427061212
ETHYL-PARABEN	0.550408413058	0.275170274213	-0.113384225324	-0.138957807495	-0.181252146868	0.363882234991	0.263805538658
ETHOPABATE	0.50166611406	0.213859006546	-0.159314144328	0.138300689348	0.105485006411	0.489310746929	0.941273215702
S18986	-0.165739117442	-0.583237319006	-0.537309574774	0.334252887918	-0.163717470221	0.140586488916	-0.188275671633
SULFANILAMIDE	0.647267602937	-2.21185375025	-0.349775966747	-0.831818439923	-0.474398317859	-0.123330506455	-1.81199049944
CELECOXIB	0.0822222299102	0.495515883019	0.13611517103	0.476219845391	-0.159165692594	-0.365104618318	1.06097788768
GEDUNIN	0.599408870495	0.382060729721	0.302544895855	-0.111965824461	-0.114584125996	0.194905006173	0.10134135665
HYDRASTINE-(1R,-9S)	0.534358257922	0.566443575304	-0.0765699563524	-0.468859796782	-0.242519498938	-0.231121035198	-0.233390156922
	0.534358257922	0.566443575304	-0.0765699563524	-0.468859796782	-0.242519498938	-0.231121035198	-0.233390156922
CEFUROXIME	0.0607531855675	-0.789980400219	-0.274676198674	0.293740359383	0.0485936445119	0.559278490632	0.856104404656
METHIAZOLE	0.93299361827	-1.90475620406	-0.216057486085	-1.33468485265	-3.8816924866	0.602714042161	-3.24897823942
CRT0044876	0.874524073498	0.725397933563	-1.06682225238	-0.232860478351	0.389567798953	0.805663844407	0.302436579398
MINAPRINE	-0.12509374519	-0.1153810411	-0.406009218091	-0.255822427764	-0.436187602133	-0.141920330595	0.33051799108
KIFUNENSINE	-0.14581805056	-0.269644469599	-0.0100181314517	-0.465484954712	0.155811864976	0.605021028681	-1.6191054138
CLOFOCTOL	-0.58666637766	0.982535809379	0.025190392761	0.504814620642	0.199453897226	0.722531122166	-0.0120580402692
PRECLAMOL	0.536658383206	-0.354576900346	0.176963217314	-0.184074508821	0.250922414368	0.850547166143	0.22509158896
DASABUVIR	0.00131254736943	-0.456164530866	0.255064350713	0.757213397707		0.29565052858	-0.0649417167238
BMS-299897	0.138722519198	-0.161597731029	-0.126718705842	0.0629517632575	0.0622546900064	1.22702450985	-0.311523008244
NARINGIN	0.650170407344	0.187473211884	-0.0629983246033	-0.024052172102	-0.296451130229	0.146345697383	0.247873912591
SU-11274	1.34540610276	0.0763264537386	0.504004104238	0.119366917442	-0.196414429682	0.590682995262	-0.00647912622928
	1.34540610276	0.0763264537386	0.504004104238	0.119366917442	-0.196414429682	0.590682995262	-0.00647912622928
SECALCIFEROL	-0.122183640413	0.0951942958371	-0.266235042947	-0.854655332834	-0.170918214597	0.299831158551	0.124966374949
LAMIVUDINE	-0.614862947389	0.221718634292	-0.0615021419183	0.262351077964	-0.672884984388	-0.0624204179886	0.371350705625
PF-477736	0.606077612575	-3.55445427441	-1.45739990987	-2.43558752898	-3.61508686331	2.28227461987	-3.27295014385
PF-477736	-1.07432391437	-3.06667500856	-5.06671173042	-3.77690159482	-3.29898264339	-1.22600387652	-2.87589761282
LEVOSIMENDAN	0.106000383788	-0.783327792353	-0.111385445474	-0.128525575774	-0.447548891301	-0.608704867538	-0.12633973499
NSC-663284	-0.76795737191	-2.44403835189	-2.5949078876	-1.43365324794	-2.20262485014	1.0790501387	-2.5761373178
GSK3787	0.261705803391	0.92443273916	-0.436386741227	0.20745671912	0.147336742173	0.421592831068	-0.179091991208
THIAZOVIVIN	0.0213546493477	-0.153844852457	-0.276239667976	-0.408403238639	-0.17339463749	1.04651726574	-1.70667573748
ROFLUMILAST	-0.930238757246	-0.297621196248	-1.08201955106	-0.455440934594	-0.55321758806	-0.925720783156	-0.0748547412964
TRIFLURIDINE	-0.138186396737	-2.33105790298	-0.309022041795	-1.0804618537	-4.15458027142	-0.877020005225	-3.15224512231
TRIFLURIDINE	0.483076187202	-1.28560358231	0.0277232375727	-0.931437722626	-0.24820297704	-0.59362148488	-3.05801835767
1-AZAKENPAULLONE	-1.15771729592	1.15950949459	-0.162988405258	-0.135442859565	0.0482399281061	-0.605250458171	0.328398290855
CCT137690	1.00056507322	-3.15322581212	-0.52359403922	-2.45412648268	-2.03093472798	-1.05912681874	-3.84242703834
LERSIVIRINE	-0.196455938706	0.0999034367618	0.16873695867	-0.137946924359	-0.290187231846	0.0874608523293	-0.0109751329917
NU-6027	-0.748176464521	-0.786599038927	0.0939260512722	-0.216353130977	0.0995426249493	0.407194046739	-0.584352007863
	-0.748176464521	-0.786599038927	0.0939260512722	-0.216353130977	0.0995426249493	0.407194046739	-0.584352007863
A-7	0.280329304912	0.0712535774139	-0.0456925144688	0.633945915982	0.148034069293	-0.528810828652	0.716406855079
ECABET	0.143691452672	0.337351171952	-0.230206576859	0.189588800695	-0.633488890326	0.735566442501	0.558201665399
ROQUINIMEX	-1.8538328427	-1.37444001708	-1.50153195311	-1.30788695059	-2.16296890893	-1.24844718322	-2.16086978905
COBIMETINIB	-0.354915593192	-0.708206600599	-2.83832947925	-1.82480591345	-0.548714340677	-1.17857770372	-3.27603750995
AZACITIDINE	-0.362400418356	0.0654623528915	0.512202545325	1.22170468504	-0.735618725504	0.338429507427	-0.126258187346
FORETINIB	-0.384764518332	-3.12734065478	-3.80677520576	-1.19596642777	-2.60683053805	-2.60189542852	-1.10686515006
AMYGDALIN	0.569750269143	-0.298623508912	0.279481796455	-0.260221394801	-0.645231307994	0.0946983524663	-1.0612165015
XL388	-0.0405750492439	-1.25810463103	-0.0711703070021	0.478032418217	-0.668658121697	0.578122138511	0.0784693310862
DMNB	0.700940902154	0.694193542964	-0.308896470925	-0.0337367260962	0.13579263447	-0.370211801295	0.344450639549
IXABEPILONE	-2.64228277603	-3.86395763775	-5.45885527054	-3.17086427018	-5.71887747652	-4.77828226976	-3.44878337999
HYPOXANTHINE	-0.521899432093	-0.666157367287	-0.594433101407	-0.520260069608	-0.218955623265	-1.15703819555	-0.887617108136
RACLOPRIDE	0.821209966833	-0.183968592272	-0.582605898398	-0.222852926539	-0.16581234482	0.402197201257	-0.4289547208
NEPAFENAC	-0.353593486049	-0.190463324532	0.000627337606233	-0.347405751619	-0.50807470734	-0.185167428819	0.214671499331
BERGENIN	-0.116861370161	-0.162627206179	-1.10690076127	-0.380304017889	-0.0192840153333	0.327237004953	-0.42475753963
OXYBUPROCAINE	0.42889521788	0.0530003853839	0.58687102914	0.425579584855	0.473031071023	0.0813257288791	0.973991158708
OXCARBAZEPINE	-0.690852527184	-1.16397255721	-0.298721505828	-0.586198040361	-0.53270518512	1.01858261122	-0.500495204406
FAVIPIRAVIR	-0.382862890329	0.0811847034491	-0.423301508652	-0.343788881155	-0.794937145777	-0.331937152625	0.127127559508
DROSPIRENONE	-0.461674788995	0.0055603582962	0.738095685428	0.0483672513904	0.141398517777	0.530706395071	0.452364575141
DROSPIRENONE	0.0493864841333	0.786100063667	-0.0246239242371	0.207366540917	-0.375403959729	0.723879401468	0.115099862027
SB-222200	-0.125245270953	-0.418932439496	0.183609672048	0.0129093940623	0.0131537486757	0.444619829423	-0.145513205439
7-NITROINDAZOLE	0.263232165937	0.07928007627	0.356872984123	-0.307427325753	-0.0757480350428	0.214358161254	0.60821482002
7-NITROINDAZOLE	-1.4489608074	-0.572009431598	-1.27570999102	-1.87027579808	-2.75165732741	-0.131336133525	-0.299279069578
LITHOCHOLIC-ACID	0.18253781984	0.535069555125	-0.141037210233	-0.254375534631	-0.846138374695	-1.47334261613	0.636664548735
EPIRUBICIN	0.0389393169768	-1.56037900918	-6.03203530239	-3.24656983021	-6.42356324161	-1.5897995958	-3.8914948888
4-PYRIMIDINECARBONITRILE	-0.707905447018	-2.21155152664	-0.127185391385	-0.461987113204		0.512611811005	-1.14879398369
OCTENIDINE	0.564960259884	-1.88303267819	-1.7121637268	-2.17928451745	-3.38683476904	-0.259360215118	-2.47224979944
YO-01027	0.451040062749	-0.216780959567	-0.322702072236	0.184674415459	-0.391380556257	0.0202189030223	-0.335623124165
BIBR-1532	-0.131002874115	-0.641576947043	-0.961388348638	-0.802760411712	-0.794439121684	0.61036031405	0.586414306099
D-DELTA-TOCOPHEROL	0.609276788428	-0.204888523186	-0.527380137654	0.0204379345092	-0.0841528197429	0.661000581406	0.10825907153
AGI-6780	0.220961724767	0.604485482431	-0.221995242736	0.218035584668	0.00591201130837	-0.273834808208	0.524308712
CLEMIZOLE	0.466560826824	0.153128339841	0.235288306661	0.318721726879	0.239590159319	0.589166349124	0.779322466663
CIPROFLOXACIN	0.0806988292188	0.105442210707	0.225218328688	0.520794448487	0.225376124568	-0.173197426826	0.15169925595
GSK1904529A	0.139246393232	0.213171588133	0.458081537896	0.445246316966	-0.230327461249	-0.0194411316844	-0.659902848175
ALOE-EMODIN	-0.199878797893	0.0389325196252	0.0755427808949	-0.260235935084	-0.335063648983	0.0375579530755	-1.19526988979
GSK-3-INHIBITOR-IX	0.547664878665	0.739993407925	0.628789316401	0.608360395668	0.210379558572	-0.3750664163	-2.01327630213
NEBIVOLOL	0.0502867777671	0.333040618887	-0.403556474384	1.12692838771	-0.30132254013	0.790419613149	-0.895165839596
LY2334737	0.583711467714	-0.405357147111	0.680548650351	0.420541952433	0.624047637949	0.390201673453	-1.8595519604
PHYTOSPHINGOSINE	-0.535797882262	-0.581468321097	-0.564590537153	-0.328891644203	-0.480231349011	0.254510700742	-0.573629268887
PD-184352	-0.222810685756	0.123276584593	-2.8411484421	-2.24516449632		-0.809316013165	-1.8962479541
ZK-164015	0.40883276763	0.227299368654	-0.117587953499	0.442793329481	-0.174369726908	0.290241905602	0.0780530402081
NGB-2904	-0.3973637865	-0.324499553904	-0.0481573904697	0.0331189404037	-0.575562391245	-0.0790505439612	0.0344886761287
LUTEOLIN	0.00148270913035	0.318226266909	-0.0961085523906	0.709000199745	0.424688506228	0.29209296269	0.0470960415882
SC-10	0.124496034357	0.178859409721	-0.223401111114	0.813559519504	0.0527024844991	-0.0990048969404	0.927190451649
NICOTINE	0.495815003898	0.544247495723	0.0766523321591	0.80916906561	0.254219652837	0.998477717628	0.742423995715
HA-1004	0.405552619565	0.118289921992	0.280472866403	-0.0588368163485	0.257414764331	1.02669448458	0.0959442756861
E7449	-0.939759552926	-1.13875538002	-0.277571510728	-0.964445777076	-1.96918090865	-0.154479367695	-0.658428304226
WP1066	-0.929684003444	-3.94355933996	-5.74841161425	-3.17889399718	-2.4072986417	-2.01650576982	-3.90307073964
LEDIPASVIR	0.497446253671	-0.0938193300001	0.0649612291975	0.735637848368	0.619752619639	-0.687853246306	0.0548025049458
JX-401	0.259189324526	-0.357415373233	-0.225855216568	-0.228827926673	-0.0166552464817	-0.538368104635	-0.160151491166
DRONEDARONE	0.0121389096951	-0.656326921608	-0.0740487793569	0.100569915465		0.298228277508	-0.721440561316
L-745870	0.315318786543	-0.225541635558	0.156298858112	0.229511417939	0.00243241273291	-0.127808759768	-0.375922014237
TOBRAMYCIN	0.178302079646	-0.166894110134	0.205665148455	-1.24002404167	0.0995192497116	-0.0696173181773	0.628350529668
SEVOFLURANE	-0.266014625757	0.194476614842	-0.0208238074296	-0.941367905102	-0.128181416067	-0.105657328845	-0.314353687037
RALTEGRAVIR	-0.241125372402	-0.187487627058	-0.448143197268	-0.00286604171537	-0.273691439869	0.743459911404	0.719663900457
DICLOXACILLIN	0.59176135589	1.03585697151	-0.0534902885363	0.675681557792	0.181697727365	0.548364770986	0.286934033409
PSI-7976	0.704751888998	-0.0193791770945	-0.126154147429	-0.271889443652	-0.779071249345	-0.696130633826	-0.686454256227
	0.704751888998	-0.0193791770945	-0.126154147429	-0.271889443652	-0.779071249345	-0.696130633826	-0.686454256227
PSI-7976	-0.118566213858	0.534686445146	0.177448057314	0.0824282421337	0.378289358967	-0.0880848762667	0.528043728777
	-0.118566213858	0.534686445146	0.177448057314	0.0824282421337	0.378289358967	-0.0880848762667	0.528043728777
PACOCF3	-0.232634878436	0.260711078542	-0.362476208761	-0.158482637648	0.275244864066	0.382862919254	-0.348392759218
AZ-628	0.262847956145	0.63364949654	-1.34809426046	-1.36093477456	0.172394555364	-1.63732988678	-1.44355598932
	0.262847956145	0.63364949654	-1.34809426046	-1.36093477456	0.172394555364	-1.63732988678	-1.44355598932
	0.262847956145	0.63364949654	-1.34809426046	-1.36093477456	0.172394555364	-1.63732988678	-1.44355598932
SOTAGLIFLOZIN	0.0153461902181	-0.147139610733	-0.466742805718	-1.10498758319	-0.842997551731	0.36967687356	-0.290307018649
SODIUM-BUTYRATE	-0.825807835221	0.507613178198	-0.136423859391	0.162674475061	0.147354285662	0.00829970048988	0.647684200926
DEXLANSOPRAZOLE	-1.35509806612	-1.41809841283	-0.247483513962	-0.26035427202	-0.252938034495	0.520808431467	0.243140976727
LIMONIN	0.533174370602	-0.168589935496	0.0124068564091	-0.831180487566	-0.304763116038	0.115615383692	0.60614966738
NONIVAMIDE	0.362266514902	0.449921003737	-0.103300319371	0.322005995895	0.015910680351	0.300598430715	-0.431601988739
DIXANTHOGEN	-0.457771557836	0.241889100351	-0.203179562169	-0.260559085203	0.22932207254	0.735171414426	-0.515834382669
FLUCONAZOLE	-0.0937347343333	-0.116144513215	0.0380527977716	-0.111200953473	-0.0297550197279	0.103816308968	0.319388483988
TELENZEPINE	-0.63210406534	0.0823035871908	0.275718311069	-0.0557651244229	0.0352826200301	-0.462658482499	0.412837590439
METHOXYFLURANE	0.131098443335	0.136277947496	0.0403968950243	-0.237445849972			-0.071048005769
CARBETAPENTANE	-0.409987121748	-0.0220452886649	-0.496598323668	-1.128166436	-0.302485711836	-0.257400989926	-0.0147339546402
YS-035	-0.810911702069	-0.0526781607039	0.0637954976672	-0.548839734982	0.224236280665	-0.151011535209	-0.404192839616
DUP-697	0.472240888601	0.00756139833837	-0.160002118539	0.0217421513785	-0.866055908392	-0.192588910071	0.41201660891
POSACONAZOLE	0.0264928090336	-1.1496104055	-0.0109094272133	0.534606533797	-0.0958396350943	-0.344714435863	0.385217337787
LY364947	-1.04864727253	-1.1978472249	-1.89013554395	-1.97725362972	-2.49824863652	-2.36698186468	-1.04710810026
RILPIVIRINE	-0.403237728372	-0.402132559794	0.328796596574	0.0461276040135	-0.0982738737404	-0.674893757727	-0.479300880396
UK-383367	0.8504804123	0.480671595851	0.310537765078	-0.296015017254	0.594345630442	1.09705644349	0.657545878653
TIZANIDINE	0.190732561696	0.454585021247	0.00978534577991	0.407966349503	0.117158979959	0.637396749811	-0.0225936658
PRAMIPEXOLE	-0.255804380622	0.721375270203	0.330600853992	0.688905572136	-0.0768506654766	-0.0866428069793	-0.143166749487
FLUDROCORTISONE-ACETATE	0.59233563184	-0.886472968396	0.106142174511	0.633476639181	0.41681072792	-0.948859355753	0.302664813802
RYUVIDINE	-2.48272598549	-3.61866575303	-2.15836134102	-3.22011141373	-3.05855283838	-1.53931812908	-3.14815905978
ASP3026	1.10257927528	-0.0492523687958	0.38357477881	0.830196861566	0.242070693543	-0.168615735573	0.0728708444419
BISINDOLYLMALEIMIDE-IX	0.946068967197	-0.601548972805	-0.268310517739	-0.950109946122	-1.71119390472	1.20225943611	0.105967286554
VORICONAZOLE	-0.332010636895	-0.0941433068727	0.048128864423	-0.11501503626	0.257884259675	0.395469369855	0.283670765193
LE-135	-0.170093227338	0.0264115135275	-0.0988724946901	-0.407705114155	-0.211945673614	-0.281719060829	-0.855210705181
OLEAMIDE	-0.662526079492	-0.613380976357	-0.197159196608	0.0366882392093	-0.121269377642	-0.71473448065	-0.526813738974
NAFAMOSTAT	0.0110280850676	0.390684196554	0.437936821936	0.0331813379856	0.127388747164	1.09447522994	-0.0874315071759
GSK1838705A	-0.311012388297	-0.274762460463	0.487822536985	0.206867147803	-0.0287631185421	0.166441118188	-0.629121623971
NOBILETIN	-0.441494691366	-1.9853897425	-1.0857222115	-0.408187955031	-1.57742160164	-0.32320649091	-0.717224523114
ISBUFYLLINE	0.603100530116	0.866018268238	-0.306245385752	0.600847057321	0.630656295428	0.285635494118	0.363699784854
FOSBRETABULIN	-2.41836008182	-3.37478175113	-4.15718854973	-2.30301886024	-5.80707750966	-1.65852883658	-3.07364415552
AM-580	1.16706405264	0.609353114888	0.116545242957	-0.125901790968	0.159466930939	-0.25852499312	-0.731736336302
CABAZITAXEL	0.770354766229	-1.93329037744	-5.05440893371	-2.7075202709	-3.38388236495	-1.92428429544	-2.89404343248
DEFERIPRONE	-0.154160892619	0.087747238774	0.179743000726	0.262260740217	0.0662046830123	0.713360405416	-0.21562737287
TEBIPENEM	0.147198903487	0.00621746688974	0.343531856771	0.12848937911	0.260180139001	1.04617699778	0.916872185696
MINOXIDIL	0.603985348629	0.308789020439	-0.0792525819523	0.448353242508	0.000260962757388	0.924698241957	-0.0923303254496
PROMAZINE	-0.40400902842	-0.221634934272	-0.139251415776	-0.0822483545095		-0.474570641954	-1.08090719799
BMS-599626	-0.313268919398	-0.20112226772	-0.477736229005	0.372710832417	-0.339008563603	-0.377478882075	0.388374572959
FIACITABINE	0.62576665664	-0.104196537304	0.287602984327	0.220096674375	0.449788581109	0.373924494484	0.0471204109414
STREPTOMYCIN	0.0609850750831	-0.936952159934	-0.243576012309	-0.673927422249	-0.615741604625	-0.302162261632	-0.129928824532
FRENTIZOLE	0.591531337847	0.896448495384	0.23011833812	-0.974101389496	-0.552723202571	0.619923672296	-0.245849598228
TRIMETHOPRIM	0.0283863118984	-0.00560576252458	0.328871505652	0.366799681743	0.252390480498	-0.325900019418	0.738989775674
CINNARAZINE	-0.34672281322	-0.717534320789	-0.389564938211	-0.480629158303	-1.09538682348	-0.841299472952	-0.762821640015
CINNARAZINE	-0.15753460441	-0.491096548057	-0.529513780874	0.724531495074	0.339439564184	0.491572040147	0.979103274945
MOCLOBEMIDE	0.852261773075	0.668237072306	0.231475227869	0.428084403957	0.469998334147	0.682991284693	0.956834768667
DEXRAZOXANE	-1.86633993683	-1.78155918446	0.161504597446	-1.2367279823	-5.35886302587	1.90186073857	-0.586235600807
OXYCLOZANIDE	0.108357901963	0.0180905991004	0.128744928694	-0.388148879963	0.106809208044	-0.798643989368	0.576146565481
PF-04691502	-1.9001314632	-1.80188258709	-5.6898427183	-3.42295293194	-4.06223042711	-4.41801875842	-3.47112764774
BENFOTIAMINE	-0.303409478981	0.0875812633371	-0.42179746006	-0.756672314727	-0.389755049699	0.290160760648	0.0189392043577
PAROXYPROPIONE	-1.02436079389	0.326126829572	-0.106327890449	-0.00243461827172	-0.194205826249	-0.630272924297	0.281480759599
BAM7	-0.0416175771458	-0.599762050538	-0.351762754312	-0.713583884367	-0.760824324681	0.254108206956	-0.549244535777
WHI-P154	-0.0951035008712	-0.128126855573	0.159216924555	0.240239575829	-0.654380369875	-0.312958200865	0.0687108644385
BRL-37344	0.178103057664	-0.150754502889	0.322563990219	0.0777106656413	0.0703206644638	0.322992282177	-0.0930727514028
CURCUMIN	1.32597241966	0.10521813853	-3.11222373089	-0.233517828184	-1.19022358735	-0.603582045985	-0.39836572044
DEXLOXIGLUMIDE	0.0581146396144	0.0790185359174	-0.151448784011	0.34700477663	0.128149699426	-0.46764879494	0.504042880869
SPARFLOXACIN	-2.00983725801	-2.84889517818	-4.73926697019	-2.56263426399	-4.43136711636	-2.53370852048	-2.96907935755
SPARFLOXACIN	0.476209418277	0.0887478841361	0.0830666393078	-0.936793825422	-0.821809405104	-1.0217693582	-0.869834872974
ROSCOVITINE	0.3846759732	1.0276529302	-0.0481182057649	0.297019965764	-0.111729275829	0.430131263228	0.835222630047
VX-702	-0.547208076784	0.0650778206188	-0.158726093241	0.112782145551	0.327077019418	-0.196829427421	-1.18526649297
ACECAINIDE	-0.423997719446	-0.049363741637	0.000819534666289	-0.233473172535	-0.640449989017	0.811508943928	-0.0260626001625
AMINOPURVALANOL-A	1.01772929509	-1.5579973291	-0.192130562647	0.178638853357	-0.621431769636	0.397056001993	-1.83457957634
PSI-6130	-0.226452875384	-0.311053035674	0.0278284088596	0.326319908819	-0.701321702418	-0.0287106955445	0.209985605112
ALVIMOPAN	-0.239560225402	0.48596008412	-0.0886199428851	0.0857965706609	-0.311909269623	-0.254097023066	0.109918288339
DANUSERTIB	-0.84209997862	-2.08391313431	-1.47524962852	-1.96086444229		0.957813378301	-1.94296092305
DANUSERTIB	-0.241210391151	-0.814088000802	-0.770157066611	-0.355935467338	-2.85234017359	1.67822152919	-2.30695952569
QUININE	-0.0188950666888	-0.220935508869	-0.0393066403428	-0.0195785801617	-1.29796490128	-0.0766674206898	0.291915771262
2-IMINOBIOTIN	-0.0327760363513	0.0322545258184	0.295550898951	-0.175636591389		-0.21667424495	-0.434156191512
PF-05212384	-1.9300552926	-2.81454535232	-4.60411574319	-1.69848586214	-3.40002429223	1.77631257103	-1.2209093597
GSK2126458	-2.74668483255	-1.57281084044	-6.2402692887	-3.0518361386	-6.39693129956	-4.17697890427	-3.76491716158
LINCOMYCIN	0.624229984291	0.160043354669	0.257966716888	0.568953312414	0.393619998216	0.556912258183	0.021227935926
ARBUTIN	-0.644421039373	-0.152954392146	-0.515400553619	-1.25247143791		-0.774864717345	-0.508425164175
TETRANDRINE	-1.26237532686	-0.850861285105	-2.80185262698	-2.47893252675	-4.34820990954	-2.671519775	-2.42437042137
I-BET-762	1.00240152124	-1.50244556132	0.92940740254	1.50613166439		-1.054096952	-2.40794051819
L-701324	0.183719325847	-0.305494020687	-0.0686542229538	-0.0484961864416	-0.565360255768	0.997655255008	0.573259718601
DANOPREVIR	-0.0324322314659	0.54292162757	-0.264996707536	0.34207325889	-0.267141985301	0.335983163711	0.714244869737
CHLORAMPHENICOL	-0.684965990683	-0.764800649552	0.116567875613	-0.422346198211	-0.914296191422	0.267359955655	0.324237462874
ASTRAGALOSIDE-A	0.942578286356	-0.132163928893	-0.0279456449402	-0.0767548395476	0.233520147772	0.155662362716	0.661816017127
ENTECAVIR	-0.356394416987	-0.717196300202	0.388554338809	0.153135165919		0.776002640897	0.0401833463829
WAY-200070	-1.34045966755	0.444682695737	-0.537337049209	0.0858138661574	0.46298196845	-1.01863875003	-0.49892843206
PROPOXUR	-0.253356735014	-0.139461684196	-0.734415472287	-0.236253386344	-0.0480150020096	-1.17271542635	-0.538254656199
LCL-161	-0.41004850692	0.433661022999	-0.184832046263	-2.3349875848		0.462102473702	-0.713940438754
FALECALCITRIOL	0.173988463169	0.0268442593219	0.556274844586	-0.19859857924	0.245404047199	-1.16029403632	-0.0462825347854
DICLOFENAC	0.217834870763	-0.0146692420467	-0.054178650641	-0.0139581048717		-0.0246792258766	0.896724746191
GRISEOFULVIN	0.347002049138	-0.39713231771	0.0203555230654	-0.276844974022	-0.0272758057262	-0.261090750898	-0.509408823088
BUTYL-PARABEN	-0.322474566561	-0.422062649782	-0.444272782275	-0.0217441779523	0.147247028101	-0.487240713293	0.157878749986
1-ETHYL-2-PYRROLIDONE	-0.388051774858	-0.625358498659	-0.267619483301	-0.033058800202	0.181761287465	-0.447173546434	-0.596585648887
CHLORPYRIFOS	-0.168811330087	-0.286104882512	-0.318705692028	0.33165573399	-0.146163463815	-0.676269158484	0.0378050241223
AG-1024	-0.270566995288	0.0709100611261	0.163323708781	0.0904629009898	0.352422342415	-0.274144800742	-0.273558544669
XYLOMETAZOLINE	0.354058521779	0.213058393982	-0.562538469107	0.0164387836232	-0.67319764938	0.327767516823	-0.473561389958
SALICYL-ALCOHOL	0.551771253421	0.397892225476	0.0239802747689	-0.141231211092	-0.229003073857	-0.147985481142	0.326085605778
SARAFLOXACIN	-0.590499949135	-1.20702839013	-1.16143445357	0.814810468481	-2.87297410994	0.779784299171	-0.797412708203
GAMBOGIC-ACID	0.996546417685	-3.4810133062	-5.31087778037	-3.12736045578	-5.62004716889	-0.36712573547	-3.54464174283
IRINOTECAN	-0.989831133027	-2.84854372524	-3.74070060974	-1.73757177917		-1.26710054822	-2.66084516178
RAMATROBAN	0.135485888878	-0.0537976769991	-0.0917401422861	-0.275075478171		-0.173724686943	0.129545318345
THIOPROPERAZINE	-0.0104385887491	-1.60363249482	-0.459284191826	-1.17596081599	-0.384451590292	-0.393533656225	-1.68265966171
TREMORINE	-0.139814899348	0.0590430168898	-0.144792879176	-0.124540172733	0.249945475163	-0.166786012142	0.491906722441
RS-100329	-0.203150862322	-0.38070789319	0.227304789518	-0.0356065256908	0.363779283856	-0.652998007532	-0.136547915541
IBANDRONATE	0.460585390347	0.159216512389	-0.073490968735	-0.222977275965	-0.939944815226	0.250543883946	-0.502296217209
3-AMINO-BENZAMIDE	-0.235821940998	0.951277479432	-0.380887088207	0.166780133394		0.623354645399	0.476888149388
FENACLON	-0.606297811883	-0.332070958987	-0.0917521180016	0.209059617135	-0.39391204456	-0.607733288406	-0.715754408361
PELITINIB	-1.02371238802	-1.01998650839	0.193085415627	0.166690138684		-0.798560304159	-2.00858200902
NARINGENIN	-0.327175280916	-0.580722445027	0.12648801828	-0.162557851731		0.436886210026	0.00465067531828
ACTINOQUINOL	0.23873493271	0.183291147118	0.214187969679	-0.324710114257	-0.743625533152	-0.0541253418607	0.48461100307
DU-728	0.71669852825	0.0556327264853	0.00561794417446	0.508552113769		0.235065307861	-0.824411660031
FEXARAMINE	-0.733715708306	-0.0109616758936	-0.241651191131	0.121133442155	0.0969583149477	-0.340524465693	-0.161976964144
CCG-50014	-0.371017583299	-0.626350931578	0.027690560661	-0.389515623491	-2.23259461752	0.717964581316	-1.14716617953
PALONOSETRON	-0.806758356155	-0.838865929722	-0.382042640457	-0.278963709714		0.00654411161407	-0.412625238584
U-0521	-0.0343839233007	0.0916630923411	0.0130578274033	-0.667650349547	-0.096302979624	-0.184646805241	-0.89140249832
AZELAIC-ACID	0.0813666094501	-0.223163615848	-0.283451239624	0.0571038713111		-0.238078034359	-0.752828591839
ZOLANTIDINE	-0.162642492517	0.373051617691	0.480798486776	0.858357518698	0.0636429664085	0.499863998924	-1.5909660338
FANANSERIN	-0.252965372897	-0.650602417331	-0.412656821597	0.279620131244	-0.214651151102	-0.302355022651	-0.273851397442
PIPEMIDIC-ACID	0.339158295165	0.504176953459	0.106298534452	0.165533342143	0.0838041230597	0.0477141421808	-0.069984920642
FIROCOXIB	-0.442136579758	-0.0688007912892	0.145588271676	-0.0509535331545	0.366296351716	-0.93355343096	-0.470193797715
CP-945,598	-0.235178825295	-0.509715819421	-0.309328633091	-0.368635194333		0.00735878446337	0.097306181063
NEPICASTAT	-0.855322308732	0.0771591849714	-0.590441791621	-0.159393486944	-0.015552658763	-0.270516713573	-0.0254224781801
D-4476	-1.17133151748	-0.393758337392	-0.43138130781	-0.769611638719		-0.196374223835	-0.588818764896
CLIOQUINOL	-0.0192261969357	-0.0311227201207	-0.219889256204	0.168388813819		0.115964463765	-0.761265168761
CARZENIDE	-0.0107714568849	-0.223191145428	-0.0327886731633	0.795223404872	0.556640683212	-0.62248007892	0.398311985166
1-OCTANOL	-0.3378037455	0.135050019777	-0.162046014585	-0.113002976387	-0.670898920144	-0.634694875168	-0.690613668898
TARIQUIDAR	-0.471176862836	-0.000136294994979	0.158285378832	0.265649058806	-0.142791897038	0.148474052551	-0.117643972348
MERIMEPODIB	0.692623608616	-1.97282921245	0.0045503858647	-0.86130649095		1.21518191687	-0.0152843049488
SR-57227A	-0.395143605244	-0.344051896759	-0.493144148054	-0.474603464051		0.151659631139	-0.306437876746
LOVASTATIN	0.20968287146	-1.00932965645	-0.090737657199	0.277817964834	-1.36664191133	0.142075736935	-0.129945912352
TAS-103	-1.65384600562	-2.76739410785	-1.230332914	-2.80355536631		-2.22489937259	-2.77646271512
PHA-680632	-0.302984457198	-2.39730122989	-0.127296497006	-1.32298604235	-2.05780914041	2.41055114368	-3.64574970068
LEVOFLOXACIN	-0.755148099402	-0.0876145983113	-0.16499039793	-0.176072317491		-0.798335068991	-1.16376000799
NU-7026	-0.0430218433166	-0.213576652799	-0.450763831911	-0.205906465885	-0.137486524599	-1.73591133574	-0.391326330258
MIBEFRADIL	-0.00998230626746	-0.347608216493	0.155560787424	0.0574372148207		-0.412370747563	-0.130241456539
FORSKOLIN	-0.89809308843	-0.451874533397	-0.259109302677	0.0209510889814		0.0600633454298	-0.00231989551187
CD-1530	0.544548006239	-0.0340621453053	-0.0379604762384	0.959284010938	-0.00717568966384	0.573958449641	0.322686527899
DS2-(806622)	0.522566843519	0.599459190603	0.115626724113	0.364921111544	0.266728028419	0.0953707677789	-0.234147796513
M-3M3FBS	0.603691128697	0.220835167957	-0.106447222891	-0.283901040755	-0.322792912466	-0.381326514321	-0.532289425991
LORECLEZOLE	-0.970530214136	-0.117632207023	-0.270736900301	-0.359526261017	0.470771267308	1.06684138196	-0.28474876726
VARESPLADIB	-0.108153649261	-0.191033426129	-0.376968253674	-0.44117608509		-0.571103387674	-0.900437542458
ATAZANAVIR	0.682995910724	0.388003830874	0.00481038859098	0.346604087562	0.0199020299616	0.502695490877	-0.0186359546141
FGIN-1-27	-0.294269011861	-0.244431650451	-0.0344896262045	-0.51051234814	-0.167039265183	-0.51093979483	0.146652431004
BAKUCHIOL	0.727252694665	0.113512591372	0.126489236691	0.212626849801	-0.129237833215	0.609468138236	0.632166805503
VS-4718	1.13437680299	-1.02834107189	0.0878505686713	-0.198857606771	-0.355033516589	0.28200611656	-0.922019416867
CAFFEIC-ACID	-0.170525615012	-0.369520995424	-1.61926356791	-0.468053895755	-0.89517314062	-0.295920048734	-1.29155435585
DABRAFENIB	0.538778059985	-0.213014131503	-0.862156203907	-0.88603149756		0.278634793909	-0.864495423786
ENISAMIUM-IODIDE	-0.0110588380149	0.199133632025	-0.367691083702	-0.0973171591157	-0.481961388139	-0.638770926125	-0.290164816268
DANTRON	-0.0652451392943	-0.464085071342	0.383309622372	0.883750037899	-0.12712560414	0.719610728966	-0.237088958261
ERTUGLIFLOZIN	0.354683010571	0.816629692914	0.257707870076	0.310576572627	-0.515793218232	0.0352085921179	0.0699167143105
L-701252	0.74044857474	0.38892848289	0.143070923491	0.560433143956	0.264676051365	0.021764168549	0.192343454776
PSB-11	0.586067120474	-0.164235072292	0.386709688163	0.613775910284	0.424604629168	1.33812818122	0.117386377756
BESIFLOXACIN	0.328940781783	0.166685675442	-0.282178307238	0.209804260684	0.335621316654	-0.304761169039	0.937125069104
MECLOFENOXATE	-0.0245488507153	0.285531290115	0.205968684568	0.393604869105	-0.440654318658	0.304768884106	-0.906758704856
TENIPOSIDE	0.226064236551	-3.29338866695	-0.837389726908	-1.93408757028	-4.06555197717	-1.71572099489	-3.10998157603
MRS-3777	-0.0383238473905	0.0517600549463	-0.230345167971	-0.21887019879	0.0743344835733	-0.81385895813	0.400898762443
	-0.0383238473905	0.0517600549463	-0.230345167971	-0.21887019879	0.0743344835733	-0.81385895813	0.400898762443
HEXAMETHONIUM	0.175504836771	0.834642908354	0.0980303814971	0.404417352259	0.637890701503	0.96074522387	-0.2802418399
SULFASALAZINE	-0.326101552312	-0.206645509599	-0.842094554085	-0.164260656306		-0.302281009999	-1.074609515
SULFAPHENAZOLE	0.416189545018	0.562201867942	0.0698560514413	0.248873602358	0.214716541886	0.0927320319476	0.840941921334
S-ISOPROPYLISOTHIOUREA	-0.152243711767	-0.0678328110806	-0.26586651264	-0.487905638001	-0.14940857649	0.167815832268	-0.548172395774
GW-405833	2.34825808608	0.463049221598	-0.0732629266303	0.900586453607	-0.769396972427	-0.517403166377	-0.118378467048
RIVASTIGMINE	0.719022096929	0.487485970195	-0.298737222247	0.14951192924	0.294889467497	-0.678217927733	-0.225166577932
XYLOSE	0.166706841977	0.231514881789	0.470620087208	-0.0536291235521	-0.0770578739774	0.0171895089389	-0.383886909187
TEMOCAPRIL	-0.306304856002	-1.76219053264	-0.208256815749	-0.410047296309	-2.73456971492	0.306456441322	-2.13746610863
CLOBETASOL-PROPIONATE	0.276374927983	-0.156606553954	-0.39215322014	0.313838369673	0.166478074751	-1.05188794537	0.930979399798
SITAFLOXACIN	0.198125580166	-0.220508836404	-0.215935241237	-0.413671007903	0.367202258595	0.0664825040965	-0.642565121674
PHENYLBUTAZONE	-0.0462464346637	-0.636181783157	-0.627040648756	-0.48238041356		-1.0310816012	-0.637586015829
PHENYLBUTAZONE	-0.341600436999	-0.550835096499	-0.0929299039911	-0.0722469243444	0.0802333259718	-0.459301091326	0.736877496137
TILUDRONATE	-0.641243098739	-0.207064856712	-0.20436344477	-0.338734709028		-0.683489677621	0.194866772855
TOLCAPONE	0.552106937954	-0.588240721057	0.0946602714838	0.146058063211		-0.0269363179385	-0.0879032734243
TOLCAPONE	-0.146738678244	0.371655873721	-0.020366582054	-0.676713957847	-0.469959114349	0.815848012137	-1.11941522696
APD668	-0.612666041782	-0.385306729305	-0.199558380339	-0.881126331169		-0.4306580354	-0.137854949494
OAC1	-0.413444147877	0.471346704397	-0.128841465259	-0.100332761262	0.284714974906	0.603358629163	-0.152009823197
SILODOSIN	0.612059510861	0.407795125908	0.272555300752	0.350895484762	-0.534548949464	-0.535599764076	-0.0906659471282
LATANOPROST	-2.52353340951	-1.70509194979	-2.63484763807	-1.09436746184		-0.874153735379	-1.88196598689
DILOXANIDE	0.552691912255	0.0161778655458	0.189836974302	0.130469443898	-0.202201554324	0.336497708102	-0.620698531609
CLOTIAPINE	0.045930255033	-0.573943888484	-0.0150610726974	0.049337600247	0.0587777815081	0.291681303116	0.318650205857
VUF10166	0.0298448050892	-0.489379297662	-0.251656943571	0.378134529249	-0.535647874055	-1.14815062861	-0.570121095969
ICI-162846	-0.807212287348	-0.63751730007	-0.566863687739	-0.349572969477		-1.30092517488	0.781469952177
CPI-1189	-0.850994240517	-0.370898474118	-0.730992240302	-0.248288858634		-0.445629686158	0.132534448263
ACETANILIDE	-0.352964165819	0.385957352603	-0.118958688468	0.14039285557	0.332119306193	0.866043549867	-1.24702947203
GADOTERATE-MEGLUMINE	-0.105710409856	0.181907768706	0.0236659647976	0.387935332711		0.437706455234	-0.521422345463
CEFTIBUTEN	-0.247298682624	0.0647814437443	0.135247273821	0.0400741021487	-0.263266072735	-0.175858094916	0.944333826481
GEMFIBROZIL	-0.638845391948	-0.327076739115	0.0694239310007	0.29474992369		-0.199180934088	0.13329833512
INIPARIB	0.0425462830618	-0.108596570076	-0.070981013562	-0.0533870073457		-0.704247939858	-1.02592524686
NORFLOXACIN	-0.244965340847	-0.561107610934	-0.356536162844	0.258686811088		-0.981925654261	0.686356916153
NORFLOXACIN	0.0573034815343	0.683693529953	0.325708773869	-0.481727458019	0.0879873998324	-0.0534524600271	0.43206222211
TAZEMETOSTAT	-0.866031959324	-0.894508933045	-0.933303341734	0.924990529306	-3.13573789763	1.07943939682	0.250797772294
AMBAZONE	-0.340731288029	-0.138736479192	-0.443659715	-0.272803496134	-0.649321068376	-0.820054197748	0.156654454441
ALECTINIB	-0.934204651347	-1.27502988015	0.671372115428	0.164493360135		0.174512694693	-1.20802477378
AMBENONIUM	0.215502529853	0.602890889608	0.267328903505	0.461093753815	0.424175287906	0.128604053251	0.217916264773
ZD-7155	0.493637406392	0.0586266033264	0.466513470929	-0.0641736715598	0.211194758312	0.020262309249	-0.231576148547
PHENFORMIN	-0.770655485806	-0.533607540577	-0.163368446557	-0.0810505803105		-0.989128389679	-0.327559012551
NOV-002	0.13931136308	-0.954863971554	-0.477792624339	-0.571430055327	-0.890747602079	-1.54934441319	-0.320624553641
ASPIRIN	-0.366714962325	-1.05025877005	-1.10355716543	-0.524315858366		-0.745827740531	-1.47689335902
TEPRENONE	0.652495803682	0.28370452037	-0.0595193748904	0.022458148356	0.193466853233	0.48474910961	-0.595371927357
DROXINOSTAT	0.569283480106	-0.588324894072	0.0554985992063	-0.175412896919	0.170500771191	0.456372360283	-0.0137786421051
MORIN	-0.622113166283	-1.35362176355	-0.950158340121	-1.36673042771	-0.770251039098	0.0267316385773	-0.787751310179
DIPEPTAMIN	-0.120417293263	-0.729867209633	-0.530764830964	-0.51798095796	-0.585130989879	-0.437737088826	-1.13094509632
CARMOFUR	1.32791718094	-1.80349694846	-0.680154175448	-1.53206398715	-1.9526714677	-1.00183819873	-1.46464417782
SESAMIN	-0.0448327866625	0.149595870412	0.120742742009	-0.521922864161	0.335544688985	-0.224264159095	-0.305254482866
JNJ-7706621	-0.568075781105	-0.719406978685	-1.75289464481	-0.273884689084	-2.65702306586	2.06000151446	-1.65924962616
SULFAMETHAZINE	0.811615624617	0.0419344462989	-0.459514491865	-0.135219431092	0.4344337076	0.0258283288545	0.519754789087
SULFAMETHAZINE	-2.3226816764	-0.0648883744416	-0.289745300694	-0.313403423973	-0.260688229865	-1.90952449018	-1.36876145993
PYROXAMIDE	0.511903333413	0.139953938555	0.233709946608	-0.370803507063	0.25343644317	0.0459451261416	1.0374687582
ROSTAFUROXINE	-0.37928239519	-0.642570569148	-0.00541278434087	0.253078841638	-0.265326935509	-0.573413008503	-0.358024145256
BU-239	-0.21307450548	0.16765271145	0.0278677044998	0.0170461346366	0.747758109796	1.15253809481	0.121027371219
BENZBROMARONE	-0.365718122453	-0.363161713821	-0.0211120631896	0.0958780100146		-0.116387083823	0.212767557841
TRIPROLIDINE	0.190839688819	0.138519699894	0.00986189495249	-0.438726281636	0.203821494778	0.570607599333	-0.0673825865379
FURAZOLIDONE	0.719298272256	0.311174518393	0.323146887103	-0.602701387466	-0.553690793331	-0.219563000404	-0.272563894792
NBQX	-0.166559567135	-0.707447889184	-0.13632530094	-0.292935792663	0.0990906138254	0.107398225865	-0.414724678894
PJ-34	-0.566697364742	-0.564109829284	0.32849817609	0.443882599406	-0.986808363429	0.665361135019	0.131039113788
METHYLTHIOURACIL	0.154480684428	-0.311499767348	-0.0432881110454	0.0997652611145		0.0625251618735	0.125253608083
GR-127935	1.05545329806	-0.262083087383	-0.149466362302	0.597531873429	-0.188296133619	-1.03111641859	0.0501616677295
ER-27319	-3.13539560726	-3.91841824336	-4.90014206777	-3.39988576056	-6.27983713354	-2.35516084293	-4.05676172438
TIPIRACIL	-0.450616318395	-1.66576585644	-0.586568045083	-0.881263496762		-1.15614278294	-1.03706784628
BETAINE	-0.824231252919	-0.192112374831	-0.296901266758	-0.229297029307	-0.038281820706	-0.575531383802	0.516602842131
AT7867	-0.0120684830579	-1.64664151422	-0.177853860314	1.19004331928	-1.01285213004	0.733667975799	-0.581218337469
PALIFOSFAMIDE	-0.415976391628	0.263486291545	0.218277728764	-0.775376280226	0.250834007105	0.0662127472472	-0.911034800056
LY2608204	-2.07509353164	-1.28354730558	-2.31443107802	-2.91663450091	-5.54140979429	-1.30751007398	-3.62114383293
LY2608204	0.346865368907	-0.400596846022	0.144490534254	0.245624684158	-0.115918127033	-0.0809115054235	-0.619858948725
PD-160170	-0.668099623022	0.252038369207	0.117728204369	0.595833479999	-0.186336569687	-0.0874964282035	0.278522552561
NIALAMIDE	-0.142246833178	0.652897983727	-0.356471453683	0.0164004656876	-0.056138794734	-0.27242945773	0.463403237393
GR-144053	0.0538665883734	0.337531627039	0.126731519488	0.451656938953	1.09766681294	1.35004944802	0.826542855319
NVP-BEZ235	-1.59858274675	-2.33671105782	-3.93818552666	-2.91498349734	-1.59920376748	-0.708042857856	-2.8404708352
GLIPIZIDE	-0.674961406275	-0.482789869034	-0.186829338657	0.349070394607		-0.00118086238838	0.131695017922
MEK1-2-INHIBITOR	0.468245878223	0.660958441934	-0.209356076931	-0.389450964172	0.494891162757	-0.359356554134	-0.312937332104
VINCRISTINE	0.155033204409	-2.22768548096	-4.78996567326	-3.20601118609	-3.93114383987	0.503796918911	-1.46204401584
ANDROSTERONE	-0.457262541037	-0.279977595862	-0.260719062105	-0.98987263323	-0.420677054504	-0.832582490296	-1.13169197385
TRAMETINIB	0.00577137451803	0.218912520138	-1.98772704031	-1.65930376584	-0.596190061628	-1.55807061256	-1.98164986981
FEDRATINIB	0.27627418024	-1.16144996557	0.874054849995	0.601719141926		-0.591919054689	-1.48132928662
	0.27627418024	-1.16144996557	0.874054849995	0.601719141926		-0.591919054689	-1.48132928662
FENBUFEN	0.0389391243727	-0.423069289073	-0.262381284495	-1.16028763281		-0.350020753932	-0.502532000297
SULBUTIAMINE	-0.0260832906132	-0.357676108206	-0.176119544886	-0.706877331132		0.224147210673	-1.66418727867
NOCODAZOLE	-1.59744811795	-3.67837909279	-2.55610405266	-2.42231243619	-5.42259973521	-1.399661697	-3.94458376156
AMIDOPYRINE	-0.264699225466	-0.0572315316153	-0.176529864659	-0.465752572141	-0.829915298648	0.181089544509	-0.104496590869
EXALAMIDE	-1.05325197137	0.192172378922	-0.505490996049	-0.0448190514988		-0.300493350624	-0.433301860431
CGS-21680	-0.642256238657	0.325634935381	0.0350985351685	-0.827996504515	0.0601284967751	-0.394602913517	-0.243195250997
HARMANE	0.354321406436	0.32909877163	-0.229335279067	0.177521646344	-0.152728216311	1.13886793204	-0.435345852358
TG-100801	-0.868196322349	0.278364824351	0.00902366298669	-0.17590226174		-0.0586858475462	-0.228078132142
VELIPARIB	-0.849364705543	0.618112647055	0.0701628044119	-0.549139600919		-0.480015944614	-0.323481719641
XAV-939	0.886158407352	1.4240499397	0.165669887739	-0.131699330655	0.0666567672438	-0.200555370212	-0.175124967053
PNU-37883	0.489029793977	0.062962094763	-0.384205359792	0.105552990646	-0.389959396472	0.673059103931	-0.219725159008
CX-5461	-0.410915277932	-1.94359037134	0.394683776003	0.047613866977		1.61326540232	-1.88818845495
KAEMPFEROL	-0.113628503231	0.0569042455988	0.157531575334	0.465466321521	0.038103876258	0.0783210118673	0.500766892694
MECHLORETHAMINE	-1.3230640513	-2.88126991514	-0.248738184716	-0.525165792855	-3.11364758646	-1.76436946549	-3.21403971852
PCI-24781	-2.19429527325	-1.97018856807	-5.18195236578	-0.89491699036		-2.98822614993	-3.24652387852
DAPIVIRINE	-0.450378967865	-1.74486187931	-0.606540236549	0.0175820292088	0.181725753493	-0.664254778226	-0.298762041155
YM-976	-0.393131062225	0.371528066869	0.471768529659	-0.0513684944585		-0.0228983415709	0.380529149962
BERGAPTEN	-0.382842198944	-0.603540183789	0.0458033057936	-0.516832038253	0.168154547729	0.784206256841	-0.306025053066
VALDECOXIB	0.171473537829	-0.139988340904	-0.445349579676	-0.111470328316		0.362597263289	-1.53854222744
CICLOPIROX	-0.798607453202	-2.19838402874	0.00233139587073	0.0259628657812	-2.16364950909	-1.31218256608	-3.32591552165
BMS-754807	-1.76290787676	-0.757181902011	-0.250919316173	0.0430409646033	-1.12940755852	0.395286504915	-1.71915888194
URIDINE	0.190472691557	-0.0901267642201	-0.0732280289333	-0.869730682418	-0.1934281225	-0.221032548088	-0.255198005139
URIDINE	0.0958495379247	0.103495269921	0.371344023287	0.162797434772	-0.153296518214	-0.787627877897	-0.440113145279
ACIVICIN	-1.51516158728	-3.24732047899	-2.56517083104	-0.19487069753	-4.5305501965	-2.69627191387	-2.9699685839
HYDROCHLOROTHIAZIDE	-0.0883077679823	-0.228401340424	-0.525454594959	-0.91408019938	-0.825761221808	-0.241965464666	-0.468084732243
CGP-52411	0.380687955878	0.215885434941	-0.300481992871	0.663483790729	0.173175183003	-0.294012693593	-0.608301747624
PFI-1	0.00111363401106	-1.17617482453	1.11947400574	1.10986208938	-1.48372860626	0.497661306238	-2.79955701166
ARTEMISININ	-0.778390128503	-0.127141155719	-0.202520484233	-0.269303518606	-0.370730442211	0.911063631899	-0.373778797142
AR-42	1.46034818055	-3.4307272605	-1.08178535556	-1.41494392303	-2.21718515542	-3.11824302817	-4.05266365235
NSC-3852	0.777383512363	-3.45180407432	-2.70795228485	-2.34843201269	-3.14305793161	1.12104367857	-1.14808547498
PENTAMIDINE	-1.96056090856	-0.984714296536	0.349190612277	-0.866007463341	-0.836230031638	-0.816957174283	-0.586257785968
L-741742	0.77559004553	0.422215522182	0.0555059261882	-0.307175723436	0.150456487118	-0.180753056384	-0.220767177231
HALOPROGIN	0.629505619532	-0.314090426167	-0.0421308574979	0.438780037888	0.214233311964	0.802145049843	-0.600695372062
CARSALAM	-0.414154080896	-0.715014580778	-0.205410326559	-0.110877147726	-0.0177075338943	0.16533795542	-0.0289407158797
PIPERAZINE	-0.929839927121	-0.566073008879	-0.251174218833	-0.456705152568		0.791485560982	0.103121652628
QUINELORANE	0.673647690461	0.203133528653	0.271039385555	-0.00573040145999	0.0592762136905	0.837368232373	0.36709958688
RIMONABANT	0.537722709535	-0.716983073359	0.339181844529	0.00383299308097	-0.534941097359	0.250521190784	0.288920628397
KY02111	-1.18231989393	0.0512220601411	0.0693938087925	-0.230398183904	-1.84524821092	-0.032475863879	0.138344044529
EBASTINE	0.0106777202	-0.209333577949	-0.331580852355	0.00521000760999	-0.532940254111	0.151127996554	-2.46344796929
METHAZOLAMIDE	-1.13343594751	-0.626724233604	-0.802260753747	-0.321761924047	0.0376292677518	-0.198078104919	-1.23466623946
THONZONIUM	0.456061243117	-2.20976303378	0.19319069118	-0.673958329629	-1.11930715867	0.847020539687	-1.3239241254
AT-7519	-2.51940694848	-2.62809626424	-6.54207247252	-3.29061311339	-6.70713039867	0.590841873778	-3.72281968946
ISOPROPYL-MYRISTATE	-0.942102463384	-0.802609492653	-0.275669461915	-0.328152274671	0.2164345988	0.902440967827	-0.711609919803
AMINOTHIAZOLE	0.245432858626	0.111309744181	0.0173236120028	-0.129560048661	0.166619595683	1.1285263117	0.882003557809
L-655,708	0.0592744963062	0.343013689548	0.223939949595	-0.0916668513146	-0.0738943418983	0.79009888192	0.635126687885
SULFACARBAMIDE	-0.252172607085	0.250445808219	-0.364735139543	-0.6259181876	-0.56162127882	-1.6433716458	-0.724463188356
CREATININE	0.110055074321	0.152141736821	0.13313721303	0.444115693165	0.510415351555	0.0865725722391	0.513932285519
NARINGIN-DIHYDROCHALCONE	0.153825180821	0.0498324149818	-0.0903116272884	-0.197095008286	-0.203500214158	0.3197450938	-0.732933151108
EVEROLIMUS	0.405354908474	-0.551133035626	-0.251488533479	0.83894228612	0.175084335813	0.672976923235	0.140145218848
BMS-345541	0.226374901656	-1.40013025665	1.28879706939	0.561288640163	-2.43485868166	0.195438659171	1.11032724665
PEPSTATIN	0.305773758277	0.711456135333	0.205000681027	0.155134324915	0.133607095296	0.548458444916	-0.733583989909
P5091	-0.301669427467	0.367671513869	0.0992117615092	0.0542930289109	0.0297712506241	-0.681652866452	-0.505726229194
ACEGLUTAMIDE	-0.464343875834	0.232768694406	-0.465869998849	-0.303333514087	-0.0917267006594	-0.0686712023967	-0.737554039752
MIDOSTAURIN	-0.05956063938	-2.11532949454	-4.35481029978	-1.73215420167	-3.15843494241	-1.23999439082	-1.0803373744
DINACICLIB	-2.81122991595	-3.93591600699	-2.93821678058	-3.36493407381	-6.52659331487	-3.09495270776	-4.49597370165
BITOPERTIN	1.10923687123	-2.4370143208	-0.0655396764412	-0.982014649549	-1.90873069634	2.17136238896	-0.583719255577
PARECOXIB	0.605095496597	-1.03425891821	-0.552374137547	-1.06589187698	-0.0605300819606	-1.07723095598	0.326869705314
GIVINOSTAT	-1.18414891653	-3.13571683065	-5.18419554715	-0.0647661239133	-4.21663061546	-0.537128749351	-3.21621071951
DESOXYPEGANINE	0.335604268935	0.304162325303	-0.582636846909	-0.445387094761	-0.517322784	0.345608346888	1.18660864031
IEM1460	0.265634735499	0.414449902857	0.172127725535	-0.039181841929	0.104480060292	-0.427469837337	0.0610713712976
LY2365109	0.963266465954	0.076286941692	-0.279994187832	-0.271641100427	-0.329961845118	-0.585075969924	-0.0888828638488
VARDENAFIL	0.483384733621	-0.393154326802	0.0258642227293	-0.638131535515	-0.852910631027	-0.0440615366551	-0.969174779822
TENOVIN-6	1.12612437298	-0.753285410161	-0.468594066727	-0.324371770842	0.376108377105	-0.42320362664	0.26654432511
PROPRANOLOL-(S)	0.0623990550095	-0.311437461116	-0.118725656695	-0.080144129458	0.0909970385191	0.872391197753	0.965025186692
RITODRINE	0.190912155597	0.569944358269	-0.131925690017	-0.37432837937		0.925013917878	0.97146972432
LY2603618	-2.00947644803	-1.08468744766	-2.45400125373	-2.36253800239	-2.56179971102	-2.3046653138	-1.73672343524
SULFAMONOMETHOXINE	-0.0772249686319	0.352891203999	0.0337975601622	-0.529670848953	0.237369444173	-0.431026252074	0.0501588065214
ISOPROPAMIDE-IODIDE	0.572282382469	-0.092991532152	-0.439393532234	0.190162404927	-0.0910382882718	0.157181149665	-0.331211478386
MK-0812	0.41057433325	-0.156200481887	-0.646805127776	-0.539695536817		0.468209395865	-1.09678631136
GTS21	0.463079095421	0.0514244357627	0.196686738419	0.0473462251151	0.333558131882	0.225330329683	-0.420636471203
BAY-K-8644-(S)-(-)	0.299011887365	-0.542153155546	-0.108587362635	0.312828815038	-0.683560945672	-0.248566429585	-0.453018872977
PYRIDOXINE	-0.145638085357	0.159385991104	-0.0142426182354	-0.206796451323	-0.351773405404	0.72180303936	0.262500245328
FG-4592	-0.306786314523	0.152740275363	0.118134947141	-0.772927768107	0.310649435776	-0.480993913576	-0.564557720637
NECA	0.207796592026	1.31995817183	-0.0250946421884	-0.219842528848	0.333402890661	0.937415805602	0.920835064564
AVOBENZONE	0.977956526966	0.14126252138	-0.0582783658901	0.294724106896	-0.0728524172206	-0.844587368692	0.337598314727
BROMOCRIPTINE	-0.641962385769	-0.05768911417	-0.391236143854	0.282852057372	-0.280464416778	-0.134949012513	-0.0108887365368
MEISOINDIGO	0.0994695022616	0.235680019575	0.339730217385	0.608782530052	0.0814540662055	1.43255089978	0.59715659951
TG-02	-2.07421764419	-2.18389548831	-1.76397129723	-2.38049331013	-3.09359747997	-1.37741759573	-4.46224421326
IKK-16	0.190472297329	-0.203946318756	0.093503805082	-0.153747610189	-0.877221182204	-0.347563331922	-1.11124110989
ALTRENOGEST	0.0867488995335	0.588751031339	0.0486942869872	0.000894086186587	-0.0647726452864	0.634360256038	-0.349992083736
TASQUINIMOD	0.156773426033	0.351994633086	-0.274595334372	0.462540548589		0.305159242883	0.371803792591
CINOXACIN	-0.451705787114	-0.0324852281491	-0.198128118666	0.275802161053	0.391287628117	0.189264017066	-0.67662477669
SULFATHIAZOLE	1.12473492943	0.468179067746	0.329100833316	-0.153226630304	-0.274979341664	0.621389648139	0.535376117446
PF-4708671	0.0684215173595	0.0538313397127	0.210694866984	-0.127730914232	0.00751497376883	0.591677240439	0.437149996665
I-BZA	-0.329622304658	-0.316758621564	0.0549890648841	-0.164450124218	-0.0728668904405	-0.217498639785	-0.956371276097
FLUROTHYL	0.106890704027	0.368689168426	-0.0798780668778	-0.156135587762	0.404397974378	-0.103990588679	-0.0794524557543
VESAMICOL	-0.0624291426151	-0.459998234905	-0.133236030443	-0.516434011308	-0.258194911092	-0.67318412949	-0.885851981994
SC-560	0.24190896341	-0.564506869349	-0.271585379261	0.286438463883	0.396121336093	-0.640547424797	-0.154696462071
BERBERINE	-2.46652439938	-1.3455866099	-0.966742245906	-0.213997827193	-1.25959108779	-0.837257568255	-0.396404696178
SB-221284	0.926248162682	-0.822980244219	-0.0405559848984	-0.117738809289	-2.04372931191	0.157539287873	-0.554852983788
R-428	0.558502646214	-0.105538222164	0.366450973154	0.0160126373412	-0.848592429407	-0.969350984153	0.442876655037
GW-501516	0.33658822539	-0.492694200657	0.505268008622	0.190390865854	-0.751900302042	0.150735881846	0.89416855543
ERYTHROSINE	-0.40694988634	-0.380271627499	0.105562311127	0.0966272255607	-0.156486758737	0.559831918494	0.724206213248
IBUPROFEN-(S)	0.101320081807	0.0132692568863	-0.50354479529	0.153783642269	0.50845375473	-0.439187585678	0.353540462076
GSK650394	-0.0400869655519	0.229505870461	0.470569910688	0.134537273998	-0.0759911308295	0.860645406021	0.192599965365
BEMEGRIDE	0.465246715552	0.0101209646966	0.265130967048	0.0671930594496	0.742622990132	-0.533381268248	-0.700065485074
EMEDASTINE	0.536660807674	0.100334252237	-0.0792970860866	-0.294142561104		-0.535799920221	-0.585978853989
BAY-11-7082	-0.621915702511	-1.5993223695	-0.0424381039688	-1.96952215618	-2.36417010132	0.0735162979066	-1.24153791703
SALAZODINE	-0.498182374015	-0.470500751375	-0.182141460468	0.0632246164311	-0.0928990078537	0.198328060982	-0.261149508612
TIOTIDINE	-0.780596977654	-0.982424421049	-0.163282929804	-0.429856129099	-0.659606879374	-0.705926361127	-2.28111282018
JNJ-10191584	0.0438455408763	0.391421049126	-0.332576498932	-0.14012862576	-0.107607258311	-0.0546901921358	-0.737330438371
GEMCITABINE	-1.11536688645	-3.2238511966	-4.02167486463	-0.371010056719		-0.657534344616	-1.84890418502
APOPTOSIS-ACTIVATOR-II	-0.537729903007	-0.493024664565	0.115825014502	0.504581515455	-0.849899484478	-0.380156819754	0.872847137675
SWAINSONINE	-0.77404750429	-0.365894376868	-0.0711275057521	-0.755573547603		0.368832945611	0.698569182492
NVP-ADW742	0.0766294010724	0.430708162811	0.490884686184	0.650481510087	0.278478416999	-1.30687916709	-0.279467285254
CARFILZOMIB	-2.39676200579	-2.13164342531	-5.63104501754	-3.55214364674		-3.37338822343	-3.58409160532
IBC-293	-0.0129488997285	0.655601033279	0.333668185477	-0.00581182528165	-0.0150964972495	0.65143625573	0.592077754278
HEMOMEX-S	0.139225891087	0.0460314602475	-0.235906803038	-1.50630852375	-0.540254957503	-0.327042030129	-0.248880023348
AMMONIUM-GLYCYRRHIZINATE	-0.291966415321	-0.0555537432492	0.123336723319	-0.225604095379		0.0751069766173	-0.0989829045874
PRIMA1	0.248598715718	-0.234009261979	-0.113847344191	0.0262286564833	-0.0524456898772	-0.072860428769	-0.0771957993497
C-751	-0.534844366251	0.0703910251742	0.0613215973512	-0.711492298374	-1.29951372796	0.524078319912	-0.310543497978
PENFLURIDOL	-2.1836770131	-1.66237138629	-0.231336542056	0.0586130069979		-0.273407977977	-1.70454987206
SB-228357	0.139164069687	0.0628487621633	-0.182865149511	-1.92253870442	-1.99232328599	-0.324329779772	-1.13026147053
IGURATIMOD	-0.174575269353	-0.0942912413192	-0.190260358402	-0.0220968065978		-0.177690670927	0.156616209016
NEVIRAPINE	0.333864099606	0.297447832623	-0.0428131223001	0.0500493122065	0.0344774517137	0.0124791842765	-1.0219248206
TESAGLITAZAR	-0.261782312701	-0.291956481314	-0.020026585407	-0.290898445278	-0.437551145427	0.247116765776	-0.528136487069
CS-110266	0.144568919442	-0.0557747554426	0.420792223217	0.362729955731	0.0654075680905	0.458944988297	-2.61786578265
PHLORETIN	0.240941827276	0.415707850454	0.643474982513	0.463061388581	0.491757503683	0.396660994078	1.27841896798
PAPAVERINE	-1.57744498326	-1.1143006818	-0.563417703838	-0.788163118492	-0.463278531187	0.312184422194	-2.10369208818
R-96544	0.0699244292655	-0.265091982502	-0.760981044043	0.184276153691	-0.405801096987	0.207678380292	-0.896459901981
OBATOCLAX	-1.12669249789	-2.82263404727	-3.97056671018	-2.52338629094	-5.14112774894	-2.42533028025	-1.99591899044
SEW-2871	0.600208889181	0.351131735089	0.079825514925	0.493540741782	-0.2769174355	0.180602327567	-0.920361771276
URSODIOL	0.0870445884368	0.0349060890276	-0.257783247295	0.1314037403	0.242918547934	0.445986158076	-0.29216951274
CEFDINIR	-0.664939731247	0.46734574014	-0.233106847595	0.163695089456	-0.0708468939639	-0.0326969359318	0.901927487886
L-733060	-0.248315291095	-0.103269846235	-0.332354764595	0.0316612950176	0.0895782806683	-0.708051071528	-0.48566829272
LOBENDAZOLE	0.441599790085	-0.663761684122	0.365774948096	-0.108881239132	-0.462623850009	-0.444255287056	0.749617553695
SDZ-205-557	0.578941038694	0.662343443372	0.494856785318	0.219719381514	-0.504064107423	0.06177203865	-0.467686557267
TENOFOVIR	-0.0913327452118	-0.484545490261	0.233085438645	-0.28269087494	0.176666859811	-0.53059803123	-1.41821820595
MAYTANSINOL-ISOBUTYRATE	-2.23905122466	-4.72221887887	-1.10554028941	-2.91279063376	-4.53704843149	-0.234887136189	-3.50470305316
CLOTRIMAZOLE	-0.255853025343	0.176649690006	-0.288992972481	-0.0747459741697	0.25717467927	0.145041619374	-0.152922725484
ROPINIROLE	-0.234956675897	0.0194377784496	0.0335595245593	-0.212618697424	0.431592881218	0.226199195003	-0.965159091057
TELBIVUDINE	-0.556192125085	0.369688543132	-0.385103852084	-0.0503241973227	0.305395790366	0.643557609172	-0.125014267296
Z160	-0.211949362213	-0.505096747595	-0.255943982654	0.108055037788	-0.378780370304	-1.23722560112	0.476977578274
FENTIAZAC	-0.137571195035	-0.801335760307	-0.393345786166	-0.132664384804	-0.355979642021	0.256042155878	0.164327524336
PYRITHIONE-ZINC	-1.81801954376	-2.96787924639	-2.19605098008	-2.01118069477	-3.94005425897	-2.3515656548	-2.99376570663
CHIR-99021	1.1258925666	0.662806404883	0.00429205280112	-0.127278351439	0.206559744384	0.744890379942	0.275319524013
OXYMETAZOLINE	-0.134033214189	-0.279667639836	0.0673746138442	0.763926748096	-0.00843868409468	0.551135048286	0.170232854764
PIPERACETAZINE	-0.896126247142	-0.266442565818	0.150108367187	0.237154307342		-0.992488800063	-0.760125077248
ATRASENTAN	0.250392035046	-1.15730533889	-0.0693013371866	-0.563521428245	0.0528539469278	-0.182645453947	-0.656245519938
CCMI	0.616200918575	-1.6022775646	-0.235930797593	-0.586594908878	-0.428737207122	-1.17532805904	-0.913025197045
IBUDILAST	-0.5932847773	-0.795021856629	-0.787291644345	-0.713764421838	-0.151469461952	-0.823133844471	-0.778056558764
METACETAMOL	0.166124425272	-0.705369389727	-0.18262345867	0.48542895883	-0.913000804838	-0.254154640001	-0.166645266991
PLX-4720	0.049822611327	-0.123102311528	-1.12260009788	-0.100268883934	-0.75153324108	-0.641029885511	0.0387623935061
	0.049822611327	-0.123102311528	-1.12260009788	-0.100268883934	-0.75153324108	-0.641029885511	0.0387623935061
METOCURINE	0.137708361853	0.0297227997599	-0.338584938497	-0.84493345168	0.491474334243	-1.21934211657	0.67642059255
MOCETINOSTAT	-1.78016753668	-3.62925423425	-5.09867374706	-3.14975965273	-4.34407357481	-1.71540007826	-2.80391009621
DIAZEPAM	0.248586241772	-0.153845849124	-0.219959547417	0.414948926197	-0.0356806989551	0.32186750939	0.0352520199233
ZAPRINAST	0.175491428673	-0.171421580716	0.207253268485	-0.498368118465	-0.367998072184	-0.470943896768	0.672583298186
EVACETRAPIB	0.996301519968	-0.942264021245	-0.265360087621	1.06894322079	-0.586675267568	0.224893198895	-0.874455527235
PNU-22394	-0.316970934088	0.322329920949	0.104047202388	0.754552513274	0.0289948787811	0.93026556733	-0.0278451562577
GTP-14564	0.449427821359	0.24351599137	0.54652676329	0.652292494081	-0.229376817441	0.0709680004676	0.147260194243
REGORAFENIB	-0.254606016048	-0.0206528134491	-0.235307016642	-0.792300781331	-0.898115748604	-0.243096310394	-1.48861704516
MK-0893	0.425687455684	0.238637217654	-0.594803451919	-0.281756364668	0.485420468872	0.0347817531661	-1.07909201716
PRX-08066	-0.484966556697	-0.103920311172	0.123210821806	-0.275616409359	0.195360604337	0.420878748083	0.509522822004
PERFLUAMINE	-0.258989344244	-0.458189946039	-0.361194483396	0.00657692096114	0.137342628436	0.301062736907	-0.990303745923
SOTRASTAURIN	0.293976252857	0.286789456795	0.299346420518	0.0109143514943	-0.161812535417	-0.0296868043985	-0.437469301042
FILGOTINIB	-0.405777164054	-0.983109604562	0.151796709935	-0.103323007495	-0.0112726644112	-0.789649291182	-0.276723833862
LGK-974	-0.555908937536	-1.04422250299	-0.385535453105	-0.472844964427	-0.451557170741	-0.763403928375	0.0908080021445
BEVIRIMAT-DIMEGLUMINE	-0.385384709049	0.0405682570872	-0.934353435899	-0.781721799179	-0.825670470876	-0.611427245045	-0.742033465948
BD-1008	-0.00391400927375	-0.171040896943	0.345889977357	0.0878835110463	-0.34979592035	-0.460124197918	-0.00858421228655
ESTRIOL	0.051791542021	0.127255824395	-0.0292960443744	-0.459922488038	0.245939804554	-0.965143855129	-1.03187142222
PIBENZIMOL	0.202029898602	-0.0884135065177	0.108832971618	0.248599381272	-0.563077013323	0.788634841917	-1.5753694055
STATTIC	-1.60597558513	-2.55401036608	-5.31378419596	-3.951917327	-3.92896767393	-1.72624786141	-3.11375772492
BENDAMUSTINE	0.0716408610053	-0.0764412128848	0.600488939795	0.248604205211	0.0879595061189	0.214447432903	-0.219205893437
CHLOROXINE	0.308265773107	0.323040605176	-0.0460729546195	-0.668730676835	-0.376213683355	0.0461415131771	-0.58954217811
CHLOROXINE	-0.441935711265	-0.70499475113	0.172535560643	0.03448934843		0.412031368236	0.536207579382
LY2874455	-1.62694854383	-1.81134507885	-1.33176657868	-0.501599824848	-2.98192327561	0.424837811277	-3.30589459263
SULFAMETOPYRAZINE	0.370580116338	0.141012820347	0.0820053629971	-0.13865542462	-0.451585266441	-0.268597058838	-0.16693336791
CHLOROXYLENOL	0.403433281804	0.844098361886	0.373357158099	0.237179845847	0.334173848025	0.307559632107	0.258584131685
CLEBOPRIDE	-0.124954438065	0.6849439399	-0.0360379695186	0.307171103751	0.32559120181	0.708235712576	-0.0295469498694
ADRENOSTERONE	0.19231509588	-0.519602514958	-0.126441767498	-1.1751581933	-0.366412305357	-0.704429505639	-0.67836736731
BP-897	0.832244514597	0.211903816346	-0.167395186888	-0.283044239586	0.086009358118	0.306912749222	-0.859366779012
TYRPHOSTIN-AG-835	-0.58345140554	-0.294766889286	-0.436397643625	-0.466690882131	0.192847651632	-0.100552986764	0.288362465931
ABACAVIR	-0.149325874276	-0.00501380914476	0.15580440399	-0.432122791167	0.0235433527898	-0.317405152445	-1.1129133073
BUTEIN	0.327635521321	0.915339388896	0.120211049932	0.886604773904	0.378574331216	0.941736289499	-0.0628629329854
BETAXOLOL	-0.72024111448	-0.206850311255	-0.302570589965	0.0122842736256	-0.996443461233	-0.455273033315	-0.714263963327
	-0.72024111448	-0.206850311255	-0.302570589965	0.0122842736256	-0.996443461233	-0.455273033315	-0.714263963327
BROPIRIMINE	0.162123651405	0.321656169032	-0.065504968975	-0.413449225742	0.0456277858253	-0.000944924159741	-0.225040234187
FIRATEGRAST	-0.411459484776	0.866119651945	-0.171306411643	0.150906506718	-0.27263549825	-0.122652134233	0.338786075718
PENICILLAMINE-(D)	-0.129090298158	-0.167562838514	-0.248202543413	-0.547448603116		-0.0770567912775	-0.502638735743
TALMAPIMOD	0.271870826754	-0.257377048547	0.632831430906	-1.11401735066	-0.400794725237	-0.102004788592	-1.27055783728
AMIODARONE	0.253725348549	0.0659491789646	0.0369101572673	0.600744670207	-0.589907392753	0.617308206941	0.196741018251
PRIDINOL	0.274682229408	0.202992873971	-0.26135924751	-0.0559523400454	-0.338495610613	0.498419634713	-0.0386157632161
PD-168393	0.689067192319	-0.698313886917	-0.341481966495	0.0624927299361	0.883359177204	0.253083403469	0.479165988067
JTC-801	-0.108972706347	-0.803612010732	-1.06436511051	0.491110451939	-1.02209145916	-0.420599324252	-0.227031458109
BELINOSTAT	1.0066796717	-2.25813584054	-1.08858329688	-0.643499514408	-5.19884722905	-3.07712889837	-3.91680509431
KB-R7943	-0.959273834058	-0.338938570389	-0.323054769574	0.11844221032	-0.569127088426	-0.472080549125	-0.430857491322
JNJ-7777120	-0.401195378038	-0.293481545339	-0.254905242153	0.202588667459	-0.208728951988	1.04497678341	-0.283756480583
TRANILAST	0.165606217139	0.477191136744	-0.212715349763	0.127193069347	0.111331230955	-0.534755542024	-0.614720075603
TRANILAST	-0.618476100113	-0.0101189827308	-0.304206791199	-0.119489240717		-0.0547775710549	-0.228546184159
CLOPROSTENOL-(+/-)	0.241391709635	-0.495858148057	0.284915683894	0.32578694225	-0.17019505446	-0.210959606878	-0.358237384175
BRL-54443	0.174176681198	0.635993260402	-0.294262428173	0.450501668259	0.27108350214	0.372325037941	0.196775693694
2-PYRIDYLETHYLAMINE	-1.10830651683	-0.705903500782	-0.18168144625	-0.208152431093	0.0546654124455	0.215143014957	-0.57112274407
INDIRUBIN	-0.539227934905	0.663588161592	0.217315347824	0.0114149793445	-0.697347315475	0.041264103468	-0.571406847417
LY2886721	0.442249114278	-0.342139348927	-0.304628324248	-0.657383918096	-0.330483415274	-1.16389861258	0.357039438282
OXELAIDIN	0.187282695746	0.230429033207	-0.147495518316	0.47139855406	-0.0451379698421	0.116575702888	0.226871901329
EPROBEMIDE	-0.582905545741	0.268351591157	0.043766031604	0.229076546286		0.712028841918	-0.220293285644
L-168049	-0.0450892835431	0.570121089722	-0.0718701012566	0.330646443977	-0.137427438655	-0.329572692555	0.722718851027
GAMMA-LINOLENIC-ACID	0.150508485431	0.235160426914	0.254201596179	0.570338059397	0.223525581393	1.25676015607	0.0819797399812
ETHOXZOLAMIDE	0.493577568608	-0.0892296163133	0.621117694166	0.211680707644	-0.0984180677707	0.523496218207	0.166141750665
CHENODEOXYCHOLIC-ACID	0.0565066607002	0.0396632216303	0.367876955901	0.267091783812	0.334504727208	0.444648738826	0.8765031786
FDCYD	-1.16729995106	-2.30142993384	-0.98756159119	-1.40510136869	-3.46928522987	0.159651730867	-3.13302657959
HA14-1	-3.23185433241	-2.06341307864	-4.39410383974	-3.82767764003	-5.0470798639	-2.06596843139	-3.26925895901
ELTANOLONE	-0.13317300809	0.0888799274759	-0.234585574364	0.131964008404	-0.298193364681	-0.0390300695402	0.0594916397928
MEPHENTERMINE	0.369752696324	0.143714915762	-0.271367706093	0.0719644928581	-0.1791602413	-0.101846895334	-0.24341244901
PROPOXYCAINE	0.0683649089798	0.231242245432	-0.216965347556	0.391020986834		-0.680385689162	-0.944977944441
O-1918	0.120456144962	0.264953655566	0.0745459039895	-0.292427217084	0.286378290571	-0.160785877548	0.79334003452
URIDINE-TRIACETATE	-0.26971354895	0.44764516441	0.180247179242	0.0287726273128	0.100939085038	0.444452422974	0.639135287192
BUDIPINE	-0.378548740311	-0.43134198604	-0.0107158615552	-0.0703583389962	-0.379024406931	0.448803205834	-0.0930328545635
SPERMINE	0.0786257582329	-0.293757616244	0.254448373975	0.159703612991	-1.36839901706	0.898419307181	-0.321179473149
TG-100572	0.894232873059	-0.780909537735	-0.944640617701	-0.798131073674	-0.208749178975	0.385072900096	0.620264495729
DIGITOXIGENIN	-1.91705137153	-1.13801393493	-5.92221883834	-2.64520614055	-2.67089350076	-0.193568537251	-3.13156212258
NAFCILLIN	-1.34698394658	-0.209201376936	-0.451684637923	-0.495454009117		-1.04491516043	-1.16596984368
NAFCILLIN	0.801858177856	-0.80524887742	0.273131892318	0.209273531166	-0.103713185172	-0.0191407199784	1.00246013015
MEXENEONE	-0.776342481695	-0.478204941032	-0.707834025639	0.571901024273	-0.980644109246	0.0191542372681	-1.21677390349
DIGOXIGENIN	-3.07285419954	-2.95364589043	-3.77753462948	-1.69842912925	-3.01703295352	-0.458219326803	-2.92658341175
FOLIC-ACID	-0.527552655358	-0.397240182387	0.165508084803	0.00477365362505	-0.379667180963	0.620161103043	0.3479302953
ZD-7288	0.468794814802	-0.362078126	-0.177654715932	-0.198452880958	-0.376306701056	0.162899271868	-0.318556131068
BENZOQUINONIUM-DIBROMIDE	0.321893104081	-0.124505448212	-0.224470277235	0.408055276205	-0.0165248695097	-0.462781567198	-0.635878624354
BIFEMELANE	0.398988400615	-0.310677007894	0.48141749538	-0.594711982695	-0.328912499096	-0.141804480848	-1.04070531455
U-0126	0.40242753804	0.546951374727	-0.521233699545	-1.13505401894	0.0200886019291	0.127855317818	-1.16642172209
LB42708	1.40015245249	-0.159610469918	-0.581400845353	-1.55059768735	-1.81668103017	0.669033403696	-0.464552730307
DALCETRAPIB	0.360982576692	0.40737081066	0.00894372536187	-1.2151654796	-0.545524039879	0.962743164776	-0.958310479181
MK-0752	-0.0459521910239	-0.858400229074	-0.751596591367	-0.603198146	-0.663368004525	-0.861312069057	0.0842091966274
OLANZAPINE	0.0346277837131	-0.404529757059	-0.27010246872	0.391477676822	0.0401936410088	-0.487271955656	0.592558235388
ST-91	-0.530990889426	0.384690303477	0.41802391579	0.514700846271	0.37189527714	0.243187302709	0.662352403174
ESTRADIOL	-1.21739939192	0.175925366826	-0.00131750331522	-0.713892375096	-1.36047227138	0.31328377739	-0.831074774546
ESTRADIOL	1.10744667249	0.12480024604	-0.0685989730578	0.565349104877	0.492350236793	-0.0579129048084	1.50619779856
NEOSTIGMINE	-0.0356972760396	0.333650374528	-0.0395845671661	0.434700397007	0.0545072842007	0.251859984503	0.19377450037
CLEVUDINE	-0.05415892432	-0.836576106658	0.0947860942526	-0.593216155007	-0.921818327182	-0.383522963149	-1.07678510591
LY2801653	0.0616942583286	-0.996020793383	-1.35062853108	-2.07089563338	-1.79244110379	-0.934409869139	-1.24300441699
PACRITINIB	0.917993341231	-1.27929446261	0.523871571007	0.670459601743	-0.941696524513	-0.717872282469	-1.51787391957
MUBRITINIB	-0.781134049153	-1.73344481952	0.111168402753	0.161303609479	-0.357312761268	-0.39594508198	0.30419220957
DARAPLADIB	0.294623287757	-0.354414299632	-0.248157012998	-0.686048997437	-0.103866166272	-0.220840882173	0.143199619891
CLOFIBRIC-ACID	0.1672098424	-0.37260852273	0.172689168825	0.130343852311		0.0856542746917	-0.439050240076
INDIRUBIN-3-MONOXIME	0.23163504676	0.386996924267	0.378346971419	0.833169679045	0.183052396035	1.16877227639	0.0654434610344
CP-91149	0.210259405805	-0.274308644135	0.412936668735	-0.230038186306	0.0895253626829	-0.0437104774019	0.314290109275
MEPROBAMATE	-0.644182929839	-0.357195758657	-0.334282877408	-0.174594895289	-0.612994344856	-0.109753514257	-0.0224937171951
SPP301	0.240522611373	-0.406998709537	-0.168546276855	0.067391163023	-0.856475499415	0.195147713274	-0.248917166219
PHENOLPHTHALEIN	-0.882151429244	-0.173320405581	0.105194169535	0.299804562767		-0.081928479849	0.343024525463
SALVINORIN-A	0.641679640188	-1.25736323129	-0.697719072526	-0.308193514366		-0.282522787535	-1.1048710944
GOSSYPOL	-1.53350254678	-2.39928769685	-1.14314223876	-0.589517953846	-3.46810898987	-0.880540935722	-3.4557543936
SR-95639A	0.335022019898	0.309409487983	-0.675352975752	0.728316058918	0.140349667555	0.88188026996	-0.516098963893
FR-139317	-0.182382977885	0.170601318513	0.0144261586214	0.35599069541	-0.861925977861	1.08018887926	-0.615197806274
RKI-1447	0.222892906816	-0.910393105555	-0.047603780163	-0.0454116197666	0.0296675816155	0.937425464029	-0.957678892656
PROCHLORPERAZINE	0.0545649276682	-0.119279290681	0.0700598350735	0.702423521879	0.090141569165	0.00694990455734	0.421119893089
COLFORSIN-DAPROATE	0.113838664051	0.635505234706	0.198822548054	-1.40855984289	-0.170976046493	0.0948571875536	0.235692883826
SB-242235	-0.838886016387	0.112606242498	0.192166992254	1.03293508655		0.259463749487	1.07291573978
SITAGLIPTIN	-1.12720721802	-0.607191387343	0.207599244064	-0.669609904731		-0.0958512533983	-0.560609963258
CNQX	0.552058651316	0.171525273157	0.316503046618	0.266510101157	0.0249992332593	1.32490139386	-0.434364124542
PIRACETAM	-0.721211435791	0.383380869585	0.0219785444995	0.27366343881	0.0995210007811	0.000279363001009	0.181037949746
BUFLOMEDIL	0.63708912982	0.310537881589	0.737922351634	0.237401008642	0.333315512397	0.798191527097	0.559750052034
SGX523	-0.425309921272	-0.188480931549	-0.521715556508	-0.218889093318	-0.453173088164	-0.815398970449	-0.355185208726
MEGESTROL-ACETATE	0.401410317807	0.115809481381	-0.213110235922	-0.186659580658	0.135407547281	-0.913020713619	-0.183887973441
SARACATINIB	0.661234712033	-0.773021053189	0.305721870248	-0.692247448638	0.148913220979	0.212134035693	-2.36825176022
RUXOLITINIB-(S)	-0.455195818895	-0.73085709097	-0.0079492924612	-0.163109262118	-0.527514395449	-0.914612278718	0.139476638932
ZM-241385	0.179306640228	0.856644081907	-0.280007733716	0.51608718833	0.100863679669	0.346606678696	0.674688632397
CREATINE	0.265961556502	-1.55983320778	-0.15801855021	-1.00977320854	-1.18725834421	0.0704285499961	-0.365028709769
COMPOUND-401	0.399296229707	-0.34355475838	-0.138647132139	-0.0140806545245	0.336751477712	0.0714300184792	0.328747061528
GGTI-298	-0.0119925729188	0.0422378625444	-0.588998408358	-1.45221236173	-0.437086295847	-0.492182335461	-0.696241370476
ETHIMIZOL	-0.0542007758457	-0.367942470351	0.0967833740259	-0.0158664625971	-0.233069295608	0.451266824545	-0.528554696089
LAPATINIB	0.016508044307	-0.298606981607	0.0404025856166	0.50230613138	0.017419963272	-0.901785398858	1.42568292496
VERNAKALANT	0.0857750688777	0.316503866715	-0.0325943858153	0.178438676764		0.26344988294	0.0266031654548
EPLERENONE	-0.377595767006	0.424529700374	0.238785194704	-0.481092994878	-0.449679722841	0.0710003623475	-0.312770729211
EPLERENONE	-0.715812467579	-0.243980355685	0.295080257172	0.320544888234		0.407942080664	0.707227004739
SONIDEGIB	-0.27362571673	-0.863487921511	-0.406175444472	-0.112428181475	-0.17604422364	0.436697392795	0.178332536388
TIC10	0.862652923445	-0.173765278406	-0.527808835891	-1.19964620379	0.37386231221	-0.702342680326	0.764133537325
OCTINOXATE	-0.550111130205	0.579230701499	-0.35638104089	-1.0667033007	-0.10005575125	-0.448695133557	-0.0165402300002
APABETALONE	-0.72255642897	-0.148907914776	0.687705138192	0.814173626405	-0.166437206013	-0.640212618755	-0.464225074463
LCQ908	0.440459508045	0.448564176888	-0.181328236226	0.333811524574	-0.871578186772	-0.0404375842436	-0.207596341925
LY411575	0.25003452473	-0.445653002458	-0.584967003394	0.197692898256	-0.210674889532	-0.214945121859	-0.0475982857111
BETAZOLE	-0.0434350374496	0.20151020013	-0.26216676098	0.258572566445	-0.0807167793326	-0.44155381395	-0.0388137046973
RUFINAMIDE	-0.147350697305	0.688708629752	0.0352522673028	-0.16546022132	-0.11577105082	0.369651813051	0.413179644672
ATOMOXETINE	0.402246606533	0.0961697120988	-0.0737562926762	0.377335292167	-0.00338545046979	0.0914531832945	-0.704249026161
DIHOMO-GAMMA-LINOLENIC-ACID	0.662836721012	0.178471900584	0.299132885025	-0.18776255832	-0.16168519288	0.504616438714	0.595664011036
VECURONIUM	0.799580821948	0.151913827945	0.107454698886	0.0230743623242	-0.0204637119088	0.551056701132	-0.490170798885
R406	-1.00975983951	-0.539448846851	-0.108366187536	-0.114910574571		-0.163502697364	0.20430110629
R406	0.183711759899	-1.77255338248	0.44875809968	0.822599883313	-2.11248536081	0.692944131679	-0.777885786176
BIX-02188	-0.220639247773	-0.536389815684	0.0897566587937	0.0958719257388	-1.88508807418	-0.578235562822	-0.18202849157
BIX-02188	-0.066554620343	-0.349794880803	0.0818118561227	0.199751799304	-1.92107599592	-0.272853972658	-0.705017778963
ROSMARINIC-ACID	-0.143974691115	0.0460540033311	-0.022309517448	0.123525340852	0.0986028502129	0.000130825587553	0.0906367348702
CEFACLOR	0.441451214823	-0.105076012226	-0.108195038355	0.271410281283	-0.0996027317362	0.294550748432	0.597711775518
DROXIDOPA	-0.82829320074	-0.240096016152	0.288225282977	-1.21091694979	0.35585413639	0.463965505941	-1.2652610959
OXINIACIC-ACID	0.206046685746	0.40154129299	0.142581001479	-0.280225398613	-0.0251717375453	-0.533771205915	-0.142879953799
BENZOYLPAS	0.263615413702	0.2801556381	0.0847995844271	0.453709199477	-0.284369909418	0.933740037412	-0.117132540565
RUTIN	-0.565128002913	-0.168324764765	0.244184462447	-0.459423997401	-0.685511918244	1.03799769469	-0.958242394534
RUTIN	0.00871095381623	0.0398650463945	-0.48279092486	-0.437076036397	-0.208213290126	0.587005068457	-1.37307567587
BARDOXOLONE	-0.183288907126	-1.75423106865	-2.47981877924	-1.39436349799	-2.72646958349	0.635070843612	-1.74218362052
SCP-1	0.0919486439377	-0.390605618688	-0.0877989741581	-0.504071768155	-0.0468147692186	-0.151605284414	0.257077976989
NSC-697923	-3.02136532442	-3.87464623032	-6.36136521429	-4.14720091723	-5.98291217815	-3.41267195514	-4.36125657825
MEFEXAMIDE	0.433922602259	-0.0884905089331	-0.270855323074	-0.488718942961		-0.00799104662946	-0.719954839207
RS-56812	0.267599805754	0.624340361593	-0.152513398422	0.533697722889	-0.205007593996	-0.236861161746	-0.124798570465
CEP-32496	-1.10486452897	-1.61345090459	-1.61203138317	0.0534981813209		-0.238554121495	-2.40174646859
DAZMEGREL	0.756084507644	0.323973422425	-0.0271936616995	0.679526718357	0.325904424719	0.267956218766	0.705611034691
RS-39604	0.182401768405	-0.0323036001884	0.058445093542	-0.273033417341	0.34896775139	-0.408394183994	-0.077099761612
OLPRINONE	-0.0681894327384	0.56843621957	-0.136155742611	-0.380520259326	0.00903105163079	-0.292291923972	0.317251035047
SKI-II	0.647220105273	0.387591481619	0.517405132556	0.507570392902	-0.28354143788	0.178754219228	-0.719884533664
CASTANOSPERMINE	-0.172961989602	0.442217711667	0.031563602982	0.205690257285	0.941112402001	0.0873208727741	-0.0473075957599
CROMOGLICIC-ACID	0.344020035712	0.0507418343159	0.170161652215	-0.0398405386132	-0.0202735900315	-0.466395915696	-0.873025948583
TH-302	0.201495311164	-2.53349096668	-1.52539276029	-0.824587917019	-3.52609442557	1.62160752286	-2.43745780989
U-54494A	0.0803883912012	-0.571454203997	-0.198667841442	-0.266832211751	-0.273525595818	0.755813584803	-0.0284044363727
NVP-TAE226	-0.674875040776	-2.40820719355	-3.65475202992	-1.21221263371		-2.2028391143	-1.91150797299
NVP-TAE226	0.00629138191685	-1.58865643626	-2.60815845533	-0.299772291898	-1.89631474806	-0.106432944971	-2.80068854008
VP-20629	0.0116530964951	0.268310512067	-0.249237451314	-0.0163727450007	-0.145530606428	-0.088861112548	0.47285332518
PRAMIRACETAM	-1.20663309034	-0.573979675094	-0.237976077274	-0.0662005851051	-0.364023761987	1.45085291551	0.097144293104
DEXTROAMPHETAMINE	1.00848265678	0.667100199918	-0.262340612195	-0.0930114236905	-0.544359345174	0.712256392562	0.302974662716
BETA-NAPHTHOL	-0.348151152451	0.125219623693	0.199246523588	-0.0722811603738	-0.23152051525	-0.418908649444	0.634091685902
RILUZOLE	0.452637951483	0.102823008175	-0.00593961407479	-0.461174933002	-0.290067964266	1.06861764941	-1.02169952814
SENICAPOC	-0.320284331318	-0.472299849901	-0.314115757722	0.469059656667		-0.631771558273	-0.102167490367
SELINEXOR	-2.60152275334	-3.7254880779	-6.43131105848	-3.55583741078	-4.0454683428	-2.83354829562	-4.22414547302
CEFETAMET-PIVOXIL	0.494685680045	0.619591596485	-0.241202449037	-0.121380400339	-0.501096565648	0.0715497856955	-0.431875752871
MARIMASTAT	-0.38187713416	0.921229434038	0.233820596238	-0.564242609439	-0.222603937649	-1.12913020855	-0.124249493256
BENZTHIAZIDE	0.0467535191737	-0.792272958344	-0.0288008496157	-0.316872343802	-0.229971847165	-0.031242864381	0.00623519517889
CHLORAZANIL	-0.450404722409	-0.324111732468	-0.416941207722	-1.04536277718		-0.411345941831	-0.939626481047
SULFACETAMIDE	0.466284094113	0.515519330784	-0.0114146714454	0.081669166442	0.626527119546	-0.229338449098	-0.0577526996555
DESONIDE	0.0316528910656	-1.04384483308	-2.03240985637	-0.471129408641	-0.254074256681	-0.594334327873	-0.668216247927
DESONIDE	0.393704991694	-0.216473622524	-0.133097195657	0.277022666654	0.558701271851	-0.642776836954	-0.613549274168
SUFENTANIL	-0.545875544266	-0.599536074112	-0.00175760529797	0.51325188805		1.40827699361	0.226732875096
MORACIZINE	0.335135398057	-0.285282578564	-0.0122226666079	0.763505472224	-0.395485773479	0.424409644338	-0.465490301082
XYLAZINE	-0.37824069449	-0.243679528516	-0.382967315	-0.0783685327399	-0.183977841233	-0.404361989305	-0.35261134127
ACETOHYDROXAMIC-ACID	0.479758417413	0.25910505794	0.300510466521	-0.292082980498	-1.36592922697	-0.0658972316587	0.237771766592
CARIPORIDE	0.403726347034	1.27404461377	-0.68927801825	-0.484719125104	-0.456359617736	-0.525490291485	0.377241696004
RO-28-1675	-0.442872855551	0.369928868352	-0.35287259967	0.163290927934	0.57356484352	-0.50295529949	-0.205115878589
BF2.649	0.957304776622	0.170044358787	0.252866616733	0.634026433904	-0.255729668199	0.13591661957	-0.188206315678
	0.957304776622	0.170044358787	0.252866616733	0.634026433904	-0.255729668199	0.13591661957	-0.188206315678
MITOXANTRONE	-2.16834840933	-3.32915793072	-5.6918964251	-3.39173500045	-4.71290898677	-0.536739004159	-3.36689734068
KW-2449	-0.978178852081	-1.24604573182	-0.272449868295	-0.345078768388	-0.950590473629	0.829408821781	-0.0228393452865
AMG900	-0.625691503812	-2.52525569729	-1.62580642308	-0.861225420509	-1.62324141807	-0.472315189656	-1.39391000119
ROFECOXIB	-0.967050990403	0.280394589883	0.0239132952135	0.0041060277396	-0.600369756657	-0.387676519452	0.582220539802
MERBROMIN	0.27454096859	0.63457333023	-0.501696061058	-0.118555865968	-0.114253476652	0.243190669158	-0.683525659858
AMG458	-0.226659676337	0.374766319767	0.130286252225	0.473868216267		-0.939105866793	-0.400160403547
AMG458	0.533390980742	-0.281655803957	0.33908724179	-0.139201440366	-1.0099261188	0.479379575057	0.232691077654
GSK2816126	0.438226167225	0.368167447143	-0.804761958031	0.373124580575	-0.102715799108	0.555860609512	0.616245569153
MIZOLASTINE	-0.381213674533	0.682586834234	0.27536401124	-0.281228404225	0.0970036158833	0.0878766506865	-0.28465635562
UNC669	-0.339582627222	0.126522641264	-0.0857966540761	0.136140210059	0.241792987217	0.609496608441	-0.465453612862
AZD1208	-1.16355357012	-0.428726286716	-0.18165028934	-0.00648241036606	-0.0710027039724	-0.360327789158	-0.473639624379
2,4-DINITROPHENOL	0.692534190755	-0.75005086819	-0.325645475859	-0.233330346839	0.137983758881	0.430674615789	-0.297153580044
FLUORESCEIN	0.479542486067	-0.478576582253	0.224510018489	-0.334218145071	0.0504096253433	0.300598191861	-0.517780551228
LOXISTATIN-ACID	-1.07521749397	-1.57147889926	-0.552241972023	-0.313322728624	-2.82134744303	0.294765276179	0.197058436604
LOXISTATIN-ACID	-0.460026883421	2.2288455553e-05	-0.0695574866014	-0.0589439644557	0.0445480800562	-0.227743726882	-0.994056907833
PHENPROBAMATE	-0.151292717458	-0.263489326706	-0.245323058555	-0.300397173042	-0.142480782921	-0.34775784054	0.103037442866
RG4733	0.555588421017	-0.444990553005	0.0862264816501	-0.714013803855	-0.25138592195	0.443447610563	-0.17152662361
U-18666A	0.581448265078	0.459761949221	0.14914128158	0.315071444626	0.0287755877517	-2.98353469876	-1.13926216922
DIFLUNISAL	-0.0681758599951	0.0801694993395	0.322300963556	0.051445820517	0.204603486484	0.519218944426	-0.509554307067
OCO-1112	-0.065337015188	-0.577087690251	-0.121283487624	-0.0294994731273	-0.0795715355612	0.117170185378	0.59341834978
CRENOLANIB	-1.66898650967	-2.98577477236	-5.72120496182	-3.93674744012	-4.5809063639	-1.58462533484	-2.94675027867
SIMVASTATIN	0.154153827437	-0.508854850521	0.68299135321	-0.0729420064408		0.76263754023	-0.39207058542
SIMVASTATIN	2.06609146492	-0.542563730694	-0.836642921047	-2.26115254791	-4.43261083689	1.87461931987	-2.13810026485
DIOXYBENZONE	0.831796330864	0.735269703174	0.12909983824	0.265758642608	0.512053007393	-0.221493118045	0.321200916467
PIRODAVIR	0.140027541189	-0.0385558326431	0.0939201919699	0.15697635935	0.0950631163602	0.547819924212	0.575775359994
CH223191	-0.0986673366166	0.347691379522	0.192500506905	0.674060008413	-0.141390907745	0.0251983297767	0.268764887271
IDO5L	-1.27720451665	-0.240234914995	-0.202260098841	-0.206917231157	0.163554136959	-0.362177877101	0.0302758315275
LY303511	0.00756617552283	0.406305139739	-0.684317988273	-0.810556906287	-0.907448921133	-0.292644505061	0.155274346717
DALFAMPRIDINE	0.591153332212	0.474061839898	-0.40845290444	-0.346663798209	0.213331304244	0.568045169871	0.941140032638
SCRIPTAID	1.53052374533	-1.30480250887	0.0959608221956	0.0884866230764	-1.4736834572	0.162225049379	-0.792571741517
DVD-111	-0.0125930329388	0.0152791776799	-0.316330269743	0.130218599436	0.0617453308017	-0.329663983979	0.196142961655
GANCICLOVIR	-0.0551892801151	0.313781003233	-0.368279081285	-0.264094802748	-0.201547941574	0.365195241988	0.0649493965584
GANCICLOVIR	-0.551319378144	-0.736479191718	-0.354210436709	-0.466181198971		0.00602373119409	-0.704456931177
WIN-64338	0.647346125415	0.338633532216	0.207349614904	0.73121271268	0.284728241905	0.199521501516	-0.217566615526
ROXARSONE	0.579631772538	0.29237919236	0.0896271592438	0.793118978226	0.264817286237	0.444925051618	0.205461220391
2-BFI	-0.390459652409	0.267699120699	-0.34112111581	-0.109090424461	-0.706810980817	0.178373297627	-0.619392120713
ABT-239	-0.331510669096	0.338772855208	-0.349705382754	0.431489610959	0.201811021857	-0.202980072547	-0.703048220772
ODANACATIB	-0.661347203907	-0.0537480394003	0.271205774753	0.00439256655758		0.0885562487057	0.0575635629801
ZCL-278	0.0753429373763	-0.11386224474	-0.00378835400799	0.160816718909	0.0964769904476	0.198690328812	-0.194911763951
CHRYSIN	-0.470151283271	-0.520830689075	0.0493305070653	-0.442053062175		-0.172219335769	-1.43706124144
DIPHENYLPYRALINE	0.340617154592	-0.622413507012	-0.402430883609	-0.477150998868	-0.553242857526	-0.0545878481681	-0.0892871777999
ZANAMIVIR	-0.0895207641515	0.410310347469	0.0153128581313	-0.714588594144	-0.123200531062	0.569984820274	-0.681166337507
BUTACLAMOL	-0.674345635833	0.0286279487688	-0.482622051285	-0.0163732521437	-0.126159976375	0.286166003684	0.666043744672
DIZOCILPINE-(-)	0.0379384900358	-0.302743141396	-0.548869996483	0.0901621451223	-0.950905400631	-0.270075614094	0.0162739965203
AV-412	-1.03234277202	-1.9456488524	-0.0579557526495	1.38497426304	-1.23431751597	1.03939883029	-1.10351843904
BUSULFAN	0.438775680567	0.254951147639	0.0671785531939	0.164955385524	-0.170907977567	0.532099976345	0.0779789132441
GDC-0980	-0.53619875407	-1.96310541559	-1.9438790399	-0.785530654638	-2.47529360444	-0.600722970398	-2.02478671604
CAMICINAL	0.0883807669514	0.0467277224838	-0.104253500313	-0.549199973022	0.311455661922	-1.18360747672	-0.0533277508275
BROXYQUINOLINE	0.630140139547	0.124778102169	-0.180834462684	-0.491793852911	-0.495969569789	1.0322973482	0.36912187062
AMN-082	0.587170913183	-0.556296903678	-0.277293943632	-0.216234711877	-0.44134707966	-0.0117804174039	-0.317771672682
CYT-997	-1.8617483016	-2.48294338623	-2.34709452799	-2.75181495317	-2.50832946084	-1.79680362954	-2.68344659217
T-0901317	-0.405273060172	0.422430855863	0.175365913228	-0.711353768527	0.0574662267732	-0.335901395888	-0.804771318629
BENZYLDIMETHYLHEXADECYLAMMONIUM	-0.308582629901	-0.165180872149	-0.241684987338	-0.249817191905	0.0713359688986	0.0776770758703	-0.442275752448
DIMAPRIT	0.466058362174	0.127365724208	0.316172735755	0.00579503932279	0.268760345489	-0.0903830782029	0.266788052
NILUTAMIDE	-0.337726259081	0.0829186613028	0.151034989257	0.183208483757	-0.374243639985	-0.501307479799	0.115611849134
CLINDAMYCIN	-0.694630813854	-0.28018345809	-0.0374523813156	-1.19941873524		-0.176829408538	0.264962157512
VOLINANSERIN	0.358074326814	0.0327952593381	-0.131738323604	0.204174442863	-0.0841011504262	0.0461316789952	-0.496468639884
BCI-540	0.825311511066	0.115302574648	0.387525551463	0.217060690553	0.127839995082	0.310422309183	0.752663759956
VORELOXIN	-1.2039220037	-2.38419724016	-0.359577915234	-1.04887975316	-3.25410650524	0.590119788808	-2.12585325667
TAFAMIDIS-MEGLUMINE	0.306750472374	-0.130492846217	0.0738915220777	-0.473210958787	0.691958255083	-0.0157566048414	-0.545695044307
DICHLORVOS	-0.270537676088	0.470199902101	-0.924007546238	-0.38531773254	-1.53664455443	-0.212489914185	-0.317872100439
COUMARIN	-0.283309456606	-0.60732485603	-0.230617532856	-0.221752918953	-0.278381780994	0.2823480926	0.0203666819917
ARECAIDINE-PROPARGYL-ESTER	-0.159378505571	0.0483681594588	0.0533538406832	-0.0222740047715	-0.073563074519	-0.329305146589	0.574795430279
ORIDONIN	1.24279441629	1.03759464475	0.896352676053	-0.20512754106	0.16350301884	-0.114842685691	0.477244432351
ORIDONIN	-0.373073295789	-2.81930931088	-1.99850174365	-3.6569534811	-3.05738023062	0.799326266606	-2.94503853991
AM095	0.524716495381	0.357858548027	-0.0150923866495	-0.682730760106	0.239077567503	-0.418620028487	-0.389582654734
	0.524716495381	0.357858548027	-0.0150923866495	-0.682730760106	0.239077567503	-0.418620028487	-0.389582654734
TRAVOPROST	-0.0178938104122	-0.214488711014	0.134354540858	-0.00498598730734	-0.240517253993	0.501278902009	0.51445517872
SORAFENIB	0.0971346842679	-0.216923778023	-0.103150810952	0.357737449986	-0.505421112203	-0.440468130668	-0.574590579743
ABIRATERONE-ACETATE	-0.244315243418	0.0667595245093	0.636489629416	-0.463751630333	-0.649985898056	1.2987720347	-0.888673910582
ABIRATERONE-ACETATE	-0.957933951386	0.166025966196	-0.0973698168079	-0.0270118037478		0.251644913826	-0.543830641427
PARAXANTHINE	0.357505704476	0.0975180350813	-0.059419920347	0.149436233402	0.329325476357	-0.16291748654	0.338557774073
ARSANILIC-ACID	0.527723726475	0.218339103036	0.131267157047	0.0674482044866	-0.0115477493926	0.766261061376	-0.214063566032
VU0238429	-1.80845632098	-4.51051163743	-4.04344241968	-0.759772317799	-3.58305949575	-0.460947363867	-3.50329035863
SB-269970	-0.109983567996	-0.471047997105	-0.299871362977	0.441915402714	0.118664792178	-0.0817588681488	0.404504437936
AMINEPTINE	0.233777679005	-0.440198445006	0.141883467516	-0.238638601653	0.241070658209	1.2509805337	0.368286744634
TC2559	1.0665503215	0.474900627475	0.0074032012341	0.506674291232	0.156726558958	-0.110506864764	-0.384354947225
GW-2580	0.349369942852	-0.107576594103	0.0701721841768	0.599263792945	0.604032466892	-0.529630824794	0.418888257469
FLUOXYMESTERONE	0.266724466095	-0.164902068644	0.0161142014608	-0.321825330033	-0.163679823971	-0.168065955294	1.01435738795
VANILLIN	0.681888054629	-0.233649457974	-0.32130578388	-0.323835448673	0.219288006093	0.498069390515	0.111635027962
URETHANE	-0.179301233844	0.771705711596	0.219960416006	0.290584935995	0.0989987915076	-0.562944745505	0.558918533967
TECOVIRIMAT	-0.619831408219	-0.242438779711	-0.100370364337	-1.45779766949	-0.0247993317977	0.935844173874	0.0593277457918
ETEBENECID	-0.501110777286	0.0549295379292	-0.0224774872714	-0.145660753391	-0.316847315232	-0.965083721494	-0.140526923167
CINTRIAMIDE	-0.243848562075	0.0372986979905	0.0470922912662	0.141057756143	0.189335107387	0.0305790975617	0.0264283525731
EVANS-BLUE	0.350499668116	0.276131312348	-0.442724743388	0.267656172389	-0.164442125561	-0.884164855616	-0.157012393475
DEOXYCORTICOSTERONE-ACETATE	0.358819315216	-0.361758358588	-0.075431364287	-0.0836466922867	0.226636558221	0.194285143021	-0.106021377997
DEOXYCORTICOSTERONE-ACETATE	-0.343439050799	0.609035331217	-0.334546850161	0.83219145961	0.519608082554	0.443895264729	-0.081200392228
ETP-46464	-0.405267064707	-0.792311091733	0.723284352549	1.15022020741	-0.778853905026	0.109793847206	-2.14793313079
SD-208	0.64690404202	-0.873870080908	-0.92631412446	-0.504534580345	-0.147610888665	-0.78217985658	0.254796707884
AT-9283	-1.64100177038	-2.98847637374	-4.67795713685	-2.514230968	-5.46363255305	-0.399780578871	-3.19060537406
AZD3463	-1.01023768393	-3.36496522734	-5.67053363084	-0.352709490617	-6.45314310316	-2.57673958705	-2.7425107653
PHLORIZIN	0.449846120472	-0.507227160962	-0.385697167042	-0.0261620636853	0.726888250074	0.752774484145	1.10091309976
5-HYDROXYMETHYL-TOLTERODINE	-0.643315585102	-0.189223034213	-0.322289747239	-0.0741507898336	-0.458030569781	-1.46513281893	-1.06202953657
PROCAINE	0.590048600448	0.0828307322339	-0.196768885128	0.953580241844	-0.223640775596	0.977086032167	1.01519918256
3-BROMO-7-NITROINDAZOLE	-0.64414259088	0.0992919659195	-0.0217018552688	-0.298146723681	-0.0324127737592	1.01069092706	-0.669593842675
NVP-AEW541	-0.538742361768	-0.255546152807	0.297246679891	0.41560181484	0.502563763481	-0.34608329886	0.0286028547629
BUCILLAMINE	-0.0692357696375	0.435389689007	-0.460210041101	-0.745619032947	-0.724483715354	0.230349293235	-0.606096125856
ETHACRIDINE-LACTATE-MONOHYDRATE	-0.0457236383312	-1.26099025991	-0.352860279418	-0.999362795176	-4.76539195837	0.79613683861	-2.07553705101
SOLIFENACIN-SUCCINATE	0.196587624402	0.187627158001	-0.190470906171	0.758503755694	0.257329820335	-0.689229558159	0.2728836492
AMPALEX	-0.480575253892	0.0127831511703	0.111104406177	-0.590314422418	0.0321551590724	-0.0642593729126	0.196626202688
TRICAPRYLIN	-0.571675196726	-0.235829018224	-0.117366068945	0.673569504415	-0.155798289321	-0.474047104092	0.44524471087
CH-170	-0.310645486168	0.137273547133	0.148156896477	-0.697524622945	0.340915192851	0.368891362571	0.589142484241
SGC-CBP30	0.180839405822	0.267045774685	0.276651934647	0.832284713489	-0.257133725906	0.146276460768	0.102226972102
5-FLUOROURACIL	-0.449192874202	-1.03758266351	0.717775848009	0.366476453524		-0.255589093684	1.54152713208
CNX-2006	-0.253394060855	-1.08630413657	0.389170036229	0.0300854420686	0.221000061628	-0.570368331437	-0.113206427949
GRAZOPREVIR	0.0291795086134	0.351988522286	-0.119035516308	-0.108133254141	0.105401570121	0.152157748494	-0.862545238263
SB-683698	0.336417947096	0.0630761431012	0.195748701954	-0.229429613611	0.001036073284	-0.332819813548	0.515630059354
LIMAPROST-ALFADEX	0.0979195858468	0.660916066941	-0.106291656103	-0.0330665285229	-0.101703734603	-0.731413856518	0.892695803318
AMINOGUANIDINE	0.10974208009	-0.251674909287	-0.403165185685	0.0984956162087	-0.0409550693736	-0.183386084486	-0.316551119102
CX-516	0.225508130064	-0.341095014821	-0.027075480301	-0.199775550426	0.11908443967	-0.578044856835	0.263080640213
TANGERITIN	0.737013263456	0.137490727384	-0.215539475493	-0.231882800868	0.203311001503	-0.702116335003	-0.0525892870312
PRITELIVIR	-0.431010643573	-0.0477209626098	-0.214046525688	0.212826095077	-0.0613714277213	0.404690599698	-0.326781191494
PIRENPERONE	0.316005398534	0.486555840153	0.0113575100559	0.679557337141	0.344579892834	1.13549407627	0.309814620683
APATINIB	0.0615115068822	-0.843628200266	0.336500018493	0.625802042206	-1.9025940432	0.12052751418	-0.0351065406721
MK-8745	0.873515711835	-1.28642888948	0.793243660009	1.24208117528	-0.95092242815	1.33316222811	4.2285560296e-05
KU-55933	0.329286686969	0.58238062142	-0.232420053422	0.109385666189	0.0959335757798	0.606911555345	0.417959098933
MATRINE	0.490851404522	0.103538233931	-0.586623529855	-0.549727622263	-0.722987225521	-0.243084973139	-0.472360557273
MODALINE	-0.217464112478	-0.905442749932	0.246136771469	0.358230033409	-0.033424381538	0.00226957456218	0.643204067141
OSI-930	-1.07726824545	-2.48237380951	-1.5814751332	-2.63841609934	-2.59768208613	0.0983164615839	-2.84807999068
WZ811	0.501502597972	-0.0831101605118	0.281954165786	0.00762710303245	-0.455806229031	-0.0957399795079	-0.655002082526
OXAPROZIN	0.18286535624	-0.137476441753	-0.195835353502	0.261555524777	-0.101281416652	-0.25234835362	-0.717678417043
GSK2110183	-0.370880503884	-0.204653183483	0.542061930707	-0.571033099647	0.101572735608	-0.0218313031325	-0.428863059668
MAPROTILINE	-0.514707912815	-0.237852252167	-0.111132842025	0.167810861957		1.25997524818	0.0512220650972
DRF053-(R)	-0.11508894671	0.032063211445	0.0870833370641	-0.549596303368	-1.09936231569	-0.524287443491	-1.42245542534
JNJ-16259685	-0.464341127074	-0.67716505512	-0.340632670864	-0.197497840874	0.350959836663	-0.320682163686	0.274233775235
LY2784544	0.480988478071	-3.33583619843	0.18525173731	-0.68965293769	-1.76325484659	-0.619346881198	-2.41107316506
2-IODOMELATONIN	0.249795323684	0.221825282267	-0.978258727409	-0.58605397006	-0.538444199149	0.0639974420971	-0.419865896944
PHYSOSTIGMINE	-0.717637208614	0.882457838049	-0.285093223129	-0.193612775095	-0.0959859317747	-0.340935676418	0.0390262339498
4-IODO-6-PHENYLPYRIMIDINE	0.714115218083	-1.18053049818	0.193429464807	-1.48048308876	-0.134569818498	0.661411854355	-0.303101215035
CHUANXIONGZINE	0.677269733816	-0.433349244869	-0.0121560251313	-0.229266296516	0.183353763686	0.604536338636	0.197407037717
TAPENTADOL	-0.704627252389	-0.179875937166	-0.260770685336	-0.0956187156527	-0.0563089744866	-0.497316525938	-0.513954708094
AZILSARTAN-MEDOXOMIL	0.275758820092	-0.0929660846223	-0.243774492173	-0.391256493189	0.0175843730353	0.658137712932	-0.376252850555
PRT062070	-0.553635062112	-1.65472058037	0.541519535875	-0.26830167719	-1.04783920151	1.30014886322	-1.01607390836
JOSAMYCIN	-0.990227650058	-0.979494718751	-0.264913400353	-0.983161609687	-1.10294052091	0.932548328794	-0.114512495266
SC-9	0.379608441413	-1.16521192638	0.0224711506164	-1.39006945806	-0.853316752273	-1.0258633018	0.00266337027799
IMMEPIP	-0.0407077790231	-0.0436722682403	-0.36612722345	-0.684914346639	-0.295312385882	-0.815287834804	-0.417155385117
BLONANSERIN	0.965319133381	0.178799699259	-0.205380426258	-0.36096628169	-0.840814569316	0.758370570076	0.908531233499
BMS-649	-0.434026789805	0.176704677188	-0.0587605787225	-0.063879098438	-0.148135951245	0.00996459722148	0.0521249237621
GRAMINE	0.262849182098	-0.145482129376	0.219036864692	-0.640148407682	0.323969444441	-0.14683971882	-0.150462629727
LICOCHALCONE-A	0.349761208285	-0.147757603638	-0.271470142276	-0.333617040494	-0.0819031939275	-0.217046197653	
ADENINE	-0.0339434634987	0.599668783844	-0.204723535433	0.0261688930438	0.0818265717255	-0.212750419305	0.817986479432
RS-45041-190	0.786312216745	0.320902802923	-0.333927635712	0.266322003171	0.302674964576	0.9294290998	-0.268511191935
MAGNOLOL	-0.555592759025	0.127584154016	-1.15194742283	-1.6200937889	-0.661781533717	-1.73664016354	-1.30379634807
TRANS-10,CIS-12-CONJUGATED-LINOLEIC-ACID	0.218490585996	0.342852030708	-0.0342529668765	-0.655671021489	-0.260102562513	0.396234811697	-0.47547356978
NMS-873	-1.02662346569	-3.31314474743	-0.281199286173	0.263184573568	-1.58081642957	-1.32195519699	-1.47183418128
ACAMPROSATE	-0.0686564673123	-0.318848952249	0.327229004424	-0.240951898869	-0.110335965496	-0.0272225782596	0.401078725073
K-RAS(G12C)-INHIBITOR-6	0.241866756679	0.14649792087	0.361614110591	0.217827362938	0.316873696547	0.559233875155	-0.750211317975
API-001	0.141513989437	0.343802408198	0.151671482347	-0.168681511116	0.097191747012	0.330532520451	0.314372890829
L-ERGOTHIONEINE	0.350411112659	0.141915097779	0.131626069555	0.334900131923	0.489988580549	0.768278177476	0.267863201456
OG-L002	0.224734617211	0.0566830109819	0.386941730108	-0.65457501145	-0.522145814962	0.288988732601	-0.118036601804
IKK-2-INHIBITOR	-0.295515991291	-0.220702799426	0.0194353890932	-0.886532346365	-0.535584871941	0.0924879366282	0.505175537895
VANITIOLIDE	0.0417539515936	0.261611299725	-0.222329301454	-0.142411729867	-0.0522109364025	0.0514808527274	-0.446299121077
EPZ-5676	-0.529679850438	0.0542433007092	0.0695460081137	0.57191387193	0.341952980796	-0.948692103533	0.637675265719
EPZ-5676	1.10484193675	0.514029978129	0.0781484928194	0.796910949878	-2.45140553728	0.62147317124	-0.169650361057
QUINPIROL-(-)	0.241038159184	0.420123189229	0.168359538286	-0.281052790537	0.214414022406	0.654151350906	0.449236100595
DMAB-ANABASEINE	-0.275425793891	0.582108389941	0.0145633076582	0.530999097568	0.22068111436	-0.0733560692159	0.401698720071
BIFENDATE	0.0290342643264	0.499957381399	-0.0995805162975	-0.587860092583	0.146971388127	-0.64311974153	-0.106863342068
PD-153035	-0.678452271036	-0.308627575455	-0.305735885074	-0.0782241054156	0.35501390732	-1.16538113203	-0.364134777802
THIOCOLCHICOSIDE	0.426078149099	-0.434221109148	0.0461904790568	0.459809462873	-1.50885959646	1.70056981779	0.410485354492
TILMICOSIN	-1.21451192601	-0.75028817836	0.130394427013	-0.0752159444018	-1.09704401942	1.01378029862	-0.0956200463501
IMIQUIMOD	-0.42418019386	0.678776214937	-0.354019334598	0.357501482482	0.341226245308	-0.468083996905	0.933656490794
TAK-733	1.66340081377	-0.658869600013	-3.60136405992	-2.43659436048	-0.844867654639	-1.8601331488	-3.11604956302
TEGOBUVIR	0.643381585243	0.161736588854	-0.316359620346	-0.322630881316	0.143670839072	0.243855188587	0.0918831659393
VX-765	0.602436670425	-0.774883087807	0.278295453369	-0.585278547123	-0.598313199783	-0.317753439889	-0.520138205539
FENSPIRIDE	-0.565851379572	-0.34416222665	-0.172739644711	-0.285455897195		0.099497610802	0.568553032489
VE-821	0.367983706339	-0.778882417303	0.403104293814	0.213084657966	-0.0791865879031	0.0787156487529	-0.68807671622
PIPAMPERONE	0.267393426988	-0.652949246464	-0.201804764359	0.781420991812	-0.0133042584414	-0.365798127049	0.990803835226
AKLOMIDE	0.0167634458101	0.056043944101	-0.284034343224	-0.503199680947	0.356499528089	0.93214190451	0.609395315773
BIX-01294	-0.328032868632	0.147369747503	0.165505043447	-2.01309120923	-1.58139974171	0.58712444994	-0.570772811884
GW-842166	-0.388878538963	-0.672092243286	-0.643802175194	-0.547620479711	-1.21523056877	-0.526185955705	-0.252760157577
AZOMYCIN-(2-NITROIMIDAZOLE)	0.355632692185	0.150162936663	0.0491317787854	0.24794592168	-0.579692852628	0.0932008514197	-0.0440258827093
COSTUNOLIDE	0.481539894116	0.304122385827	0.625562279189	0.344818664635	0.0605136187192	-0.302840192284	0.779811746446
AST-1306	0.0889903001929	-0.43267661248	0.0934089385676	0.209856443056	0.109794436484	-0.410085491559	-1.60563211122
DIOSMETIN	0.432280415688	-0.110006704046	0.480731882522	-0.0866132935409	0.218712525877	0.0273670938191	-0.406109268253
LUMIRACOXIB	0.144402641223	-0.230484847317	-0.00201824738694	-0.204040805669	0.594361487422	-0.550018166947	0.20978555323
UNC1999	0.479895583384	0.997321303483	0.437764573856	0.157256352152	0.153885676925	-0.472875827516	0.0824912809164
D-64131	-2.27323462246	-2.72977702438	0.154951409424	-1.2221903949	-3.42338695347	0.911723959187	-0.664208230314
CHLOROTRIANISENE	-0.526347364113	0.400444163222	-0.0630977789617	-0.0697637479106	0.273703978521	-0.746352423984	-0.891055532645
XANTHONE	0.281621877059	-0.240485066291	0.472482206068	-0.0720048699561	-0.0563481451478	0.253449500684	0.17517418991
SB-203186	0.538423964268	-0.221755073016	-0.0308975929026	0.168359700979	-0.333351730586	-0.575251243859	-0.37704624426
SDZ-220-581	0.622440317328	-0.200267773333	-0.406832485035	-0.624169425737	0.109538345533	-0.524293981637	0.481703264384
METATINIB	0.212397836702	-0.666038505733	0.108686589162	0.510166695819	-2.47183265911	-0.793290090145	-0.450324785846
LEVOCETIRIZINE	0.266532072014	-1.24063130556	-0.0730760820918	-0.0729621871537	-1.23826455897	-0.323136137044	-0.590947731118
BALICATIB	0.123076918044	-0.027122323546	-0.436007703442	-0.314215610342		0.296499472034	-0.587712159908
BUTAMBEN	0.255452216311	0.27400136522	-0.782015440976	0.237849083338	-2.52974205075	1.15503973078	-0.364344190684
LY294002	-0.0601389045697	0.344875723447	0.143339865808	-0.285677836362	0.212261860564	0.152956791718	-0.717861263346
CALCITRIOL	0.278969398733	0.202265246607	0.559043201591	-0.945331240711	0.0719001205399	-0.483346205384	0.537686681304
CALCITRIOL	0.67483441029	-0.204284515749	0.289077421282	0.0393045863454	0.181364843519	-1.02267783972	0.228373536966
RHEIN	-0.378663644836	0.111568373104	-0.524632871692	0.105380524652	0.282832309839	-0.038103586504	-0.40101443383
NOMEGESTROL-ACETATE	-0.808127359402	-0.4650551142	-0.212836942668	-0.303804681046	0.397855901166	-0.816495991398	-0.417200941245
PIPERAQUINE-PHOSPHATE	1.01971919432	-0.0613013582044	-0.105006654163	-0.0234859351864	-0.122111448985	-0.123655434358	0.500391086804
XIPAMIDE	-0.36695604142	-0.252739067843	-0.271765463785	0.433136509886	-0.773900431993	-0.82451462481	-0.674414853701
ACETYL-L-LEUCINE	-0.0420665678902	0.196225839706	0.0310315812049	-0.788616955919	-0.166887004929	0.795347340252	0.398765780194
CLOPIDOGREL	-0.0110416812256	-0.421219693078	0.0387794968528	-0.449892094135	0.0183981979529	-1.32253770748	-1.00535812309
H-89	-0.0962003729	0.350906740529	0.103588599311	0.294957237337	-0.872357905141	-0.0582926489658	0.570639036742
CLINDAMYCIN-PHOSPHATE	-0.55018666279	0.402960489224	-0.0427588073967	-0.494586517866	0.317948210205	-0.0797502263513	0.16208917464
CYCLOVIROBUXIN-D	0.604780417622	-0.965877965996	-0.0832861137293	-0.16845981673	-2.06258509541	0.339959510632	-0.13719135449
1S,2R-PHENYLPROPANOLAMINE	-0.0705132000963	0.694067655058	-0.267985850232	0.35253132019		-0.212437943023	0.318297300781
FLUCLOXACILLIN	-0.53136415172	0.165759513255	-0.0760971438775	-0.507935158951	0.112709650778	-0.651691297545	0.177706987882
CHROMANOL-293B-(-)-[3R,4S]	0.446093391386	0.650522814751	-0.725028062295	0.325619017133	-0.392565675028	-0.797327988288	-0.882920050528
ASA-404	0.0305762719624	0.34193838255	0.25731178358	0.304570170125	-0.0186976306549	0.697357677485	-0.367185275538
LOMEGUATRIB	-0.131777881852	-0.0751079911	-0.0406934563121	0.481877955344	0.4025063673	-1.08915440081	-0.05799981377
RO-60-0175	0.861215926306	0.18678388963	-0.0319386556947	0.345504773041	-0.135370174801	-0.564801999415	0.983116627439
DOLASETRON	-0.383149273796	-0.019127719737	0.0797348501733	0.317683133476	-0.226998108731	0.0278381709668	-0.435690539884
	0.30650265479	-0.146404636476	-0.958610311839	-0.582063376108		0.66328473255	0.132139159886
INCB-003284	0.150085168539	0.281772234327	-0.0684334717276	-0.00441745009915	-0.0537688924814	-1.22697302415	-0.569975271645
APAFANT	-0.187451425565	-0.133511434423	-0.104113942597	-0.523253361953	-0.381902901385	0.469735451909	0.696090302375
PARTHENOLIDE-(ALTERNATE-STEREO)	0.667869979788	-0.247562321764	0.85438257544	0.817163875636	-0.661443496311	0.886279337594	0.461811903603
N-ACETYLGLYCYL-D-GLUTAMIC-ACID	0.176935628733	0.369048387455	-0.118612972673	-0.225989192037	0.380948561289	-0.308770208088	0.347586759441
CYPROHEPTADINE	-0.197555941141	0.0293531702343	-0.370516644696	-0.575692868643		-0.25362308198	-0.0368730123393
CYPROHEPTADINE	0.113015418569	-0.227823195363	-0.344685598614	0.627491646565	0.468146432744	-0.0745934412268	0.17299801074
PROGUANIL	-0.0919780424658	0.244017913619	0.0731735981115	0.6984538513	0.132593419062	0.420101280764	0.9148470052
SPIRADOLINE	-0.135276260296	0.174660374701	0.197912610227	-0.377517615441	0.369518146246	0.909592976151	-0.258948675792
CEPHALOTHIN	0.234488957274	0.662239013052	0.128610444745	0.0772524706782	0.130952642401	-0.563410363096	-0.395358380919
GANAXOLONE	-0.405799438145	-0.338149588468	-0.933570630418	-0.741226027152	-0.684266714874	-0.763048589093	-1.44622693172
FLUTAMIDE	-0.209310401439	-0.0733028704856	0.183358913287	-0.39387915794	0.312062179747	-0.105943784402	0.23222965873
ALPHA-METHYLHISTAMINE-DIHYDROBROMIDE-(S)-(+)	0.559417201141	0.618207333616	0.0807354093053	-0.0135181573789	-0.775331422893	-0.479977895585	-0.110468558972
20-HYDROXYECDYSONE	0.00126342600485	0.314767151052	-0.350982902969	0.209059460375	0.28121191404	0.40838249449	-0.214642222326
CH5132799	0.840492739822	-0.330881931612	-1.60940219511	0.644182237815	-0.712579701104	-0.532713397854	0.304738202588
TW-37	-1.23543342807	-2.21251479718	0.0139509464702	-0.510504200154	-2.62022406578	-0.644774933471	-2.67056142556
AP1903	-0.3375197389	-0.396655250969	-0.240649503369	-0.0529251327393	-0.088146976834	0.71191543461	0.120057847748
AZD4547	-0.277794677295	-0.249238585107	0.628519734636	0.133264416885	-1.99268559057	0.173019172025	1.22312295535
MECARBINATE	-0.569631529503	0.241279898436	-0.225392843044	0.0168196869954	-0.0217750777732	0.471085062242	-0.144010411158
BRIVANIB	-0.0552973401012	0.11613628021	-0.485575850468	0.17582643267	-0.806344154239	0.267543655814	-0.00435249994541
R-1479	0.209038964791	-0.0787289635026	-0.211398680447	-0.234694792373	-0.0420554322217	-0.174637018213	-0.0393083843126
NITROCARAMIPHEN	0.24102720108	0.419662913558	-0.159723956979	0.266271543177	-0.0623782057029		0.657552960404
SEOCALCITOL	0.838446007772	0.177268588707	0.564907154721	-0.0983229089576	-0.277255612354	0.198071107013	-0.515765314603
PICONOL	-0.682464381846	-0.805879011724	-0.175395513602	-0.0544335949277	-0.170812900622	0.268075749577	-0.246722856905
SULFAMETHOXAZOLE	0.320060713754	-0.0493764586211	0.602325845917	0.753707515378	0.568470059504	0.748886142373	0.549436154689
BENZYDAMINE	-1.86623982821	-1.38310282525	-0.685399501899	-1.7577282136	-1.02313512661	-1.44253856352	-1.03255512207
A-803467	0.734697441813	0.0778771943825	0.083792685322	0.298075622776	0.0178556915062	-0.0981537986289	-1.30560782566
CILOSTAMIDE	0.328644132072	-0.00137644231013	0.0412201651358	-0.377438420907	-0.21104963201	0.401007933689	-1.22393859863
MEGLUMINE	0.131680966186	0.0939388356148	-0.166972153873	0.0529807929836	0.119224067527	-0.251640034092	-0.332909946501
PYRAZINAMIDE	0.146353480508	0.204783351806	0.0167383589499	-0.57185813315	-0.290906196898	0.0848350789311	-0.567387850859
DIOSGENIN	-0.756996408461	0.200198008191	0.216639116566	-0.310190932485	-0.00601353558173	0.570628391671	0.00909579027546
ZUCLOPENTHIXOL	0.280699400412	-0.293142513616	-0.194039711779	0.181385054788	0.0279325391292	0.637993443162	-1.2345347797
RAMELTEON	0.877139853643	0.0310556761369	0.0973826301417	0.420135011508	0.16215648668	0.0423292106525	0.199711037662
RESMINOSTAT	-0.0566896363415	-2.35535152254	-0.548113008731	-0.116715434351	-2.86242801013	-0.79396522581	-2.87546163322
GENIPIN	-1.45810842578	0.16717973395	0.796818635186	0.136287941633	-1.88895329786	1.54354136985	0.176823140935
GENIPIN	-0.497694369603	-0.00813877955678	0.0353675118455	-0.0121006827917	-0.0765573597301	0.645878988984	-0.236314526277
MESALAZINE	-0.270028261308	0.508911993079	0.219917310549	-0.172973151761	-0.570332365962	-0.0117537710123	-0.0105852428248
A922500	0.485724934118	0.0184835063254	-0.155288178546	-0.392597897081	-0.0540966361636	0.372491965485	-0.255959590933
PNU-282987	0.244976623795	0.238806751593	-0.268503504045	-0.220623217581	0.162048167819	-0.0910880254727	0.35604044117
CD-437	-0.941095615781	-2.6782189341	-2.08578832567	-2.0451490895	-4.10286994497	-1.44479400975	-1.75852883064
NICOTINAMIDE	0.625346952195	0.682379781138	0.344478073751	0.144028418175	0.636315617259	0.913944431928	0.430647662059
KETOTIFEN	-0.0537432362765	0.463571318525	-0.167702076465	0.0875961507712	-0.0896173180653	0.577167683525	1.35442335738
	-0.0537432362765	0.463571318525	-0.167702076465	0.0875961507712	-0.0896173180653	0.577167683525	1.35442335738
BVD-523	-0.500059395004	0.162152030546	-1.61792077994	-0.938336476696	0.000358119613394	-0.325049194641	-2.64334732932
ZD-7114	-0.43773522599	-0.325141718184	0.178692536499	-0.251632721403	-0.267270196953	0.25966271966	-0.329282953546
EMOXIPIN	0.261735281693	0.815629554961	-0.000668656219099	0.18309158494	0.174247141219	0.98613044765	0.249288884364
ICI-185,282	0.859911723879	0.933618628803	0.505362197758	0.5711770383	0.544153428972	0.810502271219	-0.65522208147
ISOFLUPREDONE-ACETATE	1.02264581534	-0.18249375112	-0.0659135041441	1.25384155079	0.638524969523	-0.813424539736	0.376172665573
ESZOPICLONE	-1.01085484305	-0.158335382742	0.0810756183224	0.611207553843		0.282025926644	-0.414759402547
THIRAM	-0.312456334399	-2.91606745793	-0.201221747594	-0.996134388202	-1.7173687615	-0.322087912848	-1.74761512995
EDOXABAN	-0.156990351773	-0.184504582513	-0.607394805321	-1.10623870336	-0.374102340442	-1.62940327178	-0.943293436415
EBSELEN	0.282375556572	0.316240468199	-0.187333312287	-1.10993757206	-1.08532139418	-0.567307839235	-0.440740422509
PANTOTHENIC-ACID	0.101401549322	-0.130474003709	-0.297477515911	-0.13439045823	0.792205876705	0.141639853438	0.926257518845
PIK-93	0.207044125427	0.25164156861	0.36260882406	0.829605771594	-1.19563881159	0.910569521214	-0.222508118018
BGT226	-2.71114906085	-4.25520743539	-6.2533000061	-3.37528227292	-4.77818299764	-3.34737513057	-4.19040868197
CHLORAMBUCIL	-0.285273510622	-0.155264590575	0.116597317478	-0.449679200189	-0.00565229946798	0.175248548682	-0.83170737823
DESERPIDINE	-0.388537104384	0.226700732926	0.584812673662	-0.157208930367	-0.543152098696	0.172279786988	-0.404118323044
AMLEXANOX	0.817346968798	0.118070034268	0.103319213422	0.351282387896	0.0982835393631	0.264608929067	1.29129697648
1-NAPHTHYL-PP1	-0.126068022159	-1.94750173727	-0.635955858218	-0.163366327632	-1.45026903089	-0.688425509641	-1.4970486007
SNC-80	-0.110819258339	-0.0516888190273	0.233282188128	-0.666300104656	0.27375935488	0.818455795951	0.731108975778
ZIPRASIDONE	-0.946825489808	-0.77527165226	0.243438485269	0.477656165249	0.251719232737	0.248589059416	-0.788218185938
FLUNARIZINE	-0.0645002982304	0.226338410105	-0.456205449058	0.0338359868256		-0.340096217069	-0.876585042143
TOPIRAMATE	0.0338227348504	0.396505492963	0.313745678551	0.357594902354	-0.865259867578	0.642763415613	-0.163100958781
MK-8245	0.665082023134	-0.856179013021	-1.09016844194	0.829841819783	-0.564570903922	-1.10271249534	0.532844184138
BD-1063	0.262645977526	0.330998019584	0.110695306064	0.506913775806	0.24809409538	0.232862409918	-1.04322164828
HYPERICIN	-0.430869199119	-0.516034492649	-0.243520841111	-0.934309007426	0.0218630561399	0.42711467089	-1.75515786742
MEBHYDROLIN	0.1780763396	-0.00115229975762	-0.0701397758044	0.0642198508476	0.384708950898	1.5072436177	-0.610308134493
	0.1780763396	-0.00115229975762	-0.0701397758044	0.0642198508476	0.384708950898	1.5072436177	-0.610308134493
MEBHYDROLIN	0.298533426425	-0.361380119896	-1.28068491399	-0.468932811465	-0.945241617581	-1.13094053495	0.0444268397375
	0.298533426425	-0.361380119896	-1.28068491399	-0.468932811465	-0.945241617581	-1.13094053495	0.0444268397375
OSTARINE	0.607174571878	0.110299733508	-0.244818098229	-0.313688905198	0.0745009128152	0.153330260384	-0.304564364418
MYRICITRIN	0.460333529831	0.0839799059523	0.0902124978175	-0.223434121529	-0.54332862747	0.276437283458	-0.656093664314
SKLB1002	0.650425002797	0.102997047883	0.398415296601	-0.559425825547	-0.00411278654812	0.858263743404	-0.913474837605
AXITINIB	-0.961581455065	-1.42278892827	-0.018237764699	-0.0848938535674	-1.50784854283	-0.567568676694	-2.01528894944
GLUCOSAMINE	0.0585297314235	0.213117344493	-0.0556622463141	0.161706794951	-0.0729571717562	0.0563109511239	-0.238497634848
CLOMIFENE	-0.177999726599	0.241031760126	0.182255130324	0.234674250592	-0.270096268363	-0.739298286098	0.591402264669
KX2-391	-0.914557982256	-3.38591987916	-2.10941805539	-2.96540163452	-3.22507577578	0.131927712073	-2.41800383841
DEXFOSFOSERINE	-0.552995876344	0.0115722023292	-0.105846797756	-0.0387487826244	-0.187417693388	-0.797136936366	-0.403297963496
ALISKIREN-HEMIFUMARATE	0.0701467877709	0.117711731538	0.178856461451	0.374312695155	0.276104274445	0.189788844127	0.372328179029
METHENAMINE	-1.42994075903	-0.44889242742	0.0641298885835	0.285116446623	0.21998870347	-0.848363707024	-0.541165482929
DIMESNA	0.0705533405718	0.393880803372	0.199027904736	0.19225300034	-0.218176988385	0.383540462893	-0.0472054661681
FENOFIBRIC-ACID	0.00122200685411	-0.0824923372789	-0.0730949232075	0.428554999925	0.265840372025	0.213997105281	-0.616729677258
1400W	1.07692637056	-0.356835445043	0.116628532902	-0.35834679182	0.121579398954	-0.121439369906	-0.161770626568
CLEMASTINE	0.31562858161	0.280113969126	0.398825221841	0.249970276001	0.142286459722	0.104882871526	-0.316972108047
ASC-J9	0.66747546678	-0.27580404082	0.406435387267	-0.589781637172	-0.235341584977	0.63185338727	0.239449817134
DUTASTERIDE	-0.369978743577	-1.07972104482	-0.110809272671	-0.066651174412	-0.203069499186	-0.135564974462	0.0558845620891
MANNITOL-D	0.169174655612	-0.102907786568	-0.170196841285	-0.151386320357	-0.593666971697	0.141442806309	-0.185652476891
TIMOLOL	0.251727427949	-0.0548614800107	0.28274076165	0.2154584472	0.220631166257	0.267648678366	-0.505405827929
DOMIPHEN	-0.575074248893	-0.194161859453	-1.1514190239	-1.42104091398	0.240500481412	0.0382612266577	0.0864160236332
ELLAGIC-ACID	-0.529075694907	0.795624321756	-0.162860101283	0.219833764412	0.115156347756	0.171337275848	-0.878457234827
TORASEMIDE	0.32194424746	-0.196533735394	-0.648834295136	0.150880602563	-0.170925129681	-0.23655491405	-0.751431950883
HOMOQUINOLINIC-ACID	-0.143719495407	0.640359682085	-0.126008467113	-0.775084592047	-0.739266213386	-0.336693401181	-0.118601488292
PF-04620110	0.0175196709876	-0.582933175592	-0.217524816581	0.519452058933	0.0707160591687	-0.440392733997	-0.136270393365
HESPERETIN	-0.286151644217	0.249938898253	0.134936271062	-0.606988404546	-0.121187754487	-0.726632819854	-0.650253293412
RIFABUTIN	-0.318071051155	0.17146656065	-0.163994290139	0.319776493608	-0.0151455494983	0.199858011153	-0.0385667154046
CTEP	-0.441275832245	-0.29052268886	-0.703674479236	-0.819123077293	0.194642055194	0.217371089504	-0.825029219506
DOCETAXEL	-0.808438123668	-1.08202143447	-1.82978673266	-0.803517232614		-1.28126873795	-0.48211909757
DOCETAXEL	-1.67335104703	-1.8284217126	-0.578418032057	-2.50201161741	-5.53074847229	-3.55504492332	-3.23545380451
LEVALLORPHAN	-0.284434722136	-0.186063895249	-0.0638193561037	0.00802819018553	-0.52232288479	-0.643717760693	-0.302690770331
MAFENIDE	0.369642389878	0.496381185047	0.0738736266635	0.24716531829	0.178570471903	-0.0468163928594	0.564990791256
ELETRIPTAN	0.69485527735	0.257646983415	-0.238757531258	-0.298799663371	-0.190497198147	-0.278338456864	0.261406423255
LEVOTHYROXINE	0.67584506883	0.58550943855	-0.451782452314	0.815245074442	0.301252264534	0.611420231912	0.771265763187
PNU-74654	0.0703612612876	0.402679588652	0.472761221342	0.595974650731	-0.0329190451701	-0.204842723178	-0.403616205033
ISOPROPYL-PALMITATE	-0.283151629175	-0.93668551033	0.0868961417687	-0.227685934004	-0.587973239458	-0.0250355307813	-0.409251536955
SB-216641	0.684423486161	-0.0114769795369	-0.255199924305	-0.194520708481	-0.0409585257501	-1.67358645483	-0.711031383159
UNBS-5162	-1.42773974671	-1.72381003973	0.535827479123	0.909316505987	-1.47173378614	1.08811397254	0.274106052162
PIK-293	0.51551709249	-0.486337943331	-0.483727070412	-0.941614782175	-0.815479151456	-1.0815712618	-0.946182646142
FR-122047	-0.885580058435	-0.0536185822788	-0.127059523246	-0.349511623398	-0.133601124125	-0.054492104883	0.0701288702381
BMY-7378	-0.513873223022	0.525023346984	0.00737123635692	0.384265099723	-0.11409038222	0.201393732242	-0.215737527932
NH125	0.530287033507	-1.44856855228	-1.60861239536	-2.8959342794	-3.53188175012	-0.72393763754	-1.95345024448
DONITRIPTAN	-0.0877200771987	0.412532307785	0.0622119241392	-0.18227336446	-0.165767313378	-0.22307585554	0.847346997999
DIMETHYL-FUMARATE	-1.10373641336	0.327078999934	0.214375574313	0.259637738499	0.0592138218321	1.11016377868	-0.362135007155
IB-MECA	-0.814214079949	0.365782283909	-0.396295455781	0.751208753391	0.27207757094	0.249403387526	0.159492505753
TOFACITINIB	-0.602108938417	-0.144189276719	0.00506173290779	-0.0153519135152	-0.369447539858	0.229698055883	0.652436850537
LUCITANIB	1.2100741344	-0.798909740586	-0.627659030269	-0.187183207709	-3.24865862499	-0.141181205404	-1.40187228021
BS-181	-0.0293879242212	0.204974099675	0.258633209404	0.183753975615	0.216067968668	1.13004730597	0.472596796772
LIRIMILAST	1.37181051116	0.161006729416	0.034416925633	0.221827176373	0.176126972179	-0.345342592	0.635472486572
IVABRADINE	0.314471341279	0.125555420895	0.248072009015	0.301149365337	-0.109592919636	0.721126824305	0.0656526829252
OXONIC-ACID	0.0466181750399	-0.180217055407	-0.173991474218	0.105865844821		-0.504182828233	-0.960164645405
AZD9668	-0.912219424381	-0.0762204277719	-0.811847021682	-1.19309916797	-0.507806893427	1.08539083824	-0.602448992308
1-PHENYLBIGUANIDE	0.6734140224	-0.626637849041	0.386074260814	0.642578053325	0.375840517418	1.11417533182	-0.251299377856
AZD7687	0.233753283468	-0.372397066773	-0.377581268711	-0.0221409384234	-0.23238981395	-0.721664644069	0.538082233946
PF-02545920	-0.885042837251	-0.250171533619	-0.10625550965	0.0440746086961	-0.0191526263016	-0.48769417583	0.37192171441
ZIBOTENTAN	0.379666570039	-0.126122162237	-0.215216265275	-0.0270775973952	0.011475313664	-0.0770707109631	0.067157661436
OLVANIL	0.413196475864	-0.113032660457	0.17199945013	-0.0274321159006	-0.15894206305	-0.0774344880844	-0.940881454203
RIMEXOLONE	0.361718874891	-0.418008653211	-0.0654235610406	0.611745266959	0.463751276967	-0.983355575316	0.434801100221
DAU-5884	1.08994836094	0.447023567448	0.277098112386	0.626048154675	0.0501268485335	-0.12050859916	0.483762494147
SULFAMETHIZOLE	0.788415223204	0.220489197395	-0.145443410328	0.42395550849	0.301233903879	0.410686334294	-0.234075109625
ICOTINIB	0.315861075533	-0.105690010443	-0.395048375638	-1.13861504614	0.389425901963	-0.505770952925	-0.166549134021
PEMIROLAST	-1.36752981696	-0.400309786131	0.192775868566	-0.253207703766	-0.333031967916	-0.424539049848	0.279619227915
LEVOBUNOLOL	-1.33309669579	-1.80548256273	-0.183640319598	-0.651359259868	-0.655950161496	-0.845164051396	-1.0260759249
OXYPURINOL	-0.866947685423	-0.617490711072	-0.18148107322	0.25603233796	-0.0332593399486	0.087780369354	0.745352535237
T-0070907	-0.989096578067	0.346567979919	0.388678616667	0.269942457993	0.0666343642258	0.243098069225	-0.578331989948
TAK-632	-0.242028155215	-0.0817175322343	-1.10984534024	-1.10087432414	-0.270978928501	-2.00857432332	-2.13788086075
MESTRANOL	0.348009113601	0.811621760902	0.557652693661	-0.365657028051	0.220246010533	-0.0104104078088	0.139489726586
BARASERTIB	0.0233884207374	-1.85753465389	-1.26372045858	-1.95730335026	-1.55679582544	0.0573044321191	-1.52810293812
ENOCITABINE	0.287790683657	-0.479913373237	0.840341376532	0.902191102081		0.148618386406	0.094781780652
SULFACHLORPYRIDAZINE	0.312099132225	0.0349917807344	0.101622606109	0.353002104391	-0.217822588385	0.714994263985	-0.4411504007
LX1031	-0.121625406334	-0.869328685617	-0.126210863445	-0.732471806431	-0.446104016508	-0.269365433606	0.0590225722974
TEMOZOLOMIDE	0.690016923475	0.315571958646	-0.352306015415	-0.333614606063	-1.34603946205	0.391704242946	-0.816784065197
TOLAZAMIDE	0.422474312481	-0.489714405803	-0.114693144214	0.338706709534	-0.133515767635	0.458892294734	0.602564249342
MBX-2982	-0.720220440447	-0.978440229136	-0.328740619135	0.0457807638241	-0.393083140751	-0.571401242135	-0.885891345751
PRIMIDONE	-0.673059592956	0.59020251733	0.202757615001	-0.179110752887	0.263463606354	-0.20319538171	0.297636090108
SULFADIAZINE	0.0818296440456	-0.0334856229084	0.241495899185	0.64918734555	0.0449420450221	0.770342787817	0.373285517286
AMG-208	0.260004857438	0.291987964362	0.0996627593604	0.39653572702	-0.282341172159	-0.981234115249	-1.03271993777
EHOP-016	-0.245108251761	0.17397728417	0.244443583322	-0.00420036220517	0.075213396098	-0.199193963976	-0.410333641168
CGP-53353	-0.102260789535	-0.201249490817	-0.225776215157	-0.481088217393	0.231759758817	-0.792395241507	-0.505956142322
NIFEKALANT	-0.170400619206	0.104195718836	-0.0799393733528	-0.217892824555	0.107664476777	0.11898511498	-0.179267483546
ACYCLOVIR	0.130211042561	-0.0454185142728	0.101554779231	0.524298125918	0.0702811370742	0.770151778434	-0.504221231305
ACYCLOVIR	-0.769201394146	-0.267096317393	-0.26188346615	-0.403505576828		-0.036048794615	0.0617969753806
D-7193	-1.3518048929	-1.19165535745	-0.948766054012	-0.583359480246	-0.798867235767	0.640837311361	-0.134115950164
ETOMOXIR	-0.871148605121	-1.31025192746	-0.691161146362	-1.63642953054	-1.71499771077	-1.76877790827	-1.74621965785
VANOXERINE	-1.56820882727	-1.27899829127	-1.04401025582	-1.08669984015	-2.49123184958	-1.14335744947	-1.30606640789
OROTIC-ACID	0.512982189279	0.217159672105	0.343621967102	0.242260029019	0.113636543964	0.789604436577	0.62997648959
2-AMINOBENZENESULFONAMIDE	-0.236193667924	0.410522957972	-0.670882397183	0.0313323557834	0.0163166289052	-0.319562697235	-0.840486935097
SU3327	-0.411628665348	-1.29349256992	-0.388443380431	-1.13286680358	-4.84348417389	0.736728414482	-1.6696275346
DISULFIRAM	-1.46955385656	-2.58223130263	0.394736168544	-0.423993850659	-0.0650557804464	0.672322791287	-2.14173016262
VONOPRAZAN	-0.604388415641	0.144771794212	0.274077777023	0.412069983029	0.275304510979	-0.00706815428539	-0.140991689007
AZATHIOPRINE	0.379032723626	-1.37780792527	-0.434630989927	-0.446048365745	-2.4020920547	1.71596057452	-1.77386928722
GUANFACINE	0.42012951255	0.376996173039	0.0552178607148	0.719711079031	0.255946001983	0.654623102786	-0.00521540172282
GUANFACINE	0.30897307949	-0.141330583059	-0.0326577577872	-0.201593631426	0.18384056105	-0.534977158894	0.575317383409
SPARTEINE-SULFATE	0.386894965959	0.0305020045217	-0.368483980099	0.148389543554	0.347011693726	-0.11285885233	0.0334665570855
EUGENOL	0.650733086333	-0.0101855994105	0.0965078338535	-0.0431567838839	-0.0898659477513	-0.222880785458	0.189243003493
RETAPAMULIN	-0.0648757026163	-0.484276615224	-0.00109585707415	-0.160850213923	-0.0616438190018	0.688658937675	-0.351681105569
ADAPALENE	-1.45334973743	-0.837390546266	0.329703952739	-0.480686693597	-1.12086000489	0.148808845886	-1.60922056529
L-NAME	-0.193510786247	0.479724941266	-0.258490929021	0.0915148718167	0.350431155957	0.341270091779	0.117777474515
DEOXYEPINEPHRINE	0.544002570219	0.456760333242	-0.265111923002	-0.0788504730974	0.179414852231	-0.0999321635872	0.797413352506
IMETIT	0.491938677163	0.238547837997	-0.0788302849907	0.582799404062	-0.431845682173	-0.165088185538	-0.338421362042
DEXTROMETHORPHAN	-0.203431590428	-0.842797176199	-0.0691384582678	-0.734756759066	0.243101721674	-1.02723888798	-0.173003465786
ALLYLISOTHIOCYANATE	0.452059557717	-0.247640186185	-0.215130831369	0.064401246224	0.12388913622	0.701188827031	-0.730862391173
INDINAVIR	-0.0872407115241	-0.565481998227	-0.350146905912	0.0732337003689	0.107155983319	0.160973788476	-0.809172530156
MIGLUSTAT	0.680394364099	-0.0632327254069	-0.148568609456	0.100363908597	0.347231341024	0.211505621981	0.196966104029
OUABAIN	-2.81522170002	-3.71553000054	-5.42165662957	-3.85644726969	-6.2008366674	-4.11009899349	-3.03449071689
TIVANTINIB	0.423975612554	-2.0387722688	-1.4097296932	-1.43796981093	-2.62163143194	-0.54358410784	-2.37148239452
ALPHA-LINOLENIC-ACID	0.190156946675	0.196640628046	0.0544251881247	0.154098973187	0.0600810892117	0.713819140528	0.0546310929529
EXEMESTANE	-0.277585543237	-0.366467978069	-0.0621505827488	0.314117653888	0.14787279098	-0.174018712698	0.118622619433
LEVOCABASTINE	-0.100678000647	-0.179630982702	-0.280990541112	0.175403288144	0.101508898176	-0.015631453155	-0.348641666001
DITOLYLGUANIDINE	0.0984401742355	0.341181795446	-0.046405980622	-0.140482152628	0.150351527743	0.520991805536	0.735051177985
ACTARIT	0.0198688116953	-0.192395958807	0.0462884490275	-0.412795396685	0.444941733033	-0.0826900343106	-0.474088606224
VANILLYLACETONE	-0.340928321514	0.697563770468	0.0881440547938	-0.189501254607	-0.229602118642	0.283214624546	0.244710941497
ISOLIQUIRITIGENIN	-0.03218547484	-0.343855242788	-0.287551954461	-0.343245817501	0.224486033768	0.302307354844	-0.0941965535373
OBIDOXIME	-0.157659891527	0.212218893112	0.0140523859379	-0.709188315106	-0.0956457099516	-0.470580712175	-0.505658213804
ROCILETINIB	0.969062808163	-2.22024096353	-0.965813183511	1.13175115284	-1.27194427105	0.454018633642	-1.41292781842
ABEMACICLIB	0.671216028125	-1.08285425824	0.161818559769	0.362001426365	-0.68467965601	0.309403818712	-1.85213475922
PRUCALOPRIDE	-0.408164280299	0.341557478195	-0.286921086288	0.207126642894	-0.169557534948	0.360432680969	-0.777575402256
5-BDBD	0.119920167437	-0.371998554675	0.411766084924	0.734516203688	0.178952259965	1.16024343334	-0.893228534269
DIFLUPREDNATE	-0.781855684687	-0.125504909859	-0.356804796192	0.731631612834	0.920426313	0.644195416442	0.406492333901
METHYLNALTREXONE	-0.380386838234	0.313276602731	0.328720395569	-0.503379627219	0.426749326631	0.448554267996	0.331534794601
ML133	0.956137738012	0.296621554114	0.0884824236452	0.695446645431	0.148530861395	-0.420153447274	0.125621286552
SCMC-LYS	-0.0804064591787	0.0537837366476	-0.0689247630872	-0.763926720935	0.710611346198	-0.0236772174754	-0.344256014295
VALNEMULIN	-1.73369547563	-0.873571820361	-0.213598424728	-0.0470188186117	-0.354313337297	-1.18366928399	-0.314138523977
LUBIPROSTONE	-0.690459475478	0.637519932864	-0.0132864949372	0.416274035427	-0.0882231290639	0.17269315472	0.680050229019
LUBIPROSTONE	0.381705862064	0.242397779988	-0.0217834005912	0.838221749444	0.432564808672	0.468248260847	0.40009919217
GW-3965	-1.00938740664	-0.644350583984	-0.15897210866	-0.342144900817	-0.210712714729	-0.726469743128	-0.292741663484
AROFYLLINE	-0.0936452329519	0.156842976922	0.14962978921	-0.264606683958	-0.222546174885	-0.0585549742282	-0.201418254975
LY225910	-0.00582681408763	-0.520736415838	-0.643644444019	0.509850453636	-0.0670805574006	-0.0624477798126	0.067191272146
ZK-93423	-1.82157598489	-1.50686813578	-0.358022390035	-0.597198899728	-0.393044454874	-0.347430731476	-0.367930961615
ML347	-0.285120159999	0.02886760075	-0.213535259717	0.455365802055	-0.0482890890807	0.0849860518475	0.354679076741
CLOFARABINE	-0.916085465985	-0.617489744621	-0.372872228132	-2.38948028693	-3.16730899439	-1.29450992004	-4.08921473362
BETAMETHASONE-VALERATE	0.901582955507	0.000596051135481	-0.500633484081	0.388234344784	0.636432156045	0.409932435527	0.775903018497
CEFONICID	0.19084085857	0.62394865984	0.281682499142	0.659268101024	0.0887715790562	0.506344997132	0.159971245922
TANSHINONE-I	-0.875802176609	-0.907893915821	0.260458864771	-0.0438931111828	-2.01538317999	0.488812471125	-0.949871029394
DENATONIUM-BENZOATE	0.108584298811	-0.606543479537	-0.41522397072	0.20136885906	-0.564044998699	0.523682247864	0.219868125009
TRACAZOLATE	-0.801244360024	0.783223095701	-0.218574014697	-0.176130750108	-0.671819708085	0.487934547834	0.059044007629
CIMETIDINE	-0.553181884239	0.00785937886056	-0.435953478364	-1.34441428119	-0.184680569666	-0.273972639948	-0.179367739007
AMG-517	0.560004649856	-0.375635812366	-0.0345458070877	0.516038799535	-1.0343073238	0.307651046191	-0.812081696837
LY215490	-0.155527480349	-0.240426322837	-0.498841997931	0.208613164406	-0.61169823396	0.493972421231	0.279160805868
CGP-71683	-0.0119628305858	0.358790236619	0.408570935972	0.981399481022	0.0665609962902	1.1591325402	-0.259465233911
MF-101	-0.309826023754	0.586927960267	0.0250426081631	-0.380816467926	-0.415288257438	-0.901087008141	0.558827985002
IMIDAPRIL	0.458789861557	0.839824566381	0.466625931128	-0.0634608268857	0.329943460857	0.31166508148	-0.483934549582
GLASDEGIB	-0.824080953614	0.155774326541	0.133697444312	0.0569089709724	0.405912870094	-0.635591439798	0.0674426281621
METHICILLIN	0.47383580685	-0.647289646026	0.00235631201625	0.393486303825	0.396139970444	0.786634603427	-0.819271110304
STREPTOZOTOCIN	0.890110441707	0.169543642847	-0.167528612734	0.229335149331	0.183558326561	0.91840904539	-0.00990237153228
TRIMETHOBENZAMIDE	-0.14177982587	0.41811279838	-0.339873213059	0.57417333287	-0.145327719731	1.11193981234	0.343429852764
MOEXIPRIL	-0.80292745209	-0.303356712673	-0.509445770487	-0.4626201628	-0.0186008415257	0.926857307411	-0.0831774800028
LEVALBUTEROL	-1.19774887038	-0.511690406802	-0.729965684316	-0.41287663074	-0.672644544512	0.116076678321	-0.00484502475423
TYRPHOSTIN-AG-494	0.407841758515	-0.46808368063	0.142864159877	0.246514114229	0.180739034574	-0.038252638438	-0.136576379684
TILORONE	-0.292460603759	-0.454287505667	-0.507387652511	-0.0860301249959	-0.233446297859	-0.289215426564	0.16013994944
METHOPRENE-(S)	0.0747122044622	-0.166198441407	-0.241540012796	-0.583023360887	0.262387110015	-0.831307567494	-0.251899397427
GP2A	1.08709403938	-0.243477710643	-0.174127972605	-0.351362516864	0.189022257375	-0.193824903679	0.206524886001
6-CHLOROMELATONIN	-0.0751971047684	0.0978808102007	-0.246082483452	-0.418858676609	0.183183427426	-0.596776070591	-0.390617686727
HEMADO	0.340116832363	0.554581275209	-0.118192514529	-0.376161332546	-0.119421002472	-0.0321457279652	-0.385884985026
METHYLERGOMETRINE	-0.254522772262	0.433148052299	-0.10109122178	0.113669088071		1.17435421872	-0.826562028218
PD-123319	-0.606132268426	-0.687990814422	-1.08850143875	-0.489384678916	-0.387872480217	-0.160442237834	-1.10084496296
LEVODOPA	0.026147019484	0.419427727533	0.269639230221	-0.166317490121	0.362900282143	0.224297887794	-0.581246816083
GLIMEPIRIDE	-0.83891802839	-0.506516386028	-0.251422636064	-0.786490431366	-0.330033167507	0.337707349619	-0.426289928635
AZD5069	0.483560793996	-0.294819829933	-0.556748099274	0.502284248691	-0.408449736764	-0.142815182752	0.114061907821
	0.483560793996	-0.294819829933	-0.556748099274	0.502284248691	-0.408449736764	-0.142815182752	0.114061907821
PARTHENOLIDE-(-)	1.49838581216	-0.506064581851	0.558439749298	0.144907086866	-0.579106891523	1.49007996492	-0.619371151283
ADOPRAZINE	-0.732611620619	0.290053467342	-0.0311286675938	-0.110422049715	0.0170654164667	-0.0998359162603	-0.741443996774
THEOBROMINE	0.434005554963	-0.932856203696	0.050382722754	-0.0728725169465	-0.60346498843	0.285706809748	0.486377013159
ENPROFYLLINE	0.472141713081	0.178361753014	-0.00109526079155	0.659829842285	0.12589192346	0.58193726185	-0.431019255324
BUNAZOSIN	0.333382056758	-0.291116040748	-0.448973700608	-0.140011964657	-0.233785426519	-0.0542801892876	0.23257374583
ASIATIC-ACID	0.894094323712	0.62643976934	-0.0300453212516	-0.406355470405	0.086859743728	-1.2008225245	-0.121056723391
ASIATIC-ACID	-0.259896235809	-0.3029924592	-0.31635914154	-0.354019230614	-0.473368615114	-0.437202481791	0.118300093529
TARANABANT	0.292207733181	0.111297504519	0.0431049208232	-0.58432755328	0.0252931613029	0.452770820399	-0.0506006195106
CAPRYLIC-ACID	-0.375041576394	0.195935926512	-0.395931431383	-0.0238001094131	-0.67540992138	0.411994386948	-1.26017349024
LEVONORGESTREL	-0.0897500756352	-0.108161327275	-0.511374589824	-0.144526553407	-0.272849039856	0.311299119283	0.0985044601577
METHYLPREDNISOLONE	-0.797398252669	-0.381316963692	-0.786280894081	0.265934188628		-0.203990169519	-0.948228112768
CICLESONIDE	0.806749908844	0.161556847902	-0.533823740745	0.440838534652	0.227609123447	-0.0383679562268	1.41152761055
GZD824	-1.21954759923	-1.47702891256	-0.919702797972	-1.27922695405	-2.12529864886	-1.69599282342	0.892617704484
SR-59230A	0.630133863683	-0.114146704867	-0.814367983469	-0.159843159834	-0.0324442840248	0.615477645565	-0.520468475449
ALRESTATIN	-0.663646718115	0.0218509257083	0.0325829257337	0.0117432044558	-0.286366318429	-0.384512830987	0.980088066131
DACARBAZINE	-0.13349715452	-0.841386401174	-1.00995777776	-0.957050119927	-0.902320011913	-0.761802526031	-1.95071818719
LEVOMEPROMAZINE	-0.705726882873	-0.454948705318	-0.285097073293	-0.0144799956335	-0.209571179528	0.194044587621	-1.32392856718
YOHIMBINE	-0.257171302982	-0.0853872497878	-0.0916922744946	-0.10545696252	0.194302786642	0.582507540264	0.347240264002
DANEGAPTIDE	-0.493843541772	-0.168461132037	0.0826867363102	-0.0327572305761	0.243747003376	0.706468398467	-0.843923206127
CS-917	-0.260608928006	-0.309496260578	-0.659915552386	-0.340963168222	-1.07969431238	0.145164460474	-0.208524253839
SR-27897	0.0801143321517	-0.940726543514	-0.50045714679	-0.230373551659	-1.46772530606	-0.955164482964	-1.88804802869
GIMERACIL	0.573488198413	-0.149846894661	-0.0451053967427	-0.577310439845	-0.628895501416	-0.256641548354	-0.154105636392
LAUROCAPRAM	0.100317973573	0.2983313821	0.295795806326	-0.142556138933	0.41196682873	0.694150164521	-0.45596780583
ROTUNDINE	-0.314754774922	0.293223201749	0.067155715367	-0.36071993678	-0.628778205565	-0.179362146828	-0.0717262590676
LIRANAFTATE	0.375984853315	-0.265834937029	-0.0487206726708	-0.26037280827	0.252211929798	-0.741388253346	-1.61688231851
SANT-2	-0.964683437513	-0.0625904834896	-0.702720325968	-1.27680743074	-0.539995014988	-1.15975012802	0.116363261476
CALCIUM-GLUCEPTATE	-0.786428640196	-0.716030416037	-0.412969007754	0.770006587947	-0.152623467748	0.213650854154	-0.651377503517
	-0.786428640196	-0.716030416037	-0.412969007754	0.770006587947	-0.152623467748	0.213650854154	-0.651377503517
CALCIUM-GLUCEPTATE	0.185424577101	-0.658395679869	-0.267235033145	0.372005826794	-0.303281617121	-0.692305931394	0.0204360061073
	0.185424577101	-0.658395679869	-0.267235033145	0.372005826794	-0.303281617121	-0.692305931394	0.0204360061073
NICLOSAMIDE	-1.20039487457	-1.28933889504	-0.144071815475	0.513220364229	-1.55521292611	0.64453318116	-0.159311341711
KU-60019	0.759958576313	0.386467332547	0.609826281993	0.256254106368	-0.328295359394	0.0704313941577	0.99462265393
ABT-702	0.644577949518	-0.169644286501	0.411087003447	0.0642644623809	-0.369259954217	-0.0057613885247	-0.416602910978
TXA127	0.272107800498	-0.0771966221522	-0.138206466556	-1.04709639877	-0.282193523158	0.303854305547	-0.356886552901
CYCLOHEXIMIDE	-1.13333166108	-4.92999742898	-0.956934273331	-0.600364562818	-2.62629823985	-2.7686874029	-2.30084278314
PYRITHYLDIONE	0.279543205047	0.398367602066	-0.267398386757	-0.129478758787	0.334611608178	0.647832200631	-0.461286984807
WAY-170523	-0.601584794566	-0.14126357091	0.0593960081748	-1.30438287179	-1.24999930051	0.772319251465	0.164948303538
CHLORPROTHIXENE	0.595875943739	-0.0552694593748	-0.149851384318	0.901211852277	-0.677967770752	-0.756429860375	-1.62177374728
CHLORPROTHIXENE	0.301148929046	0.111456105328	0.150633817416	0.357418484343	-0.173028053019	0.0588328160557	0.634566190064
BROXALDINE	-0.702605352128	-1.38662658721	0.0133772567414	0.550439395361		-0.216756909357	-2.00406669542
CARMUSTINE	0.726265554716	-0.0192498792032	0.318732694464	0.649502713825	-2.64328653313	-0.646230030358	-2.72617600536
AZ-10417808	-0.00963373236486	-0.37090084662	-0.177427786729	-0.309770881916	0.0584994469316	-0.512427918181	-0.232428056356
ACENEURAMIC-ACID	0.231170941392	-0.335390612429	0.0771380347223	-0.116503366164	0.167627425239	-0.140887836909	0.109224094108
ASYMMETRICAL-DIMETHYLARGININE	0.138230649235	0.0346920378486	-0.596579711943	0.233249078911	-0.483283553442	0.123646984537	0.269464041786
ESCULIN	0.088833652043	0.585670213777	-0.45186990723	1.2624035668	0.33101890462	0.34777360117	0.174196745675
I-BET151	1.19412393378	-0.862430949658	0.630932832948	1.27524087917		-0.641222683052	-1.30772364241
NOR-BINALTORPHIMINE	-0.0408772056092	-0.727901100902	0.17600834274	-0.290233934485	-0.201853205528	-0.374028522555	-0.245292485161
	-0.0408772056092	-0.727901100902	0.17600834274	-0.290233934485	-0.201853205528	-0.374028522555	-0.245292485161
DOLUTEGRAVIR	-0.91203908589	-1.40113562646	0.0780419394719	-0.573005921703	-0.0351764081349	0.631515117198	-0.637164988255
SB-206553	0.413742438439	-0.222597636809	0.291626477224	-0.331827625261	0.171396101357	-0.146782141859	0.322404759118
COPPER-HISTIDINE	0.584158153938	-0.676149759635	-0.319552096558	0.0474635888384	0.282766626431	0.441389895304	0.126133328948
PICROTOXININ	-0.0115438408805	0.596046184446	0.0437394789101	0.558639829089	0.333562447322	-0.736072805528	0.409198676814
BINDARIT	0.396279342637	-0.020518520493	-0.382987520638	-0.137713917337	0.636789800635	-0.510297617558	-0.227326001986
PU-H71	-2.10076718145	-2.2496107864	-6.12955054679	-3.1736491693	-4.66403570737	-2.86390425965	-4.33610912884
TAMIBAROTENE	-0.482345916252	-0.09950455652	-0.522081775041	-0.0572254941351	-0.675004638803	0.0998698873871	-1.41733559908
BUFEXAMAC	0.22010306676	0.617528570305	0.0186720599761	-0.586669622093	0.34525914376	0.341446751968	-0.372921448021
OMECAMTIV-MECARBIL	-1.21526425639	-1.12533470064	-0.451153746952	-1.16574715928	-0.146202866731	-1.26613323248	-1.39370195886
CYROMAZINE	-0.7242152627	-0.443994578816	-0.541187757058	-1.11765087094	-0.522361990571	-1.21110585602	-0.963603133644
SETIPTILINE	0.536213966452	-0.109006685541	-0.311809721292	0.216453749715	0.433542505037	-0.405818105405	-0.280834035664
STEMREGENIN-1	-0.0619641252537	-0.18874550507	0.138769419711	-0.0428173168491	-1.49077058851	-1.01146390396	-0.451952637009
GSK1070916	0.948160925226	-1.70687125137	-0.379607171514	1.15110416711	-1.27744312247	-0.105707412394	-2.65444198113
ETHAVERINE	0.155117524251	0.739519902259	0.0548033786775	0.579388538831	0.0903041619019	0.65564029637	-1.15490994659
DMEOB	-0.245370219753	-0.134125398417	0.484729205463	-0.00925159857759	-0.690139830444	0.975878623503	0.14220753857
RIBOCICLIB	0.122720054261	-2.88801525523	-1.84371234158	-1.62481273583	-1.9551991644	-1.95612696343	-2.82492147894
SAPROPTERIN	-0.675430403886	-0.297260027778	0.665515379414	-0.729791296314	0.0114616709772	-0.212088422012	-0.168437212053
HYDROFLUMETHIAZIDE	0.569275022897	-0.187515370136	0.236453204225	-0.191582466591	0.158119186028	0.55382544828	0.831510049016
BD-1047	0.312882933382	0.244085777141	0.0192680856238	0.143713228065	0.121571323701	0.360733965438	-0.0456869469037
TETRAMETHYLTHIURAM-MONOSULFIDE	-0.362230186929	-2.41521290002	-4.61563591256	-2.55546103836	-3.30604103162	0.422401748347	-1.82362951885
GLYBURIDE	0.543094722182	-0.105761283249	0.221902213375	0.454267385772	-0.288119671609	0.239508895765	0.00827715758993
M-CHLOROPHENYLBIGUANIDE	-0.0406213040663	0.641096565847	-0.341908368256	-0.690457852662	-0.13656350351	0.0478059351467	-0.627482912016
TONABERSAT	0.599046160945	0.289302945851	-0.0910396799722	0.698691420787	0.202978078361	-0.437400814693	-0.117433563179
GO-6983	0.13663696557	0.151439066766	0.180231960479	0.0259604882957	-0.416689359504	-0.948361473574	-0.856019101611
FEXINIDAZOLE	0.343807787996	-0.0285969591865	-0.00635499911967	0.877291227555	-0.227997002594	-0.216786685321	0.130687882941
LYCOPENE	-0.825971293404	-0.570616659418	0.107835165606	0.164995601864	0.279709935029	-0.0777235302766	-0.168262390039
TRIENTINE	0.327959619731	-0.0731600454186	0.238418168349	0.223541756256	-0.484526288352	0.712625723411	0.511031685841
RIVAROXABAN	-0.880575246079	-0.544683942995	-0.693084264965	-0.596416710857	-0.0537104261172	-0.415729992701	-1.31482711737
1-HEXADECANOL	-0.854343144486	-0.584225581919	-0.487669057336	-0.526241114106	0.0633915118279	0.258395602078	0.00967241874287
CEP-33779	0.638478094043	-0.205538823934	0.17901671415	0.474822104167	-0.904321527698	-0.505425801242	-0.551905600124
ASTEMIZOLE	-0.84986673859	-0.45513149508	0.0242206593466	-0.033565679045	-1.1707984311	-0.294066277408	0.704121589208
MIFEPRISTONE	-0.270382696999	-0.834940168722	-0.311796205638	0.00619449568889		-0.782491206341	-0.340955537966
MIFEPRISTONE	0.246654716612	-0.179239431535	0.166547894753	0.616027225227	-0.167656242241	-0.00286873083629	-0.305382837621
CLOZAPINE	-0.598398467942	-0.265686350307	-0.497231343547	0.0958230119619	-0.345081112435	-0.280924329554	-0.505065930563
KENPAULLONE	-0.0512675170392	0.0991735773004	0.362776547443	-0.71152436961	-0.525737614525	-0.881664682376	0.616243623358
EFAPROXIRAL	-0.443736589716	-0.357631260852	-0.048071421012	-0.476801100215	-0.094977265697	-0.576589192628	-0.391724885232
FILANESIB	-1.68730788197	-2.95945376319	-5.51552545144	-2.37048493619	-4.99532399613	-2.27245954302	-3.03839730613
CONIVAPTAN	0.0605512293225	0.0324091048502	-0.292469434839	-0.139938386527	0.306732477448	0.441915829521	-0.620351724592
IDEBENONE	0.245743918551	-0.561191924557	-0.0707021595891	0.746928966122	0.74441147364	0.58886930756	0.594621858733
ZARDAVERINE	-1.69939361284	0.305192501346	0.192722940242	-1.56421004919	0.225754273319	-0.00705862479569	0.31527766373
GSK256066	0.664322042872	-0.397127417605	-0.777478521803	-0.575978375335	-0.869705598038	-0.827392982818	-0.232724886942
MRS-1220	-0.337377828645	-0.561145691306	0.298000332021	-0.494789401503	-0.774467797258	-3.04454140948	-0.592362345635
PIROMIDIC-ACID	-0.158786031956	0.345093744178	-0.0196870621597	-0.0332890710802	-0.222117074367	0.790965305518	-0.447798895157
PIROMIDIC-ACID	-0.989104709499	-0.868693126814	-0.532625963116	-0.539273821709		-0.768575872396	-0.282398845903
AZD8330	1.50452722097	-1.61216432682	-2.41197057461	-1.83387820452	-1.49381884938	-1.3484619038	-2.76335166617
RU-28318	-0.137913279865	-0.479046502105	0.109779281918	-0.215969903427	-0.072848039398	0.59397960576	0.781786635875
FIPEXIDE	0.36326766955	0.0371084206173	-0.0707191576343	0.424356939677	-0.00332397080403	0.868604319901	-0.51299237226
DOXEPIN	-0.26112640387	0.813128219936	0.0318996531876	0.532319588606	0.090672860451	0.161912201787	-0.790565305896
ABT-724	-0.319770290259	0.679188567205	-0.278510214256	0.0851887946898	0.204076556114	-0.691896589072	0.254093806894
SB-525334	-0.459576365592	-0.901664414448	-1.00505122147	-0.931050253736	-1.5331780031	-0.396656411699	-0.575154595375
DIOSCIN	-0.0401977071633	-0.132089044648	-0.351114539995	0.658808295904	-0.483656538408	0.01788064843	0.00467223171682
TYLOSIN	-0.254601412768	0.372192010995	-0.265194270544	0.0442145293403	0.23320607805	-0.380723514099	0.00950684507413
PF-03758309	-1.62548795175	-2.93568887978	-1.93080281733	-2.45364586612	-3.17142775025	-1.14367134509	-3.44112928635
AFOBAZOLE	0.0953118866216	0.314937041052	0.0133167708395	0.33836528672	0.0144258223142	-1.28400512977	0.0476422050748
ETOPOSIDE	0.826683855524	-1.91825662985	-1.37699562138	-2.13691283476	-3.06821803759	1.84196237111	-1.02085043233
ACEPROMAZINE	0.15106217418	0.185274470837	-0.095299283472	-0.24813108001	0.283412056307	0.461576388461	0.899973776489
3,3'-DIINDOLYLMETHANE	0.084156337542	-0.0763001094297	-0.324585928736	-0.00520546015877	0.334384645192	-0.362402985406	0.232567971017
LY2183240	-1.04273194257	-3.3685522982	-2.78546342292	-2.41782663481	-4.42692459645	-1.14653112149	-1.18183557411
TIROFIBAN	-0.555173127586	-0.144856552292	-0.146921876702	-0.317856703903	-0.308034780246	-0.175055657167	0.0496012196854
CAMPTOTHECIN	1.06931904125	-3.86285438412	-6.17808849609	-3.21548814641	-5.90139883079	-3.20948099996	-4.24575178548
ETIDRONIC-ACID	0.556109971672	-0.202739693242	0.244068469518	-0.0573454320092	0.219501118838	0.349065012204	-0.406688005885
L-732,138	-0.214550459451	0.178185516475	-0.427334580185	-0.236224891337	-0.0316589980216	0.158819635542	-0.54578818053
PAROXETINE	-0.0600332907688	-0.298868482886	-0.197080637733	0.181971136046	0.0169192962641	0.234251229929	-0.813886706044
CLOCORTOLONE-PIVALATE	0.448246703257	-0.914775707306	-0.21628631354	0.385569079143	0.214365491287	-0.587031791717	0.62700156772
ETHAMIVAN	0.030667763213	-0.584596288442	-0.440598395442	0.0760855470018	-0.0546363030994	0.219288609259	-0.381796880528
GADODIAMIDE	0.338773887238	-0.255410008912	0.729409692005	-0.314206025239	0.114699943037	1.21197511754	-0.789312390166
TRAXOPRODIL	0.247405422753	-0.155703381131	0.0111126830894	-0.141731006942	0.0796747564758	0.215823902871	-0.467152301645
CLONAZEPAM	-0.826805001452	-0.293601532102	-0.324069130764	0.509095807597	-0.232713332867	0.455993012511	-0.667392162629
BUMETANIDE	0.275726561288	0.382573476752	-0.32938063555	0.314887790142	0.274560171235	-0.0512845506515	0.545155648731
NARLAPREVIR	0.212764107809	0.63634945329	-1.0571023407	-0.113339992498	-0.706151144487	0.145668024528	0.015962387007
DOMPERIDONE	-0.218187576553	-0.924128012305	0.166352253031	-0.432667335195	0.153198549554	0.0825775656946	0.797997131344
PHENACETIN	-0.531444600539	-0.354403539447	-0.8531615936	-0.455713445507	-0.504711167211	-0.670356414921	-0.499206901392
UPROSERTIB	-0.0193567036052	-1.9336749517	-4.98262922827	-3.41022522542	-5.28615023448	-0.801805546065	-2.5124716158
FK-3311	-0.384810083467	-0.736141457786	-0.414064755391	-0.319536307304	-1.19144808547	0.36126650824	0.344572667134
3-AQC	0.251030549063	-0.14464356194	0.17202773939	-0.0361750920914	0.0581918294061	-0.0140963600843	0.346718282955
THIAMET-G	-0.575899996898	0.391504487913	-0.610244602842	-0.111074544092	-0.214788163659	-0.665622496842	0.901668172774
IMIPRAMINE	-0.908486067247	0.026673005642	-0.4104883517	-0.0348648794245	-0.0465473080811	-0.449807301633	-0.585759463142
DIAZOOXONORLEUCINE	-0.69987187655	-0.0924835771556	-0.312936248961	-0.747118449271		-0.664895964072	-0.696586645022
CILOMILAST	0.131552113264	0.896385263721	0.0662235401424	0.188736612945	-0.00879888367047	0.541112052045	0.125775437372
VER-49009	0.290825328516	-1.83740000298	-2.08078672221	-0.0808637363321	-2.65295229916	-3.63100508348	-3.24963393793
SEROTONIN	0.740566476769	-0.666256633161	0.14082792091	0.328155744397	-0.169885052065	0.2142113601	-0.491388926158
SULISOBENZONE	0.337239573418	0.584140835275	0.230513336609	0.302287991034	0.227043000239	-0.26996752057	0.771926387048
ROXITHROMYCIN	-0.298518154232	-0.43701932231	-0.198779319327	0.242691563646	0.127217303475	0.156691227239	0.603349784202
BETA-AMYLOID-SYNTHESIS-INHIBITOR	-0.379762382238	0.923112388492	0.306681723427	0.510678700959	-0.00849484999187	0.446016789578	0.268564931806
PD-128907	-0.811125543842	0.675667309733	-0.0875947041324	0.31188107087	0.0388681508149	0.297096719446	-0.741508716603
GANETESPIB	1.19599741609	-2.0593061918	-2.22819669743	-2.86198273049	-3.45322354432	-2.09462989338	-3.56204172172
JK-184	-0.953240408691	-3.65755124279	-1.2983341071	-2.27514842379	-4.76037004697	-0.0731307325785	-4.40424774814
MK-0773	-0.954819622246	0.343387885294	-0.36726239584	0.658659707303	0.0181973226574	-0.586567748228	-1.12329668227
HESPERIDIN	-0.847130671182	-0.015530207132	-0.116006442452	-0.0740386570874	0.162135835673	-0.446472726409	-0.0850259005503
SAR131675	-1.02234544581	-0.917084939548	-0.00217344838381	-0.772768243201	-0.969157012274	0.31564910172	-0.304752655477
APRACLONIDINE	-0.158197177126	0.274401372231	-0.296068976847	-0.0489857022376	0.0478533022176	0.0876437578884	0.681900728434
AZIMILIDE	-0.362265399506	-0.495121258494	-0.248544433961	0.236191066569	-0.353618849771	0.308529819787	-0.465006842878
MORNIFLUMATE	0.751556560643	0.339185877231	-0.193955834294	0.319218705587	0.233484742635	-0.238328799661	-0.101850148604
OCTOCRYLENE	-0.431249556461	-0.0468576775464	-0.475370257527	0.0518030393024	-0.248323518907	-0.184576483128	0.424282024952
BETA-GLYCEROPHOSPHORIC-ACID	-0.367367546858	-0.66579429385	-0.583731400514	-0.263384654477	-0.852090087837	0.0849247498318	-0.119637328968
CINCHONIDINE	-0.0454995641015	-0.504310503786	-0.205193204239	0.0791874418047	-0.0486777126691	0.250637375212	0.231920754545
BITHIONOL	0.386113913596	-0.00339262899488	-0.125964762877	-0.0364634440752	0.325265652286	0.574210735097	-0.607688254942
4-CHLOROPHENYLGUANIDINE	0.451303822097	-0.768061008837	-0.253727726321	-1.07013415593	-0.204491090246	0.225272917843	0.0597781415622
ID-8	0.00585557871459	0.56773577963	-0.143525356564	0.828331130578	0.258736609322	0.645608438047	-0.337332970777
STF-118804	-2.20897983361	-1.42874253624	-4.77019142586	-1.99029305948	-5.83136503463	-3.90897821962	-3.4153925119
ATIPAMEZOLE	0.490793944211	-0.131335246624	0.367423326559	0.0231288675373	0.223345276458	0.479106673766	0.494791929008
EPIRIZOLE	0.272872586014	-0.0560453412736	-0.385853922919	0.20552131118	0.188394094834	1.01146090592	0.721425690948
CYACETACIDE	0.4410507035	0.883966818673	0.125872037385	0.322896393467	-0.167810414854	1.01731145331	0.827693059489
DMH1	-0.971796677429	-0.889162561054	0.379476051555	-0.359057303498	-0.430350327577	-0.841918430998	-1.11682166571
DEXCHLORPHENIRAMINE	0.907985022193	-0.0643688089256	0.00940611896578	0.00317979896727	-0.115249313381	0.161163601494	-0.360825852153
NITHIAMIDE	-0.409540517052	0.180486934457	0.0485104037879	-0.0660953760548	0.26734777472	0.152317430017	1.00223836759
NITHIAMIDE	0.232713736227	0.450926920632	0.30663146691	0.192890820191		0.123873393245	0.974816777712
TRIPTOLIDE	-2.76763737041	-3.4480155126	-1.69466972693	-3.04212771547	-0.64091233188	-2.85005697441	-4.06972752112
CHLOROBUTANOL	0.276663169381	0.412847383627	0.147358685569	-1.15769582199	0.784241931697	0.322529269428	0.0765171332716
QUIFLAPON	0.118739132221	0.348810216469	-0.177592274458	-0.313731046046	-0.63400747199	-1.07958017746	-0.544144743056
SDZ-WAG-994	-0.461976275594	0.121653477862	0.469258422182	-0.0180129466347	0.169174949528	0.392027319945	-0.620334641933
ADL5859	0.706899821684	-0.647873867529	0.223063986782	-0.355849787636	0.0974506582503	0.71876024388	0.599094534433
AMTHAMINE	0.454817251853	-1.14397797652	-0.297911254734	-0.653261150567	-0.41090660523	-0.14842064887	-0.795995592265
N-SALICOYLAMINOPHENOL	1.31271288837	-0.118924453486	0.0986387977278	0.733736175901	0.416767445282	-0.576529842108	-0.31162358681
L-161982	0.232133297252	-0.182548291914	0.0439395550875	-0.193526057071	0.152119675404	-0.0966329517667	-0.944172217759
TPPS4	0.289342834514	-0.00677842832109	0.214001373711	-0.484917884956	0.437251471788	0.597698093775	0.631367983966
TG-101209	0.671217409747	-3.09793606105	-1.03768435814	0.899652398955	-2.34226622312	-0.42262961988	-3.32573716476
LOXAPINE	-1.32905653547	-0.156754591322	-0.0539617417275	-0.453694671784	-0.247823692062	-1.00996706623	-0.520823762416
LENVATINIB	-1.5109959894	0.39694430936	0.128292869884	-0.0106565371963	-1.72949904577	0.464096941264	0.306497121123
LOTEPREDNOL	0.379404467384	0.110106419834	0.356506357298	0.647154297786	-0.343299303421	-1.01228665868	-1.44591432655
BISACODYL	-0.322264550874	-1.23667100435	0.539143524343	0.19115755796	-0.136201817937	-0.886388152259	-0.750445157517
SB-505124	-0.276306911553	-2.11203832888	0.145585375481	0.0269290755066	-0.10176887772	-0.285041042777	-0.978801604429
TORIN-1	-1.76469798275	-3.89528553309	-2.87389475142	-2.67500935806	-4.17419076066	-2.02325155416	-3.31541814123
VINBURNINE	0.319038588186	-0.570664705309	-0.0520742723899	-0.731567510248	0.00393933127413	0.742662085174	0.219350177057
TYRPHOSTIN-A9	-0.783583141416	0.10076142167	-0.791352014024	0.890365416349	-0.254870271837	1.79795368831	-2.52227038253
CATHEPSIN-INHIBITOR-1	0.115782932199	-0.301332601631	0.486207293229	-0.361738569309	0.25837891322	0.490343617307	0.1429324807
PF-5274857	-0.256301731357	0.562745852966	0.0844413364367	0.16642542213	-0.210108980441	-0.427173601969	0.238643187101
CRIZOTINIB-(S)	0.967820017934	0.156882772731	0.680242715313	0.0270079520149	-1.14166416515	0.612058001696	-2.17422372264
CRIZOTINIB-(S)	0.468871214588	0.286125078915	-0.0689484477899	-0.0531407866924	-0.204703832618	-0.760708530686	-0.737579996813
CR8-(R)	-2.62672194564	-4.16323859255	-2.97547825358	-4.64766748389	-6.04023241073	-4.63459314846	-3.77589866681
CAY10505	0.63119358358	-0.653856439765	0.36653265997	-0.379152378486	0.12541003636	-1.00459472361	-0.330191463576
SPERMIDINE	0.611126189754	0.563310637163	0.237198435117	0.473255845041	0.0452874589335	-0.034027617203	-0.4369458202
ELTROMBOPAG	-1.24636839608	-1.0899495621	1.05021818163	0.35661817649	-0.500669464344	0.522718905264	-1.10169877978
HYOSCYAMINE	0.649313659975	-0.0140709723257	-0.245753545575	0.564496253204			0.938642582574
GR-79236	-0.0619049486935	-0.22455542866	0.0126099360023	-0.118298881999	-0.601321307255	-0.247991270878	0.640225599289
PENTETIC-ACID	0.229459021337	-0.243492555052	-0.0901037754384	0.124051273836	-0.0114196154069	0.263712076711	0.480641675431
DITIOCARB-SODIUM-TRIHYDRATE	0.293749304446	0.000325241685627	-0.506087027228	-0.985241500891	-1.24741170016	-1.26419736705	-1.38522638551
MEDORINONE	0.0737173761725	0.301919202521	0.238764614028	-0.244387160237	0.343798258953	-0.105123664951	0.832436604429
AEE788	0.343433569288	-0.689488295409	-0.173078781523	-0.136089632115	0.282274747317	-0.891237041998	-1.94075581217
BMS-777607	-1.26718401258	-0.116129774038	0.18098951626	0.382242834043	-0.308937458245	-1.11953554055	0.442882043178
EFAVIRENZ	-1.37992040472	-0.0231546365374	-0.605768974977	-1.31611415319	0.389530137156	-0.302937783766	-1.33543673014
QX-222	-0.160675225955	-0.165089174255	-0.184938476498	0.219033499124	0.083493555322	0.143109757667	0.725766499952
LACITOL	0.834218495571	-0.135994794781	-0.571319783546	0.312375179674	0.383053388936	0.131366346033	0.574400516989
SC-12267	0.13213340099	1.1457009866	-0.091448472267	-0.261660252339	-0.142540519139	0.418484283981	1.15885593329
CT-7758	0.42784645156	-0.214304186378	-0.419772389399	-0.0250369850034	0.0800052438202	-0.548325380699	-0.659328904549
RITANSERIN	0.0376117198948	-0.315811895397	0.0621422038365	-0.672499497117	-0.0526774875122	-0.527590073546	0.0461572588693
CINANSERIN	0.383866606646	0.429736690662	-0.286389735827	0.166991471826	-0.171691861019	-0.104112571469	-0.798379054947
PHENACEMIDE	-0.520158329611	0.0767218673952	-0.418759463255	-0.489801059861		0.327249271701	-0.848869762549
PARACHLOROPHENOL	-0.371356512631	-0.27485482693	-0.0350840434167	-0.11879930321		-0.325149399381	0.0206149677198
4-PHENOLSULFONIC-ACID	-1.08899380623	0.017616637722	-0.0430490000349	0.0290657105105	-0.139828285227	0.349759979061	-0.443475992912
GSK2656157	-0.482897777599	-0.58343232929	-0.316388260228	-0.0848246283109	-0.0738328194997	0.778674990534	-0.963409728509
CYPROTERONE-ACETATE	-0.516339497496	0.00374190497467	-0.375705703845	0.654970925273	-0.519916064172	-1.17968814583	-0.0425792848992
N20C	-0.456340437191	-0.426520014031	-0.0208531879199	0.279577391848	0.370874261136	-0.889368222635	-0.487443925014
FENOBAM	0.0109659333869	-0.219907883779	-0.11027278719	-0.740059148135	-0.662571632587	-0.707727569902	0.788139464102
DEOXYCHOLIC-ACID	0.149939352812	-0.344396529502	-0.150983044471	-0.119114865217	-0.212477038956	-0.552535394251	0.832161352132
AMBRISENTAN	0.346368542492	0.0792895051114	-0.261118584482	0.259381809808	0.0630381141291	0.0513140536707	-0.797186042809
KW-2478	-0.826324753429	-2.84818862092	-5.23123332209	-3.0744200489	-4.89043751369	2.78514730444	-2.77067752271
ICOMUCRET	0.245180787582	0.090507124998	-0.0776323490286	-0.023847134276	0.134037347186	0.00903434895706	-0.621327330385
DEHYDROEPIANDROSTERONE	-0.494808129461	0.360931008011	-0.569594465747	0.662359368923	0.301302091339	-0.209228679587	-0.719954052649
VALPROIC-ACID	-0.808399819962	0.237729092896	-0.0403926679652	-0.21208441306	-0.162756973491	0.483219413956	-0.137445800005
CUDC-101	-0.338217028559	-2.09038351529	-1.97098473941	-1.37073431649	-2.74972534543	0.0536864218852	-3.09216149784
TETRAETHYLENEPENTAMINE	0.0303596739412	-0.599448450326	-0.0827005824748	-0.205443786311	0.276023326377	0.0176078986247	0.0936997466314
HA-966-(S)-(-)	-0.185239433567	-0.561943192665	0.0193478815927	-0.283934002286	-0.948888868468	0.437645689038	-1.18409539036
GW-441756	-0.997938821506	-1.4294177578	-0.799530531423	-0.608842235625	-1.61791395034	-0.604005215459	-0.884504768075
ZM-306416	-0.940444832429	-1.70071268234	-1.31928986535	-0.954986367992	-3.04226638079	-0.861820347395	-0.200963281794
SULFAPYRIDINE	0.635622330583	-0.347757075049	-0.110308999259	0.304631617725	-0.202328891829	0.296674367392	0.21636296153
BALSALAZIDE	0.238338942442	0.0190810483805	0.235354329591	0.361495171943	0.134741535895	0.688586384685	0.893373698208
ORG-9768	-1.28428145076	0.242369854867	-0.121008180249	0.497485766899	0.331727434924	0.535405682341	-0.957273084765
PERAMPANEL	-0.441484183009	-0.760916847434	-0.371828959206	-0.0684954284495	-1.50513773002	0.023635036448	-1.03961134129
ALFAXALONE	-0.33953242206	0.229973087255	-0.0787662892163	0.403309945252	-0.479676822159	0.204590660687	1.29555419216
PARACETAMOL	-0.391450010068	0.280243859451	-0.544631852821	-0.384721632556	0.140736899296	-0.34327350093	-0.593516954288
PURVALANOL-B	0.22122749024	0.580852508943	0.0634158745393	0.117930683776	-0.00342591830219	-0.175432438936	0.167226379891
SB-334867	0.105985517735	-0.220564384357	-0.112087410047	-0.0178539910785	-0.149095085042	0.125972521703	-0.116496567182
COUMOPHOS	-1.12311812318	-0.656803212586	-0.269909283877	-0.0921375767941	-0.531132578489	0.488816800692	0.512627009925
LONAFARNIB	-0.116096513908	-0.195016113522	0.173585603133	-1.63757576487	-0.890762296947	1.61784554467	-1.55302630714
CERAMIDE	-0.479416655393	0.00560599611804	-0.327517471654	0.293081841423	-0.7040433122	-0.287169549126	0.0297909453542
E-4031	-0.455110355792	-0.713101738833	-0.65787044508	0.167269710492	-0.686191186534	0.227365449708	0.977360670903
TRICLOSAN	-0.170534965337	-0.211723857925	-0.378655293898	-0.156927213883	-0.0534170127303	-0.380332845058	-0.454757470988
TOLIMIDONE	0.417622538385	0.0700711968971	0.13327461853	0.188146904205	0.437468038349	-0.228069666756	-0.750911613832
CB-03-01	-0.398083399482	0.586426570638	-0.351273152306	0.387916624016	-0.616933099	-1.44168926012	-0.467733934567
STA-5326	0.514662237953	-1.28295450262	-0.469632709952	-0.990947188674	-0.67821064259	-0.808965152303	-1.76936094477
1,3-DIPROPYL-8-PHENYLXANTHINE	0.723849108341	-0.732388403406	0.416036520153	-0.0254092777583	0.0433236827024	0.474278649745	-0.0300608228127
NVP-AUY922	-0.698416111597	-2.45944453518	-5.11099808933	-2.86135857255	-3.13887946538	-1.84633132641	-2.22914028447
2-HYDROXYETHYL-SALICYLATE	-0.78588020687	-0.121008659416	-0.0165370923139	0.0599553398343	0.350608309225	0.380704167575	0.0639539224437
2-PHENYLMELATONIN	0.856358191146	-0.0208236003674	0.0760423374873	-0.0817435239606	0.219791773247	0.887467851945	-0.53389019214
TIOXOLONE	0.138035717302	0.325381337731	0.325034102913	0.687399487223	-0.308425179109	-0.0811862703583	0.911068960029
A-769662	0.0759298565818	-0.102173563742	-0.114734931367	-0.582772552973	0.136218586788	0.101617412794	0.150336240459
TRICHLOROACETIC-ACID	-0.552264751752	0.427589019011	-0.408802104701	-0.0558132475603	-0.0685715999751	-0.687232303507	-0.376935588736
DAIDZEIN	0.36544394457	0.0568183070086	0.0927506859387	-0.228167647478	0.0399521774187	0.603835792162	-0.735502005966
PROTRIPTYLINE	-0.479067494711	-0.174701874336	-0.0579808149026	0.143938476134	0.34612057563	0.264222061755	-0.827979281575
BUPARLISIB	-1.06622703012	-3.08312102188	-2.77163071825	-2.46702425291	-5.32870310611	-1.85301089732	-1.20931219792
3,4-METHYLENEDIOXY-BETA-NITROSTYRENE	-0.412586294656	-0.189478373604	0.207458839145	-1.73870664793	-0.958486924925	0.419155117489	-1.83303988894
	-0.412586294656	-0.189478373604	0.207458839145	-1.73870664793	-0.958486924925	0.419155117489	-1.83303988894
NNC-711	0.0343453486742	0.685694621785	-0.0455797573847	-0.137748812418	0.353766058968	-0.70461846232	0.617841052157
EZETIMIBE	0.547549216343	-0.604400680454	0.260810116682	0.19376235933	0.0439701868749	0.0894438411692	-0.0152007381656
EZETIMIBE	0.122605204953	0.298225838706	-0.131986624349	0.184701360487	-0.000889347898287	0.395077815175	-0.344322863177
CYCLOBENZAPRINE	-0.457507042798	-0.251304679612	-0.462044822585	-0.0757176223936	-0.133489934378	-1.19864678525	-0.233280423382
ANANDAMIDE	-0.810577290739	-0.245199025543	0.0412531321947	0.0949760624963	0.268072442649	0.197345823663	0.0314606408185
BUTORPHANOL-(+)-TARTRATE	0.298642452432	-0.0253819571831	-0.254789229215	-0.248152286299	0.28254151727	0.0141263807314	0.233001307422
AZ20	-2.19193362081	-1.01935286014	-1.3523683767	-0.985967299258	-1.17890381493	-0.421833374762	-0.764737759881
EO-1428	0.0953671707541	-0.297281776278	0.254946704123	0.523382892014	-0.270412824132	0.108981332233	-0.0125188707484
TASISULAM	0.718233362096	-0.539377066471	0.401718174248	0.140872834831	-0.378371416824	0.748560666141	-1.43962843019
SATRAPLATIN	-1.58628454469	-2.07183329075	0.0157307710096	-2.14380919897	-3.41898352831	-0.124070757572	-2.70900345019
CGP-57380	-0.0883173716968	-0.00426101353662	-0.176743756308	0.290568881848	-0.354091885776	0.196863212072	-0.869085183672
YM-58483	0.31419738797	-0.215217764539	-0.161847208082	-0.203705693995	-0.074126727889	0.413310099485	-0.168994076922
Y-27152	0.0529265585792	-1.17022845151	-1.12122080485	-1.1470984238	-0.382291464446	-0.785146978986	-2.38465293708
XE-991	1.08895822144	0.843536193651	0.298558348765	0.470436313523	0.0448493290196	0.399002730488	-0.613267549804
EPIANDROSTERONE	0.18499964228	-0.683922239719	-0.40734367364	-0.621964982569		-0.129677437441	-0.660666028208
OSIMERTINIB	0.514150103432	-0.146326993256	-0.0655109709198	0.788736820879	0.393453555777	-0.436294716144	1.03616088024
SUNITINIB	0.253464533439	-0.309193854186	-0.0221466997289	0.816325773194	-1.76785570104	-0.879035645171	-1.48385092245
CFM-2	-0.267299868292	-0.18080103316	0.265816456144	0.407103241565	0.544471016482	0.436804642338	0.794845762923
TEMSIROLIMUS	-0.317308383407	-0.881479989329	-0.0301257072217	0.323801495869	-0.076279527204	1.10554091744	-0.894883363583
ACETOPHENAZINE	-0.212876503294	-1.14014222537	-0.785954573872	-0.731413452996		-0.654346058381	-2.00432229551
AMD11070	0.278762693155	-0.644293619613	0.181622574663	-1.09013514482	-0.120706159743	0.744457022422	-0.31847110499
TRANS-2-UNDECENOIC-ACID	0.802773660599	-0.0845392814643	-0.0536390045269	-0.25772290195	-0.118948667616	-0.0957672144886	-0.520249297708
CHIR-98014	-0.0162402618459	1.3933752152	0.339407789647	0.766960539208	-0.186196267543	0.536077225085	-1.22554457885
MIBAMPATOR	0.0448519267129	-0.814412570904	-0.0830455422388	-1.15895391164	0.455316973941	1.12284919723	0.0652004983614
CREATINOL-PHOSPHATE	-0.489122050125	0.0986058773065	-0.83595307439	0.286151950462	-0.515857061138	-0.0034707035485	-0.938308701766
SR-33805	0.284339102335	-0.0215508119518	0.165255533551	0.31569303693	0.127703488573	-0.215123370422	-0.751320078206
ADD-233089	-0.0490079643782	0.491621288106	0.0987320912954	-0.00714695876951	0.398577944112	0.0992217498005	-0.415206444739
	-0.0490079643782	0.491621288106	0.0987320912954	-0.00714695876951	0.398577944112	0.0992217498005	-0.415206444739
GALLAMINE-TRIETHIODIDE	0.766625958609	-0.222028147672	-0.0390581849864	-0.146827245203	-0.0289462312096	-0.210877146382	-0.613831920293
MYRICETIN	0.49539212076	-0.237593144942	0.0953937875758	-0.539602330665	0.341528567395	-0.134005466846	0.440311376725
CHOLIC-ACID	0.342064832944	0.332855365653	-0.495984412158	-0.30607761773	-0.151610095259	-0.938070329115	0.105519845508
GDC-0349	0.131565543605	-1.18808806079	-2.94827223194	-1.59754271804	-2.84594216181	-0.0793674140722	-1.60167744403
3-INDOLEBUTYRIC-ACID	0.589094020259	0.180049055264	-0.172774751024	-0.277463822238	-0.0867108911376	0.498756691837	0.0825995367767
METHYLLYCACONITINE	-0.0635660814227	-0.0234861496952	0.00315831923461	0.275397276876	-0.122510975395	0.553588908274	0.126852992755
POLYDATIN	-0.500000585	-1.97762608252	-1.44360485543	0.382636781114	-2.4762578705	2.14725510037	-1.67056684289
ROCURONIUM	0.34418304211	-0.332080360999	-0.0404461726719	-0.65114237698	-0.443960570589	0.663176500745	-0.177241834908
ATGLISTATIN	-0.318546599748	-0.618280851791	-0.215116237545	0.140671271533	0.349926880024	-0.712741954273	0.901784354354
FLOPROPIONE	-0.374335573952	-0.765292578658	-0.349565276882	-0.276355252265	-0.784064596073	-0.87315655279	-1.05379847346
DAUNORUBICIN	-2.6802188638	-3.50115716459	-5.42335573545	-3.30720075904	-3.12095083927	-3.57439498243	-3.428238964
DAUNORUBICIN	-2.1591949773	-3.98580693117	-5.70797827213	-2.95477478659	-6.16719961585	-3.02724017344	-3.57770818581
BMS-387032	-1.51754341371	-1.97803709218	-2.07539766705	-2.26888103878	-5.87803965225	0.065635727775	-3.40688071872
MLN2480	-0.533793890306	0.146741918631	0.19415803966	1.31077284079	0.368580260032	0.332123326188	-0.211675951176
ONCRASIN-1	1.17358878221	0.207652191575	-0.553660601665	-0.529032783857	-0.210106591502	0.335689739838	0.480842963263
ACETAZOLAMIDE	0.362473732595	-0.202423304259		-0.197711543259	0.383526854697	0.583813273038	0.00787872009282
OTX015	1.14783387548	-1.72735059139	0.909948353218	1.18202309189	-1.23486780161	-0.978729602366	-2.75816014135
OTX015	2.56981205285	-1.33304148556	0.848003339639	1.64938030467	-1.2293562805	-0.600684290056	-1.34342662149
DEFACTINIB	0.0389138296899	-1.03599668447	-0.0726072454223	0.90895968493	-0.468316712955	0.452593307416	-1.76303501811
LACIDIPINE	0.629912746499	-0.845293041792	-0.783196372911	-0.894599637717	-0.536150331173	-1.03408311893	-0.216756741033
CP-673451	-0.614463857148	-0.045982895956	0.672686998736	0.804282200545	-0.912943845746	1.14948595836	-2.38807815267
WP1130	-2.76766740817	-1.36347830588	-2.84899833245	-3.11531853235	-5.94110868904	-2.38894984548	-3.85543426024
OPIPRAMOL	-0.266420183624	-0.16020063978	0.337798493207	0.254147492576	0.318232122943	-1.28536022602	-0.135578550298
GENISTEIN	0.403718395386	0.356087885181	-0.228281651215	-0.267283457144	0.353261431132	1.08148428014	-0.505468691624
AMG-837	0.830383798134	0.711743381157	-0.0123625831258	-0.0658047591699	0.103729998997	0.219964566705	-0.0364985945637
CAMOSTAT-MESILATE	-0.391286876197	-0.272693816588	-0.147261741422	0.148329144321	0.093344523028	-0.00988373384282	0.036890304944
IOBENGUANE	0.114092188289	0.254674112815	0.129617308264	0.0431597432964	0.458210630128	0.291216662714	0.352753285623
ILEPCIMIDE	-0.657208409766	0.0954267256246	-0.331838308496	-0.183573354257	-0.512858134304	-0.704413988848	-0.108328843266
PREGNENOLONE	-0.0992935649745	0.345966133005	0.16925195261	0.00535634371935	-0.524069820086	0.615401325019	0.515039865542
DOPAMINE	-0.381838100921	-0.0219198351722	0.51411969124	0.400680751054	0.114004252846	0.552963791503	-0.0567741987795
L-798,106	-0.0439620931622	0.950398526836	0.065937034443	0.104978649836	0.216717907235	0.377537008267	
	-0.0439620931622	0.950398526836	0.065937034443	0.104978649836	0.216717907235	0.377537008267	
BIBN4096	0.369715785045	-0.0849926986392	-0.00780900797257	-0.379191084757	-0.685442910676	-0.103072221969	0.0973431988839
PENICILLIN-V-POTASSIUM	0.498224253658	0.537537691861	-0.124174018051	-0.136416725297	-0.654789414794	-0.34541005436	-1.4379714747
ACEFYLLINE	-0.509205715892	0.214340765878	0.312610461621	0.27636149925	0.135481793015	-0.509713825805	-0.521022612307
HYODEOXYCHOLIC-ACID	-0.407400517163	0.168797669866	-0.37780393249	-0.689658559351	0.0615747846644	-0.27434323612	-1.69457463401
FLUFENAMIC-ACID	-0.914002593517	-0.269109115175	-0.849011871462	-0.403720895435		1.62448819049	-0.724977847969
Y-27632	-1.33801909457	-1.54888150344	-0.0943881642185	0.668278297217	-0.455539571987	0.156039334742	-1.53975238255
SULBACTAM	-0.774748238772	-0.36471087801	-0.403887079281	-0.180803087781		0.196049895241	-0.0771324899698
PONATINIB	-2.4127270033	-2.3812632753	-3.00651250698	-1.55173422494	-3.62470507839	-1.2803269321	-3.3383563337
TOLNAFTATE	0.0863187131418	-0.872632431264	-0.395806585563	0.0351297599562	0.201122064928	-0.816675061263	-0.442239013473
ACARBOSE	-0.47413404591	0.187234539799	-0.00322128089231	-0.0513355678583	-0.287497462853	0.157285349025	-0.130447670153
DEXNIGULDIPINE	-0.887326979795	0.0137449137867	-0.232394964692	-0.0675476320884	0.0687494878219	-1.01152303298	-1.37960435812
NATEGLINIDE	-1.44306508449	-1.16507350966	-0.353859568084	-0.604216879545	-0.875210950758	0.154172009621	-1.0594962245
ANACETRAPIB	-0.0418542848146	-0.360127344215	-0.734445691966	-0.2915862951	-0.0824770445093	0.0243420797954	0.314554087267
2-METHOXYESTRADIOL	0.594402403441	-0.265414307499	0.32752980008	-0.035607232029	-0.364451526343	2.04553771671	0.829066024041
PIDOTIMOD	0.217295850422	0.251506702901	-0.51019981865	-0.0438717044628	-0.0307746077404	0.0971339243029	-0.193120503579
TU-2100	-0.751562851316	-0.38765309533	-0.645764772988	-0.298842711793	-0.344015662856	0.947332309662	-0.620299751675
BROMOSPORINE	1.65420552679	-1.2810210147	0.595018372184	1.90879738909	-0.0232223238461	-0.957630777222	-2.3689424523
IBUTAMOREN	-1.00374503865	-0.117071885497	-0.974516141858	-0.0481435490373	-1.29453047781	-0.687029769819	-0.223849362406
FH1	-0.548252635857	0.416700504486	0.145096801266	0.00251105825338	-0.320317232727	-0.28447640327	0.144177531386
BECLAMIDE	-0.49607799391	0.0204514850034	-0.134579134293	0.738632833232	0.246587860028	-0.555891795699	0.0759374343729
ZAPA	-0.494614587875	0.341255948486	-0.0104988238987	-0.862900539024	-0.516088469075	-0.469250827752	-0.821352761948
VISMODEGIB	-0.313677779424	-0.00490878370956	0.120916888241	0.102921573029	-0.0249762036786	-0.458754476027	0.343571096121
TASELISIB	1.44589473443	0.528838067652	-0.163802771607	1.06934386878	-0.885942293153	-0.0740092639194	0.655167892471
CAPSAZEPINE	0.99991781137	0.0330413937245	0.227452381251	0.785519581614	0.152360640002	0.601824201842	0.0747204251666
ZOLPIDEM	0.894465456474	0.175655318397	-0.159057236352	0.186917981652	0.326146195676	-0.734207282384	-0.15430481879
FOMOCAINE	0.623784419295	0.585611465455	0.181914957116	0.302578065807	-0.735238553593	1.0262838935	-0.438871696127
PENTOLINIUM	-0.0906669548897	0.449164943055	0.00705757444692	0.0559597883647	-0.248632695619	-0.761733164119	-0.0889200875456
HQK-1001	-0.112024399747	0.48868079128	-0.174304157253	-0.0449725805387	-0.681698289571	0.0463853466017	-0.278793529036
TICAGRELOR	0.236962885988	-1.01925344255	-0.124240079959	-0.328415263624	-0.488853536182	0.108900368425	-0.685088873573
ATENOLOL-(-)	-0.316802314261	0.0456789384991	-0.23440451733	-0.178836521888	0.083471323857	-0.635820189733	-0.389826965818
EPHEDRINE	-0.00718471731148	0.420688390951	0.182570852439	0.388336480049	0.0547894159026	0.501329986487	-0.450730799601
FAMCICLOVIR	-1.38758851075	-2.1787677792	-1.37882689906	-0.943071402067	-1.2682424014	-1.0882330687	-1.7825221059
TETRACAINE	0.536020657244	-0.402917628616	-0.395661441802	0.121743427106	-0.281586311874	0.623138140632	-1.05548083776
SULFAGUANIDINE	0.360353541055	-0.111354514203	-0.171885265257	0.228502989946	0.367700352213	0.285162949497	0.753736060381
SULFAGUANIDINE	-0.716367224438	-0.144960011318	-0.365701325196	-0.19355611194		-0.913467178112	-1.53517117966
MEZLOCILLIN	-0.271864831777	0.362028288019	-0.0627569930425	-0.607989073344		-0.14218182598	-0.167352081196
Y-26763	0.773661107107	0.793356065949	0.0220975649093	0.404555575571	0.407210587626	0.544226508243	0.0777001257298
MERBARONE	-0.298975570552	0.199925423679	0.262462492628	-0.347708044053	0.20563559401	0.163443312081	-0.361751397374
VALSARTAN	-1.21759134338	-0.332260406633	-0.113167482601	-0.262121278809	-0.0860251225708	0.377895809108	0.019740905661
MIDAFOTEL	-0.724051156596	-0.46401351653	-0.700307439553	0.069575110142		-0.353184824129	-1.46471385029
SB-756050	0.457701298369	0.14309767127	0.285706247446	0.095490656662	0.557654149275	0.776202082107	-1.06212137282
MEQUINOL	0.939196430569	-0.280987528001	-0.133518955187	0.0160805538028	0.480940340137	0.797666818315	0.408100960138
MEQUINOL	-0.146123036319	0.19198999621	-0.00547360199001	-0.0804495041836		0.403004033169	0.46027721068
SUCCINIC-ACID	0.488568572449	0.537760063442	0.169907897783	0.368704191025	0.407952280703	0.105947914206	0.148024263528
URSODEOXYCHOLYLTAURINE	-0.0916179231402	0.256506509859	-0.0867441661817	-0.232156289831	0.614815295049	-0.288978102713	0.037229363444
CLOFIBRATE	-0.565581193033	-1.03447050808	-1.05609078873	-0.121929262973	-0.673633633727	0.0805756619241	-0.109632808514
BETRIXABAN	0.594679273588	-0.0825045021139	0.339060039952	-0.131361039615	-0.0100815438214	-0.191288027685	0.477050584777
7-HYDROXYSTAUROSPORINE	-1.82041032933	-3.77444352941	-5.74000311341	-2.64878713484	-2.11860975426	-0.895689596	-3.67133305551
DIETHYLSTILBESTROL	0.382730735628	0.07922748904	0.353792060189	0.752190315162	-0.259082033319	0.458696458682	-0.535995746041
SX-011	0.0370398338245	0.108757709531	0.114833843343	0.138465156267	0.310168532531	-0.142575111867	0.425260950705
BETULINIC-ACID	-0.0311568927047	-1.20558147408	-0.841646443808	-0.591106545686	-0.346056740546	-0.954306758934	0.00642302454098
BETULINIC-ACID	-0.250655068884	-0.664787668511	-0.621467006307	-0.11754958949	0.055066488648	-0.420422847866	0.295005910624
SCH-23390	0.207633664396	0.159123337458	0.44125627156	0.293954245457	0.382022590135	0.578553013805	-1.1143945355
5-METHYLFURMETHIODIDE	0.752579909453	-0.111944263805	-0.223942952585	0.310691949406	0.132483580192	-0.513596187227	-0.223628981515
JZL-184	-0.075295010451	-0.24838666529	-0.0122524793396	-0.403752493838	-0.247433494421	-0.885402917815	-1.26737761704
VU0361737	0.419025838923	-0.190189189531	-0.0537364828825	0.132056659028	-0.2689799655	0.130230539463	0.214434871573
BP-554	-0.346617587332	-0.120462131654	-0.268385879561	0.0616236583541	0.253473210941	0.120486644428	-0.489329379582
DELIVERT	-1.13044008639	0.756283357223	0.00104300887248	0.464397604723	-0.72520987069	0.885182769183	-0.515488840114
RN-1747	0.719654245137	0.413905117888	0.364797160691	0.117998313362	-0.00945588936123	0.491494207273	0.443036254248
M-344	-0.745721228998	-1.98707921079	-3.50179103028	-1.57491439167		0.568766999077	-1.83995056057
M-344	-2.18504892377	-2.97420256937	-5.88427542029	-1.35083685231	-3.53608250781	-1.10020940715	-3.24212794183
DIETHYLCARBAMAZINE	0.147546789408	0.795016231729	-0.129555655684	0.160823840533	0.478898054838	-0.137631510156	0.281464619324
MPI-0479605	0.452158760467	-1.34285720636	0.265949850298	-0.300522853969	-1.60227260843	-0.878478120828	-1.45091813444
3'-FLUOROBENZYLSPIPERONE	-0.484090312897	-0.637993820934	-0.281025834428	0.538788757169	-0.321539500333	0.108189313969	0.708102520893
PREDNISOLONE-ACETATE	-0.974201233075	-0.253544431656	-1.06875672167	-0.174686838923	0.0642505653613	-0.78730707746	-0.103625238861
ANGUIDINE	-2.56099160352	-3.16576168966	-2.9417992171	-2.75822034181	-5.46416536404	-3.36094102554	-2.9801278946
CC-401	1.02399950889	-0.546990505239	0.0417257929121	0.141298586707	-0.392045224328	0.448901789534	-0.392229381073
IU1	0.148886805729	0.337693192166	-0.384739098942	-0.0494842938029	0.317605169928	-0.0949104250675	-0.0685603571605
AZAPERONE	-1.57563636794	-0.818694509394	-0.257525727519	-0.433909724914	-0.703487345525	-0.483407223988	-1.3372707905
XBD173	-0.552814496219	-0.317271211358	-0.126106878854	-0.39309905158		0.157412941447	-0.891733479042
WZ4003	-0.444424712261	0.053648943862	-0.132916860153	0.279876801537	-0.771220759153	0.111059465953	-0.305413051534
DANOFLOXACIN	-0.149426591391	0.285940291309	-0.358238858279	-0.910989977994	0.0911416967068	0.281415769786	-1.64482347745
AMRINONE	-0.0659065450874	-0.23631846357	-0.175236546186	-0.0829637762089	0.394337643597	0.690924264165	-1.62481599897
BEZAFIBRATE	-1.27258505568	-0.277653439435	-0.133629988648	0.411642121066	-0.259001707277	0.400749013238	-0.308702667195
DESOGESTREL	-0.0380231290589	-0.384470980679	-0.340478760059	0.555139247437	-0.0389220942549	0.312468401831	0.110741054106
NXY-059	-0.685050427464	-0.412806177017	-0.435829571056	0.230228015546	-0.0302087597424	-0.0938769747013	-0.456814284976
RS-67333	0.391595503394	0.464026466597	-0.229344011516	-0.0449573210194	-0.233995659881	0.639740023294	0.151657170027
TOLAZOLINE	0.294870394788	-0.0369730202884	-0.0948862672885	0.410328058574	-0.0541859226482	0.510241870025	0.782589127954
GABA-LINOLEAMIDE	0.0987655194752	0.510487504105	-0.220333456279	-0.108939872723	0.00855702919793	0.199337800604	0.316033649431
PRELADENANT	0.364180039965	0.143162051019	0.282697254796	0.0507463011919	0.0661491485397	-0.159085557086	0.377745029618
PROADIFEN	0.0247978691906	0.348085703349	-0.153887292597	-0.348528414551	-0.221429728156	0.51416970309	0.461806597224
ETHYNODIOL-DIACETATE	0.00714835041259	-0.38655402056	-0.791009060912	-0.496457855638	-1.04035115604	0.309074817348	0.014733748715
ETHYNODIOL-DIACETATE	-0.570672368065	0.314787512898	-0.261889940909	-0.000942248029741		0.365261678001	0.479056558104
O-3M3FBS	-0.0523405725682	0.31921734614	-0.147304841886	0.104525397219	-0.189874775631	-0.156939972052	-0.588384689437
ARRY-334543	-0.122059403756	-0.0491190789808	-0.111761378845	0.381039697604	0.362096531653	0.460344327818	-0.794237152276
TG-100713	-0.040005852689	-1.02634628534	-0.599870684118	0.145278766628	-1.55664643446	-0.694660443929	-0.924120155435
HYMECROMONE	-0.530362847294	0.387438228061	0.43135722869	-0.779179826071	0.495710627072	-0.381012766513	0.712334554909
LIOTHYRONINE-(ISOMER)	-0.32162553673	-0.0217589192865	-0.262944395569	-0.0864234208605	-0.407436443338	0.504997999731	0.0479248606883
TRICHLOROETHYLENE	-0.221028119479	-0.0647178101995	0.13284220566	-0.412076367691	0.306973556501	0.390937400483	-1.03782705061
VALACICLOVIR	-0.0307122996682	0.128436380405	-0.0619740734082	0.414490562722	-0.23987642618	-0.577834305405	-0.199392988588
SACCHARIN	0.420489735697	-0.214743242982	-0.702358884063	0.0709573029988	0.224425909411	-0.207510065139	-0.591752615011
PRAMOXINE	0.166318674877	-1.20529991222	0.142267029815	0.579339769489	-0.356099552654	-0.0361591937486	-0.8693233562
POTASSIUM-CANRENOATE	-0.0592601407077	0.100944323036	0.219084322012	0.240906235457	-0.137143369512	0.0265852529617	-0.0570537116646
POTASSIUM-CANRENOATE	-0.100910993075	0.223850570909	-0.479523641147	-0.203139189534	0.0670803275649	-0.873755968213	0.863594933576
ACETYLSALICYLSALICYLIC-ACID	-0.157469253499	0.301700181562	-0.0546991548935	-0.748430729244	-0.0237362074571	-0.896314897002	0.83127990169
ZOFENOPRIL-CALCIUM	-1.54557963983	-0.0639114670508	-0.0882181393036	0.33004121173	0.214681708544	-0.498387452193	-0.97939580535
KP-1212	0.637661391049	-0.47532659494	0.664757914653	0.123022340857	0.376860029707	0.470662562187	-0.147352501109
UMECLIDINIUM	-0.120246363772	-0.753578994147	0.114366162958	-0.185340605028	-1.03750786812	0.0970203049317	-0.532676745989
FESOTERODINE	-0.263670540777	-0.0703771600023	-0.0387655631086	0.275901607898	-0.12974103206	-0.547230944571	0.187770189223
CAFESTOL	-0.776045506149	0.0677122984392	0.32018818517	-0.602999416193	-0.893600213896	-0.0976924085013	0.501238009555
ALOSETRON	0.336431440978	0.111759773684	-0.0974792008008	-0.159009098118	-0.0926957722034	-0.0613566316095	-0.893935363131
S-14506	-0.265980194428	0.301270023947	-0.310322916831	0.600093733968	-0.226648983989	-0.340089631164	-0.101049305519
STANOZOLOL	0.198005361698	-0.323961841091	-0.691943243593	-0.778732599298	0.056798496072	-0.759495496517	-0.168050279737
CINEPAZIDE	-0.475923134724	0.118272813659	-0.0877577924165	-0.252287947828	-0.0456369740743	0.550110694967	-0.0814730422036
DIBENZOTHIOPHENE	-0.316225476679	-0.516235129688	-0.668157061109	-0.52707069383	-0.0554445638808	0.19779147577	-0.714810516566
ZIMELIDINE	0.280759976047	0.572444318497	0.271035138002	-0.0908126615987	-0.270315165367	0.23035592166	0.926351482422
PHENAZONE	-0.134021507592	-0.952966157016	-0.57973738863	-0.613757265118	-0.155009065541	-0.0655490773238	-0.716791602713
CEFOZOPRAN	-0.654979736772	-0.50278626725	-0.130240924256	-0.0817185504316	0.408350233532	0.631100613146	-0.552947361982
CLOXYQUIN	0.520119036812	0.394907881502	-0.0371317990176	-0.199662843878	0.403436162373	0.470523291187	0.450083827508
CYTOCHALASIN-B	-0.327454681293	-0.838892805649	-1.39304574534	-0.987535335391		0.451221364596	-0.779598295485
TRANYLCYPROMINE	0.0890346534392	0.137502522976	-0.0920225083475	0.369791351826	0.265462645866	0.488775329777	0.178632204994
EUPATILIN	-0.599379642449	-0.272621334791	-0.206670544988	0.255136482209	0.203592228447	-0.108926027217	0.386359333285
BAN-ORL-24	0.141626262345	0.144537717255	0.218885527773	0.751472259114			-0.393447233914
CETRIMONIUM	-1.21025864191	-1.12790900306	-1.84700370441	-1.85995157284	-0.732268996462	0.13683047649	-2.30024031235
TALNETANT	-0.107840283969	-0.346067282245	0.15870728789	-0.215890931355	0.102101413323	0.385840102438	-0.055020243794
AG-490	0.365034083471	-0.734933408071	-0.025097767404	-0.660936011169	-0.189155788544	0.485622139507	-0.321239272132
CHLOROGENIC-ACID	-0.66435095966	-0.560558258885	-0.366638474765	-0.970321517071		-0.126399588877	-2.23274543496
KI-8751	-0.444058111629	-1.79046956586	-0.102995898143	-0.835957079695	-1.84211906768	-0.210969370246	-2.57041603517
DAPT	-0.613626171819	-0.498621294931	0.167976708699	-0.0975192642046	-0.247784177084	0.333439033968	-0.535603235931
ICOSAPENT	-0.113667035557	-0.139509246663	-0.0984845532561	0.200397130206	0.137986401958	0.318711812738	-0.618952704002
ACEDOBEN	-0.0188555672402	-0.222695241126	-0.144602192471	0.341425506726	-0.397773542611	0.622983480903	0.0737471758974
PSORALEN	0.414717402046	-0.025511518562	0.458418942415	-0.609874733095	0.614019319804	-0.000615101203403	0.591070677945
DIPHENHYDRAMINE	0.567787181425	0.595506371531	-0.0391994926916	0.699739534329	0.312187661781	0.665005633093	-0.0661346939489
METHAPYRILENE	-0.450999927909	-0.979100953577	-0.216677149442	0.465736419399	-0.339656202128	0.603298925711	-0.382094141162
4-(4-FLUOROBENZOYL)-1-(4-PHENYLBUTYL)-PIPERIDINE	0.600966460491	-0.122836518963	-0.681485420352	-0.528139738155	0.0939560180386	-1.66672584032	-0.436949209295
ECABAPIDE	-0.322236243632	-0.498420476174	-0.35839500687	-1.07108046359	0.0706612180148	0.170884801854	-0.590581047416
JNJ-1661010	0.362419577617	-0.420532528522	-0.80015536882	-0.427866239302	-0.265453529314	-0.798767074585	-0.275279005688
NIFENAZONE	-0.295834617002	0.342534887559	-0.22860845872	-0.0757357930198	-0.592277850074	0.558506478853	0.154960277424
TETRADECYLTHIOACETIC-ACID	0.318839493738	0.706299924228	-0.180457602954	0.45569676337	-0.181916983231	0.738464242379	-0.363139974375
EPEREZOLID	-0.26897726596	0.158338842283	-0.225126427854	-0.124177977788	0.0975148877595	-0.135415526866	0.392944946796
LY2109761	0.274406266731	-0.388512262578	-0.554653484002	-1.18889436664	-0.9220415291	-0.91729052365	-0.763930810556
PP-1	-0.617677130257	-1.1100986158	-0.483037505072	0.0343586479672	-0.371476642313	-1.66002938058	-3.0023739395
BROMHEXINE	-0.739911513145	-0.265366251162	-0.501455475722	0.288814109427	-0.179385001295	0.0525153711002	0.1412460569
DEXAMETHASONE-ACETATE	0.369176609589	-0.771066007405	-0.406780446781	0.188497850684	-0.0751124838185	-0.241165528143	0.494336282589
FLAVOXATE	-0.788232918083	0.214680129417	0.126536543632	-0.347479358039	-0.0966887953722	0.160497379625	-0.659266053597
PICLAMILAST	0.578522208987	-0.193289337808	-0.356794359937	-0.377727065959	-0.294157161594	-1.28601741719	-0.612070163643
EMD-386088	-0.278812371481	0.41331347528	-0.289668926144	-0.450088094433	0.0150129819361	-0.99363908002	-0.945889031239
BROMFENAC	-0.558452111487	-0.0656276756262	0.171598006474	0.545334533792	0.288586405148	-0.43491967834	-0.550899558167
PENCICLOVIR	0.648298494113	-0.00726390376849	0.440013918383	-0.608895918919	-0.445821695729	0.523036300021	-0.00592963077994
AMPRENAVIR	0.313204469797	0.106542802218	-0.119764808215	-0.118066713304	0.257350025225	0.442447604283	0.585896438016
FLOXURIDINE	-0.869433473009	-2.4618411081	-1.31893364214	-2.41068753443	-4.00794099844	0.65104224288	-2.05134012678
PODOPHYLLOTOXIN	-1.15308647055	-2.82772021659	-2.82357066987	-2.72642992928	-3.44757170367	-0.892305962848	-3.56778249241
BEPHENIUM-HYDROXYNAPHTHOATE	0.301835029207	0.459854764225	0.502480537652	-0.021078826666	0.432868663662	0.430487635045	0.0146976728836
NALIDIXIC-ACID	0.212957695819	-0.0667417210244	0.0775363750285	-0.111704026687	0.39767273027	0.147894434076	0.515849525011
PIRIBEDIL	-0.654153159916	0.281599105601	-0.309911722431	0.482054620123	-0.0590998722014	-0.315125684581	-0.0839209928858
MIRABEGRON	0.0344479651214	0.379859627354	0.344754083267	0.0653876448182	-0.122075463375	0.434267843239	0.169550793074
BALAPIRAVIR	0.090138055402	-0.132045176573	0.0100170688743	0.166754766887	-0.0601860232073	0.321468344937	-0.0874582676453
TROMETAMOL	-1.1635671325	0.285306240037	-0.356419366453	0.377126968501	0.460185936789	0.440453637374	-0.166163172437
BENZTROPINE-MESYLATE	0.0634933980354	-0.0177924131738	-0.206450271228	-0.0326451867288	0.520213924862	-0.245926503116	-0.953591201217
TENELIGLIPTIN	0.153950033537	-0.302685497652	-0.212664274819	-0.688538045975	-0.181907948959	0.219221627155	-0.84507967423
CEBRANOPADOL	0.600026358688	0.026516550865	0.50292500359	-0.396734876106	0.549353148687	0.950711992771	0.0114147877542
PROPYLTHIOURACIL	0.193115126419	0.268609230015	0.047439391148	-0.548809842337	0.288404692488	-0.230188380726	0.637121055797
AMELTOLIDE	0.0774292265413	0.0948444686107	0.588332132131	0.618304526708	-0.249716439412	0.610518401443	0.642544157831
ETHINYL-ESTRADIOL	-0.797513127545	-0.438381983528	0.0689993704506	0.437875434253		0.0495289525399	-0.557545943361
TECASTEMIZOLE	-0.703484187752	-1.35064908671	-0.619694009498	-0.815889277267	-0.173821135718	-0.225064021145	-1.30955216165
CC-930	-0.317498437901	0.0772665454223	-0.0770784777929	0.723086891014	0.423442298515	-0.325888162171	-0.95015760212
DIATRIZOIC-ACID	-0.0091284330498	-0.519882289618	-0.400679806281	0.200547119178	-0.223606306937	-0.513297927359	-0.672343830711
ZONISAMIDE	0.143912417637	-0.272216290912	0.03222646362	0.0851962541835	-0.214743682938	-0.517852395727	-1.01809256814
6,_7-DEHYDRO-17-ACETOXY-PROGESTERONE	-0.43039709928	0.350874314	-0.337697518259	0.73610883675	0.405707314008	0.151256188671	0.0189888649619
	-0.43039709928	0.350874314	-0.337697518259	0.73610883675	0.405707314008	0.151256188671	0.0189888649619
FEBUXOSTAT	0.927085021348	-0.289087400969	0.48093170178	-0.0332704408367	0.168369629032	0.248550730086	-0.983483749568
CNX-774	0.667907697199	0.00953636457176	0.17795629055	-0.409857099041	-0.409739055919	0.581638622353	-1.58872737056
YM-201636	-0.539845056726	-1.67202543042	-0.515132077865	-2.0670223591	-0.788756924994	0.0174666504176	-1.90726025864
VU0155069	0.494040868515	0.112101553407	-0.336209236838	0.183840221427	0.0559743858082	0.055667382654	-0.0170747555562
METHYLDOPA	0.155962787629	0.565863272366	0.0105089705791	0.0623650390106	0.0221934714936	-0.0969612373439	-0.867308893673
METHYLDOPA	-0.281021852229	0.0565506400226	-0.252906428483	0.315356775752		-0.418057822505	0.606963376625
METHSCOPOLAMINE	-0.0168088979707	0.0161978364462	-0.36068650488	-0.702602298084	-0.188323418683	0.22963079643	-0.555015096618
BAY-11-7085	-0.821247437071	-2.49725991985	-2.74614545474	-1.27859484964	-2.30429036992	-1.87810519041	-1.91819401353
NU-1025	0.531972607891	-0.562419607363	0.12383402009	-0.148534672932	-0.365830027196	-1.16397952269	-0.679266649404
DILAZEP	-0.45198805028	-0.419777424333	-0.346481426657	-0.102210333314	-0.179246241414	0.0098327424095	-0.658596884791
ILOPERIDONE	-0.234494903315	0.673226714037	0.328430419562	0.794394103728	0.318969125795	0.605319061468	0.306685933741
MACITENTAN	-0.23933514917	-0.183569770231	-0.336473639728	-1.1992645907	-0.0183350631154	0.623163402444	0.304320045677
S26948		-0.177275227259	0.41562768026	0.0485864540791	0.34883026708	-0.248089595641	0.718753849057
OMDM-2	0.056795651462	0.702529502723	-0.0517681189577	0.0437083072	0.293365266472	0.478493254339	-0.652771822029
CG-400549	-0.43611200598	0.592306947585	-0.0242709750222	-0.262991649364	0.206712353462	0.20073200108	-0.038477713099
SASAPYRINE	0.0521260115138	-0.0694934359431	-0.047469629693	-0.164381512736	0.33959914065	0.573011810929	0.39019201405
LAROPIPRANT	-1.4509003371	-0.544411702405	-0.807164132421	-0.276624474542	-0.45853380693	-0.0735442193842	-0.939702300458
CYTOCHLOR	-0.0326980519405	0.0184079865972	0.296508451957	1.17431259216	-0.178891454148	-0.000596702528094	-0.420423110798
PENTACOSANOIC-ACID	-0.489487367797	-0.00776769468537	-0.109657515594	0.539304908702	0.365735886306	0.193968409764	0.840827782553
PSB-1115	0.889518567278	-0.0102624315391	-0.168282869425	0.0320059026474	0.230754511223	-0.157307865664	-0.297459485813
CGS-15943	0.564033053352	0.262888218825	1.09250832144	-0.232244259909	0.236367891076	-2.05871802381	1.48294397939
A66	0.64334124687	0.26688723216	0.0414033859112	-0.326932109897	-0.509616384977	-0.10738480805	0.170074846547
SECURININE	-0.629495234837	-0.827985091118	0.301308118734	0.0178326994998	-0.0524930177362	0.00935915179619	-0.167082516182
NINTEDANIB	-2.11394948084	-0.384296951442	0.226520716754	-0.367717757601	-1.32173573027	-0.0493608493036	-1.61869409824
PRAZOSIN	-0.800483259165	-1.39667042818	-0.888121786703	-0.56005057653	-1.56464444426	-0.157573391422	-1.07264941542
TMPH	0.179021841055	0.306278596761	0.276090173493	0.442483703357	0.223021540705	0.140880143866	0.307666691616
CV-1808	0.165031268415	-0.378231733731	0.191847838854	0.157217844471	-0.573116706172	-0.493170141973	0.341000031493
GSK2636771	-0.1290197844	0.360046601481	-0.277533615879	-0.187167365826	0.0729983547689	0.0581148598714	-0.965737459193
6-IODO-NORDIHYDROCAPSAICIN	0.18638096382	0.306787122547	0.296873216701	0.342653285241	0.570017352704	0.613468062204	0.453860888538
BIBU-1361	-0.141320397158	0.141682422241	-0.505464500831	0.781206626542	-0.525057305001	-1.44273387412	0.286741644673
RIBITOL	-0.559878069256	-0.883874459848	-0.662216412921	-1.09962009377	-1.32040633117	-0.401339611679	0.0734317838497
DASATINIB	-0.644227285772	-1.37617677341	-3.29505464548	-1.211008096	-2.62175146246	-1.17474564414	-2.27032529701
ETOFIBRATE	-0.643186627222	0.479085906715	0.123089709821	0.493020945111	0.0342442622625	1.48646860565	0.833556259762
THIOGUANINE	1.93905703187	-1.73159850961	0.272165040906	-1.5160168565	-3.19589885238	-0.211232756634	-3.49036689072
PIK-75	-2.036356715	-2.69625374251	-3.88319483124	-3.49781684969	-3.40249199784	-2.04367949714	-3.463948788
LEVETIRACETAM	-0.642064183676	-0.0283782286169	-0.328882872772	-0.264237270125	-0.189877885873	0.134325884302	-0.240788949167
PILARALISIB	-0.428692406756	-0.452801980097	-0.114136192556	0.0623001094713	-0.264795600211	-0.0319099515796	-0.00642922658384
10058-F4	-0.0849756828248	0.404640447536	0.0474104158492	0.257567459812	0.152114307091	-0.262883099159	0.269813160835
GALANTAMINE	0.744986104094	-0.220916562029	-0.324603907875	-0.285376304152	0.0727088762056	-0.205351958711	-0.806850174682
SEP-227900	-0.571759116902	-0.721923076924	-0.467049073255	-0.234402735968	-0.294483329186	-0.094215733515	-0.14260859029
LY2140023	0.0825256114142	-0.218594671234	0.324270125673	-0.12702734105	0.33870364252	0.303629314144	0.549242891347
ALFACALCIDOL	1.16824459253	-0.0447630753062	0.719736057864	1.10663613222	-0.323870680445	-1.02595530968	0.150184059322
ALFACALCIDOL	-0.44492895181	-0.157691959544	0.113588555203	0.688081404567	0.269204327763	-0.909766453188	0.996915110495
4,4-PENTAMETHYLENEPIPERIDINE	0.162504023191	0.669208996486	-0.368911119452	0.313019284137	-0.170128010901	0.0434078732779	0.0644088854754
CAREBASTINE	0.435929279676	-0.621321761919	-0.113086903089	-0.545161295934	-0.0389035931492	0.119074755556	-0.832366176195
BMS-707035	-0.780111901098	-1.22631475304	-0.767592427613	-1.20843985247	-1.49863990837	-0.886400664268	-1.68324481458
TYRPHOSTIN-AG-18	0.168848215095	0.083604400308	-0.448880698263	-0.223666418838	0.145856275982	-0.246756494723	0.369369428662
CLARITHROMYCIN	0.176083654462	-0.289459443764	-0.316909503506	0.387807419546	-0.913738704547	0.220757307014	-0.432426573583
BX-912	0.354901871612	-0.746971490983	-1.11967754626	0.941115360466	-2.38219144617	1.61059426919	-0.799897552277
KETANSERIN	-0.357938068692	0.298784110286	0.13329805978	0.274485966166	0.122987467296	0.408511803821	-0.229083315406
TTNPB	-1.03101717715	0.561022372638	-0.154111168959	0.667894413562	-0.216782332801	0.402126759946	-0.695731193418
SNAP-94847	0.249543683265	-0.833904189533	0.0582736994657	0.339268292018	-0.10350479907	-0.908332627712	-1.56848703662
AGMATINE	0.239627557653	-0.0859164839355	0.20780380211	-0.166682326266	-1.01954387858	0.889254926964	0.669440375929
4-HYDROXY-PHENAZONE	-0.330540884499	-0.271401914374	0.190743328018	0.370640426284	-0.0554455601827	0.353501067886	-0.917472145485
DECAMETHONIUM	0.0673039148296	-0.644856492324	0.0147376874651	0.134021811743	0.108365941175	0.633237842589	0.540104297118
BENAZEPRIL	0.270755983199	0.461017172036	-0.448766630377	-0.242083422216	0.203405508217	-0.228688169311	-0.685613176704
NSC-9965	0.475827472033	0.305508652482	-0.0202481236417	0.408955445761	0.149139561774	1.02646603341	0.436649346791
ETOFYLLINE-CLOFIBRATE	-0.0157339727609	0.295347139193	0.162631853749	0.0419222639594	-1.03621992476	0.451986304135	-0.735495061019
PD-0325901	-0.704945029505	0.792121084099	-2.31665781246	-1.46889341331	-0.295671658202	-0.111612591661	-1.82575215588
CEPHAPIRIN	0.183817045161	0.00560242249958	-0.118718858156	-0.182746836625	-0.238577787883	0.088304709676	1.39828700243
GR-113808	-0.83925184956	-0.562400350633	-0.431685003274	0.0873679087208	0.058304560025	-0.802592434072	0.42625722715
MESNA	0.0385153092591	0.0406916038725	-0.333828425916	-0.205599346541	-0.253750849142	-0.97861939535	-1.14078156268
BAICALIN	0.521969016361	0.0466860889088	-0.187000500754	0.136719518639	-0.128109231882	0.395113865391	0.183496434997
BAICALIN	0.176897695086	0.0392725553493	0.296487192906	-0.633826920536	-0.961380266594	0.408183299303	-0.712551184396
PHA-767491	-0.377643104704	-1.38923672504	-0.523785748728	-1.52009188855	-4.2502230108	0.579378028282	-3.57409641849
RS-67506	-0.249958733037	0.121627977879	-0.00336131565719	-0.891903763317	0.103812157111	0.304007409174	0.338629672671
PF-04447943	-0.447290949462	0.314646523006	-0.0433821768891	-0.0363380902469	-0.381610329171	0.0333118254806	-0.336896696286
DOCOSANOL	0.00120615467151	0.519459311336	-0.0599880434057	-0.123065975374	-0.552911164151	0.328270564076	-0.482348740586
ABIRATERONE	0.558339886053	-0.410645884493	-0.516254479249	-0.322904737898	-0.257637194954	-0.606573175976	-0.148663146494
TOLFENAMIC-ACID	-0.402747693176	-0.611204972491	-0.215748934904	0.245234772398	0.145114063607	0.21801440632	0.112303282887
GBR-12935	0.262576930769	-0.534503429606	0.131752996586	-0.23403338787	0.00976187552225	-0.438838372196	0.0532384967685
NVP-TAE684	-0.911486516834	-5.14252574089	-4.54273930503	-0.609731706114	-1.59420197588	-2.37537029248	-1.73236392572
ACRIVASTINE	0.0516757485715	-0.189232727316	0.167116630029	-0.278436416259	-0.425146325033	0.143620830459	0.538173170519
CANERTINIB	-0.0757081394393	-0.19593673257	0.111254694627	0.946129574703	-0.0926414067894	0.0731336626989	0.502049229734
MM77	0.104870095912	-0.0624902906599	-0.109335637069	-0.189271918691	0.0163006764444	-0.156635872649	0.0160225431929
UCL-2077	-0.00816579478173	0.0618134330359	-0.746692223572	0.189764923953	-0.594793205044	0.415537134654	0.490354920191
FENOFIBRATE	-0.537216700206	-0.370541966449	0.1237299531	0.0610911711248		0.131915187867	0.1002695835
MECLOFENAMIC-ACID	0.387097930277	0.2000786396	0.129182349376	-0.109845861356	0.552312548293	0.672877101594	0.46838758154
HYCANTHONE	0.642983553135	0.427575140573	0.764955619429	0.768736115295	0.185662158903	1.13963620806	0.166304179784
ETICLOPRIDE	-0.570273080405	0.346770933272	0.247256127513	-0.0161458642595	-0.465760425295	0.206493689742	-0.369428575549
CLOMETHIAZOLE	0.420187009174	0.030161347015	-0.0145174700931	0.00672961127526	0.297011366941	0.66451757532	-0.023704847917
SRC-KINASE-INHIBITOR-I	0.245121993206	-1.25156030766	0.241803923564	0.204667816919	0.00619340667097	0.120356562501	0.092518120733
TALADEGIB	0.211492816955	0.312143269822	-0.0846895803566	0.827237442958	-0.0903071410807	-0.567425938437	-0.717728739594
E-2012	0.677401543034	-0.0935491897675	0.0713947204037	0.196208224483	0.305983623721	-0.326952031099	0.0515046287833
CAPSAICIN	0.179569914202	0.4849098854	0.135969278741	-0.17667251664	0.0291549431088	0.0202058864518	0.791912600329
PIK-294	0.650817378995	-0.0872903572651	-0.29417779315	-0.768855783161	0.280510057873	0.176103533977	-0.694586124432
OXIRACETAM	-0.498847568336	-2.49472052978	-0.704932441531	-1.11418531729	-2.36286336033	1.37610710296	-1.13875715867
CYCLAMIC-ACID	0.605808706089	0.415391712843	0.249283015563	0.400025048604	0.525342649926	-0.35020734591	1.03521161364
PANCURONIUM	-0.291796932439	0.994288138144	0.221986601039	0.507444603654	0.380660516122	0.519506845123	0.755069378957
PURVALANOL-A	0.148497159997	0.423625192107	0.04011681512	0.666472555912	0.103227656594	0.412911135638	0.605515450748
ACESULFAME-POTASSIUM	0.0703589415551	-1.13472893521	-0.819352205175	-0.970367030534	-2.99491872899	-0.353612985142	-0.923455531788
DIENOGEST	-1.31270392371	-1.70546940728	-0.802824097748	-0.348973587448	-3.26504450522	-0.393638408908	-0.171160256023
SULFAFURAZOLE	0.269356879148	0.0753353301085	0.38943126155	-0.316022306163	-0.18859077545	0.626653639094	0.463049352311
TROPISETRON	0.466169111296	0.383036125163	-0.102174393543	0.266385319317	0.354809814604	0.415286208017	0.286818347958
TROPISETRON	0.275690186967	0.249923183024	-0.152917616222	0.419449413822	0.506464852583	0.599065470203	-0.388454271307
GR-103691	-0.47660148426	0.57844420113	-0.187126274646	0.609375836891	0.306923192273	-0.702999777247	0.0476189306394
SUMATRIPTAN	-0.195744655115	0.491275147099	0.0117005686986	0.369536016039	0.304260819078	0.0995053879334	-0.338693599792
ROPIVACAINE	0.573322787663	-0.00746640065728	-0.348490251142	-0.619789599502	-0.349183460879	1.06509681283	0.768994221479
TRAMADOL	0.0196799513484	-0.335140445268	-0.39939020751	0.177620473288	-0.294065177319	0.372387809983	-0.374467745859
COBICISTAT	0.305899788719	0.165520162508	0.129425338727	-0.132304860361	-1.1283049467	0.791700164126	0.0675852534258
TIRASEMTIV	-0.404730857107	-0.89058336931	-0.205733992853	-0.191531201779		-0.231417538907	-0.229672777607
LURASIDONE	-0.240043213156	-0.397241345965	-0.337366014014	0.39671589941		-0.256634970617	-1.1365600444
FLUOROMETHYLCHOLINE	1.03332537712	-0.556921755868	0.368513938276	0.417766970173	0.182807764668	-0.714690175587	0.549654324906
ETHIONAMIDE	-0.347244389762	-0.44437061466	0.163282133005	-0.182021086589	0.363667565337	0.0676371680259	-0.535225646391
IPRAGLIFLOZIN-L-PROLINE	0.255066209722	-0.526126159491	0.0167543634627	-1.28799224538	-0.285454581113	0.181546253251	0.36346842497
SARCOSINE	0.0602769247125	0.6736830971	-0.136352145817	0.0411550461377	0.149369499899	0.250686779809	0.787812109795
PALBOCICLIB	1.934064886	-0.736811608233	0.11110406199	0.38487010577	-0.326514205727	1.14416225353	-0.00548865742019
FENBENDAZOLE	-0.7048794985	-2.48816387579	-2.14140526327	-2.63859284622		-0.648115589938	-0.539797866811
MEGLITINIDE	-0.119074680182	-0.0628796604622	-0.215190931331	0.313603807585	-1.31514590035	1.18356815749	1.13362792519
SIRAMESINE	0.0506761469214	0.553228292262	0.117525562147	-0.106482897864	-0.192864820236	-0.114597917921	-0.137678655342
TOREMIFENE	0.101597732775	-0.243159367535	-0.787349766103	0.15548154339	0.325281990667	0.227435744516	0.498275564668
DEXTROSE	-0.697849082686	0.0614169503976	-0.290010785132	-0.320286879199	-0.471253337964	-0.631178883554	-0.361152227144
DEMECARIUM	-2.52107218822	-0.719199427929	-0.615682513683	-0.94442559619	-1.69461857001	-0.3085348027	-0.0438823117987
TAURINE	0.19936550747	-0.298171234601	-0.183114392925	-0.659594110128	0.532475842372	-0.223505230502	0.28039478969
RITONAVIR	0.13634660116	-0.545539841641	0.065620096176	-0.381149872364	-0.473548835721	-0.392932513233	-0.79414675615
LAZABEMIDE	-0.485008416881	-0.30326908005	-0.935627353965	-0.343050151274	-0.823509222944	-0.969782826032	-0.697717052542
RO-25-6981	-0.24048555299	0.69970722461	0.162200506322	0.718943792404	0.00237846582276	0.0640861102222	0.0862488530608
CABOZANTINIB	0.235489463668	0.45219361296	0.22397056801	-0.175253373256	-2.25467289676	-1.4651042965	-1.02523254269
TPCA-1	1.21121750205	-0.821623954882	-0.350839714087	0.612019058795	-1.13287876319	-0.256547796202	-1.27930954923
DAPOXETINE	0.664114362552	0.166707782325	0.316728849114	-0.108922625016	-0.243754552605	0.128089685794	-0.459112622337
ILOMASTAT	-0.820786353919	-0.339085850816	-0.195217516163	-0.0743014001367		-0.65332257234	-0.55942847232
ILOMASTAT	-0.25985984141	0.627521802573	-0.070412570175	-0.145875121314	-0.221857415263	-0.0217029351046	-0.403561500067
LEVOSULPIRIDE	-0.0365712117509	0.0720830570006	-0.0586176119158	0.218483071082	-0.0097453863555	-0.118943477046	-0.128324867143
ERYTHROMYCIN-ETHYLSUCCINATE	-0.124931946659	-0.253880403186	0.21914426422	-0.446303370355		0.111037297852	0.437287052762
HYDROXYUREA	-0.129661928955	-0.221321848131	-0.455773972571	-0.658868169195	-1.3423789146	0.169270938301	-0.294628919067
HYDROXYUREA	0.122450977511	-0.419096519723	0.203086998806	0.174137665297		0.470730390597	-0.506657659274
ALFADOLONE-ACETATE	-0.895510732483	0.261530428171	-0.0788363605937	-0.622287296307	0.00524867520781	0.121928753281	0.093825715371
JNJ-17203212	0.549697152979	-0.396346737197	-0.529227286811	-0.489264119084	-0.630353700468	-0.95674318346	-0.588386196512
P276-00	-1.81121449613	-2.77710868642	-5.74156320677	-4.60980472062	-3.80957866989	-2.04305882564	-3.67704848374
QUINOLINIC-ACID	0.37793701529	0.345823751708	0.0762982361466	0.00668497691366	0.395223509011	9.48594478417e-05	0.0245260367174
NEMORUBICIN	-2.2790193636	-3.81378498579	-6.43014834869	-3.56873911745	-3.70414094785	-2.86104025372	-4.04396758223
IODOPHENPROPIT	0.627733541584	-0.153870075835	0.0311193140923	0.363457624264	0.186234208231	-0.0339611875294	-0.225743647316
BILASTINE	0.231578523814	-0.68885709335	0.0284659297296	-0.944697880107	-0.488779439472	-0.542242875776	-2.0144206587
BIIB021	-1.50910464265	-3.92475819635	-6.33978196961	-3.05331898093	-6.0553261697	-2.59443767896	-3.89921730754
METRONIDAZOLE	-0.532598156571	-0.96446577528	-0.447476619712	-1.25879736178	-0.76116569598	-0.586935580475	-1.11010273438
CERULENIN	0.481348441666	-0.112350664956	0.269909780719	0.963370835496	-0.287440071906	0.404752732261	0.0901304291782
OXIBENDAZOLE	-1.78167433944	-2.60523488468	-0.660162872953	-2.8967376077	-3.93172888491	1.13623337901	-3.60303391558
NANDROLONE	-0.449305609897	-0.340036922071	-0.0153571156296	-0.215249433775	-0.503907393984	-0.332145906543	-0.926529845499
CP-339818	0.0647833690512	-0.967883809041	0.214237627272	-0.193108090378	-0.343573607519	-0.0992328367846	-1.36850338119
ANASTROZOLE	0.624317459545	-0.0584475001366	-0.358885889138	-0.0671610218913	0.377043979573	0.566238241494	-0.0131695233738
ICI-63197	-0.316587846939	0.667251985278	-0.0625636116134	-0.257336906343	0.11227988425	0.145217862922	-0.296101536189
R547	-2.07844302703	-4.01499907883	-6.24715412665	-3.5268445626	-3.04779324055	-3.65668231967	-4.05331940232
CHLORHEXIDINE	0.544866806503	0.360888358794	1.13691479893	0.300440771496	0.528538267583	0.481338338958	0.798525473407
CHINIOFON	-0.350357655118	0.0454459274059	-0.198275250103	0.35055450257	-0.183059165963	-0.367792807105	-0.273082015847
TACEDINALINE	-0.723526257859	-0.00880476921119	0.132813802552	0.309281611251		-0.0708223787809	-0.267458466052
GR-159897	0.658486714051	0.0777721329026	-0.194773106509	0.818542293887	-0.0586738632299	-0.149161691879	0.187935264474
CF102	0.280904607521	0.64134232478	0.0139564198002	0.212742231916	0.182619365236	-0.0955414266968	0.00503850977511
AMPEROZIDE	0.167843980652	-0.3347213456	0.0237819856657	0.13167213022	-0.125375832814	-0.0958467193886	0.0268501730355
CLOBAZAM	0.0363143835058	0.63425843689	-0.177491257196	0.0641674849279	0.660752174387	-0.0309782521364	-0.541310810437
KAINIC-ACID	-0.328943692084	-0.273366026686	0.0639335698847	-0.210386864777	0.253878605232	0.0427262366763	-0.931794428026
ALPROSTADIL	0.208896461273	0.135427735284	-0.00140180311847	0.784947017423	0.401892278551	0.734549268919	-0.399507669643
ICI-215,001	-0.0564630469481	0.526249767422	0.00370553964459	0.612700519729	-0.0922860050618	0.0768670629975	-0.103726529369
SC-19220	-0.442972001989	-0.276471763315	-0.231837301088	0.302361899634	-0.539555229039	0.126423435634	-0.19938564282
N-ACETYLCARNOSINE	-0.292311371374	0.284080505962	-0.21992968592	-0.530186525729	-0.0577166015532	-0.364903055259	-0.233683912232
MONOSODIUM-ALPHA-LUMINOL	0.651583916924	0.733971533771	-0.155370204206	-0.196488662958	0.342602020677	0.597107192502	-0.200285194476
INOSITOL	-0.574070013194	-0.358539326765	0.242182439253	0.383517216715		0.456443226571	-0.108444864748
LIDOCAINE	0.437185771086	-0.378669974795	0.0903131614485	0.520527830327			-0.0376563412179
CIS-UROCANIC-ACID	-0.126422899627	0.317065638547	-0.412911437856	-0.147836136096	-0.270074896284	-0.130134750498	0.662901675609
TAK-715	0.137015393498	-0.322927427025	-0.279687658354	-1.06811682489	-0.100355410224	-0.505175164941	0.69708578409
DIRITHROMYCIN	-0.47305652193	0.0317535068626	0.0307563947391	0.063764476953	0.251909787713	0.253358281526	0.42529285765
EPOTHILONE-D	-0.122837814695	-3.25344483119	-0.438364177306	-1.84545092645	-2.84957606133	-0.075793062296	-1.68387560761
IVACAFTOR	0.153397967922	-0.447996921696	-0.18873741544	0.273650687606	-0.125694907121	-0.331037689437	-0.226838299501
GDC-0941	0.497628840722	0.371067299888	-0.492190595222	0.486951571024	-0.492367496816	0.904912597819	0.711732467998
MITIGLINIDE	-0.424030426872	0.238536745701	-0.192078795832	0.325855640074	-0.186477589843	0.607224179999	-1.36559004251
CLOMIPRAMINE	0.106411265563	-0.872086819093	-0.496087686753	-0.116106110781	-0.414251546919	0.0323461807455	-0.0231699737743
OZAGREL	-0.11895383344	-0.205729762043	-0.142492375455	0.314027944984	0.112758744915	0.511818381302	0.03296008987
1,5-DICAFFEOYLQUINIC-ACID	-0.763625055841	-0.27521135117	0.0711968913969	0.134795704512		-0.057549572816	-0.243955467461
PTEROSTILBENE	0.819494356515	0.0164374268455	0.223029121747	0.340144023741	-0.641587892634	-0.745337289295	-0.403240510007
NIRIDAZOLE	-0.230927429784	0.115170469883	0.212490284582	-0.0145502948247	0.748991191188	0.6630689165	0.0855275015568
LTB4	-0.221343170437	-0.00592990702718	-0.131804230285	-0.165985367146	0.531037303467	0.819186913532	-0.0107191889319
BUTYLATED-HYDROXYTOLUENE	0.330968425268	-0.164358205711	-0.0967151810847	0.515368482776	-0.068451668795	-1.05952295665	0.0211112552856
AFALANINE	-0.224482125413	-0.0671736558758	-0.248274295587	0.387607894304	-0.544179657081	0.216330118818	-0.472157123468
TRIMETOZINE	-0.326231798494	-0.114114725111	-0.070059558037	0.503884211973	-0.439450466688	-0.633495080692	0.294501011015
IWP-L6	-0.504045163293	0.262300094298	-0.159667262147	-0.223539430229	0.166787848572	-1.02588139134	0.0505919881401
CITCO	0.584125483001	-0.20852025544	0.450236037865	-0.215032640682	0.0125953955607	0.191206187532	-1.05920433021
VINPOCETINE	-0.549927799827	-0.498827311333	-0.436124675037	-0.210893315834		0.419941389566	0.215128600087
BENZOIC-ACID	0.0313018848142	-0.121198483109	-0.0318545997264	0.259171281632	-0.158987156801	0.699094604586	-1.13422198807
TIVOZANIB	0.567739483475	-0.898184050302	-0.419135830998	-0.73544294332		0.389273732236	-0.581086874596
OTS167	-2.09880229392	-1.7034152394	-5.45189548662	-3.78924785628		-4.04150512781	-3.35326043197
ACADESINE	-0.455718818022	-0.81708997105	-0.630801640673	-1.44146704534	-1.00660881278	-0.842288132937	-1.01297922942
CTS-1027	-1.01182862419	0.00603902861144	0.228160297265	0.293417460261	-0.51985280908	-0.66008597965	-0.161264033857
FLUVOXAMINE	-0.0762242313574	-0.663602642524	0.0100502705388	-0.259383528708	0.0944589533743	-0.154937607272	-0.031573353937
ARCTIGENIN	0.272515061862	-0.680986508777	0.149549885538	-0.423888242178	0.317796469801	0.233322943223	-0.0624676130317
U-50488-(-)	0.477755313113	-0.00163034057295	0.112355401157	0.33594957514	-0.177132321722	0.843191570415	1.10737719553
U-50488-(-)	0.0254367343953	0.236435807235	-0.165587718127	-0.376450705189	-0.255191895321	0.732580896996	-0.249945484695
AURORA-A-INHIBITOR-I	-1.97855227812	-3.07778412059	0.367424863705	-0.365558084664	-2.679776662	-0.575067644023	-1.94166266764
BARICITINIB	-0.48681788513	-1.32291590526	-2.56382595069	-1.0873285328	-1.79723679818	-2.62048816327	-0.128674294809
MK-5108	-1.21497234357	-2.08928795116	0.198378679812	0.594066801716	-0.920625862912	0.306250106378	0.344860309959
CINALUKAST	0.16464034943	-0.577076059052	-0.703741926967	-0.284102087502	-0.0398047826586	-0.291386850417	0.546438282379
PRT062607	-0.073142606738	0.119546601783	0.207074003866	1.50611697351		0.277887983091	-2.79780703746
PRT062607	-0.540943769039	0.416830534991	0.279565466471	0.780418917601	-0.0113174809506	0.839262254415	0.55077264068
AMITRIPTYLINE	0.312049825017	0.127586463078	0.0634729483549	0.0591183250655	0.676672347275	1.13842742595	-0.123022335741
EMPAGLIFLOZIN	-0.0755669740542	-0.103209791688	-0.254233187898	-0.0455357388569	-0.854224855679	0.574888695697	-0.647428787596
RIPASUDIL	-0.0451751344783	0.188916344006	-0.232630497772	-0.178455365509	-0.49244221989	0.15731323891	0.329903101598
MENBUTONE	-0.61262013382	0.0149220388137	0.12265560089	0.267776298718	0.131612955339	1.23320867538	0.480743835393
RISPERIDONE	-0.625804752115	-0.159526956217	-0.326315472567	0.0270210953456		-0.106624978253	0.305714941198
SB-408124	-0.0274449256727	-1.4346649697	-0.203474970015	0.183805176684	-0.668029277874	-0.275161730929	-0.0600554711144
VORTIOXETINE	-0.624583466127	-0.315538195767	-0.351576875814	-0.318380512218		0.178901527541	-1.76626821515
RUXOLITINIB	0.33432504693	0.627354336189	-0.225917358793	-0.587925240609	-1.3313871314	-0.700767182222	0.0309911722798
ALX-5407	-0.877534839729	-0.447553761433	-0.054104948669	-0.0997706624561		0.318797139553	0.340561997778
FORMOTEROL	0.333016643825	0.186854339839	-0.220255460519	0.597899368639	0.626583542576	0.242762335238	0.599097240957
CABALETTA	-0.229145544202	-0.3043031526	-0.0300560314261	0.755317985529		-0.0312014991894	-0.503330983214
ISOBUTYRAMIDE	-0.0964650360666	-0.403566687914	-0.101558278392	-0.824323181936	-0.25083726717	0.239330815522	-1.65255911936
REMOXIPRIDE	-0.279072496843	0.0573506964871	-0.14817072917	0.0211835348807	-0.437466494633	0.0756317187927	-0.259063991728
CMPD-1	-0.143121194707	-1.38014590804	-0.964663727598	-0.258013517335	-1.86698097861	1.34994623078	-0.45853761825
CIRAZOLINE	0.548525462929	0.141714075321	-0.164817489407	0.138110491116	0.201380800701	0.0884037773418	-1.06101590779
DICHLORISONE-ACETATE	0.00270370805464	-0.227136482235	0.192203930565	0.3173867583	0.855690689296	-0.371164046935	0.132473487583
DICHLORISONE-ACETATE	0.755490424697	-0.504735184719	-0.207376531166	1.01654458708	0.0110760576772	-1.42102522947	-1.00325019293
HALOFUGINONE	-2.56677308827	-4.0152271028	-6.1825888669	-3.29042675677	-6.1160535227	-3.15568900047	-4.44913725313
MK-1775	-2.16478400303	-3.37549254422	-6.07913436027	-2.46955096586	-3.16769951016	-2.23290644948	-3.70805391296
MONOBENZONE	1.32431504803	0.564465247898	0.300604419577	-0.781675330737	0.411991863096	1.04703827472	0.634529058644
ZOLMITRIPTAN	0.461784866829	0.125159158528	-0.207668242175	-0.276890775418	-0.200814300837	0.19908628977	0.587810703938
TOLTERODINE	-0.146932905185	-0.163546869228	-0.250931252969	0.124792049563	-0.158832980315	-0.0743025173707	0.469749467675
SB-202190	0.69848581969	0.118957229333	-0.085757318538	0.100715168031	0.0415541322881	0.728438629938	-0.308011415731
PR-619	0.112638357041	-0.0170351606105	-0.20718686134	0.00108128398773	0.249837298089	0.182245819804	-1.78997508949
METHIMAZOLE	0.211737485606	-0.228215626079	0.0660133789394	-0.134132867382	-0.0401158036083	0.222613844598	1.08780819005
ELVITEGRAVIR	0.312464340212	0.0456999690943	0.424437113204	-0.754222481103	-0.560203728166	0.961817147871	-0.729131961496
PROPACETAMOL	-0.789752076032	0.426912406349	-0.0629649651313	-0.537565605712	0.62946152085	0.048192244233	0.203202261505
LXR-623	-0.145192297427	-0.267706261035	-0.175662217904	0.391846488227	-0.0918847650026	0.325733315068	-0.142531554408
THIODIGLYCOL	-0.410608172565	-0.575312001691	-0.184711853353	-0.211601391111	0.589995380907	0.528193689742	-0.545377975859
CAPTOPRIL	0.977237128121	0.39731074728	-0.162225883737	-0.04450767884	0.342900916833	0.846009186122	-1.15144058667
JQ1-(+)	1.73412879105	-1.08762658496	0.876443923762	1.10693244274	-1.72434703842	-1.37278884722	-2.38761532232
ARTESUNATE	0.293591492279	-0.697424814987	0.408863937423	0.0897999014974	0.0894167120268	-0.0948977345094	-1.66580828993
WAY-362450	0.402523129364	-0.010313636039	-0.308047847298	-0.0325075607796	-0.401975138321	0.408401020059	-1.29505510656
R-59022	0.324195470839	0.483224684605	0.218471042364	0.0900556920175	0.442870901459	0.655886381482	0.0816305665358
NTZDPA	-0.356385996719	-0.397577659251	0.112239726243	-0.0972233901993	0.12321452806	0.0149206992199	-0.337388289048
DOSULEPIN	0.990679219803	0.22614675672	0.31498625338	0.295614619196	0.0870632358402	-0.448312729926	-0.436483081677
ETORICOXIB	-0.456020774707	0.0441225498416	-0.170026486135	0.314940571701	0.543525586836	0.871343756816	0.0924532673996
TRIOXSALEN	-0.192600173102	0.583060150909	-0.0465133507149	0.399602948399	0.289404404587	-0.456601274748	0.181833133681
PROCODAZOLE	0.0914025312917	-0.152578243231	0.340054616167	0.348549350369	-0.681241496878	0.0220117757626	-0.447764144816
FUDOSTEINE	0.137580675175	0.0188299263825	0.00254086379154	-0.19348610149	-0.187828476904	-0.822777899238	-0.700155337432
FUDOSTEINE	-0.293830244374	-0.805442156316	-0.374899303909	-0.199801604952		-1.37159552956	0.544406277205
EQUOL	-0.614719450444	-0.163633280438	-0.30623247703	-0.0530212673015		-0.104741640171	-0.106340058052
EQUOL	-0.262950115869	0.11487318997	0.0426555679601	-0.0473592170674	-0.240454331138	-0.136416858252	-0.628686190416
DMP-777	-0.575277302798	0.0939480832601	0.689898439383	-0.26351696917		-0.265907870439	0.911136899569
ALPELISIB	0.913819655414	-0.0553284367332	-0.191791254725	0.454793892773	-0.335313189718	0.00386867503825	-0.441973639874
LORCASERIN	0.04235624749	0.160183669303	-0.475953215494	0.0313763157575	-0.137105922415	-0.975258995183	-0.0220188221547
PEFLOXACIN	0.19142433519	0.684389894265	-0.0141327589363	0.308954222518	0.587823811717	-0.0696153378847	0.82664847629
AMOXICILLIN	-1.02551935084	0.0298744741521	-0.403759383028	-0.194850664287	-1.36031206229	-0.970743930795	0.721839752389
AMOXICILLIN	-0.671392811154	-1.4937063504	-1.90071458877	-1.64689569397	-0.807031831699	-0.541010137804	-1.19808553314
ETOMIDATE	0.493919237111	0.276403006172	-0.702384889116	0.127242782997	0.425499844695	0.586472398061	0.21198172952
FLUPHENAZINE	0.0542186997557	-0.133897058427	0.124679637267	-0.416925562932	-0.0741269070661	-0.186958283767	0.510663182804
BENZO[D]THIAZOLE-2(3H)-THIONE	0.14255132162	0.342487370258	-0.0996296961096	0.380986313774	0.0842880548288	1.00157886493	-1.15638241813
EFLOXATE	-0.320647368814	-0.261682146178	-0.622263835398	-0.0148135135582	0.516476313035	-0.42401781683	0.265814859548
RIGOSERTIB	-1.62598462246	-3.89420979639	-4.54191223395	-2.30236520023	-5.14971212716	-1.16895668325	-2.89461619993
BENZYLPENICILLIN	-0.0198253436746	-0.285886536272	-0.318463743271	0.0170418008835	-0.615685282821	-0.577615486923	-1.07736999523
SULFADOXINE	-0.159580009482	-0.81965023763	-0.452070746719	-0.139471928324	-0.551944875491	-0.294212941261	0.124605908411
SC-144	0.396379962285	-0.653552302605	-0.752048328229	-1.27546081826	-3.67694055256	-1.18699323349	-4.15510046503
BU-224	0.414896967688	0.354293508759	0.293250050582	0.324230167005	0.0804500046392	0.763571883661	-0.373544398257
ANPIRTOLINE	0.179897962577	0.455413384448	0.200156007729	0.14751857318	0.269644294994	0.359364874417	-0.632801165101
AM-404	-0.0769430455832	-0.0726192417185	0.531402584071	0.516541027902	0.170248307709	0.797526001672	-0.441161077747
SPIPERONE	-0.422719706768	0.137772695681	0.0744617787727	0.421280409151	-0.32052066552	0.0805643942689	-0.2781098088
MK-8033	0.0426900475474	0.478887252524	0.0814686353128	0.408030979318	-0.0488692693457	0.254877323643	0.132300483789
FORMONONETIN	0.671984726529	-0.54178645762	-0.0806869853059	0.276975219502	0.178966417833	-0.129820059668	0.212040106726
TORCETRAPIB	-0.442705094278	-0.583431064921	-0.391478723857	-0.286570238473	-0.380158309902	0.441592161447	-1.18217868373
CO-101244	0.17226604158	-0.572372080072	0.220625873282	0.0617722663099	0.179128461814	-0.218662420048	0.118292688422
LATREPIRDINE	-0.974142790029	-0.824541817768	-0.491532735957	-1.56835913831	-2.04292053989	0.339795319905	-1.06913275731
PENBUTOLOL	0.486512804327	-0.604810228551	0.0287538382495	-0.0425799957069	0.265431497015	0.582781787379	0.712432666948
SCH-28080	-0.658757984062	-0.0650876188936	0.394450153263	-0.396460872249	-0.733799400342	-0.809984646007	-0.438870104756
BMS-806	-0.994508107121	0.689755306199	-0.0633859868	-0.432392914813	-0.367761788811	-0.0602024384898	0.744263492538
BMS-927711	-0.0809152730305	-0.0188596824357	-0.189078599308	-0.0109300657053	0.391218544602	0.755855017835	-0.386493693616
	-0.0809152730305	-0.0188596824357	-0.189078599308	-0.0109300657053	0.391218544602	0.755855017835	-0.386493693616
LOBENZARIT	-0.772654289951	-0.440127054042	-0.317925945454	-0.142958658136	0.29000767611	0.269137640908	-0.564791283623
SORBIC-ACID	0.5217152929	0.436513327367	-0.313924716694	0.0634884889061	-0.12990719342	-0.401759284825	-0.3657251636
PHENYTOIN	-0.025629949151	-0.140986992594	-0.191181510907	0.275794153294	0.617513173807	-0.125953490903	0.637606296312
ORANTINIB	-0.105724525878	-0.0967789091447	-0.729262345144	0.0975953575697	-0.756940695768	-0.514115178276	0.687333670052
AP26113	-0.0681958306407	-1.76841353494	-1.48608586962	0.249782933259	-1.53572867772	0.0870612659509	-0.245465331455
5-METHYLHYDANTOIN-(L)	0.295306275484	-0.423913958427	-0.38357874318	-0.441554599833	0.000528343789532	0.49122058514	-0.343922216225
RHC-80267	-0.0885931412619	-0.345636933272	0.0618760165157	-0.63575660978	0.216416321773	-0.335164002223	-0.461890523217
MMPX	0.447940825717	0.33457276118	-0.485347726929	0.33220630605	-0.0252219100616	0.122429919058	0.165989532645
OXICONAZOLE	0.37797874753	-0.29463505502	-0.0127566384463	0.243665931997	0.183936632383	-0.1687979157	0.418191881427
BU226	0.277853598412	0.546065226792	0.264074787063	0.314914555704	0.388492119374	0.525221952062	-0.391510981983
BENZNIDAZOLE	-0.697084042708	-0.27845097155	-0.130309725949	-0.289546075917	-0.570429080667	-0.162437977854	-0.249634810443
LOSMAPIMOD	0.722445275019	-0.315138925616	0.165938986391	-0.4272592303	0.274468103447	0.714685893016	0.367287806284
MGCD-265	0.0655140045012	-0.267241986651	0.298336047465	-0.453563254059	-1.27864714263	-0.711066014552	1.04431720857
VOXTALISIB	-0.120883373961	-0.68623082358	-0.434843401328	-0.655982937338	-1.08978214077	-0.0928953320493	-0.854247456216
ABT-737	0.446727487725	0.292567739957	0.149469075535	0.394710026581	0.272449756956	0.580956563307	1.13837760023
AMONAFIDE	1.11007777116	-0.509683524937	0.122646356529	-0.453727783446	-1.81270405101	-1.33125054336	-1.97923584101
VEMURAFENIB	0.22787509623	-0.0448319801692	-0.484414953349	-0.298909190916	0.12738147736	-0.19555846923	-0.181113536457
MK-2461	0.0811050652049	-1.83977325784	-0.188238990306	0.0983788410357	-2.68601106066	-0.204690902528	-1.60831348599
CHICAGO-SKY-BLUE-6B	0.0760254558144	0.144401666905	-0.342075529334	-0.71459873938	0.310616931642	-0.157138728165	-0.150961325024
MEDRYSONE	0.499505418008	0.000847356562962	0.0626158663386	0.475401488869	0.385342040163	0.451230375548	-0.244072752152
CEFPIROME	0.065239849131	-0.0674256223558	-0.188881346076	-0.966594682432	-0.081441490483	-0.450367437131	-0.87403279807
ADX-47273	-0.136651163567	-0.198924271815	-0.415387022671	0.537746088071	0.0698713680275	0.528794201617	0.0112768361853
AMBROXOL	-0.344023191878	-0.256237688676	-0.244831158922	0.23411710747	0.256538358911	-0.573187355647	0.47720344699
QX-314	0.0144080950232	0.0631937519635	0.162216015484	0.00855403336865	0.0972255748652	0.707664362457	-0.598255003544
CLOFAZIMINE	0.722421053031	-0.631376914198	0.115882557174	0.482811584887	0.0515538570605	-0.377962732299	-0.255164282071
PIKAMILONE	0.0832822877091	-0.281461017287	0.218222163105	0.161658073354	0.291314243426	0.0316740187675	0.761822768958
NITARSONE	-0.428284758797	0.104888037623	-0.414482092723	-0.123459117436	0.179871977814	0.159806991648	-0.794368762325
CARBADOX	-0.877306435106	-0.210808453016	0.23490943162	-0.607624783955	-0.30809889144	-1.02567586043	-1.29911173701
Y-39983	0.112079027343	-0.923144805411	-0.705704578971	0.0129898373095	-0.0267592854979	-0.3582956325	0.0900182307464
FOMEPIZOLE	0.840635073036	0.0478361994736	0.475798744805	-0.141510145976	0.110996367599	-0.0461838119539	0.59848739959
ENZALUTAMIDE	0.142447677978	-0.148924889569	-0.361712026901	0.437824016551	-0.951068005427	-0.329617848361	-0.0466692962205
FLUROXENE		0.0630805431496	0.194864968925	0.131990809765	-0.0265113658139	0.298208742762	-0.0991890442957
OXETHAZAINE	0.182714615639	-0.522273378815	-0.21443284341	-0.358199187213	0.123981687623	0.532625280723	-1.12937596827
CRESOL	0.158522673399	0.199059999371	0.10824563199	-0.27949604411	0.0526441938856	1.1280410712	-0.137133581936
DACINOSTAT	-2.34434956131	-3.34446093799	-6.23800663055	-4.27962948775	-5.17455509658	-2.80312130991	-4.0263918445
TRIPELENNAMINE	-0.915804964747	-0.226978386689	0.285508936121	0.203484853577	0.37672083036	1.01598654865	-0.598438526528
DABIGATRAN-ETEXILATE	-0.856719778378	-0.444393618843	0.148534071004	0.313010932889	-0.416317777257	-0.815742308391	0.192247766329
SELUMETINIB	0.780583043549	-0.0681751605142	-3.10519400235	-1.94902636968	0.0242717271722	-1.22269396822	-1.97731515135
CCT129202	-1.45726873244	-2.93753189649	-1.96622154379	0.0670425841156	-2.0972149176	-1.67690225791	-1.38186060696
DACOMITINIB	1.51820821577	-0.715056632867	-0.107054448295	0.6445884188	-0.27370245753	-0.703258887664	-1.96813066458
CROTAMITON	-0.404292227498	-0.665764902335	0.281893748897	0.604595126485	-0.111727843027	0.196600839777	-0.673783406038
INDOMETHACIN	-0.530707840183	0.0551328612402	0.0144821479327	0.445466933268	-0.174240478924	-0.349071681145	-0.69338519789
CILENGITIDE	0.276419827222	-1.02448615182	-0.586835551967	-0.210018893728	-0.135411905797	0.145652403888	-1.39606756033
GENIPOSIDE	-0.0829736206634	0.0603684578065	0.00175100196376	-0.43431685774	0.276922682514	-0.410873260866	-0.234054001257
GENIPOSIDE	0.70212469388	0.0896278599691	0.57430124506	0.05108227756	0.279068555686	0.557679074781	-0.0325395292358
RO-9187	-0.960608637937	-0.823301331654	-0.293680997871	0.0142976389349	-0.445790592155	-0.424244371553	-0.437854784671
MOROXYDINE	-0.0454835501105	0.0165142889088	-0.339457218451	-0.143097542522	0.538099768574	-0.183732269703	-0.55528829512
PRE-084	0.247707344141	-0.211138290589	-0.524948393688	-0.041582527347	-0.484444247407	0.222261982666	-0.431656060179
PIDOLIC-ACID	0.214696616245	0.194193719673	-0.174161940975	0.23038854339	0.0620876711547	-0.733771132379	0.066390764412
FIDAXOMICIN	-0.353719737748	0.297217013351	-0.0527617976357	-0.159471843647	-0.00619000007886	0.878284060065	0.0131817916599
TIAPRIDE	-0.654090820146	-0.123407087815	-0.505865889194	-1.19010276238	0.098573518011	-0.344087044125	-1.21502330169
ENALAPRIL	0.777949896299	0.161173898675	0.0335601547591	-0.0901282281831	-0.335000481257	0.839807216218	-0.624755249597
PENTOXIFYLLINE	0.0161414303281	0.105085071993	-0.0203313562379	-0.139045231533	-0.220594111311	-0.726820770218	0.0194266506915
ORG-27569	-0.233445660378	-0.335130194012	-0.405419315934	-0.20853705546	-0.0164845872469	-0.203290573025	0.233506274802
5-AMINOLEVULINIC-ACID	0.149916381371	0.178628680013	0.0383210155347	-0.269842696745	0.0077087837857	-0.35084655908	-0.154562196636
PENTYLENETETRAZOL	-0.293373326101	0.374121543142	-0.513774125824	0.174791149579	0.358545903403	0.191915728039	0.179082014701
EPZ005687	-0.745235316015	-0.351495884404	-0.129443955268	-0.100735841454	0.235301236645	-1.27898774196	-0.162132761129
CARIPRAZINE	-0.331958421217	-0.035320694253	-0.358780985031	-0.310703616807	-0.0183502010059	-0.544572948676	-0.405882526179
OLSALAZINE	0.340430123534	-0.272902602439	-0.20676402209	0.115125196356	0.452308849575	0.424862213026	-0.482873079688
BW-180C	-0.591033859792	-0.248320876482	-0.548347615451	-0.42754637993	-1.15138037005	-0.0844064438081	-0.3779309904
VILAZODONE	-0.762566381932	0.188964584685	-0.0730396425485	-0.263243005154	-0.0659484637495	0.60808304098	0.0559926896877
HA-966-(R)-(+)	-0.37117218893	-0.524593893022	-0.205318029711	-1.40191031732	-0.590460760904	0.0407824526613	-0.74142300078
THIOSTREPTON	-2.02076775987	0.129143644848	-2.06254099559	-2.44987772861	-3.63434449307	0.585570356736	-0.413290836704
RASAGILINE	-0.289299451654	-0.594991762423	-0.443440102717	-0.22237684394	-0.116147423871	-1.07299290504	-0.288215839395
HESPERADIN	-1.8926525446	-4.02884528878	-2.27808813686	-2.79610758794	-5.24323961707	-1.52633781741	-3.32309429164
BETAMETHASONE-DIPROPIONATE	0.284919996444	-0.767909974408	-0.842221988217	-0.0431959542035	-0.0632583194965	-0.226401297718	0.0195820813666
DAPAGLIFLOZIN	-0.0298425586987	0.1970899121	0.0113106309289	0.232420292348	-0.303715632965	0.809014533842	-0.542042982636
DOXIFLURIDINE	-0.759756891988	-1.06916651678	-0.381392045273	-0.465288454046		0.27024182229	0.0576174378755
METICRANE	0.19018815595	-0.280342488942	0.0479887848275	0.502980696365	-0.0393822315353	-0.0443687051609	1.25950453242
RO-90-7501	-0.150837741583	-0.0708686980759	0.0605086058838	0.10471900614	-0.229817637345	-0.457045750047	-0.160339472141
DY131	-0.696051237814	-0.54797489819	-0.116953270809	-0.192113183765	-0.286810768063	0.0650500269644	0.960568003767
AT13387	-2.58097634883	-3.73118588585	-5.87141331002	-2.68785396399	-6.47801216219	-2.23263870683	-4.17428280762
PALMATINE-CHLORIDE	0.328589393297	-1.41058434081	-0.103352866171	0.174177726607	0.377882407754	-0.248312051559	-0.222437856196
REPARIXIN	-0.461598934869	0.419867272038	-0.58506365684	-0.671316802675	-0.375146673646	-0.192176247432	0.370287198067
POTASSIUM-P-AMINOBENZOATE	0.29277692509	0.38912238483	0.0252556140674	0.220919713429	0.129783849926	0.299054999883	0.115842079744
TAK-875	0.079173367935	0.170267920558	-1.10180325625	-1.25377474734	-0.632138869499	-0.501946707792	-0.0328869008126
PAMIDRONATE	-0.0243954894274	0.362802433931	-0.062127022655	-0.322315915413	-0.619653618555	-0.57674135945	-0.650741176472
FK-866	-0.287895924195	-2.37957976045	-2.63794788326	-2.47414648463	-3.74239389567	-1.85210991467	-2.87514541868
K02288	0.118602828734	-0.729643031537	0.387756017234	-0.303663011586	0.332274207496	-0.40694097571	-0.683490370725
DEXFENFLURAMINE	-0.881365774129	0.16214320096	-0.0670292904189	0.142419584714	-0.23958954357	-0.0573492615974	0.267281461145
CRESOPIRINE	-0.221108057094	0.393264935419	0.160212565575	0.0169736402561	-0.159722760519	-0.0152670589609	-0.483436390573
EMODIN	-1.2636735693	-1.16809467702	-0.340732862745	-0.848355225853	-0.192724213056	0.220628409783	-1.38606299587
CIANIDANOL	-0.704171714423	0.200521061132	-0.143267493379	0.0799292187669	-0.170566299788	-0.515258098441	-0.189201785019
NMS-E973	1.8982986898	-2.26364882306	-2.51282549921	-4.07252277719	-4.55373198267	1.36398180805	-3.84890469381
AZD6482	-0.00765892386674	-0.326390467846	-0.937678171987	-0.380418333982	0.0834845688932	0.229887383901	0.759783815383
BENTIROMIDE	0.0156793384759	0.0202408005528	-0.690648078081	-0.443083626803	-0.103401502847	-0.612393848626	0.533057721013
2-THIOURACIL	0.287980371198	0.0719185744387	-0.274531333258	0.225985582917	0.17741195316	-0.443947877214	-0.370054045887
DIZOCILPINE-(+)	0.584199183142	0.481768788749	-0.0252855169434	0.339406483469	0.533273702372	0.496127792016	-0.681521068822
GLUTATHIONE-MONOISOPROPYL-ESTER	-0.647782585319	-0.117380466441	-0.0429741336364	0.0953276034402	-0.130851015125	-0.844964733723	0.292918700216
SUCRALOSE	-0.17009604301	-0.146057903233	-0.167468006058	-0.0027354736579	0.176996676702	0.343041457154	-0.430459501241
AM-24	0.0803830748098	-0.512902224212	-0.0788022530372	-0.0203745254446	-0.11745746634	-0.256048384808	-0.484750546208
ML161	0.0994770555869	-1.01463568389	-0.0083314672821	-0.489651747685	-0.300037357567	-0.505110269047	-0.189114058028
OXYBENZONE	-0.0576615221333	-0.256254298069	-0.23197214305	-0.107071711461	-0.293763584239	-0.335937683076	0.126932486081
FAROPENEM-MEDOXOMIL	-0.0557872702001	0.201530634253	-0.0704744831656	-0.309821738057	0.0320752312741	-0.147056558761	-0.66082803379
ACETYLCYSTEINE	0.0142976346481	-0.523965582278	-1.19440820961	-0.493630117557	-1.30481813251	-0.176638509365	-1.32904524516
ACETYLCYSTEINE	-0.379267109244	-0.159626145002	-0.147705545376	0.493123543499	0.0928379912938	0.325093467202	0.0871492523632
FOSAMPRENAVIR	-0.0434102203925	-0.394649793249	-0.45871909599	-0.497045406436	-0.170299591683	-1.04245245527	0.40845980297
AZ3146	0.543308621179	-1.88941964377	0.113178870022	1.36755306141	-1.682120114	1.21628213944	-1.23587290391
SB-216763	0.54618661049	0.289915197382	0.270309097028	0.445901371454	0.419880687751	-0.945680939314	0.2085221822
NAPROXEN	0.0170793867176	-0.218530273574	-0.532802989625	-0.591737302101	-0.391620734494	0.147543011389	0.349565690665
DBEQ	-0.2864766054	-0.740789327982	-0.0858855905401	-0.157515175148	-0.355369233622	0.0187421256919	-1.05607851516
LY2228820	0.29370796116	-0.25482774888	-0.118313823441	-0.350310255348	-0.216215268312	-0.558597846071	-0.33250573846
PROPENTOFYLLINE	-0.7871546792	-0.791660303027	-0.72952598023	-0.165638835748	-1.62860779145	-0.90459892541	0.0172315443328
CHRYSOPHANIC-ACID	0.398058406989	0.334802527488	0.113504524651	-0.6149743421	0.189897462733	-0.667727502633	-0.671792073573
MLN0128	-2.19833371267	-0.533692411539	-2.75483107215	-2.01197383761	-3.59807627258	-0.856885036184	-3.07284697253
DELANZOMIB	-3.4495757161	-1.10873092823	-2.35220206725	-3.13637966426	-5.45646703372	-1.44399475568	-3.90450074133
DELANZOMIB	-2.57355634314	-3.53915355069	-5.55399064226	-3.01252311309	-4.72528602809	-2.51450937159	-4.15392955354
LINOPIRDINE	-0.173885811856	0.381485709203	0.00600755967883	-0.236386507335	-0.634233761645	0.386188000175	0.175690897225
NIGULDIPINE-(S)-(+)	0.46809577756	-0.0269322703815	0.171609452351	0.590461682126	0.442955516618	-1.10992552597	0.144699766813
AH6809	-0.383868403238	-0.246448135542	-0.00770718043166	-0.0530768666652	-0.109363455723	-0.653169917891	0.489954234236
TOZASERTIB	1.28888492382	-1.94263330136	-0.0629460840427	-0.484166439693	-1.61100382281	-0.319496132922	-2.018480969
TARAFENACIN	0.530133963909	-0.299810406213	-0.119811993986	-0.358419502363	0.0746197579047	-1.0646084732	0.190230566165
AM-281	0.137820953133	0.0713728280642	-0.23530383651	-0.279204937795	-0.535869714547	0.476546566224	-0.325100195755
L-VALINE	-0.248820524069	-0.172427038085	0.295012447707	0.662355776237	0.421879793691	1.19924116209	0.0548217785223
	-0.248820524069	-0.172427038085	0.295012447707	0.662355776237	0.421879793691	1.19924116209	0.0548217785223
ICI-192605	-0.281822872643	0.095889095606	0.2153949281	0.000652039566496	0.351850734565	0.224282802541	0.0332461128996
TEDIZOLID	-0.324308056874	-1.50753937226	0.0744667204153	-0.714504810128	-0.805335606342	-0.616427681565	-0.613852975339
METHOTREXATE	0.00822867160486	-1.30778782872	0.0604684596352	-1.58311278603	-2.07957593401	-0.479247345065	-2.72313309573
TYRPHOSTIN-AG-879	0.120945519361	0.0579032834579	0.117977951642	-1.11375427351	0.104178091879	0.336521259393	0.166528114336
TARGININE	0.118364495592	-0.0828373688873	-0.679079968443	-0.000713873153926	0.270377785545	-0.397841023897	-0.177466365382
PIPERINE	-0.60826863789	-0.308768141793	0.12665805813	-0.277743911551		-0.235369405871	0.121342710644
PIPERINE	-0.14967089721	0.0524264381837	0.00760387691149	-0.772205491415	-0.10210227391	0.608037351535	-0.148729102963
MARIBAVIR	0.0250510710205	0.249299463814	-0.316589516398	0.190141338525	0.293806291373	-0.225773507743	-0.913580265003
S-SULFO-L-CYSTEINE	0.126150097304	-0.637983156917	0.12756239323	-0.384624140175	-0.1312997123	-0.566671638151	0.53085875115
	0.126150097304	-0.637983156917	0.12756239323	-0.384624140175	-0.1312997123	-0.566671638151	0.53085875115
UBENIMEX	-0.491199756954	-0.311787518513	0.235887189905	-0.625788767861	-0.287928551518	-0.2011151367	-0.144478263338
PHENOTHIAZINE	-0.162641402121	-0.675729452198	-0.327895813981	-0.263726850533	-0.833753956365	-0.896556362969	-1.01175281756
QUINIDINE	-1.04779385035	-0.449348580696	-0.454910044211	-0.808144158968	-0.177898252173	-0.974684161929	-1.56353017388
LEVOCARNITINE	-0.171422604459	-0.339074721035	0.134282859594	0.0106851956769		-0.419109144308	-1.09330055166
PASIREOTIDE	0.621752629737	0.0809712399835	0.0299323610942	-0.166898912712	0.440195272986	0.0646904015976	-0.0827744792344
PHT-427	-0.36230060234	-0.315649767435	-0.12116131122	-0.264112184247	-0.624232834211	-1.69666854863	-0.0565415236016
LDN-212854	-1.05440637902	-3.60974463924	-1.35518073049	-3.11336649199	-3.82246583234	-1.63950304566	-4.24672876281
FPL-62064	-0.304751483518	-0.301580073205	0.0280935332808	0.251324368863	-0.531602006052	0.0513434714224	-0.2102252719
CB-10-277	0.0752112275763	-0.155580847472	0.0471088997895	0.086024381307	-0.610170080096	0.225228198376	-0.557347054435
SULFABENZAMIDE	0.285810878239	0.0127212991738	-0.193767093278	1.02118295837	-0.291185271718		0.749835538532
AMINOLEVULINIC-ACID-BENZYL-ESTER	0.449633414444	-0.410285721534	-0.0955643242371	0.0706242758225	0.388744352653	0.588173456965	-1.29820443857
S-111	0.4848607431	-0.0555081258767	-0.0827003622554	0.192359874775	0.195071553818	0.481249197978	0.0677207126999
CRYSTAL-VIOLET	-0.519266884707	-2.57436688418	-2.60402063507	-2.77367376197	-5.13937332394	-2.64759925297	-2.58590040973
L-NIL	-0.189704492805	-0.19962852883	0.145497184602	0.189316338008	-0.487954575109	-0.487248003507	0.281928894464
IRBESARTAN	0.418615913355	-0.0906868200793	-0.358579273595	0.267717563186	0.308149409423	0.0563711319193	0.910695733062
N-METHYLLIDOCAINE-IODIDE	0.558669713947	0.13471121704	0.223612107566	0.43703572634	-0.0510759573315	0.528891083035	0.526605600946
ALIBENDOL	0.539168080042	0.332484752515	-0.150009225575	-0.397149778961	0.135823459104	-0.633740614996	-0.705199665654
N6-CYCLOPENTYLADENOSINE	0.333601747999	0.05365262822	-0.0415024948877	-0.373177388904	0.10720322199	0.186358849154	-0.339326800136
TIAGABINE	0.600615612058	-0.17261528173	0.298656115604	-0.358522774691	-0.719596571195	-0.0299397151232	0.614168360358
TYRPHOSTIN-AG-99	-0.6935197211	-0.243828543486	-0.467894481918	-0.861020075253	0.271389512901	-0.344907534905	0.182685274709
NERIDRONIC-ACID	0.202897013478	0.471379602276	-0.179398124092	-0.434827131404	-0.929072934156	-0.190601029081	-0.338983426574
MG-132	-2.35418488882	-3.68516354113	-5.48958927865	-2.26101440043	-2.58530178596	-2.97011059096	-3.49921991651
NIACIN	-0.443619575267	0.104012759978	-0.46217717778	-0.36476227996	-0.270249969093	0.487180747075	-0.333234869076
CARGLUMIC-ACID	0.263107224185	-0.367922508216	0.321149016285	0.517767910582	-0.370560980294	-0.122277677609	-0.209032694358
5,7-DICHLOROKYNURENIC-ACID	-0.53731552633	-0.271132161345	-0.364761684801	-0.755942027378	-0.508774967547	-0.111191290206	-0.787931649356
GSK1292263	-0.666987426726	-0.721272095571	-0.182585117075	0.365119267091	-0.578291553829	-0.14261337655	-1.09657801972
BRILLIANT-GREEN	-3.0942020495	-4.14924772418	-2.37637587178	-3.69430100458	-6.38172347526	-3.39621857216	-4.05269018938
RIBAVIRIN	-1.63982323214	-1.00232744597	0.283873684484	0.339129600838	-1.11569833947	-1.18884266405	-0.543453470432
MUSCIMOL	-0.328823453658	-0.26575689506	0.113630844199	0.300761333006	0.058509670789	-0.675559231987	-0.514275820654
CHLORMIDAZOLE	-0.489751138538	-1.84991474793	0.0203216131152	-0.249130439868		0.485512659957	-0.531127441518
ONX-0914	-2.45773064879	-4.10248934805	-2.45226933822	-2.94646359533	-3.2489458643	-3.38379093556	-3.54130901943
PRAVASTATIN	0.23734196886	-0.0568660360331	0.190228195216	0.295390783179	-0.204897456095	0.597545616469	0.243633708042
DIMPYLATE	-1.21508478322	0.314114873485	-0.331576655298	-0.326619691256	-0.261286015688	0.613546382754	0.520538423903
PARICALCITOL	-0.238420176259	-0.186162620277	0.23719526915	0.0459889397228	-0.876498048311	-1.03542022646	-0.588648757556
MOMETASONE-FUROATE	0.712474503726	-0.348574954239	-0.136424588414	0.215104857254	0.284568378179	-0.755935914574	-0.217316981392
MPEP	0.0955725345961	0.3890487897	0.113764485775	-0.0018785633682	-0.00813806461382	0.689722764292	0.584964764057
PERGOLIDE	-0.234801408612	-0.141173222541	-0.200396786506	0.413428637815	-0.192794738503	0.362413755702	-0.89355564487
IDELALISIB	0.201197456318	-0.27479404322	-0.712908994941	-0.393441987652	-0.126453521	0.412728687142	-0.0935048257564
ADIPHENINE	-0.560357170035	0.1102975244	-0.133531398273	0.202818584983	0.217596848771	1.07745773493	0.559563390116
ETOSALAMIDE	-0.113762799015	0.448519416241	0.0764489443912	1.08190512288	-0.454766574498	0.157883121355	0.453821754846
LAQUINIMOD	-0.158717913406	0.156720188357	0.224643377573	0.277224185992	-0.261399033641	1.05836196321	-0.837195173084
PD-166793	0.308408083813	0.0332678758715	-0.11974786581	0.494659414278	-0.238857243393	0.636231892738	-0.0684783907152
PHA-848125	-0.22093779518	-3.19609045795	-1.31878918184	-0.867419504676	-1.89145271498	-2.39938449106	-3.55362749725
NEOHESPERIDIN-DIHYDROCHALCONE	-0.0363957404223	0.552336104619	-0.0757405127136	-0.337812278145	-0.277912432096	0.0396203560099	0.645699973311
RUCINOL	0.191275972696	0.16796696223	0.0112028894424	0.251238674346	0.319497840914	-0.584390862607	-0.451060381534
SB-218795	-0.110894368039	-0.920370816733	-0.0640702145839	-0.216914662044	-0.224058740069	0.280210898912	-1.67024530663
MDIVI-1	0.0323654192884	0.455933262931	0.0110310398622	0.393554150907	0.363432753781	1.18568721369	-0.0492992806443
NBI-27914	0.0574463913572	0.228541193331	0.0172803964593	0.292123994724	-0.301048980102	-0.999274955008	0.443978642871
CAPECITABINE	-0.348230742361	0.610680328995	0.340066053588	0.256660728815	-0.249943395711	0.635583722166	-0.484485213092
CAPECITABINE	0.972901485971	0.146067628031	-0.280755249971	0.0425731948707	-0.450048032013	-0.237777745755	-0.162034994793
COMBRETASTATIN-A-4	-3.03662668385	-2.47895053221	-2.0338537772	-2.60852467686	-5.47023016987	-2.07376064018	-4.29978402415
SGI-1027	-1.78484065606	-0.237147488846	0.812121619561	-2.53330355346	-1.40416225438	0.641346515176	-1.98177413879
TIRATRICOL	0.01398393243	0.278855777345	-0.429230741965	0.0325979008822	0.312400185584	0.558531734371	0.260470878171
ESLICARBAZEPINE-ACETATE	0.153187426399	-0.320665612927	-0.0484866611061	-0.221205111053	-0.144408883887	0.772300616313	0.483106965517
FPH1-(BRD-6125)	-0.873760499768	-0.626695169272	-0.802121466599	-0.978949786948	-1.6006749442	0.154303302745	-0.337808636142
LOPERAMIDE	-0.110776460162	0.0143450220666	-0.183911432083	-0.389568223091	-0.965343780465	-0.964024751996	-1.73556086971
DAPHNETIN	0.146561299052	0.329329828457	-0.195110531712	0.158926744174	-0.284446345248	0.296440616899	-0.837369861192
OXALOACETATE	-0.326585151427	0.791953540815	-0.112882387418	0.0981333725091	-0.0138936910346	-0.0245742282869	-0.744057673351
BLEBBISTATIN-(-)	-0.435962570957	-0.330175690891	0.0595939182332	-0.539290175931	-0.245750858308	0.306301370003	-0.5469665803
ENDO-IWR-1	-1.09373631925	0.920327426447	-0.325766766648	-0.492243441199	-0.0117054322764	0.104303290109	-1.37692840826
ENDO-IWR-1	0.376907582665	1.49395093591	-0.187043515908	0.161110116898	0.587551169012	-0.305263653328	0.223951722029
SB-225002	1.35774366431	-0.722724893934	0.314646720382	-1.6942805453	-1.86609870926	1.57460007451	-1.49949726624
NARATRIPTAN	0.681923688298	0.501928189309	-0.208097084254	0.629171354506	0.141364157386	1.0072759919	0.148304668378
ROMIDEPSIN	-3.16359033103	-4.00622028318	-6.53398218077	-3.53417024859	-6.66449000672	-3.72532304786	-4.47479923864
ESOMEPRAZOLE	-0.268298498016	-0.748626156597	-0.264311666397	-0.536802955657	0.0838555080839	-0.72287664873	-0.402507042854
THIOMERSAL	-0.0206969994332	-1.01477529929	-2.25647642128	-2.54746283851	-2.14549695027	1.60891413757	-2.51234634405
EMTRICITABINE	0.708359896368	0.1024783984	-0.0313485399036	-0.484857707459	0.160874884977	0.646384226112	0.0368622229964
FLUMETHASONE	0.230952616571	-0.444094127713	-0.243946987915	0.31697858381	0.375721037437	-1.63334821219	-0.255257749712
SB-366791	-1.9435236614	-0.730947122214	-0.71542682118	0.602054924408	-1.84295811128	-0.0164853896036	-1.64364534415
RESATORVID	0.211434339765	0.590876836234	-0.345705171199	-0.939994669384	-0.322728861304	-0.106507257947	-1.53465819427
3-CARBOXY-4-HYDROXYPHENYLGLYCINE-(S)	0.568654688298	0.204297096988	0.148991447906	0.0507466192252	0.0262770180407	-0.199928478503	-0.466167854543
FERB-033	-0.472206663203	0.268661027508	0.261822918393	-0.754134145298	0.244987210064	1.3275961658	0.999470612931
BYK-204165	-0.471565695999	0.0341029542417	-0.467067088606	0.00787183847445	-0.226529522942	-1.08083127404	-0.436684248291
RGFP966	0.151162676163	0.779346861917	0.240203000866	-0.151039159831	0.585017374897	1.49199405773	-0.014761935782
PF-03084014	0.20934511855	0.15326850524	-0.56570240187	-0.0647323067756	-0.0846135379992	-0.61380758707	-0.230870896044
PYRAZINOYLGUANIDINE	-0.156767437967	-0.865287784846	0.110431551407	0.376144937185	-0.00230002838165	-0.950003261422	-1.05454929382
FLEROXACIN	-0.356472730152	0.396995875685	-0.00805126399642	0.143151947382	0.182070729149	0.114051773179	-0.519701218422
FLEROXACIN	-0.0665969044512	-0.92254042483	-1.09511609137	-0.337667472772		-0.147461553581	-0.400684483249
2,3-DCPE	0.525448432193	-0.393520187759	0.780902750195	-1.20300738265	-2.12645389968	0.845430723785	-0.893982055307
CHLORINDIONE	0.228021485845	-0.102829377305	0.150814235161	-0.344301928203	-0.279544325913	-0.0232680930148	0.584862767742
TENOFOVIR-DISOPROXIL	-0.231493935083	0.529969244232	0.371009838828	0.0678291230939	-0.418024459684	-0.631868025952	0.427413225611
AS-1949490	-0.392116212589	0.118160812643	0.309195665342	0.298406171349	0.000967210136029	0.0142666963625	-0.176362702574
DOCONEXENT-ETHYL-ESTER	-0.372839957647	-0.134518904726	-0.277430826612	-0.623471947009	0.245623178801	-0.362229837343	-1.55014035288
FG-7142	-0.428665859467	0.347510484813	0.0323935644745	0.486271829254	0.366030208923	0.649231623734	-0.448539832631
MOXIDECTIN	0.0452341954279	-0.0462796023368	0.30443296841	0.861546250962	0.319334981296	-0.477366277319	-0.69264476238
PACLITAXEL	-0.879694433139	-2.44678047411	-4.6611783823	-1.76026752232	-3.86674462824	-0.0232694575816	-2.53863949154
ACITRETIN	0.36652143562	0.126459595514	-0.0351226319871	-0.306572154066	0.0349623611343	0.510811801313	0.483465307021
N-METHYLQUIPAZINE	-0.237684218714	0.217800439196	0.180411116373	-0.381353341596	0.266176282851	-0.240509412487	0.0797582766329
HYDROXYSTILBAMIDINE	-0.0389456678276	0.199534275368	-0.296872715291	-0.279534044439	0.553326643206	-0.206512159596	-0.19374015082
AVN-944	0.00230777767745	-1.27860117401	-0.0122875417388	0.210330686224	-1.13441958573	0.962028352229	0.129748755578
ANAGRELIDE	0.815931132727	0.35040497605	0.0435116656988	-1.4648320029	-0.0507994506704	-0.0897629282796	0.330491848238
DIHYDROARTEMISININ	-0.445140394097	-0.844474459767	0.447838251497	0.217897109678	0.112458717575	0.572932700786	-0.595207437712
PYM50028	-0.675070491643	0.11096825663	-0.362662201979	0.0687752119887	-1.15628235234	-0.408290858489	-1.00257016455
DEFOROLIMUS	-0.4818836085	-1.363393163	0.101476496474	0.535398097739		1.24947503383	-0.81980998273
FLUTICASONE-PROPIONATE	1.10433697636	-0.638624089295	-0.275277275257	0.33470839673	0.472081473485	-0.163973370143	-1.00285715396
DICHLOROPHEN	0.305948265417	-0.340473365524	-0.297952984726	-0.381985124767	-0.784514058212	0.141814482609	-1.45904667714
(R)-BACLOFEN	-0.32219207987	0.267131187206	-0.332411140778	0.0479653326469	0.459230500362	0.261327379844	-0.193254054325
	-0.32219207987	0.267131187206	-0.332411140778	0.0479653326469	0.459230500362	0.261327379844	-0.193254054325
DAPSONE	0.0657141994152	0.546263027867	0.0687952141739	0.10396044061	0.0675216982353	0.921629485889	0.594602470789
RUFLOXACIN	0.0517501691094	0.630378263508	0.175657438749	0.406636404309	0.621960732351	0.603007882745	0.544794120167
BASIMGLURANT	0.204406512908	-0.640685729168	0.263259207857	0.730405346381	-0.321477860217	-0.590102400916	0.230352347263
VENETOCLAX	1.14342816922	-1.31337940792	-0.396853198774	0.385627697341	0.157462173727	-0.269859936899	-1.46588475125
LERISETRON	0.188637977739	0.638685408962	0.15231541057	0.136021657398	-0.0599556170319	0.132138865319	-0.167326075014
PARA-TOLUENESULFONAMIDE	-0.196051411159	0.358391065301	0.128844311289	-0.111276167364	0.103147057438	-0.504411237951	0.117600981815
NMDA	0.793747999925	-0.518917603181	-0.307900708232	-0.319462319072	-0.0484954604646	-0.0256943153219	-0.916448979212
AS-77	0.817213474295	0.377902609129	0.494974683096	0.247385936889	0.0538214271554	0.156891270052	-0.50585502488
PD-128907	-0.16902237198	0.280529082159	-0.0188466896688	-0.0658311067427	-0.786410782754	0.953359479479	0.617626823046
4-IBP	-0.562009029058	-0.274237180861	0.0610241864628	0.0592816686077	-0.177419666833	-0.192711608582	-0.672824058376
SR-2640	-0.0762415996099	0.101575145105	-0.364331060907	-0.297185335516	-1.32453390534	0.39964723873	-0.18246637181
3-MPPI	-0.450125681484	-0.372886866226	-0.35500437483	-0.0161889918335	-0.0481212466969	0.30474910983	-0.494369056692
GR125487	0.102114509743	-0.728959932765	0.0319123021729	-0.024285366485	-0.352497966892	-0.538833630655	-0.789334471077
AZTREONAM	-0.679514029988	-0.720992515703	-0.387298061856	-0.730727313641		-0.0718529390896	-0.737451335499
SRPIN340	-0.296669218512	0.113749878989	-0.274036780714	0.475417567117	-0.00374804012659	0.110351350808	0.407685726817
IDASANUTLIN	1.32864877869	0.0637308334106	0.457599699649	0.0687262449955	-0.223915408796	0.0620275560661	-0.313808855677
GUANETHIDINE	0.541146707838	-0.880648292398	-0.165700514578	-0.284923683163	-0.0861566779014	0.701066665671	0.270499330291
TRIPTORELIN	0.904069303053	0.0599565689081	0.108445062818	-0.0745671837536	0.263680167888	-1.18518739481	-0.819123142343
G-1	0.557414541499	-2.98059045677	-0.754135649082	-0.796758515495	-2.01624677817	0.995727701736	-2.74195880262
ARGLABIN	1.12206320977	-0.123385432377	0.054582347109	0.366862538754	-0.217806759622	-1.17677670565	-0.439877718044
GUANABEN-ACETATE	-0.339674932598	0.70765792101	0.0999085018825	-0.389085864481	-0.296566824323	-0.286737821511	-1.40336164921
GUANABEN-ACETATE	0.136016012534	0.0387229100244	0.299638248792	-0.72164477552	0.415398824689	0.243894415566	0.0538800749988
GABAPENTIN	0.11422334706	-0.125070610186	0.591536421103	0.697453374121	0.0717939404327	0.199527339591	0.594655713921
RU-58841	-1.17687345213	-0.501337475919	0.354160404494	0.352859855202	-0.932403261893	0.203531480184	-0.00222348568089
CHOLECALCIFEROL	-0.221642367851	-0.0551636828093	0.770607668661	0.604862326933	-0.340644071986	0.0768785341842	0.113556084607
TIOTROPIUM	-0.114005760693	0.0531465522013	-0.218832572309	0.115221386601	0.454466348083	0.0885977237657	-0.567268287391
PD-98059	0.55598201165	-0.549674934926	-0.603069401505	0.16543502438	-0.846000290243	-0.865412381819	-1.24001476024
BMS-265246	-0.287988967777	-2.0264413374	-2.01879084541	-0.0836982800809	-1.19847298235	0.156090191735	-1.00544684713
LOMERIZINE	0.123356299757	0.120815858009	0.152779677176	-0.285432594239	0.363660590397	0.595323528726	0.227397626936
6-BENZYLAMINOPURINE	-0.159429595674	0.730175471312	0.248788644691	0.117808271684	0.459554033905	0.760321234224	0.0393989970981
TIPIFARNIB	1.46092814893	-0.360808766685	-0.107839321196	-1.15867110748	-0.594607297295	0.196697680427	-1.28928485489
LIDOFLAZINE	0.132444902072	0.430863409044	0.16845288174	0.645809155915	0.269704818477	0.559016676884	-0.0472737691357
ORBIFLOXACIN	0.375977422391	0.373855127299	-0.286711974345	0.606828253451	0.683558634934	0.416942261505	-0.395018117526
ORBIFLOXACIN	-0.49245986246	0.0784932212951	0.281442756071	0.309177571892		0.0439233080292	0.435629023841
ZSTK-474	-1.83052666039	-1.78351393546	-1.55316929952	0.294123450368	-0.942585976182	-0.880244688197	-1.62896329356
S-METHYLCYSTEINE	0.0747194951446	0.332301822799	-0.201675411108	0.112426080074	-0.218084852928	-0.014680039966	-0.274853480919
EPINEPHRINE	0.074614933699	-0.171598261555	-0.120807794223	-0.185349757281	-0.107118901389	0.440817123263	-1.29819242792
JTE-907	0.227605713736	-0.493980986133	0.0362401286403	-0.321325876328	-0.743617148433	-0.844815892897	-0.427148054428
MNITMT	0.141229356174	-0.893777455641	-0.265070835445	-1.02712704886	-0.417734683615	0.0821740080586	-0.294888066944
NORCYCLOBENZAPRINE	0.263245072328	0.0827695119287	-0.0265969512297	0.968635317072	-0.0717116790556	0.192340569701	0.206733482812
U-0124	-0.763778008233	0.6539964181	0.0445562147929	0.22008984735	-0.604290588835	-0.866616539269	-0.130218857133
TELOTRISTAT	-0.799761446072	-0.726595377921	-0.543874378027	-1.26739839294	-1.22506297545	-0.362880056253	-1.3975327946
ORLISTAT	-1.05616348216	-0.15003813672	-0.215990013462	-0.652476687841	-0.1703872629	0.0655558368114	-0.0760951103461
METHOXSALEN		-0.0354536905195	-0.198005566422	0.186519706952	0.147528824452	0.682797299796	-0.558447441225
SEMAXANIB	-1.66965973329	-0.236913729883	-0.428790786641	-0.255945373403	-0.726445636471	0.256413142852	-0.560050215207
T-0156	0.217655957479	0.211365126289	-0.317978738169	0.275914377204	0.37177116364	0.766576170727	0.40649305668
AM-630	0.569187685278	0.102434003657	-0.12167657256	-0.0544347728923	0.239899236953	1.12697827741	0.171563238973
ERYTHROMYCIN	0.100070083059	-0.0216906079537	0.0991274623648	0.317818682326	0.2255167104	0.177637075047	1.1406631732
ERYTHROMYCIN	0.439149578886	-0.0934284436252	-0.102114198553	-0.176831842978	-0.10840741054	0.293159268983	-0.344369903582
ETACRYNIC-ACID	0.032025890588	0.199435809763	0.194280730162	0.211731310534	0.0877824725123	1.38750954286	0.195256557549
TRIFLUPROMAZINE	0.166744535374	-0.0540989368753	0.0650243807463	1.00412765225	-0.150719659554	0.516001539971	0.289969658727
TEMOPORFIN	-0.0710324363642	-0.541026556253	-0.111273772757	-0.295422024942	-0.288542621299	0.537213214538	-0.0805329104609
ACIPIMOX	-0.86907944606	-0.941336574849	-0.675784681265	-0.453404925877	-0.766674431504	-1.56601163434	-0.671354109124
MYCOPHENOLIC-ACID	0.386538218869	-1.84115990426	-0.289576122762	0.537063761937	-0.743444851142	0.941046199243	-0.664935583264
10-HYDROXYCAMPTOTHECIN	-2.13001969696	-3.4013280029	-6.21563623724	-3.13299000256	-6.09711679528	-0.666357237534	-3.40304115085
ARECAIDINE-BUT-2-YNYL-ESTER	0.0312342368445	0.466971853134	0.10457551892	0.180987709194	-0.132773580267	0.149387742286	0.61489082724
SITAXENTAN	-0.162901757431	-0.743015817855	-0.538185276842	-0.800756048072	-0.418344183584	-0.29444367849	-0.0865791572191
RALOXIFENE	-0.633004235669	-0.086418321738	-0.323583383725	-0.402364237543	-0.0521091410237	0.751802102892	-1.11156905456
MOLSIDOMINE	-0.321892622102	0.45946832354	-0.237882332419	0.0479815629154	0.149928132106	-0.61889694883	0.136522586013
THIOPERAMIDE	-1.06439735168	-0.603173277988	-0.168646995077	0.126205576246	0.267104555194	0.155044555841	-0.258055905267
AS-604850	-0.605552941985	0.0460473178828	-0.092454745933	-0.474310832716	-0.469247008321	0.0586644857698	0.55938661519
APTIGANEL	-0.0909266933115	-0.562694616348	-0.316717414902	0.405842037637	-0.240882429647	0.291805800969	-1.26985632542
BARASERTIB-HQPA	0.494278625989	-1.18955488546	-1.03052742818	-1.06217720108	-1.20416215991	-0.029180569972	-3.6945428413
2'-MECCPA	0.223115849287	0.324505738081	-0.203863569866	0.276837187164	-0.120849357521	-0.142689639742	0.0576248863934
GEFITINIB	-2.03006869866	-0.223494635304	-0.806087827513	-0.0640290080377	0.625577597462	-0.318009058746	-0.578343969523
EPOPROSTENOL	0.223995790488	0.70995899814	-0.134884800106	0.0965533815598	-0.341089088201	0.803871466966	-0.633087678309
2-METHYL-5-HYDROXYTRYPTAMINE	-0.655779266205	-0.624355680164	-0.479796790751	0.0408496985299	-0.862292212081	-0.482526964909	0.35239052751
ZD-2079	-0.788936021703	-0.0170034070951	-0.417259203936	-0.0551346279179	0.573573424581	-1.28680360981	-0.104110113236
BTS	0.321545300103	0.239104770174	-0.0656381657567	0.493863289351	0.483784856211	0.404129680897	0.510184328736
CBS,-N-CYCLOHEXYL-2-BENZOTHIAZOLESULFENAMIDE	0.156029519531	0.0427731442659	0.102810224147	0.600155766908	0.105680880146	1.13145816737	0.172278897696
	0.156029519531	0.0427731442659	0.102810224147	0.600155766908	0.105680880146	1.13145816737	0.172278897696
MILACEMIDE	-0.800215547047	-0.085304110637	0.0350811350266	-0.189195701542	0.00782243403237	-0.518932672389	-0.344036261437
CFM-1571	0.191747813501	-0.0991637793655	-0.426206619712	0.109638734711	-0.722977324381	0.11356102331	0.852315651144
ULIPRISTAL	0.165419565507	-0.49817639172	0.0484597047416	-0.0960743316799	-0.725363802671	-0.0597375149318	-0.469732265731
DNQX	0.00153525073956	-0.459874926922	0.398902565862	-0.670118602265	-0.382647467307	0.0113310317266	-0.0609327493591
N-ALPHA-METHYLHISTAMINE-DIHYDROCHLORIDE	0.217209797444	-0.0223398392042	-0.453019199989	-0.77368996689	-0.366025320035	-0.196029180853	-0.0990394055396
TOLTRAZURIL	0.145750677233	0.392250586853	0.225530388186	0.0244765444796	0.3807414603	0.607760530022	-0.212233791353
RO-4987655	1.19682852565	0.350786985116	-2.29575072266	-1.85777076839	-0.375405002902	-1.71460242129	-2.31612050096
ZOTEPINE	0.00368567786825	-0.297747719548	-0.30575634736	0.304519771083	0.294430879383	-0.203140961265	0.132099705954
SALICIN	-0.0262471482493	-0.183254822354	-0.450351209126	0.392501469944	0.0445870276992	-1.37459551553	-0.749554932363
D-ALPHA-TOCOPHERYL-SUCCINATE	0.232570784024	-0.0335224330679	-0.387071176698	0.22578250404	-0.295543668726	0.496835318528	-0.718443184652
PHTHALYLSULFATHIAZOLE	0.133630359815	0.157933843003	-0.35234432255	0.0256047765448	0.130788625581	-0.879787924135	-0.108078967281
NEDOCROMIL	-0.0413000682755	-0.555929264841	-0.0101967328038	0.455293175272	-0.0836630262154	0.282768689415	-0.295810891955
ETAZOLATE	-0.247368390548	-1.01409581185	0.204414191516	-0.367140206867	-0.316497161373	0.138902562174	-0.526085788756
TG100-115	-0.509301387088	0.0258938483215	0.26148113282	-0.17444997558	-0.0132269828002	-0.264829121699	0.555342016262
PHA-793887	0.114083224766	-2.03928137409	-2.01013348905	-2.48877860276	-4.10257060832	0.531418414467	-5.16669813913
ML167	0.0429886620965	-0.00327578697818	-0.00783557318193	0.389836437594	0.218686882542	-0.407702825719	0.167754002305
DIPRAGLURANT	-0.33723326039	-0.169360671631	-0.45637095001	-0.626949451851	-0.0687527869081	-0.56465978227	0.208689821544
CYC116	-0.261359549959	-1.35327311927	-2.94043999293	-0.367479743944	-2.70391573523	-0.1874005384	-3.32060685101
NSC-4644	0.505797250988	-0.337246949204	-0.342299644509	0.372396321407	0.111126367373	0.799286120352	-0.887435144285
ISPINESIB	-0.488808611279	-3.31250377359	-0.99300546529	-0.828331384135	-2.23458030258	-2.55423495727	-2.57088475391
AZ960	0.233819717296	-0.637381156317	0.135495760654	-0.608041157166	-1.38513281223	-2.15065731622	-3.08458159229
BI-2536	0.0247842003593	-3.68473707786	-0.318934411999	-3.6423743635	-2.17910287036	-2.16288871368	-2.64851158065
AMG-232	-0.383810054461	-1.02993051837	-0.172042910284	-0.676223244712	-0.628666567105	-0.14808707944	0.100123355372
AMINOCAPROIC-ACID	-0.641596541686	0.810841337351	0.255517406536	0.0470435138682	-0.0588168506583	-0.162758448516	0.881551899044
SCOPOLAMINE	0.228052881514	0.291134840637	-0.343595840478	0.112953596678	0.209338187367	-0.694673065052	-0.609187215659
APOCYNIN	-0.210511668844	0.564488934598	-0.21323400117	1.01532384306	0.444061150665	-0.260543188374	0.037671858727
PROGESTERONE	-0.744984926368	-0.0747359295136	0.222358818237	-0.332561012147	0.00806068936528	0.604937575972	-0.711888597639
NABUMETONE	-0.37451189613	-0.803057281542	-0.177827480511	-0.624942490531		0.249521681794	-0.548653999668
APREPITANT	0.661086657256	-0.364673378021	-0.339302747351	-0.570781988038	-0.487023210201	0.848799408713	-0.659462791382
NPC-15199	0.475877916279	0.201126507018	-0.138725672325	-0.429528142233	0.0889344273231	-0.271997817406	0.00509250815494
GP1A	0.919189608986	-0.607078019603	-0.333087563198	-0.297786746114	-0.0139672262388	-0.18742266109	0.695521899736
EGLUMETAD	-0.442364339855	-0.270006842153	-0.361111398494	-0.0651087460507		-0.202880268944	0.0570162644736
7-AMINOCEPHALOSPORANIC-ACID	-0.8960518939	-0.662724646417	-0.984525695727	-0.389221277143	-1.99962302831	-0.454893386909	-0.185224862407
MEPRYLCAINE	-0.397732365927	0.284952190407	-0.0819253883714	0.478880196049	0.555582459543	0.794223674623	-1.01576800382
CORDYCEPIN	-1.05829197852	0.235659462347	0.117182746069	-0.130492815564	0.797162581437	0.378042685009	-0.626901508228
CCT018159	0.617416548141	0.32574122537	0.31081801845	0.527717894457	0.551220633503	-0.46041025837	0.216408412596
CILAZAPRIL	0.561950439782	0.538745499025	-0.260613161338	0.210236813147	-0.000398028445176	0.410769592296	-0.272198573991
4-AMINOHIPPURIC-ACID	0.25375067761	0.366799510417	0.0235453340197	-0.141800001188	0.613113995631	0.35416112627	0.535463380109
ICARIIN	0.346497748142	-0.197390563429	-0.0293717343857	0.158370140554	-0.617065025366	-0.114250286843	0.169164591222
KINETIN	0.544438873832	0.30534593529	0.39551464328	0.537183690539	0.56499796877	0.659265121418	-0.10820955732
NEFIRACETAM	0.875118522546	-0.346524844515	-0.78383849942	0.297832630229	-0.527136711035	-0.600834219566	-0.698525350797
EXIFONE	0.0954954026145	-0.392323248602	0.00555764087285	-0.384430491131	-0.335241225063	-0.618506814751	-0.0383683602616
AVANAFIL	-0.937702998731	-1.7104644206	-0.895273780762	-2.02678392788	-2.14341557694	0.0532899635793	-2.57963045315
CGP-7930	0.21179797094	-0.16449837331	-0.36101092478	0.829339048187	-0.0949831857892	-0.696691459392	-0.140450706464
DIPHENYLENEIODONIUM	-1.01237092908	-2.26282902243	-0.579034297254	-0.905333717398	-3.46360357738	0.479911863161	-2.77675491322
SDZ-NKT-343	0.665093845786	0.280468757835	0.251007119953	0.112230644909	-0.0329043698962	0.826211868618	0.157981937869
(S)-(+)-ROLIPRAM	-0.926701454644	0.402012076029	0.260041235405	-0.0226360905533	0.136717834834	-0.0132001184867	-0.314631108729
	-0.926701454644	0.402012076029	0.260041235405	-0.0226360905533	0.136717834834	-0.0132001184867	-0.314631108729
HALOBETASOL-PROPIONATE	0.206532752605	-0.440041307704	-0.601503681332	1.05964715359	-0.115037794327	-0.440058587708	-0.199550753216
SSR128129E	-0.506512171338	0.0620075137678	0.21696271748	1.00371293927	-0.0921317278974	-0.0562727341485	0.459684844237
TANDOSPIRONE	-0.136160874144	-0.264270140378	-0.0862108280139	-0.289869634426	-0.236121151857	-0.440087137416	0.103822090479
SERDEMETAN	0.0648838062803	-2.99714630244	-0.961049116742	-0.986145269976	-1.56209047044	1.58043161456	-1.7320400728
AZD1480	-0.316463850362	-0.642125434937	-0.433952467493	0.348169592634	-1.54195306594	0.78612704982	0.124409324204
SB-705498	-0.213717426221	0.09396515152	0.317373545835	-1.23480785286	-0.413480692773	-0.389972940516	-1.09996485988
PIRENOXINE	-0.173462184943	0.532817394996	0.125421701327	0.573016421403	-0.0249849245749	0.674111605556	0.518158884401
SALIDROSIDE	0.572704198938	-0.145629469366	-0.456323096742	-0.586809607784	-0.572820465055	-0.324881543741	-0.943271860629
SORBITOL	0.08267520127	0.322334270006	0.22184761421	0.0944829674737	-0.0692723969103	0.369826030465	1.03601021782
FGIN-1-43	-0.458432196424	0.240937549986	-0.371457536197	-0.261052305642	0.0175535829085	0.314107842847	0.399614841773
CPP	-0.864932383119	0.168273725106	-0.102513738926	-0.178346890207		-0.153928145501	0.945244782317
TMC-353121	0.165707577603	-0.480560245132	-0.381757766677	-0.554203120937	-0.359212093361	-0.278997516355	-0.402302732672
AFATINIB	-1.01849466756	-0.316548413487	0.0763887919092	0.911364850545	-0.0509535753195	0.491098300505	-0.794988422662
CINROMIDE	-1.01031944915	0.163621044437	0.188553953637	-0.867107536958	-0.120605979622	-0.705460965061	0.67211244145
FLUVASTATIN	-0.317851533474	-2.76157866284	-4.91087361018	-2.59435123237		2.61210356905	-2.98379826959
ZOXAZOLAMINE	0.384248521885	0.155947747309	-0.187079447552	0.118956923212	-0.359494794184	0.375447483918	-0.700453432088
NALBUPHINE	0.0381359602719	-1.67402172815	-0.189416644103	-0.490946048766	-0.284066476981	-0.620006006548	-0.770524904168
PAZUFLOXACIN	-0.599371837108	-0.403837134043	-0.204191772356	-0.0622661852751	-0.0468736643032	-0.282454052041	-0.17754276243
ACPC	0.208548432626	0.122542416763	0.0372436673245	-0.161664164399	0.199506393969	0.224330938929	0.425300164068
ISOGUVACINE	-1.63833389205	-0.558844693736	-0.216234657052	-0.532703850772	-0.923588764379	-0.897293160263	0.593367883524
VU0364770	-0.210376223315	-0.327494392891	-0.301846845603	0.122029517613	-0.232953545433	0.0157666466476	-1.7155480352
AMUVATINIB	-0.240683316262	-0.664500496508	0.0785310730872	-1.10606661894	0.16033747112	0.126581600437	0.573526583551
MOXIFLOXACIN	-0.582493709952	-0.483916561682	-0.125677945346	0.678165002078	-0.243841034956	-0.358840745952	-1.01195795241
4-IODO-L-PHENYLALANINE	-0.27271093001	-0.218394217362	0.102647439916	-0.0286905544954	0.350983802939	0.295386158459	0.396523397109
UH-232-(+)	-0.318507347484	0.0573109460292	-0.108432874748	-0.350902841479	0.360551741837	0.720861959031	0.309806032379
ESTRADIOL-VALERATE	-0.154447681652	-0.134172146881	0.421759097226	0.554575444009	-0.307436955083	-0.377810040404	0.0404908071787
FLUDARABINE	0.153770863633	-0.211842023018	0.15511091167	-0.714448752169	-0.732346697359	-0.114187872929	0.26122491845
OXYQUINOLINE	-1.14670960398	-1.15043868788	-0.0150939330152	-0.518177311234		-0.71692488177	-3.21855583583
VOGLIBOSE	0.486784102543	0.024227603878	-0.0497757748821	-0.744249843706	-0.241107236994	-0.180669843642	-0.0564100385924
LINEZOLID	0.0974661135981	-0.639199453955	-0.216845238058	-0.3189293303	-0.0757846853904	-0.267251686216	-0.252680448298
IPIDACRINE	-0.481853923467	0.364746416227	-0.178231682272	-0.334773991179	-0.381745822052	0.433337871925	-0.223836649149
MK-3207	-0.550084167661	0.0882093382039	0.412587775782	1.07927877901	0.0865915400014	0.730533291749	0.296720957416
LODOXAMIDE	0.377349924411	0.279343555396	-0.205776746979	-0.130738608275	-0.0269826076036	0.768959661201	0.0429434828709
OLEOYLETHANOLAMIDE	-0.440454113825	-0.714334243269	-0.493036852825	-0.259357860378	0.23222221782	0.665306255873	0.554187155404
CILOSTAZOL	0.212386832569	0.383611052143	0.294286902116	0.728776746691	0.383845903709	0.466878555811	0.13843914419
ALTRETAMINE	0.198588808203	0.763139325276	0.251281771341	0.61883133758	0.0770944196281	1.6778233126	-0.00469651296822
ORE1001	0.197212392678	0.103247346779	0.350382945283	0.207923864423	0.264764640422	0.319753578398	-1.13924440352
MILRINONE	0.0343695701402	-0.0958454229154	0.0834790064508	-0.106125501447	0.107375968777	0.0349964794237	0.20476383676
PIVMECILLINAM	-0.394168216091	0.258626950476	0.0911960361225	-0.139822028346	0.0536396284954	-0.230683154314	-0.113273504233
PHENYLBUTYRATE	-0.309175081132	-0.189560686889	-0.371366594095	0.494738301894	-0.391497081846	-0.586795614053	0.319665690292
APIXABAN	0.593182117204	-0.55964615819	0.114948518385	0.0351950966267	0.43652635708	-0.339436993213	-0.0388097065969
4E1RCAT	-1.65604984068	-0.0991969643571	-0.0502891611063	-0.18012792284	-0.734678314747	0.73106649765	-0.906845662985
FENTHION	-1.74581211202	0.440498238221	-0.19054779204	-0.0579262335449	-0.307991984599	0.576187925221	-0.141855265047
IODIPAMIDE	-0.184315701464	0.428680975178	-0.291054916314	-0.0554493200874	-0.629778314437	-0.429452632957	-0.881746790169
PICOTAMIDE	0.296351150818	0.0431101740981	0.0403906435658	0.580730574677	0.758669638344	0.364396576814	-0.1755770181
SB-431542	-0.737192025977	-0.914744216954	-0.42291482039	0.612059395688	-0.865851300396	0.118928561114	-0.91788149185
SKA-31	-0.172386939429	0.33189979108	0.165558328117	0.432504531277	0.523450735705	-0.232312049703	0.148970574057
NALOXONE	-0.158747531093	-0.796740437295	-0.834926105978	0.182681739956		0.0493815414194	-1.43329531324
ZK-200775	-0.903935290627	-0.412190200441	0.327920212573	0.583192022683	0.609435379614	-0.268502305133	0.0238385227433
CYCLOCYTIDINE	-2.26876629523	-2.07504154657	-1.9213041286	-2.2355170386	-3.1596561586	-0.463514373119	-3.28296456013
PQ-401	0.490526195865	-0.125599789702	0.606027843604	-0.635816525018	-0.224101063594	-0.118409937085	-0.550045465485
ACEMETACIN	-0.0611265735181	-0.637927268209	-0.20175540442	0.061822216671	-0.376075071165	-0.198431917967	-0.0129688438085
KU-0063794	-0.185887124336	-0.773601339498	0.450540293289	0.394514950319	-0.239175808647	-0.349373001888	-1.28033707515
GDC-0879	0.0617402144973	-0.31219332545	-1.38612884981	-0.835389709797	-0.350094066087	-0.449534915542	-2.58728650473
GDC-0879	0.496671570154	-0.119497023414	-0.721188594992	-0.0820421004584	-0.757335440541	-0.407226286613	-0.910481600671
ALMOTRIPTAN	0.464672072586	0.158194073262	-0.104373043985	-0.304846081034	0.0605091586205	0.399911832812	0.751201478265
OLOPATADINE	0.466158822211	0.572468534867	-0.550790868317	-0.0815156272771	0.683765369806	0.831018659096	-1.02727549965
CI-966	0.26954589877	0.472958226944	-0.0133946004343	-0.0493899268633	0.205575716069	0.489701256306	-1.03417775907
RHEOCHRYSIDIN	0.648882162191	0.0306227073223	0.481864384624	-0.349683327837	0.677883165595	0.444985252151	0.388653580137
HALOPERIDOL	0.387704097191	-0.0424405624727	-0.493135389746	0.520248166691	0.104733564534	0.856964117432	-0.20715129913
ADATANSERIN	-0.201771007245	0.488608926158	0.0480114147945	0.126605246151	0.359979674617	0.38312799219	0.446918798688
ZM-323881	-0.0284915647235	0.36345000282	0.0489471330716	-0.331070900017	-0.395841511496	-0.353009416562	0.596758163179
PEVONEDISTAT	-0.557595784527	-3.19929721713	-1.2734582689	-0.607045382256	-3.33786358163	-0.127964228049	-3.4504288632
AR-A014418	0.6289913213	0.369183706029	-0.0333509150591	0.87808091218	-0.560610749501	0.0925483900678	-0.0198322710983
PI-103	-0.704065873849	-1.24863346967	-1.24842494845	-0.653614294683	-2.07816304764	1.60817557422	-2.92285197224
AVASIMIBE	-0.0245293028647	-0.13784188322	0.487350957356	0.00737145463521	-0.0379478964064	-0.302948732671	0.369447348861
LISURIDE	0.160783678692	0.196773363988	0.139521216307	0.0552920715338	0.100791526079	0.791624502616	-0.429734876482
LISINOPRIL	0.460098976636	-0.878810890059	-0.202403149956	-0.687333960405	-0.54663672763	-0.033467428925	-0.0908366742287
LISINOPRIL	-0.498715333772	-0.510805140278	0.301242182765	0.668368070437		0.377314037652	0.121649105229
EPROSARTAN	-1.69130540803	-1.44836552298	-2.10127598872	-0.797431575043	-0.916141230396	0.36893436727	-1.85070342568
MK-2206	0.52866713717	-0.689572019504	0.0276466969029	0.187451068638	-0.251577494782	0.248154608891	-0.468851803147
PALMITOYLETHANOLAMIDE	0.000507727127925	1.02953600303	0.321365094553	-0.976684728125	0.110242402815	0.703480452588	-0.829542316654
CGS-20625	-0.036953126597	-0.0560703937825	0.106761108246	-0.671430399743	0.449505438446	-0.222970704483	-0.107244485718
TERBINAFINE	0.213638185649	0.00762133083725	-0.348906153413	-0.491121613593	-0.0939526163303	0.501529725502	0.276605850886
EPOTHILONE-B	-1.16275885689	-1.73375268095	-0.850519084191	-2.0619371142	-0.58217821651	-2.31077824835	-3.0013242557
TORIN-2	0.191847543699	-2.32913211103	-2.62258325075	-1.3986336468	-5.53165696884	-3.71989220649	-4.48403789349
URSOLIC-ACID	-0.151141562394	-0.197718966916	0.441953890784	-0.218710336192	0.398496346749	0.393451018042	-0.154518964183
NIFUROXAZIDE	0.477822470586	0.108498776907	0.652381295789	0.661934335882	-0.0889647534716	0.777523481382	-0.569561829286
TRICHOSTATIN-A	-1.80249913103	-3.71525185685	-5.46527398148	-3.2210531715	-3.86086293364	-3.20152954354	-3.58407139342
ETIZOLAM	0.219233618753	0.280634232046	-0.432729207075	0.427311764862	-0.346246226568	-0.448485669179	-0.143283135465
LACOSAMIDE	0.484936410367	-0.259501714055	-0.0332725473346	0.315211763775	-0.362883372011	-0.0122816478156	1.16675162017
BRIMONIDINE	0.0704655999782	0.253934400102	-0.106363400572	0.0937741864496	0.518974297839	0.720571214854	-0.248499499872
BRIMONIDINE	-0.253901874648	0.15697756006	-0.0417258863414	-0.425662221816		-0.0281595222876	-1.70834991911
TYRPHOSTIN-AG-1478	0.414753971071	-0.368583602937	-0.359429424761	0.470250014795	0.169153620451	-0.489497863726	-0.266966720142
AMSACRINE	-1.11368733491	-3.60902906275	-1.57345434051	-1.04539360112	-4.38254636615	-1.38308475397	-1.91810342262
AMSACRINE	-2.26034648767	-3.3478593563	-0.684399434743	-1.26865077826	-4.59097564591	-1.4636289108	-4.82854597487
ZK-93426	-0.76037285893	-0.734733460682	0.0391227740309	-0.0380347732497	-0.220335300494	0.8066045051	0.659868357599
EVP4593	0.294954399693	-1.43088966596	0.455293150697	-0.361658932704	-0.340987482167	0.423808102907	-0.147096373135
ML-9	0.638672639641	0.311342130026	0.147215005769	-0.138581799732	-0.00699193561437	0.570980253	-0.116017644416
	0.638672639641	0.311342130026	0.147215005769	-0.138581799732	-0.00699193561437	0.570980253	-0.116017644416
SPAGLUMIC-ACID	0.184241676063	-0.0943807099854	0.21579220081	0.362380106537	0.0645281838536	0.352779644235	0.729021996752
SPAGLUMIC-ACID	-0.124940157435	-1.28474059181	-0.860356464117	-1.76575330911	-0.732089955201	-0.180429737557	-0.898249850663
PROFLAVINE-HEMISULFATE	-0.313592329555	-0.603651895154	-1.10171947305	-0.0769131586921	-1.26035657999	-2.61273812227	-0.0427295021988
MM-102	0.684881247845	0.0294109798116	0.124662448599	-0.389575829263	-0.0178990702075	0.0885237362708	-0.983676039791
ENMD-2076	-0.700181200165	-2.58794315984	-0.250144597466	0.274490837279	-1.5541361772	-1.58966911932	-1.40549503815
DIANHYDROGALACTITOL	0.345473995501	0.130039731395	0.709085448142	0.373208785223	-0.949378343229	1.32823262637	-0.234148982476
DICYCLOVERINE	1.04394957716	0.23507870619	0.0449204367938	-0.203407518049	-0.340931172474	0.0338882667492	0.770156638178
SB-743921	-0.170202477442	-4.3614030154	-1.42239510547	-1.00002141048	-4.66592137911	-2.04233565252	-0.818175563887
ACECLOFENAC	0.198330810154	0.0670674021452	-0.146719172162	0.260864279623	0.450417990656	0.397357259639	-0.402621735132
12-O-TETRADECANOYLPHORBOL-13-ACETATE	0.196867924985	1.48078022634	0.760719429615	0.496577281763	-0.162407029593	1.58506799891	-0.641117990737
TODRALAZINE	-0.201948834267	0.414186584659	0.328900270926	0.261497511874	0.278759440105	0.212634958384	0.245113666442
DERACOXIB	0.105060478936	0.0509023317826	0.172868993557	0.341210581244	0.303373848855	-0.23781685184	-0.499504822839
BVT-948	-0.184758214742	0.677892590417	0.1286748	0.760147064491	0.12787756505	-0.453176748962	0.0726916664821
DYDROGESTERONE	0.416279191143	-0.217830524468	-0.380853200684	1.18144015857	-0.114008492048	1.10159084142	0.247042826228
ACDPP	0.208711210467	-0.124025439703	0.521384774852	0.673631082469	-0.287535112104	0.146475710472	-0.105832910181
PICOLAMINE	-0.157391776042	-0.418118785412	-0.103541037829	0.338594006721	-0.176613192695	-1.09638623891	-1.10009050966
LIDAMIDINE	0.49879312758	1.12989727156	-0.126004851008	0.352634717141	0.19872709735	0.359906641445	0.377118225325
PF-03814735	0.173912866342	-2.79407211332	-0.456760210221	-0.304562488649	-2.15180899888	0.605336631769	-2.44981015963
FR-180204	0.781728874479	0.133534399599	0.398776713107	0.504139437074	-0.0679900532051	0.128662456734	0.413173018678
AZOSEMIDE	-1.4565708227	-0.315019571226	-0.237936343694	-0.043037352144	-0.21238570404	-0.0476425448566	-0.565347893767
PAFURAMIDINE	-0.176686041759	-0.35005951239	-0.0748785910805	0.11295784147	-0.794722823926	-0.106458672833	-1.16770277812
ADIPORON	0.448547283206	0.731139528746	-0.0564972784553	0.13584810042	-0.167207782737	-0.285536377855	-0.586349014396
QUETIAPINE	0.242744578102	-0.157127044617	-0.355312644785	0.173411448546	0.470488672149	-0.141665713803	-0.0870834331947
FLUMATINIB	-0.0687541785764	0.601290557845	0.172808702757	0.0436558925308	-1.18784540603	-1.14490863493	-0.927281567798
CEPHALOMANNINE	-2.74849542676	-2.66029394107	-4.09168362011	-2.08868246482	-5.11440537321	-1.20502920653	-3.05565880447
GDC-0152	-0.356970012551	0.80207480724	-0.139081181475	-1.78801305592	-2.17383623267	1.27175769695	0.549767452452
PF-3845	-0.694140781306	-1.70172695403	-0.897424262446	0.172040538896	-0.679135431405	-1.37874006431	-1.05424515312
GOLVATINIB	0.331182771286	0.580231119989	-0.00776076326917	0.482080721884	-1.87847332902	-1.01261015201	0.219374538712
OMEPRAZOLE-SULFIDE	0.360601484689	-0.00235821038237	-0.153612652165	-0.309085729815	0.13619439566	0.139511929672	-0.537898707758
EPZ004777	0.828117060031	0.265927010624	0.0457048128297	-0.0272878853768	0.128825394492	-0.346107658698	-0.14099742409
SERTINDOLE	-0.37899217689	0.38745830377	-0.174236995654	-0.588409141009	-0.238225422994	-0.178093942777	-0.249809472296
DIACEREIN	-0.0482510444989	0.275044273494	-0.260770207333	0.287025133885	-0.554214709401	0.19372967926	0.361125173344
CISPLATIN	-0.301640553118	0.314316902752	0.013981409881	-0.586588951873	-1.16176656485	-0.237342047338	0.159199437507
NAN-190	0.554053494013	0.31373828259	-0.153041236657	-0.170433612059	-0.0122330903249	0.169440540739	0.217307099543
IODOANTIPYRINE	-1.02824212744	0.426213144329	-0.127768810148	-0.392211564147	0.372879019029	-0.293801886771	-0.352699911925
TRIGONELLINE	-0.328543363887	0.00479997221498	0.096692476062	0.550993861365	-0.113685496587	0.914200292839	0.328332904153
LUMACAFTOR	0.149816145472	0.12222431843	-0.0391932799971	0.0428772910168	-0.0648315069103	-0.610794352988	0.437182193829
AFLOQUALONE	0.109469410079	0.121312055037	0.0924008088231	-0.64312034563	0.0202700997441	0.20528151645	0.0550749579411
HEXESTROL	0.703670849125	0.633113209526	-0.114427010386	0.439340053821	0.0556416952665	0.730859864533	-0.787535825559
VINORELBINE	-0.906699141691	-4.21587793102	-3.73160486563	-2.21037213586	-4.08764293782	0.164771844861	-2.309788472
GLUTATHIONE	-0.985977305325	0.0298685593269	-0.142987524071	-0.180589631674	-0.433286873393	-0.433266828127	-0.578196026822
TROSPIUM	0.310633357929	-1.04427464087	0.290848113096	0.748704605519	0.59210793584	1.3085248163	0.647389434833
MONTELUKAST	-0.327637964506	-0.144301337518	-0.539238342105	-0.349141521367	-0.395004570464	0.042663093541	-0.4631307063
SGC-0946	0.393298553554	0.577126436535	0.0075437750128	-0.16340461735	0.386451357843	-0.0301418794248	0.108418503609
THIETHYLPERAZINE	0.349964279591	-0.660709735699	-0.116429807817	0.0168485632797	0.0488936846971	-0.683829859206	-0.681231510016
TACROLIMUS	-0.871024689988	0.0916346835186	0.167607640219	-0.178669928251	-0.470463335547	-0.145757609304	-0.0254690334198
IDARUBICIN	-1.64445656106	-3.13214292052	-3.0761243482	-2.02780947963	-1.57478322864	-3.28936014263	-3.29072059425
IDARUBICIN	-2.42528399504	-3.86020113001	-6.19872343202	-3.27190209738	-6.15081989884	-2.76046543938	-3.67072412307
MESTINON	1.07680168003	-0.544054188774	0.13194453668	0.4712187901	0.391521349347	-0.875795949474	0.272175153533
BARDOXOLONE-METHYL	-2.92003784274	-3.71940704084	-4.10347220712	-3.10509619286	-4.37118051498	-3.10559916567	-4.05036593665
ATORVASTATIN	-0.25173525235	-1.38662158465	0.326616668948	0.15347201108	-2.36619145349	1.65956506469	-0.325510381205
MERICITABINE	0.326852265113	-1.82823384632	0.920154855494	-0.567353817549	-0.871766899379	0.528174255466	1.00993633514
VOLASERTIB	-1.08003370137	-3.51813247271	-0.163099429216	-2.10935997101	-3.03869576929	-1.8645266855	-3.05993138527
WAY-100635	-0.143253038245	-1.37014947051	0.00750702185423	0.512688286785	0.0794344543699	0.460951338639	-0.704599433516
TRAP-101	-0.163621709469	-0.148185779575	-0.191091828428	-0.4888131734	0.205667161363	-0.488480120774	-0.175917967192
FLURBIPROFEN-(S)-(+)	-0.432201677164	-0.414622935812	-0.282009807922	-0.0690873727157	-0.340759714539	0.220274259976	-1.65329409614
AZD8055	-1.49777664113	-3.22952741657	-4.99845567969	-2.70247204767	-5.18633020068	-2.16967084516	-2.36612948474
SM-108	-0.740641044188	-0.0769435050422	-0.312348770492	0.206801261725		-0.0716089842177	-0.527097481876
2-CHLORO-N6-CYCLOPENTYLADENOSINE	-0.0126051688292	0.598511849117	-0.0189024525343	0.748703728515	0.370547291094	0.810752722632	1.18686133782
SMI-4A	-0.192816884043	-0.113438449204	0.0772563807453	0.421807754125	0.135039772462	0.100908054847	-0.392127825114
VATALANIB	0.133408225467	-0.460840493793	-1.6059729116	0.107150662563	-1.45036842225	-0.15474686603	0.00838152834375
INH1	-1.83863539214	0.0926535826139	-0.37467716483	-0.394754270406	0.0239702262444	-1.17219881434	-0.40422224289
RIBOFLAVIN	-0.320867548204	-0.266448270511	-0.203345395937	0.0617137593677	-0.450975041483	0.607916747776	-0.645856734954
U-99194	-0.671225347191	-0.119777268244	0.332711871016	-0.537800802696	0.582395421943	0.468769279792	-0.767474540716
IBRUTINIB	-0.53420897271	-1.01178793553	0.0665480807078	0.382982031619	0.0187910666657	-0.704999211394	-0.447488674528
ESCITALOPRAM	-0.604324155478	-0.108355421342	-0.230566698927	0.115737128625	0.381336500953	-0.942591665425	0.825650894852
SURAMIN	-0.0639696003824	-0.0373195206827	0.207586133903	-0.0566212904277	-0.244535143099	-0.0466645105699	-0.190479317943
BENZOXIQUINE	-0.248588121716	-0.154051685188	-0.139587612101	-0.489678472667	0.389758017364	0.315161073375	-0.947505936746
AMANTADINE	-0.600726682326	0.444695488347	-0.342876695989	-0.112767337988	-0.253033459809	-0.0414841635956	-0.524040453179
ARIPIPRAZOLE	0.0941397603673	-0.0579182771177	-0.179274803142	0.0343081104032	-0.743259765542	0.251000760996	-0.533667588731
ERLOTINIB	0.104715918688	-0.649924292159	-0.839706720266	0.860737895484	0.0437568374851	0.986821774149	-1.30131257606
NEXTURASTAT-A	0.823795276242	-0.0818434998729	-0.302063179241	-0.471365821442	0.0570363800686	0.757203525938	-1.48572708196
BAY-87-2243	-1.18415648351	-1.87606091747	-0.247662191295	0.436046426237	-0.512728830907	-0.354074651695	-0.000333466823902
FLUPENTIXOL	0.217619137316	0.234889617286	-0.484571075308	0.43328693501	-0.904026822403	-0.148548089183	0.608481051624
RIMCAZOLE	0.188984276733	0.147807155586	0.00241127576543	-0.00963373679768	0.152523396412	-0.020840721892	-0.717615751561
RANITIDINE	-0.50296749431	-0.666547229855	-0.000838580701398	-0.0874385562487	-0.434607786551	0.464911227266	-0.903606866157
DOXOFYLLINE	0.936815840579	0.187957376828	0.139653148617	-0.339385496002	0.241286890349	0.322898925365	0.0538677224844
HMN-214	-3.41932005253	-2.60152433236	-2.21353343039	-1.66216923301	-5.38102343071	-2.10848790816	-4.33566204093
ZOSUQUIDAR	-0.719056440102	0.198832075755	0.313222102005	0.19797913348	0.320153731072	0.315039354487	0.531897643662
1-EBIO	-0.0949926388292	0.276764205745	0.0245228190584	0.0668286264175	-0.0567458634139	-0.686196485545	-0.730138252337
PHENYLACETYLGLUTAMINE	-0.271997064708	0.533824536555	-0.21406757438	0.100284209555	-0.0774410313457	-0.887488011215	-0.450242515995
VX-222	-0.415978841024	-0.607266310583	0.113938268606	-0.101636509625	-0.271896017115	0.0154804124209	0.267980933845
TRAZODONE	-0.240055985014	0.278765113073	-0.616986670944	0.582408871067	0.300215077831	-0.224229261773	-0.228206636681
10-DEBC	-0.00801874956741	0.458751102823	0.0985433168521	0.313008501251	-0.150624532139	0.291943281632	-0.655426764718
4-METHYLHISTAMINE	-0.734649543386	-0.73528132117	-0.485069393656	-0.0880593021673	-0.401544188649	-0.558577977682	-0.462603060215
NALOXONE-BENZOYLHYDRAZONE	-0.212267496302	0.530857391008	0.10456722296	-0.122703788695	-0.139589936432	0.363028945113	0.382223241105
CO-102862	-0.411611012308	0.601051793415	0.00852381643773	0.533915067654	-0.357409685151	0.801764675147	-1.61987584938
BIBX-1382	0.0915111895951	0.0953070377913	-0.244208538902	0.900987035965	0.0799129003471	-0.710631814079	-1.58657250932
AMTOLMETIN-GUACIL	0.805494587827	0.693121283227	-0.279787576681	0.341259349453	0.482765690907	0.292457410482	-0.255992491537
MASITINIB	-0.105524851291	0.794281030347	-0.181376730739	0.468214619117	-1.97958823475	-1.04370982455	-1.47607035449
ETAMSYLATE	-0.409639170612	-0.0566873647648	0.196950253881	0.473563019047	0.387785754599	-0.237177003205	-0.710037848765
LULICONAZOLE	0.0259150286889	0.101395164098	0.176873458911	-0.00485593577408	-0.0163261282636	0.0111737947806	0.647162315875
CEFIXIME	0.327680006855	0.131294610883	-0.188188957966	-0.011895251324	0.134751758621	0.273197872109	-0.107120155876
DORZOLAMIDE	-0.86757859039	-1.17491537527	-1.04883629644	0.00242983119926	-2.66611494022	-0.613717132326	-0.271476760537
DULOXETINE	-0.198251846166	-0.0861326087868	-0.368108612707	-0.40519740882	-0.820996505039	-1.62004651651	-0.41699619491
FLUDARABINE-PHOSPHATE	0.500564734943	0.147261140001	0.0454532852914	-0.230662237176	-1.03352040446	0.133598134779	-0.807345822906
SULPHADIMETHOXINE	-0.636576331415	-0.238008753123	-0.326567745178	-0.0450324723412	-0.143555800073	-0.671029459433	-0.504345708672
KD-023	0.0612179114666	-0.161933903431	0.241321864191	0.154780192773	-1.19024079337	-0.00376587389046	1.02727118094
BIRINAPANT	-0.935918835416	0.38678297794	-0.340172585868	-2.2832438489	-1.76021820828	1.77385722577	-1.56386844557
PSB-06126	-0.0978964723931	-0.681711845898	-0.628835185589	-0.750503570918	0.174139155703	-0.406563103833	-0.0822588090655
SNX-2112	1.15111978928	-1.86018497414	-3.24049176249	-3.42509004227	-5.60804530182	-2.93804236839	-3.61559932865
ZAFIRLUKAST	0.231015678675	-0.398803708549	-0.262093601921	-0.0430786746704	0.332657279761	-0.104424303121	-0.191767719982
BUTALBITAL	0.304901196188	0.555585700774	-0.101578842492	0.0772136337879	0.502445299961	-0.297986710795	-0.870922686046
CLOBENPROPIT	-0.031206779039	0.257760347765	0.23729965216	-0.105680169222	-0.00959799084399	0.273958940925	-0.193033519729
KPT-185	-2.09913126008	-2.80904744255	-6.27776147592	-3.1871318897	-6.55253173018	-3.12916557739	-3.49189618625
GDC-0068	-0.761478317775	-0.0576258303523	0.56131968375	0.428313125558	-0.0876717440425	-0.0652576579927	0.721363330286
DICLOFENAMIDE	0.727094147023	-0.0810752964345	-0.0855408225339	-0.250158755832	0.0166500282545	-0.12141658942	-0.238452629862
SNS-314	-0.172428267098	-2.15000143356	-2.35987382782	-2.60136826202	-2.48839737228	-1.35869960458	-3.26119573941
GW-9508	-0.0676227294809	-0.597380307403	0.194594890085	0.597654032395	-0.0128540200842	-0.117155459529	-1.17832056601
EVP-6124	0.201081816675	-0.240620957193	-0.552700156154	0.401448306991	0.036486503611	-0.691772696239	-0.189769325186
I-BZA2	-0.342873052688	-0.198028430842	-1.05543142678	0.251014605555	-0.17208422802	-0.0747231126511	0.497152925749
PNU-120596	-0.0258530901299	-0.935060469394	-0.124703846502	-0.538434225137	-0.373022998749	0.548752487819	-0.713395999231
CARBAMAZEPINE	-0.0866257866847	0.523866299096	-0.162379093789	0.365819476647	-0.212548289726	-0.320041977007	-0.463336406943
D-SERINE	0.181475652921	0.0735731030455	-0.376559662941	0.690195782711	-0.474766068185	0.988556583413	0.323142676037
EPOTHILONE-A	-0.704279383249	-3.2428678857	-4.9788942493	-1.57761527574	-4.67710824388	-0.236042767118	-1.81348535459
CYTARABINE	-0.68928633392	0.450583784119	0.231580198613	-0.330402466803	0.0457627368611	-0.223228190666	0.368945673909
	-0.68928633392	0.450583784119	0.231580198613	-0.330402466803	0.0457627368611	-0.223228190666	0.368945673909
MARBOFLOXACIN	0.134172541424	-0.0227320183029	-0.326524896608	0.226083667196	0.0211645162139	-0.941647123582	-0.475133005494
MARBOFLOXACIN	-0.431791285988	0.0687168192064	0.108524206838	-0.21368764933		-0.117379292398	-0.0639794732028
CFTRINH-172	0.0567196593009	-0.56522222672	-0.306833382431	0.12715637349	-1.04011487808	-0.231642943525	-1.55279384972
VT-464	-0.280228542879	-0.546663508639	0.00155290747013	-0.634834965642	-0.354059143246	0.774179970678	-0.870440960365
PROBUCOL	0.23129350567	0.25297907356	0.0125047946797	0.190744293574	-0.6611564989	0.624342586711	0.0247793663951
VIDARABINE	0.516532182256	-0.274517378636	0.0223752869709	-0.574843975205	0.062722468054	0.285338016244	-0.989430822477
PROCYANIDIN-B-2	-0.128906456238	-0.00838099525866	-0.0983756852291	-0.150692870359	0.174290810604	0.0955911923792	0.701076650163
SYM-2081	0.0522211848984	0.242841990749	0.173960734297	0.457101214421	-0.189606798786	0.286377786354	-0.731074749065
DIHYDROERGOTAMINE	-0.456328494502	-0.42720225459	-0.230121586223	0.282752455904	-0.202204610465	0.233117842126	0.51021819444
CEFDITOREN-PIVOXIL	-0.623784405631	-1.57800328829	0.200225447082	-0.762600748375	-0.608101390124	-0.361694228374	-0.740656345977
CEFDITOREN-PIVOXIL	0.0333724984752	0.108931187984	0.454383804796	0.0219869138099	-0.0958041545167	0.401389314135	0.453530635582
ACEXAMIC-ACID	-0.229782085076	0.44802253996	-0.468137938701	0.191431660716	0.241638978122	0.300959305365	0.154370564632
QUINAPRIL	-0.0365746619921	0.171404611614	-0.560903974899	0.0750308742476	-0.262372645809	-1.18369792397	0.062599262624
TAME	-0.167392560538	0.781106105925	0.274355557792	-0.366657658595	-0.0414324641026	0.147836056937	-0.218893879559
BAICALEIN	0.00375142267996	0.347959463866	-0.536017463006	-1.16661243289	-0.372160815929	0.650508788415	-0.459802643079
CEFOSELIS	0.157710651529	-0.231968027135	-0.0519359998807	-0.11493953961	0.102461252022	-0.442856110508	0.713376767364
CEFOSELIS	-0.426912042356	0.0122511808743	-0.069495357085	-0.247045585603	0.487769220521	-0.136868380961	0.589362652721
CEFOSELIS	0.787830746533	0.471894757812	-0.270749634459	0.433921784141	0.362498575128	-0.908205878241	-0.101588705991
AZD4282	0.643243684491	-0.183835103984	-0.34187874523	-0.135033799783	-0.128326586079	-0.937302851203	0.0133947329273
SULBENTINE	0.210274613988	-0.256131210989	-0.390101110928	-0.149435022522	0.124714188129	0.235408534776	-1.07052252227
AZD5438	-1.16503109903	-1.05216272511	-5.31874130987	-2.75652191169	-2.48251976857	-1.17558908758	-4.13121887277
WZ-4002	-0.0260607151527	-0.686800329777	0.126260765861	-0.198627301907	-0.158294564445	-0.619263776945	-0.2216490735
C-1	-0.834496954997	0.149519828889	-0.261562642014	-0.311840060185	-0.398616138059	0.534026755697	-0.572786936914
CLODRONIC-ACID	0.220968903156	0.414043206677	-0.471403978357	-0.642067030225	-0.867997803021	0.299211407424	0.347430212635
VU0364439	-0.176618489891	-0.40634440218	0.0497286366098	0.0225260053814	0.0765271191201	-0.940412581545	0.0969932550432
ZM-447439	0.00986585495481	-3.06197935352	-2.35298476957	-2.87059152593	-0.730747515182	-1.84833125711	-1.89558781782
BENZETHONIUM	-0.635484186389	-2.8471593967	-1.98864517216	-1.48663062355	-1.89389704715	0.782983467857	0.4518866007
ARCYRIAFLAVIN-A	0.475697955156	-0.681919249411	0.342300603069	0.18081861445	-1.76445189462	-0.415934274847	-0.429777864853
DIMETRIDAZOLE	-0.891584644031	0.0692333360617	-0.0143509750816	0.402010246973	0.394960904497	-0.0273370888993	-0.312430896408
XANOMELINE	-0.818889165862	-1.6322698044	-0.724155825273	-1.30800607257	-3.24439865319	0.123695092139	-2.33809389667
CEP-37440	0.554735116123	0.257191598091	0.149950442492	0.710026653634	0.400791941199	0.0762974261985	-0.324258516577
NNC-63-0532	0.727671342487	0.169494550997	-0.332925767159	0.325728725435	0.00921626809069	-0.238211123586	0.477301351447
TELAPREVIR	-0.763912823411	-1.11271283215	0.163731428513	0.403948550214	-1.08027324092	-0.0101343481086	0.268952280693
CINCHOPHEN	-0.138474250838	-0.142996804471	0.218167608921	0.340314724945	-0.310647606324	0.248951534116	-0.533119507578
SCLAREOLIDE	0.535118615602	-0.0100947980649	-0.110116575116	0.420935839463	0.213933868493	-0.576015862064	-0.616847730712
VALRUBICIN	-0.998624080806	-3.72872156285	-1.97329778068	-2.56692115652	-2.82014787576	-0.513332159586	-0.305719964225
ZLN005	0.778736212805	0.130102429892	-0.025073320694	-0.871972287082	0.616751476235	0.254275523149	0.251886675913
LEVAMISOLE	0.0144973596093	-0.658682747547	-0.812344707588	-0.768722683229	-0.397074172167	-0.437094863356	-0.83110663812
DIAZOXIDE	-0.208152405994	0.238371925737	-0.508671967285	-0.150622206591	0.279621720941	0.614195038927	0.590021137149
PHENYL-AMINOSALICYLATE	0.149952182811	-0.13111639182	0.0830870543824	0.364866282164	0.0855816521098	0.432718915761	0.00544731005757
ALIZARIN	-0.519187443282	-0.146885797116	-0.405905107384	-0.451327769404	-0.479606637226	0.308577802911	0.168767352175
URAPIDIL	-0.741800575419	-0.465927750441	-0.0774142513283	-0.170794617465	-0.0779889272775	0.756111866399	-0.357505261251
SNX-5422	-2.40658886331	-3.27395682042	-3.83014613728	-3.27696480321	-6.20410620308	-3.67750566733	-3.69894671785
LITHIUM-ACETOACETATE	-0.557372131217	-0.158957583975	-0.262895589543	0.194702935211	-0.676756611605	-0.158242168919	-0.532353784305
TACALCITOL	-0.249136576692	-0.536967252006	0.307350363252	-0.728561266295	-0.181771450385	-0.190867154501	-0.706647867405
CLORGILINE	-0.597128149875	-0.307200547756	-0.21748610368	0.302289060534	-0.154260679657	0.101110604818	0.575008836492
ICI-199441	0.060844872327	0.125002901617	0.180178556663	0.70087857014	-0.469815635996	1.10577081278	0.470961430123
WZ-3146	-0.878085734816	-4.29878173446	-2.86817551418	-0.973816168828	-2.514482677	-1.72342166512	-2.12369797862
4-METHYLGENISTEIN	-1.06149375573	-0.144946233517	-0.875242644269	-1.13176160117	-0.470767715281	-0.752246061264	-0.606586793518
OSI-420	0.0853031622918	-0.398906199964	-0.410182078702	-0.0703671272949	-0.710540284116	-0.749439223339	-1.50724909816
PF-04217903	-0.236963674547	0.440333841306	-0.0936864367158	-0.344888739736	-0.132001631699	-0.0658405830213	0.404003908284
LEVOBUNOLOL-(+)	0.0735562217295	0.100819784846	-0.138275283736	0.228040180718	0.291766074721	0.149700723088	-0.364301405341
BIX-02189	1.19184930372	0.356836141477	0.303918463477	-0.614119429162	-0.580200367818	0.538189496302	0.181854285031
5-FLUORO-3-PYRIDYL-METHANOL	0.303466804668	0.18780516642	-0.202490085493	-0.300842670547	0.367405713791	-0.133466391698	-0.772205136398
PHENYLEPHRINE	-0.0381445803122	-0.0646065727535	0.0182499478474	-0.293776633297	-0.432390119327	0.0515125789767	0.57736321401
C646	0.301777363028	-0.657152916807	-0.911223417405	-1.01178058298	-1.2190954123	0.652088435354	0.0212208065404
C646	0.202316671189	-0.0852234727472	0.18749863787	0.735311096003	-0.38981344965	-0.198554589319	-0.345117279284
DIMETHISOQUIN	-0.408111911649	-0.355872159944	0.565727646032	-0.680373366172	0.12726334979	0.705904971593	-0.713012574095
OXOLINIC-ACID	-0.238420676849	0.310816136143	-0.0109814836493	-0.645353434647	-0.367054148274	1.24142431115	0.562031678745
PURMORPHAMINE	0.115447506216	0.00537147543706	-0.0531350533487	0.114608241856	0.276872030445	-0.218149410806	-0.841973179658
BEKANAMYCIN	-0.812000532174	-0.253262553206	-0.913323408589	-0.596737110107		-0.268143966231	1.05394232576
CINACIGUAT	0.184669383148	-0.44178792382	0.223215049246	-0.990845682744	-0.519618653838	0.33295859321	-0.925568978312
NEDAPLATIN	-0.366295748784	0.285312009047	-0.0966886295914	-0.0707309589545	0.163733299454	-0.276035440802	0.00818104234248
DIBUTYL-PHTHALATE	0.485643246818	-0.123673437584	0.0321688658862	0.0465083734017	0.0376912222851	-0.517060326046	-0.125092746055
ST-1859	0.437487345497	-0.0600742022958	-0.302760714031	0.526817432942	0.210412231171	0.433723747499	0.628056432376
TROXERUTIN	0.178991187872	0.0987862666425	-0.195846455615	-0.591776616473	0.0121413016323	0.287585005806	0.477589555655
TROXERUTIN	-0.420831494824	0.0928757130318	-0.445861906875	0.222588555133	-0.966260125931	-0.137993839276	-0.323440703462
ETOFENAMATE	0.816630384761	-0.307192584147	-0.273014271982	-0.328992670137	-0.978502246698	-0.691447244865	-0.424911958366
CORTICOSTERONE	-0.118899365048	-0.0628600468836	-0.234935073811	0.225511915002	0.565252892426	-0.236095570208	0.15592709652
NIZATIDINE	0.341669600058	-0.398410315755	-0.236246743503	0.947807898385	0.523564229902	-0.0144476632935	0.14273519241
BROMOPRIDE	0.807713893663	-0.174670741794	-0.438897858241	0.0954932786549	0.410941819838	1.26520983278	0.535280343766
N-ACETYLTRYPTAMINE	-0.309970568497	0.3668726974	-0.159030192715	-0.580685238105	-0.0394253598662	0.326271221235	-0.851160609107
GENIPOSIDIC-ACID	0.566951583546	0.090745269023	0.236530688329	-0.714993185527	-0.34726061167	-0.392065224619	0.164509367998
GENIPOSIDIC-ACID	0.75814813029	0.433093943391	-0.293816702266	0.204159445432	-0.411729743499	-0.184109401011	0.89035831108
ZM-336372	-0.00562266845132	-0.0841618422347	-0.611381158537	-1.15869634041	-1.82186607719	-0.852336798315	0.775216783671
HC-030031	0.392707771922	0.687343021262	0.0352540755903	-0.471430016623	-0.464313694275	0.406959813248	0.381556538766
CINACALCET	0.145598152818	0.645029184805	0.212129575802	0.68017403816	0.0191328261347	0.346977875321	0.0373790154569
DIFLOXACIN	0.289616422035	0.193511673421	-0.182003525455	-0.04151290828	-0.0170863091728	-0.0666105950344	0.691379010126
BI-78D3	-0.71115124861	-2.25882547015	-1.13102552896	-2.06659105539	-2.60948790953	0.992673709609	-2.52819565076
TELMISARTAN	0.362786145566	-0.0193836898705	-0.0031787992214	-0.171406042847	-0.390581067391	-0.234874625085	0.5657229849
INDIBULIN	-0.00937251548219	-1.29574278467	-1.26219429673	-0.909266176535	-3.91095680571	-0.254394300076	-2.52718908291
DORAMAPIMOD	0.221805090012	-0.0140528992946	0.0888577988513	0.516906786404	-0.101980299744	-0.271103012101	-0.19686093645
NELFINAVIR	0.302688571786	0.332860801964	0.0298319001231	-0.126402415183	-0.202101508838	0.345179738432	-0.729144040221
NAFTIFINE	0.00415678173149	-0.815860363178	-0.500010978265	-0.554553689415	-1.38518268808	-0.410636283376	-0.972684205557
CYTISINE	0.0743114628556	0.0236233024547	-0.12475216175	-0.214948875178	0.381153941935	-0.453234637039	-0.0535164755042
CYTISINE	0.485022667272	0.91753269512	-0.0985064746007	-0.459783731047	0.156067708203	0.371504385719	-0.870385139819
RESORCINOL	0.027040373811	0.100269454589	0.178763946599	-0.182159851837	-0.0409483499554	0.770447788442	-0.357079214547
PHENYLMERCURIC-ACETATE	-1.70198839116	-3.47374350575	-5.04944876948	-3.60771461001	-5.67915139909	-1.73313249407	-3.61429047917
IRSOGLADINE	-0.104230619667	0.198354542362	-0.305702913067	-0.119449027956	0.468860491565	-0.397816061288	-0.584734312843
SE-METHYLSELENOCYSTEINE	-0.296861688329	-0.957173254341	-1.08562489048	-0.0837059924008	-0.172100398208	0.152901096742	-0.833778235132
ACITAZANOLAST	-0.279917526258	0.160304925221	0.217496736273	0.535626983055	-0.782681464348	0.192136537254	0.592024511293
IKK-2-INHIBITOR-V	-0.240045352759	-2.42006957582	-0.303115101733	-1.31104456169	-2.11713686461	1.60194146057	-3.62968295469
TAMSULOSIN	0.160696317502	-0.464789585599	-0.535002639434	-0.772507726114	-0.330929338941	-0.896208853807	0.0112474083711
ACLIDINIUM	-0.239031142264	-0.0867056607572	0.117165926848	-0.0545163068227	0.114267198409	0.176146645078	0.058678679513
NSI-189	-0.23201704499	-0.720397536592	0.0490555739917	-0.364455838979	-0.592393017109	-0.0912627353515	-1.47920221223
AZITHROMYCIN	-0.603833282296	-0.154304754629	-0.422664373198	-0.107334418427	-0.459250842315	0.26933479036	-1.01374554734
PAZOPANIB	0.340164293059	-0.124481394877	-0.178013858143	-0.533824153238	-2.0654252843	-0.221192783119	0.257334039274
ICI-118,551	-0.709485185062	-1.3066500542	-0.0540837851032	0.169018573185	-0.372431725966	0.412462791436	-0.776531575389
SELENOMETHIONINE	-0.761353220715	-0.0288870650141	-0.445922693664	0.319315533908	0.170564458736	1.01191086721	0.344444839106
ETRAVIRINE	0.634922875884	0.347737652147	0.374040030075	0.985089360135	-0.105822784527	0.797114541596	0.335671903552
BOSENTAN	0.504734617843	0.220077016465	0.222166148225	0.41265184396	-0.785733194129	-0.305807889318	0.634302159028
TOMELUKAST	-0.381122454481	-0.699367199393	-0.000477746803137	-0.672667594699	-0.328747772826	-0.725711861891	0.493010923883
BRINZOLAMIDE	-1.01953195519	-0.64333202296	-0.889534888449	-0.0677765833396	-0.316517559816	-0.412905408457	-0.760255103587
BW-373U86	0.322986132779	-0.54657506047	-0.166436285864	0.362384439864	-0.30309710719	0.730849750664	-0.640906629047
SCH-900776	-0.145571798223	0.705386286784	0.407731250035	0.540491130838	-1.82354857242	0.820745623802	-0.69052530348
LESINURAD	0.281013438863	0.596328021811	0.024502810137	1.16910710193	-0.0705958054812	0.946212977339	-0.0706628714738
CARBACHOL	-0.287132886826	-0.346587466208	-0.347324120449	-0.471634330646	0.137472646853	0.79814240254	0.226085056022
TRANS-4-[8-(3-FLUOROPHENYL)-1,7-NAPHTHYRIDIN-6-YL]CYCLOHEXANECARBOXYLIC-ACID	-0.489416653295	0.232111670391	0.0652649659364	0.222854031867	0.368977275901	-0.60204521779	0.0421085457901
PROCAINAMIDE	-0.26218256541	-0.173024438965	0.0746590763432	-0.9223831506	0.393426654003	-0.0881272018185	-0.208909764021
TIRACIZINE	-1.34607749048	-0.206186687336	-0.300232279764	-0.167199511411	0.0498505711287	0.0221210582014	0.770181512502
BL-5583	-0.481166607195	0.354885777133	0.0269988944383	0.29133725668	-0.190813011024	0.605349340602	0.065359655619
ALISERTIB	1.34155527456	-1.59090118105	0.245483579049	-0.691751137691	-1.21901585811	0.940110226345	-1.66624219314
SAR-245409	-1.08830876996	-0.578379859583	-0.329847605738	-0.287271351359	-0.943782329767	0.371286542209	-0.231111162952
KPT-276	-1.15079562869	-0.540609586699	-3.29028894618	-0.753389239933	-2.0931590945	-0.802578519869	-3.25580028991
PROTIONAMIDE	-0.442316366741	-0.59164712001	-0.141919011783	-0.615841479923	-0.333459829918	-0.057075859098	0.378748130369
BENZOCAINE	0.67613975376	0.385815217765	-0.0668066047154	-0.200012599051	-0.0587243493846	1.45251707676	-0.450388232921
GS-39783	0.800322815863	0.30255017009	-0.125644008496	0.297169321132	0.159580946185	0.807900483352	-0.0141088161749
NPS-2143	0.267799396264	-0.361843615675	-0.411707631244	0.0586764461802	-1.04127287322	0.851772522745	-0.320084289766
(R)-(-)-ROLIPRAM	0.586170862964	0.238270287506	0.35099640325	-0.113963195014	-0.206721449688	0.163205266005	0.771757643053
	0.586170862964	0.238270287506	0.35099640325	-0.113963195014	-0.206721449688	0.163205266005	0.771757643053
ALENDRONATE	-0.340638865609	0.481486834945	-0.188161423538	-0.582006513882	-0.0597377215956	0.377976128177	-0.422000884606
HYDROXYTOLUIC-ACID	-0.76148283186	0.242804922363	-0.206635800781	-0.335876668414	0.297178279703	0.605176980768	-0.471793834272
TALIPEXOLE	0.417772148367	0.0526822120657	0.211901499246	0.784911338163	-0.342529064356	-0.0314197137363	0.20451258818
METOCLOPRAMIDE	0.945406947699	0.0659125228549	-0.255779561163	-0.442745491041	-0.567659172804	-0.611234885039	0.0887001937881
TIOGUANINE	1.18089040774	-0.283829914644	0.687458396814	-1.64927637171	-2.36078138767	1.06615366669	-3.13372732344
RIZATRIPTAN	0.72593174747	0.354506556995	0.315065761189	0.145866557938	0.00213858094598	-0.0370611296214	0.401063046139
MCPP	-0.471681627909	0.307832105044	-0.0654253419187	-0.0114386029681	0.249144848614	-0.0715602681171	0.560297410667
IODOQUINOL	0.0382359271448	-0.0976834262588	-0.402757650857	-0.564607071962	0.155835427837	0.446575975502	0.299342223119
IOPAMIDOL	-0.299056744122	0.128638982908	-0.349600121936	0.294048508238	-0.0578206792903	0.454054817574	0.444462991404
SU014813	-0.509933986198	0.642259411336	0.284866199944	0.873703882511	-1.26928648565	-0.231585836985	-1.23262611719
SCOPINE	0.0332462762526	-0.62808240812	-0.0272211067764	0.230474521276	0.0965864757444	0.592322118319	-0.86631131257
VCH-916	0.979699070712	0.759098328867	0.175502151347	0.749477846364	-0.555862711267	0.929791018346	0.505884516133
PIZOTIFEN	0.0878103765055	-0.558593160482	-0.574233433633	-0.207383013378	-0.0432134151021	-0.183897455936	0.0404613635287
PITAVASTATIN	2.33925384426	-0.866767415074	-0.900064306584	-1.89026145279	-4.12794265964	2.91516009164	-3.59688238505
OSELTAMIVIR-PHOSPHATE	-0.599175832206	-0.488308111838	-0.253174671614	-0.428550181951	-0.278174043003	-1.12306986744	-0.471282503049
(R)-(-)-APOMORPHINE	-0.209842460898	0.0717963650285	-0.13564259904	0.120333541615	-0.487662890814	-1.07979760006	-1.09344514795
	-0.209842460898	0.0717963650285	-0.13564259904	0.120333541615	-0.487662890814	-1.07979760006	-1.09344514795
GUANIDINE	-0.202461933879	-0.0960869235361	-0.223320678293	-0.47146356648	-0.977156175481	0.513337805769	0.415368202997
TYRPHOSTIN-AG-1296	-0.0431717769928	0.0438565860005	0.101487368052	-0.132306652248	-0.790883841735	0.430174543582	-0.317710572111
JIB04	0.132463778165	0.0478468737121	0.195916893519	0.556217645759	0.215893584824	-1.79724451396	0.21703747771
LOSARTAN	-0.38572982164	-0.504483699851	-0.0102061278008	-0.511431173172	-0.39349554706	0.377058287062	-1.1771826128
RESIQUIMOD	-1.15856751444	-0.734351980401	-1.03466250706	-0.454132191229	-0.418647092179	0.754611440183	-1.02381867511
BMS-690514	0.12713441594	-0.559836450309	-1.29859301889	0.253848257983	-0.668984985395	0.417789623179	-1.10017161225
PHENAZOPYRIDINE	0.515786794346	-0.822493642068	-0.0308222397935	0.0357136389174		-0.619589368123	-0.551046870843
PHENAZOPYRIDINE	0.191105208855	-0.349643466404	-0.440416986887	0.291563209675	-1.62816821055	0.596143652859	-1.22737911505
NITROMIDE	-0.597216422076	-0.581042584455	-0.197934575965	0.657466859722		-0.213748844525	0.310912578011
CCT128930	-0.0492714183086	0.752735623124	0.197344457532	0.364570849419	-0.501879402719	-0.533346580021	-1.81025340826
PIPERONYL-BUTOXIDE	0.148105949545	-0.389952085224	-0.0349483061056	0.331744881192	-0.417805073416	-0.539101437946	0.0758839687079
ENROFLOXACIN	0.0298789120382	-0.399923758357	-0.155180423319	-0.0383141209495	0.0864760224663	0.285145490766	-1.1989325309
PHTPP	0.153225476645	-0.209232185432	0.0698415395693	0.173956266841	0.124640395567	-0.890824991559	0.0576110219071
3-CARBOXY-4-HYDROXYPHENYLGLYCINE-(R)	-0.165958615748	0.830484163076	-0.123105074424	0.272616644694	-0.0816754804791	0.017545657851	-0.527675155561
NICOTINYL-ALCOHOL-TARTRATE	0.228432267429	0.406529200736	0.0348670071701	0.0436887617893	0.150839350416	0.151501005063	0.887696516634
MEBICAR	-0.0964937578457	0.0190078243907	0.244257173791	0.282124481228	0.128437939941	-0.260130701741	0.464163479411
IMIDACLOPRID	-0.650700134599	-0.362132723158	-0.0106576655735	0.572684638675	-0.732131550314	-0.110014420892	-0.514996140327
FASUDIL	0.320078766575	0.405001093487	0.0119492153578	-0.601271435557	-0.105467903972	0.608838950052	0.324593423936
IDOXURIDINE	1.06702343737	-0.674355642819	-0.379340306408	0.491826022053		-0.203064049143	0.457172020073
HOMOHARRINGTONINE	-2.83503771107	-3.98049314676	-6.11178396129	-3.66511009097	-6.38604102028	-3.07872538872	-4.39330338364
AJ76-(+)	-0.360540867749	-0.499135801953	0.0413792859994	-0.344645173495	-0.197637311144	0.64105090096	0.484810856554
YM-155	-1.74677533586	-3.15925649357	-4.83883536248	-3.11831331701	-3.67781925218	-1.48793132764	-3.33604537228
YM-155	-1.94186988662	-4.03447092477	-2.53180814386	-3.07265759334	-5.75484769311	-3.29525212143	-3.42346989089
NIMESULIDE	-0.131388504108	0.431191251604	0.021477216592	0.289796362366	0.096196212104	-0.189775097755	0.134522799574
SB-415286	0.108314477172	-0.17592447088	-0.128534591943	0.128847010581	0.0340268409291	0.317199844424	0.833227335492
NICERGOLINE	0.629953340748	0.672798004426	0.0638140088455	-0.0338297687768	0.194668753772	-0.212942193556	-0.71939464218
NICERGOLINE	0.491977846106	0.97322793527	-0.118945221204	-0.163046196969	0.0729543361514	0.0787545306533	-0.771358368674
L-ARGININE	-0.938162613895	0.449558698921	-0.0452301153024	-0.0993969834397	-0.0487207775486	-0.583624526727	0.111252967794
METAMIZOLE	0.0575796508248	0.375225463511	0.271341450781	0.0139692547968	0.544903066732	-0.277173117652	-0.444268391058
RS-17053	-0.468769109295	0.662748202904	0.068281659542	0.791942374263	-0.462170223336	-0.246368912462	-1.71942200725
TAZAROTENE	0.632660415002	0.978920731673	-0.0947850830267	-0.198788638655	0.643010767096	-0.577832138444	0.0646410087444
SULFANITRAN	0.773493335185	0.722456852915	0.690274124227	0.985465534823	0.293749039851	0.833780918035	-0.168029348262
TRIAZOLAM	0.00751147349225	0.0945514203779	-0.239381105574	0.586802883016	0.39501889941	-0.104931082457	-0.158525393389
CP-724714	0.0454830709198	-0.601415562168	-0.182940234639	-0.276968097952	0.42484667229	-0.179907304141	-0.322841812823
INDORAMIN	0.508705769549	0.56378954679	0.264648500067	0.66547186402	0.158341275837	0.203969989715	-0.381663482397
TRYPTANTHRIN	-0.478020293248	-0.526746826616	0.253126079087	0.513876813206	0.116602053092	-0.158469298472	0.106131604661
WYE-354	0.0543185801514	-1.45126812762	0.0595119204666	0.58251982447	-0.498131423278	0.210255190441	-0.568057779592
AY-9944	0.298663467469	0.125522019551	-0.0806545650447	0.182903688302	0.06958307865	0.0322213420668	0.517033419779
AZD1283	-0.0803107870705	0.233139802396	0.24301349524	0.0328958282383	-0.0543350300563	-0.507208332567	0.319640553076
PHTHALYLSULFACETAMIDE	0.43296889174	-0.049384151472	0.213555738126	-0.197179718381	0.204975527961	0.0275817879018	-0.328680662657
PROXYFAN	0.445979303368	-0.115861323241	-0.515255425516	-0.0768617195099	-0.21435777907	-0.997395152156	-0.576333055698
GAMMA-AMINOBUTYRIC-ACID	-0.402083682372	-1.25084351476	-0.643933679108	-0.39503633778	-0.809489669638	-0.57667906311	-0.55816457791
SODIUM-PICOSULFATE	-0.454886355786	0.467210283626	0.056101507246	-0.70233351788	-0.111711763373	0.244616327988	-1.08837878413
LACTULOSE	0.109423887578	-0.152193839673	-0.210071838062	0.543478145263	0.35502346252	0.884020531861	0.348257547948
CHOLINE	0.643428928799	-1.28133437789	0.20636671826	-0.165098569318	-0.39812706779	-0.417233432233	-0.287714634746
GALLIC-ACID	0.0429847133421	-0.0871786139457	-0.425884440472	-0.11271490133	-0.313917594587	-0.76920286185	-0.604748874165
NVP-DPP728	0.687928710703	-0.144886440054	0.326637304087	-0.325136838804	0.417905807547	0.627539910191	-0.0434923795568
ADEFOVIR	-0.213471745917	0.0625918045002	-0.229487508142	-0.18437202197		0.242619996135	-0.564272038517
TIQUIZIUM	0.376296723678	-0.153504523699	0.217021239808	-0.257745870226	-0.601612749274	-0.378160555604	-0.190269013136
TRIAMCINOLONE	-0.198837020734	-0.118612676463	-0.588327863891	-0.771813359887	-1.23438930783	-0.63761148208	0.13578092913
TRIAMCINOLONE	-0.859561227146	-0.0205956592667	-0.198709113294	0.17808727459	0.421012333575	0.189454512212	0.356758389639
TOPIROXOSTAT	0.432791805604	-0.79689546373	-0.200530719625	-0.0884164483667	0.261738476459	1.28601032494	-0.128710567158
DETOMIDINE	0.4859538141	-0.250053570452	-0.195537252094	-0.372286509635	-0.081460985372	1.06536031625	0.227246592993
VANDETANIB	-0.372036141457	-1.27663558714	-0.27020126564	0.0701544170949	-0.671049577347	-0.401513415218	-1.25526141346
A205804	0.866706831552	0.586959636703	-0.728352742628	0.163977926584	0.178952690041	-0.290894894563	0.557401187861
AEG3482	0.153104061669	-0.0794693277056	0.151798239964	0.139383084287	-0.299618476818	-0.0121255398559	0.0371570219557
CUDC-907	-2.13310620439	-3.44197447301	-5.16352117824	-2.69890689598		-3.44370270624	-3.83312478439
NAPHAZOLINE	0.538644867271	0.46871254527	0.248338927402	0.0840002519853	0.364898013118	-0.0990030528298	-0.397036125969
SB-200646	0.317121711784	-0.942043519383	-0.114969355497	0.325946452614	-0.150301720908	-0.915496085476	-0.849834265651
DEQUALINIUM	-2.92973610805	-2.1698469242	-1.36535368271	-0.177658911961	-1.48914475882	-0.598261183495	-1.40287423395
TIABENDAZOLE	-0.243080634216	0.214745976332	-0.135790945358	0.365999212306	0.130472563414	0.0831798370984	-1.30301298075
MOXONIDINE	0.304145629532	0.395722338526	-0.103203899671	0.424989973661	0.327627997313	0.934009473286	0.492958187618
3-DEAZANEPLANOCIN-A	1.19500837059	-0.042351097856	-0.986730246004	0.0221420368811	-1.74166970249	0.272590733489	-2.67620811845
3-DEAZANEPLANOCIN-A	1.54299519137	-0.0740242583693	-1.69432243167	-0.6357973078	-2.33764713725	0.890108037842	-1.20656393047
HYDROXYFASUDIL	0.0968457758113	-0.43749312843	-0.244048858413	-0.823527713166	-0.458905837218	-0.211088197801	-1.08237612859
AZATADINE	0.334975754196	0.131418157269	-0.0277765435799	0.607112283946	0.64045629514	0.0571044534364	-0.186644639483
BREFELDIN-A	-2.75952835337	-3.79763064111	-0.961822570243	-2.3924816245	-6.05187804306	-2.89557813513	-4.1048596392
U-104	0.0267011511345	0.0322588753323	0.235715646385	-0.417532137915	0.385907377845	0.682941579908	-0.137154168801
ENTINOSTAT	2.11566411523	-1.31947707125	-0.790986913941	-0.72961804666	-3.18197061308	-0.385017923755	-2.7859795135
QUIPAZINE	-0.738475465277	-0.455115614496	-0.178315198787	0.365143056592	-0.144737484845	-0.705360901596	0.91360021141
NVP-BVU972	0.186706295349	-0.179859409829	0.10834096288	-0.18348845975	-0.150601095915	-2.28911870336	0.177559041145
FLUSPIRILENE	-0.535128034321	-0.279097421906	-0.307416543856	0.0693005767157	0.453113461134	-0.536848917947	-0.313491715401
UPF-1069	-0.959803728788	-0.490758321454	-0.498426887573	-0.600676396899	0.093152463147	-0.173362002205	0.0761514024816
MEBENDAZOLE	0.284357581023	-1.05207667685	-1.55620305284	-1.66008424155	-4.02349993114	-0.972369914304	-2.94187933421
FUROSEMIDE	-0.305071253573	0.377155712922	0.0777631205775	-0.431261268604	0.310592677964	0.164291341504	-0.385069346601
LY2090314	1.0156646081	0.374699749766	1.07042295976	-0.208827858925	0.188654167328	-0.156706066884	-3.21215778496
4-PPBP	0.0712595051554	-0.183855475791	-0.314352590057	-0.0839926919834	0.0429688646827	-0.233619778167	-0.660432607621
GW-788388	-0.412061498016	-0.627953543977	-0.679902007048	-0.323425394916	-0.453612660467	-0.072414947533	0.279003828833
OXIPEROMIDE	0.236823170301	-0.564601834256	0.288780066239	-0.91532253017	0.401252286936	0.118415482919	-0.928708926415
ENOXACIN	0.503576351264	-0.355549608053	0.189284349719	-0.515194093449	0.904806215741	0.264331913212	-0.205637725725
LY2157299	0.152230730564	-0.31171545975	0.0473367501	0.145829022637	0.204396798521	0.215655512056	1.10905655622
NNC-55-0396	0.156824284558	0.170882111604	-0.118616004998	-0.155488037547	0.228964054976	-0.536212212773	0.088124882373
MENADIONE	0.55964760936	-0.521496794791	0.313496647188	-0.181128712476	0.0772561744575	0.945284864564	1.07214140048
A-674563	-2.68583867773	-3.34136610763	-6.13684599264	-3.2837108616	-5.686323013	-4.15084414052	-3.14860679414
OSTHOL	-0.30599478873	0.257400034958	-0.203748770344	0.0506372027776	-0.621831074232	0.342044675687	0.426596007718
MEPIROXOL	-0.39368024345	0.156395677303	-0.191814198491	0.260613226952	0.000643032268184	0.641411138066	-0.441454877081
GLYCITEIN	-0.116743396273	0.349336590243	0.134169177431	-0.0245811801517	0.449696661495	0.162320242485	0.406893174245
PF-4981517	-0.807470507891	-1.95764326781	-1.2930620048	-0.615459310341	-0.764451365096	0.864690930023	1.29149729329
HEMATOXYLIN	-0.6761541376	-0.579106890162	0.193015060292	-1.32866322512	0.183716012	-0.624069934081	0.155551129934
CRIZOTINIB	-0.00150910766063	-0.955495388767	0.545418836886	1.35382094216	-0.230257453315	0.0523349678551	-0.187845948889
WNT-C59	0.481349555689	0.343166334358	0.219673427023	-0.0687674637447	0.0804141928958	0.108504683221	-0.220567855232
OLMESARTAN-MEDOXOMIL	-0.213794739516	0.260204546431	0.320556535326	0.479922581973	0.292449230977	-0.0535090716979	0.302160575099
SCS	0.782055204955	-0.656386648521	-0.0164640355122	-0.578455860645	0.0517515889489	0.235113379227	-1.27576024689
LONIDAMINE	-0.159022086902	-0.0892326003592	0.0889369334087	0.42115779084	0.127373956763	0.633483075656	0.458987590119
DOLASTATIN-10	-0.186664331487	-3.23039782587	-4.82262430385	-2.67427115976	-5.7613471624	-0.915970729877	-2.5181919096
EXO-1	-0.507483992231	-0.312645071077	-0.370617143745	-0.42497426658	-0.142598362464	-0.260135358721	-0.115077647955
LY320135	0.908671127339	-0.181834596361	0.280309835921	0.228571906048	-0.61571926529	0.382721038454	-0.113323849841
BROMPERIDOL	-0.715026908759	0.0955567013713	-0.148582509355	0.0752932072847	-0.406209114199	-0.901220977985	0.421567727417
IXAZOMIB	-2.71559777613	-3.65560631936	-5.84654373783	-3.7907000698	-6.27637208041	-3.21086546563	-3.63463465231
PROCATEROL	-0.16894573553	0.627074998976	0.0799457618934	-0.384743674383	-0.195831238072	-0.0825330469817	-0.431326365563
LEFLUNOMIDE	0.600169492663	-0.479776941491	-0.0778964097755	0.157938205102	0.618000221173	-0.257617731517	0.389483756262
SB-328437	-0.108185346758	0.232534601437	-0.0191932612452	0.355063728559	-0.679423343336	0.332050610831	0.482519153497
BARNIDIPINE	-0.0323075974808	-0.0548078884069	-0.59483664496	0.340931405087	0.0883334964308	-0.00141688434474	-0.479673047891
PENTAGASTRIN	-0.421378946289	-0.431586907569	-0.383094349401	-0.430268355144	-0.150085101795	-0.280258591975	-0.15967935645
PENTAGASTRIN	0.150164567298	-0.127843832034	-0.336419853686	0.345656739585	-0.831331246521	-0.0968284903439	-0.208799017462
SB-590885	0.107810502203	-0.13542338331	0.132192992682	-0.244897387172	-0.265402339596	-0.738619872908	-2.161170788
SUXIBUZONE	0.0612715972356	-0.960845562328	-0.212855170621	-0.180569857413	-0.0542612019351	0.187519730653	-0.389119452131
N-[2-(PIPERIDINYLAMINO)ETHYL]-4-IODOBENZAMIDE	0.908808450605	0.342801183355	0.184976685368	0.309243378598	0.309786159311	0.278456704064	-0.447134763253
SB-742457	1.08548129238	0.0560548522524	-0.128084285232	0.570614086609	0.214001450676	-0.296857997196	0.656621265345
FPL-64176	-1.10689863151	0.0919419292943	-0.238875538396	-0.228385646584	0.158101574308	0.808007563418	-0.4549612295
OXALIPLATIN	-0.705109909979	-1.10964330815	-1.10085889038	-0.563918984866	-0.668411890194	-2.33657832189	-0.770953870524
OXALIPLATIN	0.427552024464	-2.16346489279	0.316386657771	-0.572212867249	-3.48963543679	0.0958076761666	-2.76472289658
NITROFURAZONE	0.0250524900492	0.194240871543	-0.203179952857	0.18844333395		-0.286460163739	0.876013635555
BROXURIDINE	0.483379867	0.42176324729	0.751837101727	0.817797710233	0.0500977357074	0.77014976465	-1.50242767868
IDALOPIRDINE	0.0958369429513	0.515344921073	-0.0755607456505	0.324924154382	-0.212772805546	0.24320259634	-0.999647884453
PROXYMETACAINE	0.530599050201	0.446596535194	-0.286411148393	0.0750831542421	-0.0437376655645	0.115071324546	0.0826501201639
IOXAGLIC-ACID	0.313477739243	0.216974346225	-0.0249176372876	-0.257715693553	0.343879688816	-0.922533432498	-0.376107933353
ALBENDAZOLE	-0.618867950672	-2.50116861648	-1.13137921826	-1.72572040744	-4.43618281122	-1.37479169297	-4.89375516373
PIBENZIMOL	-0.0612239028969	-0.5341099159	-0.423849247826	1.20823840098	-0.358097411996	0.078663424634	-0.209276241525
NIMORAZOLE	0.18313663458	0.46337680093	-0.243664626136	0.366034708057	-0.0342101183892	0.131543170159	-1.11073742966
DIBENZEPINE	1.29123124506	-0.365021712973	0.0154389481977	0.242278431639	-0.0276209693074	-0.354533073239	0.954268330486
PF-573228	-0.492231616672	-0.973403918064	0.693350963418	0.0627742891104	-0.514509343793	1.23443790494	-0.315807249374
DECITABINE	-0.993000691016	-0.420783044579	-1.64458744228	-0.664879028506	-1.90517731649	0.64021391651	-2.57856060253
NVP-BHG712	0.109749144041	-0.772353600354	-0.00729697170898	-0.775687670352	0.309478935144	-0.150363856484	-0.748007479733
METHOXYAMINE	-0.456238067219	0.173417394211	-0.130203471705	-0.468273847909	-0.496911233195	-0.0993701218177	0.244949779316
ERYTHRITOL	-1.06724758853	0.657340331105	0.0574150553066	-0.868752753748	-1.0191975247	0.54553590059	0.178879570062
ENZASTAURIN	-0.149992399862	-0.00173537892449	0.176557405283	-0.594095393578	-0.391364232849	-1.22392020892	-0.753463406258
BENPERIDOL	0.502511986234	-0.108639857163	0.546262272399	0.00731452819478	0.221756668883	0.166464821383	0.103508177412
ACETYL-FARNESYL-CYSTEINE	-0.678611931268	0.272630967414	0.077705958115	0.0981428383091	0.469849128906	0.102592470858	-0.730733018547
CYCLIZINE	-0.227384533271	0.017472726896	0.0168047096225	0.175652508642	0.368663564716	0.398435997425	0.151446819487
RI-1	-0.381280543212	-0.324570950055	0.208136092046	-0.204083201931	0.111927238016	0.460444271171	0.138839639421
CGM097	1.05805870446	0.0376389348963	-0.335804845281	-0.419431688456	0.320491105429	-0.0801134905792	0.636751738002
BAVISANT	-0.721630009719	0.144018807106	-0.0934888438585	0.335525605815	0.308888702266	-0.839287358472	-0.16130299856
METFORMIN	0.492622395013	0.027591348999	0.776985567517	0.302365753553	-0.0324011290619	0.4225862214	-0.169502726185
INOSINE	-0.763619819768	0.314506369108	0.75253279754	-0.867907392013	-2.01553889182	0.60442089702	-1.15053409589
INOSINE	0.0548449607661	0.164431109418	-0.20580995018	-1.14137496198	-1.23718822714	-1.17555299042	-1.28804190153
XILOBAM	-0.19026856636	-0.027438801542	-0.396415059034	-0.647149776646	-1.39627021987	-0.498452554486	-0.413397232987
RO-10-5824	0.651713406012	0.353298055529	0.634267451444	0.384174091297			0.407314014622
THIAMPHENICOL	0.591525709277	-0.565099104173	-0.246155944563	-0.14818000206	0.267891809592	0.0892388710145	0.296196258787
UBP-302	0.19750916606	0.929992335161	-0.121233932553	0.215654654229	-0.613455535309	0.152272645347	-0.340609996895
SILDENAFIL	-0.226502717047	0.389231334911	0.323755425165	0.422893375545	0.558268183365	-0.420780143124	-0.175252201094
RETINALDEHYDE	-0.0242638536052	-0.759337026092	-0.395573388604	0.295788500536	-0.507993374231	0.186233872649	0.580157783022
PHENOLSULFONPHTHALEIN	-0.760013877838	-0.426266910821	-0.224802438448	0.0382619646683	-0.279806301881	0.1475487365	0.315876569023
GABAZINE	-0.165575043375	-0.10214398723	-0.229193456897	-0.513272383574	-0.181055440455	-1.62317112124	-0.287561617873
GW-583340	0.13959589189	-0.457206067536	0.373244577583	-0.170158059681	0.242045103831	-0.843311755984	0.653538401766
RIVANICLINE	-0.0711504935548	-0.311769964754	-0.0211569045332	-0.397079352088	-0.36310974945	0.085221077672	0.225456828475
NESBUVIR	-0.223233475044	-0.991352274942	0.256426353996	0.0579403413319	-1.13099611618	-1.29541892776	0.13423926028
CIS-9,TRANS-11-CONJUGATED-LINOLEIC-ACID	-0.578883522171	0.117449668276	-0.348991406104	-0.171930586328	0.53453083178	-0.177809944105	0.387420614966
ALPHA-METHYLHISTAMINE-DIHYDROBROMIDE-(R)-(-)	-0.00964773804046	-0.626147935442	-0.202310555259	-0.463153153982	0.0205284286862	-0.080071281937	-1.07147658931
CLOPIDOL	0.278354879835	0.22356462853	0.151592306309	0.333797281995	-0.406464584032	0.623688630918	-0.622983739627
SODIUM-GUALENATE	0.398517255618	0.330432032451	0.119479603762	0.115569876602	0.418769659929	0.23179719093	-1.02817756495
IEM1754	0.0151730714548	-0.133408535177	-0.0686147517425	-0.0884852828831	-0.0170789388022	-0.888977430815	-0.101945351966
OTAMIXABAN	-0.0646303215574	0.553253159863	0.140836064786	-0.278093118571	0.327002574866	0.304232623555	0.373008133019
URACIL	-0.169700639326	-0.018683102864	-0.10716598382	0.387560905817	0.167165183126	0.739931410866	0.20450948215
AMIFAMPRIDINE	-0.236090130372	0.180637244517	0.344220710352	0.129866961616	-0.0222382221021	0.166741382128	0.708686755571
AMINOSALICYLATE	0.531681731074	0.255367605609	0.0386100798969	-0.936751643789		-0.107219985247	-0.467882682748
AMINOSALICYLATE	-0.504660581973	0.516580361978	-0.539054867467	-0.245958902662	-0.926222426563	-1.13303307318	0.335380474084
DPPE	-0.740308498185	-0.0584886537746	0.0491339948528	0.0498213918641	0.418233414246	-0.309624769306	-0.117283080233
TAK-285	-0.413155596529	-0.937806525599	-0.702624483175	-0.321925847634		-1.77748984215	-0.752555942112
SILIBININ	-0.383855240304	-0.175814550345	-0.184791902792	0.0241658251097	-0.547797466893	0.18323062627	-0.0172800824404
GLIQUIDONE	0.580494823634	-0.0723242023638	-0.247670615854	0.046789479867		-0.0462108810001	-0.142401491261
TRICIRIBINE	0.0406368731451	0.772594500107	0.32685778273	-0.263720480096	-1.60647038697	1.12806844869	0.474051799888
TRICIRIBINE	0.332213113557	0.265761443048	0.197270844524	0.355271484956	-0.434258337016	0.308375743653	0.184828362989
ZAMIFENACIN	0.213120386926	0.194322411741	0.174657529083	0.701734518156	-0.112626705196	0.292595358792	-0.589622453937
REPSOX	-0.163614736942	-1.14607427667	-1.75471575876	-0.786199882677	-2.81265969931	-0.300460884698	-2.70121201464
ERTEBEREL	-0.0499637860535	-0.333846278104	-0.197813261882	0.369575129808		0.0316367556631	-0.672838183512
SB-258585	-0.250093105601	-0.29418760111	0.128305788172	-0.328138478384	-0.650015663961	-0.23868242096	0.101600849188
N-ACETYL-D-GLUCOSAMINE		0.230088411813	-0.223057348219	0.170739275631	-0.0910602943829	0.0212943010512	0.672488408486
SGI-1776	-0.464676752326	0.211260082768	-0.21083680874	-0.404148768643	-1.18118502243	-0.0135911340717	-1.07438501942
RS-16566	-0.620231406729	0.224285708253	-0.217499080909	0.051347983092	-0.205463087544	1.10667739443	0.952501406952
RO-19-4605	0.282995580646	-0.111312773579	-0.488587818565	0.0295419652653	-1.4559592769	-0.883458571595	0.101454086071
AZ191	0.301170151842	-0.927220313062	0.0766390330967	0.747444759094	-0.0283500055894	0.0781880469556	0.00709655904138
INC-280	-0.245942496069	-0.210472778668	-0.340449021463	-0.0558849133		-0.473857030905	-0.605757103093
TAUROCHOLATE	0.975589709363	0.487257273824	-0.107593524734	-0.358637264933	0.151158418921	-0.331536572087	0.426577238591
AZILSARTAN	-0.335991833567	0.260957211089	-0.434729103689	-0.257606496841	-0.146992958797	0.458557019582	-1.25735653483
PHENACAINE	-0.407874001918	-0.610060445296	0.0108839566857	0.168494340461	0.0461742052133	-0.116857361463	-0.598825582109
FOSFOMYCIN	0.770064884178	0.152103853382	0.0853250305566	0.244852709096	-0.342179605119	1.21436178503	-0.207347833252
EDROPHONIUM	0.636820900884	0.0240272205652	-0.0817005155584	-0.341411582365	-0.131841856743	0.132617776028	-0.68041383229
SALICYLAMIDE	0.216943316276	-0.187594173788	0.334832347959	0.573923950933	0.284559856206	1.3789057756	0.627586351018
LEUCYLLEUCINE-METHYL-ESTER	-1.27942243693	0.286243517804	-0.141215530037	-0.130455773307	0.229869676102	0.330700466119	-0.737240491402
MOXISYLYTE	-0.402227351831	-0.972000095767	-0.582018297236	0.834042113079	0.0405571211127	0.284842529475	-1.37668020956
NSC-632839	-2.26356737428	-1.50801021135	-3.94218409589	-3.22502679654	-2.99407621963	-0.11063604324	-3.26962566989
SCH-58261	0.217138062848	0.514015058123	0.385324958823	0.152157131273	-0.266477349735	1.2657519197	0.113711021982
DANTROLENE	1.08192332634	-0.248175722921	-0.300207411267	-1.23185053254	-0.063388020109	-0.43900653365	-0.119356884316
4-MU-8C	-0.467537187774	-0.84952473359	-0.174356419165	-0.481473305909	-0.418573623835	-0.548171778431	-0.426244982384
ZOMEPIRAC	-0.175174997636	0.0334000976976	0.121748036716	0.163873222301	0.508709659525	0.125649953607	0.0990423901378
TIDEGLUSIB	-1.03861672638	-0.86612588113	-0.53318394614	-1.35698175778	-0.539112886508	-0.680130590308	0.473813397027
MAXACALCITOL	0.263620558654	-0.615677285374	0.492104988645	0.0544815064719		-0.959471016493	0.945348259741
TCS-359	0.506097485711	-0.132744525944	0.0765343672557	-0.00876567428521	-0.0655007716539	0.34217306913	-0.213781781106
VORINOSTAT	0.290420845486	-2.12944970546	0.407919070885	-0.309295420855	-2.15979945952	-1.02681371193	-1.71620658163
LINCOMYCIN	-0.464661115063	-0.140032785931	-0.34485492487	0.222866740849		0.822074977054	0.694180983729
CX-4945	-0.187753182482	-0.889767231019	0.756337693309	0.248198539541		-0.201281821429	-0.179753176774
TANESPIMYCIN	0.344938044409	-2.7493302963	-1.92113146053	-2.18984133313	-3.30587273918	-2.13277904197	-2.70295141833
TACRINE	0.35399149097	-0.0845389646448	-0.137267802476	-0.0941594542282		0.17738290426	-2.23832194254
NILOTINIB	0.102937426561	-0.531090074688	0.389071051066	-0.315457607884		-0.326014679838	-0.189478837183
AC-264613	-0.3570131647	-0.500575072932	-0.0950964355421	-0.39195966788	-0.147115810362	-0.942323013208	-0.609814993135
CK-636	0.0793225306706	0.0908287811792	-0.261783499965	0.187533973467	-0.224534464333	0.733757448474	-0.569152759588
GASTRODIN	0.36987246321	-1.27996562654	-0.196217956857	-1.47157229971	-0.787624012908	-0.257704811616	-1.05658883424
EIT-HYDROBROMIDE	-0.275497079424	-0.133978271278	-0.344754498369	-0.0482760441532	0.0642510386622	0.614733609887	0.0180291901724
NKP-1339	0.632355821423	-0.384994683053	-0.00721800539111	0.290030351264	-0.133704731754	0.181133372686	-0.49438105628
CAPTAMINE	-0.467137317785	0.522778108448	-0.971994872365	-0.956102390492	-2.16070758845	-0.568948063398	-1.23445792294
3-METHYLADENINE	-1.00639197931	0.129250259225	-0.093433967939	-0.501122004922	-0.072323585479	0.33668056451	-0.403639660455
DINOPROST	-0.691276988753	-0.380080102535	-0.549331307099	0.0557655774654		-0.0705214082624	-0.711875407555
VTP-27999	-0.288406720462	-1.19972349446	-0.307751880908	-0.879439456782		-1.1946029145	-1.19114889824
WZ8040	-0.376818489321	-0.266289500945	0.273004089503	0.978937378727	-0.32302307275	-0.907085445633	0.314944646345
AQ-RA741	0.186242951607	-0.595864138715	-0.197672853284	0.1672436037	0.359646574161	-0.0905679099142	0.27715601187
EXHERIN	-0.83976557419	-0.767902069265	0.109166946676	-0.373579238062	0.090989696096	0.16132476857	-1.19910091411
PP-121	-1.73607297718	-4.04697000055	-3.92754686494	-1.70138297959	-4.06644990377	-2.07800237277	-1.98045230406
N6-METHYLADENOSINE	0.588437168009	-0.152363694597	-0.0574508697633	0.129983069338	-0.0360299254367	1.10368026922	0.571616303722
ESTRONE	-0.367317759141	-0.134384631939	-0.326090462275	0.40392973871	-0.0697887870014	0.760726637041	-0.00487066008824
ESTRONE	0.528777421673	-0.057793793224	0.0566808297685	0.235556297415		-0.0299197336508	0.204023776632
ROXATIDINE-ACETATE	-0.59540615464	-0.0659141228647	-0.381017123847	-1.06808704648	-1.50059425938	-0.228003919438	-1.02561328885
CP-93129	-0.0146129625045	-0.0950144729111	0.334129231336	0.0988677923079	0.343486342831	-0.136669632411	0.398758224706
TRICLABENDAZOLE	-0.514890858895	-1.07944017442	-1.0827058834	-0.866008484771		-0.852010628183	-1.01357769862
SEMAGACESTAT	-0.0327936228854	-0.33468557646	-0.442428011464	0.0146794655561	-0.811871776275	-0.396310763427	-1.39464256284
DFB	0.247738355432	-0.377090029515	0.199322182877	0.378767553445	0.469852624502	0.167578244121	-0.177562365983
2-HYDROXYFLUTAMIDE	-0.296752479746	0.377817188915	-0.0693917555757	0.339802603233	-0.126498170137	-0.531335886367	0.471930147459
CGH2466	0.573815213989	-0.348340273524	-0.4861463354	-0.626069910034	-1.20085900099	-0.315091742982	-0.136042282175
SERTRALINE	0.118654670768	0.306550988399	-0.231207973983	0.186142312245	-0.383663394259	0.781118414335	0.0836443482573
SB-239063	0.135800773027	-0.442386521337	-0.201886600643	-0.678107690286	-0.287354679931	0.2341586652	0.0574305258152
ETHYL-VANILLIN	-0.520653665296	-0.000488966016268	-0.379576867305	-0.188730273337	-1.04438002218	-1.22261778711	-1.2706764991
AMFENAC	-1.70195738343	-1.4654083644	-0.346572490296	-1.02996140555	-0.273077161059	-0.840101068127	-0.981679412618
ELESCLOMOL	-1.47691716943	-2.95852621866	-0.855002023138	-0.913369230743	-0.884823980176	-0.550883783267	-2.13163783602
BETAMIPRON	-0.271609218921	0.153125143474	-0.0519750196326	0.118197972484	-0.0354769128313	-0.393490160492	0.138487626201
FLUCYTOSINE	-0.870835376595	0.565682552423	0.142485468816	-0.532169577113	0.259443334617	0.259878202926	-1.60457908233
ANDARINE	0.272267753174	0.8080877519	0.326508794181	0.254479998711	0.397753828447	0.556709739149	0.194751535878
SODIUM-OXYBATE	-0.716576100459	-0.122465306243	-0.146675378341	0.462932689126	0.0555241805788	-0.0443559033234	0.361280315173
PYRITINOL	-0.982555227583	-1.0473959504	-0.741392312374	-0.840528260926	-1.1016929523	-1.60714939038	-0.50541170292
ISOSORBIDE-MONONITRATE	0.326070259472	-0.180748776566	0.291643485849	0.413496738854		-0.142424804983	0.137107525428
TRAMIPROSATE	-0.428299855773	-0.0238154935848	-0.116135955341	-0.0851290722589		0.132347386804	0.675908314933
N-METHYL-(-)EPHEDRINE-[1R,2S]	0.124242565817	0.337610678704	-0.30363387181	0.493300187259	0.401278018639	-0.646449532074	0.26021593358
DICOUMAROL	-0.429464159046	0.136497574694	-0.441079061132	0.149095918355	-0.291419795049	0.498101862792	-0.210767078191
BINIMETINIB	0.88561831185	0.11765610817	-2.15687690565	-0.99996180818		-0.0933656703746	-2.58229037268
	0.88561831185	0.11765610817	-2.15687690565	-0.99996180818		-0.0933656703746	-2.58229037268
PROPOFOL	-0.248164568004	-0.174721436654	-0.0401537059633	0.167964834866	-0.123422177537	-1.43917453337	-0.264259786758
ADRENALONE	1.2700065114	0.546006881432	0.645847211707	0.442880983985	-0.40909252962	0.893935136278	-0.0468002332736
DESLORATADINE	0.483010175813	0.282485939786	-0.741579294419	0.202203862131	-0.326284997733	0.636909437347	-0.750168142257
ACETYLCHOLINE	0.565185374932	0.507171978693	0.130294601683	0.165626017185	0.491565829852	-0.201350071045	-0.483112594369
IPAG	0.226404316731	-0.211468800217	-0.569951333497	0.027075331653	0.350298138005	0.0505348761249	0.19640442334
SB-271046	-0.742000933218	0.182200769315	-0.170779862024	0.416598873934		0.161153665521	0.508370845911
CARMOXIROLE	0.362913954626	0.177397157539	0.593907064353	0.706675012363	0.116040929079	0.531208733364	-0.253393300445
N6022	0.186072075642	0.675851443537	0.347672610606	-0.0713943860061	-0.0426811271694	-0.174903164141	-0.192550952558
TOLMETIN	0.770944128268	0.0957618240541	0.168313983996	0.550660380293	0.277894370344	0.356565220464	0.897456298373
ETHYLENEDIAMINETETRAACETIC-ACID	0.0287001506055	0.00659099815088	-0.261861016105	0.0306761235258	0.180286666766	-0.292746859426	0.00558688639793
ALMITRINE	-0.691630239933	-0.836321664317	-0.446739504524	-0.145580936994	-0.0807108077631	0.684411318253	0.11105821744
OLOMOUCINE	-0.407551908656	-0.0636573770944	0.0164028892045	0.0797404824767	-0.421163212353	0.028539996552	-0.323322240274
NAVITOCLAX	0.655689515535	-0.713545571783	0.306562854545	-0.327281706426	0.233413411451	0.733918357202	-0.917424044257
DAZOXIBEN	0.491061195536	0.238284725199	-0.270652454367	-0.111035049025	0.129458066282	0.321634922085	-0.940729337303
LORATADINE	-0.00176658109301	0.360547194779	-0.318996550245	-0.0702348664582		-0.286227041336	-0.439216424709
INOSITOL-HEXANICOTINATE	-0.324970666847	0.195933488079	0.244072893618	0.394008797605	0.307225867273	0.437268575251	-0.660924087437
BATIMASTAT	0.116453005369	-0.114928543427	0.0829538626988	-0.717994842761	-0.508882840527	0.978439070193	-0.769276337979
BATIMASTAT	-0.596567338438	0.163118429214	0.442557709674	-1.38474370754	-0.564376547472	0.75972260142	-0.692615930232
RO-15-4513	0.357246336607	0.50113026692	0.000982583661536	0.173925016685	-0.0414879360187	-0.512185653408	0.250785527035
PD-407824	0.188385609477	-0.802344315814	0.522275376608	-0.967801001669	-0.502583669809	-0.3830298081	-0.153391081795
REPAGLINIDE	-1.03840460811	-0.660411817862	-0.900223467742	-0.935371883107		-0.743216087743	-1.45310985473
NAVARIXIN	0.618989271643	-0.143507081474	-0.150904618552	0.0107221026795	-0.130655851223	-0.0180357367986	0.0784900350381
DACLATASVIR	-0.561299670257		0.0582110916712	-0.0832071488721	-0.155037810623	-0.633808144674	-0.519780258282
3,3'-DICHLOROBENZALDAZINE	0.148548096954	0.3781167804	0.171371260512	-0.0566272543343	-0.317680009272	0.534755952454	-0.00054798424339
ACY-1215	1.17803327873	-0.861308245621	0.16454449102	0.411191821556	-0.542054809713	0.7970630326	0.324510689018
DOXERCALCIFEROL	-0.622677669624	-0.732492179399	0.125686400986	-0.0157493558865	-0.58991600347	-1.65131352987	0.00871830768851
ROSUVASTATIN	-0.230796349151	-0.0464852158823	-0.148212639055	-0.0820970618594		-0.920883560482	-0.0347586303455
CEFTIOFUR	-0.161222931129	-0.196283212142	-0.438702626926	-0.179303895916	-0.357940783426	-0.543440142051	0.472930148807
CEFTIOFUR	-0.226706972748	0.421299138262	-0.0732441844742	0.168472734686	0.450551609754	0.506300799446	0.398858438154
MIRODENAFIL	0.0388518019164	-0.333142603964	0.105584599353	-0.476517256548		-1.14884986893	-1.37092272197
GW-0742	0.193231844692	-0.490607472082	-0.171903408171	0.0981692281499	0.158542544892	-0.253675178928	0.601893479666
ALOGLIPTIN	-0.207963635503	0.837171771261	0.36750317935	-0.531645203908	-0.849300484264	1.48221751638	0.919065792594
CI-844	1.19453771367	-1.13839243522	-0.388368922558	-0.881461887122	0.102302373287	1.82285525049	-0.761571356341
GR-135531	-0.525828650688	-0.149983911766	-0.0836948241252	0.583061056362	0.237034159531	-0.117946758368	-0.193199065782
SALICYLANILIDE	0.181269880495	0.341908980295	-0.372587740494	0.210851653025	0.0917660707133	0.74906967175	0.32839380424
RS-102895	0.154464821314	0.261044152188	0.251618915749	0.293169793891	-0.486954554795	0.331256561699	-0.695623115934
ETOFYLLINE	1.09783172405	-0.235446470401	0.20423777139	-0.087016074822	0.161873461742	0.344667370091	0.708129200096
AZD1981	-0.181610449945	0.0204136356655	-0.280134976264	-0.0171107383724	0.188033627141	-0.512323456573	-0.775827631697
UNC1215	-0.578385577871	-0.191495398296	-0.456888665256	-0.41496075442	-0.507052495735	0.263428414507	-0.274573781915
DIMETHINDENE-(S)-(+)	0.85143584812	0.459031235105	-0.134412774042	0.170896506955	-0.51052682041	-0.0133821306094	-0.472568641089
PILSICAINIDE	0.261131950781	-0.0992275757688	-0.248600784145	-0.527291560201	-0.256810685768	-0.18175007816	-2.03544439937
CHLOROPYRAMINE	-1.18920062464	-2.73469530517	-1.63385462212	-1.47944435543	-2.52742481581	0.819653516692	-2.21640221416
L-693403	0.277946026434	0.45088159867	-0.27866764034	1.1576881821	-0.129397293522	-0.589984903763	-0.0676178062241
CHLOROXOQUINOLINE	-0.508426232508	-0.0889346824442	-0.0946053271646	-0.295549711322	0.217272709628	1.12967245198	-0.736958221629
BARBITAL	0.117372973228	0.100575915274	-0.068776493767	0.511822314361	-0.00637407622098	-0.531173551053	0.511660929875
PIMAVANSERIN	-0.827710415669	0.100117297867	0.0455875120217	-0.114855911653	0.198859922384	0.140283704805	-0.672133542048
SINOMENINE	0.769022589408	-0.142971796659	0.157274411447	-0.549679957191	0.278561497912	0.156735442104	0.294169592918
FK-888	0.585498046868	-1.85583582196	-0.259948387344	-0.222973071673	-0.571663122153	0.59584768898	0.23309540525
LEVODROPROPIZINE	-0.41884483963	0.52475635461	-0.383136203023	0.032659307038	0.289655441384	0.614633210517	0.245972080919
LEVODROPROPIZINE	0.457412420436	-0.496362269035	-0.3085055333	0.174146838672	0.0677799553291	0.637525656169	-0.0783779627541
PARGYLINE	-0.0825147724443	0.0225288833607	0.175683036656	-0.175685232872		0.215209102911	-0.688231603928
SKEPINONE-L	-0.804183671137	-0.409156017919	-0.400254618767	0.379145556401	0.103907550706	-0.0523160584139	0.00958446843504
ENTACAPONE	0.523780778987	0.0228870848831	-0.350205580953	-0.0918517862734	0.0182483544625	-0.315597851171	-1.22382461764
NMS-1286937	-3.97272437122	-3.38841439206	-2.80996745259	-2.69241688281	-5.95365408345	-3.07849133705	-3.90661067621
AVAGACESTAT	0.672519875775	-0.465110997322	-0.0989366707461	0.319711239126		0.377847828505	-0.784490886331
METIROSINE	0.0759559387425	0.301030821859	-0.0222917403038	0.114622776341	0.310210652556	0.365979902996	-0.747058559401
PALOVAROTENE	0.395692943718	-0.568716155288	-0.55952097002	-0.567159809442		0.32344920276	0.148351050778
PTC-209	0.917071141968	-0.596513422178	-0.204745704829	0.159665217721	-1.77440873636	-0.821626305274	0.349012149704
JNJ-26481585	-2.16287993321	-3.34871151317	-5.26469573963	-2.16618122247		-3.3991862159	-3.22881076485
GLUTAMINE-(L)	0.215885648409	-0.165319967138	0.137087703976	0.193549133001	0.165518965412	-0.0438774277953	-0.413052732606
	0.215885648409	-0.165319967138	0.137087703976	0.193549133001	0.165518965412	-0.0438774277953	-0.413052732606
MLN-8054	-1.4055701494	-1.65942940084	-0.918880443204	-0.152111116196		-0.944207703436	-1.07117610908
	-1.4055701494	-1.65942940084	-0.918880443204	-0.152111116196		-0.944207703436	-1.07117610908
ALVESPIMYCIN	-1.20510547697	-2.86018796753	-5.63338122606	-3.96040645716	-3.73880078972	-3.20759913893	-3.7485014366
ALVESPIMYCIN	2.05160710499	-3.30420060869	-5.27947625748	-3.48448830297	-1.26011953216	-2.64503084592	-3.84847939491
NIZOFENONE	0.417563274653	-0.118364622683	-0.0363012512769	0.112263331985		-0.293997464945	-1.30471658586
2-CHLOROPYRAZINE	-0.747809959069	-0.0564342635964	0.212519182938	-1.57912136888	-0.26936059852	-0.302553581014	-0.95901821123
CANDESARTAN	-0.83233322077	-0.537253906707	-0.344806143754	-0.750332431547		-0.687819196227	-0.407405757619
ERCALCITRIOL	-0.969417523775	-0.319557994611	0.3687181364	-0.364757140406		-1.2623608335	-0.265714367348
7-CHLOROKYNURENIC-ACID	-0.256150520882	-0.178432148181	0.165337174437	-0.611470583556	0.322254331502	-0.317925332947	0.218591328181
BRL-50481	0.396614320318	-0.42004624837	0.153744881617	0.178936898201	-0.0307427078677	1.20665167109	0.413578731974
NELARABINE	0.117794337101	-0.502231289561	0.271676663022	0.0139502865559	0.579096376645	0.324483476283	-0.0843598192713
SODIUM-TETRADECYL-SULFATE	0.527697653642	-0.605792046095	-0.381085572112	-0.44860587032	-0.426063373853	-0.236243089183	-0.81567822673
TELATINIB	0.18297438651	0.324849413505	0.0998953447472	1.11161794813	-1.02760730707	-0.133814912843	0.00988991680191
TREQUINSIN	0.301153882333	0.737059673009	-0.446258854005	-0.364480395979	-0.147704852588	-0.606486493305	-0.969171423103
RADEZOLID	-1.60751111904	-1.02197990877	-0.741248172653	-0.280536537501	-0.745410704265	0.697707282226	-1.27566616142
AGOMELATINE	-0.426236405966	-0.153016456237	-0.887760688329	0.212751823291		0.157959514808	0.13252969061
VICRIVIROC	-0.852073239938	-0.346120639567	0.164984833743	0.2355312031	0.119191784081	0.508684243277	-0.094661607795
RIOCIGUAT	-0.821526519061	-0.351127886879	-0.221038142072	-0.41935352227		0.0546764778747	0.11532696764
DIDEOXYADENOSINE	0.289578320476	0.517840735275	-0.449470370291	0.115401354707		0.119249183124	0.93744605837
SODIUM-TANSHINONE-II-A-SULFONATE	-0.484824755752	-0.619745944464	-8.76577831689e-05	0.0662524081043		-0.109835465887	-0.132971520526
ALMOREXANT	-0.253286379443	-0.80012157357	-0.377663775165	-0.000157718006221		-0.36264387268	-0.563051940048
IOWH032	-0.0181115548817	-0.706605640784	0.0959546592822	-0.293661282529		-0.122674771024	-1.01912196041
BMY-45778	0.401251212093	0.70248188851	-0.394895594387	0.000601558786978	-0.58051734279	-0.774424700618	-1.70395908327
T-5224	0.565533303027	0.199639859526	-0.111629549646	0.166470272588	-0.00330190707702	-0.253719674117	-0.47284234363
SIROLIMUS	-0.117079659351	-0.508480500321	-0.213426919119	-0.870309979904	-2.4835146021	0.497463899182	-2.0591567564
DARUNAVIR	-0.464560081228	0.639121661141	-0.281962346247	0.284674415722	0.28912601801	0.945329566463	0.438201171809
AZD3514	-0.118214912778	-0.76399124568	0.491527847569	0.735587427873	0.39121614525	-0.52641485548	-0.507297095345
AZD2461	-0.613849633652	-0.102659918149		-0.0441448605706	-0.240116442943	1.2423965274	0.977138933315
NNC-05-2090	0.19093355822	0.503049722541	0.217058435455	0.136874082915	-0.620427816264	0.410650873575	-0.614973749137
RAMOSETRON	0.423746568004	0.0296781049065	-0.030388781276	-0.733524736434	-0.0405571052899	0.393795020576	-0.256936959528
GLY-GLN	0.581700761373	-0.412800397292	0.139338719807	0.00799805820839	0.134206820653	0.697679657639	-0.369555159934
PILOCARPINE	0.482046833554	-0.110583693849	0.0829994832139	0.00570746091435		0.0353637053373	1.12648188013
TOLBUTAMIDE	-0.64335689413	-0.783604539929	0.00256159261265	0.232681440521	-0.347203207171	-0.342127533807	-0.0680137490326
APHIDICOLIN	-1.86598901256	-3.48577888403	-1.92894283081	-2.99896119705	-4.3284698331	-1.69669725928	-3.19639436893
FOSCARNET	-0.3421454587	-1.21826269226	-0.544538071813	-0.406498337312	-0.795003867262	-0.166496580715	-0.677080220453
FOSTAMATINIB	0.794729893426	-1.5971268934	0.192198966461	0.28718519857	-2.4198523164	-1.39035218928	0.382309641342
NOVOBIOCIN	-0.181157899929	-0.440755951705	-0.200121169316	0.39570610634		0.0361140575058	1.08870552764
NOVOBIOCIN	0.0914671537968	0.437454312835	-0.206892947772	-0.478734733465	0.000840345025674	0.460477997448	-0.476227012288
RAMIFENAZONE	0.107255558877	-0.0608894956681	-0.217035756015	0.602317803639		0.346419668948	0.45447287128
OTILONIUM	0.321798378255	0.107952079311	-0.241994241107	-0.0814447198437		-0.150279862422	-1.38040726213
DOVITINIB	-0.73717161645	-4.00631258861	-3.73989337257	-1.22599416681	-5.08863010581	-2.10011881018	-1.7643122034
DOVITINIB	0.781370442843	-2.15729988602	-0.254404627627	0.00924968892695	-2.61726349227	0.393042855802	-0.829780867956
SOBETIROME	1.09322843521	-0.715562016485	-0.129749534704	0.136820615177		-0.404829880851	-1.71285056379
STF-62247	-0.0687626707452	0.319947503775	-0.68994733241	-0.43093593859	-0.890206050299	-0.769477969028	-1.39804491998
PEROSPIRONE	0.609015035705	0.274111053477	0.343170035507	-0.202218746455	0.112624149806	-0.311141444535	0.46877604307
IVERMECTIN	0.120596376762	-0.402158871008	0.305696907282	0.685846500874	-0.429313676781	-0.0464512077713	-0.738508758292
IVERMECTIN	0.0461836588252	-0.419261335944	0.269968794934	0.768778962093	-0.229882586948	-0.220701774218	0.258346580233
NERATINIB	0.371566129259	-0.954326041045	-0.648593827528	0.156671283821		-0.818147072986	-0.651756751887
REFAMETINIB	0.430173565399	0.994810536057	-1.31412736135	-2.3465735179	0.528944328656	-0.122270804738	-0.926562361662
NIFURSOL	-0.000528053867801	-1.11628083869	0.137728151429	0.0383807621291	0.00629702772245	-0.640511722265	-0.336414600539
AZD2858	-0.0548623282044	-1.06836735669	-0.914975287193	-1.00516974734	-2.14062771957	-0.720256203532	-2.92869102381
KYNURENIC-ACID	-0.360617846695	-1.8714901226	0.0383551616729	-0.366847867629	-0.213699766186	0.537149323309	-1.09176788131
PREDNISONE	0.901740028017	-0.172159098774	-0.469850400183	-0.446328975987	0.417609227879	0.26860106365	-1.38247863722
WAY-600	-0.510273912242	-2.05577442095	-0.688084757112	0.198567575971	-3.39215994307	-2.40904782743	-2.07014765618
ZALCITABINE	-0.92768742605	-0.551123230735	-0.313176258345	-0.497934821611	-0.201337000246	-0.54603163647	-0.13827214176
FLUBENDAZOLE	-2.1895530289	-2.59856557365	-1.89301712807	-1.97816484818	-2.28368873366	-0.090024782793	-2.67440779622
VU0357121	-0.297755010822	-0.0960647195001	-0.321030689318	-0.268982534098	-0.305106259747	-0.869574401293	-0.122300922311
LINSITINIB	0.90236642873	0.12990751089	0.443089503727	0.722244258165	0.525422534255	0.101189288138	0.0807396042882
CORTISONE-ACETATE	-0.383106836236	0.043742221149	0.142294073648	0.159145169605	0.721060611631	0.186345666545	-0.446927979553
CORTISONE-ACETATE	0.125499329336	-0.0500116876493	-0.277205660672	0.218906488968	0.281514862083	0.636206346661	0.224979096578
TERCONAZOLE	-0.294999263725	-0.342307433786	-0.502103838968	0.8368595496		-0.115051837949	-0.063469522263
SCHISANDRIN-B	-1.03840779777	-0.705886359268	0.0248207284435	-0.365502623777	0.289950161896	-0.071865067178	-0.614052296383
DIPYRIDAMOLE	0.0272645966959	-0.819886376914	-0.29979802403	0.699138856985	-0.113059059313	0.687593458254	0.289669914575
ALLOPURINOL	-0.913406701361	-0.257441707355	-0.291311870137	0.466341602367		-0.612703753532	0.080362969765
ALLOPURINOL	0.290762805629	-0.318009743747	0.167221814282	-0.172671576295	-1.29462094575	0.383772773302	0.186795115981
LINSIDOMINE	-0.578295518047	0.304225497005	-0.214170388305	-0.0602209203297	-0.526028605861	0.0771373536064	-1.33424381702
PERCHLOZONE	-0.219176242356	-0.537596868966	-0.00691781963584	0.194702733553	-0.220219836909	0.706585043423	0.334712498077
LANDIOLOL	0.0303117923552	0.315725167516	0.432069582945	-0.435070494147	0.138037422523	-0.102674590307	-0.126723684616
AZD7762	0.48282677077	-4.17958614421	-4.37913424287	-1.97914019216		-0.584150787443	-2.48624755026
AZD7762	-0.810843444976	-3.70071654384	-5.19043193285	-3.84322519231	-6.50962360865	-2.02757074702	-3.73072145356
RS-79948	-0.00308751533218	-0.0101369654271	-0.0357993690445	0.477582835324	-0.534210328817	-0.629162776528	0.0721168702456
R306465	-3.06135968912	-3.80241860748	-5.97814117861	-3.39882768756	-5.96883093	-3.06229364291	-3.78349114553
EMBELIN	0.0879439715308	-1.10447998184	0.369861034211	0.213548417274	-0.122953400558	0.372596883832	-0.151197692437
SB-939	-1.37370542748	-1.66318210691	-4.21441101306	-1.56130581471		0.0539555294233	-2.93808163886
SB-939	-1.26714918078	-3.99827920949	-5.82615318977	-2.43312098953	-4.15846815226	-3.87758503864	-3.67147428033
5-HMF	0.276981783737	-0.151164030607	-0.142924527087	-0.453920275743	-0.437738452091	0.321987119663	-0.448784490402
PF-04457845	-0.0229378416348	-0.797646126376	-0.434940125998	-0.692308102249		-0.706687884131	0.963386840732
CABERGOLINE	0.0388306578341	-0.260633846811	0.0166086112081	0.128505987726		-0.302289396938	-0.66998570004
DOFETILIDE	0.344003395966	-0.686145696128	-0.586711518334	-0.658911435058		-0.760104048431	0.103124377703
EDOXUDINE	-0.270412458109	-0.195834697587	0.278617559256	-0.140662721772	-0.744308904912	-0.357158852813	-0.347290997761
CEDIRANIB	0.0859899792081	-0.845078034284	0.355710627108	0.822096105503	-2.08399718033	-0.557108630875	0.143724170367
OLTIPRAZ	-0.390816907591	-0.0054959917587	-0.539515119508	0.00163177300944		0.0919373870452	-0.178028927661
OLTIPRAZ	0.797127965021	-0.14999583517	0.156850513919	0.859260620651	-0.186306292858	0.304342825931	0.474444991468
PHENELZINE	0.274647379844	-0.189465220166	0.0342332017778	-0.251350661807		-0.318941560331	-0.25235209537
ASUNAPREVIR	0.391930056485	0.732544842137	-0.185513795967	-0.400598738566	0.253682487975	0.571848958354	-0.447677202263
AZODICARBONAMIDE	-0.419186110857	-0.253071543014	-0.399974725168	-0.210485681154	-0.129581517693	0.0114788685598	-0.254054144517
RS-102221	-0.153598787682	0.392645154694	0.0243432055101	0.545356265978	0.266349477659	0.485055462647	0.234696090048
PP242	-0.740680650734	-2.21605104075	-0.405512485245	-1.73819152094	-2.61004864127	0.373492559815	-1.99469789194
OSI-027	-0.324324101263	-1.69331636165	-0.754073251627	-0.929000963003	-1.21582354481	0.311101519254	-1.40190841752
CARBIMAZOLE	-0.120463755345	-0.162923362865	-0.243519415723	0.123055368904	0.0879189734796	-0.513716574567	-0.97278523789
BENZAMIL	0.408858954352	0.399807119215	0.172129788823	0.665039560516	0.228178812248	0.826015705548	0.0215896121987
ISONIAZID	0.0228201599789	0.0833230271169	-0.4717110514	-0.114511715563	-0.00627169268962	-0.651991096698	-0.80378712222
	0.0228201599789	0.0833230271169	-0.4717110514	-0.114511715563	-0.00627169268962	-0.651991096698	-0.80378712222
ISONIAZID	-0.201958660158	0.383037124792	0.209313395191	0.622560428905	0.03621465352	0.0125162085674	-0.851929510817
	-0.201958660158	0.383037124792	0.209313395191	0.622560428905	0.03621465352	0.0125162085674	-0.851929510817
ARMODAFINIL	0.313112026517	0.510293564725	0.213948233407	0.262359938573	0.324629855668	0.911686353839	0.731297562285
BETA-CCB	-0.0461442713795	-0.307314039948	-0.225942009119	-0.283172529799	-0.583667046073	0.208008293784	-0.500784775406
NOREPINEPHRINE	-1.03922956631	-0.942326756622	-1.54359422936	-1.87510427512	-0.451456529695	-0.209739081519	-2.23982173109
SULFAMETER	-0.0694881717805	-0.245219262318	-0.104661103376	0.564620277999	0.129583822411	0.332422145864	0.654620589303
RS-504393	0.0165780721642	0.0476299573697	0.107735885443	0.0644002254068	-0.200151749798	-1.51165155466	-0.437198582364
TALTOBULIN	-3.07574931137	-3.30163155335	-2.42306558288	-2.68091670501	-5.74278824788	-0.419961071743	-4.27876614523
5-AMINO-3-D-RIBOFURANOSYLTHIAZOLO[4,5-D]PYRIMIDIN-2,7(3H,6H)-DIONE	1.70264431697	-0.620458375993	-0.0964154257334	0.128905286648	0.115995389214	0.157984695437	-0.611163438571
LY456236	0.103746749248	-0.680194245043	-1.53017984229	-0.762730141456	-2.052907985	-1.23102904133	-1.45446945262
CETYLPYRIDINIUM	1.83081258992	-0.572408115275	-1.43109156394	-1.57479279115	-1.20289812821	0.761654797948	-0.534946475302
CYT387	0.267371407258	-0.816976471108	0.200338347139	0.810248666128	-1.14267133531	1.35915105959	-0.491402632084
ISTRADEFYLLINE	-1.24472914278	-1.20409274186	-0.369185142401	-1.339215824	-0.258930487233	0.284096172357	-0.058653577815
AVL-292	0.370072882775	-1.52219108601	0.529796340979	1.15430698081	-0.578009275976	-0.341796543957	-1.84909854395
MELPHALAN	-1.30676157297	-2.1909543776	-0.650961195271	-1.5898629313	-2.67849912558	-0.328484759246	-2.68792582854
ALVOCIDIB	-2.37615070619	-3.9289427675	-6.15125677796	-3.82965356479	-3.06821944339	-2.7637143234	-3.61812395208
CDK1-5-INHIBITOR	-0.116045517216	-0.317280273859	-0.337989468288	-0.702832463353	-0.153143742407	-0.256363949628	0.0473119178537
PIRETANIDE	0.675052806076	0.546982808743	0.370719588287	0.859834410819	-0.472831737022	1.16985735618	0.271531115753
FINGOLIMOD	0.586090933284	-0.945190589229	0.470227006092	0.812130384391	-0.210757391519	0.880901332774	-0.278531092434
UREA	0.0737121574385	0.0313057341911	-0.108100663354	0.391897896258	0.273894407264	0.345687026742	0.0403240976447
MIZORIBINE	-0.57642231052	0.056212911616	-0.0443780469965	0.0856216045815	-1.02800306396	-0.848559649758	-0.0388423689452
PIMETHIXENE	0.265834888006	-0.68455548834	-0.404809327976	0.0676173347251	-0.218280978492	-0.376948548286	0.621500884541
NALTREXONE	-0.326604894133	-0.411972824868	-0.8758676904	-0.612801919755	0.268748704298	-0.341985115837	-1.65764591608
NALTREXONE	-0.38343326855	0.288265911009	0.303389930882	0.132972666695	0.0182465258329	0.753269762253	0.923566380221
GW-4064	-0.737898616686	-0.113584584941	0.0174666390401	0.0974221704194	0.169872994346	0.22041722116	-0.509526262382
ASARALDEHYDE	-0.946238862619	0.555037800419	-0.101942231025	-0.184818346591	0.219270850702	1.34997125082	0.0544554233519
ETHENZAMIDE	-0.317626867878	0.33011450431	0.225443289832	0.237990575685	0.104510362779	0.901641911875	-0.68294385151
XALIPRODEN	-0.0306445266466	-0.32939548911	-0.500344569532	-0.875220615352	-0.575778757279	-0.850827604559	-1.36419763536
TRIMETAZIDINE	-1.04964876261	0.0466859864508	0.0280825846238	-0.164050400933	-0.0601730917273	0.195308134709	-0.195676710712
THONZYLAMINE	0.153068760052	0.658134673914	0.260933493775	0.169068753686	-0.241337648607	0.32842660419	-0.194387779105
PYRIMETHAMINE	0.632064219014	-0.175954421109	0.268565968928	1.08771094608	-1.14910287913	1.28306086014	-1.24100142045
KD025	0.857210357634	0.105957766961	0.474276694232	-0.271927652936	0.21691525154	0.715620462699	-0.497054285647
BORTEZOMIB	-2.77601953124	-4.25696487289	-6.69914328457	-2.61307804143	-4.62915988614	-4.99748881903	-4.47398287622
CI-976	0.423997470861	-0.269114797015	0.217674025754	-0.274077924395	-0.758586698127	0.464608039636	0.390332147574
BENURESTAT	0.409760658399	0.121793997058	-0.143190772757	0.48960657999	0.0563301755489	0.237506636941	0.180834026681
RUCAPARIB	-0.875911379147	-0.00997826447833	0.489753215337	0.185970104746	0.221046545302	0.149213298022	0.447100286924
IPRONIAZID	-0.128731308255	-0.831094523678	-0.121720103969	-1.17804605977	-2.83979380146	1.37329740394	-0.222151248947
ANIRACETAM	0.27210856736	0.00837011067751	0.0312431656204	0.270794699797	0.263068819919	-0.1014944725	-0.0825416899077
NONOXYNOL-9	-2.04928607564	-2.0690745902	-0.361873075481	-0.349197743085	-0.972403394182	-0.627958868562	-1.73375596593
ARECOLINE	0.548992632639	0.299563123579	-0.404800214043	-0.0727517676989	0.111470206703	0.586270682476	-0.892919466714
PD-198306	-0.0724429749316	-0.411127656174	-1.9742347929	-1.7650718645	0.397524512179	-1.0629531516	-1.37310291262
CHLOROTHIAZIDE	0.345297063225	-0.0945153977181	0.366931454007	0.000943852469989	0.136797854882	0.268799617341	-0.198579886599
DIMERCAPTOSUCCINIC-ACID	0.184190698505	0.0116872866374	0.0948150565498	-0.317968479729		-0.262038880819	-0.474545512221
PCI-34051	1.13320961604	0.375966072478	0.245531366011	-0.520797294428	-0.598259450674	0.0257851579322	-0.0677811148798
EMD-66684	0.553233012227	-0.289456136122	-0.366972884208	-0.441086225935	0.0937398346293	-1.03292800042	0.95398973382
LETROZOLE	-0.0590355611572	0.0560759288217	-0.344249431244	-0.334461623379	0.21771982182	0.651736180686	-1.05855418531
ELACRIDAR	0.660624166445	0.332297373029	0.358763967164	0.366649894481	-0.357554319886	0.278310574805	0.225752918128
1-((Z)-3-CHLOROALLYL)-1,3,5,7-TETRAAZAADAMANTAN-1-IUM	0.582417317935	-0.213793319065	-0.523664346674	0.100994521147	0.405193896339	0.0601943281612	-0.628875607305
AS-703026	-0.732561268819	0.369102598018	-2.4612738855	-2.21447127518	-1.28688805977	-0.777953942762	-2.14048533669
GSK923295	0.152056333138	-1.0510566101	-0.523485639509	-0.388955614154	-3.01623006582	1.9162642791	-0.759292784749
PUERARIN	1.03590688072	-0.614085001769	0.430652451314	0.0300468152591	0.684666628687	0.288146076913	0.451992142313
VLX600	-0.740385162654	-2.33844525432	-2.64257986535	-1.22558975314	-5.25986471392	-2.73015733175	-3.12027468665
ALVERINE	-0.988792655918	-0.095471944317	-0.134653862302	0.117666277153	-0.266229864613	-0.0645504414429	-0.769589885081
CHLOROCRESOL	0.388896163609	0.125064353097	0.122606449869	0.793766618087	0.306220588942	0.86301574707	1.07404140942
CTS21166	-0.957684394229	0.0340192795131	-0.269758760565	-0.178092258236	-0.306948912118	-0.220045610467	-0.109406501608
2-TEDC	-0.169973470328	0.503215810683	0.173843917907	0.187929623216	0.546296449756	0.84887754488	0.897365338013
GABOXADOL	0.435435381986	0.142584928382	-0.346414145248	0.0795782756165	0.0567104416444	1.60298400208	-0.0294704676074
TINIDAZOLE	-0.309708319583	-0.336014393673	-0.343137136027	-0.325303567789	-0.159657058372	0.967958712656	-0.188130860494
LIOTHYRONINE	0.138714359225	0.280020993413	-0.68477242428	-0.28636905616	-0.274587968913	0.794530336062	-0.170918334164
TANDUTINIB	-0.276297749125	0.218381005633	-0.0136865701959	0.565715313102	-1.17969267519	0.125066408483	-0.147320834929
INDACATEROL	-0.654356576315	-0.170779544068	-0.189365109087	0.228261337481	-0.0431193459112	1.15643174856	0.169582650775
BIOTIN	1.36160497451	0.122101626934	0.24078268723	0.250253097362	0.382390034305	0.751973050106	-0.442486161787
NPPB	-0.92670372978	-1.61683213	-0.546458589821	-0.948819060499	-0.443582256912	-0.93427316068	-0.739021623104
DMP-543	0.253700842395	0.408354595197	-0.133838315361	0.00732449976403	0.341068417669	0.59538103846	-0.0381562043671
DCEBIO	0.678600839639	0.253570220799	0.39540462386	-1.86021287963	0.538248066057	0.400076366623	-0.244371834146
ML130	-0.56994134703	0.0748522173607	-0.684868286576	-0.021640358396	-0.600195457178	-0.294238190725	0.601530919577
RAMIPRIL	-0.194054939537	-0.00740377627423	0.13746751239	-0.099332556452	0.0912619998246	0.436887535292	-0.069341604778
PIRENZEPINE	-0.178768354104	-0.100190188143	-0.279144053868	0.18166243731	-0.713537518073	0.189383302433	0.289168581477
RG108	-0.436481255805	-0.0468955685842	-0.0198718217782	-0.640287056437		0.297628054371	-1.39636346109
L-655240	1.00110508415	-0.147200103294	-0.389967593194	-0.540865086809	-0.449349421425	0.292758644148	0.219481334502
SN-38	-3.25129374785	-3.74648986469	-2.23196543977	-2.68155971057	-6.02183849666	-2.98089684552	-3.55305061765
TAGATOSE	0.377219800069	-0.128692745501	-0.00476208856656	-0.189506774272	0.0939246563093	-0.17937424254	-0.519760230155
ALLYLTHIOUREA	0.122081046082	-0.411600974151	-0.067993618441	-0.0118823273735	-0.476161931733	-0.623561586519	-0.556369657832
TESTOSTERONE-ENANTHATE	0.255894647551	-0.00287899127294	-0.225971023591	-0.159705568096	0.279080311766	0.486548793353	0.0439302291347
1-DEOXYMANNOJIRIMYCIN	0.698696285934	-0.927675940761	-0.605884184985	-0.683658906038	-0.977258067202	1.1297136375	-0.43298554074
VINCAMINE	0.0176324861795	0.2251997034	0.19285785123	0.112746248637	-0.329616853745	0.103830902955	0.183775203621
2-OXOGLUTARIC-ACID	0.137719188559	-0.249261840854	0.0478539924425	-0.190824103186	-0.364576009323	0.322382337912	-0.438961050765
TEPOXALIN	-0.158346997973	0.455076449008	0.335623094291	-0.19233010723	-0.3921640619	-0.96394817977	0.666657192987
TRIFLUOPERAZINE	0.511085147085	0.321975522353	-0.51946800028	0.192068966772	-0.0834554793623	0.489425894677	0.451928218645
RALTITREXED	-1.68525528997	-0.755781255386	-1.21765641131	0.0438270954059	-1.50267927236	1.05080049959	1.46614914515
RETIGABINE	0.14943856054	0.205393865113	-0.239985780729	0.375752655637	0.179774321532	0.802064488249	-0.223280901546
CHLORPROMAZINE	0.271234929075	0.640682965598	-0.0651025402904	0.381511400203	0.0525957024271	-0.0699179191633	-0.368483876334
AMPROLIUM	-0.862387726739	-0.430418572089	-0.0704757414745	-0.173681381031	-0.0455973907859	1.07545343572	-0.520281175187
SPIRONOLACTONE	-0.409037283789	-0.602854417016	-0.411623367109	-1.09670881452	-0.0320794993765	-0.926869450301	0.583258896633
SPIRONOLACTONE	0.0895172631646	-0.0562212945455	0.440721526058	-0.134502322899	0.0686880840685	-0.146856153517	1.07285579947
5-IODO-A-85380	0.594810369938	0.0216392956696	0.21746905262	-0.496215977762	0.204536692723	0.771854240204	0.0938083079128
THIOPHANATE	-0.703696781072	0.190106056944	0.114218459364	1.05751905141	0.0902269020733	-0.204431461645	-0.732417962883
BAZEDOXIFENE	0.284070121628	0.221049745356	0.356297226695	0.448408988327	0.383401398313	-0.324940940646	-0.739944904548
AMG-487	-0.0141745504833	0.412863830798	0.399127850335	-0.0739505902604	-0.000838487202311	0.220078818825	0.106456257316
PHENTOLAMINE	0.415265860801	0.154567852359	-0.464142129817	0.321409629171	-0.0551731609801	0.292934733688	-1.7758131556
CHLORQUINALDOL	0.0365141686811	-0.709481713027	0.3837784728	-0.0102752401206	0.0446618624442	1.24405557654	0.350951046922
GW-843682X	1.10069998334	-2.17406814826	-0.822616466242	-1.89702749659	-1.93656928578	-0.614871199912	-0.313877185238
AR-12	0.710933408016	-0.222699339671	0.0950227492891	-1.42743865797	-0.901212793906	1.67420900022	-1.29978848272
MY-5445	-0.382302014454	0.443952185175	0.218565903896	0.354255887911	-0.57099685409	0.232556575691	0.393588325125
IPSAPIRONE	0.183278527247	-0.0441229568833	-0.0111153221361	0.333977569119	0.316839546465	0.00863632179242	-0.449911927354
BUTENAFINE	-1.51701192232	0.260929009475	0.293020772481	0.026540319862	-0.241982362903	0.493995976918	-0.273785708085
OLEANOLIC-ACID	-0.468137007109	0.763388343614	0.139326279702	-0.708815754092	0.229473662723	0.170865193189	1.03853722551
OLEANOLIC-ACID	-0.42906792193	-0.996324336901	-1.22406556205	-0.716258203552	-2.19366220943	-0.729099728638	-1.41011186573
CUTAMESINE	0.169139753664	-0.426959519199	-0.0476748836039	0.0193680298705	-0.324054032732	0.455585006292	-0.46037668511
NEFAZODONE	-0.209153702239	-0.241500280319	-0.134405984157	-0.0892167191767	-0.048910867649	-0.445237474816	-0.24955982975
BEDAQUILINE	0.457977653055	0.0731181703064	-0.0336895842571	-0.101808824898	-0.72235477635	-1.1310818898	-0.681617218758
RS-127445	0.348268997632	0.452352511125	-0.137128835034	-0.0135889013253	0.192822485805	0.406574049699	0.460268555992
CANAGLIFLOZIN	0.130625830384	0.234109623877	0.103499400223	0.0696614036476	0.130724596743	0.232818272233	-0.0763086961975
PROPANTHELINE	0.274486638125	-0.878362992283	0.0365077191389	0.151986703784	0.0179774262032	-0.645216585314	0.657186987201
CARBOPLATIN	-1.04402959753	0.135460403391	-0.12025263222	-0.876720075391		-0.247542184903	-0.891358439743
INDIPLON	0.602303732798	0.772738380619	0.37483462241	0.509187678684	-0.936354678666		0.184620037785
KRN-633	-0.0902523413834	0.0705146993789	0.165106390334	0.49271851425	-0.503124746412	0.356739008702	-0.298846903015
VANCOMYCIN	0.741202795966	-0.618530395631	0.0308420427545	0.207793164552	0.708165208409	-0.299809873386	0.480991377253
ROTIGOTINE	0.177510568596	-0.439461774571	0.159786933871	0.138146817512	0.0877226267351	-0.0430849151938	-0.0685824889356
M-THP	-0.207562761666	-0.63389608443	-0.538788209427	-1.05140651248	-0.315695382256	-2.34001272498	-1.31569798524
TELCAGEPANT	0.289038749376	0.617141675079	0.0349542230571	0.282249051973	-0.0131428641207	0.157841437486	-0.690656186359
ALOXISTATIN	0.315757005813	-0.190983521833	-0.271568431623	-0.806042371175	-0.110526679418	0.592507700066	-0.22416483933
NORTRIPTYLINE	0.490555296351	0.100099817768	-0.19598214388	0.119663136162	-0.146295359241	-0.515284609623	0.159044181687
AMODIAQUINE	0.47936411608	-0.176564428269	-0.399805925411	0.798770252288	0.425129857643	-0.776783110229	-0.345064892219
NOSCAPINE	0.428240828277	-0.0298192736794	0.197504997563	-0.583327323981	-0.509725755105	0.588851862819	0.0919611618614
APALUTAMIDE	0.355336494339	0.267598433889	-0.0689025552412	0.234667675954	-0.198507171791	0.497572350805	-0.227678294335
BETAHISTINE	-0.182508061587	0.102834759821	-0.178686502297	0.0481542978185	0.392497547403	0.694749033413	0.145429603254
MESULERGINE	0.0870365949204	0.0177264359503	0.0739783507698	0.135906514569	0.452131099323	0.0928927442722	0.931039061749
ANISOMYCIN	-1.05226507387	-3.0039234707	-5.46699136319	-2.8870721568	-4.49742367485	-0.837050629936	-2.34864875585
TROMARIL	-0.490305260636	-0.233766071451	0.105755209638	0.706999708757	0.0343621810226	0.523538616359	0.202954139748
SACUBITRIL	0.34453913393	-0.430110153059	-0.336658963343	-0.0595079642082	-0.442026957432	-0.679993749805	0.132877494994
AGP-103	0.303272762796	0.0326983985301	0.139988887598	-0.556675691184	-0.246371096113	-0.274444835363	-0.124564761942
PICEATANNOL	-0.4046755349	0.104109331395	-0.0585862711073	0.663564444983	0.297831125336	1.30660707207	0.745508302169
NIKETHAMIDE	-0.507044304338	0.030204415199	-0.234326709952	-0.298168419853	0.510062696882	-0.336227963033	0.383930746606
MERCAPTOPURINE	-2.3588427271	-0.617572484893	-0.16219562879	-0.257695754946	-2.20861579018	0.814579473594	-2.86899461134
TRANS-4-HYDROXYCROTONIC-ACID	0.0363883035763	-0.525427901178	-0.44619251576	-0.748495581849	-1.23279783503	-0.869173524792	-0.410050514267
ABT-751	-0.192973492878	-3.59630733544	0.290732764196	-2.22949315199	-2.40941886945	1.06175643759	-2.51552945716
BENZONATATE	0.0618365596196	-0.864476474701	0.00345959948465	0.578641595064	0.574063222167	0.614143463991	1.04379309531
U-0126	-0.448132397017	-0.23783029576	-0.858372479812	-1.29364543123	0.534531207729	0.600820184965	-1.65839372885
FELBINAC	0.194499700361	0.374384560949	-0.222338303434	0.310535590581	0.0845484547097	0.119414514281	0.508397243892
4-HQN	0.0900400678168	0.361065168512	-0.289270833325	0.322206170015	0.287480883069	0.280480538225	-0.196186271956
TORCITABINE	0.309537581938	-0.21999315939	-0.0412824215942	-0.599620241515	-0.513693426312	0.349047182791	0.172972998895
ZK-811752	-0.775133450189	-1.08457212172	-0.160075661289	0.442977381845	-0.0751835360666	0.00401462757411	-0.552815932556
	-0.775133450189	-1.08457212172	-0.160075661289	0.442977381845	-0.0751835360666	0.00401462757411	-0.552815932556
2-[1-(4-PIPERONYL)PIPERAZINYL]BENZOTHIAZOLE	0.795778634082	0.0101565241054	-0.274039765436	0.819562822898	0.00303206504523	-0.36495462911	-0.658515678065
SD-169	0.083943128137	-0.32899535452	0.106502768288	-1.30101489277	-0.180158106852	0.830973288212	0.313729343687
AM-251	-0.49431442554	-1.40295899035	-1.00117185256	-0.559601584008	-0.566648365549	-1.01529768571	-0.2822026219
GBR-12783	-0.0984941624068	0.0824993284062	-0.365439242864	-0.73368271666	-0.19729871219	-0.138609173585	-0.276823077244
O6-BENZYLGUANINE	0.156072500299	0.0968030247868	-0.128000561972	0.218922760188	-0.388361813492	0.193657688648	0.187363564505
TRIAMTERENE	0.410023186265	-0.119524156437	0.346410155072	0.586040483069	-0.182832990509	1.64917217679	-0.469320216844
NORETHINDRONE	-0.0221266667011	0.278267610438	0.137703117756	-0.62825732888	-0.351214377182	-0.367716115355	0.612075528662
DOXORUBICIN	-2.95458870789	-2.28056271768	-6.76022925842	-4.55561696679	-3.25656769315	-0.846420587817	-4.41794707834
PIMECROLIMUS	0.0299025717963	0.593093023398	-0.054881934075	-0.358827066745	-0.228834193213	0.761112954726	-0.131881128592
ISOXEPAC	0.282704505073	-0.0405595661332	0.125038030268	-0.158741858423	0.26930700552	0.352545377842	-0.257087970421
EXATECAN-MESYLATE	-2.08626143074	-4.15890404632	-6.68048131393	-3.15323394332	-6.10252247726	-1.2165316685	-3.63465936535
LOMITAPIDE	0.338097526892	0.380556134038	-0.220062630823	-0.0156927033535			0.259231734265
TOSEDOSTAT	-0.0270802732024	1.06587523927	0.335990927496	-2.07432420583	-0.684536853092	1.82431155905	1.10076977627
16,16-DIMETHYLPROSTAGLANDIN-E2	-0.429049786273	0.477752387032	-0.0929701976407	0.620470690167	-0.137860875409	0.49434666071	0.359733962658
OGLEMILAST	0.11992460672	0.502156806024	-0.0876533560154	0.164379941462	-0.285562238183	0.24153949615	0.075157588608
5-CARBOXAMIDOTRYPTAMINE	0.00938091064878	-0.104293415061	0.253764479562	0.0800797847473	-0.151997564317	0.0377251395787	0.0502922334685
L-QUISQUALIC-ACID	-0.126184300388	0.243017824437	-0.0834188769983	0.391596671072	0.515963300683	0.301925018297	0.312319442178
MYCOPHENOLATE-MOFETIL	-0.171791927769	-1.68111399822	-0.601541828953	-0.493112887978	-2.35612300704	0.23406089514	0.211865724954
GSK461364	-2.19831513366	-2.84420174357	-1.57734100763	-1.95670995271	-2.58308239778	-1.81157846056	-2.49338417983
BEXAROTENE	0.127350238892	-0.0746462132066	-0.482755526067	0.0442305645457	-0.0596859122872	0.428123856735	-0.699302276189
ZATEBRADINE	0.307196403616	0.740387697963	0.159082618046	0.490917044304	0.183711924927	1.10327182458	-0.0740810428329
OXANDROLONE	-0.276068292796	-0.028645624914	-0.223237475213	0.350813525551	-0.385326361181	0.916196496289	0.0671129974587
LY255283	-0.761248287144	0.407435939653	-0.0738547725301	0.567449506647	-0.0105495819668	0.244206341156	-0.062339351936
AMPA-(S)	-0.872172915392	-0.221312363678	-0.0966121937338	-0.338408085666	-0.2490957596	-0.446240996978	0.23492155521
GBR-13069	0.316812970352	-0.350696708284	0.0734838183179	-0.292560277711	0.0946099851756	-0.354755498639	-0.0372398761606
2-CMDO	0.51202798164	-0.418434147279	-0.462468198419	-0.985078804153	-0.355433830958	-0.709222248052	-1.57065076358
SAFINAMIDE	0.465532005602	-0.433786455982	-0.346335095166	-0.98952867371	-0.562860808882	-0.00132516572341	-0.283382709043
ZALEPLON	0.0176275097937	-0.771426811235	-0.736665447083	-1.22342595343	-1.04070096959	-1.09371622288	-1.34130432192
IMATINIB	-0.0252683082228	-0.94052451124	-1.12324061091	-0.742477339723	-1.36779250226	0.241454405054	-0.174605999011
PERINDOPRIL	0.088042339089	-0.0325296390916	0.046730744767	0.687388774055	-0.140130580334	0.642645447007	0.698683385683
MD-920	-0.755166364793	0.641525212154	-0.254005692522	-0.136875608711	-0.415641797219	0.880945337435	-0.940781866582
RIBOFLAVIN	0.185477717871	0.59904538037	0.0447219976671	-0.550802908843	-0.0103351683382	0.266384302512	-1.25762227874
MEFENAMIC-ACID	-1.18862261343	-0.119883335927	-1.00105352962	-0.385327121982		-0.409187642914	0.0478019654085
PROPRANOLOL-(R)	-0.202601725965	-0.4871753483	-0.173788317094	-0.0680869362839	-0.267810944932	0.123267494515	0.00444777650233
RIFAXIMIN	1.16276523174	-0.0648532411956	0.199702993731	-0.159929415743	0.733971687307	0.797945359938	-1.07120367704
TRIACETIN	0.383512259327	0.61500975304	0.290741916656	0.687398258882	0.363138189253	0.303263058777	0.249382474752
DIMINAZENE-ACETURATE	-0.692618480908	0.0776762379499	-0.190259288832	-0.0358509238185	0.265805347794	0.745114136989	0.0421442800812
CEFPIRAMIDE	-0.252119573838	-0.138858117404	-0.0575144380007	-0.112752203712		-0.530882692418	-0.251463417637
TIRAPAZAMINE	0.310413699303	0.1399773766	0.299230843492	0.479104693214	0.378408509279	0.00798061865487	-0.479368716361
GUANOSINE	0.961985667185	-0.395057614507	-0.0632431700371	-0.434399254213	0.0383130847481	-0.531265177597	0.374992065197
3-BROMOPYRUVATE	-0.226930040856	0.0426214625551	-0.157636750442	-0.0569790646355	-0.728244035403	-0.183360216005	-0.518981384914
MELPERONE	1.22378270662	-0.10111532645	-0.269832023174	-0.101981207575	-0.423519169875	-0.0559451153703	0.281522564424
PERFLUBRON	0.712081779104	0.679615123096	0.0641681011117	-0.112516918194	0.990307577653	0.817898165859	0.00855374565566
PAC-1	-0.0837131354065	0.00163052750734	0.377713438574	0.504466853198		-0.675997166914	0.973177602448
CLADRIBINE	-2.13581894437	-3.76499738365	-1.40759179002	-1.22541139272	-5.35830015031	-1.79054741924	-3.92114796096
BUTYLATED-HYDROXYANISOLE	0.195448489402	-0.0671223913546	-0.0889478792049	0.0988673126965	0.258115677093	0.645866990696	-0.845451910825
TOZADENANT	0.329540348919	-0.261418331147	0.0368616602691	-0.633127407617	0.0678645548404	0.529868619893	0.282121778338
RAF265	0.690332423096	-0.90091565632	0.0949993023796	-0.209924277248	-2.20757312367	0.611256071012	-0.914493494078
AC-55649	-0.0422213875692	0.142936911591	0.20376103491	0.309044946286	-0.238461934155	-0.224707453027	-0.701103969773
ARC-239	-0.182697852289	0.16329323483	-0.677718203048	0.103132211897	0.0255999488143	0.121744765618	0.156868326371
APREMILAST	0.00394355130879	0.380741828097	0.147511543555	0.489488078608	-0.316201278482	0.49194856923	0.156552353646
ETHAMBUTOL	0.232611309713	-0.0934300831689	0.172801015856	0.385029130799	0.114495625657	0.323278871895	-0.55409063645
DINITOLMIDE	0.361982068715	0.142820179535	0.139774546878	0.208927329291	-0.00804274164042	0.636619833689	0.111374705488
INDOXIMOD	-0.201471989719	-0.393738577587	-0.283011653173	-0.162309400514	-0.359911252324	0.907938597888	0.526176549452
GW-9662	-0.13959759131	-0.422694271986	-0.426078406154	0.0997628509074	0.00597610373078	0.426456580644	-0.211193539006
DIPHEMANIL	-0.312177236026	-0.0359245659312	-0.221997215973	-1.06111102809	-1.43496530273	-1.01436015756	0.208119699667
LAMOTRIGINE	-0.464389309324	0.620651906828	0.01105720632	0.353552659836	-1.01054941596	-0.695260429786	0.0434760574336
BUSPIRONE	0.20874316552	-0.00586708485163	-0.130855837479	0.304269234644	-0.192731985812	0.236737595505	1.22500102612
DUVELISIB	-0.699231575023	-0.902731688357	-0.583423247635	-0.181088395419	-0.315163198572	-0.00242042557514	0.0555233823384
	-0.699231575023	-0.902731688357	-0.583423247635	-0.181088395419	-0.315163198572	-0.00242042557514	0.0555233823384
AMYLENE-HYDRATE	-0.741228379963	-0.616344471623	-0.54981670679	-0.153074133214	0.362679759578	0.272982760459	-0.387272485598
SULFAMERAZINE	-0.337114191861	0.51004210074	0.343779871357	-0.172490292273	-0.242065365115	0.832618257208	0.249083603016
HYDROCORTISONE	0.534599974588	-0.826446951653	-0.108663968264	0.395496249174	0.488378910769	1.37565305978	-0.618122336544
DIACETAMATE	-0.169208205176	-0.724738721012	0.136161323936	-0.306365760764	0.0661474664457	0.30061171259	-0.397395591512
IPRIFLAVONE	-0.436595629673	-0.337948820593	-0.148276527776	-0.903282330023	0.332789475232	0.677801232559	-1.32150537957
HORDENINE	-1.49033121525	0.3040305217	-0.396415772497	-0.602885497347	0.278797427531	-0.797268884115	-0.551431950826
SALICYLIC-ACID	-0.0046210166372	0.343764273692	0.0406080486799	-0.417707256783	0.54080429557	0.242195867811	0.40078164344
	-0.0046210166372	0.343764273692	0.0406080486799	-0.417707256783	0.54080429557	0.242195867811	0.40078164344
SALICYLIC-ACID	1.00182809216	0.217959964832	0.0358597668646	0.525206144863	-0.136195642263	-0.192842415063	0.0447352569273
	1.00182809216	0.217959964832	0.0358597668646	0.525206144863	-0.136195642263	-0.192842415063	0.0447352569273
TADALAFIL	0.0162654241051	-0.245240012038	0.185488651298	-0.324497371404	-0.472920956597	0.269210064374	-0.565184585309
TAMOXIFEN	0.205246052438	-0.240090330155	0.246052988815	0.199316096145	0.027163893051	-1.18133557746	0.257892469993
OSELTAMIVIR-CARBOXYLATE	-0.535845958752	-0.237859487103	-0.0227179277744	0.0437987286144	-0.720232138055	-0.61127777567	-0.517404574329
INGENOL-MEBUTATE	-0.535880031791	-0.129942822562	-0.873666260587	-0.969345393822	-1.21755383992	0.914993499076	-1.1920091351
N-MPPP	-0.59736581455	0.200953412417	-0.161803017999	-0.559075688969	-0.475866848912	-0.536436458328	-0.593259414183
TALTIRELIN	-0.387071891723	0.00140991431096	-0.421060316683	-0.792579226041		0.586061928639	0.151059637035
STAVUDINE	-0.879736408875	-0.856343688005	-0.504936337934	-0.494310019824	-0.288236479112	-0.069504134528	-0.453442301768
QUIZARTINIB	0.422231134241	0.241662627837	0.555200389539	0.47735222243	-2.46918305022	-1.72222218762	0.11054975552
SAFINGOL	0.0963432747664	-0.675547014682	-0.127768640269	-0.294537446587	-0.276640532202	-1.03774362315	0.0270329161148
DIETHYLTOLUAMIDE	-0.292256078957	-0.392463007121	-0.912607858484	-0.421541896281	-0.138082061615	-0.980659938619	0.141460898885
COTININE	0.734127669851	0.0562453758495	-0.0635158878769	0.462382340172	0.118451711619	0.193392363016	-0.48829391776
TWS-119	-1.00173605502	-0.722577661329	-0.0114460403447	0.614495906191	-0.622698288097	-0.829055203025	1.48788632798
PAEONOL	1.14068563242	0.452019936148	0.546880134319	0.0100831845119	0.2337886621	-0.160850308606	0.40010641726
RONIDAZOLE	-0.421813764738	0.0604146051324	-0.0235363778799	-0.414534727175	-0.17995078982	-0.207423396455	1.04038574783
LETERMOVIR	1.30430958396	0.512926526431	-0.0444294861113	0.318947840402	-0.286205968321	-0.437532447468	0.579845584465
SUVOREXANT	0.170393128433	0.170994948363	-0.343249021881	0.0481366660734	-0.0181059998967	-0.656139593764	0.13507689917
FLUOCINOLONE-ACETONIDE	0.367106888886	-0.485472236061	-0.442040473682	0.663027172579	0.4064943992	1.04264902679	0.728327887762
DAPTOMYCIN	0.323685224677	0.49409163327	-0.0197661431033	-0.402228617851	0.346496303088	0.552530758635	-0.517015084043
BML-190	0.0821442646161	-0.25829528909	0.325914644959	-0.18784312657	0.327700162283	0.178842323541	-0.795683442202
PF-04136309	-0.0326008825861	-1.24340056723	-1.09120805649	-0.678477987893	-1.22731453269	-0.0210505862826	-0.693697315294
DIOSMIN	0.398086301547	0.313638228785	-0.237463602501	-0.488598156884	0.0215485773744	0.861613039957	-0.922935579603
MEVASTATIN	-0.453133000949	-1.69191365639	-0.62512233672	-0.718629432026	-3.35600065734	1.54734371101	-2.73165120614
MEVASTATIN	-1.25627891797	-0.380909672948	0.719210664924	-0.258903601645	-1.27366186258	1.17814048582	0.695737305653
ICG-001	-0.158699190926	-0.46251359277	-1.0668886125	-0.695961737186	-2.01298763143	1.03792616966	-0.902326371539
LDN-57444	-0.386154855384	-0.69447536255	0.032593832129	-1.40695083269	-0.0775975021324	1.24556046271	0.484309965804
LY2811376	0.649745519663	0.0621492273857	-1.20599516926	-0.424538735356	-0.328767304799	0.770717878217	-0.806312399673
TELOTRISTAT-ETHYL	-0.646973186422	-0.00764799040586	-0.251682427592	0.168965082337	0.104319763893	-0.364302980372	0.242773653068
TAXIFOLIN	0.434857290283	-0.288041652948	0.089321179926	-0.307071150517	-0.263695191038	0.0827980329261	0.364810868413
PINOCEMBRIN	0.0617682257571	0.0106876239458	0.0193876519963	-0.688022435154	-0.493912794589	0.0545566502619	-0.406692972313
CHROMOCARB	0.997118178128	-0.186880631038	0.0162074744751	-0.288227080272	0.0680530552802	0.955712626282	0.514536909904
RUTAECARPINE	1.04638511984	0.792241272756	0.724090267928	-0.629879359921	0.419380042385	-0.428294285473	0.737438569653
S-NITROSOGLUTATHIONE	-0.317020470282	0.203460896334	0.0822288440344	0.224070496357	0.692549339686	0.0156165819426	-0.649453619163
ATALUREN	-0.186151923723	0.547590318506	-0.0978865317107	0.161006336102	-0.277839512869	0.429149671642	0.120884386648
Y-134	-0.0695293688221	0.555593130977	-0.198659268801	-0.024118800451	-0.148647515295	-0.304091318885	-0.638303625549
2-CYANOPYRIMIDINE	-0.401664350289	-0.670630238491	-0.329739089678	0.246786129916		0.426255952739	0.734570004036
TEMPOL	-1.46159615094	-1.08278123763	-1.91464591822	-0.555703956989	-1.3061005896	-0.795264025286	-1.52773221879
TEMPOL	-0.129620302303	0.165545962969	0.285801815485	0.512669379604	-0.154094146602	-0.0151068365754	-0.1243004451
TEMPOL	0.337539688843	-0.592040729308	-0.0207772317225	-0.0796209931936	0.120246598734	-0.0260329038768	-0.849209766718
BETA-FUNALTREXAMINE	-0.704307793878	-0.0447484428781	0.253529692926	-0.238614380939	0.0420898894622	0.95474214863	-0.693467532578
TALAZOPARIB	-1.59402780794	-2.64926856992	-0.71866470112	-1.02221085702	-3.20406970975	1.55325845097	-2.89026861025
OCTISALATE	0.556949288792	-0.0948461876107	0.0937020701325	-0.207437078044	-0.572407799577	-0.00711372172456	0.238515589282
PROBENECID	-0.262561124046	0.401888743491	0.0225902570644	0.330449907685	0.160714132282	-0.170854762463	0.682940376626
ASENAPINE	0.427757188168	-0.165995848472	0.305091316605	0.276278251932	-0.145280077168	0.512495824146	0.84858172017
SB-657510	0.180686910029	0.183455981654	0.373756171243	0.0608530027443	0.0332328350279	-0.856536376207	-0.655056074308
DIENESTROL	0.0225151814532	0.383764870246	0.102831474548	0.655333288213	0.0802490595798	0.189435402406	0.853313042876
ISTAROXIME	0.698517389707	0.238542880261	-0.22880692862	-0.3274490127	-0.0884596738958	0.372077443561	-0.0374232776923
PHA-665752	-2.52451997812	-2.35152782649	-4.91355873982	-3.35805613228	-3.12792755078	-4.40821792418	-3.08282935082
PHA-665752	1.0113702737	1.02191291675	0.600514408382	-0.689026499096	-0.367698672575	0.322633227884	0.318726523571
OLDA	0.542955741191	-0.199478735407	0.456181616965	-0.844377785175	-0.0552709513706	-0.642636691621	-1.07566734425
PFK-015	-0.0579330916624	-2.27829056564	-1.20454138665	-0.874780722439	-2.75309086137	1.08849668659	-3.1108855839
RN-1734	0.618767413568	-0.149631031839	-0.448671641695	-0.058469274173	-0.770288747836	-0.30888992968	-0.219049678045
NPY-5RA972	0.0635293108199	-0.111243758601	-0.106828834648	0.384885781905	0.277168784493	0.0649722787581	-0.465013183939
BMS-191011	-0.00404806951561	0.444985979958	-0.336003406144	-0.101062248798	0.133141449412	0.193558311054	-0.794177889173
TETRABENAZINE	0.169274874306	-0.154355088778	-0.355269283797	-0.655877795413	0.337448690663	-0.370399851994	-0.0297836613539
TRAPIDIL	-0.666901776794	0.260074880752	-0.455207686966	0.0117110817508	-0.276946070537	0.868703882852	-0.590426645343
DARIFENACIN	0.708844354097	-1.35987227141	0.586972045899	0.239214415495	-0.805937287519	-0.220470304965	0.0950810100088
THIAMINE	-0.163737684771	-1.8861350376	-0.62682001617	-0.469649591644	-0.171027703289	-1.26770522916	-0.954027677865
PP-2	0.810628175711	-0.144216629964	-0.711417939484	0.37958856484	-0.596205545064	-0.348286761635	-0.405140489692
MK-3697	0.00140473533508	-0.0805236861418	-0.255759063793	0.261991730283	-0.158203908888	0.906461690888	-0.158478993445
JDTIC	0.164743188863	-0.158952576189	-0.258082274229	0.699127533375	-0.036699517137	-0.149055382101	-0.123446200568
CGP-13501	0.503996841202	0.0600530014835	-0.288729802812	0.76902842264	0.0850467927637	0.218802398636	-0.786556188134
PH-797804	-1.04062310927	-0.410624729129	-0.403892813321	-0.8523013778	-0.698763944799	-0.463307379112	0.0252989444343
LY344864	-0.879669707215	0.473556587716	0.0270600576687	-0.478829745172	0.0879167060029	0.418289099444	0.252567029413
XL-147	-0.39402257308	0.326897142776	-0.875891559683	0.589972209996	0.18936269285	0.905656528543	-0.319037352061
	-0.39402257308	0.326897142776	-0.875891559683	0.589972209996	0.18936269285	0.905656528543	-0.319037352061
RESERPINE	-0.399942981555	-0.619403480748	0.0851279508258	0.139285783282	-0.139419147517	-0.0310301393622	-0.382150916482
SRT1720	0.805494933556	0.602483740587	-0.346034555019	-0.26405576932	-0.265815264476	0.304092509289	0.0194987782014
ISAXONINE	0.360723085655	0.341948307726	0.0443361188065	-0.0665904933605	0.135200094654	0.281536677005	0.530151862209
DEFLAZACORT	-0.0536780515861	-0.818547802425	-0.210013629762	0.312457306395	0.559018778911	-1.00264630621	-0.00626954717108
ALAGEBRIUM	0.199276380341	-0.282741097471	0.0101724566215	0.375518138177	0.33677369107	0.77740747686	-0.326202215302
ETANIDAZOLE	0.196182851045	-0.629457699297	0.00704985835562	0.0490148917857	0.403609396787	0.0346453329875	0.01323956307
1-ACETYL-4-METHYLPIPERAZINE	-0.473005888302	-0.534165163656	0.0439566882977	-0.0390354855812	-0.258773803594	0.375332545115	-0.349210378307
AZALOMYCIN-B	-2.24678884902	-3.7533130959	-5.69185395945	-3.04872274366	-5.90262484767	-2.90446195398	-3.49988115753
BREQUINAR	1.59672924974	0.167107783169	0.0413323921296	-0.247214816192	-0.875349393669	0.168922473056	-1.62839651298
ENOXOLONE	0.157291426864	0.210461055939	0.291998873739	0.527418238201	0.194562976187	0.0135361270052	0.781865990591
CIDOFOVIR	0.529110567058	0.272883578034	-0.182006486465	-0.374130066663	0.0249545249439	1.17764698368	0.21904080907
ADEFOVIR-DIPIVOXIL	-1.22860535394	-2.71666115971	-0.0896263355257	0.174058238192	-1.89378840572	-1.92144965804	-2.82182585525
CAFFEIC-ACID-PHENETHYL-ESTER	1.44680789411	-0.266543524652	0.246152211098	0.359876283047	0.411909501649	-0.129379311352	0.109120217468
CEPHARANTHINE	0.032212798079	0.653838075669	-0.0932194815457	-0.0845754924181	-0.550438740182	0.234435673012	-0.184494495885
TMS	-0.448527708585	-3.7651580971	-2.61310851973	-1.60792045882	-2.99235916611	-1.65606380922	-3.95577414768
METARAMINOL	-1.23082309491	-1.21725725709	-1.37254931781	-1.32040574192	-1.17690853438	-1.15030746181	-0.353852563986
Y-320	0.251506140695	-2.22717978365	0.0375790624316	-1.33052674385	-4.43256197218	-1.75687081392	-3.49281851833
GW-7647	-0.157644767791	0.238024078417	-0.142961621933	-0.215481058516	-0.699645288582	0.20231781113	-0.730726654847
NEOHESPERIDIN	0.25310097241	0.519822330538	-0.0839206348611	0.140953222089	-0.171387974916	-0.252670852175	-0.704122728519
PHENTERMINE	-0.154837010409	0.022463340266	0.105172321461	-0.102698982627	0.10859612016	0.0187697346962	0.39779438313
HARRINGTONINE	-2.25304118282	-3.5345928963	-5.91230760125	-2.59979950683	-4.36444127537	-0.610436610634	-3.34474550287
ALOPERINE	-0.478126500046	0.51780311012	0.193898240079	0.384858616469	0.496046307595	0.907018690555	0.462734614721
CHLORAMPHENICOL-PALMITATE	0.706123460921	0.415932629454	-0.0365571001114	0.489866517986	-0.286886090532	1.3833655343	0.58754568456
PELANSERIN	-1.20122738729	-0.599643984735	-0.07250014969	-0.3416758368	-0.595148884092	0.240063863587	-0.964518786083
LINAGLIPTIN	-0.509653731018	0.122447766985	-0.118173328601	0.216246007789	-0.570229735131	-0.296872291243	0.222519379412
AV-608	0.0698886264858	-0.180681628823	0.233259230244	0.477840928487	0.0133374377505	0.73695795505	-0.899553462246
10-DEACETYLBACCATIN	-0.646981228971	-2.68180003361	-1.44478212385	-1.80989287292	-5.14161697664	2.67577274688	-3.18412965282
10-DEACETYLBACCATIN	-0.86306633727	-0.0699306776821	-0.106894893898	-0.596836387043	-1.48881109293	1.16878996229	0.752426513149
PA-824	-0.357789350523	-0.199302443488	-0.604696396873	-0.539493076573	-0.659611081956	-0.191169160566	-0.163370301837
	-0.357789350523	-0.199302443488	-0.604696396873	-0.539493076573	-0.659611081956	-0.191169160566	-0.163370301837
ISOBUTAMBEN	-0.631301704035	-0.0956373924179	-0.603549259873	-0.218194411529	-0.482543965018	0.396762087146	0.163590889626
RELCOVAPTAN	-0.721667743327	-0.143485696037	-0.651064630425	-0.194250979043	-0.317180717583	0.499876695793	-0.275014888115
ITOPRIDE	0.0573328853528	0.473744165533	-0.367811879732	-0.942427760521	-0.0304382622373	0.116710134356	-0.281395907866
WAY-213613	0.357136512711	-0.475317781443	-0.457622891883	0.2999688201	-0.5963044297	-0.184424820174	-1.0066716779
OXACILLIN	-0.0373123340234	0.0551237160004	-0.372756813181	0.040453453759		0.317089058388	-0.750340916003
OXACILLIN	0.136305546739	-0.083568855266	0.0315563418241	-0.444138459064		-0.155651414737	0.875399067867
PIFITHRIN-MU	-0.584489466944	-0.309833713746	0.0607361837822	0.354941037591	-0.108304338055	0.502568751653	0.354425878671
SKF-86002	0.774028833991	0.143332635533	-0.115562556926	0.222139638313	0.155051827979	0.550344547019	1.01467158865
PIRFENIDONE	0.784356934091	0.279810825307	0.164592108536	-1.26108091514	0.416981663861	0.0716724420444	-0.110836142647
BRETAZENIL	0.0106184493572	0.16136030492	-0.198821650177	-0.40620934052	-0.387262105668	0.109300763802	0.74919275423
CALCIUM-LEVOFOLINATE	-0.642270965039	-0.677354728324	0.108231607758	0.0199689132596	0.34387811165	0.124515303803	0.281150765218
DEFERASIROX	-0.445963716105	-0.0103602466929	0.065543949032	-0.23502704233	-0.183037445732	0.673940269501	-0.254040272924
4-ACETYL-1,1-DIMETHYLPIPERAZINIUM	0.433667338137	-0.495655277658	-0.00627641463914	-1.28473172122	-0.412086870492	0.311448032861	1.12052173188
CAPADENOSON	0.0164012020124	-0.214811993486	-0.0711255489471	-0.694194354306	-0.482083713169	0.011477776295	-1.09655986164
QUININE-ETHYL-CARBONATE	-0.539358795176	0.169972495508	-0.147795874707	-0.168006958057	0.107809334756	0.101572180045	-0.0740667410341
PRANLUKAST	0.102182989947	0.0596324347695	-0.152408944673	0.980319277423	0.0718547876052	0.325192932283	-0.627907222651
PRANLUKAST	0.083738607351	-0.291915698316	-0.367017472594	-0.274397077301	-0.585748301423	0.441246493365	-0.992601000218
GNF-2	-0.281394020321	0.59369656232	-0.0601034819786	-0.634921852145	-0.194807539251	-0.368679759365	-0.618292441869
AZACYCLONOL	-0.346783461204	0.221643369163	-0.478406004585	-0.326544731011	-1.25292788234	-0.087942347627	-0.49719752553
TG-003	-0.819984463097	-0.302906846758	-0.343355756911	-0.425448806965	-0.484586807926	-0.389825110242	-0.0757175008393
TEZACAFTOR	-0.309746469979	-0.338250330809	-0.415151777782	0.0824930002558	-0.544963807857	-0.897776501817	-0.264514090171
4,5,6,7-TETRABROMOBENZOTRIAZOLE	-0.0719785611161	0.228722070326	-0.125706407445	0.186056598619	-0.177983977306	-0.387089934962	-1.20444848782
DROPERIDOL	0.276306485709	-0.37544559364	0.271310314974	-0.136497523474	0.0686505136763	-0.0137915539412	0.138528925466
L-ASPARTIC-ACID	-0.239726990655	-0.191786920092	-0.244624568482	-0.265249753159	-0.211762069861	0.223940803832	-0.371788057954
AMILORIDE	0.685241266954	0.15082060249	-0.0637982111072	0.190726164421	-0.0925611405161	0.081631703683	-0.38732244356
BENIDIPINE	1.14038122283	0.129366618242	-0.232034379611	0.443247528207	0.526994106616	0.122983736239	-0.376952006255
GESTODENE	-0.321640804559	0.221256464333	-0.359557721359	0.728101837726	0.291266666651	0.0133430613202	-0.426747989049
ABT-491	-0.0276879696909	0.241248840593	-0.174140406366	-0.50819105926	-0.137069992263	0.400613628135	-0.748891160097
THIOTHIXENE	0.229454030838	0.0224550637483	-0.457000828667	-0.300373368116	-0.994123233406	0.426388017171	-0.173249757535
PI-828	0.232857533862	-0.164657521768	-0.235908989221	0.154078390169	-0.104975922857	0.711124647755	-1.19041929613
QUERCETIN	0.189338940514	-0.100867768575	-0.255752035643	0.274218775048	0.0399860904625	0.200373181997	-0.159365035474
ACEDAPSONE	-0.568870729798	-0.685019094219	-0.111173137877	-0.438159056502	-0.185859963185	0.292106796129	0.00461772552379
NETUPITANT	-0.049073581115	-0.806017589031	-0.184856286217	-0.0877500781405	-0.891503272227	-0.352744897843	0.318436948298
DIHYDROERGOCRISTINE	-0.081071792885	0.311917562834	0.563922749834	-0.241761233067	-1.72801637754	1.04577404664	0.260776968828
DIAVERIDINE	0.34440389105	-0.228712873719	0.158091378836	-0.463169044161	-0.0553238776441	-0.256903307189	0.384072667417
GESTRINONE	-1.19300197168	0.698947244364	0.0878943521466	-0.662571656673	0.162430429044	0.34346409353	-0.0336239576155
CLORSULON	-0.954614185893	0.0516683520316	-0.614561589848	-0.205296683318	-0.30666799119	-0.334381573298	-0.523355846636
MELATONIN	0.064039293248	0.563576929071	-0.0168286877998	-0.0641408011286	0.348745871116	0.0842593282476	0.217546919636
MEPYRAMINE	0.210503318337	0.0183551664507	-0.472485524571	0.142799492248	-0.558967907123	0.182274942021	-0.276927478566
AMIPRILOSE	0.490106800332	-1.20230919209	0.311538144407	-0.141740621082	-0.377360201001	-0.812187164773	-0.630504931138
P22077	0.89261681888	-0.666807675729	0.223753420773	0.23297692064	-0.126626964631	0.151168939581	0.0795101407445
CHLORPROPAMIDE	-0.229774639998	-0.869357409228	-0.2762552744	-0.802203478004	-1.05733398673	-0.573809770005	-1.54092826909
NICORANDIL	-0.231308287376	-1.07413651322	-0.573664423277	-0.844623112038	-1.1598621102	-0.231374005503	-0.316851488093
PD-173074	-0.446106641413	0.516878366943	0.167699098904	0.432996263041	-0.452336843734	-0.694864355434	-1.30906308395
AMINOPHYLLINE	0.465609061872	-1.30787169182	-0.122169310351	-0.0352510476343	-0.662659903648	0.501506951526	0.104264540916
	0.465609061872	-1.30787169182	-0.122169310351	-0.0352510476343	-0.662659903648	0.501506951526	0.104264540916
AMINOPHYLLINE	-0.238259450045	0.283654398929	0.0181373046254	0.290014585015	-0.0897015012583	0.578876185917	0.735186034585
	-0.238259450045	0.283654398929	0.0181373046254	0.290014585015	-0.0897015012583	0.578876185917	0.735186034585
2-DEOXYGLUCOSE	0.821058213059	0.390230496508	-0.0411662564054	-0.394066531962	-0.512572205788	-0.558760841398	0.0146290867864
BECLOMETHASONE-DIPROPIONATE	-0.614311547154	0.675081112219	-0.216617573651	0.909776014917	0.641102705233	0.772206442668	0.992639805563
BECLOMETHASONE-DIPROPIONATE	0.403327750742	-0.523050812759	0.143982635682	0.821993034375		0.0305403387756	-0.154757560369
BMS-626529	-0.235905203309	0.880280354734	0.150269105072	-0.00344539041979	-0.0755514739439	-0.166282248267	-0.276342367428
MALOTILATE	0.777367397132	0.314685939911	0.456464613511	-0.21010971025	-0.00342493391874	0.061322589373	-0.314565642339
EMD-1214063	-0.149425145696	0.523045669289	0.0773303093662	-0.0624438996007	-0.116146842068	-0.0561240454526	0.591166976784
RUPATADINE	-0.827907084155	-1.01445478202	0.0848060960563	0.880596856157	-0.00496773571752	0.268371160684	-2.13317071617
COMPOUND-W	0.0681068379965	-0.419968529778	-0.182371826249	-0.80383154394	-0.329383968122	0.0330699491437	-0.305421486089
GR46611	0.0562762720051	-0.189286556672	-0.387944811772	0.191414108251	-0.78549806153	-0.691718614466	0.560950715901
SIB-1757	-1.08101347455	-1.23404352807	-1.40760236845	-0.922741807051	-2.31962105699	-1.20027122602	-1.17710728523
CHLORZOXAZONE	0.0238681522363	0.461684732589	0.00150288392342	0.181270381688	0.743421040195	0.608694510059	0.282391148716
GSK-J4	0.816470362688	-0.733086727189	0.520500068875	0.227161583171	0.637362999287	-0.433801009166	-0.453216519947
IOX2	0.566037311933	0.429964897787	-0.0605567893169	0.142616678555	0.381012010392	-0.0549658733574	-0.632576807034
IRL-2500	-0.215831536573	-0.544595622548	-0.137150925728	0.305077279333	0.0931945260918	0.659881178347	0.73053126028
L-165041	0.702723437871	-0.31300940094	0.253315141795	0.594276761067	0.194557452574	0.542164302	0.644974204532
FINAFLOXACIN	0.298745109159	0.0679228556021	0.13049584151	-1.01914999251	0.0701495177206	0.343435864689	-0.898900228057
SALIRASIB	0.431106814879	0.324601044103	0.140840676419	0.612812022828	0.168727678671	0.787353393837	0.162831950948
HONOKIOL	-0.316199349025	-0.537498861548	-0.29144079488	-0.545218192865	-0.603869360437	-0.199698860824	-0.273314709273
DESOXYCORTONE	0.0100091980717	-0.281765677138	-0.923390925163	-0.676523872786	0.354751224855	-0.442755421142	-0.953055810233
CLONIDINE	0.658443282453	0.821364746334	0.312748895927	0.261906223007	-0.324829757458	1.08636724686	-0.091098955953
PARTHENOLIDE	1.00555872201	-0.731180773866	0.0805879988763	0.812890820939	-0.377291258024	0.497128595076	-0.17299791452
AZD8931	-0.0700085376681	-0.372091086963	-0.680037434336	0.678527272842	-0.0871533872442	-0.438567015586	-0.440421014336
BEPOTASTINE	0.0849399825454	0.114540386274	-0.0736418623088	-0.525089686931	0.166644928798	-0.130234090089	-1.1537090311
GSK-0660	0.0272061007806	-0.423073598129	-0.445824772997	-0.677307156707	-0.320991330078	0.415690551493	-0.53444770581
	0.0272061007806	-0.423073598129	-0.445824772997	-0.677307156707	-0.320991330078	0.415690551493	-0.53444770581
NIFLUMIC-ACID	0.255048971855	-0.637289611523	0.108897303841	0.685262598833	0.0444885663245	0.342948658152	0.184809095885
FLUMAZENIL	-0.36771378336	-0.853454082093	-0.0270561481425	0.317619890531	-0.139711175733	0.355259589248	0.220273452186
SB-2343	-0.668597567698	-1.30505590659	-1.0517918944	-1.90829328882	-2.59318454611	-1.71942254296	-1.57210757226
EZATIOSTAT	0.477660210325	0.34831463818	-0.179564442378	0.0653242520338	0.246971005696	0.478850476662	-0.0544265950943
AZD5363	-1.08885317497	0.0131068937741	-0.0895891171624	0.693978370887	-0.538285816908	0.662320527907	0.273203898043
ACETARSOL	0.223339113411	-0.729754072205	-0.195181231931	0.0581573013914	-0.229742682258	-0.813526031734	-0.211251478941
DIDANOSINE	-0.700763154388	-0.20054812718	-0.141055979704	-0.347765458063	-0.861288117918	-0.329097384883	-0.315524741916
PS178990	-0.416229397844	0.126114667064	0.0972970391415	0.0122462615016	-0.270054581713	-0.0161423297446	0.69467319947
FELBAMATE	0.495708412866	-0.249589537837	-0.352248531385	-0.0877706825294	0.301313523589	0.124732781213	0.16277185119
AZD2014	0.64461683922	-2.77764973849	-1.50532421603	-2.26560210531	-1.34304006711	-0.111452851474	-2.9992055401
CINCHOCAINE	0.213182289815	0.21226850165	-0.0674614466515	-0.636684423861	0.0942104578068	0.814475946713	0.465361126642
PLURISIN-#1	0.0115441389417	0.460016064576	-0.0778594284567	0.432405910832	0.04633333874	1.00611647355	-0.00761520575516
	0.0115441389417	0.460016064576	-0.0778594284567	0.432405910832	0.04633333874	1.00611647355	-0.00761520575516
NSC-319726	1.15935186644	-2.57672143867	-0.364498871858	-3.03920822744	-3.76652434527	-1.44524312571	-2.74429707929
CARDIOGENOL-C	0.691747198509	-0.320037485364	0.439998788874	0.391079891584	0.290618588084	0.613780344577	-0.0810217013904
METRIZOIC-ACID	0.093777077931	0.250074911018	-0.00262428449181	-0.340553421518	-0.49068678996	-0.303787290647	0.0364507765529
ANTAZOLINE	-0.464092239198	0.351108801089	0.280669242274	-0.031798718402	0.340050383935	-0.20646168291	-0.00910056696474
SODIUM-MONOFLUOROPHOSPHATE	0.63526102902	0.360123598706	0.479826252765	-0.335155191875	-0.199668112654	-0.41252401157	-0.231246944761
FTORAFUR	0.598776984884	0.316063322535	-0.172130130647	-0.198203414271	-0.046645349699	0.979872129384	0.66847199777
FTORAFUR	0.751502256171	0.330620323033	0.249064284078	0.270066319107		0.728109577315	-0.60637920008
LOPINAVIR	0.477018263983	0.498252972888	0.183864085881	-0.394635117585	0.230803059312	0.378547891127	-1.13123841021
GENZ-644282	-4.40581088949	-4.18073047289	-6.67803876928	-3.42156564247	-6.46336704278	-3.6972251036	-4.39654589294
PLINABULIN	-1.84091866137	-4.0588730841	-3.35774742815	-1.12949504961	-5.56688594507	-0.89486866737	-1.79188464232
GOSERELIN-ACETATE	0.460698339084	0.339534672134	-0.185367808762	-0.305949181829	-0.38032552663	-0.59221333789	-0.605959835042
PF-562271	-0.530531603359	-0.875222515059	-0.135911892649	-0.391207483903	-2.21230036566	0.850729767703	-3.21169666884
TANAPROGET	-1.40909313566	-0.639336757283	-0.343784906005	-0.395919192555	-0.38230051999	-0.123262512294	-0.393399473735
MEDROXYPROGESTERONE	0.0485544185021	0.178218438964	-0.144934742256	0.347969208839	0.0488602434702	0.229643715204	-0.925433565058
TUBOCURARINE	0.783105504112	0.290888317427	0.0377637970073	0.320549962136	0.747587377948	-0.202617495101	0.609122183439
BUTACAINE	-0.197613090561	-0.153165015931	0.161352500169	-0.205925893552		0.0827148843774	-0.347424355891
SANT-1	1.06257155843	-1.03709446574	0.172334637762	0.145023114009	0.3409730853	-0.13512269873	0.910188447848
LINIFANIB	0.0610574610155	0.557236425385	-0.519728043677	0.506958599138	-1.83876774637	1.23118786092	-0.477263082213
HEXACHLOROPHENE	0.761790845264	-0.327456841627	0.771721922274	0.258548786527	-0.586843133984	0.692986794776	-0.283217493473
DPO-1	0.358206049808	0.589086692506	-0.0561015712542	-0.36907797401	-0.286480260731	-0.557643245883	0.511399015379
HEXYLRESORCINOL	0.236677521469	0.409549505366	-0.0353772926854	0.362408200207	-0.242755968299	1.1669549662	0.587661523988
BOSUTINIB	-0.140009421796	-0.282699326938	-0.0330575123795	-1.60367740085	0.0541145903379	-0.123324690719	-1.69585734899
FLUNIXIN-MEGLUMIN	0.5300614776	-0.306987129744	0.183737490264	-0.132678442361	0.272828123594	-0.158598553214	-1.25071679578
CHROMANOL-(+/-)	-1.43663783061	-0.640822853366	-1.01612612932	-0.727838120266	0.11905893211	-1.08379486636	-0.166948306636
BISMUTH-OXALATE	-0.0325001712772	-0.19688386803	0.107444902141	0.482096846514	-0.200237130427	0.288318618349	-0.324464654626
INDIUM(III)-ISOPROPOXIDE	-0.792730618786	0.58103238803	-0.260030525868	-0.63247788935	-1.71348640178	-0.953978437469	-0.322175866027
FPA-124	-1.13296210877	-0.0891639653971	0.107481937434	-0.505608784572	-1.83571970169	0.998337152524	-0.608376848644
AMMONIUM-LACTATE	-0.24359608741	0.195832862434	-0.0708786425052	-0.25855845179	0.294973633668	0.0591866942851	0.555229602056
CIS-ACPD	-0.712292537623	-0.800087617602	0.266947046571	-0.404138768056	0.0652872472195	-0.568925617873	-0.726851168896
G-15	-0.216889879633	-0.262590025164	-0.0268740412834	0.372530843151	-0.390821090632	0.266674723742	-0.957665863404
REBOXETINE	-0.640611360208	-0.457534374524	-0.100399833883	-0.107523548963	0.139768997869	0.713752584911	-1.31650074884
LITHIUM-CITRATE	-0.0222391053712	0.266352280777	-0.134890995312	-0.713095307487	0.729242523894	0.829537966404	0.668268734327
SODIUM-GLUCONATE	-0.654095024496	0.536302347628	-0.2967442874	-0.34697617832	0.464939427204	-0.516407168489	0.682671142005
BISMUTH(III)-TRIFLUOROMETHANESULFONATE	0.217351818507	0.159784512032	-0.522157099731	-0.682737553419	-0.200136598445	0.849855346682	-0.245549412392
TBOA-(DL)	-0.16818933958	-0.584699400515	0.060344807375	-0.649931446308	-0.0447923078295	0.323185155113	-0.594323322156
NEMONAPRIDE	-0.176267690519	0.0410365975282	-0.0461730630438	-0.0483745112917		-0.155310690288	-0.777886696459
CROMAKALIM	-2.35129638295	-1.29616611087	-1.05978463114	-1.32031926746	-0.85486063178	-1.28734236223	-0.697382022431
TALC	0.328733812064	0.306546454934	-0.256495068218	-0.835485051392	-0.683375106436	-0.283028379916	-0.17790615514
EFONIDIPINE-MONOETHANOLATE	0.181778836823	0.83736997635	0.376641201712	0.229196213853	0.0917027074737	-0.489745734784	0.310990018317
DICHLOROACETATE	-0.0390262284945	-0.936900162846	-0.761471993778	-0.15450554722	-0.533163316221	-0.514678024302	-0.677355553932
CEVIMELINE	-0.0728836479212	0.661537567682	0.137284021337	0.39931222725	-0.111634019282	0.738564113818	-0.0899900148196
COLESEVALAM	-1.00966595674	-0.530710580922	-0.279808746745	-0.467910713801		-1.20292132042	-0.745691689073
TYLOXAPOL	-0.851815774312	-0.967032096843	-0.277306111322	-0.339893850113	-0.177366932702	0.0800996143227	-0.348671785378
SEVELAMER	-0.280339381362	0.11090707437	-0.254614321823	-0.4800146413			0.427961719105
TYLOXAPOL	-0.0515762659357	0.122613363084	0.0343495777256	0.0818428029065	0.0987451515408	-1.0270432636	-0.273260855771
PHOSPHATIDYLCHOLINE	-0.285871508072	-0.134782270414	0.284676780931	0.33592316118	-0.0800645442844	-0.0881269231284	0.432697006313
RS-0481	0.08168687819	-0.464281707335	-0.0392342694235	-0.129843793066	-0.543936598839	-0.748686081964	0.864213311082
OLEUROPEIN	0.30385828945	0.0325021299936	-0.346751998238	-0.291626576622	-0.625022783573	0.937698668841	-0.475342137128
ISOLEUCINE	-0.04341550036	0.224885804733	-0.302191987133	0.00348639635979	-0.506599299303	0.49067142534	0.0589615634369
GEPEFRINE	-0.114935899262	0.698130534835	-0.0320015090245	-0.403163784748	-0.679066323246	-0.0486441528111	-0.366931520579
CLORANOLOL	0.103799178075	-0.309710211568	0.114164794738	0.295964122259	-0.325945268953	0.0762013594864	-0.336618897435
BROXATEROL	-0.0225482321607	0.358096235661	-0.118407633797	0.0290271475288	0.377812826474	-0.370671447502	0.357539417927
SQ-109	0.440310554262	-0.111682367973	0.0238130318504	0.526196460255	-0.0629365368433	0.614988488201	0.597854558755
PROLYLLEUCYLGLYCINAMIDE	-0.17628997857	-0.000388444159813	-0.00947680150633	-0.149374516846	-0.548245627416	0.604155625099	-0.851712424967
DEXAMETHASONE	1.11987811023	0.19419718196	0.478822952951	0.0124050282624	0.556756230782	-0.320093778138	-0.768934208149
GLYCEROL-MONOLAURATE	0.453037813329	-0.440415233387	0.26086209976	0.12220884332	-0.185207634999	-0.100997521939	-0.0738803846117
MABUTEROL	0.538014917397	0.367342700391	-0.150327223203	-0.401174854779	0.171639404267	-0.0319397167776	-0.0210466346102
PEFICITINIB	-0.0663829230325	-0.361945000426	-0.535376595239	-0.898954283768	-0.894280053491	0.242992389557	-1.01665139498
CLOFEDANOL	0.244879923942	-0.246864671114	-0.0480426688374	-0.328410211146	0.628898312969	0.0559685056437	0.784881027175
POLYTHIAZIDE	-0.058931463524	-0.00434517482729	0.0646806156531	-0.530270639836	0.316530147725	0.113094293436	0.0916108597954
MISONIDAZOLE	-0.103726783712	0.0258633922677	-0.0830148439167	-0.644749982908	0.495060515024	0.0693656106989	-0.41534893852
ISAVUCONAZOLE	0.345041777704	-0.231102661795	0.108286470069	-0.320712920006	0.222847807334	0.597976808075	-0.417868504634
LERCANIDIPINE	0.964429750299	0.347502473644	0.0444812789434	0.92512083698	0.0276523356583	-0.0682268064932	0.0692392560003
CLOROTEPINE	0.19430919921	0.762544807378	0.250319492548	0.223848267173	1.17375830545	-0.361260422102	1.07290198654
MENADIONE-BISULFITE	0.779483529869	-0.102684494638	0.416278941246	0.714253400991	-0.820818780944	-0.0941235234195	0.265824414446
NIFENALOL	-0.640948569189	0.164177051463	-0.174214225693	-0.185814471794	0.659779746081	0.399613575359	0.301300344725
XIBENOLOL	-0.0345427772156	0.422481296352	0.0597268383506	0.273640173393	0.298502009987	0.344425557168	0.0708048987747
METHOXYPHENAMINE	-0.101251831728	0.00587312823653	-0.0165607393637	-0.224838368742	0.0310915566372	-0.725209569699	-0.230474646424
PIPECURONIUM	0.0552195922237	0.170148849272	0.00219421803964	-0.0810582356444	-0.463349126501	0.4418160114	-0.550029752982
PF-06463922	0.324749894982	-0.228111236002	-0.591733566566	-1.04749743202	-0.164383853309	0.230341349406	-0.244412625954
FLOCTAFENINE	0.00572973860992	-0.122518267686	-0.222291702351	-0.530646882929	0.384665509666	-0.0319355008621	-0.190124663605
N-ACETYL-TYROSINE	-0.302634209789	-0.169557900179	-0.287173987174	0.445704679173	0.0388057720124	0.174023311833	-0.608505143098
CHLORTETRACYCLINE	0.168245608198	-0.342462726107	-0.0241161388042	-0.0419795429546	0.523391783616	0.462559436381	-0.107814846904
BUTOFILOLOL	-0.116815361055	0.283332849497	0.0134033036223	-0.207669250274	-0.178258756947	0.266288369668	-0.0774733277559
EFINACONAZOLE	0.175060041603	-0.0250529897145	-0.0534786821471	0.0536332427828	-0.271609578175	-0.0850848074269	-0.374422224439
CAPREOMYCIN	-0.0948182192404	-0.599658650735	-0.140263744352	-0.544588072808	0.612337587351	-0.308342173414	-1.07833397054
ORITAVANCIN	-0.281705321287	-0.118988514464	-0.0521220214488	0.193259140511	-0.28143963133	0.196039620136	-0.22549076181
TERODILINE	0.154054331143	0.0219274712063	-0.0448510036852	-0.431307924807	0.334707643138	-0.307987417333	0.0744019584884
HEXOPRENALINE	0.763426527283	-0.355046729644	0.0494130192013	-0.160136426369	0.54175561252	-0.735081529676	-0.378389610423
TROPESIN	-0.0283639086892	-0.267986626252	-0.2321926038	-0.523451536017	0.113368256098	-0.729913488812	0.19071564012
TETRACYCLINE	-0.767619968437	-0.224766014714	0.0991209835434	0.132418375033	-0.771589992034	0.416791698426	-0.458712238706
PROPYLHEXEDRINE	0.546684161778	-0.157139062958	0.228409282269	-0.0100731104721	-0.629864499195	0.145698827582	0.719286052864
DROMOSTANOLONE-PROPIONATE	0.354679146001	-0.0165467179034	-0.340703610918	0.123785956112	-0.888274659856	-0.694787456045	-0.0718411027921
A-33903	-0.214352851705	0.318685228289	0.0271124312358	-0.192814476267	0.797336777636	0.39202804195	0.0474000703106
MORINIDAZOLE	0.438774155516	-0.184507104821	-0.434512658083	-0.0825821657907	1.06590237596	0.0322957488193	0.0981555196015
BACAMPICILLIN	-0.174913515736	0.222068984235	0.211257697356	-0.0490114112029	-0.206060228753	-0.146352179813	0.186897514585
BENPROPERINE	0.167531999308	-0.139175079899	-0.019157395735	-0.740305157439	-0.885808470105	0.19350845559	-1.11431348324
CYAMEMAZINE	0.147890088944	0.249504246196	-0.302279275394	-0.455509993752	0.0753964660003	0.162691870314	-0.931905492143
FLUMECINOL	0.109537586021	0.0743548279735	-0.40397406641	-0.551533950825	-0.0382667075428	0.246004016259	-0.296435395293
AZD1446	0.306421466598	-0.534652258053	-0.0188456026217	-0.424180870517	0.318926360521	-0.361091980854	-0.769061356154
GINSENOSIDE-RE3	0.0838901976078	0.156028535221	0.0736797834943	-0.428794387992	0.776324489238	0.0821385181898	0.43184227962
	0.0838901976078	0.156028535221	0.0736797834943	-0.428794387992	0.776324489238	0.0821385181898	0.43184227962
DAROLUTAMIDE	-0.246714101422	-0.375135724914	0.186337223657	-0.057588306704	0.182915444099	0.39183851595	-0.14979467495
	-0.246714101422	-0.375135724914	0.186337223657	-0.057588306704	0.182915444099	0.39183851595	-0.14979467495
PROMETHAZINE	-0.20284283909	-0.0662496948838	0.213596943465	0.788889815185	0.734148504683	-0.0565339545318	-0.136518869225
IGMESINE	0.345708421995	0.394316992636	-0.15979868915	-0.0267194624239	-0.299890081208	0.15048564954	0.0844223729295
BUPRANOLOL	0.260516619668	0.666418045432	-0.277339748412	0.188898419856	-0.0782202466377	-0.0746337932466	0.496012950838
MONOCTANOIN	0.0714848018458	0.331778470198	-0.192560664081	-0.418047446768	0.381231070057	-0.143199727549	0.168650607533
CARAZOLOL	-0.0188001724194	0.31319542796	0.215439078403	-0.446172402249	0.290138686397	0.00378926552259	-0.363027510927
TIANEPTINE	-0.0314850262934	-0.0761021589375	-0.396076770274	-0.34401502708	0.86487355811	-0.0945975228472	-0.846193775387
COLFORSIN	-0.0705923273238	-0.308308597766	-0.0644473039704	-0.612057226813	0.0634126287333	-0.132238789358	-0.30095159916
TRIMETHOQUINOL	0.092238422648	-0.192588126355	-0.0116652042	-0.574231895088	0.346126761088	0.370529599681	-0.591855058446
VALETHAMATE	-0.165274287614	0.343129950864	0.123470019208	-0.231879018939	-0.109360070675	0.345135535751	-0.160967634786
OMEPRAZOLE-MAGNESIUM	0.183788580349	0.0996943868179	0.108651258457	-0.541069102535	-0.132264968008	-0.123938028207	-0.131012504106
AMG319	0.536920281341	0.148015838863	0.438777448514	-0.127114576195	-0.11829806812	0.278782555002	-0.535028083637
BUTYLPHTHALIDE	0.416121439879	0.00286198612152	0.31687557906	-0.471293568229	0.418551582788	0.497371467115	-0.785852654818
NETILMICIN	0.187072193302	0.045502051705493	0.0251847418501815	0.439248370670724	0.236800096576018	0.248518787567942	0.0911780285517
BQ-123	0.36703985482	0.31343353601	0.178365974241	-0.493476993096	0.105397357094	0.532288043654	-0.0514467645742
TOLAMOLOL	-0.371470794136	-0.13827354355	0.166581803809	-0.0147413235972	-0.964626698241	-0.117257216947	-0.604031148365
ULIFLOXACIN	0.489621679595	0.177958149817	0.096131770076	0.0477133057568	0.118739236483	0.486833958464	-0.280086273656
ENCIPRAZINE	0.414197148742	-0.148710496011	-0.31205762111	0.0751815145695	-0.540491507161	-0.317525281573	-0.244497898355
SULBACTAM-PIVOXIL	0.280580207387	0.423969548482	-0.511287641519	0.538847776338	0.555595651041	0.252848878201	0.827167257456
OCTREOTIDE	-0.274116372829	0.422556464138	-0.257747073284	-0.489150173461	-0.0587500900276	-0.534084509157	-0.795726797861
SOLAMARGINE	0.0296354355813	-0.576931983815	0.0519627200783	-0.312157586047	-0.0343267199466	0.126880401823	0.278705600033
PHENYLPIRACETAM	-0.174628192614	0.0116406298512	0.0189081278696	-0.249934276012	0.21625207593	0.0290187777078	-1.00629951881
TOLOXATONE	-0.48360614419	0.30268597615	-0.245250645771	-0.352090823514	-0.0456012365461	0.287845389226	0.15725650373
SPIRAMYCIN	0.423567697666	-0.234132199995	-0.216676789242	0.406698429292	0.281675597307	-0.289654752262	-0.14381194976
PICARTAMIDE	-0.108511990815	0.508891519608	-0.239969532048	-0.354534572003	0.100771951326	0.251335164821	0.869737285701
OZOLINONE	-0.431643204712	-0.0861976757425	-0.0536083377047	-0.850564814221	-0.498123077675	0.672083534106	0.458898448247
MISOPROSTOL	-0.159940173507	0.0262982397106	-0.150552025446	-0.825564358295	0.354978911468	0.887553685425	-0.345549665954
GADOTERIDOL	-0.189976511456	-0.276224744253	-0.288910724495	-0.312094861883	0.653973804363	-0.0938149348338	0.289054217538
TIAPROFENIC-ACID	-0.0990417604869	0.176304380224	0.0291838255029	0.205152230881	0.415543482079	0.625684795074	-0.0910655900789
BECLOMETHASONE	0.208047969342	0.527184578039	0.27096663218	-0.29971594388	-0.399363019788	0.399403029619	0.336973109284
TIPRENOLOL	-0.0712174272488	-0.0388658912816	0.145362789056	-0.266157040581	0.310310017092	0.0188864777607	0.364112273974
MK-571	-0.373107476996	-0.0403246501254	-0.275842229002	-0.2741362539	-1.13105730926	-0.429321644963	0.526921049543
HOMATROPINE	0.361606677992	-0.262269111106	-0.194409967234	-0.615873520977	-0.968025990688	0.00267962661525	0.0691708022605
IBUPROFEN-PICONOL	0.0475907209283	0.137378934546	0.0505734037863	-0.245735734219	-0.514139262677	-0.107986104825	0.313544136371
BAFETINIB	-0.0902401054969	0.402057640807	-0.0626682502895	0.121307271367	0.113684971261	-0.768866067604	-0.888474439531
LISADIMATE	0.200923381382	-0.259236739427	0.261215723274	-0.190176871869	0.381664925296	0.140997425979	-0.720540067411
METAZOSIN	0.112769763253	0.297625489561	0.156800837466	-0.161097120571	-0.0394705613222	-0.630779812506	-0.711080479863
TAFENOQUINE	0.330751857009	-0.362033577033	0.177161629576	1.03457746666	-0.367238184044	0.428982363477	-1.4091680004
SIB-1553A	0.386014427609	0.160070814315	0.181812076219	-0.454964980879	-0.0804366913075	-0.0019320310931	0.0581731440271
AD-5467	-0.371080250216	-0.836645383425	0.112942332918	0.130097080248	0.30423448342	-0.370076915238	-0.250650205499
GINSENOSIDE-RD	-0.627910830324	-0.29672619383	0.00790571702966	-0.325173076786	0.244388257416	0.584410809694	0.0259525372785
TIOPRONIN	-0.414284305725	0.133797814487	-0.263008179749	-0.889213075523	-0.120614283346	-0.498436963906	-0.0181170471033
GABAPENTIN-ENACARBIL	0.168591463848	-0.0631659831464	0.0133348085339	-0.48923520449	-0.308962075965	-1.00069146925	-0.72252410427
ALBUTEROL	-0.00967116304511	0.130407725549	0.078809304096	-0.391206041379	0.890881817564	0.190291038112	-1.05898598439
DEGARELIX	0.550441968859	0.0912162974112	0.278742584518	-0.616007341936	0.528476636874	0.072326881079	-0.6580764039
PERIFOSINE	0.497617867459	-0.218554593638	0.0692549386918	-0.769117279637	0.453906111805	-0.445810396024	-0.378533537033
TERGURIDE	0.739077316926	-0.226828824733	-0.0617515911111	-0.0771824054815	-1.1019520447	0.350173141902	-0.819118184694
BUCLIZINE	0.125604992433	0.422567703498	0.060273572612	0.38338671431	0.232816987409	0.190176076441	0.347731738888
CITICOLINE	0.125502065145	0.617220636868	0.0977162917733	0.0687934655936	-0.113045852257	0.377228825139	0.53030818609
BETAMETHASONE-ACETATE	0.722823234832	-0.679645259285	-0.0769386810788	-0.0240769550095	1.13371352366	0.438192309756	0.320139735538
CHLORPHENESIN	-0.112640930918	0.859721629303	-0.207912981833	0.116528888682	0.354076179285	-0.402378600719	0.0270918544154
PRULIFLOXACIN	0.271921582308	0.103265144893	0.0439056766987	0.14059284259	-0.0313563918202	0.125677146312	0.397990898994
MABUPROFEN	0.119478778896	0.558419540762	-0.0943494339006	-0.360243704681	-0.351351018428	-0.0766824987915	0.413197706231
NUCLOMEDONE	-0.388285365723	0.340748427385	-0.109581480988	-0.376384519832	0.092715443177	0.318785867631	0.0999873044695
CIMETROPIUM	0.222667725198	-0.0503721913901	0.0565716308248	-0.191006753844	-0.259954466895	0.510672129026	0.399331040689
CINEPAZET	0.168115847761	0.250971265097	-0.0908851385753	0.0760347777624	0.697423107871	0.414119745999	-0.225294569622
BRIVARACETAM	-1.13155880195	-0.323270809923	-0.289126863959	-0.866904214303	-2.96695804677	0.576618397387	-1.84971476905
GUACETISAL	-0.175609093856	-0.278849934075	-0.234245914723	-0.822353261573	-0.281946068166	0.0524503742103	0.0514646628184
MOLIDUSTAT	0.130003194988	-0.0503498519539	0.23817707183	-0.800561715595	0.0827273520518	-0.329140609689	-0.561953324027
RILMENIDINE	-0.235531321004	0.589637078163	0.0584568552125	-0.102353836801	-0.464398419846	1.18929733062	-0.36531718033
PRIRALFINAMIDE	-0.730501710453	0.0641031382865	-0.470516731296	0.74523683248	-0.818129631038	0.486028904856	0.0842929186366
L-PROLINE	0.278988642514	0.407204700434	-0.189119220146	-0.100024230721	0.345135342369	0.0694198473696	-0.927058936183
DENOTIVIR	-0.326702315789	-0.343339919523	-0.184154220814	-0.468202830376	0.113739480297	-0.273068739146	-0.196985540121
SIVELESTAT	-0.101987914268	0.10980548689	0.170648450453	-0.745034247437	0.0452990236108	-0.60654172091	-0.907998065218
CEFOTIAM	0.0144426641709	0.570110253023	-0.139637942917	-0.61367587703	0.0635384532008	-0.307219854112	-0.0538610625168
FLUOROMETHOLONE-ACETATE	-0.621285755979	-0.725553483126	0.449432274813	-0.895818776844	0.88532399994	-0.748839065795	-0.497574788616
PF-05190457	-0.0299476611511	-0.227408710323	-0.102434383619	0.0411884248318	0.740494294221	-0.653165421624	0.0583347011082
PHENYLBENZIMIDAZOLE-SULFONIC-ACID	-0.0955437091915	-0.105819907458	0.0967423115776	-0.399003809383	0.411061836685	0.199115273356	-0.796455263711
PIBOSEROD	0.461402797831	-0.596391071876	-0.219357909144	-0.533064208219	-0.812161174176	0.699079188383	-0.0683665581546
UNC0737	-0.0527502165201	0.122615070176	-0.529603991767	-0.770372626146	-1.08072210306	-0.609750853468	-1.38386515216
QUINAGOLIDE	0.627937219931	-0.260528470364	0.0922576321842	-0.065035049188	-0.560000281655	-0.320619057857	-0.107115133535
ELAFIBRANOR	0.310134644226	0.00286865287185	-0.239775840302	0.44535613515	0.564958776148	-0.0895323024897	-0.210806893941
RAVUCONAZOLE	-0.389255037554	0.356622490996	-0.0447074599963	-0.085993373825	0.610606578341	0.0954110150641	0.00619892084827
XL-647	-0.0472158706819	-0.804219455503	-0.0149830047843	0.393025073665	-0.160543931182	-0.195282326567	-0.890806570456
	-0.0472158706819	-0.804219455503	-0.0149830047843	0.393025073665	-0.160543931182	-0.195282326567	-0.890806570456
MK-6096	-0.554258005579	-0.384934253639	-0.0380583021013	0.09628557248	-0.668061415037	-0.670473256126	-0.248536812332
1,12-BESM	-0.324575262008	0.242700181094	0.0499546664776	-0.19339285824	-0.432591812911	0.998371894959	-0.66195276759
PERZINFOTEL	0.154256968903	-0.264564867585	-0.108388488016	-0.0064867303876	-0.410895740916	0.0453080557443	-0.828246683147
VE-822	1.12820480579	-0.149552165843	-0.536115104805	-0.027565302787	-2.09032758854	-1.92334274073	-2.16199622137
HEXAMETHYLENEBISACETAMIDE	0.00997613857791	0.491215995417	-0.00203436470187	-0.33636402598	-0.0979257442171	0.330949678576	-0.067331293407
GSK2330672	0.272648571468	0.231119799378	-0.295596869161	-0.452914093076	0.625351126205	-0.217761042242	-0.441499966335
A-366	0.160866763877	-0.228026691042	-0.234516927873	-0.486402027711	-0.38528938716	-0.258836632497	-0.396914292715
E-64	-0.336255526505	0.315691238541	0.0478552623199	-0.455679730527	0.311679442736	-0.281615189831	0.119949640884
BREMELANOTIDE	-0.16416643895	-0.195357325415	-0.324046016643	-0.39987752692	0.504873328827	0.15563526989	-1.01879356405
VELNEPERIT	0.388366290019	-0.682256138601	-0.491228662184	-0.26178136856	-1.19473290084	0.61390914964	0.114620305976
LOFEMIZOLE	0.458528520358	-0.519044352118	0.152635000444	-0.109285529961	0.755564930519	-0.586298318827	-0.28616537913
DAPRODUSTAT	-0.0964242248773	0.321741805704	0.288496377227	-0.86114932876	0.221561587169	-0.628130898047	-0.671270951281
CL316243	-0.01890211622	0.773305218026	-0.320699532757	-0.000430482764338	-0.205056889628	-0.0438141284856	-0.0092741352588
L-METHIONINE	0.318434417615	0.302858990359	-0.252543477055	-0.36294032673	-0.815584924364	-0.900352342087	-0.196644988582
VINBLASTINE	-1.66436469414	-0.904955143799	0.080579958358	-1.7042776446	-1.74012429769	0.672969533133	-0.63399713524
APRATASTAT	0.43140395867	-0.440147410348	-0.0630046678488	-0.636906007966	0.468328317277	0.17043256073	0.723529047056
PF-03049423	-0.0243488887348	0.276693913659	0.184400032993	0.252436897235	-0.0174186486532	-0.555507779472	0.338627701585
ORG-12962	-0.422794040488	-0.5567460757	-0.352864019874	-0.269001868883	-0.0533697775097	-0.0115413907522	-1.25848664148
NORETHISTERONE-ENANTHATE	0.011022507544	0.13806406432	-0.102806210175	-0.0621174111385	-0.95753278431	0.25090282289	-0.509142915297
PALOSURAN	0.20404534514	-0.143801457759	0.0254274566381	-0.315692887964	0.183450622243	0.231112803719	1.01198361205
7-KETO-DHEA	0.37775214853	-0.0581128249217	-0.0422756593904	-0.356130881174	-0.0350413033915	0.224430755467	0.271623859375
MAVOGLURANT	0.61017481847	0.54153994312	0.0876857002447	-0.601871683434	0.822181525562	-0.0515388796224	-0.6536378521
FROVATRIPTAN	-0.194390894435	0.180245533077	0.152155833962	-0.659139817146	0.706343221996	-0.419853551675	-0.325613232565
YM-022	0.188562493567	0.0681018204102	0.0210298226131	0.158551098847	-0.0440890614455	0.141786020842	-0.348928786847
	0.188562493567	0.0681018204102	0.0210298226131	0.158551098847	-0.0440890614455	0.141786020842	-0.348928786847
ELBASVIR	-0.197315732956	0.0235781965346	0.168147868049	0.0450400619924	0.412171108054	-0.0727658303215	-0.634467320665
DEFEROXAMINE-MESYLATE	0.306939424241	0.481886188266	0.270267764078	0.726832313298	0.751517152383	-0.110151779753	-0.601620803519
TASULDINE	-0.121953227578	0.179449908208	-0.154962610019	-0.136228491643	0.201779083719	0.367619886635	-0.501839627062
ETHACIZIN	0.395041147414	0.0331657997219	-0.14365056042	0.971752150998	0.80636879841	-0.347160499469	-0.186223160429
PERPHENAZINE	0.0849160257455	0.0728461094234	0.0637504455477	0.147835006702	-0.635034419857	0.386307148363	0.314025686573
NICERITROL	0.114460440023	-0.215267564799	0.207950197767	-0.133159603137	-0.451631420023	-0.362793132164	-0.8447518005
NE-100	0.301341934558	-0.191919604547	0.330756966744	-0.966523404869	-0.171307179438	0.795527252365	0.593593687865
EVATANEPAG	0.418761215491	0.320144115204	0.312462443187	0.342004171365	0.842851968841	0.0351958145629	-0.363778495753
EPRODISATE	0.218841671606	-0.0796633195857	0.181819206833	-0.534798668646	0.428827228153	-0.330863179311	-0.204350158578
ABT-639	-0.199165799423	0.0594876231021	0.0100473227955	-0.0642215537336	0.753517416252	0.427188983943	0.731524598828
PARDOPRUNOX	-0.94561394495	-0.131631306248	-0.327238964648	-0.751242541373	-1.68969159073	0.867671133249	0.421653861679
ZALTIDINE	0.119551502067	-0.0393261139095	-0.294432617107	-0.180530066862	-0.874440315281	0.222076785105	-0.466154420726
MOXAVERINE	-0.390208858926	0.410224691156	0.168429131833	-0.105996282909	-0.0784019772784	0.516191914655	-0.811547446975
VELIFLAPON	0.0800143622563	0.325046905772	-0.255084064211	-0.823406591048	0.17071236174	0.436075748448	0.751802244578
CARBENDAZIM	-0.135641294925	0.236461216668	0.146386836315	-0.33445561612	0.0482199379834	0.214348773815	-0.499356923316
UNC0631	-0.684767126413	-0.486776950614	0.283125525136	-1.62098925926	-1.58606926906	-0.548302006481	0.249845261788
RIFAMYCIN-SV	0.048491256097	0.0229908123181	-0.274429652827	0.148641903305	-0.35321413608	0.181437187642	-0.711587233665
RADAFAXINE	-0.332025205029	-0.224774002066	0.0361888816285	-0.374810960895	-0.289505762106	0.600043485277	0.337690653929
VESNARINONE	-0.398019133994	0.35608138267	0.187614040695	-0.271503439257	-1.01641449636	-0.188277681764	0.754392264321
CYCLOSPORIN-A	-0.106490951768	-0.557315854196	-0.0571738992802	-0.0495071939571	-0.979099342723	-0.650929140173	-0.743946329617
	-0.106490951768	-0.557315854196	-0.0571738992802	-0.0495071939571	-0.979099342723	-0.650929140173	-0.743946329617
NAPHTHOQUINE-PHOSPHATE	-0.405471079328	0.14401761029	0.0199598117758	-0.0432364978753	1.0535730904	0.807833465864	-0.138969248032
DANIRIXIN	-0.869540273821	0.0366287949436	0.163965971321	-0.147016354303	-0.331027302295	-0.0480582525812	0.384318098826
OMARIGLIPTIN	0.117509412164	0.0576068957771	0.18734799145	-0.750162749514	1.02231478819	0.547065574449	-0.307815736628
DAUCOSTEROL	-0.307065712959	-0.710861444006	-0.404539799141	-0.849897858863	-0.93237206827	-0.580837543652	-0.286235911125
ZOMETAPINE	-0.511935908405	0.867721985385	-0.0621038836608	-0.669635949926	0.0589340350766	0.259065541656	-0.468229681899
DROTAVERINE	0.200721520661	-0.938639711724	-0.72569402976	-0.194270460283	0.217774858833	0.354413250498	-0.957114640179
SOMATOSTATIN	0.57633364937	0.499527948419	0.0760868151575	-0.58418689014	0.0689536883863	0.229562669415	0.444308409192
TRANEXAMIC-ACID	-0.0862283619976	-0.392584669854	-0.411486352553	0.392680671983	0.528598405694	0.04679003736	-0.247670603835
MUPIROCIN	-0.247490374689	-0.100002862016	0.225664374279	-0.033371707567	0.677918118411	0.322655630457	0.977759272482
FMOC-L-LEUCINE	-0.0442132307453	0.375385988297	-0.108718005374	-0.636239344341	0.796085585488	-0.1271388747	-0.363185808964
DEHYDROEPIANDROSTERONE-SULFATE	-0.190805806286	-0.376753022155	0.305278538854	-0.322925068269	0.187332395176	-0.269154812697	0.60960194982
GSK2190915	0.439222721909	-0.419916599386	0.249985481548	0.447616297124	-0.871059492978	0.184985888435	-0.563331925228
BIS(MALTOLATO)OXOVANADIUM(IV)	0.623004874255	0.0463426085346	0.431077432425	0.45215395731	0.936814122434	1.41735369631	-0.833139187532
FORODESINE	-0.0788021256454	0.36867032824	-0.250613685964	-0.337573902935	1.28656859354	0.513972551461	-0.447132673069
BICYCLOL	-0.676966785376	0.0631930851741	-0.319739975796	-0.339724525273	0.541320766568	-0.623708380214	-0.802080249907
NASTORAZEPIDE	-0.149911477326	0.125669331356	-0.0728881939482	0.0454316880348	0.245295622447	0.35792850117	-0.233911315212
DELAMANID	0.0873760841841	0.12526631787	-0.193364146819	0.614562899237	-1.2138234254	0.115927898906	0.258108811189
INDISULAM	-0.194734919861	-0.554340557223	-0.586590360231	-0.243450027001	0.0672991079252	1.0566297456	0.564802843066
DECOQUINATE	-0.341922905864	0.0333714493571	-0.607099107451	-0.278093752502	-0.655586317073	0.10289753175	0.0268051701767
CINOXATE	-0.0486295738297	-0.216970291269	-0.265626903785	-0.627705323545	-1.20703872509	0.188899464325	-0.406511010077
CHENODEOXYCHOLIC-ACID	0.0574733237501	-0.662665056546	-0.0183845850802	0.0160527964532	-0.192815633879	-0.221326790353	-0.00281248945596
MELEVODOPA	0.289928432201	0.0497934532686	0.258058558657	-0.41300391267	0.287679192699	0.114192276361	-0.552211717556
SCHISANDROL-B	0.0246355437249	0.345915207635	-0.139843498905	-0.114973392436	0.495450119463	-0.274669978105	0.0819604656088
SALVIANOLIC-ACID-B	0.283051855551	0.00294135409801	-0.250589967822	-0.114713850289	-0.467117988852	-0.158016068383	-0.526597224439
BENDAZAC	0.278339922639	-0.638284787076	0.00137383164472	-0.578217171957	0.457351944114	0.247832244949	-0.246715885857
BMS-587101	0.51024293342	0.300814429202	-0.171088550402	0.191955385276	0.344807324039	0.281437665152	0.0714205406732
LY2606368	0.370716161201	-0.139918402342	-2.36430444717	-1.85528297274	-2.7062259836	-1.54389704719	-2.05025683091
BNC105	-1.43173246597	-0.586851272999	-0.777739194554	-1.04584851783	-1.48562977575	0.228850616077	-1.44975445579
AMG-319	-0.106363516962	-0.284199056934	-0.190435412096	-0.413579745131	0.789157773774	0.063126306703	0.538114155179
ENOXIMONE	0.207440644774	-0.0270496029365	-0.194700344232	-0.766176997689	0.0293660802914	0.443893662067	-0.233066933248
SELEXIPAG	-0.252483845435	-0.0788288940634	-0.144862967893	0.134880168743	0.41875667136	0.374220832461	-0.259135088279
SEMAPIMOD	-0.0502375049534	-0.166664589914	0.257413370771	0.246894256411	-0.46131716696	0.212705560909	0.509542320276
FIMASARTAN	0.255207375784	0.106949699889	0.00372123767489	-0.439425634554	0.68327046038	-0.202820568177	-0.615989650667
LETEPRINIM	-0.131884243972	-0.385801433913	0.0449242393621	-0.546872904632	-0.639410699481	0.187105435907	-0.566927834621
NAPABUCASIN	-1.62977775745	-1.00146282173	-2.9997507978	-1.52915494349	-1.84700058773	-2.88266972894	-1.95797066361
CERITINIB	-2.04416902285	-1.1218980123	-4.50069564368	-1.80310431022	-1.59468513873	-2.1644030016	-2.09215067222
EGF816	0.603740435489	-0.151813937437	0.285750775409	-0.452153627597	-0.091916589946	-0.373193330669	0.412143612248
METACRESOL	-0.290138528865	-0.181959806359	-0.265611931383	-0.0924428242414	0.739358376151	0.0115949642482	-0.475941979585
DIHYDROTESTOSTERONE	-0.365986412894	0.157585309383	0.370236802609	-0.136784203395	0.937258749442	-0.38645308602	-0.535255190313
GIDAZEPAM	-0.120091690829	-0.0271333468719	0.228227050458	-0.628435153898	0.166862615671	0.0424844344636	0.0855634403147
AFN-1252	0.475060097432	-0.215866024651	0.157001504268	0.165509771505	0.124551886239	0.729375778744	-0.597184785903
FOSAPREPITANT-DIMEGLUMINE	0.306637406267	-0.998811327921	-0.125936394478	0.139933424208	-0.991769954283	-0.00746944589216	-0.0822804013559
PRALIDOXIME-CHLORIDE	-0.199336571708	0.748639966922	0.357472537429	-0.505575229602	-0.226637223683	0.224273324785	0.310037997978
METHYLPREDNISOLONE-ACEPONATE	0.20960719246	-0.539493101861	-0.111571995919	0.367039123801	0.113943673667	-0.460881988518	0.621988632814
ICARITIN	0.204118164216	-0.374076560106	0.0307888412505	1.01662006977	0.12343836345	0.234198797428	-0.480017456625
SETIPIPRANT	0.010749848668	-0.349629312481	-0.114148238309	-0.39235890454	-0.282781949958	-0.665756009279	-0.284381191172
AMIBEGRON	0.139238404219	-0.536310531579	-0.497117030621	-0.906523610683	-0.254111551033	0.377759085424	-1.51503997435
COPANLISIB	-0.882614720553	-0.647089531741	-3.46159681778	-0.635522202715	-2.67816315971	-2.7640382716	-1.72676400216
JNJ-26990990	-0.113043689003	-0.177201311945	0.347027287951	-0.388369254585	0.492752586628	-0.383989468173	0.73804042353
TRICLOCARBAN	0.0400558848755	0.440216635626	-0.069013680705	-0.519325778151	0.0669709964218	-0.727931549222	0.222696013714
CIS-UROCANIC ACID	0.489491037121	0.449212094002	0.0801581381487	-0.267227596165	0.475822182951	-0.0601531540911	0.233702112779
	0.489491037121	0.449212094002	0.0801581381487	-0.267227596165	0.475822182951	-0.0601531540911	0.233702112779
CINFLUMIDE	-0.352836381263	0.479239018637	0.0238500674462	0.125796563902	0.979992291563	0.121762817817	0.574448628618
OXYTOCIN	0.260967141426	-0.0192522524725	0.00668766095291	-0.207158287616	-0.771540506648	0.532807701155	0.968224669368
CHLORPROGUANIL	0.528366252778	0.251533619607	0.147450276246	-0.346738320847	-1.02182470218	0.46569279927	-0.22001182181
EZUTROMID	-0.13495828885	0.674949947663	0.147146555121	0.955267796183	0.620035447221	-0.640479376478	0.552969474494
RESIBUFOGENIN	0.568496210542	-0.666556197796	-0.549314938939	0.303219379118	0.0221520343947	0.836522240295	-2.99016623994
DESOXYCORTICOSTERONE-PIVALATE	0.73208816411	0.244101390408	-0.360156669761	-0.484465075995	0.353662334133	0.0516224609721	0.579965881115
TUCATINIB	-0.247753339443	-0.637871679323	0.296153176245	-0.595584044156	-0.345154973649	-0.339449867993	0.334498924564
LEUPROLIDE	-0.0857591747764	0.725690639286	0.247258876004	-0.0971149466138	0.00916856995965	0.586075771185	-0.100528751293
CARBOXYPYRIDINE-DISULFIDE	0.0714633943598	-0.303792862379	0.384680236704	-1.41879804581	-1.89217055179	1.09027297548	-1.44037916817
DALTROBAN	0.210488955407	0.0836914398605	-0.0470318081937	-1.15853223977	0.901695225382	0.719478325169	-0.0749766715715
BIX-01294	-1.99001587095	-1.42264723914	-4.60436071375	-2.02455850567	-2.57888914001	-2.72477544612	-2.4861484499
AMG-337	-0.445392593289	0.459173184185	0.222189021907	-0.0598774633894	0.0812302133527	0.606646431641	0.00433807647759
TIARAMIDE	0.38598642268	0.404247409941	0.125508469953	0.0394743555187	-0.374000399426	0.0736366907828	0.368051462401
CEFCAPENE-PIVOXIL	0.792000088326	-0.167009309985	-0.0249721672289	-0.130789483825	-0.00680514243022	0.37694084948	0.74528288991
PLECONARIL	-0.139215312978	0.156957265012	0.046946740418	-0.192088627572	-0.462724966799	-0.117898863198	-0.0742713955747
PF-04937319	-0.293090083315	-0.0702488167136	-0.128787043215	-0.381505816068	0.522201276536	-0.655377752202	-0.728110513455
CEFETAMET	0.392844888316	-0.847259649488	-0.507308194884	-0.474870569195	0.525421868187	-0.34295769219	-0.52862984866
COROSOLIC-ACID	-0.233225067736	0.377844057533	-0.924603913515	0.117460130429	-0.443626106445	0.116673287632	0.291356576905
BETA-LAPACHONE	0.611963726107	0.158670802769	-0.224803125449	0.240668044812	-0.476897088531	0.276066260353	-0.575251562994
CHIDAMIDE	0.652048544683	0.533082833175	0.124918098016	0.214588487119	-2.16927688833	0.274185761939	0.040574301266
FOSFOSAL	0.230281820619	0.106862309888	0.0711692519179	-0.40580914507	0.537647393384	-0.00602419559604	-0.115820201179
SULMETOZINE	-0.0732888948959	0.0544442573668	0.0415671714923	-0.447438552306	0.325918380153	0.902257693494	0.0131120512185
IMIDAFENACIN	0.504777843983	0.367597579508	0.0326757211138	-0.244910191047	-0.782534114886	0.137041751282	-0.409345757473
DIMEMORFAN	0.159733638693	-0.177372474592	-0.250674441215	-0.646578679044	-1.24555849526	0.173042540383	-0.0687069288983
RSV604	0.44312274778	-0.197034871822	0.0337154478712	-0.225213931861	0.649320192765	0.835645604151	0.145380392568
SUMANIROLE	-0.242561404791	-0.258709520941	-0.0904203937762	-0.46993487529	-0.013277496701	-0.274790376689	-0.160242975089
MIOCAMYCIN	-0.113956366365	0.0522659770821	0.146919094569	-0.619268058398	-0.0229562905871	0.170713825696	-0.0861284994768
INT-747	0.557132745976	-0.4429340463	-0.453956300943	-0.44400335227	0.663540158765	0.0911008241716	-0.522882455851
PF-3274167	0.118704900426	0.349645970261	0.0729937367026	-0.50783456294	-0.338458394771	0.293894500261	0.0721676666754
JNJ-37822681	0.969184752803	-0.36678282541	0.317367997778	-0.269548513366	0.399130469955	-0.490033685194	-0.612934182491
SOLITHROMYCIN	-0.327960343096	-0.104986423272	-0.0062838753164	-0.407880723507	0.234618113462	0.883848887317	-0.72786968108
VALROCEMIDE	-0.213228100188	0.663966283036	-0.0655401824229	-0.0830158269801	0.298446782974	-0.300778113056	0.821142129999
PEMETREXED	0.686884159125	-0.387163106375	-0.458117356384	0.291237713567	-1.04058998052	0.559308866035	-0.382079540507
CORTODOXONE	-0.0561116658792	0.278854552119	0.0499326511068	-0.0333589593296	0.254893185278	-0.759729359952	0.538826699386
GENTIOPICRIN	-0.0395841481818	0.08573819176	0.426878014409	-0.193802483329	0.68123459835	0.316898053203	0.293941759725
DAPIPRAZOLE	-0.281813981229	-0.418940767395	-0.112159526685	-0.379049534031	-0.281039669623	0.131818701202	0.952082050942
PLERIXAFOR	-0.390489868915	0.0656710145858	-0.106980223512	-0.15127738545	0.358169041072	-0.163147724615	0.493150765654
BMS-833923	0.0728500232895	0.151630314291	-0.0910170724034	0.00645711205727	-0.251544627281	-0.270945222732	0.182722059855
FLIBANSERIN	0.169190684218	-0.142579700317	0.128068984971	-0.129824975504	-1.11562563067	0.627333696266	-0.664109889324
DELAVIRDINE	-0.285947153979	0.19390615506	0.162153691172	0.107399872039	-0.166382049351	0.472249761984	-0.376970313497
CIBENZOLINE	-0.211328976625	-0.144640010638	-0.181796577642	-0.372423867836	-0.119004170756	0.392207060457	0.177774958958
L-365260	0.0138594628558	0.168798785218	0.103715310173	-0.0218310439417	0.537994348092	-0.498860437814	0.342415234793
SLV-320	0.11076773589	0.181765163844	0.27053048771	-0.533606830223	0.28599990586	-0.00575006623124	0.419453691555
CHF5074	0.0983842115436	0.119566394538	0.04067850401	-0.348237818187	0.51332820128	0.060495318217	-0.841529032552
EXAMORELIN	0.306202696508	0.388881574109	0.078868553493	-0.169282961001	0.639293360052	0.382073132122	-0.46411106157
LY223982	0.21461145237	0.412533214588	0.12124477368	-0.783647142308	-0.540850757528	-0.434980961906	-0.600810043427
TRV130	-0.212236087914	0.0139078820874	-0.0481307001201	0.25803005805	0.454042306052	-0.391066785759	-0.0640105289778
POLIDOCANOL	-0.236919652909	-0.530213638352	-0.635747118046	0.0923544455917	-0.900860368769	0.106978390037	0.53243721134
MITOFLAXONE	-0.139599314664	0.37689486126	-0.309842578126	0.210494233986	-0.23370966246	0.438470784861	-0.0148659977904
RIODIPINE	-0.0635073872794	0.184941176662	0.147934871247	-0.362460451377	-0.346065222045	0.266766244902	-0.929456218356
OC000459	-0.0789478855595	-0.303952478952	0.0296870996675	0.508407412035	-0.134161218558	0.0101166837692	0.000673274603582
PAROMOMYCIN	0.139784023555	0.730758787685	0.0454210817069	0.0505814848515	-0.356732726432	-0.0147577911583	0.256092221498
LAROTRECTINIB	0.135483264829	-0.279170041383	-0.20060294331	-0.109399665185	0.931742310868	0.16052807947	-0.285904791081
	0.135483264829	-0.279170041383	-0.20060294331	-0.109399665185	0.931742310868	0.16052807947	-0.285904791081
NOLATREXED	-0.166177441171	0.00301561037437	-0.0415792134548	-0.035217435105	0.0714390378225	0.514340492483	0.55601285347
VERINURAD	0.247165535415	-0.256516429651	-0.501844344487	-0.0556608522241	-0.692601237835	0.373251986475	-1.00845361318
TREPIBUTONE	-0.191579669517	-0.181262804325	0.242971596591	-0.569636133161	0.211609481918	-0.273019819233	0.0230350462921
EXISULIND	0.358765165898	-0.320324229029	0.225515107249	-0.396633759026	0.392695888869	0.0578185711205	-0.590881442218
DABIGATRAN	-0.175745678159	0.203894075472	0.294544417181	-0.310620167679	-0.733055425295	0.409403099596	0.0886010063466
YM-511	0.0450471056163	-0.443155896132	0.00698934451445	-0.524510682467	-0.203152386026	0.300921635506	0.0758790107253
DROLOXIFENE	0.404024407463	-0.090258026944	0.174054610795	0.538123483008	-1.43359071538	-0.132044689624	-0.471463385875
ATIPRIMOD	-0.557541517448	-0.136828370476	-0.236223469305	-0.486149108995	-0.346425766413	-0.246128248151	-0.670858513801
ROLZIRACETAM	-0.176474478833	-0.0642534840874	-0.263561518821	-0.472419199241	-0.629845969211	0.406209334114	-0.0575836077415
ENTRECTINIB	-0.189149636862	-0.152077886007	0.352892281579	1.18802335828	-0.299093523028	0.197996647239	-0.795796829073
ELUXADOLINE	-0.00488324268911	-0.323060824653	0.084138321661	-0.0272919391053	-0.241818196816	-0.00487313796331	-0.0733187839843
ORG-26576	0.31962092787	-0.0485899575235	-0.0256351741179	-0.432598728419	0.0518257777426	-0.11009300755	0.0973595247514
F351	0.471922029761	0.215502319464	0.131884905945	-0.283112559573	-0.144355058424	0.0538257896427	0.551874861171
NALOXEGOL	-0.0223244859981	-0.450636232655	-0.30120737871	-0.880449311305	0.356679045957	-0.606761701112	0.386852760332
7-METHYLXANTHINE	0.295737980876	0.929857965458	-0.0675539965358	-0.554579711009	0.735044405068	-0.416593244995	-0.0377206782926
TECALCET	-0.591853303323	-0.0592447162515	0.203985420686	-0.269901071933	-0.330414981505	0.247890196797	-0.868469981075
LOREDIPLON	0.0331349011947	0.113595655782	0.0737098052731	0.0569829088824	0.378696378928	-0.400791136563	-0.138492653053
ALARELIN	0.30353759539	-0.143503929618	-0.36896847742	-0.0822573638438	-0.351539607613	0.48464496613	0.538432829707
NORELGESTROMIN	0.203408419725	0.0805604606133	0.0262632808479	0.0785885850112	0.688236263549	-0.017950318098	0.0158014196284
VERUBULIN	-1.18561343486	-0.31622675886	-0.613529684482	-1.17879704657	-2.37285287884	-0.571134981763	-1.19430229374
ZILPATEROL	0.246219004812	-0.359092503861	-0.213551309853	0.048125584468	-0.437252294227	0.496335129305	-0.825291542604
CRISABOROLE	-0.332616120964	-0.255169390752	0.23087293276	-0.535893953682	0.612936932035	-0.379200138141	0.0748106832364
MK-2295	-0.0431558000619	0.361526267836	-0.0454178465478	-1.01607682958	0.402549533128	-0.024292003877	-0.0851259535733
HEMOGLOBIN-MODULATORS-1	-0.695215754093	-0.0892015230485	-0.254965790201	0.122668713414	0.60594495156	-0.154708151128	-0.183957493448
	-0.695215754093	-0.0892015230485	-0.254965790201	0.122668713414	0.60594495156	-0.154708151128	-0.183957493448
NERBACADOL	0.601073468983	0.506393318542	-0.134806061279	-0.200343722302	0.416572044892	-0.0282061894952	0.184282007035
PRUVANSERIN	-0.117503941307	0.0362840210338	0.217240798081	0.685397959002	0.887301896598	0.397580600997	0.370389889293
GEMCADIOL	0.323054503705	0.596899695922	0.29760585306	-0.567769915106	-0.184783094737	0.108955512137	0.482162402241
TERUTROBAN	0.179223924006	0.567370590039	-0.00537009794993	-0.108212555101	0.590849879797	0.322153254144	-0.0499368211879
PONESIMOD	0.359738578807	-0.429829319071	0.115614179707	-0.084192251675	0.509161076351	0.0969939526008	0.796136996551
PUMOSETRAG	0.368908004191	0.254671751219	0.175250741036	-0.0563106086535	-0.228842106705	-0.0964121210697	-0.80701361153
OSPEMIFENE	-0.0618439098009	-0.806837746289	-0.345802857039	0.0517600978733	-0.454183129311	0.0155042947389	0.350395167011
BAY-W-9798	0.0914259448781	0.373582178453	0.060781406793	-0.400561600549	-0.504974639437	-0.232730228114	-0.0466525123002
ZOLIMIDINE	-0.413839210495	0.0464990277585	-0.0423725727562	0.213805867562	0.635364112521	-0.429904230681	0.172339471204
PRESATOVIR	-0.0555835157513	-0.320212767264	-0.131902257502	-0.165639566579	-0.909283210076	0.200451141171	-0.304299444032
PHENSERINE	-0.0263105519464	0.367974349688	0.123493919432	0.504095695605	-0.924897531572	-0.0449789478741	-0.215173940187
OZANIMOD	0.192836912838	-0.458217918998	-0.0091684139886	-0.14361006912	-0.085815261518	-0.0817742543832	-0.774688437227
ZOTAROLIMUS	-0.0209753153479	0.0375395988849	-0.198675062725	0.540387083998	0.0554272606653	0.36375072287	-0.51666089528
METYRAPONE	0.256260067826	0.266223144787	0.100927690817	-0.271593727148	-0.57361531109	1.35853644357	-0.232559416896
ALCLOFENAC	0.111873436455	0.182928908311	-0.210234109981	-0.328257156522	0.181894989838	0.589066945459	0.0111270955309
BIPENAMOL	0.051238035523	0.577237663004	0.145153196914	-0.336667566983	-0.178723331894	0.18790872082	0.209729200299
NITENPYRAM	0.159309720695	0.567464654524	0.0235540543968	-0.292753235509	-0.326719023288	-0.0863508769222	0.258727253416
VERCIRNON	0.630886599764	0.409795024531	0.0315547396503	-0.508281663612	-0.320234780177	0.648648249524	-0.657372344938
PIPOTIAZINE-PALMITATE	0.00593169542177	0.276589350991	-0.06835182225	0.0180571162212	0.422327787938	0.175564201352	0.280126102349
SRT2104	0.320213715001	-0.103277667654	0.255984283029	-0.600786654529	0.151841864015	-0.0188988887781	0.389232987222
MOFEZOLAC	0.358472391266	0.560674201909	-0.292341770172	-0.208322507524	0.647956599235	-0.461574117644	0.113426148878
TMC647055	-0.60567198467	0.344751294597	0.0818898265865	-0.269281800334	0.413714714265	0.396475337192	0.464117696663
CASPOFUNGIN-ACETATE	-0.0670380016823	-0.287804734833	-0.140225306514	0.078352136234	0.203044330053	0.36866907426	0.425786902656
ROSOXACIN	-0.1714326996	-0.289314953977	-0.144238146234	-0.48499455418	0.138476784233	0.109426542013	-0.0606659205555
POZIOTINIB	0.114010868944	-0.852413248391	-0.00853719075012	0.453733621356	-0.828319260513	-1.46037356473	0.646431337737
HALOPEMIDE	0.564109140052	0.0103061922681	0.0136405599124	-0.68748360198	-0.0863944220048	0.317581400071	0.495549376882
BORONOPHENYLALANINE	-0.41287513272	-0.386233311541	0.00505947165896	-0.673821702308	0.915202947372	-0.267891441447	-0.101151931194
RANIRESTAT	-0.0958237106337	0.502264734407	-0.00285646841862	-0.20675958699	-0.545327664383	0.367376214216	-0.256490150021
EPICATECHIN-GALLATE-(-)	-0.441189759677	-0.270877232896	-0.0315021220332	0.100790022146	0.712691408441	-0.105490744781	-0.506911031419
AMFLUTIZOLE	-0.351687128502	-0.078836644863	0.214174564032	-0.582518113119	0.367303431569	0.145259486679	0.081902570255
DIPHENCYPRONE	-0.571020712578	-0.292700604923	0.0275862171889	1.24208700794	0.348930266144	0.481524738475	0.509507554087
ALACEPRIL	-0.583696427248	0.125760533391	0.0400287331702	-0.693766067948	0.110625924607	0.107977191582	-0.335850680197
AZELIRAGON	0.339750466403	0.116570058126	0.133699811466	0.717296765326	0.274539478626	-0.0318490730594	-0.445700993611
IOPODIC-ACID	-0.068239118291	0.100226288005	0.0721131360984	0.07706997975	0.264415305647	0.653177361563	-0.642567562362
TGR-1202	-0.5781504837	-0.163809633757	0.0381491453852	-0.384372929583	-0.96478282189	0.9169135382	-0.987247676975
ALTINICLINE	0.131217153196	-0.251056098706	0.117168018315	-0.882224924876	0.19925379263	0.300972539658	-0.542684824942
LTA	0.782517992225	0.159967412966	-0.0903200475144	-0.169263621522	0.147884889938	0.309135740851	0.106811303167
ACETOHEXAMIDE	-0.359289732311	0.0687837589137	-0.225967962654	-0.270631523504	0.432089680523	0.0403833698567	0.568323300094
7-METHOXYTACRINE	0.0985702502834	0.133405928661	0.31272718716	-0.315798863598	0.0670084036684	0.480959752054	0.27364806101
SIPATRIGINE	-0.121101354545	-0.16961047304	-0.0417432533317	-0.383392378401	0.401049258758	0.593472123354	-0.150225035842
APRINDINE	0.825061266765	-0.104214425325	-0.238817348617	-0.0117940576232	0.745614773855	0.287743179577	-0.340840994367
ESTRADIOL-ACETATE	0.903205820468	0.0968028491493	0.183495004021	0.602707980194	-1.0595881495	0.0073764562706	0.654509958769
FOSPHENYTOIN	-0.0932067869249	-0.483972453986	0.203239960068	-0.412973785668	0.755537289341	-0.240613822349	-0.020058748227
PROQUAZONE	0.222842234123	0.109329493927	0.501375268792	-0.155373507067	0.689750926724	0.52042896775	0.27741695137
PEXIDARTINIB	0.0573930055191	-0.190680686221	0.235219611191	-0.547948319817	-0.142194498398	0.00520844836437	-0.228622808277
DARUSENTAN	-0.00737703643272	0.141927908304	0.160936436154	-0.475179909533	0.450154250844	0.317067463	0.271016528544
AKBA	-0.0284629695055	0.093136538695	-0.130535965684	0.14983804151	0.893349606635	0.731915008561	0.243902764287
NIRAPARIB	0.0327451268333	-0.338725700548	-0.145211248272	-0.0970819446089	-1.5551084783	0.682250964156	-1.12158665702
JNJ-40411813	0.249396319822	0.0570979470661	-0.362570912016	-0.775446620263	-0.733677179122	0.060935572719	-0.300575417922
APRICITABINE	0.514749523912	0.112162027941	0.225195932457	-0.363032741394	-0.819840244646	0.117601786677	0.799073549096
TOPOTECAN	-0.578013601557	-0.539716440961	-1.30525415455	-1.08490202961	-2.96957507563	-0.748760815293	-2.31524585405
ELAGOLIX	-0.077048693067	-0.0364877618535	-0.0433559992025	-1.04575845116	-0.57419405038	-0.476101185729	-0.229082126426
ALCAFTADINE	0.469348420235	-0.0491445523826	-0.0179515086192	0.0411186386764	-0.550294379892	0.0858038978496	-0.544880029654
CARBETOCIN	-0.402472458245	0.306026940466	0.178865969086	0.304424329118	-0.290957579177	-0.127607312542	-0.310627785685
ERGOCALCIFEROL	0.146803525578	0.373828311082	-0.109380331782	-0.184909455987	0.28108915909	0.290671004842	-0.180663302688
RTA-408	-2.21861491133	-1.29637451895	-4.52570714338	-1.9279725571	-3.02057870434	-2.46205645462	-2.61355907996
CALCIPOTRIOL	0.471957452223	-0.432816180034	-0.232743833065	-1.17952323001	0.665343753485	-0.457106981192	-0.14781271066
FLINDOKALNER	-0.182567178967	0.470545330371	-0.14371434597	-0.199064999782	-1.32284177421	0.0274876633121	-0.138981806734
FG-2216	0.29782369377	0.0605292960788	-0.525091185849	-0.203540395392	-1.14218781487	-0.794602442929	-0.0342682293621
SAR407899	-0.162382135325	0.105473375838	-0.115524417053	-0.17556803653	0.946666179614	0.176149227349	0.312371410941
BRIGATINIB	-0.305768989519	-0.783917952451	-0.166133776988	1.16687850687	-0.361430480475	0.626023625008	-1.81848288035
TAK-063	-0.09118874514	0.336990396763	-0.0133976070634	0.0519298856597	0.0118979634537	-0.539251515504	-0.318060757478
RIPAZEPAM	-0.0267511113098	0.379598987936	-0.0366168329483	-0.355374019836	0.606892979137	0.200849553145	0.271804512459
FOROPAFANT	-0.399009377078	-0.14567595438	0.180270314575	0.480177330278	0.0307364423276	-0.38520401575	-0.0102133012667
FLUOCINONIDE	-0.328452382689	-0.472100236420077	0.264431433058457	-0.0887362327794725	-0.11230899393066	-0.439463677361266	0.184782126713
NPC-01	-0.38018820513	0.162144843386	-0.187151952526	-0.675513973505	0.442706675588	-0.469576489955	0.386092778051
ONC201	-0.900070355163	-0.277031169322	0.0847685636913	0.11584893146	-1.69005055782	-0.373441876235	-0.836686190009
CLOBETASONE-BUTYRATE	0.122293446533	-0.726477231132	0.26762452842	-0.163816091931	0.78145640019	-0.207582973235	0.145316107858
GABEXATE	-0.204737421961	-0.438300328222	-0.14422391819	-0.641784583881	-1.39373944632	0.265617146621	0.322508697006
LIXIVAPTAN	0.105155683522	0.0656080604644	0.21294165349	0.254995497154	-0.166263323455	-0.181628676485	0.430663988243
VINDESINE	-1.09335764884	-0.173042025026	-0.0429332508744	-1.16742234919	-1.43893788791	0.557361635091	-1.81769270237
CYCLOVALONE	-0.116035376764	0.515289107932	-1.69095361664	-0.476375290385	-1.17491949878	-1.27908364164	-0.730835041706
CARAMIPHEN	0.0620250301058	-0.0657217838401	0.163817212802	0.109699470054	1.017904004	-0.184252653206	-0.559916598422
UNC0642	0.572080785379	-0.152615895835	0.158866613648	-0.814152110884	0.240193252937	0.780146614165	-0.156903399352
ISODIBUT	0.0629946338855	0.205774837527	-0.120764406442	-0.531498111329	-0.862119983661	-0.545475989104	0.520605712435
TITANOCENE-DICHLORIDE	0.429218052535	-0.0215618169873	-0.275711231965	-0.13015955569	0.773312591426	-0.163314680342	1.2276172624
OLMUTINIB	-0.316650796565	-0.139128328909	-0.116314432797	1.2093924554	-0.160801639409	-0.436073384521	0.26442250189
DESIPRAMINE	-0.371635207076	0.0262400823015	-0.00698456253566	0.0440589845423	-0.0553994031738	0.169371502847	0.325515788415
FANETIZOLE	-0.903357927312	0.13097173229	-0.443684746007	0.0811877310532	0.45794238228	0.0985960490897	-0.163156752732
FLUMETHASONE	0.474350227548	-0.339963382152	-0.0566124388223	-0.623392282858	1.31171391987	-0.505449656868	-0.632953851489
FAGOMINE	0.124849428723	0.233572630591	-0.0914999651784	0.0689060583341	-0.291063426856	0.0353911163896	-0.327050426388
GDC-0810	0.396336052943	-0.22398722457	-0.062380929915	-0.514279931005	-0.324893439587	0.0837284811008	0.459140212036
TOCERANIB	0.554653422629	0.139038763674	0.119674429949	0.483986401225	-0.423054025819	0.763243947956	-0.919458681981
GRAPIPRANT	0.0544613388179	-0.386364002064	-0.138199646077	-0.556180278287	-0.537187172709	0.327527882167	-0.199002801067
HUPERZINE-A	-0.0510763554352	0.47232366379	-0.208392313133	-0.594922771994	0.957210331664	0.770661056126	0.263883103614
L-GLUTAMIC-ACID	0.0912587444328	-0.0491579542906	-0.292725893168	0.415276900428	0.326449250969	0.0302866430394	-0.627037615261
PI3K-IN-2	-0.06213653586	-0.311218944663	-1.07876435574	0.795150102481	-1.03590425802	-0.38673043074	-0.708721746426
SIPONIMOD	-0.447842654813	0.13281732202	0.0517048609708	-0.26435330586	0.21994009713	0.257214932636	-0.417886120257
IBROLIPIM	0.387745812668	0.025468531563	-0.17074089582	-0.162727272781	-0.178971037688	0.578226067714	0.617064360637
TASIMELTEON	0.104303609371	0.288376899113	-0.167296655018	-0.212788163651	0.388796095081	0.102886803578	0.246299440156
RELEBACTAM	0.34338443124	-0.185722894563	-0.0689209291557	0.0411747010277	0.753412659879	0.337172505158	0.284036714366
BEMPEDOIC-ACID	-0.0558036084334	0.0482451962222	0.0231360436823	-0.193394416183	-0.549509179067	-0.106118129816	-0.941777768435
	-0.0558036084334	0.0482451962222	0.0231360436823	-0.193394416183	-0.549509179067	-0.106118129816	-0.941777768435
ICATIBANT-ACETATE	0.350252995569	0.0635818859164	-0.177400428332	0.168850982531	0.0123495734287	0.172679867569	-0.173773768049
ACALABRUTINIB	-0.936955757855	-0.55761027409	-0.522442587247	-0.328223292939	0.134277029605	-0.547870653954	-0.215879900633
VINFLUNINE	-0.812461193817	-0.887462942894	-0.624806714352	-0.9209828496	-2.72582779202	-0.212161384246	-0.105640257046
ABAMETAPIR	0.477368334667	0.398549902819	0.101386232619	-0.392566082512	0.204099636118	-0.439685464357	-0.687756701975
CAROVERINE	0.240904285706	0.0892784063977	-0.00153923022575	-0.258967814393	0.553583806392	0.0432811672949	-0.544146351307
OPICAPONE	0.212435006163	0.315022251522	-0.0556187987861	-0.336712906732	0.746139213274	0.30766953586	-0.212834802086
FERULIC-ACID	0.141618719049	-0.060393697007	-0.241683486293	0.131240177566	0.177510867744	0.393577847087	0.686410470523
KT-433	-0.979820295845	-0.266883359794	0.324251528393	-0.475239678695	0.198218921805	-0.84448884098	-0.013360095333
PREGABALIN	-0.0150080145026	0.317484375293	0.0637792252653	-0.652638514769	0.341867316011	-0.568626655177	0.61679168347
SOPHOCARPINE	-0.263049329213	0.431567087533	-0.087168042827	-0.233550182044	0.215480639689	-0.546856422044	-0.256856035093
DEXTRAN	0.016861091659	-0.053245695282	0.0129533006247	0.351721938696	-0.826922487723	0.230139278894	-0.437577535797
DEHYDROCORYDALINE	0.517204111353	-0.15618317371	0.312075107723	0.729609904545	-0.24725611325	0.904127118741	-0.0590781703498
ITACITINIB	0.298768864831	0.174996463366	-0.0727866139851	-0.126507079116	0.600929112252	0.316982099946	-0.308189121654
INCB-3284	-0.238117789995	0.118014051754	0.10320022801	-0.184125172138	-0.28172980375	0.82165933001	-0.418235854543
CARBOXYAMIDOTRIAZOLE	-0.234822175708	-0.228499692011	0.219555975259	0.216585616741	-0.514298289439	0.42929304539	0.00255698022713
AMPICILLIN	0.262406923278	0.212789030708	-0.0531498100334	-0.0950613437534	0.670591845765	0.0473271688683	0.696230822278
AVATROMBOPAG	-0.172995107575	-0.0709071089966	0.0396494819728	-0.123965710464	0.237840084194	0.267568747839	-0.134252783076
PANTETHINE	-0.199093516276	0.00819737662687	-0.40731492086	0.479035327585	-0.775652412321	-0.0163009033836	-0.545066627709
TESTOLACTONE	-0.281143891355	0.00170047310394	-0.282916784916	-0.372188289437	-0.705564614266	0.360185070861	0.221421394172
GSK163090	0.292527421825	0.0698007708356	-0.672143119158	-0.475053921837	-0.0560057638997	-0.321614863117	0.449761188056
AGN-194310	-0.0394086532397	0.100156056753	-0.558036921981	-0.814201344757	0.0132023787634	0.335645406258	0.377279588847
JNJ-42165279	0.0319690969834	-0.372029116274	0.0583646912308	-0.0826305598077	0.405303808004	-0.10752018945	0.454476811171
FRUQUINTINIB	0.0647653305928	0.0759781400746	0.237621254505	-0.326384839193	0.106955737608	0.140432198226	0.208729266738
PHENINDIONE	-0.00215771882741	0.628361274829	-0.172778239117	-0.29667049316	0.330695229603	0.487896977314	-1.03425173459
ENASIDENIB	0.0760214880299	-0.237706626939	-0.198802138249	-0.955955534601	-0.677468559547	0.0440153473888	-0.829339001046
TESTOSTERONE-UNDECANOATE	-0.0295770592608	-0.266434141095	0.00786710647584	-0.499837453304	-0.376171662352	0.413204740509	-0.72266944768
CARUMONAM	-0.605897655761	-0.0275936348468	0.128671032567	-0.12618432982	0.629043451516	-0.277508203854	0.486997888848
PIROXIMONE	0.0633509710299	0.270404452182	-0.00681049227221	-0.454284911938	0.773858007128	0.0568640874462	-0.211952580319
DYCLONINE	0.268143184843	-0.515442491029	0.155999065852	0.0991331946589	-0.830553282501	0.750851811979	0.233966715553
BRD4770	0.143423205474	-0.238104227594	-0.467512732575	0.0374601714722	-0.439135801303	0.568180037189	0.208735515592
GILTERITINIB	1.17264866573	-0.217153341578	0.207668957096	-0.444180692589	0.688073161654	0.327157881777	-0.718477820935
ETOPOSIDE-PHOSPHATE	0.0362730015299	-0.277088818194	0.0786791529725	-0.206063100186	-0.232479543286	0.347378485875	0.0833719090814
OXYFEDRINE	0.297016557994	-0.161088992525	-0.222588566368	-0.520981798377	0.144018270777	-0.0304254730473	-1.02759233447
VASOPRESSIN	-0.391457852763	-0.367022751972	-0.195668264527	0.111425982604	0.413339924777	0.341217336164	-0.556858482854
PYRONARIDINE	0.147485646572	0.103605577223	-0.177401407359	1.29183368018	0.0872729561523	-0.466403931006	0.0252033628038
TERLIPRESSIN	-0.184378180657	0.364155245563	-0.12308844985	-0.236857860694	0.309936339629	-0.46103989373	0.777436485095
BIVALIRUDIN	0.62174568729	0.567471420927	-0.240018289012	-0.535568532505	0.528201507231	0.00679474919072	-0.582190739302
GS-9620	0.0736135598585	0.343794885987	0.233060300466	-0.0451014512165	0.38464034438	0.625318243033	-0.121577736118
HEXAMINOLEVULINATE	0.252996531693	0.633420884782	-0.0774398203713	0.222128895936	0.817774731711	0.908461731884	-1.33334186498
ARBIDOL	0.00644972065188	0.046896751501	-0.195876089415	0.523379423766	-1.01884510741	-0.411841297983	-0.728370290098
UNC0321	-0.356681736963	0.266213788857	-0.2821379451	-0.0151713144761	0.885729596789	0.474558222936	-0.888027375222
IDRONOXIL	0.576738280729	-0.213934765477	0.256499403425	-0.347153908064	0.741533592571	-0.27654179353	-0.171125044447
ISEPAMICIN	-0.379893974685	0.577173895047	-0.050988814002	-0.0248974442902	0.583932900178	0.00345011112841	-0.155964230871
DIPT	0.556890708656	0.936648060663	0.0864847742079	-0.120594835882	-0.37831644399	0.485887253617	0.085776518299
ESTETROL	-0.332493080265	-0.166088455215	-0.514294735781	-0.378377299885	0.559864612699	0.295110721663	0.230325915955
PYRIDOXAL	-0.0169163822021	0.434950030243	0.287589204832	-0.527263620248	0.449619368619	0.087212649792	0.175460346605
CETRORELIX	0.310826240361	0.0222031563555	0.290580087915	0.318612383949	-0.305332073064	0.590620509882	0.176162244676
MAROPITANT	0.367540507585	0.0990842147688	0.255880477012	0.697339244997	-0.726316421568	-0.124255898691	-0.191460894211
ATIZORAM	-0.308486326735	-0.0777346315116	0.0663019208087	0.416856602176	0.270571424318	0.0349834890968	-0.702763268025
IDOXURIDINE	0.0460397624549	-0.424463612109	-0.719575495749	-0.0517130087823	0.304146840865	0.117420945954	-0.124742277876
TAVABOROLE	-0.485313200057	-0.117222957446	-0.558305115167	-0.764701750833	-0.0251751637494	-0.0614126236354	-0.938012093954
GS-9973	0.178840765539	-0.606904810827	0.26572504226	0.944577434261	0.110936440109	0.30970296638	0.0441427933899
NITROFURANTOIN	0.12588109293	0.625827765934	-0.0258171129729	-0.267570146787	1.00063621422	0.448542728962	-0.573848556644
GARENOXACIN	0.033991135568	0.227787114426	0.621590740688	-0.430818182732	0.282384424171	0.213331705469	0.855896559359
CEFMINOX	-0.297364367023	-0.0251018320633	0.113314022492	0.0398559529278	-0.217182339428	0.209588685868	0.624974856769
CALCIFEDIOL	0.167073429212	-0.302055851651	-0.533713400868	-1.08836853235	-0.568959325179	-0.0614955086437	-0.372576778424
SECOISOLARICIRESINOL-DIGLUCOSIDE	0.369143478127	0.22922885064	-0.222181166125	0.160358219695	1.4700416544	0.62462848961	0.113476483633
UNC0224	-0.173310429058	0.540511459489	-0.25914247331	0.302564865026	-0.663110118587	0.259055681826	-0.347927068515
ABAFUNGIN	-0.386500907965	-0.215630801978	-0.0764390095456	0.0821422183113	-0.151117336858	-0.717170620726	0.4129343328
FENOVERINE	0.472295472843	0.0525629689297	0.0757442815113	0.84291304895	0.757977558354	0.248216040329	0.0518694371866
LEMBOREXANT	-0.176570923282	0.276009521598	0.52681509482	-0.350855648328	1.09430063002	0.88186196971	-0.0285190242243
ASPARTAME	-0.480220779699	-0.198208640057	0.132677694406	-0.154816572281	0.621090135086	0.124251267508	0.539341415952
EPACADOSTAT	-0.191969545836	0.147273341672	-0.261004313058	-0.0280595355245	0.85122055691	-0.208228447672	1.01639102838
	-0.191969545836	0.147273341672	-0.261004313058	-0.0280595355245	0.85122055691	-0.208228447672	1.01639102838
EPACADOSTAT	0.437747310754	0.212465856473	-0.693235442491	-0.311705120879	0.531241271798	0.318065509162	-0.522258072692
	0.437747310754	0.212465856473	-0.693235442491	-0.311705120879	0.531241271798	0.318065509162	-0.522258072692
GKT137831	0.237463834817	0.0440392613296	0.314536869162	-0.448251612701	0.705601827064	-0.251335021713	-0.780967770333
POZANICLINE	0.0441236535267	0.650683412215	-0.0941302501658	-0.339189659774	-0.237518923639	0.142443213477	-0.274305204897
RUBITECAN	-2.63635137196	-1.27625192072	-3.55620855825	-1.7077212977	-2.99702398937	-2.53207021392	-2.88975844468
DIFTALONE	0.111210944131	-0.164752226758	-0.192101069734	-0.238147699686	0.356293492576	0.514505429017	-0.868860828812
KHELLIN	-0.328521072685	0.173785139656	-0.127155203463	-0.505655989627	-1.30644210981	-0.0943534329936	-0.0123134486517
TALAMPANEL	0.0800987522411	-0.106221579798	-0.0332703009388	-0.316280843412	-0.808119456915	0.269372343559	-0.508976398351
DEBRISOQUIN	0.35073802567	-0.165617632662	-0.116057175871	-0.239987413033	0.236396709942	-0.243333354694	0.158627659394
FK-962	-0.13566303574	-0.476271889567	-0.433561907977	-0.243869766796	0.381533046623	-0.745401332844	0.0116793955648
RESVERATROL	-0.0598842836271	-0.0387549680689	0.250754498982	0.0285095956049	0.423958313554	0.398868567336	-0.320230581727
INDOCYANINE-GREEN	-0.344406112089	-0.174477313653	0.0937590812425	0.741332092366	-0.157140522826	-0.730736202668	0.188015099027
HALOPERIDOL-DECANOATE	-0.013598881445	-0.0945170096311	-0.0445707874891	0.0463895452286	-0.515131244315	-0.456279026008	-0.644747230209
JTE-607	0.999431035291	0.855630436456	-0.122653043792	-1.22495775902	-1.29684179954	0.423263972901	-2.01191595943
PNU-142633	0.424489638586	0.546093665766	0.259666915377	0.170196575648	0.825634126698	0.258616558075	0.602863379354
GAVESTINEL	0.179852063941	-0.133775708721	-0.0652368920369	0.234715870606	-0.0211808737056	0.00245147288918	0.118316354669
HYDRALAZINE	0.145156396156	0.14023674986	0.0583554708966	0.238638575896	1.24294437485	-0.313083661705	0.155786729603
PYRANTEL	-0.371671479628	-0.349994842085	0.0592725699273	-0.169103757923	-0.0222624193096	-0.173807943064	0.0776862248973
TOLONIDINE	-0.199187530949	-0.00570857668192	0.00567268600476	-0.070325332158	-0.101064331961	0.128970041195	0.456627088144
DARGLITAZONE	0.297101938899	0.62843337831	0.114169884302	-0.318307756033	0.539621347773	-0.256056317744	0.393856414388
LY3023414	-0.497554071221	-0.372079828324	-2.08926075493	-1.23945942707	-1.26862787113	-0.961095663958	-2.41060166466
LITRONESIB	-0.52377199359	-0.546868716972	0.117806958206	-1.09403479722	-2.82187274998	-1.5378501643	-0.893802830833
OLMESARTAN	-0.397159836941	0.454721280014	-0.222733087787	0.0119168883924	-0.0663713418014	0.238033357437	-0.522992289992
TRYPTOPHAN	-0.233740742796	0.677474139577	-0.131415132006	-0.156715555138	-0.906580652177	0.201407961222	0.294981632904
17-ALPHA-METHYLTESTOSTERONE	0.4379332667	0.216973967937	0.162479507282	-0.385546778868	-0.0238844286178	0.0633244145884	0.629661146467
UFENAMATE	0.0896621244799	0.0196633906347	0.356746967319	0.0446195386382	0.00584931666497	0.387096677076	-0.0732973295278
PRALIDOXIME	-0.120466338145	-0.0421622420608	0.0575209007802	-0.659793938529	-0.463468410619	0.451179656804	-0.264411916138
ZOPOLRESTAT	-0.0449307461203	0.140309535861	-0.11784536504	-0.341377882142	0.241210327136	0.306389690685	0.473652742134
ERDAFITINIB	0.099589552283	-0.305617852854	0.0952803191952	0.0728970788025	-1.533290009	0.467488427911	-1.42703010236
ETAFENONE	0.338417112484	-0.148409381291	0.13334197083	-0.104832730132	-0.628499343412	-0.139358589961	0.121646224053
AVIBACTAM	-0.140731776959	0.0236514576193	-0.285004830414	-0.370242056219	-0.743110227024	0.361625922036	-0.11299630775
ELTOPRAZINE	0.14940926295	0.444459593003	-0.257060013027	-0.455295984676	0.11795059446	-0.362783752327	-0.157519686254
BROMANTAN	-0.661672474153	-0.00768860976403	-0.278680479834	0.53022286795	-0.122493931862	0.16177319853	0.0527903794104
ELIGLUSTAT	-0.393309382459	0.372452478263	-0.176243263181	-0.145265359259	-0.178355903998	0.463740120359	0.169853863088
SUTEZOLID	-0.0190371547639	-0.269233389419	-0.236599008454	0.522929598029	0.0647855506374	0.542740583871	-0.317894610685
UNC0638	-0.359765490678	0.439643775634	-0.518588028146	-0.289614148515	-0.544930409378	-0.331265503266	-0.77648040967
CHLOROPROCAINE	0.200369286076	0.120670613451	-0.201734406499	0.0275030837687	0.0575498041346	-0.115848338717	0.152975035452
PIPERACILLIN	-0.703917812656	0.349572303344	0.0578267356244	-1.00598502769	0.48096386602	0.462127083301	-0.816369329841
PRINABEREL	0.306969644346	0.305410218327	0.269752681303	-0.403838048834	0.939430637495	0.763646179192	0.303171663176
DIROXIMEL-FUMARATE	0.200424964025	0.278813995777	-0.0217460601294	0.0989754788762	0.0835942875338	0.354897766262	0.582085657302
UNC0646	0.241250393803	-0.216755440446	0.0184339123917	-0.941620837452	0.125455303353	0.936066629537	-1.06143562074
CL-225385	0.327527396308	0.197594909437	-0.0848014151459	-0.263966368671	0.0243893669075	0.0558112399156	0.27878343686
IROSUSTAT	-0.0824089576581	-0.300274749332	-0.0141579015536	-0.600484844227	0.0302115227568	-0.0684287888392	-0.571552941329
F-11440	-0.0583683612431	0.58631343529	0.299201308031	0.0158063823936	-0.179670081836	-0.0574776813084	0.411319597149
METHARBITAL	-0.384305060969	0.25131952992	-0.0935621541576	0.0734286305449	-0.268286882188	-0.382722313111	-0.44396199396
TAPRENEPAG	0.182319578854	-0.369091591428	-0.376195107812	-0.278888960836	0.299836280787	0.533898577677	0.0714251295236
FENRETINIDE	0.288618805081	-0.13601413401	-0.0786850274876	0.825763882231	0.161042418684	-0.404581456742	-0.00423239268484
TEDIZOLID-PHOSPHATE	-0.488803064421	-0.515197347602	0.157892760287	-0.514779752329	-1.04243674556	1.28214367606	-0.193920639512
NALFURAFINE	0.578299693602	0.423212575048	0.174684492853	0.258767615017	0.306311976493	0.0814794628134	0.399107021021
REMIMAZOLAM	0.122416132921	-0.211800784931	0.136454252856	-0.717006570266	0.12245733619	-0.273249529691	-0.416065472253
BENTAZEPAM	-0.338243436684	0.130884088242	-0.0237005721633	-0.052480600708	0.81714492092	-0.0789546780581	0.263443344835
PARITAPREVIR	0.0208869185427	0.22073957889	0.0666018099527	0.163958645525	-0.0653513523856	-0.0744824624175	0.0314757166186
ISOVALERAMIDE	-0.153061569726	0.195947790513	-0.155558745513	-0.65134243018	0.550035237192	0.386128309827	-0.0179085976912
LY2452473	-0.0763575658555	0.175487642963	-0.361213751572	-0.385604725934	-0.603400595461	0.225862677246	0.0209697243376
NATAMYCIN	-0.0460474120591	0.154029799497	-0.258794146411	-0.104313752986	-0.224382886442	-0.0273428049291	0.00854528630215
EMORFAZONE	0.0546123791039	0.057549620483	0.153469912451	-0.345947543373	0.189647419447	-0.159616561789	-0.873043968164
ETILEVODOPA	0.0016843101702	-0.0146454587948	0.0383618166689	-0.337462651999	0.125551346388	0.214205204042	-0.136708764546
PROPIVERINE	0.530625566961	0.216061615767	-0.133262736036	-0.466587219791	0.495133150377	0.743136964628	0.0604934596603
MK-0354	-0.28995173592	0.28116838004	0.0425558406699	-0.49057165329	0.551434269518	0.836168690758	-0.295717361971
PENTOSTATIN	0.105901643394	0.393797133687	0.154981219683	0.123785365187	0.836931480648	-0.651510426261	-0.0822290189966
VX-745	-0.276758025595	0.235733031826	-0.0785044896607	-0.294707529194	0.366666765721	0.447917528831	0.100275485213
NORETHINDRONE	0.194118755116	-0.22320543222	-0.407837675643	-0.345337371043	0.914659811558	0.0809598061327	-0.0422638207447
PROCYSTEINE	0.271442253989	-0.0770539483011	0.146499232473	-0.353174497765	0.631382726069	-0.0667486439111	0.968898426678
ESAPRAZOLE	0.411504618818	0.282594578747	0.199698243507	-0.753472142774	0.0605423429168	0.103991547889	-0.168937533066
ANETHOLE-TRITHIONE	0.0817617200262	-0.362955966888	-0.076064229191	0.724618406316	-0.977210569681	-0.468733871925	0.18092662171
OCINAPLON	0.275562390802	0.556276090775	0.170113013158	-0.753658376287	-0.0295859215657	-0.034289308349	-0.155653577837
HYDROXYPROGESTERONE-ACETATE	-0.163974905449	-0.0808079270383	0.258974614396	-0.0563608330879	-0.1867577786	0.366437694486	0.872721551171
MEDICA-16	0.331336025516	0.026307252823	-0.363621408493	-0.869460723089	-0.874603733259	0.164759525369	-0.594387294733
VORAPAXAR	-0.374596436714	0.0442049230552	0.117435571462	-0.0482559864037	-0.00538508184508	0.183975215032	-0.371207662207
STETADERM	0.232198526504	0.0265520050538	-0.187100195341	-0.108575755505	0.543157847442	0.611086524521	-0.453795171941
MEDRONIC-ACID	-0.818944685464	0.323721563923	-0.137854169699	-0.161421452151	0.188438770237	0.191238602178	-0.131811122087
DIDOX	0.474950423178	0.204246443893	0.113854805903	-0.397518067738	-0.523525854195	-0.184984539986	-0.442603179309
TOFISOPAM	-0.92243647532	-0.237348362847	0.00681390309145	0.101981554984	-0.897708266792	-0.139625556114	0.506559927437
CIPEMASTAT	-0.559281271926	-0.553943677496	0.0290495762716	-0.66262033041	-0.0896753896707	-0.199662911051	-0.762991340984
PIPERAZINEDIONE	0.123774804074	0.514912850732	-0.0393367802836	-0.125985655424	0.718314562257	-0.143220216789	0.204837276913
DIFENPIRAMIDE	0.0244860850815	0.16553249403	0.139187432674	-0.384410026486	0.609247187829	-0.273768638624	0.422435298035
TOFOGLIFLOZIN	0.258315962753	-0.667000385313	-0.0949878260543	-1.19586875741	-0.562792221653	0.633705911768	-0.741795426181
NITAZOXANIDE	-0.0659255689956	0.14296116084	-0.150485252034	-0.609131569675	0.79217873953	-0.0702267756275	-0.300011430712
PYRIDOXAMINE	0.6567356315	0.109999850914	0.212241025792	-0.142325051947	0.408732251056	0.89336613082	0.448538274914
MEBROFENIN	0.169888680563	-0.0403513040331	0.439389499087	-0.304045719166	-0.193899329589	-0.354543788734	-1.14450788417
CEFTRIAXONE	-0.220543987347	-0.391496971015	-0.289377733133	-0.353197976521	0.741573878039	-0.171709194483	0.155939527075
GONADORELIN	0.675073640751	0.405990786067	0.125544599768	-0.743092608897	-0.92642006753	0.747615805734	-0.0107331171061
CRIDANIMOD	-0.00562670113494	-0.0949398943438	0.0810955086946	0.0240132577031	0.151792807602	0.583800940188	-0.563448829965
EPALRESTAT	0.0612325229354	0.2103427013	-0.189724910223	-0.558427303873	-0.201622668088	0.935053983481	-0.271681756939
SURITOZOLE	0.886620789965	0.696644098117	0.388902820048	-0.179666944232	0.502090633395	0.0879384378152	0.522145533723
BEFURALINE	-0.578499690336	0.00440519867968	-0.0190505936706	0.146312997192	0.937944867339	0.163299837948	-0.103360049279
HYDROCORTISONE-BUTYRATE	1.08014234355	-0.366057186769	-0.0235603718529	0.237418610461	-0.0128803239583	-0.112365135244	0.961784741263
PERETINOIN	-0.279743181879	-0.129755828735	-0.253267604684	-0.432185497032	-0.336671837691	-0.393474555523	-0.468826437172
ENALAPRILAT	0.181461488415	0.297114788785	-0.0801918662452	-0.527224185014	0.454057405262	-0.129505506363	0.0444856647388
XENALIPIN	-0.00193336007659	0.271392424207	0.058574469515	-0.472987032755	0.0323826405883	-0.154048586073	0.577381891642
MOTESANIB	-0.617025068735	0.255172133908	0.166287392418	1.19140924135	0.0192146491028	-0.164888235202	-0.154209625585
LORLATINIB	0.39100221157	0.0500955460459	-0.382119440654	-0.76003860534	0.920694224726	-0.107383879449	0.0459794607707
DESLANOSIDE	-1.9705767216	-0.533123095356	-3.2021297145	-1.8786057791	-2.83146664013	-1.42785983523	-2.40452927095
CLONIXIN-LYSINATE	-0.115778664894	-0.454742798418	0.119645526395	-0.480578365884	0.330263765811	-0.12918621905	0.267268963157
AMG-487-(+/-)		0.385673444504751	0.336837569342722	0.0209652888283451	-0.044439302009356	0.56222132515324	
CEVIPABULIN		-3.75991978922001	-2.01806123286232	-4.64113892832615	-5.87530093377177	-1.23415455326067	
TALOPRAM		-0.0373663070337836	-0.0063792445926581	0.24509591038604	-0.010418460678493	-0.0909366391299985	
ISOTIQUIMIDE		0.679848498435614	0.323923742075034	-0.184454209408238	0.493268364348935	0.439524110505768	
PREGNANOLONE		0.152096171313129	0.0803858815214735	0.0834572811655183	0.180637332300061	0.0489118876736866	
LM11A-31		0.0633463349194329	0.213434385439154	0.590084140308241	-0.0953464818221516	-0.12606139047452	
APR-246		-0.0847155414161758	0.104164153736	0.287249777593606	0.370825535042339	-0.137390098263806	
FPL-12495		0.0332751370031865	0.419819603967485	-0.233816804817738	-0.109184634379155	0.323481032386923	
TERCIPRAZINE		-0.0884652342780097	-0.174200255205718	0.323736688728349	0.0551527818281348	-0.212684875235424	
ML-213		0.134421440533821	0.426023574846099	0.353035599344627	-0.0428591763692164	0.147828407902441	
BINA		-0.0863435578697201	-0.119521637445794	0.527302140922073	0.250535498577266	0.711061695050292	
ONO-4059		-0.852962742326688	-0.288692398094479	-0.0848971116600679	-0.106937621165359	-0.850629327528975	
SAR405838		0.445719303686454	0.305651682259807	-0.287235824731383	0.266902859926685	0.34043294079454	
TCS-5861528		0.133834730926051	0.392079409275034	-0.815908354630114	0.152729648798613	-0.395247798995433	
ANA-12		0.485631034965068	0.207667545882302	-0.0438094070191269	0.0566920038457078	0.580919135950684	
GDC-0994		-0.291714369880225	-1.24999666207456	-1.3443317996485	0.231312534635981	-1.46926040538627	
BICIFADINE		-0.132316753613875	0.315954246574635	-0.550804280213005	0.704526738971077	0.128619261386015	
EDAGLITAZONE		0.158412713426979	0.202373975130399	0.0206840234953277	0.532599125631998	0.362853365410365	
3-DEAZAURIDINE		-0.035877255129433	-0.123645525658885	0.0830800522713505	-0.0508155105114197	0.123772484169677	
CKD-712		-0.0055626529610745	0.144928324401554	0.496256444569078	0.415814455055765	0.220316337819411	
PX-478		-0.662946891823231	0.146003870600126	-0.468618717849622	0.633044535155212	0.748240901766799	
AC-55541		0.7106823386079	0.127847815182304	0.199101161403537	-0.195118453171748	0.570162581472252	
ML-3403		0.143955522787773	0.373501064396655	-0.128343350888144	0.178134523927606	-0.425682205871994	
		0.143955522787773	0.373501064396655	-0.128343350888144	0.178134523927606	-0.425682205871994	
SENNOSIDE-A		0.404738489409158	0.0168722398008719	-0.0617743341197072	0.0405846997562575	0.624912614323018	
CGP-20712A		0.557478915379154	0.116687138455564	0.132039169966916	0.164401705664161	0.428917074559871	
4-GALACTOSYLLACTOSE		-0.0358445307134852	0.554236617874475	0.0659983935258108	0.394788729914267	0.574931837586169	
CIQ		-0.321673214666867	-0.209347742751343	-0.113315996019206	-0.475906185348162	-0.159642973395295	
AZD6738		-1.96570980839984	-1.85098966427659	-1.03002560738487	-1.86888093702148	-1.50091996730322	
1E-1-(2-HYDROXY-5-METHYLPHENYL)-1-DODECANONE OXIME		0.0257866823665533	0.0452016655160418	-0.422914764958293	-0.0748786560117567	0.276935125003246	
		0.0257866823665533	0.0452016655160418	-0.422914764958293	-0.0748786560117567	0.276935125003246	
DR-4485		-0.42972561600738	0.0999345475706169	0.848286038822143	-0.0325566683837711	-0.0816625259289582	
ACTINOMYCIN-D		-4.51846027083486	-5.78541897999378	-5.81601936743121	-5.69775727161897	-5.51230571342225	
CYM-5442		0.0031116994065054	0.182526685859914	0.260715670200974	-0.216851265651588	0.105211842048272	
BUTIBUFEN		0.120184179100624	0.217220643702527	0.479564764433285	-0.0359744424372533	0.219626081061811	
CE3F4		0.302102812962274	-0.0720358344855518	0.410543568202491	-0.341686503996484	0.233028872642466	
LIRAGLUTIDE		0.454851280052358	0.270135538823208	-0.739988316506227	0.233570505303247	0.652697507237406	
CI-923		-0.243608954376893	0.125713500569825	0.185805226729934	-0.0609932993292513	0.546390585348125	
SECLAZONE		-0.0615065070919433	0.0081931602063264	-0.134184296124995	0.240059278879818	0.267437688742564	
4-CMTB		-0.306678215912055	-0.36728891941611	-0.0656554485354631	-0.0426246948905265	0.427949709977022	
SLV-319-(+/-)		0.19613795537817	0.241113408426574	0.383220653236437	-0.461963007723664	-0.143322502103426	
HIGENAMINE		-3.69365610688471	-2.06614480684693	-2.31301658635626	-5.79595142226382	-1.37521158154247	
BENZOIN		0.50329500331775	0.261609212392376	0.3433671583673	-0.125425873440565	-0.172426893387579	
GEPON		-0.102176229644469	0.291822682068918	0.171920534584871	0.62463012201462	0.410215406733196	
LIAROZOLE		-0.333397432729592	0.152645988496275	-0.176888746488969	0.110895928092797	0.0875866957150412	
BRL-26314		0.387868749688241	0.340019525777971	0.159059987979049	0.190818104382254	0.0842793290314783	
CID-16020046		-0.0791276885911064	0.146085480713416	0.534390418384739	-0.0551676088172954	0.264349747053667	
INDELOXAZINE		-0.0623343229829221	0.22296647982274	-0.533030054549122	0.540609535252669	0.21863924953755	
	0.187072193302	0.045502051705493	0.0251847418501815	0.439248370670724	0.236800096576018	0.248518787567942	0.0911780285517
BETP		-0.270107833205879	0.0311353064078422	0.734770292356935	0.119934889019249	-0.455303917029815	
NLG919		-0.447079104234008	-0.147013883743049	0.147517406845371	-0.199506586239998	0.181055340157916	
YK-4-279		-2.40425967336952	-1.80720753870498	-1.55723852187907	-3.32985879178752	-1.70221967877802	
BIMU-8		0.105297120651873	0.176893207149732	0.350229191521475	0.264390342081407	0.0091000397042697	
SHA-68		-0.255720375158941	0.113524875981827	-0.0166106456427831	0.0076503330243266	0.161174142448686	
LY266097		-0.0733230499392538	0.0630913464435841	0.190147561614285	-0.656000508108153	-0.110789824832126	
SN-2		-0.391044626273129	0.398949703872489	-0.0556736502331757	-0.684741832719557	0.043698889255538	
BTS-72664		0.2126761834982	0.403095701872099	-0.0682698456608761	0.233216211699758	0.336208210540956	
3-HYDROXY-3-PHENYLPENTANAMIDE		-0.175986678820235	-0.191981649501445	-0.848550968056426	0.237086021461339	-0.204864984284779	
TC-E-5006		-0.0594717572558078	-0.080958241932663	-0.217584488250336	0.0699520127074703	-0.423285885569094	
2-(3-MERCAPTOPROPYL)PENTANEDIOIC ACID		0.134946209464827	0.470267118031512	0.0500686959519508	0.192442754090549	0.215932885309965	
		0.134946209464827	0.470267118031512	0.0500686959519508	0.192442754090549	0.215932885309965	
POLYINOSINE		0.19566052928367	-0.0140646073323465	0.316067672886056	-0.0892704874519128	0.180810856977081	
CPA-INHIBITOR		-0.111459659722815	0.0042487322713253	-0.0222733884813138	0.252707865948542	0.324897007300809	
ABC-294640		-0.573265084485342	-0.0913784341223766	-0.0955627290335825	-0.0507049698517845	0.0521619441011204	
MINERVAL		-0.0984359036030716	0.0956879633158518	-0.32809791208549	0.239835629717458	0.428960305607574	
RG7112		0.0372797122919272	0.217712783592211	-0.441782997901054	0.0013023396626575	0.233074215192292	
FLOSEQUINAN		0.482864375547322	0.214121904344917	-0.608053492940723	-0.0536673073766892	-0.0029454639409536	
NORFLUOXETINE		0.330789073065398	0.406904529753911	0.13888938909317	0.5121472041621	0.177390798956605	
BIAPENEM		0.390347773111624	0.128359100082821	0.54180772465199	0.437169877974818	0.214359094262539	
ONO-AE3-208		-0.461950049257609	-0.143847239073932	-0.355959715916549	-0.329080332552115	0.0759411549372662	
KN-62		0.130878789630962	-0.14355061099267	0.262111900914098	0.365777115646304	-0.307923233725454	
CPSI-1306-(+/-)		0.179923834205668	0.259259211465976	0.272044199391924	0.27871723570244	0.827564020047622	
PD-168568		-0.142808772687437	0.199942754070593	0.516275179332196	-0.0101426659740862	0.334953904630014	
TC-I-2000		0.0678725054155355	0.174223561863283	0.203481293466202	0.0523874579369818	-0.212163753052866	
NAV-26		0.0707873427044736	0.488911529183698	0.323441658428722	0.343282402775753	0.489527378147964	
NBI-74330-(+/-)		0.647310829142944	0.22530418453865	0.44697233655526	0.526950845776432	0.759647086712267	
OXFENICINE		0.0592603948570398	0.151225178176479	-0.28135520817314	0.30693713791117	0.337430261684331	
KI-20227		0.0107206424058921	-0.0332320320442547	0.193462431566958	-0.776252724040555	-0.288396936674576	
BENAXIBINE		-0.0614838457734462	0.173423416007912	0.434588482083578	0.234280784818379	0.116679437790486	
SB-268262		-4.69554241943631	-3.82340142970377	-4.9382278942244	-4.39544070845847	-4.53426449586775	
SARI-59-801		0.271893933116529	-0.0180356952031702	-0.293007385901368	0.186533770742319	0.0689167842267803	
VUF11207		0.168504864253015	-0.0664869670233957	-0.199358726964812	-0.0055532084426519	-0.0233803057128868	
KL-001		-0.27149441986388	-0.120703772247579	0.663869106603789	-0.261253829049445	-0.0532984272192756	
AUTOTAXIN-MODULATOR-1		-0.354845637871702	-0.0303693512653536	0.54621033511341	-0.116869518409031	0.167645319557897	
DECERNOTINIB		-0.245290220706096	0.0584322992751848	-0.192284422790162	-0.197577632050738	-0.201321084715069	
KW-3902		0.192613909348254	0.17324384429017	0.308502658760591	-0.0709227291562941	-0.611592942823746	
TANSHINONE-IIA		-1.03001307019021	-0.691819262116586	0.351553101084573	-0.931413373175853	-0.185776953294506	
RO-3		0.0035944050142115	0.0121815349768576	0.288317972743355	0.137000136786235	0.274445385575472	
BAG-956		-3.56105253954458	-3.19081990052339	-2.64610599081695	-3.1904885479769	-2.53638518559602	
SHP099		0.463421271627953	0.200824014823869	0.380689134731849	0.612968070725818	0.0048043120368094	
TROVIRDINE		0.167036578251891	0.145305537614936	-0.0964051121734118	0.17542178041451	0.434653261635006	
JNJ-42041935		-0.348533938949269	0.100826559199995	-0.117665431303201	0.366712980395098	0.277326395925824	
TH-588		-1.4301724015024	-0.289003399554683	-0.443796815101835	-0.763930853859939	0.216946656795511	
		-1.4301724015024	-0.289003399554683	-0.443796815101835	-0.763930853859939	0.216946656795511	
DAA-1106		0.189552223570013	0.161560051847756	0.296466969651558	-0.130551618498482	-0.0864154402633295	
BMS-191095		0.013839805770914	0.236367365747635	-0.183288504516323	0.568094179252135	0.241904901715149	
ANTALARMIN		0.313088402323341	0.13425874216782	-0.0731592038070405	0.035936373179984	0.215335828106126	
LRRK2-IN-1		-0.863681708118889	-0.275467948309652	1.03735888915076	-0.791507450717416	-1.10009459492714	
BTT-3033		-0.287511556930399	-0.417782208876978	-0.353350799700899	-0.152380185059522	-0.0997529205241712	
NVP-231		-2.7023647317666	-1.63630674630085	-2.65418388169279	-2.61900103125879	-1.1350291147628	
BVT-2733		0.744590154990777	0.251227203300153	0.427382603365298	0.170195522171226	0.468021355879441	
GINSENOSIDE-C-K		-0.151389416824945	0.363276462934692	-0.204819716492438	0.246150164011693	0.376749197171289	
THZ1-R		-2.26850531483863	-1.0340966468071	-0.0320703745960736	-1.23764833479913	-0.185263414198586	
ML-365		0.119432672976903	-0.132223500844657	0.219439477780832	0.0096192419207422	0.103161620670967	
		0.119432672976903	-0.132223500844657	0.219439477780832	0.0096192419207422	0.103161620670967	
CDPPB		0.273032776547214	0.364386635856885	0.243610937877317	0.605143800132961	0.31301277090149	
SSR-180711		0.0713804728808097	0.0768810407221527	0.870926654722536	-0.0845869579492502	0.172407001943905	
NI-57		-0.228092289175522	0.130657223599956	0.399895340333333	0.454031742367214	0.209192969311419	
ICA-121431		0.0138074284536171	0.0542434054362749	0.163774972925364	0.0944892633287569	0.10596351786762	
BIO-1211		0.0223841666304609	0.0335353272120521	-0.0876906007155797	0.454047732079518	0.325406853766138	
5-HYDROXYECTOINE		0.691244967891701	0.38064115533925	-0.153281533500032	0.367870144510319	0.170292936976146	
SB-399885		0.378989822392328	0.163499881741593	0.524527824293696	0.113181129303202	0.477990895124494	
PD1-PDL-INHIBITOR-1		-0.413522591339446	0.201837312555358	0.314677651716078	-0.0443885952167795	0.122259488761053	
XL019		0.212659445605914	-0.423720400528893	0.473252783817304	-0.27356281484427	0.677364904024938	
AMG-PERK-44		-0.0792275556915495	0.243323638419656	0.0707650150892083	-0.12526270578058	0.491807491835211	
GLPG0492-R-ENANTIOMER		-0.0517760523835467	0.0194721422968538	-0.0781052924928961	0.282485945373195	0.254773363077811	
2-ETHOXYBENZOIC-ACID		0.341121144073168	-0.105549164988819	-0.507298849441126	-0.473118640360821	-0.0738191200328887	
I-BRD9		-1.08040173570305	0.229736349793917	0.126343285097989	-0.50273752043765	0.92031407225881	
PSB-603		0.486051853889993	0.0986242721705545	0.518818673892141	0.253459856619615	0.419455709234024	
BRICICLIB		-3.61338818298204	-1.87467334522384	-3.92236551294195	-4.28989121660943	-1.08844234098744	
AZ-12080282		0.429336607250358	0.277827290846472	0.316477033978537	0.172398117135052	-0.239327479016152	
TENOVIN-1		-0.348842085665444	-1.09465517495732	-0.683439563755675	-1.13476926421043	-0.138602967665314	
GSK1059615		-3.67747531036949	-3.95387332267103	-3.2832954647453	-4.67999442538538	-3.47556488209412	
ALDA-1		0.201279048753717	-0.0450815478767065	0.511224466987746	0.250641216406053	0.535441878482712	
BW-616U		-0.251130414528919	-0.104957493800323	0.0842661319462942	-0.324501079407621	0.0015811631350987	
RWJ-67657		0.366801570826047	0.308864307368966	-0.260279221268463	-0.421197215441068	-0.380448548428193	
ASP-2535		-0.409397299128302	0.160608439492352	0.329220709784343	-0.164551163778472	0.658845630945146	
APC-100		-0.133279422569023	0.0649663835264393	1.01024961710282	0.190985725822918	0.369792824270969	
AS-1269574		0.0919798791861084	0.0345731739704088	-0.287317624301255	0.0138184634203624	-0.612979880499042	
GSK2838232		0.149377681296051	0.151885239100814	-0.2799689918144	0.0643134932911107	-0.414032874115988	
SMER-28		-0.390464510348146	-0.0875437584553416	-0.0530203594964424	-0.0499386430849803	0.0642576008401387	
LMI070		-2.84382834223048	-3.59776445506945	-3.65496460101343	-4.03676780190102	-4.446727025354	
WAY-207024		-0.355457184269087	0.375471489301569	0.756713851701973	-0.197991994609673	-0.0974291108066399	
TRETAZICAR		0.355057932884666	0.0208214476406633	-0.536468116970865	-0.907968407460495	0.465250909965782	
TCS-PIM-1-1		0.22889815079019	0.157930896936794	0.791434254134164	0.293390470263871	0.569564451545314	
TRIBOMSALAN		0.421557641065102	0.244864911352824	0.208413500019729	-0.0844279324976354	-0.419740645500613	
AK-7		-0.142073528181493	-0.216602979899508	-0.327410746333159	0.455824825909157	0.0960551142388056	
GSK2879552		0.237643872096022	0.13585611667183	0.518817759379179	0.434169677921319	0.212047979729333	
9-AMINOCAMPTOTHECIN		-4.6653722055453	-3.50278963717345	-5.44780326195725	-5.16075719003223	-2.959470616214	
Y-11		0.303709638807899	-0.0120107059497859	0.0788887137001978	0.362930262503169	0.21381262855393	
GEMCITABINE-ELAIDATE		-3.42178963350348	-1.99866627619782	-2.49840368431593	-4.82402673799144	-1.40868303264798	
TCN201		0.0141670351394643	-0.071636091639024	-0.421789370903057	-0.115735962031035	0.296335990637578	
CP-99994		0.299801599854848	0.248465116539062	-0.587099496801659	0.169382069780878	-0.248181860615517	
LUMATEPERONE		0.165666577591751	0.238077558052305	0.919604499654082	0.416916628202455	0.653604200378025	
PKI-166		-0.742214994921087	0.128186127569806	0.285045958227181	-0.287288581546185	-0.493665379916333	
AC1NDSS5		-3.20274408318454	-2.44137745890506	-1.35551283773885	-4.36369121228555	-3.62321414459818	
ADIPIC-ACID		0.552267202818994	0.0980990176985728	0.789357664208988	0.0371812979184217	0.409303967012703	
AH-7614		0.411855588063797	-0.202098418086019	-0.195914591207706	-0.4106208196502	-0.016943223215494	
L-778123		-0.569109769918808	-0.795390027114726	-1.525969467473	-1.01967775644648	0.236814433526426	
PA-452		-0.248332759910029	0.218260498503073	0.0368411943283156	-0.266686410162847	0.442806181017486	
LAURIC-DIETHANOLAMIDE		0.369117912902664	0.0172123283205818	0.0329571286075763	0.296898005755922	0.558329901941054	
BENZYLDIMETHYLOCTYLAMMONIUM		-0.188942681627866	-0.467876013248142	-0.142602239358496	-0.344369314645639	-0.0783674602420679	
CH-5183284		-1.13448272701995	-0.924394028231768	-0.52361360612147	-1.82073142183435	-0.213791704491869	
4SC-202		-3.18455819641685	-2.04380554518369	-4.14331613969707	-3.80607249185524	-0.859558298446365	
MOTOLIMOD		-0.246905830366344	0.293531851256287	-0.212545068063475	0.309659007351957	0.252197569892442	
G007-LK		0.672208676417704	-0.519815406339844	0.0565757686135217	-0.139142581516111	-0.207349378874684	
BMS-863233		-1.02642020718012	-0.0878433015200548	-1.92320697747753	-0.543385171840288	-0.137285766288451	
RO-61-8048		-0.356035365509014	0.106806751899964	0.264885254396199	-0.0661994473480183	0.864713114790485	
FOXY-5		0.0029535664436668	-0.0668041095064435	0.0821986751564974	0.365960171768595	-0.273774412045112	
GW-438014A		-0.267296009820009	-0.359565498292989	-0.610532357109989	0.0302612721038141	0.258000945680696	
A-61603		0.80104375601092	0.290659310015617	0.523085012584266	0.490250436057949	0.335955009474041	
BENETHAMINE		0.379353449339122	0.223451819332627	-0.298507824132006	-0.0818597858277915	0.236294813648517	
AMRUBICIN		-2.4714468274105	-2.10018814390153	-1.4110456747808	-2.53964265005578	0.237976862693551	
XL228		-4.48814393385076	-3.02622362800444	-2.26141316844078	-4.63758545277092	-1.15139235864852	
CYCLOCREATINE		-0.163118342288389	-0.103417384646679	-0.0341763833394549	0.051641420258353	0.324138720091995	
FARNESYL-THIOSALICYLIC-ACID-AMIDE		-0.348521231500195	0.0046166416336203	0.0051531594277455	0.170832029860297	-0.267825635633864	
BMS-CCR2-22		0.383582811824947	0.311344717123437	-0.559050746814426	0.280844256193999	0.247141333590732	
TC-E-5002		-0.346639890432491	-0.169450977422985	0.0037248812327655	0.101147437958487	-0.261516955064523	
CPI-203		-1.66441148400049	-0.746387345039225	0.918476039640055	-1.08393212368824	-0.925570771941056	
AC-710		0.14341011490725	0.0744628912950469	-0.106102736887713	-1.49999947584961	-0.10636931834275	
ETP-45658		-2.33160525258133	-1.40728152849613	-0.0340398308170748	-1.81038898626559	-1.08985596321235	
GLPG0492		-0.492571621680185	0.192793460052513	-0.401171621747814	0.054531445572265	0.922845387621906	
MN-64		0.734956297681523	-0.238545324060751	-0.832134595481162	0.0491498862631622	-0.376099658284358	
SIRREAL-2		0.111130519168839	0.304853727729243	0.282134070366673	0.0803035029324707	-0.505413672571096	
TC-FPR-43		0.211325845032479	0.154074056294197	-0.0531787662887744	-0.0685342813757391	-0.0443873672880384	
CC-115		-4.35839326704636	-3.70683559750794	-2.53937165149187	-5.52111110565378	-2.11760991624356	
NIDA-41020		0.415234828102156	-0.0049287503392876	0.0198933037034118	-0.0192710048851612	0.04774327901122	
TC-I-15		0.141852607543223	0.2141801936441	0.0722573395972161	0.0035051204770051	0.598550492549748	
NAMPT-IN-1		-4.6410095640227	-3.89264789511332	-5.33519757968165	-5.76448694563192	-5.17867971661708	
PF-915275		0.0400651689793387	0.0449887192888849	-0.0048555076288914	-0.102705102706548	-0.323563003139862	
OAC2		0.555165256354893	0.0571852409714107	0.361128167383311	0.265970759518476	0.536809311931488	
CPI-360		-0.619285068709263	0.0199407969715096	0.429461476840796	0.15673673752429	-0.0871493348993628	
GUE-1654		0.0661830601647329	0.157311289329613	-0.306855760887135	-0.266357671897289	0.102474002754591	
EED226		0.154192989838937	0.0932812770535944	0.489259199473957	-0.335228899264538	0.113899122165284	
WIKI4		0.0085468364791941	-0.368312339555701	0.143610225877094	0.0280212120565179	-1.0406554482487	
GPR120-MODULATOR-1		0.582220894616516	0.197223775630941	0.0916022916760295	0.657059049728619	0.311696919909131	
OPC-21268		0.166553507406752	0.154391198555989	0.530867116531437	0.585433477626427	0.828283566637363	
JNJ-63533054		0.237081430405484	0.136814315287459	-0.217385921181441	0.300188582926003	0.237439402087365	
SULFAMOXOLE		-0.0954264654000754	0.134026714892605	-0.235798928852516	0.48805730948366	0.587181898324041	
ACT-462206		-0.364442696946516	0.0649762391510776	0.172102841935917	-0.120318141948782	-0.203057876866135	
CPI-0610		-1.44610842020517	-0.561732165161712	1.0522917719386	-0.884870475599275	-0.728000743099573	
TIFENAZOXIDE		-0.106522106663313	-0.0572758932509242	0.0764574060166208	0.258668345667398	0.925948093137287	
GW-6471		0.305817894870515	0.0595330221771045	0.0039543298146407	-0.280943101179431	0.259438715847334	
PT-2385		0.122979746993018	0.0066952593008725	-0.461039969311718	0.485608409090583	0.675980597793878	
RGB-286638		-4.96492163289755	-4.72044267409779	-5.98196082351677	-6.4144310047872	-4.99165580755983	
LX7101		-0.0952752343448405	0.625432977251548	0.0632457162731373	0.269288620398576	0.123073386968683	
LY3000328		0.282613827349412	0.215234559784426	-0.242618498910984	0.155974127331718	0.571078254565831	
BIO-5192		0.0491195288947005	0.22758304004753	-0.131598565542606	0.307518982904747	0.879231598769522	
ALS-8112		-0.202486271067714	-0.0632212325096488	-0.425947684568012	-0.146454769658564	0.167495264032731	
		-0.202486271067714	-0.0632212325096488	-0.425947684568012	-0.146454769658564	0.167495264032731	
LY2584702		-0.568167482651711	0.100626872845213	-0.135665167139277	0.491966705860518	-0.128137981264187	
NS-018		-2.26065007523416	-1.107392594834	0.0304304654401797	-1.89211577540315	-0.63842041359174	
TC-S-7009		0.599773970826748	0.363527325356931	0.84658384557528	-0.0238262710211515	0.22670036386639	
AN2718		0.310109558699583	-0.286893335062648	-0.0287603873726496	-0.182385919358275	-0.0335313219222092	
UNC-926		0.213369452531971	0.10884854896406	0.358566200471953	0.401665549597884	0.278764639214529	
		0.213369452531971	0.10884854896406	0.358566200471953	0.401665549597884	0.278764639214529	
BMS-983970		-0.483187391131133	-0.34663831183142	-0.847155893646292	-0.373105658607364	0.264682503391108	
EBROTIDINE		0.0929221318090626	0.390184965745741	-0.0148090491321082	-0.441544794433196	0.523500806126293	
STF-31		-3.89027860973265	-1.4994026687351	-3.46457084716177	-5.28049887613327	-3.90211915736685	
CEFODIZIME		-0.181192548147627	0.125014349636413	0.0843413054399306	0.235156791317075	-0.180843441913924	
SP-420		-0.764433274909193	0.185009309483915	0.72009024487433	0.154361491918567	1.02291086002971	
SUBSTANCE-P		0.313537597658454	0.432662120375974	0.132049224103456	0.523035414667098	0.905528674603335	
CARBOXYLOSARTAN		-0.0738030976894458	-0.0823208781954564	-0.127633114401372	0.362759688528872	0.438597580019021	
TUG-891		0.756448767790674	0.334368808682527	0.37577932064513	0.57128594743294	0.292505683635514	
ME-0328		0.13090220202345	-0.0190091307468918	0.135365377242455	0.36007207117273	0.693896538964129	
JW-67		0.108561136554933	0.415494963851846	0.449421609602876	-0.24693335505789	-0.530581787127855	
CEFPROZIL		0.064115108007679	0.220437523271812	-0.0471903765037942	0.622105062003289	0.518980354152377	
MECLINERTANT		0.143953882733786	-0.227595662973765	-0.277147053680041	0.0321287361041564	0.0098630383206223	
MSX-122		-0.182165913744424	-0.0116559531594307	0.150323751860584	0.491801887980705	-0.268450882462505	
AZD3965		-0.279029130859269	-0.0656499288562707	-0.640879037951795	-0.0739401531723075	0.311491141385154	
GSK690693		-0.628254325809927	-0.478567813541747	-0.138511553637979	-0.828675536709058	0.20526040189085	
ANTAGONIST-G		-0.257378677217398	0.393495618409178	0.441531985026984	0.519099784828657	0.869667247702138	
TC-F-2		0.534762512879414	0.367629236796285	0.0923699569279149	0.336810711776912	0.462806007117271	
VLX-600		-2.22597870435448	-1.33643538239091	-0.688725057417763	-3.60040094460579	-2.56949458305088	
		-2.22597870435448	-1.33643538239091	-0.688725057417763	-3.60040094460579	-2.56949458305088	
ROBALZOTAN		-0.034932255445281	0.176506313771485	0.442294647864217	0.274444813543196	-0.128676359399069	
TRANS-4-METHOXYCINNAMIC-ACID		0.227076540716714	0.151827973874217	0.418877331412067	-0.403768038751519	0.542013448454651	
PDP-EA		0.20416308305387	0.139853438128292	0.405068868228212	0.316892132102232	0.378548364329365	
TOYOCAMYCIN		-4.6914987534052	-3.863892998398	-4.37784677237716	-4.50020543468851	-5.26220908580047	
H2L-5765834		0.270687591451869	0.0351775429533865	-0.0650400313102677	0.168206477212481	0.466971608385396	
GSK-37647		-0.352083577041678	-0.18465995293424	-0.110214947382338	0.0053815341536266	-0.140574151193914	
		-0.352083577041678	-0.18465995293424	-0.110214947382338	0.0053815341536266	-0.140574151193914	
DINOPROSTONE		0.674649756794408	-0.202724301699727	-0.291977756936969	0.031724028648617	0.444744439878086	
BENZOFENAC		0.243060539987745	0.170491242466592	0.006764601204438	-0.0992025904988011	0.0734408172129615	
AS-1892802		-0.262401436880304	0.362579429269263	0.251453410919903	-0.191146482989718	0.391776528883107	
VU-0240551		-0.0089606895587672	0.026053254264754	-0.299950052801988	0.0888270058102747	0.0631803560705905	
		-0.0089606895587672	0.026053254264754	-0.299950052801988	0.0888270058102747	0.0631803560705905	
AMPHOTERICIN-B		-0.579797846670771	-0.398676716687084	-0.356751996496204	-0.0739536834353169	-0.21651333002958	
ML-193		-0.0675353736666095	0.198880911756882	0.0995507019709809	0.542191465629526	-0.117972960711998	
		-0.0675353736666095	0.198880911756882	0.0995507019709809	0.542191465629526	-0.117972960711998	
CYM-50769		0.243962790625359	0.0265104973532641	-0.26011780319234	0.0684396801644268	-0.0227511165834014	
PFK-158		-1.9507255572526	-1.75893063205282	-1.19887372261677	-1.85795905480292	-0.789065260631477	
N-HYDROXYNICOTINAMIDE		0.796984991626301	-0.261479809883353	-0.201986971095418	0.584916003112354	0.524415760302212	
NVS-PAK1-1		-0.274784497196231	0.0572739553850029	-0.0344508561518503	0.0313973749784578	0.445116323173151	
RIFAPENTINE		-2.18831108514115	-0.995304959987935	-1.57000922024017	-1.64619312355722	-0.762834201679425	
SP-141		-3.34737643352297	-1.46141360313176	-3.55664712152167	-3.90311464399918	-0.67772948156901	
NGD-94-1		-0.612507249690463	0.207530922635478	-0.324572516717114	0.397685798585643	0.0584808505851018	
CYM-5520		0.394310132030987	0.073578485893587	0.225727710889027	-0.102190144846158	0.17485904360201	
GSK9027		-0.874747497473712	0.458841948694057	0.754784700185081	-0.003950247189586	0.0028205573899056	
TC-ASK-10		-0.333788096749315	-0.250783512840523	0.123657427395491	-0.152968039426275	-0.458371795676847	
GSK2578215A		-0.0100245092853428	0.315703567680059	-0.0933329346197573	-0.292410219154813	-0.275969249139765	
TIPLAXTININ		-0.539554575920651	0.412476017694523	-0.036764917522899	0.413374289164953	0.164888331900655	
WIN-18446		0.0228672295802385	0.0248636229696955	-0.256834087902302	0.522305376031445	0.386256194255946	
OMEGA-3-ACID-ESTERS		0.330378885627815	0.469035945618211	0.241765781555475	0.0260299941416453	0.46003815977944	
ANR-94		-0.0870824599104707	-0.132734550756079	-0.496382344099615	0.375805670175852	0.213044667252902	
CENTAZOLONE		0.0387838327189992	0.292933789217601	-0.211788785112471	0.0624727093546579	-0.137758034687301	
CP-376395		0.242547938525811	0.296333543109526	0.205694932765648	-0.0869706256712844	0.142723982256478	
PIFITHRIN-CYCLIC		0.245950830345534	0.142044893285803	0.292362515794365	-0.476406452003673	0.376674128691082	
TC-LPA5-4		0.579985875287595	0.017385947583988	0.311735581968717	0.221977602244314	0.163924294690487	
BAY-41-2272		0.144283047766347	-1.38608058113028	-0.52430122597417	-0.78030133204036	0.061579517192001	
AT13148		-1.49498572661823	-0.0059563968094691	-0.595503460660788	-0.423908447995848	-0.157938977224351	
LPA2-ANTAGONIST-1		-2.34661179173391	-0.975092686381276	-0.384633872752455	-1.42172093292039	-1.94552215906565	
AGN-195183		0.20407312769178	-0.0428315466529985	0.114577990882267	0.236536903810281	0.233464752029365	
GSK-J1		0.380053834805553	0.296280402210881	0.121316360484719	0.29898158684071	0.0409561804819941	
ORG-25543		0.12882385508371	0.0726771553875616	-0.473127804180783	0.343279114714991	0.202768904849562	
A-867744		0.159760153126587	0.0608524002202475	-0.273549146549096	-0.598796977401629	0.217658886380165	
INT-767		0.186621760617386	0.130119363666694	-0.102628560098457	0.493955776327159	0.515478301306808	
BENFLURALIN		0.474890665485251	-0.0181142679972309	-0.278920014524745	-0.125453451871084	0.0992171278639638	
TIENILIC-ACID		0.16422904304465	0.12762048416655	0.179359794648927	0.11392956765652	0.383767640309573	
HJC-0350		0.498596889877761	0.10811585584082	0.105423411897739	0.180430690850422	0.295260104116665	
NS-8593		0.134744865468663	-0.0767075916476693	0.284090119137229	-0.0346404351512608	0.603044100775531	
CBIPES		-0.192856836254284	0.215273118418936	-0.255445507595279	0.431321071199337	0.287944279098987	
CAMKII-IN-1		-0.127189878234068	0.312631884673204	-0.0609648479471793	0.365798459141773	0.190300545300635	
ACTB-1003		-1.56500520920295	-1.74848870578275	-0.414480354916402	-1.69149307612703	-1.41948716319612	
ROSE-BENGAL-LACTONE		0.231403850338673	0.168743948856026	0.0786978998135814	0.24133553260611	0.373584999791716	
VERBASCOSIDE		0.0553718607211493	0.377928433460008	-0.0917157720330173	0.105304481288405	0.145599733997218	
CP-532623		0.607068299939316	0.0577666876431107	0.364089112240697	0.322860509689831	-0.0912749569039753	
NAB-2		0.0250168052030005	0.262280998761319	-0.313166968116251	0.223157478935185	0.0843278511881814	
ANLOTINIB		-2.58024853072643	-0.748546919207005	-0.277884186302591	-1.83850893866529	-0.408117734415194	
O-MERCAPTO-BENZOIC-ACID		0.716291853259605	-0.239288649411408	-0.122354303287392	0.368013819107121	0.106501365922682	
DPC-681		0.0576545359565474	0.413251013685251	0.343012570010922	0.667853505733017	0.233327243347704	
ADAPTAVIR		-0.0042796723499672	-0.0718741565903968	0.0098456131510291	0.0886654285175941	0.396654403997241	
BI-847325		-3.8984003784734	-4.72044334164307	-5.18628132645122	-5.35889545171615	-5.60933809422035	
SANAZOLE		0.492683579001101	0.135162838211677	-0.0110289219560266	0.250338395028323	0.402513004120818	
CEFORANIDE		0.175378361666253	0.43425671708781	0.311843429161737	0.0155405515380399	0.110133450280739	
GW-311616		0.408869493799319	0.333190476690516	0.0633444694810075	0.543257555119462	-0.149775257113411	
A-317491		0.483897468285247	0.157962921141854	0.178768045875514	0.350259944260908	0.540976071527364	
PDE10-IN-1		-0.0613794568494591	-0.0056796201793003	-0.304280520688605	-0.752289263477287	-0.232168289545321	
LY3009120		-1.17256274749783	-3.17356061869403	-2.59245176414766	-0.143185633332466	-2.02280047034507	
DEXAMETHASONE		-0.527662292578296	0.485813538640929	0.264702795776181	0.169325208271438	-0.236764448382216	
TAK-220		0.468653829818334	0.362337863625265	0.534929036704534	0.594583409842011	0.500292614898916	
JZL-195		0.550759860306299	0.0910327385921337	0.514297249675477	-0.324315018792754	0.27091438729868	
NS-9283		0.759840622506808	0.281029425629613	0.466828605730555	0.0541146527232189	0.536099786867405	
DMH4		-0.937272619654208	-0.199757364664961	0.302133232857927	-1.34416450368224	-0.457302552698475	
LY310762		-0.281471619889938	-0.0093401416421755	0.158651000954284	0.242255167469677	0.0605183286472398	
BISPHENOL-A		-0.158204967324684	0.026121630578961	-0.109651383118482	0.205784847234714	0.445153555498093	
AZD3759		-0.736938766221405	-0.593476167974113	-0.159438507796795	0.343375420860897	-0.432343976677618	
EC-144		-3.90155254159602	-3.34287169664413	-3.7058561697692	-3.7180443070454	-3.44073934088575	
CURCUMOL		0.462299949407807	0.299164465861041	0.351718678386834	-0.0426595118794741	0.664866525759275	
OT-R-ANTAGONIST-1		-0.104920172419974	0.645220885750953	0.451130767765398	0.225319011976234	-0.0787079860489252	
PYRIDOXAL-ISONICOTINOYL-HYDRAZONE		0.197165007006073	0.627267701575445	-0.32655383313306	0.395294802401857	0.517984410146648	
EPPTB		-0.293928851672314	-0.0134600028904621	0.289479984362721	-0.357473402697279	-0.211495489194726	
BML-284		-2.71074707207683	-1.31704738513818	-3.0380958273032	-3.43577885038864	-0.521338401495411	
NVP-BGJ398		-1.13985222341479	0.0537869408411904	0.905816343084669	-0.630067025202014	-0.0542594662362893	
C34		0.0945636619816266	-0.0415792828518563	0.285128134358788	0.0421947520628967	0.39493996871244	
WY-16922		0.11221075744932	0.2027972182901	0.314202467574036	0.306310104737943	0.335276126694834	
PF-4800567		0.552943471453511	0.120797710843689	0.279625983121595	0.20371548869618	0.16441965289245	
ARQ-621		-3.50269150949427	-1.48835892574395	-3.38831999922242	-2.8686373681065	-1.21569050107913	
CDK9-IN-6		0.0926823489566032	0.184537396217793	0.269153135153023	0.247081386145934	0.275559812201308	
ZONIPORIDE		-0.0495522046673147	0.0114248437964504	0.0575357925664958	-0.165265445885648	-0.150709596026561	
MRK-016		-0.756943937320398	-0.0812587219298438	-0.588867990822811	0.118777458200998	0.553187242444168	
PK-THPP		-0.196778986028382	0.178068259416073	0.204736408032288	-0.337405767377941	-0.423667722057984	
FLUPRAZINE		0.336569135399785	0.562620588848606	0.0482769557455075	0.296681431388836	0.235574762002403	
ML-228		-1.48500550363117	-1.19022645493801	0.231295259557426	-4.4598872363128	-1.28802771514474	
		-1.48500550363117	-1.19022645493801	0.231295259557426	-4.4598872363128	-1.28802771514474	
LDC1267		-0.651201000428554	-0.0563747806132048	-0.376674524915168	-0.861650962085801	-0.25855356709173	
AL-8697		-0.112263330198495	0.411448905432076	-0.23830721076339	0.105037752269486	-0.0713296049473196	
GPI-1046		-0.674898763069273	-0.187429772585284	-0.531658317973112	-0.148504190211608	0.0899362424273622	
WR99210		0.104522491524237	0.50023666341674	0.43158763223365	0.146798550651637	0.155583506285623	
AURANOFIN		-4.5951576475507	-5.43597098397169	-5.98054244295344	-6.63130836962351	-6.5013282892119	
PRAVADOLINE		-0.31916427349699	-0.0009742337637487	-0.0818936606823835	-0.31943298448848	0.140056769627362	
UNC-3230		-0.761079102579927	-0.23761042910749	0.674086982737972	-0.0935400443335878	-0.845727350009565	
		-0.761079102579927	-0.23761042910749	0.674086982737972	-0.0935400443335878	-0.845727350009565	
ACETRIAZOIC-ACID		-0.0859300792290928	0.20335716051554	0.0206468728959843	0.151738549048608	0.346424734136937	
L-838417		0.367951481245268	0.388234593409747	0.487523847269721	0.358183681682004	0.300436047565511	
KML29		-0.156151636828005	0.17372703169618	0.0177926735686161	0.281255218792923	0.545694494727602	
GDC-0623		-0.921990289848405	-2.34395313166719	-2.6664839343847	-0.900966934189779	-2.55971381970938	
RHODAMINE-123		-1.17073593568707	-0.632756424819083	0.12447967115461	-1.09102720731658	-0.0609537636019175	
AZD8186		-0.979636576642934	-1.13630706492794	-0.212198397925453	-1.25669770458604	-0.400325073802287	
LH846		0.190284531114107	0.0928544395738486	-0.321587907996186	0.275244022157241	-0.016451816223412	
ANISINDIONE		0.467757680519853	0.395117574907376	0.238178014624683	0.512053421190158	0.392733728586533	
WDR5-0103		-0.0957322978991281	0.0060151815421725	-0.007736313891895	-0.167522028268417	0.161106749695448	
AF38469		0.154299757729669	0.311417702142584	0.127638713284574	0.446488480394844	0.448180924845538	
TAK-960		-3.46326790875306	-1.58864300561685	-3.73215616606953	-4.47474356802954	-1.2421187699083	
GSK2801		0.244603441058882	0.0156608520435741	0.409949864072563	-0.247332038663299	0.220938135204899	
ML-281		-0.533200857290052	0.134030678061041	-0.586364787083909	0.161233478254102	0.479945295875946	
		-0.533200857290052	0.134030678061041	-0.586364787083909	0.161233478254102	0.479945295875946	
VU1545		-0.277119593202457	-0.0814074026949167	0.151646033291005	0.0471333358319863	0.254184831784308	
XMD17-109		-0.626152776232359	0.47581765107208	1.17469018510719	0.213839359324788	-0.419106497818864	
CB-5083		-4.48213339077267	-5.40064869920298	-5.73134826175941	-6.84476326010073	-5.03257680961404	
SB-772077B		-0.883618859597974	0.0148647736844901	0.0760262826173292	0.101280892107642	-0.386009865223132	
DCC-2618		0.0423791654329119	0.294172770363198	0.48248286453129	-0.867884062501395	0.332611461144426	
WWL-113		-0.133741589395945	-0.364988685518774	-0.402302570081602	-0.377329875121953	-0.0363491099684076	
IMMETHRIDINE		-0.10344042016114	0.0265254813289951	0.0087397365124427	0.086560347203014	0.291305727293215	
SB-747651A		-0.758860304706591	0.433706383676595	-0.640951004586175	-0.335229217647666	0.253020188771722	
GW-627368		-0.229318434502123	-0.0355684043121011	-0.0278892599494839	-0.511665523441937	-0.773940981586879	
SR-3576		-0.612633008939806	0.506105795260519	0.253369265697581	0.108553027198704	-0.314361724754127	
EG00229		0.142893195057561	0.0894765049807285	-0.242979963172194	0.262696766698405	-0.0431997870335394	
ELN-441958		0.106287303033327	0.263222959121519	-0.0325581421401286	0.191520962845223	0.228306144355328	
FLUPIRTINE		-0.231613324078877	0.154381571252874	0.767303603211681	0.282858917335156	0.0888353945835576	
PF-03882845		0.271223642256485	0.0385973001419572	-0.134764721046734	0.432864893253911	0.249672756793391	
M-25		0.364903799453518	-0.0208192881258135	-0.374903051780954	-0.221676203943745	-0.0936418609722248	
KUROMANIN		0.0225635896236373	0.192094834896541	-0.367594230392028	0.238509812856277	0.018801703829138	
AMEZINIUM		0.457317896637368	0.104704560716941	-0.0249609594184165	0.365536292568183	0.427208493882283	
TEIJIN-COMPOUND-1		-0.360543527130643	0.378555058194387	0.486602433981441	0.212121631832645	0.463476625109541	
BUPICOMIDE		0.301231538133039	-0.161797942415873	-0.0944479278967604	0.465945457131005	0.627903477255263	
MOFEGILINE		-0.221271865706003	0.239690786805323	0.255134427005622	0.0334650749532955	0.254636121183813	
EACT		0.753982533470127	0.0022774946510263	0.53824953342004	0.30440874477524	0.40774878495748	
JW-55		0.718439888288896	-0.230236992026066	0.814306837702531	-0.0279797335531723	0.102134541729048	
PEXMETINIB		-0.520623546100685	-0.171368592444302	-1.28141613356668	-0.285877159060959	-0.708543366164128	
BI-224436		0.254976577211581	-0.244940443373086	0.0071904722752999	0.26090389251573	0.295083173638727	
YZ9		0.0001467484183572	0.146768843351066	0.464256043223775	-0.23778657225905	0.197918599349565	
TNP-470		-1.02941000783015	-0.507711144949918	-0.11157407408291	-1.00164609725993	0.536690530697397	
TABIMORELIN		0.502389829905918	0.342509507993951	0.132116901305004	0.373181585392535	0.118343163967517	
PROACIPIMOX		0.258471575076845	0.101077839679444	-0.435305675383725	0.21607822836118	-0.126603885666935	
PLX8394		-0.446795959185763	-0.809761325780284	-0.833583190203106	-0.350305031572865	-0.212341039368412	
AC-186		-0.632316031718163	-0.0497699091268268	0.140654530437947	-0.0684949089739495	-0.119723564639119	
CP-316819		-0.0988934253783036	0.260853366032311	0.16387201307847	-0.0696448329450232	0.478834663879381	
CGS-9896		0.132897969521276	0.280795336608631	-0.436635675687961	0.134073670712384	0.256453221461121	
NMS-P715		-1.52022536343399	-0.831312068465578	0.19334704567858	-1.35884507006367	0.21811172232971	
ETC-159		0.11476886694486	0.139228589449148	0.0386982792056226	0.253735040509344	0.577215131455376	
LY450108		0.107058062795166	0.151639470453819	-0.421208912125838	-0.0237952227503554	0.37633589799069	
VU29		-0.346357317341757	-0.254241930472232	0.198343051836065	-0.300351277404159	-0.317577769254922	
PF-04418948		0.134510504202591	0.223566387110134	0.0363939982690106	0.220879895871742	0.238807805702667	
TC-OT-39		0.252683314798953	0.323509420665219	0.6513473937524	0.485096510598175	0.890616674849881	
RIBOSTAMYCIN		-0.0177382946028305	0.29107789657452	0.318461108406696	0.253828878682797	0.567222735804446	
RO-48-8071		-1.05785305667144	0.157230048678965	0.29886600988285	0.297173952839151	-0.157263999319948	
TCS-2314		0.0384228699437771	-0.0658209286569757	0.207116150481135	-0.294250099754366	0.133302230401213	
GSK-J5		-0.103390853510128	-0.0114842597388794	0.05645381632818	-0.63353581051418	0.570025257935487	
WEHI-345-ANALOG		-0.195191580631699	0.313183063212909	-0.344559632112076	0.0082886135505995	0.444860461888829	
FUREGRELATE		0.139571277631323	0.231156295304169	-0.338224458854723	0.62685451034592	-0.0581436716823064	
EPIGALLOCATECHIN-GALLATE-(-)		0.236547004477898	0.0728022989950997	-0.226238967737314	0.408804994052159	0.5426148337402	
IMEGLIMIN		0.486003513608383	0.453708739031897	-0.119052775522975	0.230815989084284	0.523525147265145	
TUG-770		-0.712521226404326	-0.177953558623172	0.296579494974196	-0.386415814504455	0.227690885143568	
CGP-74514		-1.93847644826901	-0.98514162437954	0.173756734209435	-1.55552642907126	-0.88658937609084	
TBA-354		-0.549460528826893	-0.178483456488028	-0.255209514410003	0.142588566276598	0.232226363440005	
VIPADENANT		0.134696485745148	0.2486081840568	0.47326683455455	-0.0045991459528722	0.357019932053193	
2-IODOHIPPURIC-ACID		-0.293503049060151	0.031890114229215	0.194336871014615	0.0435257603615312	-0.159468639815493	
DICYCLOHEXYLAMINE		0.410174618219088	0.337095506489761	0.0366239738388119	-0.0045542817922518	0.425934153752035	
BRIVANIB-ALANINATE		-0.0251014783989315	0.0529802499671843	0.0336172642474732	-0.139028813531141	0.292978307399572	
MRK-409		-0.288987687292324	0.183767678707102	-0.0200690935898014	-0.0005921819583403	0.0401372699672422	
TFC-007		0.238180090099395	0.166693859041121	0.393500923183288	-0.162710450146511	0.199274500608252	
	-0.328452382689	-0.472100236420077	0.264431433058457	-0.0887362327794725	-0.11230899393066	-0.439463677361266	0.184782126713
CB-839		-1.85623065347825	-1.45166129566612	-1.98046345549849	-3.7255712471008	0.398083608441645	
BEGACESTAT		0.0223528236484624	-0.236769201314501	-0.184205217728703	0.369798724681401	0.2173425758673	
HKI-357		-3.88103240152423	-1.58677128424665	-1.30901816878811	-2.33701547407817	-2.64511627899683	
ONO-4817		-0.498839196137297	0.0866819450831009	0.341371597691815	0.176475368378652	0.667441440473804	
CHLORPROPHAM		-0.0050549636587121	0.13954919162577	-0.146671010077077	0.216173843800123	0.500357317270923	
ORY-1001		0.683899954039898	0.18686833664188	0.876186718511756	0.395540760991863	-0.0764306158354242	
MDL-29951		-0.039598277846338	0.0308232568269511	-0.540862368172749	0.296870996573793	0.0794620714738716	
Q-203		-0.858758971434937	-0.209395260334416	-0.566239789023236	-0.25488405797282	0.179854752907191	
ML-277		-0.324925778581113	-0.0163960618337659	0.383988720969544	0.0585996044242707	0.437554096806263	
		-0.324925778581113	-0.0163960618337659	0.383988720969544	0.0585996044242707	0.437554096806263	
ARQ-092		-1.26800839708584	-0.723770731042872	-0.115645380763509	-0.886266519167415	-0.374963529068694	
ITE		0.101410256210144	-0.116853772011247	0.547078906155674	-0.7441125836717	0.682842142937008	
OSEMOZOTAN		-0.394485205583327	-0.202993043468936	0.231627574300131	-0.144406976310941	-0.0179543231341135	
UNC-2327		0.443440607400387	0.397793762714277	-0.0590612137899048	-0.294748727831585	-0.188718226073524	
		0.443440607400387	0.397793762714277	-0.0590612137899048	-0.294748727831585	-0.188718226073524	
CVT-10216		-0.310467076587653	0.0126902870128939	-0.41649012991837	0.124792814289627	0.110991652547848	
ECTOINE-ZWITTERION		0.538314572565164	-0.256828022140567	-0.175667945474718	0.358680350947035	-0.116685269984232	
SR-140333		0.0913525312055768	0.291014979215077	0.314881678956718	0.37897409770679	0.508888077835573	
SR-3306		-3.32901172440021	-1.11514308106331	-0.481814507276778	-1.58828521565775	-0.749486082614529	
AZD1080		0.561470400861277	-0.075152101526379	0.830264771864971	0.25786301054798	-0.0629672310503361	
AZD9272		0.0342167434050413	0.361846970591979	0.51723622902866	0.379216556335264	-0.196715772509019	
KEVETRIN		0.304594375083567	0.0874640308169449	-0.264272111195507	-0.0197116889372049	0.585151157243961	
FIPI		0.247569069309343	0.0215005475156868	0.502775493918649	0.360401582517408	0.4663624994098	
NQDI-1		-0.827637401588381	0.159247339200063	-0.180773477146899	0.0769637863716263	-0.223306410683892	
A-412997		-0.413701408451967	-0.0893251354291312	0.35969156668123	-0.0191048864960571	0.116878589742317	
GSK2256294A		0.0604245923958204	-0.0686998517727149	0.0060468696895449	-0.375630514700938	0.294509742206526	
HIPPURIC-ACID		0.151037224985305	0.301594556146534	-0.266218648737169	0.33380509542301	0.489898183140711	
O-ACETYL-L-SERINE		-0.897767440100091	0.115605656854969	-0.0474027843927789	0.111024170224267	-0.113581535540411	
SPP-86		-0.646158993763949	-0.0696568805660227	-0.0735502224017405	-0.295699178878989	-0.282015031852658	
		-0.646158993763949	-0.0696568805660227	-0.0735502224017405	-0.295699178878989	-0.282015031852658	
WAY-208466		0.0433938878263006	-0.436613605158726	0.13934627222579	0.30417569643425	0.149212819539677	
QUAZINONE		0.207691304448249	-0.189149312247587	-0.0837810158504977	-0.914674657775194	0.307811195128663	
PIRQUINOZOL		0.0240346022860962	0.309530872579393	-0.229373307590357	-0.0845298023799557	0.128667375971727	
VINFLUNINE		-3.12870653966179	-1.97122336819672	-3.21763776700056	-4.40392956155565	-1.07057845191406	
GANT-58		0.222990583281345	0.0838169321167912	0.360270020840197	-0.244913833131186	0.25608491284076	
KO143		0.206730503226993	0.0832853144693489	0.692575068737943	0.543598332787359	0.52773221236642	
ETEROBARB		0.759484487871222	0.0988163566562549	0.17492660652061	0.274596036416678	-0.255507429670628	
TTP-22		-0.775144071761756	0.0672723650168094	0.526408291354008	-0.36058461251382	-0.685982979407221	
BIRT-377		-0.259374484331078	0.208796892863258	-0.0140610601656762	0.137321900060762	0.303178314373872	
INDALPINE		-0.403177759554727	0.0920639287920102	0.285206077240218	0.0981378500109148	0.0892224974518337	
GW-803430		0.0717368009542189	0.0297599855549849	-0.124426593526567	0.0832496280730699	-0.48578302519428	
RX-3117		-2.48330927458067	-1.34779542040709	-1.48457187615011	-2.67735890904774	-1.2711065015259	
THZ1		-5.36389532118495	-4.9869337966213	-6.66782162201564	-6.39805751684748	-3.97294777307367	
ALPIDEM		-0.293512476386147	0.0300014858316771	0.0615397928844468	0.134222616507036	0.0476489875129174	
SANGUINARIUM-CHLORIDE		-5.41803873799083	-5.73998952641264	-5.59135256446691	-5.2275067226898	-5.67703581892676	
EB-47		0.135926043345826	-0.0159156712913061	0.146406950071476	-0.0795798847422869	0.0966052729885441	
LUF-5834		0.0933094479894425	0.214153458054523	-0.261857381585296	0.1051646589577	0.6875332204335	
TAK-593		-0.114437560403237	-0.0370098250709065	-0.342576117067146	-0.6663233085775	-0.28810351336465	
GPBAR-A		0.424299222055483	0.259852334221769	0.200269671715131	-0.0140492606188752	0.0184562275887754	
NVP-HSP990		-4.28373592235162	-4.74950582318912	-4.15524436775957	-4.17089049428315	-4.20863758066831	
APTO-253		-2.88453175454147	-1.07058632126911	-0.669395280462332	-3.48142965165781	-0.0146891074102611	
LY2979165		0.235395639517155	0.167159945101705	-0.0662145634733137	0.449518458098844	0.783854372152321	
TCS-HDAC6-20B		0.347243899688823	-0.0042167743761682	0.832755837128056	0.262254273788262	0.456144657986104	
SILVER-SULFADIAZINE		0.0343289428040615	-0.0528939917008173	-2.44217128106073	1.00560139395248	0.359855316675802	
GS-6201		-0.129996028065632	-0.133732708522984	-0.363060740161868	0.0212200696784267	-0.0250149636853477	
ST-2825		-1.01774099996151	-0.0679303463732158	-0.0025518460623463	-0.777920288365645	-0.0541837185801765	
SB-706375		0.275317526849796	0.117559845655813	0.142587919537611	0.119057419158	0.211121644728466	
VU-0422288		0.283807038870217	0.0193370647477949	-0.214888577927498	0.389337059974675	0.0481878086971691	
		0.283807038870217	0.0193370647477949	-0.214888577927498	0.389337059974675	0.0481878086971691	
NECROSTATIN-2		0.10652713809356	-0.121233856520301	0.394943312453583	-0.182713482689877	0.701501893474052	
SOLCITINIB		-0.0873645551886151	-0.190322831158847	0.459483356270427	-0.782949140702103	-0.675129600971207	
CUDC-427		-0.584345505001035	-0.362670197648317	-1.76022808966855	-2.9631972118991	0.846240154260182	
CUR-61414		0.339315521390434	0.325892944616048	0.0632313580548975	0.362108106339307	0.0735287793973867	
GMX1778		-4.1879182301237	-3.20856720263123	-4.42094323235716	-5.3802921334698	-5.66692573220994	
CYM-50260		-0.159922409947881	0.0975504157919761	0.0783173795482021	-0.118526190780667	-0.0393909611565921	
A-1070722		0.611562962248875	0.206436802787856	0.524032451535888	0.0919003998135309	-0.0400648831973521	
LM-22A4		0.628337596973642	0.228458755689532	0.133771042164214	-0.0355708910969246	0.187300024652386	
EPZ015666		-0.862344268620814	-0.674995454924451	-0.320212681008924	-0.138975671914062	-0.388573175607766	
DACTINOMYCIN		-5.07333899426345	-4.8998281080674	-5.96452061929849	-6.14559186649846	-4.81527192630445	
SEN-1269		-0.308484732448585	0.271718028707248	0.83092772280144	0.402521306716955	0.239944812453691	
A-967079		0.310358845484662	0.0605375935020252	-0.223450805216783	0.456708636893834	-0.0874113314545102	
IDAZOXANE		0.0537881735678867	-0.0738539170935787	0.133219688017234	0.469149479741436	0.580133206802691	
CEFOXITIN		0.0793792843703247	0.217685909514895	0.0897571663257858	0.367204142304715	0.0992244958905674	
SULFAQUINOXALINE		-0.0469292477427437	0.453587311609093	-0.169706069632664	0.637796721561961	0.585944848307583	
SBE-13		0.151512640186743	0.23110086460817	0.435437848067662	0.131320142411592	-0.18353834556885	
TRIFLUSAL		0.0418211684515724	-0.172988207869382	-0.115130870184033	0.221205433264576	-0.263761138413992	
MUT056399		-0.316201526225745	0.253672558024093	0.0826215871159304	0.549205941661143	0.360326906740573	
GSK503		0.140679589515462	-0.151281886483975	0.0944117065258069	-0.0338368957202599	0.293485496158651	
PPY-A		-0.025394084640668	-0.0743927007011484	-1.1786904010188	-0.689648551096753	-0.289844411940583	
BET-BAY-002		-1.9521145210557	-0.805121118106331	0.672138262137925	-0.493795889824545	-1.09887888659502	
APCK-110		0.0459399551327222	0.20050468726084	0.477013669359098	-0.515078612208104	0.0627040817076698	
SAR405		-0.785041614366672	0.616325529893479	0.508237769729044	-0.176559571968435	0.0904883359972101	
AZD9496		0.173353425344451	0.17335915037076	0.283024712928004	-0.440160118223711	-0.124053020852254	
MCOPPB		0.461388598151984	0.455207898336495	0.475381358622917	0.48075779207417	0.356583942319913	
HLCL-61		0.184543274414564	0.163093339535459	0.425062033181101	-0.435094249498584	0.308699006024016	
NSC-5844		0.180520412755932	-0.202996183219607	-0.0087245663434154	-0.527324942542205	-0.0391408318145582	
		0.180520412755932	-0.202996183219607	-0.0087245663434154	-0.527324942542205	-0.0391408318145582	
MLN1117		-1.09642974450645	-0.636757318047649	-0.100616214087824	-1.29396246136135	-0.206044977050866	
AZD3988		0.633661849471896	0.258182770481968	0.126659393321562	0.1490957434974	0.398198350270225	
D-(+)-MALTOSE		0.533257870635882	-0.0063970729060612	-0.0036294413956219	0.251581118550494	-0.0566253152567255	
EW-7197		-0.2449572698023	0.309901279677089	0.108161789753913	-0.416971024852767	0.520945957853836	
PHORTRESS		-0.410193305459944	-0.0189836796451136	0.750936149390631	-0.121284183046418	-1.99020872767598	
COR-170		-0.74262715188367	0.142137813196704	0.240996401986826	0.0356279765617419	0.0564490315636656	
V-51		-0.230795506796268	0.342089848206368	-0.0682319956841857	0.3209765180126	0.372360601978041	
2-(1-ADAMANTYLAMINO)BENZOIC-ACID		0.422213002771741	0.176541248730766	-0.26948679342773	-0.378530685395003	0.266223816726614	
		0.422213002771741	0.176541248730766	-0.26948679342773	-0.378530685395003	0.266223816726614	
AS-2034178		0.478864232250211	0.309635254380762	0.95297688256594	0.377355075008085	0.149763588495435	
LIMKI-3		-0.0304626700807502	-0.0548574500424874	0.35591881166384	0.0029257942949589	-0.0927896334987235	
FLURIZAN		0.123347812660063	0.169001547035312	0.504703381909438	-0.281408482241046	0.295040608487392	
PI4KIII-BETA-INHIBITOR-1		-0.274842274471527	-0.0187496121579573	0.21499577070718	-0.283533685588639	0.159683246645005	
JW-74		-0.0883675828940043	0.199973027421471	0.509444333888928	0.568618080859252	-0.0570784539027172	
COMPOUND-58112		0.487841211709324	-0.081424494932677	0.221548633141535	0.474265938621393	0.494861670708997	
AZ505		0.587368829558352	0.221414717541571	0.787497609636366	0.182980400164256	0.37351325858251	
CHR-6494		-4.7829819116268	-3.73761444131572	-2.60752573851528	-5.7238699775611	-3.44354331426127	
SC-236		0.0193285381774524	0.171253346275843	-0.287016430709646	0.0220911725843277	-0.0098189087641313	
REBASTINIB		-5.27087931171143	-4.98646928252266	-5.91005534979745	-5.90137285708947	-5.55077420148971	
TERAMEPROCOL		0.0531299007621124	-0.0358121667448708	-0.26786974542789	0.106570614868166	-0.108328672856257	
TC-MPS1-12		-2.02332063714477	-1.02535052944122	-1.0849210770602	-2.31340222296664	-0.105176462071957	
CABOTEGRAVIR		-1.74765453196167	-1.53332057277232	-0.550127662023167	-0.67932765414318	-0.539618818209847	
U-75799E		0.0728729391531041	0.323128524098412	0.456178006188223	0.391233594280022	0.312934433827999	
2-OLEOYLGLYCEROL		0.292037441282101	0.54266633143548	0.116891273551091	0.456486705948979	0.635315407973587	
ESI-09		0.466103247019706	0.346192195615005	0.192484897391634	-0.33071434297714	0.40268229021328	
RO-1138452		0.0669775264861722	-0.0587500183293236	0.181179670596643	0.124975403804873	0.798172228042382	
ML-179		0.460986206294678	0.0687640267141073	0.672848789802038	-0.569039573675366	0.167259335361808	
		0.460986206294678	0.0687640267141073	0.672848789802038	-0.569039573675366	0.167259335361808	
7,8,9,10-TETRAHYDROAZEPINO[2,1-B]QUINAZOLIN-12(6H)-ONE		-0.109098358707611	0.175189447478624	0.207457918604876	0.581020505700438	0.483618887743011	
ADX-10059		-0.191472491081932	-0.0579224027606978	0.451327470977855	-0.142431732750684	-0.0796869110857951	
ITI214		0.130094188285361	0.0662247873032687	-0.127441925295812	-0.0101136481679982	0.487139480171311	
2'-C-METHYLGUANOSINE		-0.257025696245604	0.453123251387553	0.110291427168701	0.49294740177793	0.205489790039831	
TC-N-1752		-0.779834641151471	-0.30916442827496	0.0119703481446553	-0.227645129575277	-0.597231061722674	
NANDROLONE-DECANOATE		0.388960387728843	0.306912259813666	0.162406793102197	-0.216344976394526	0.343887051280953	
RO-3306		-0.768130231229111	0.0534638407476826	0.268122543168077	-0.23817436598969	-0.464422019644056	
ALTIRATINIB		0.612335693774728	0.12589980781865	0.0196334705111437	-0.790286753801316	-0.970265207298763	
KHS-101		-1.14969473430725	-0.0707682103378535	-0.191408435908153	-0.965493279419914	0.129367638933601	
CGP-60474		-4.74708717747898	-4.50185462819787	-4.58478903606471	-5.72160337360876	-4.60428534105868	
LSN-2463359		-0.215633370898637	0.193984473496245	0.0735355464403059	-0.189998428562586	0.177239662216926	
2-CHLOROADENOSINE		-0.490619918932357	0.186286353101134	0.161847614682184	0.502751628462597	0.3760169036158	
TC-NTR1-17		-0.310515045559143	0.35596708693665	-0.0878136475313795	0.10934989598616	-0.0016434299020843	
REVERSAN		0.232343692864801	0.242396395463757	0.494542938600885	-0.25568372351321	0.405613668574405	
TA-01		-0.228423760693588	0.327939649093183	-0.0256728651673114	-0.0089182831159573	-0.271016620354304	
ML204		0.384055635257896	-0.160853148960262	0.94385904539026	-0.0633916810185095	0.248253374554637	
BW-A4C		-0.11642701747947	0.035784425450432	-0.0041846382358598	0.47801574823857	0.420395904016114	
ALAFOSFALIN		0.109221734360964	0.186271902005779	-0.304302837084532	0.0892633671089216	0.371399528276418	
CYM-50358		0.388285759763318	0.193968382660193	-0.317944665707352	-0.208090447550588	-0.0188861717424933	
EC-23		0.284399158142774	-0.138831984282591	0.445442251149761	0.242110399145942	-0.148060209875915	
BMS-817378		0.2045721576793	-0.09208888608273	-0.842383830225468	-0.5602094932548	0.210180515383112	
ML-348		0.207747263869939	0.138678221717872	0.0167214233725888	0.503872752436461	-0.101904727352904	
		0.207747263869939	0.138678221717872	0.0167214233725888	0.503872752436461	-0.101904727352904	
KS-176		0.12755178281935	0.0412781729508304	-0.0956435369844707	-0.0329862261029711	-0.373308783273545	
A-922500		0.186129032653673	0.32123079773657	0.0678848433192428	-0.168955018979523	0.336577722102066	
L-ASPARAGINE-N-HYDROXY		0.197824615928701	0.0647841978407775	-0.193979875266141	0.192216963941668	-0.340556519539463	
GSK-J2		0.200566924399216	0.223863456377445	0.298530150883012	0.329711650233578	-0.1124174555811	
RO-5126766		-0.805013385517777	-2.61288672694087	-2.42698962140181	-0.312917070374383	-2.17969370581677	
AZD8835		-0.023802364058101	-0.608511481384649	-0.188241664155227	-0.461044297555816	-0.265405490304399	
DBPR108		0.436038017388611	0.31828401288056	-0.571839726097377	0.425026087980606	0.973494497596251	
PF-06447475		-0.0795737341393756	0.0269974019624808	-0.0701838525918455	-0.417866583505017	0.214467009687686	
WWL-123		0.326775365965517	-0.583638555554781	-0.0608865332574779	0.139379593029217	-0.458187840677701	
GPP-78		-4.05737458364603	-3.84224675648626	-4.31841215878177	-5.7709348521607	-5.34057984243733	
T-5601640		0.555458596510392	0.297773363388974	-0.449201278214304	0.144568262919808	-0.226353752794514	
LU-AA-47070		0.251622459163379	0.174824898820578	0.212533899290886	0.645844917149877	-0.17248494726552	
TP-0903		-4.64981198029397	-4.81686999900154	-5.36142150664673	-5.5974479714179	-4.99290721380374	
MR-948		0.462708412342826	0.306254861991776	0.293930627832948	0.260054689195265	0.8920744494199	
AIM-100		-0.0242830864560549	0.237101141146681	0.0355595052946491	-0.179319271249896	0.613339732202584	
BMS-688521		0.427920249338778	0.139195831202865	0.0990316193051037	0.265649082071212	0.0066442832139264	
TOLRESTAT		0.0466120902565413	0.332495077957914	-0.0376032600621957	0.186626161977729	0.469613579310563	
SOMANTADINE		0.203354736066034	0.34769717178946	0.505795272873633	0.212708768493505	0.331843381041804	
APD597		-0.771495104563488	0.0062149491026421	-0.60281106586232	0.490641826471416	0.393080773282141	
RAVOXERTINIB		-0.600261362273381	-1.02490159372968	-0.83442016337964	-0.0697017718828465	-1.00063581221191	
AMG-548		-0.485060121120755	0.227818645578215	-0.554628601637257	0.138587112110729	-0.286852732726016	
CZC-54252		-1.41044270059709	-0.673139792822943	-0.225299171893681	-0.763798448422743	-0.610152807247334	
NARINGENINIC-ACID		0.564238403601695	0.420677975797414	0.0323869760594961	-0.166500563937501	-0.226007989352574	
TC-G-1008		-0.406800747896212	0.144268956576063	0.397549652298461	-0.200465665396152	0.482513665626502	
EPZ011989		-1.54042040207832	-0.731396493132755	-1.19181360697257	-0.673475995103231	0.875262966137964	
GNF-5		0.344729150041532	0.145726675877299	-0.500659696246337	0.240110094200909	0.117355216847314	
FPS-ZM1		-0.0104790622681441	0.597494778094013	0.597731067548078	0.510507335166396	0.292589829382323	
BMS-309403		0.43247606622465	0.178615269654608	0.593780604330673	0.846727121522431	0.106179803384498	
KB-SRC-4		-0.0483657080975452	0.103594291572026	0.159465054782163	0.179927123922567	0.384169613639819	
INTEGRIN-ANTAGONIST-1		-0.728270963576903	0.0569761807999644	0.473449212409719	0.365363463865035	0.549646122683606	
AM679		0.36864287499083	0.223857492219825	0.552983885041324	-0.0983572145023604	0.332026477647483	
YODA-1		-0.383364618649147	0.0299773116472159	0.0017171524968605	-0.0590015160303377	-0.0002120636745776	
TEGASEROD		-0.270943533967667	0.0725698803652499	0.628429138513343	-0.132285846262615	0.259868291251927	
BTB1		-0.0010513353355693	0.101389422582848	0.371212335690722	-0.566195564378448	0.336814864319486	
NG-NITRO-ARGININE		0.0375691293282492	-0.0455912406157594	-0.211015391184867	-0.404085328806564	0.191433678747911	
GSK269962		-1.5622425056709	-1.02886595069566	-0.0886320227200842	-0.646368812431342	0.355520492610434	
TC-S-7004		0.0108442492418013	0.0405349932225673	0.384563246140922	-0.101771658888573	0.0324267299626839	
TC-S-7005		-0.570619459094216	-0.14586950947399	0.158234071704349	-0.262769682731643	-0.73335140752925	
ZEATIN		0.183911991835226	0.146578388579509	0.112618289496171	0.405700014610887	0.340979594398808	
VUF10460		0.131068060780313	0.188618834173379	0.753508226240973	-0.0068150079705594	0.356125591431389	
ID-1101		0.104822524106525	-0.112440297933142	-0.378769184583529	-0.237541368271146	-0.341906794472605	
BCX-1470		-0.616482331865546	-0.0717071861853473	-0.0712588769537896	-0.150257176773301	-0.419126316742747	
PINCAINIDE		0.65400273074228	0.22896603045349	0.210380798438296	0.35259790435615	0.236501124935264	
KG-5		-2.70760106018307	-1.51497288989183	-2.4758286455136	-2.62018520535835	-0.313215372971564	
DELTARASIN		0.21436651321617	-0.007100963293287	0.025124258292425	-0.463242711920936	-0.135413898583995	
NAPIRIMUS		0.123596409833744	-0.0502261207805267	-0.249022776633311	0.34300632848689	0.252145417316772	
UNC2025		-1.49316112538751	-1.36847536701261	-0.755528592072154	-2.56754928846979	-0.973255931166178	
PALMITOLEIC-ACID		-0.0443743168741905	0.370863149378043	0.20535437669732	0.147666903579509	0.411708275383576	
YM-750		-0.084333196157216	0.0782956468274202	-0.0389743760100116	0.153002726537416	0.191107020457993	
SECOISOLARICIRESINOL-(-)		0.768094168409885	0.180194780876922	0.272932446418803	-0.758529861741265	0.383144599579604	
CAROXAZONE		0.497482430787647	0.283784025765705	0.220485635005896	0.450079755530259	0.442521915496329	
URB597		0.157858859653562	-0.127044652605978	-0.15128416341978	0.0618106823386441	0.238249644358222	
ACALISIB		-0.340230850222921	-0.676415521285861	-0.970402243476927	-0.316129324566268	-0.0226042372566801	
ML314		0.0795813922394018	0.0666002708436265	0.532897416119316	0.140264515198127	0.667376758663634	
CID-2011756		0.111309026179016	-0.0002181443478079	0.500671865527949	-0.0945317466549099	0.0778255021549278	
IVOSIDENIB		-0.167824460541108	0.0718822223496824	-0.202217035884286	0.323847995416002	-0.143117629449546	
VU-0364739		0.30897161755663	0.114979951691425	0.734516749777376	0.097280656053009	0.114068497500968	
		0.30897161755663	0.114979951691425	0.734516749777376	0.097280656053009	0.114068497500968	
LYPRESSIN		0.309718489127757	0.130571080425567	0.084661997386261	0.395509645260247	0.0842305223052549	
KN-93		-0.294173612081025	-0.0809990645259419	-0.0612802066329913	-0.0617186546466723	-0.914135238102812	
VX-11E		-0.931254310309576	-2.2332856937987	-1.77302324830677	-1.05118238487745	-3.63543839132552	
PF-431396		-1.48238417102665	-1.56688116160005	-0.343557772306742	-1.40541362370969	-0.961249834037234	
ML-323		-0.0351623055380924	0.0934983638399157	0.448647994495506	-0.223175015274874	0.173917567837633	
		-0.0351623055380924	0.0934983638399157	0.448647994495506	-0.223175015274874	0.173917567837633	
RWJ-50271		-0.278885396026471	0.188309966192571	0.165347880668178	0.322647117951393	-0.256373163425012	
SPIZOFURONE		-0.143830729851835	0.202384774164659	0.0875612768553093	-0.334038773408248	-0.165288579544255	
MACELIGNAN		0.517372014503788	-0.0312655737443422	0.33884092963734	0.184315618858425	0.556571691522715	
IBMX		0.021291148830784	0.256240928871068	0.141188169709141	-0.276676831237949	-0.221184581686951	
GSK2194069		-0.0815883352104348	0.122200624311488	-0.474152490733908	-0.760151391706289	-0.227000911585577	
THZ2		-5.47666837756375	-5.22513718074609	-5.94495465550426	-6.13958597947877	-4.60767406677838	
PF-670462		-0.272472758903094	-0.483367521148344	-0.911520615029338	-0.345908748270473	-0.456922075287448	
R-1485		0.131774513440879	0.115205500619709	0.171632533388693	-0.119004494827062	-0.0248552803774166	
CP-775146		0.686566166166015	0.283937373434571	-0.214614859226589	-0.0886479694307635	0.633381273249808	
AMG-925		-0.616033254006525	-0.547433616202332	-0.364019986160994	0.128123688595836	0.184802631945393	
OLEANDRIN		-5.38679844520705	-5.26848075563199	-6.03077079565337	-5.62052889666518	-5.75530050639045	
C-021		-1.85078888618411	-2.78573395700274	-3.45455854487756	-3.98756831297732	-2.7960590680358	
MM-11253		0.735395172489083	-0.0762432811128449	0.09128634160905	-0.0802425223811269	-0.0537342969057592	
OXA-06		-0.0797076980121313	0.239041335724832	0.457302515731841	-0.7433658751043	0.451660456803074	
SB-243213		0.18441392634805	0.199272730372048	-0.217865394246747	-0.105619506510764	-0.0408991483230061	
BETA-HYDROXY-BETA-METHYLBUTYRATE		0.502195850955574	0.15901711251487	-0.641951276770106	0.210450245622627	0.579713763137884	
MRS-3777		0.14333813621544	0.0848564213223601	0.3703141628124	-0.230946614328284	0.814118608952465	
ARV-825	-0.700687757739928	-4.99779507446781	-3.78011473166288	-0.320743143433097	-2.27665263694155	-0.87525635371816	-3.8277405572319
DOCUSATE	-0.537719116848567	0.29518226311575	-0.106448238393967	-0.404940829866305	-0.27912052688945	-0.100373685586366	-0.211789397803539
W-54011	0.0546189878604204	0.0970734339260552	-1.01636268327896	0.312649612341446	-1.19439249018691	-0.459330452836685	-0.210408553896456
IBOTENIC-ACID	0.0301224940482181	0.475714182170765	-0.0802865007080208	-0.253663236323522	0.805511490026528	-2.17340875293096	0.317183637388429
MRS-1334	-0.443206352863296	-1.20823091049711	0.0234281211400231	0.245143416974093	0.75266055591518	-0.54279960153312	-0.0409058949780162
POLYMYXIN-B-SULFATE	-0.307619933649595	-0.543105233702921	0.54293034416076	0.615946057266861	-0.393902581126622	0.207641010764241	-0.0699460640312494
P7C3	-0.10940437284469	0.436110493802061	0.282489218600804	0.46698823765722	-0.877232575677791	0.13234197347169	-0.260991632127813
TC-A-2317	-1.31986866054078	-4.46361703481298	-1.67010270633215	-2.96161445898058	-3.77198837327671	-1.87123030544442	-2.81583466426476
TETRAZOL-5-YL-GLYCINE-(RS)	0.0790240883743066	0.223082273792034	0.193632512771797	0.805678546896031	0.225760050282821	1.08366992349569	0.255819025306391
WISKOSTATIN	-0.0119826421776739	-0.132584634269844	-0.086702408441194	0.537263944724912	0.278318699222488	-0.944299835564819	-0.17510893989173
4BP-TQS	-0.051026240183564	0.460477052769565	0.274314671895405	-0.0258954291783455	-0.336521390351685	0.267739930545236	-0.369593715870637
PROPYLENE-GLYCOL	0.331920476506116	-0.131271536338398	-0.290939641708654	-0.108760097416785	-0.645492358424143	-0.755157172191521	0.683478481155965
DIHYDROXYPHENYLGLYCINE	-0.0508215090733771	-0.0660365060665414	0.203705275785762	0.661307402846211	-0.252231580958655	-0.572675882886246	-0.255322839484348
DMPS	0.469448430649933	-0.258905932949029	0.17683486074605	0.0473083434341062	0.321217889451248	-0.811404133301395	0.533406946560513
CASIN	0.0393714442537783	-0.727951289823271	-0.617206087492845	0.259287577352849	-0.507678627172652	0.266604242820804	0.491358595673821
GGSTOP	-0.257929110081975	-0.466240211106877	-0.299904005581651	-0.393654092732025	-0.277375254396602	-0.305420346351814	0.0312184856509788
TENOFOVIR-ALAFENAMIDE	-0.779877004050882	-0.843772921726678	-0.0794764444420767	-0.0694884585912632	-1.26993650619599	0.946391347263128	-0.290124998365788
ML141	0.459358468349405	0.598319768977398	0.416741021146346	0.686158435364583	-0.912229735473028	-0.424423760624568	-0.700441097908584
RP-001	-0.0367380235981529	-0.798649642789119	-0.0981327595016693	0.413779218442683	-0.110750197498687	-0.762737555246261	0.372142497728544
A12B4C3	0.448181136495711	-0.946485635410111	0.134018151571495	0.759685668126738	0.632097870733586	-0.604363417089128	0.518903890708886
MITOTANE	-0.0584915006017497	0.855596240993032	0.562821629259376	-0.414244609124204	0.762008768704047	0.631362394127689	0.0939371260041977
RU-SKI-43	-0.435503014689797	-0.451178499681473	-0.453148279062193	0.77512338813274	-0.0769135869928641	-0.862996389000387	0.0744368862561672
1E-1-(2-HYDROXY-5-METHYLPHENYL)-1-DODECANONE OXIME	-0.0623657011152072	0.309049240398475	0.488591163765521	-0.250232070797464	-0.215348706910516	-0.350781802826042	-0.0263779687916307
	-0.0623657011152072	0.309049240398475	0.488591163765521	-0.250232070797464	-0.215348706910516	-0.350781802826042	-0.0263779687916307
OCTODRINE	-0.178163025790198	-0.534344069546003	-0.154291305495656	-0.230506511168343	-0.445213330931699	-0.739419789088755	0.0792240152756367
BQU57	-0.480074493110719	-0.410274621106591	0.0671318782729936	0.624697432890646	0.0317030286897256	0.260718229626095	-0.711442306347281
4-PHENYL-1,2,3,4-TETRAHYDROISOQUINOLINE	-0.196540221248624	-0.984119288054174	0.066959033609243	-0.671778039227152	0.107094105325599	-0.688990844456588	-0.486805916900856
BETA-HYDROXYBUTYRATE	-0.162918345494326	-0.30022024362249	0.106423399226171	-0.120049180302341	-0.100851105462665	1.48119482910814	0.602547087200372
UBP-296	-5.32842127631694	-4.6077247004582	-6.31315634634483	-5.78205355323047	-7.50905097605434	-4.70892565083329	-6.61153244726404
LY404187	-0.90402832020261	-1.3864996453402	0.212514421994633	-0.426324708093894	-0.513548594982996	-0.135831713868255	0.497221229411114
ATB-346	-0.0339108999914678	0.132282688640992	0.236516690876082	0.362914268967842	-0.406337167065422	0.0394315417263148	0.744208207727787
BW-B70C	-0.0910394426148739	-0.0317241818957703	-0.725105724596305	0.3508497488647	0.531817984580717	-0.851759757677254	-0.637461964882809
ZILEUTON	0.118835618185689	0.404218861725927	0.329797734918623	0.683427205545063	0.441784364698471	-0.240641482544769	0.327606585770442
ITD-1	0.0874186959471837	-0.16889594829863	-0.315663817309713	0.0866246108672298	-1.91135881867997	-1.36089313523827	0.127376042247202
ALLICIN	0.100022907908132	-0.189062315419573	-0.0156790706864705	-0.219945489043717	0.302492393164976	0.0970513201080561	0.57070499368258
SERATRODAST	0.289983303912952	0.0389508339847816	-0.157083788352059	0.0319553399305997	-0.552598568620904	0.152463081293933	-0.1120075196119
RBC8	0.452338706096198	-0.51687224600136	0.0452047342414816	0.100727435491133	0.115465282747435	0.399203533543879	0.300804943282817
SODIUM-ASCORBATE	0.419861024673483	-1.49732546861707	0.568031794680305	-0.273445577406324	-0.588717951926487	0.182985037567748	-0.17531955792428
DQP-1105	-0.264438889581516	-0.571505567655324	0.0516296852302856	0.282262910636909	0.662206282731385	-0.375717805956023	0.274795673685223
AZAPROPAZONE	0.320049239208707	-0.389866135642971	-0.372013434749705	-0.226954585249309	0.891861781735437	0.100282900180321	0.344960453443258
OXF-BD-02	0.0865210463717161	-1.72353831219253	0.669543167558156	0.231070268754168	0.674706268973134	-1.57286456911117	-1.00118183058435
ANTIMONYL	-0.32866550063696	-0.679217990975827	-1.31317266394563	-5.32466451567454	-0.650944580340168	0.674943074547242	-0.420324564598256
NKY-80	0.437042652505682	0.288405719139682	0.0044915690944168	0.682721216931665	-0.365053566644372	0.126422982366154	0.568211422516798
CIM-0216	0.280774622727381	0.423388827357264	0.425377131234833	0.649660288800944	0.412430388644503	0.19020992483296	-0.509778216029288
D609	0.376300489868106	-0.468156978986761	0.294728900069737	-0.008779401198535	0.287519758592587	0.635172174147917	-0.379112030740846
CCG-1423	-0.100692199606309	0.288979720601596	0.303491807436893	-0.574943153257112	0.423511159603925	0.431369797476567	0.403801251948152
NISOLDIPINE	-0.280337138814154	-0.197338044262029	-0.0320760773192645	-0.36573265718492	-0.741152599379004	0.661990260686296	-0.800481986336973
SR-3677	-0.0816171478828936	-0.150662221393352	0.434037229616339	-0.498314103274416	0.0968659736766813	0.278636969278921	-0.210600209819095
3-MATIDA	-0.130954191589315	0.254281861265619	-0.160400628683857	-0.58261577524964	-0.407135229770838	0.0468928692058089	0.120683766957851
AVADOMIDE	-0.205235329625923	-0.440604612419295	0.312410104900733	-0.0264955917278547	0.547112820933469	-0.766654236707838	-0.0409008289663461
GPI-688	-0.0320011893920779	0.183774831608536	-0.296481716659736	-0.0305431931420322	-0.418309969273582	-0.0612925841312575	0.093338190602634
CACCINH-A01	0.155021891182516	-2.05363237578368	0.19060324024977	-0.253868631860412	-1.05590986758507	0.654249778629441	0.434831772668371
TROFOSFAMIDE	0.466755808852274	0.572947882057749	-0.253996121049407	-0.15190106720044	-0.501705326853737	0.029429498135867	-0.097384419724028
MANDELIC-ACID	-0.0094717185802521	-0.222418647928063	0.302926060260659	0.536946397979668	-0.80937389331102	0.505414149409025	0.209609487344991
ISO-1	0.052652981031024	-1.12507075070459	0.278290904758782	0.534039896903172	-0.189292960586157	-0.118374750257617	0.0477867411890209
CICLOPROFEN	0.485677575918638	-0.408455632181785	0.0410403335383515	0.710588479547064	0.675782097421201	0.0962071290479243	0.171555980303753
FUMAGILLIN	0.602531687306796	-1.79204082252539	-1.55500048037797	0.148339983188836	-1.99938310690394	0.314947859316783	-0.298109721677579
PF-05175157	-0.519581103238817	-0.517519056753053	-0.158959078129755	-1.24376073749277	-0.497480544372123	0.316883157633271	-0.0089192411075259
CASPOFUNGIN	0.126116430883367	0.21229973478319	0.221398780146547	0.193502248663204	-0.169566608314727	-0.505130609562188	-0.0747100343396128
SD-0006	-0.108952688225539	-0.36807439402378	-0.407571761111129	-0.455463659224664	-0.645101194982404	-1.18738276171479	-0.323049227416305
JNJ-38877618	0.737977845364651	0.568147098015701	0.201403963103958	-0.264202114791452	0.206285264520175	-0.818567979559238	-0.0017939238052309
GLPG1837	-0.305165570858575	-0.87207057759579	0.683664783560046	-1.10134808452127	1.02591481815586	-0.641493676637535	0.88778642900284
FN-1501	-4.63766813081457	-15.4956673761506	-5.9142871607353	-5.75971412608895	-7.34259465389177	0.0420300661379862	-6.97687841423982
PF-05180999	0.27691476962125	0.987857143382854	0.329746852508562	-0.106980263472338	1.23267187036848	0.673593245828424	-0.0541796122953455
IDF-11774	-0.135045234313465	-0.292607579638079	-0.611172316837798	-0.0861215183676168	0.277509076656918	-1.47714625849037	0.0308519675473417
PLX51107	0.190453930442784	-1.49579281263572	-0.464144143018141	-0.0063556238937262	-0.816934131522781	-2.0473628743443	-1.89703015191276
AZD7594	-0.498037478371065	-0.313532825564291	0.606602316794709	-0.628627914389293	0.599138734654654	-0.68823281918263	0.860446313358077
GDC-0927	-0.0407690825550767	-1.66310708706806	0.266532636127631	0.969275829861916	-1.35707041219525	0.188233732335354	0.148508851201572
INCB-057643	0.428448705187495	-2.20311257636733	-2.28459061400252	0.213071300682417	-1.33288984893295	-1.44474038241191	-2.79085460464972
DESISOBUTYRYL-CICLESONIDE	-0.111192869701562	-1.44170161047844	0.0068476045834569	0.251566198788244	-0.084050312038897	-1.77112147164163	-0.107196899961932
IACS-10759	-1.72081869362809	-2.24491145546605	-0.869997659347212	-0.732204071072259	-3.42705263471872	0.131384206177295	-0.707451394062872
AZD4573	-6.27318790582669	-6.08469488779259	-5.88078334459189	-8.74134629973422	-7.34976767626289	-7.28104728417825	-6.99172382662517
LXH254	-1.05808249758549	-2.46726295906942	-1.2543451140921	-2.46576641626921	0.384015694686463	-2.17094622382453	-2.83828267007215
ABBV-744	0.602948513084353	-3.89913985535975	-3.91592846561654	0.256122547155783	-2.61978961955083	-3.52937801344909	-3.71804908564128
AB-423	0.0159556553580112	0.410179586519975	0.0937691318992852	-0.972627120047614	0.0226084359938346	0.570003561226578	0.0117388617542043
BMS-986195	-0.669840741698056	-0.436683342678563	-0.145833809167607	-0.116110188502967	0.903300360143987	0.230562110876127	-0.305447612357804
BOS-172722	-0.684828624127808	-2.31486304736389	-1.1835930504186	-2.77630986866557	-2.22751060997067	-0.113761519282929	-2.88961612015631
GDC-0575	-3.18727105596159	-1.30517939960924	-4.05231735414827	-7.02400394720417	-7.00003330428314	-5.22188796488272	-7.70488662069779
O-304	0.0069411648108081	0.0667687624928476	-0.149566383511337	0.207581686632991	0.0218812682289011	0.63280662217864	-0.692603864124419
C188-9	-1.60265182325342	-2.16906002204877	-1.17612622698538	-0.829675450111563	-0.380311011956556	-0.655931876763864	-1.05868760543408
ETC-206	0.112395571191961	0.178494354294328	-0.289130140812362	0.0556854194988698	0.262634688168557	-0.151028560360438	0.0875693300444528
CC-90003	-0.5252313406912	-1.54171120523364	-2.14596169707347	-2.66482667542578	0.391331338070552	-3.28271281046145	-3.67091297358057
CEFTOBIPROLE	0.339755957226445	0.230237310709175	-0.444401112038776	-0.613256099863905	-0.0092679157066358	-1.37698888910765	0.0236408272133086
RETAGLIPTIN	-0.146234785604855	0.291974548298572	0.178246154506729	-0.37412401487969	0.535943994981479	0.300629336967076	0.0843566271196801
PRADEFOVIR	0.0394442719360472	-0.455919799677211	0.366429005924245	0.487530656514765	-0.285148219411802	0.332860402766396	0.138562386892616
BI-409306	0.533062008134358	0.0424770364772289	-0.0898104352306705	0.264601603004921	-0.393603981631992	0.495214643944908	0.209426496947653
GSK369796	-0.414797905586362	-1.48709057320747	-0.34096723334124	0.118398648806358	-0.630207175673358	-1.35143972112306	-0.10709228066853
PRINOMASTAT	0.0705210626329718	-0.730816973119327	-0.0307955341198543	0.0458488773269498	0.655710293735544	-0.13634749330447	-0.362283722879449
RESMETIROM	0.0023326167034692	0.792344512196268	0.0521051214183595	0.134786889547846	-0.0619046236210984	0.53977128930125	0.0062218219404451
TRODUSQUEMINE	-0.748028297959809	-1.34711897160815	-0.474264635719641	-1.20277572569718	-1.45169525795095	-0.26762970339124	-1.61852531423425
SULFATINIB	-0.395979552351533	-1.40332772923005	0.0879919014724237	-1.32119972886743	-2.32645945570651	-0.117181781406685	0.0446299127680336
G-749	-5.30933250965126	-4.94387794246653	-3.67948605609675	-2.41198650689491	-3.46093163508685	-0.506150784254165	-2.82455149786462
PIMODIVIR	-0.470547603848083	0.710765615089511	-0.321319106210498	0.049448043003469	0.476059942685167	0.885805643309349	0.316827942821156
BECLABUVIR	-0.440185017511314	-0.269594960857148	0.0273793366542025	0.0761189861863351	0.387080291050061	-0.150729805344074	0.185188579123275
CRENIGACESTAT	0.446164763566715	0.366305131436525	-0.720600922667259	-0.64018760831011	-0.284877384936025	-1.19974158716364	-0.78996553591803
EPETRABOROLE	-0.0927077208147588	0.0862740776585186	0.355093669650822	-0.487822008608247	-0.368644696415824	-0.851997781414789	-0.232172526493588
LY2510924	-0.227578495128081	0.182538528263105	0.25728730804816	-0.204187592794658	0.0731399305894721	-0.975117649387295	-0.760217433776449
LGD-6972	-0.277253425944385	0.0366114890638956	0.295211715294478	-0.708729905593212	0.598312866943308	-0.29515094448297	-0.237037150631469
VELPATASVIR	-0.270402018543691	-0.137103597028027	0.0557321284242676	-0.148011736829152	0.665567581202186	0.35918437774756	-0.219500281027935
DESLORELIN	0.0675873046755281	-0.613310337908772	-0.927820446398656	-0.221222132316107	-0.482099230263345	0.334480174555288	0.13661884088902
ALISPORIVIR	0.253302863712026	-0.939642490403307	-0.107789991652325	-0.25449801561448	-0.227302309532175	0.621029567231041	0.150907618675656
MITAPIVAT	0.154649400363336	0.304263192660671	0.254691067719718	0.38547320262405	0.455471175190801	0.556522886642763	-0.183264652765051
LOTAMILAST	0.0967663916465125	0.256028870430997	-0.246523493517974	-0.638712427423672	0.197934421978263	-1.13984561568114	-0.385525700419027
ASIVATREP	-0.312536930514055	-0.707135525089671	0.405228919297463	-0.945449658968691	0.293646824195075	-0.796843002225841	-0.1423133029637
ETRASIMOD	0.319111878310256	-1.43475330744248	0.456712427477456	0.263349769610509	-0.633469448143239	-0.760179801830917	0.153668458728077
HPGDS-IN-1	0.154258741785442	-0.290816012174621	0.202325482220205	-0.662180585060195	0.197278156713601	-0.703008694641971	-0.0314454894042086
VIXOTRIGINE	-0.590438146798888	0.728135517021322	0.280696008739096	0.12356359338203	0.298457990259303	-0.717132905291689	0.101659670633871
DASOTRALINE	-0.28166616174194	-0.507513590051082	-0.719576512741098	0.409172168043419	-0.41575854173092	-0.694743522821895	-0.672811261970274
BAY1217389	-0.927407055297419	-5.06043626713431	-1.25687211286056	-2.20949905305305	-2.6851073902712	-1.06169086614638	-2.94192711391244
ATUVECICLIB	-4.99228089519032	-7.14164093809335	-4.45408964950968	-5.42713677653238	-10.9926250377823	-0.619371177475443	-6.61152729345757
PF-05089771	-0.153352949793951	0.516416464460052	0.0860781919168382	-0.332562319725946	-0.760301637472295	-0.417122783753349	0.358586249195909
MIW-815	-0.0986564049997006	0.693448317316995	0.482552548818905	0.195430303959607	-0.0838893608266885	0.278165485919151	-0.626170866531968
S49076	0.0386969232204755	-0.594512425697335	0.0483271123135961	0.0701899445884027	0.0873468930691734	-1.46200162111584	0.841014928451011
BATEFENTEROL	0.013909735557167	-0.0510610997045412	-0.331290334484812	-0.241202361070048	0.492578837969118	-0.227404102955115	-0.230250981571996
RO-5028442	-0.254866847405527	0.38665935813269	-0.177738970172713	-0.0259790718248943	0.992653547358816	-0.0702647153098567	-0.358692918722253
SEGESTERONE-ACETATE	0.288793172417318	0.246147862133837	0.756319792027547	-0.329303386020281	0.896885520749886	-1.82002410104988	-0.0182879162941612
OLODANRIGAN	-0.126828818965525	-0.560113179900028	0.209295612393235	-0.0120029320029265	0.752418283197962	-0.555305729767656	0.395430559966564
AM211	0.315945021941553	-0.522923753612308	-0.0511286913968622	0.261049154568326	-0.144902723084886	-0.732263368812177	0.0133931003225597
IMISOPASEM-MANGANESE	-0.834698651144639	-0.158977504218783	-0.232769208694507	0.114195462504481	-0.795859904074734	0.571931658973327	-0.22038546604839
TAK-779	-0.120371713338459	-1.00400250467006	-0.54126044957899	-0.289402978221271	0.0125339423279995	0.20668842179831	0.324758424283515
ERIBULIN	-4.16949380653669	-6.16364326867627	-2.54622445008639	-5.18158453001	-9.30756477124365	-2.4036051025014	-5.67655201249188
DEBIO-0932	-1.89650145356577	-6.47221361087784	-4.02157694002629	-4.89573980256571	-4.02633131254202	-4.36523334502291	-4.57311052069598
ABARELIX	-0.643230482490042	0.590825349014093	0.809696072365332	-0.607864557293628	-0.24163735743015	-0.14293065834232	0.833424273591747
BANOXANTRONE	-1.820383843024	-3.77105096787732	-1.84797863088627	-4.00497655540852	-3.21754880180681	0.817164824453103	-3.18385129827262
BELOTECAN	-3.76835753494654	-10.570317623713	-4.80805073188826	-10.7666586880848	-10.7452669916272	-4.14801221634589	-8.80489094644093
BUSERELIN	-0.174655174621056	-0.527858720682442	-0.0649463784018978	-0.331048589480014	0.662251157172109	-0.0893561818489409	-1.06638463026832
CROLIBULIN	-3.72555270228031	-5.82543467283514	-1.67918889665669	-4.27705868653796	-5.67711314084201	-1.2527742179274	-3.25908113105517
OGLUFANIDE	-0.222867291674715	-0.683072356239804	-0.633583041000976	-0.0810800547198903	-1.44554152077728	-0.290112203496944	-0.0621871290345523
SARDOMOZIDE	-1.95454586724509	-1.58942034517521	-3.53244891182702	-3.57489569823933	-3.49357911651818	-2.64897387037088	-3.51929537105115
GSK189254	0.459916936991473	0.434265668558686	0.0397646443068149	0.0795359360535932	-0.294361967806656	0.662388127571142	0.389564173909975
MACITENTAN-N-BUTYL-ANALOGUE	-0.42931160657682	-0.455398479524805	-0.0146556835071607	0.462435419461777	0.587213050027482	-0.919326667902219	0.17122544269345
BMS-582949	0.0056319671285888	-0.67985800610596	-0.673170882171215	-0.267313818978859	0.608051235204697	-2.48073885394152	-0.315341831207143
RAD140	0.201258476720704	-0.491333139291673	-0.385620918092212	-0.150831825789875	-1.25291067240214	-0.516765174585422	-0.301971345599024
PAVINETANT	0.234709255801376	0.896440999504461	-0.0316647997478327	0.244584291965634	0.376301553134654	-0.952433315692181	-0.143171153478737
DWK-1339	-0.550512191676394	-0.946243290267014	0.371895201034443	-0.0846479069107685	-1.01579389729846	0.969634869497608	0.262497637326988
E7820	-1.55268868005151	-10.0103886164153	-2.20998457669061	-3.44153501995124	-5.07006419326104	-0.751517836943748	-8.91929173013386
SJG-136	-1.35092123621488	-1.36708996629754	-0.234331658500291	-0.263076090638397	0.487644087364954	0.472980792622993	-1.07413859753417
SOBLIDOTIN	-3.49951229795738	-8.60324281275709	-1.99000554493994	-5.17824842891596	-6.65891372768476	-0.464717808134531	-4.59673210102331
ROLAPITANT	0.221281781550424	0.245777659083298	0.166764359824773	-0.131273698503701	0.0154200015551049	-0.618794854854366	-0.237064468223158
KARENITECIN	0.279163324626928	0.794509025491496	-0.203336238875192	-0.635560822456834	0.164541919790728	-0.187406648303917	0.335608796327382
INDEGLITAZAR	-0.199071980153216	-0.375457009137937	0.0710396447734254	0.546419301344519	-1.31004749506014	1.033663498311	-0.742277474193842
LASMIDITAN	0.562991152780355	-0.898225226301445	0.0092931329568848	0.205037538488988	1.12479993436494	-0.232619531951695	0.489732334343283
VERUCERFONT	0.275427656215209	-0.763484211631055	0.0843856577671795	-0.778727207636477	1.31764580621091	0.565813655675561	0.621292306150978
CENICRIVIROC	-0.651970377662741	-0.0986469124592395	0.328557050277059	0.307438525983745	-0.55847644364847	-0.653322335201075	-0.208765685687794
GEMIGLIPTIN	0.0684369139614179	0.166273265772244	0.417292034450231	-0.04741006091619	-0.395945028588073	-0.0356606719489997	0.408510251663294
SUCCINOBUCOL	-0.148711811435668	0.428402455848459	-0.125169289716982	0.380890502780881	0.225857354998043	0.255681326512725	0.0818902561060441
OZENOXACIN	-0.0845768837035854	-0.472236104771095	-0.226013279073754	-0.111145307234566	-0.491190659662467	0.67109718187955	0.317411604239441
EMD534085	-2.48083211311122	-7.26058836619991	-1.0508408439853	-2.72292919637347	-2.6725452374967	-2.29920758181897	-1.89113747000146
SSR240612	0.503223187681048	-0.05605064573934	0.201739026697952	0.850343306308154	0.649231268955551	-0.210931806405529	0.298410002917905
GUADECITABINE	-1.09554383245466	-0.22357708336984	-1.49206243267837	-2.31993116406575	-2.0144567551875	-0.491326255694826	-2.29448454109207
CAPROMORELIN	0.134323279922453	0.377617715216852	0.461105545795515	0.353366202180837	0.292183250783021	0.343055592559918	0.655142355116064
BMS-911543	-0.208525482581485	-1.62969244554608	0.3128551964511	-0.439489405440088	-0.437664449496045	-0.517152511338269	0.0230037472094465
MK-0557	-0.415661952209486	-1.0411284867039	-0.800599165596436	-0.265297952729288	-0.516481885781963	-0.474069460415974	-0.166709019851112
FOSTEMSAVIR	-0.601023356985968	0.0246943202838131	-0.311121080100221	0.151366139453259	-0.449823780137909	0.588194736274508	-0.59300378795674
PSI-697	0.135427344690085	-0.336433291214294	0.466813652754117	-0.123671941328494	0.726068085412894	-0.294696801284099	-0.146599596087041
MK-7622	-0.0927894204217664	0.278725429038693	0.445661805152201	-0.741317855177124	-1.01666230460972	-0.462399924042222	0.126176902977083
LY2795050	-0.0331885199832867	0.314378710154159	0.323592524103725	-0.0662772349327538	1.15391584043231	-0.894004334285778	0.220258139009358
ONO-4059	-0.0288629596192894	0.0145246424222286	0.131621478525983	-0.173490908098995	0.28990273971497	-1.19707194807396	0.290466530929851
REVEFENACIN	0.228856285940593	-0.291814490239889	-0.309879506842392	-0.214608210681985	0.270948643956995	-0.129814204050462	0.242200688161688
MK-7246	0.288075996690185	-0.335455700286685	0.0499813597892618	0.359523527263208	0.579539531971148	-1.46315683712302	0.0970826627398892
TENAPANOR	-0.338475940613543	-0.288921763341929	0.647324986387527	0.169116003708072	0.0207512201205435	0.236282560654491	0.025998076615429
CITARINOSTAT	-0.122532119318121	-0.664661386553775	0.0539206389195761	-0.487049685996007	0.0362299815959968	0.570664844872034	-0.404296656058388
BMS-214662	-5.01860079197682	-13.6325748875799	-5.01778444061688	-8.08261372091864	-9.01103687392786	-14.3034813342501	-7.15204947665762
CELGOSIVIR	0.213139280349176	-0.146963524203893	-0.0236733993416736	-0.424699266870623	0.307287525549294	0.152376444491345	0.131128338641819
D-3263	-0.793783451100575	-1.0893441001626	-0.0791213710212588	-0.598343076504939	0.602190956537956	-0.736792611345183	-0.982596309493306
EMIGLITATE	0.0389285353290945	0.553337483802223	0.184796763870787	-0.237089940484255	-0.418882152718783	-0.249349593250326	-0.263743641358823
ETHYNYLCYTIDINE	-2.62589791296655	-6.1499950492798	-4.0040870196576	-7.68464000710704	-4.56446962206973	-2.59385398341599	-11.4336288582217
IMIRESTAT	-0.0685359252173052	0.421529808452014	0.487218730840895	-0.31490782249656	0.248336780242353	-0.25820494595052	0.336196267600592
JI-101	-0.112869151856062	0.0873367174482242	0.0727345922060377	0.27112085184297	-1.19814263768709	-0.0320961027905647	0.154229934007879
OSILODROSTAT	-0.290107702510985	0.985162309719749	0.713036889274747	-0.0944785278953096	0.733978425561524	0.281013969613902	-0.183829574545582
LURBINECTEDIN	-3.67966604881362	-5.775770873442	-3.42477290975942	-6.87281734249662	-8.50092453408196	-6.82275737019383	-5.36740179701388
OMTRIPTOLIDE	-6.42607259132381	-2.27428976237598	-2.74642218468783	-6.51218553882132	-3.86441044025863	-6.71319102535458	-6.64991563517859
PCI-27483	0.193724771627634	-0.732634348051975	0.314820974550265	-0.441658207169433	0.0098081473194033	-0.677131381792978	0.558821572446448
SAPACITABINE	-2.66680919862019	-9.02512434919874	-1.96655503157118	-4.03914600774783	-4.44364936051075	-1.33096322911666	-4.51140241520452
SQUALAMINE	-0.583368425442328	0.233674839687417	-0.297709959810953	-1.05703239712505	-0.203158282598954	0.330896850695199	0.0138794696154521
RELUGOLIX	-0.408788905948158	0.646503867580265	-0.256283374234471	0.114939215454804	-0.137332485243073	0.598729049178724	0.299774416990102
TRANSCROCETINATE	-0.212437179569248	0.164625654366851	0.050335004574445	-0.0963438033213201	-0.20300326155366	0.221605499714039	0.134511648228907
UPAMOSTAT	-1.28734178676661	-2.58350549049918	-0.863446673948638	-0.442495254647253	-1.80820157967695	-1.284293782684	-0.883514322634313
ACUMAPIMOD	-0.372754127226034	-0.538421150440228	0.0804448775901733	-0.459376801901663	0.0494733020521737	-0.678490286879891	0.402165117952089
BASMISANIL	0.109988065487401	-0.191802636894531	-0.169208648970254	-0.645372481713649	-0.537634754982788	-0.969425272531878	0.185730610702693
TRADIPITANT	-2.91830783259563	-8.05259839038587	-2.85143820252785	-4.33138445280106	-4.39778931916254	-0.71180289325215	-4.51182852332486
AMISELIMOD	-11.0069268928223	-7.11562612197978	-5.45335269316242	-8.1610423328826	-7.60031805126046	-6.47168644041358	-7.71758968393999
AVORALSTAT	0.130429240985029	0.0104747890548479	-0.0128715885608722	-0.103939735685186	-1.21509040199098	-0.794296817238694	-0.383978610787482
ELECLAZINE	-0.116640566131187	-0.207427132286988	0.441368600258056	-0.278054905387877	-0.405870608534483	-0.37327021844594	0.218936563111653
EMERAMIDE	0.0398562950822072	0.613428706553087	-0.0571695325867614	-0.115837259493702	0.633749533205944	0.912901477061314	0.4527908045402
RALINEPAG	-0.485508100802881	-0.3748745942528	0.164261114084841	-0.408246127031866	-0.475011322342605	-0.303797824588738	-0.479891201580795
SELETALISIB	-0.567140762304664	-0.273327901863914	-0.921976045546251	-0.472132328065902	1.0847783258755	-0.506886920899953	-0.16754035687968
VERUBECESTAT	0.305603614630035	0.927376333077843	-0.10236244491815	-0.059706533898064	-0.0440860793764909	-0.9198611069678	0.26876010068738
ASAPIPRANT	-0.288015936243688	-0.787611027632848	0.185303901658959	0.0465998752358568	0.48976347528844	0.130948281714607	-0.336882727309217
DORAVIRINE	0.377302827709562	0.55967507947883	0.0011787718546577	-0.515941700856262	-0.398274058167036	0.330314248309555	0.27810457157035
FEVIPIPRANT	-0.0470658118523498	-0.428441154542728	-0.102960129177799	0.0841144104160951	-0.138413440514871	-1.2152338957792	-0.0871751729003002
VALBENAZINE	-0.109912477642811	0.0299735007683205	0.18627325910504	-0.100793584395485	-0.353205020062263	-0.102120648589741	-0.400462887448164
VERICIGUAT	-0.0546773726231704	-0.686002513428517	0.18804056045657	-0.173615492394465	0.11719246863585	0.261267399621403	0.0088134704130443
VELEDIMEX	-0.682207098611896	-0.105038514481295	-0.106330401394947	0.297089689947616	0.0443325330390847	-0.0624981753023883	0.0580167505550445
FIRSOCOSTAT	-3.59826198478702	-7.37532985094781	-1.63168603389007	-5.21961168971527	-4.77360735751434	1.03931974361299	-2.65009595737032
MAVATREP	-1.71824488153441	-2.40918136561131	0.0061943122475027	-0.587734989011299	-1.1043408082199	-0.401807218798106	-0.45783861872184
SITRAVATINIB	-0.236061629930113	-0.404817767642066	-0.311871767607632	-0.513863674699166	-2.04335163841445	-1.71373928708568	0.180979027963087
FLURALANER	-0.257639570183495	-0.378621833304285	-0.333612834752913	-0.480362230723967	0.18001444800993	1.28699585541852	-0.0211841522017307
ERAVACYCLINE	-0.893868386547208	-1.80780329375371	-3.09439262375282	-1.46493671875979	-1.87163465643766	-1.59492731160838	-2.35021359602121
SANCYCLINE	0.290161247302645	-0.375451419209804	0.0216493552029052	-0.134836376094819	-0.525904130066372	-0.292107155513762	-0.728275919081584
PANTOPRAZOLE	0.217618064292644	0.659398011047962	0.239608458250561	-0.0833569482349505	0.972903538339382	-0.515727818957489	0.171776110192969
AMCASERTIB	-0.343562956031618	-1.74659367411239	0.0789316523009948	-0.0978278516572193	-0.24420858133173	-1.57762125429133	-0.127146239173539
BELIZATINIB	-0.0825240730948206	-0.27896480967341	0.0486160901544749	-0.578642621137636	0.0720727477978888	-0.84794528743461	-1.10294438281567
BEXAGLIFLOZIN	-0.0966232163486745	-0.470439552558464	-0.489974449410873	-0.0816365248243623	-0.55579568931788	-0.649763551011575	0.140241416784905
BICTEGRAVIR	-0.337038029571265	0.269463507908304	-0.519130153807515	0.375734803328642	0.739459203062925	1.4044932733175	0.649348055244063
CENERIMOD	0.304292250357546	-0.875231587865681	0.130690989280432	-0.0697355104762618	-0.498219347037712	-0.605281494749628	-0.13542288915503
CENOBAMATE	-0.0636729486360077	-0.656157968217244	-0.65005483074952	0.418651965411304	-0.532829678764024	-0.739093817497603	-0.124174512360186
EVOCALCET	0.256860292262408	-0.324948692950658	-0.303623343632023	0.118605925092733	-0.202520962646928	0.300890607939766	0.416505483541105
PEMAFIBRATE	0.307528957849219	-0.779706657004779	0.0165344485851854	-0.233051223626151	-0.322207229523113	0.72716683019501	0.227234685455993
SACUBITRILAT	-0.353171818087003	-0.708601255512792	-0.382461937032795	-0.117518156844203	0.421361024223244	-0.330949982684569	-0.560133971253237
SPARSENTAN	0.256892655571623	-0.985368604957425	-0.156695115664691	-0.0177788905760461	0.681990068661723	-0.668409055828103	0.2386314533101
TAVILERMIDE	-0.196388123240932	-0.629893403007217	0.119846407459898	-0.173382057087767	0.516848766062702	-0.460052376348191	0.0978895220870081
ACEBILUSTAT	0.381377978104356	-1.98318942027896	-0.828779798344796	0.394854812492175	0.983707817268711	0.0228077994341009	0.366193400085994
AVACOPAN	0.155207753683151	-0.485982831357367	-0.0946718234063491	0.276435378030617	-0.16027234361713	0.347903761293551	-0.0759701659341392
CEFIDEROCOL	-0.350751239426909	-0.239223653290611	0.272425592810342	-0.261005791089878	0.237536353640075	-0.0379952314444357	-0.28490556524358
EDASALONEXENT	0.531669484093858	-0.507315606283785	0.0301789161235786	0.0620018475525318	-0.0475503320084049	-0.668370044744677	0.0005298633947864
EDONERPIC-MALEATE	-0.25000982804422	-0.324926190360781	-0.177298596693534	0.400444132297078	-0.417365353011342	0.454121065306915	-0.19479772408897
GLECAPREVIR	-0.0035997611691852	0.484386648583205	0.354799029924772	-0.612207225857994	0.621685144073138	-0.746158820248562	-0.644412998116815
LENIOLISIB	-0.345229889088563	-1.21479879137655	0.301917518225472	0.178315438025457	-0.203128314918479	1.82505177059765	0.179738965043
NICODICOSAPENT	-0.322929514860689	-0.666162976624834	0.0547140893514372	0.358106976083871	-0.891644860674503	-0.498590768483958	0.662406091599974
TENALISIB	-0.065442418006518	-0.947668785447438	-0.0757100442166477	0.0865546236835489	0.314189241799566	-1.57377080442083	0.295440363142447
ZOLIFLODACIN	-0.0829784418485243	0.0653998185496771	0.124352082649866	-0.411376420214508	0.494685640461856	0.031892597072492	0.100376388372665
OMAPATRILAT	0.189651708332297	0.753829739361874	0.739467845695781	0.0938665663220701	1.23483846639686	-0.278408926456891	0.524639138599249
UDENAFIL	-0.165373762593451	0.700521387990969	-0.0930465848578249	0.0880893223152767	-0.681897781137553	0.303205865771104	0.725858692021784
OMBRABULIN	-4.11909680564963	-4.90377399609145	-2.66404916351879	-4.77689086865595	-5.09414937241982	-0.924076827091185	-3.1645578794627
LEQ506	0.249124330608845	0.208312540077654	-0.44655862105879	0.262899718339741	0.447909226454413	-0.191304946075574	-0.084859521799924
GALIDESIVIR	-0.491959383866507	0.292145366999027	-0.143332838747124	0.0518113697222692	0.692966989969971	-0.467150893703293	0.166904370757025
JD-5037	-1.89550686172177	-12.1868878807167	-2.72465799741141	-5.53342896750284	-8.29265834071267	-1.45643543140339	-7.13747219007808
DEXTROROTATION-NIMORAZOLE-PHOSPHATE-ESTER	-0.0183161225303493	0.988205951441582	0.322026850120705	-0.517621569833884	-1.0313437532658	0.482650157777889	0.496074254526026
CBL0137	-4.22541266368662	-7.86708758610163	-6.2741056401449	-7.12657130726352	-7.63743165425268	-7.68296624817172	-9.31406808916824
SELONSERTIB	-1.3216160323927	-1.95583944745631	-0.333506594813737	-0.704666567676701	-1.13997122080129	-1.52378199574616	-0.861788509787996
LIFIRAFENIB	-0.961915615478078	-0.902755202108806	-0.581977235684275	-1.58163090636581	-0.692947520014726	-1.70843143300274	-1.49702076107637
CCT245737	-3.28231888120043	-0.538866263835263	-1.79380006355142	-3.08320206344923	-2.92329193049211	-2.56661049943074	-1.44723428782262
VATINOXAN	-0.366655692018876	0.313201605892252	-0.300278942932804	0.173195704039042	-0.205600830649383	0.141258425333496	-0.367891258186962
TCV-309	0.392209108158795	-0.553744039015555	-0.0548909584247339	0.0013319746291026	0.784329245208556	0.038755310000979	-0.381567374716244
PF-06282999	-0.193126109414586	-0.0421661790841453	0.132889394837917	-0.728164702328663	0.412699413000611	-0.72641895390593	-0.334858391246467
PIM-447	-2.41371066434865	-8.40663859541568	-2.3375532793329	-6.21658206206962	-6.31695851713327	-3.33247190234778	-4.30039360911655
FERROQUINE	0.0787218790472878	-0.382806008269736	-0.156005079799301	0.257518150490836	-1.05693877481099	-1.9102487680112	0.262058351737702
ESONARIMOD	0.332835496767858	0.723726470445762	0.355245407963132	0.132909988072831	-0.485657961309092	-0.232296016910384	0.0401728822000637
ROLUPERIDONE	-0.200932094588313	0.0296931008079318	0.396060731629173	-0.125272738150286	-0.27908776504828	1.01256497918694	0.386462649319515
SELADELPAR	0.0361511065650212	-0.596493250962731	0.0110283872636258	0.243163692920033	-0.0077583520285045	0.673203302889486	0.229649163179837
NEMIRALISIB	-0.490974715346765	-0.727601524724007	-0.344164486491299	0.0539817313897393	-0.0412627305616263	0.447206593186093	-0.194671523922695
UPADACITINIB	0.772891551592982	-0.352362441064718	0.123597144376785	0.614810197195336	1.06004147191983	-0.514897093775544	0.0689926525661001
FEZOLINETANT	0.316935288002803	-0.588440090071827	-0.433923135630188	0.144299854539678	0.769181336602268	0.0758591565507495	-0.27753434979679
GLESATINIB	-0.456410623771602	-1.08366442085619	-0.284343442260752	0.379980979470392	-2.77722893336552	-0.729256684910039	-0.212213429057127
TECADENOSON	0.133457757153935	0.0058820540275789	0.0922519274855668	-0.348396640302741	-0.0865740584645161	0.237639527451635	0.106643490749363
EMIXUSTAT	-0.225563961055153	-0.233113176434338	0.449831783471023	-0.375661451258574	-0.181908499160671	-0.65672202153332	0.334981732331753
BEBT-908	-6.69612439087042	-8.53841642964153	-5.57222601309628	-14.5769249980366	-7.98615764270783	-14.0815005940853	-8.56280526575722
GSK2981278	-0.456045716440368	-0.184389237068304	0.0463750407230802	0.349996730208593	0.189750238229388	-0.801915748229953	-0.0048880078454849
MERTANSINE	-5.38703565587829	-11.3303287696365	-2.28486471906513	-4.53855353256383	-6.06063664382302	-1.97012314588537	-5.5646315050829
AVITINIB	-2.78383163748298	-7.06239270584073	-2.54103516781355	-2.7600689171011	-14.640839621724	-2.90371326654164	-5.79783779023087
ELACESTRANT	-3.89702384109137	-7.68393821451929	-4.73186566387177	-4.42171623452206	-3.00475594178841	-10.3607574401073	-3.19001440620745
PF-06650833	-0.100429670842449	-0.429692073169018	0.378994115229106	0.0723213707978693	0.227185898856269	0.797571463702252	0.0037497083661635
AZD5069	-0.0538609766221294	-0.318085460666965	0.0163696413587007	0.048491498290153	0.125799873017861	-2.16819161366665	0.173858677884078
SETMELANOTIDE	1.14501071961642	-0.720390082190985	0.339714895296762	-0.604444922510586	0.109749345804101	0.560036709714045	0.207272850979438
F-16915	0.202012277848099	-1.12507143897764	0.844664430772239	-0.103167846585131	-0.244903582346226	-0.475387686907043	-0.966519665614456
LTX-315	0.518893675742067	0.936539523260084	0.276655381424163	-0.0030527480949537	0.648971696765181	-0.434026424713642	-0.168269103443213
ASP-9521	0.265949325578657	-0.0920611163961835	0.135956927756921	-0.0835871405033178	-0.822152017165651	0.642341513329157	-0.295186750466082
ADOMEGLIVANT	-0.557652944150466	-1.19113427914212	-0.429539638208825	-0.445169204242814	0.238206933014257	-0.91089817935157	-0.531940917094916
ACOZIBOROLE	0.207770566334491	0.452112714030798	-0.496061151738805	-0.508215863701731	0.715187543464257	0.45694000615289	0.531603663717922
MK-1064	0.0723965546642148	-0.0519543886712282	-0.426842954720306	-0.161074429499615	-1.20464006789495	-0.085054336208735	-0.258618217014092
BMS-779788	-0.451089108766002	-1.60482625901632	0.065803188974197	-0.306734652290562	0.105703052549	-0.288023797310696	0.146864177778219
VABORBACTAM	0.0047458348183624	0.682681110534949	0.0169024692089149	-0.151666598085214	0.375511375596744	-0.371354229403314	0.23005579329057
COH29	-1.03095458549907	-4.09947150519551	-0.669783982150943	-2.63770416926394	-3.04508645944535	0.0530272107656964	-3.19541357611779
TD139	-0.0323866442940446	0.67188209266572	-0.274033285923682	0.263619092584473	-1.10775224095323	-0.796578131013001	0.0721850945637479
GDC-0084	-1.19758275985774	-3.29817337560778	-3.50917319097383	-1.18338801650581	-3.78499352798931	-2.57434210147387	-3.449253643041
DERAZANTINIB	-0.80252035121894	-2.09755273488633	-0.220262966350132	-0.0304209411202833	-0.346310281584196	-0.47636498418204	0.0800158014143541
PF-06459988	-0.117196245734055	-3.14521196101013	-0.940560786659612	-0.214611755444842	-1.26614949960744	0.0469192319286751	-2.02465796025102
SULTOPRIDE	0.4680420368953	0.606972418500342	-0.380310768194959	0.189636415208486	0.467702611344239	-0.112628090025164	0.576767325389174
TRABECTEDIN	-7.80493711479935	-15.6175859422269	-6.24672035706809	-9.10102338650675	-6.11123889795145	-8.29352708246732	-15.2142257647405
FURAGIN	-0.215996741420483	-0.352505984853655	-0.182683718447482	-0.330179982180377	0.173678443239365	1.06162869483391	0.148571109017476
NELOCIGUAT	0.342912173690309	-0.213380638736031	0.0700157824977072	-0.346310056532886	0.0739558974532178	0.460711577656323	0.199383936745569
ELDECALCITOL	-1.98057344540268	-4.68652747792874	-2.34002125316108	-4.97054628083875	-2.71261183991714	-0.562424483240265	-3.12396555693597
PIPOFEZINE	0.06258011019298	-0.43106642911726	-0.295938545481931	-0.126298175248207	-0.324638525771754	0.0505126618592944	0.0631481414057465
DECLOXIZINE	-0.0199517524111881	-0.671438395756423	-0.130236771263742	0.42416625194462	-0.356179661246481	1.13678552009007	0.822140385502527
FELYPRESSIN	0.140084517360387	0.107608296502812	-0.0147190933064458	-0.443578939875899	-1.1297643898514	-0.0906615670383822	0.139740218315088
CERULETIDE	0.110450701535511	0.625868442296557	0.161453844300939	-0.391510866830075	0.437032210475121	-0.719756507724288	0.326136446249247
DALFOPRISTIN	-0.246643227450457	0.551910230878615	0.0238914448565858	-0.119660210655605	0.226489384830146	0.353003001550896	0.338530330002598
SUGAMMADEX	0.0207310862320953	0.614755280044872	-0.297413764675211	-0.0564339025265061	0.736276387162422	-0.597995732941887	0.0838067098346353
TOPILUTAMIDE	0.0648791184329129	0.171925679237124	-0.0437171808416266	0.0409660175290654	-0.337500308102023	-0.601211296642663	-0.861895155176749
GINSENOSIDE-RE	-0.395461205136758	-0.0608010130357484	0.236868563954506	-0.0595938821449276	-0.243595546380473	-0.968980408193731	0.501746337331675
HYDROXYSAFFLOR-YELLOW-A	-0.156552718063623	-1.24666886897983	0.0878342042000977	0.160804778634396	0.129762217295157	-0.316258403457048	0.182834425319587
MADECASSOSIDE	0.0423345257298415	-0.129231590730343	-0.0453198320469574	0.213366400510074	0.0859140685312634	0.418446618662748	-0.198447550319984
INGENOL	0.210840551918306	0.0270241332330229	-0.120950448236403	-0.222117902464895	0.351531104641458	0.192677241417591	-0.641017430105333
AFAMELANOTIDE	-0.299677216549037	-0.70458642413718	0.466965984370271	-0.0997918522237177	0.290464793021024	-0.570948504218676	0.398521709423233
NIM811	0.0196223675875612	-1.19111539632664	-0.441876326145746	-0.162172061905816	-0.979678574595691	-0.41766748268172	-0.660626833715474
ARGIRELINE	0.145166607679208	0.35620938321834	0.274211896197557	0.125379084431156	-0.520875547469408	-0.338178256215926	0.268498893202722
ORNIPRESSIN	-2.97208741736763	-4.93369816619515	-2.63684365478634	-5.08226198428449	-5.70290269534157	-2.97390222129897	-4.67615113065822
SINCALIDE	0.336401124268453	0.343072966212086	0.327999410056946	-0.013886450533439	0.158944121024273	0.0532606083577926	0.302856536238148
IRGD-PEPTIDE	-0.234462519877758	0.816448039451943	0.307284533040728	-0.289430849460249	0.529829894253822	0.758401703286332	-0.274607255699117
TUFTSIN	-0.0409521717790369	0.518704027355363	0.0270989540771414	-0.179382896392352	0.449023681088561	0.618406821340487	0.437313072475078
ALX-40-4C	-0.45994458524645	0.163060691541037	-0.578462589542485	0.334607549008426	0.511598162389247	0.0836087595962118	0.234092677796441
TRIAMCINOLONE-HEXACETONIDE	0.104521796081977	0.25750444347082	0.0864924888362884	-0.26142281984092	0.0068773668311334	-0.671237090111895	-0.354640719528134
DIXYRAZINE	-0.388604709436379	-0.988596470440838	-0.235618350469187	0.549001965872466	-0.917170523756795	1.0556094295836	-0.0755337050467958
JPH203	-0.255513076601611	-0.195325623245323	-1.10509130998738	0.161364332231178	0.52659067387752	-0.372653249028311	0.0054427962369937
KETOHEXOKINASE-INHIBITOR-1	0.0311656212573809	0.841127014151185	-0.0185104282705624	-0.0866197056464864	-0.323780208094024	1.11159251536231	0.201578810137775
ATICAPRANT	0.506678474816281	0.613935014535751	-0.20814779331048	0.406082944830321	1.2353950716352	0.457186192940688	0.0368688775244594
VLX1570	-13.2411876175435	-8.78922108394616	-10.0695895162714	-8.6047777630891	-15.9216861905729	-10.4771481128109	-10.2448147835999
INCYCLINIDE	-0.66619786703667	-2.44364284405259	-0.769824595210835	-0.989239100380398	-1.31984758115687	-0.801285928928548	-0.601272882875023
MINOCYCLINE	-0.254716807614398	-0.502953567459434	-0.25362189917879	0.074276529948901	0.841324283613971	-0.903082269950393	-0.137709888811286
DEMECLOCYCLINE	0.248430431620499	0.452210252753178	-0.369343330136728	-0.0508808155502656	0.313623174058952	-1.1206040262074	0.433954779080961
COTI-2	-0.0149609260930571	-0.708917283276327	-0.0427383034096973	-0.019040587840752	-1.2802239957767	0.827047183801897	0.0132294779756859
TIGECYCLINE	-0.458392891796903	-0.719156926177227	0.0373254819689554	-0.0258553742987081	-0.493459729950576	-0.443827226775108	0.34155921901486
METHACYCLINE	0.247894743096416	-0.570916737922659	-0.0419772575967823	0.151410534490559	0.0612443555365432	0.101751670162265	0.0782545437690405
TETRACYCLINE	-0.363151417519315	0.318586625111963	-0.328201387353901	0.0556505490574585	0.684528812188776	0.438924747896056	-0.37458213585112
CHLORTETRACYCLINE	-0.331024257207234	-0.61230074840986	0.0130566096624682	0.519556617063899	0.435300762690928	-0.404008007369856	-0.159298023053143
CINOBUFOTALIN	-4.3262855523224	-7.3582973484751	-5.99003426207542	-9.04314846144199	-16.9510460165514	-4.59471794136009	-8.26088078116072
FUCOXANTHIN	-0.0521228209859728	0.747146664765599	-0.253830320046439	0.146400928267658	0.689477322980986	0.158468241440722	-0.059213634203673
MIVEBRESIB	0.334718143026375	-3.6399736240395	-2.48772510800964	-0.893560554238709	-9.83825096395196	-1.66886016922585	-3.61114980595074
BAY1125976	-0.669151418163275	0.289019378032955	-0.561945575590774	-0.410177468616875	-0.104647824889805	-1.15318502132218	0.318027777823496
ROGARATINIB	-0.179600612261688	-0.538083981047854	-0.144536947534867	-0.298157352607829	-1.52400524487385	0.171649554176143	-1.09143196256253
BAY-1436032	0.0804781515713003	-0.247932313504998	-0.0295749065568349	0.378419098851557	0.132861443540842	0.163574756485713	-0.571558879554664
CPI-1205	0.443737717537332	0.0344984567283969	-0.0324249735022675	0.3813138419646	0.700718257842129	0.518094012699093	-0.235039666916459
TOMIVOSERTIB	-0.209647295898105	0.345697247564833	0.12934077107073	-0.791283315355776	-0.384491725157166	0.0041318171970635	-0.549121140546273
MITOQUINONE	-1.43593241298261	-4.01752860651886	-3.31302437031951	-3.11036807799557	-3.97357723902371	-2.84516595198536	-5.29172438546644
DELPAZOLID	-0.511418217440231	-0.135772813423868	-0.587802281475296	-0.151672513237434	0.241748287874395	-0.942202779563962	-0.0695471643225053
GSK2239633A	0.155535372258911	0.683997732958494	0.0609100761848912	0.130326214580801	-0.21891850431968	0.354294423591781	0.18854467712174
AQ-13	-0.0148554762529229	-0.116593678520493	0.177919914811651	0.15407128772564	-0.182717031392447	-0.389236322261632	-0.354802532091182
LINAPRAZAN	0.133654726787233	0.0293718281590545	0.635049168654479	0.0981821001024826	-0.274490344077402	-0.0940961652902376	0.225382481098214
UKI-1	-0.554422214407016	-0.0925812706299623	-0.124415403618971	-0.184563176531282	0.554839913628637	-0.0229471010039181	-0.0302044007081853
BFH772	-0.606159104758759	-0.255461575194615	-0.633131278942748	-0.454408309772765	-1.52676308364638	0.172950449059707	-0.421142789672334
ELTANEXOR	-2.80611623330318	-1.9555928809935	-4.89079201393857	-2.97675487087945	-5.49824896624011	-3.29341500293835	-5.82007961109947
CADAZOLID	-0.845570701271209	-0.105315530800805	-0.617953007506396	0.31747917644032	0.429978568503341	0.121751909141425	-0.155700705691196
PAQUINIMOD	0.452414123511542	-0.343687769980634	0.0379696690352728	-0.387969403416919	0.808840653786756	-0.225145855354853	0.248833497220738
CGP-25454A	-0.169068697998011	0.911948431921742	-0.679101533507159	-0.460912064897626	-0.388508382021214	-0.244376312134131	-0.16368897360902
GSK3179106	-0.0445181852305927	-0.468807973991152	-0.276195966608215	-0.619407076694938	-0.421938588190695	-0.207494974513164	0.370186978335693
ESAXERENONE	0.0586313061786463	-0.146002528184681	0.0725721751179484	0.0923310286299599	0.357467087615267	0.896888343579548	-0.51542032074131
VISOMITIN	-2.97826853690038	-9.85678494430028	-3.45936930367788	-10.1818954850887	-5.5694765722689	-4.87437279699891	-5.24895793561557
TAK-243	-10.1454315241095	-8.16973372598906	-6.15950993146096	-6.5739542324694	-11.2077770586507	-3.65538390817012	-7.33761582112668
FISOGATINIB	-0.715539600683463	-0.170881328591309	0.11441483196083	0.375758669733096	0.8438072128007	0.0712215946871663	0.164218161220778
FT011	-0.245665135267897	-0.0834181704666798	0.111572009260737	-0.61290888691051	1.00577371020332	-0.762912315244618	-0.509829864218944
GSK2256098	0.0854848287653001	-1.1346310905759	-0.410091495714536	-0.484517589533447	-0.148176704641896	-0.0586052918802842	-1.33883072769514
GLPG0187	-0.0876403480507637	-0.0435512248126079	-0.0865469037907477	-0.307795808339835	-0.0245465790483195	-0.157029959789727	-0.163659021359531
MSDC-0160	0.541127733125028	0.810293767087274	-0.60204194599516	-0.592877944657849	0.0221280224326781	-0.592036002310493	0.0957992382182759
NICAINOPROL	-0.0294348265751736	0.0662296571827249	-0.0379210834121552	-0.0270213920436172	-0.700948830187165	0.328740691624519	0.418773449578831
UROLITHIN-A	0.413980690358007	0.110865253023672	-0.0891957400660965	-0.36444143065335	1.10658314975506	0.369489710657902	-0.0366871858880546
FOSFLUCONAZOLE	-0.417886477204252	0.177532197199289	-0.329317592484931	-0.326448016931508	0.237036566329874	-1.45950840222504	0.223410651006972
IPI549	0.218854390914684	-1.00072338519733	-1.10455940297497	-0.575019383853886	0.396291235836437	-0.256773950602046	-0.772093241534213
HT-2157	0.108808076658226	-1.55501738853156	-0.261762831083181	0.523466693675488	-0.497041761825487	-0.141770544159868	0.192441178854377
LANABECESTAT	-0.176061590827938	0.69365806171022	0.145208542753342	0.124514944820539	-0.464952490737195	0.428989531572702	-0.0697014487810514
CXD101	0.382999435956251	-4.5283314405012	-1.66351587389835	-1.76643263363769	-3.52993396325266	-1.04085729426869	-1.25037061180073
HTHQ	-0.167798218703774	-0.494134068313344	-0.314568146702846	1.01314339552747	0.0631676602451923	0.281580120761232	0.0991464953865683
YL0919	0.386065876099777	-0.685854621749919	0.096408524543124	-0.031738657452605	0.0128520873449691	-1.30769786853479	0.292625442216807
PBI-4050	0.421630725728397	0.0674429789577357	0.451810321885237	0.201646417102445	0.723584279795312	0.207485988465657	0.477250673846416
FUTIBATINIB	-0.391918654334315	-1.00254147819799	0.0190582302104199	-0.224734090724077	-0.430444683727351	0.891558708820736	0.0343244037451299
BGP-15	0.307622849815165	-0.0270377003957562	-0.843172021190795	-0.0307620182556605	0.354900381932631	0.504706904598921	0.197901792896694
ABX464	0.131328906296262	0.147581906498014	-0.274215087750524	-0.484962523255969	-0.58286461846111	-1.6164572106801	-0.647960009904846
BISANTRENE	0.171065785137349	-0.434316928363917	0.096685654506594	0.366427497636227	-0.433944696101738	-0.30986999268469	0.0593114423545073
CEP-40783	-1.32896469302194	-5.90923104605834	-1.68465503918519	-5.91485149477998	-3.55857403714193	-1.26818699380958	-5.22845815440733
MK-8617	0.226585470939201	0.135259231280449	0.282132600461737	0.0046065291969662	0.422732083078445	-0.0223894848056134	-0.298865306746884
AZD7986	0.84780310359373	-1.27160130888116	0.426277406810294	-0.0613901120768408	-0.646194589713505	-0.491975923313834	0.301967612330671
OCAPERIDONE	-0.0898317781151847	-1.25075825404993	-0.294665148423747	0.079667419609037	0.0231180261028891	-0.377748419490409	-0.301978738919726
PF-06840003	-0.403487862853256	-0.192960543673137	-0.145730306059687	0.235664100222673	0.0972309612967103	-1.01215210925238	0.320612307664987
THK5351	0.157830206310843	-0.319999373127097	-0.24554705307514	-0.364473334690907	0.411058044412341	-0.326846656295072	0.267020476626387
T-807	-0.280338187664888	-1.81212287565477	-0.474768008271056	-0.0171859742087818	0.30240218665091	-0.265141749764008	-0.545137159649999
JNJ-39758979	0.133701222338799	-0.27774643611413	0.394670815681493	-0.0462625048594657	0.488892601702824	0.664631253965468	0.446106841142549
CYC065	-5.81098615009475	-10.8678200230168	-6.97640005559546	-12.6291325895848	-8.45771151925762	-7.62009836214487	-8.84625277767198
EVOBRUTINIB	-0.205520005710574	-0.337722808937678	0.087636892446194	-0.353082361391598	0.245099834540356	0.667635676547721	-0.0406084732673564
MILADEMETAN	-0.0513915839329402	0.358911960168549	-0.426619999038068	-0.130074551780677	0.122909779154313	0.275349245820538	-0.731516139126407
VADADUSTAT	0.647642699765007	1.15554864800406	-0.185261745790048	-0.0180726249649194	-1.02946106197973	0.0660193582869828	-0.0279195720575598
IBERDOMIDE	0.202088492236714	0.302068479525075	0.0418687013011035	-0.573430298086364	0.490207948906023	0.674226561251896	0.25379933132834
CFI-402257	-1.07616860152853	-2.02361593068199	-0.82044619995866	-2.39969730933551	-3.01830013782965	0.115369497243953	-2.62731987008613
GAL-021	-0.339420845026394	1.18024040685421	-0.261092952393378	-0.572931469467141	0.492980956920739	0.232516066234206	-0.145542354142119
BAMAQUIMAST	-0.0573925673062744	0.19579919267158	-0.381514039248186	0.15721938128404	0.298362206283006	-0.128503406236324	-0.404809290827132
TRILACICLIB	-0.622304611521526	-3.32497168359807	-1.56760341159903	-0.986915755729971	-0.871883415372934	-0.499891125073312	-1.43908649029517
ZANUBRUTINIB	-0.145796221368047	-0.565941184070094	-0.206495277047608	-0.101123404147382	0.287863956673933	-1.56233522626337	0.43020225240434
EMODEPSIDE	0.366480901317472	0.105075407733077	-0.117054077556887	0.0961960327395213	1.14672634546584	-0.302248676488561	-0.264969806259556
ICLAPRIM	-0.281601462728481	-0.262141973494254	-0.181703487294395	-0.313576897715232	-0.887129757616354	0.259556920973332	-0.0449809919170385
LY3214996	-0.26784625093479	-0.798857804750862	-2.03417890126832	-2.26879504706541	-0.374113025072941	-2.65419337095641	-2.92913719698698
MRX-2843	-0.258536776023235	-2.94510405850349	-1.31799727204121	-1.65835184913817	-2.31311434818276	0.783806613803311	-2.41733306710445
BMS-986205	-0.260274520836108	-0.663104055077175	-0.538125245563501	-1.24683666737291	0.0688307444623107	-0.0548196738317996	0.0180403863361634
AVAPRITINIB	-1.14326427547048	-1.07390193110905	0.138225018593002	0.0074582793983637	-1.73238486187879	-1.28952475000763	-0.394309418841092
GDC-0077	0.0555497028233915	-0.616005997409631	-0.914924929162848	-0.315351907316734	-0.215259818777895	-0.447643018382989	-0.361742732190055
GSK3326595	-0.356723065329715	-2.63939288203719	-1.22994916613963	-2.19141472853368	-2.0848210905527	-0.4948357644942	-1.11106420263743
BAY-1895344	-2.53255311442606	-6.16590611281089	-3.90431824888312	-4.7594845410611	-6.28434122854461	-4.63398539851968	-5.05968399522165
BMS-986158	0.515687383306462	-3.07944675272342	-2.39862749533085	-0.71087716238523	-2.56322893554704	-1.82022811820878	-3.77457406626763
ROBLITINIB	0.226577493385165	-0.580029805078446	-0.0074214364149863	-0.0790472770615991	-0.654364587401639	-0.342909836776179	0.245070967114844
LXS196	-0.102436607222882	-0.746055742451414	-0.303058181351119	0.0774139880549744	-0.0399217665671177	-1.79877824715328	-0.0907566065358825
PEPOSERTIB	-0.724987772600329	-1.64978893946415	-0.622820313823427	-0.602804104102188	-0.868266001422086	-0.539801632455209	-1.52248309918465
ILAPRAZOLE	0.205758552963711	0.130345992521966	0.0118688332813571	0.0361351158859244	0.129533777570805	-0.856648500137621	-0.81788157662204
PAGOCLONE	-0.244841325482946	0.0738522280254509	0.120117464769737	-0.0813301531909187	0.187100507413055	-0.518759111237695	0.260162526525015
GSK2982772	-0.0672529207325724	0.586234363898436	-0.273425907264559	-0.0327267406551344	0.613148304349343	0.790100865708966	0.36157067807017
PRN1371	-0.468601909531212	-0.540085919637182	-1.70258385415834	-0.15289975799052	-0.439559788899398	-0.494099615301119	-1.22565127117111
ZIRITAXESTAT	-0.32736279183947	-0.0817340075164047	-0.609253662097765	0.990598009947326	0.433194021230258	-0.988556507272443	-1.43498739763717
EDO-S101	-0.711213886747281	-1.01771264679987	-0.349325269463617	-1.73559588314066	-1.20649451568289	0.0655884358589558	-0.463582638927505
VERALIPRIDE	-0.125209726491218	0.0353559224879589	0.207861686174785	-0.531215688451494	-0.0902315585455971	-0.0330507077717927	0.205425535616573
MIRIDESAP	-0.122850495774461	0.661103135863693	0.347586737099219	-0.551314968436263	0.120353140961559	0.19206955732264	-0.314127730727998
AVEX-73	-0.295400666073915	0.51380835132899	-0.296184381674776	-0.379250405263684	-0.363255260838244	-0.114475989492413	0.628878562939785
AVN-492	0.219733274578997	0.749644493260433	-0.0168160945273753	-0.308039343334255	0.230001550632514	-0.425980223727505	0.485409535928097
BTK-IN-1	-0.0592212041778041	0.151824185310141	0.328702593563738	-0.0399166296807701	-0.162911903654162	0.487321706950171	0.0886570263498787
CM-4620	-0.13517020905767	-0.370745866910475	0.541554267908899	-1.42285512962556	-0.164241380601247	-0.331871399656032	1.14495459554523
XL041	0.0058233716981152	-1.46618276931048	0.352396554853681	-1.11829002880523	0.784538143713524	0.148991176158496	0.207055275913005
SELITRECTINIB	-0.114107093551358	0.298686544098498	0.647439057160033	0.293585497380919	0.385007413145843	0.215233927999683	-0.105011034431975
CPI-444	0.186566060583858	0.209080276926799	-0.644536193228233	-0.219864793076212	-0.945344987422759	0.33073329870528	-0.182497509272818
AZD4635	0.482486568401131	-1.15896470320272	0.243893353642329	-0.394395974614199	0.281395433249049	-0.381295145794794	0.422321889178485
BT-11	-0.746305483615583	0.0241469807858802	-0.304498129826253	-0.673905857506546	-0.358168554578888	-0.665633650823154	0.0268248127235742
VANIPREVIR	-0.134627457498117	-0.887184226830544	-0.43961889947264	-0.142030624931008	0.145666883381639	-0.696919208653493	0.068834700410624
LY3200882	0.531340065782603	0.184954470365512	0.447132474631704	-0.859265790726123	-0.426347516081963	-0.41837854484892	0.28250176274449
REPOTRECTINIB	-0.575226233784375	-3.75956880691434	-3.74570356778871	-1.17553848061678	-2.56822976884691	-2.0579632613834	-4.13311048177179
ZURANOLONE	0.207478593182627	-0.452421349399235	-0.114401388036687	0.239805104803151	-0.0710160280797645	-0.895705303345221	-0.195432276591173
E7046	-0.288592237527133	-0.859960971311656	-0.474248908292972	-1.13532035327294	-0.664073748115556	-0.341037802250206	-0.301780418822632
AAI101	0.176696957930785	0.293184921668186	-0.181680501800891	-0.0368983084776056	0.26792264657389	-1.15431343680047	0.135100476905591
LY334370	0.16683802296949	-0.009063565908553	-0.220200774147192	-0.0772724768840895	1.04846570937141	-0.993086147673093	0.189428017411146
DESIDUSTAT	0.0875022126602814	-0.485134865311347	0.209676171065696	0.303506807309207	0.925508532989105	-1.24030951536416	0.35198168160864
CT7001	-6.95698437533855	-7.20011244862202	-6.05465475196009	-7.03939505253344	-10.8068687063508	-1.60152726830618	-7.79076499200315
SECLIDEMSTAT	-1.389241493074	-2.88566224025267	-1.86074330665121	-1.54927717378484	-5.51424537762978	-1.38906966241903	-5.33620720992859
S-38093	0.153927849892723	0.319763438048045	-0.220270441673228	0.194296022544063	-1.3259302361419	-0.181445325303257	0.216876727953715
ASCIMINIB	0.366497925467079	0.512831288826373	-1.35378334170508	-1.68349764601609	-1.43473701153468	0.676830952947733	0.515621650404506
IDH-305	-0.116908623126943	-0.0981713683285484	0.204837025405308	-0.670244037531917	0.288567184780794	0.267672897097657	0.063527256854317
CINTIRORGON	-0.258679291661567	-0.693315627104977	-0.434625830740527	-0.424863199394332	-0.753628715637677	-0.668377827887956	-0.318614474543193
DILMAPIMOD	-0.580035188862835	0.733252532419841	0.735603566660089	-0.271368304969344	-0.2824154597591	-0.192037640055021	0.368285843236826
VORASIDENIB	-0.408405384925637	0.317458357635008	-0.0996369661594193	-0.149854073450535	0.0358769935022505	-0.393284833429506	0.206992147696708
PAMIPARIB	-0.682024194617314	-0.187681539137783	-0.548535866923254	-0.604640572735999	-1.65203301003237	-1.714752643946	-0.969012573034365
LANIFIBRANOR	0.626199689209863	-0.0073142230962074	0.0006089382344211	-0.743157844355703	0.42613555911918	0.913240242360396	-0.425361489417497
PYROTINIB	-0.210489791176835	-1.47883470973384	-0.430479147517611	-0.120502847907306	-0.529569445751541	-2.4588054659479	-0.210997604418377
POCAPAVIR	0.0940812730136208	0.927102617711249	0.0220076252858343	-0.380891828956443	1.05917408098427	0.48964631056092	-0.359220045919159
FANTOFARONE	-0.422934031700599	-1.01934170401919	-0.218612198086875	0.558789337836008	0.240762737272465	-0.651121525182716	0.139200090375798
NELOTANSERIN	0.0384060263390035	-0.438712756551902	0.126395662050129	-0.157978135449135	-0.16915841920166	-0.358859185778324	-0.552925065544702
TEMANOGREL	0.206928625650053	0.25941967889204	-0.101450809689114	0.0120730670340715	-0.462034075445813	-0.0005812148901409	0.213269640923875
DELCASERTIB	0.162912845008338	0.437299017724546	0.33730607590244	-0.0406607156879165	0.0674758017594899	0.803587891057321	-0.516369696612184
LARAZOTIDE-ACETATE	0.0065405958380988	0.183644721362273	-0.114143721724639	-0.593012041679156	0.34158471521283	0.477262729969179	-0.0411962811959092
NEU2000	0.293503313751132	0.470051751406735	-0.137150420717236	0.166376454367288	0.162221116784162	-0.232967466325503	-0.516436155140778
RISLENEMDAZ	0.281001690231785	0.137790084831714	-0.669590871693748	-0.421044652997137	-0.192135163275113	-0.110526858767107	0.243736544032691
VOCLOSPORIN	-0.0322149848933332	-1.64342135379892	-0.0540881209812884	0.233656535562571	-0.418442717935318	-0.871975356129873	-0.70671726922763
PRIDOPIDINE	0.236840383804789	1.16763878997878	0.628356169262473	0.0237246806738208	0.463167658285951	-2.07794002343419	0.416118339396458
LETRAZURIL	0.0981684570446944	0.197118510234719	0.723046343252453	0.0459160682813914	-0.0213692344328861	-0.0628325791651258	-0.105662807915589
S-3304	-0.0018675001011962	0.0027969339358973	0.616626174896013	0.265343456902576	0.184878390295014	-0.175961137102861	0.448048952646627
NINGETINIB-TOSYLATE	-0.13818249868908	-0.198363554113188	-0.250849489068553	-0.806670652556826	-0.106709826031361	-1.78233244819101	0.867404558485216
ASIMADOLINE	0.0507898890539535	0.25511011771226	0.0689222217205658	0.0581138982755378	-0.305431213982895	0.0044819248186963	0.0729650494351486
EPRISTERIDE	0.911437592681549	-0.820635544889873	-0.148882803073073	-0.086395286097354	0.0809819348179373	0.277172047594721	-0.73156998749159
AX-024	0.240028680771392	1.13174741665911	0.143754048801511	-0.21080994053162	0.0655327915060803	0.666885632355513	0.282771201314727
TROPIFEXOR	0.0637502185538345	0.748020419772947	0.378094304690307	0.459971533588496	0.902817827339362	0.042983481105968	0.265496338064372
PAT-1251	-0.123329529474129	0.151953291118509	-0.0855598166294996	-0.388875428566533	-0.0351524194820214	0.0924408236413953	0.203985444003075
MK-4074	0.608228518629595	-0.22460714080775	-0.141013905261384	0.168210781508182	1.20170475043321	-1.31139008426566	-0.391790732349508
GSK656	0.301601600871213	0.899583351529065	0.610325993958816	0.0718624603090251	-0.169345581521102	0.995752027029119	0.434178188799637
MIROGABALIN-BESYLATE	-0.22038723128489	-0.400904181274189	0.495339276666504	0.106096853759235	1.37523852637394	0.240468575868023	0.657820605488398
SB-649868	0.696568027050227	-0.512618448203582	0.814970620571546	0.142561578846932	-0.223291635690701	0.255240791194356	0.635919839045743
DG051	0.236148181083915	0.666702741082433	0.275491838946664	0.0620198950768379	-0.101170563818916	-0.978508906212057	-0.0965976092378269
TOMEGLOVIR	-0.264757055464032	0.834220431892161	-0.370775580826107	-0.174997031499048	0.149738706391732	-0.266712250353539	0.358998802221482
SULTIAME	0.629841386499394	0.35831482427285	0.326019451618698	-0.407932661701185	-0.181347741778553	0.880956254379228	0.649784230026457
GAMITHROMYCIN	-0.0108329640365509	-0.834416379888674	-0.257877835042377	-0.793670394915735	0.370323756706136	0.601033838104538	0.592538625755163
NGP555	-0.570394856796193	-0.611365762272412	0.268526314166668	0.0293916633993299	0.349371097761054	0.8024935464123	0.382109644650249
MORPHOTHIADIN	0.404620534609032	-0.280837264045916	-0.427749165510635	0.0250284079942306	0.010019436736391	0.84476372570654	0.381501323317206
APARARENONE	0.349728428154532	0.423000409478296	0.608698677182233	-0.303641460313237	0.748254762340844	-0.854539133998251	-0.0084851621281987
PADSEVONIL	0.270618576644401	0.331007688586064	-0.151551178031048	-0.184737548060611	0.247858970943687	-0.102138147211722	0.126066988023144
ROSIPTOR	0.689942960574287	1.07710409888774	0.367984955818476	-0.0397254300721866	0.361596493094422	-0.145658055169023	0.278233522407347
BALOXAVIR-MARBOXIL	-0.304005439209256	-1.75035830274566	-0.551610029777402	-0.232554849564825	-1.05433351736086	0.255303181669073	-0.550390596630391
BALOXAVIR	-0.475566293541537	-1.50889417372499	-1.23097694911083	-1.85815490981483	-1.94682069552127	-0.1899832990009	-1.14120182208849
MAVACAMTEN	0.425554782440688	0.0945895293629092	-0.516111981783461	-0.528245712297021	-0.703437780095941	0.691172021676185	0.252746779462739
TAPINAROF	0.0326720072024618	1.14518900646419	0.109988658906271	0.23715676217532	-0.693343284360879	-1.76295866712258	-0.575877143079073
ADAVIVINT	-2.92366516800096	-7.54982681797474	-2.90855708531337	-2.10919574517517	-7.32200971730518	-1.32772371287624	-5.73166435528997
DELGOCITINIB	0.0756811055575386	-0.176885162294114	0.233702686731581	-0.0991684464932716	0.383292763552859	-1.11179755374404	0.783495209976155
LAZERTINIB	-0.652193861322255	-1.20342834101257	-0.336694886351404	0.182861629798223	-0.777753278609925	-0.215135640085408	0.551325162483994
ROVAZOLAC	-0.252722398107673	-0.547237952816603	-1.00647712144852	-0.199026034936601	0.10087938901915	-0.265742792926247	-0.266120784224047
VECABRUTINIB	-0.187590919074439	-0.399313659380021	-0.0820404928557331	0.305627831042376	-2.01111617909706	-0.202832784749159	-0.0366579718075217
LICOGLIFLOZIN	-0.245533229522923	0.230285450325191	-0.413740538875618	-0.0813008743842424	0.507142139866942	0.851033484862198	-0.903712799915123
NEMOREXANT	-0.450186880941683	0.524254662475324	0.171382314831006	0.22673855512828	0.590530711999567	-0.0331740783222331	-0.59805148848431
RISDIPLAM	-0.125924126280204	-0.26304461952885	-0.0591681011725776	-0.802858648194427	0.29552065515833	0.249441131593834	0.335501775868556
FARAMPATOR	0.264585468327335	0.521970114297191	0.535155766974575	0.1550261200024	0.608489937367153	0.235635554515857	0.32860162424841
ASTX660	-0.305060561336108	0.0025486212126714	-0.796142166748616	-3.40005955270413	-4.9412363849892	0.0316585649238584	0.394173014931028
AZD1390	-0.265072843622764	-0.896160335588255	0.318145760284038	-0.285783021292003	-0.0729246098162282	0.0948461499569767	-0.131986338389459
FLT3-IN-1	-2.65771144622309	-3.83716516846936	-1.06757893125904	-3.82360507704396	-2.90526931038735	-2.04274129858376	-1.99572895881585
CA-4948	0.123582721607847	-0.793521285828526	0.0244084464849764	-0.0798891127410312	-0.0290183311038877	0.0771798990088111	0.127045528924634
BMS-813160	0.578335996151803	0.170618660436883	-0.0820300829053405	-0.293952770585801	0.826113109827174	0.820030353046962	-0.0878973170796864
FONDAPARINUX	-0.461809139496348	0.304136042463099	0.328112970157668	0.657587562767317	1.17104385625157	-0.0098681747280712	-0.0562949715932963
DIQUAFOSOL	-0.262881057112989	-0.53613038829513	-0.411154352924413	-1.1009865782639	-0.0196601980957272	0.367329503950692	0.145727043008777
AZ7550	-6.60035054226922	-11.9407772621893	-2.2506518497628	-3.12262168313823	-6.05712979116172	-3.32697739939629	-5.06337722252133
EMAMECTIN	-0.543979696937731	-0.640462105518846	-0.272728022627816	-0.600568475127736	-0.147974595383672	0.143576059544835	-0.0114544657721457
4-(AMINOMETHYL)BENZOIC-ACID	-0.27411822699432	-0.0551746861631623	0.174409137810398	0.0798876808033561	-0.44174136733188	0.546610235387189	0.29693203372392
METHYLBENACTYZIUM-BROMIDE	-0.216510592515048	-0.668280777600154	-0.149928244544008	-0.141650917829736	0.079833880825422	-1.18954085862034	-0.67562119416742
GLYCEROL-PHENYLBUTYRATE	-0.0038560660557563	0.459891781791628	-0.0456486562515732	0.614366478868727	0.254494935005009	0.0518583235322132	0.430243665460331
LUCANTHONE	-0.377689081188892	-1.19057298527812	-0.178163258429659	-0.220221001178583	-0.440217001687763	-1.97009131582801	-0.266140549835977
BROMISOVAL	0.298718647848115	-0.873602304862537	-0.979819829995588	-0.43183928060782	1.00033909790595	0.478568985104012	0.3273093248971
TAUROGLYCOCHOLATE	-0.311375921075592	-1.10281792992569	-0.0129310448333625	-0.0798879057133531	0.120073126505653	-0.615142425478216	-0.597111427464205
APRONAL	0.0330379189254342	-0.104224066395304	0.0902602632074164	-0.281422096155942	0.683677641863723	0.319695774357876	-0.262940071618899
HYDROXOCOBALAMIN	-0.552579106436289	-0.373754845620647	-0.32074585666049	-0.39280779409596	0.0059887665875611	-1.48689500856563	-0.186845757860712
UPRIFOSBUVIR	0.324396736327656	-0.0672400003976708	-0.0188226521691501	-0.508085742896028	0.670721061815112	-1.2735535130378	-0.105925106336287
SOFOSBUVIR-IMPURITY-M	-0.275714487434388	-0.639251305462391	0.133278344424298	0.305543310699037	-0.87245564898783	-0.535020499973344	0.568877344733002
AZD5153	0.442252296408022	-4.32217773009803	-0.935348654319487	-1.23538394969262	-3.20821394423597	-2.40514037648911	-2.65636866631847
CLOPERASTINE-FENDIZOATE	-0.427792866378925	0.467524067274461	0.378509599391189	0.664514090306625	0.947320929631186	-0.531668602098222	1.39575593556436
PIRMENOL	0.289128383811779	-0.386294996960346	-0.153370347313248	0.382060715981377	0.711177556899295	0.312606906727145	0.235261577606124
ACELARIN	-1.09051793919748	-6.46177046127605	-2.45345586263374	-4.56371293348443	-6.01125478632272	-2.69651519932092	-5.30625889949455
INARIGIVIR	-1.89140071947433	-6.57804283050901	-2.52668168263153	-8.00073814413055	-10.2095312001726	-0.383658681603057	-7.42403724157193
BAY-1251152	-4.63887181941217	-7.50935521231827	-5.1226602343399	-6.64904679645549	-7.38266411164672	-5.70983028959545	-6.214467179315
METHYLCOBALAMIN	-0.167025897267567	0.922728771470288	-0.292222609617005	-0.139394290525164	-0.113350446606446	0.0763053233835755	-0.218753873180701
POLAPREZINC	-0.133595015729098	0.670094028747879	-0.11154649543553	-0.414541913099574	-0.096905039374269	1.74953925475506	-0.226728027165114
CHLORPHENOXAMINE	-0.353836396458174	0.479011965893481	-0.102627004103988	0.161341797331342	0.45439885824276	0.311864710369236	-0.226241142764011
OMADACYCLINE	-0.213307935341979	-0.811806004101675	-0.266659056955709	-0.108083039979293	-1.23201415839625	-0.0050397973777446	-0.201398923541136
ENCORAFENIB	-0.473525061983897	-0.99046891554896	-3.61439468627976	-1.92861308434543	-1.34451695906306	-0.642956405052033	-1.74458947532307
HOKU-81	-0.252598462781724	0.155923277611024	-0.341419659596757	0.445356974982752	1.35678226269538	-0.678601291195557	0.500430175378663
SODIUM-NITROPRUSSIDE	-0.117177856069036	-0.0499782955651521	-0.125699266804544	-3.06993101129172	-0.719367986660988	0.961968703560286	-0.079579004550957
IMIDUREA	-0.240774317884168	-0.433409096017963	0.566638358936288	0.240745555780841	-0.235365657904369	-0.117799223821998	0.0317865643990618
HPPH	-0.395376749596225	0.147412585629042	-0.0384268848527223	0.134520797873254	-0.0952316015303928	0.120736008885676	0.285330734394153
PF-06409577	-0.960396633737359	-0.60899484278884	-0.456324822982566	0.0093082872898951	0.576256046649326	-0.756552969800955	-0.548377265963458
ATRACTYLENOLIDE-I	-0.440022169022882	-0.236798639921811	0.327779398282326	-0.139062712235573	0.836352168788535	-0.395650983623863	-0.232964344445492
GANODERIC-ACID-A	0.0229001656210358	0.394959218170908	0.0330778447318278	0.0419786523231641	0.210462679810906	-0.167888739169829	0.330110969983726
NAS-181	0.180324232354138	0.42632061406861	0.518134072500205	0.30228583248829	0.817538481242049	-0.659309538408266	0.154373716296296
SCH-221510	-0.0577090149862908	-0.0789505887240025	0.110736352429898	0.263909039139789	-0.178874216736534	-1.17698429389785	-0.388835021449454
EFONIDIPINE	-0.156003743352631	0.065912771195464	-0.232649828825275	0.0587611486502647	-0.614078517310446	-0.54050930132693	-0.434703638584693
TCS-2002	-0.0770278852300619	0.44981674891727	0.230009603546112	0.162157147055823	0.216565097054905	-0.0030777475149129	-0.568759922522997
NS-309	-0.468716265785637	-0.672076567677449	0.47451227080438	-0.753766469107288	-0.141716136206365	-0.666064344116926	0.158870011457884
ML213	0.283096894870021	-0.290297245028195	0.165060530362177	0.0305764425757943	0.655918920710493	-0.891780041146803	-0.23961160626451
SSR180711	-0.339305586185882	-0.480306732072604	0.19041561387184	0.463596352464195	-0.346094986383494	0.93763853982194	0.267683206592762
ATROPINE-OXIDE	-0.0668318177570602	-0.34608170303296	0.0839553908001292	-0.285375590337699	-0.642761669421648	0.790722085929275	0.210008250703307
ROSAMICIN	-0.101876151327084	-1.23048902610786	0.435473621909075	-0.62193964070373	0.505691547558079	0.323878892989972	-0.263389937389396
CRISDESALAZINE	0.431845008507756	0.409373993672586	0.0089677317005138	0.46237956195142	-0.634103395743777	0.691283615003183	1.00581081788626
PERFLUOROHEXYLOCTANE	-0.121756043193215	0.853451965918312	0.108302201143844	-0.203175517964599	0.0119110417555213	0.773766074591708	0.122153410059401
PRISOTINOL	-0.520404818157927	-0.216120714793203	-0.146467925003478	0.245277523154449	-0.955175769754829	0.146675293773183	0.606470920661068
NS-11394	0.117762905915454	0.260585164456106	0.450205576573468	0.118306849860006	0.578980706289553	-0.92801355608488	0.0888920896623558
IRGANOX-1010	0.161425269662348	-0.214146440400488	0.172982541873417	-0.412518959458572	0.529414688697254	0.33740110838398	-0.973814296088756
BMS-626531	-0.183103174597049	-0.99563845002066	-0.0884338987375616	-0.390022740515077	0.211056961575919	-0.138196243497626	0.127861026945956
EFLETIRIZINE	0.678527950453093	0.756250558580478	0.683391649526817	0.123950443758596	0.823138533771623	0.916599303701465	0.129882301002807
SAMERIDINE	-0.0024704846149554	0.213104019279865	-0.708406530815912	-0.582451179958137	-0.534432507995259	-1.61165691526011	-0.335572425873867
SAM-315	0.129952370224712	0.108978891542394	-0.182053456928736	0.193610774389125	0.624790549308379	0.682874777537593	-0.511195988073201
LODENOSINE	0.269592882652549	0.254546761472735	0.162360558136648	-0.168384226639808	-0.230324842469643	0.392984055778303	0.0094233830489907
HBED	-0.228723214917233	-0.0448173569570629	-0.0306312473159067	0.327502642590323	0.722296915724367	-1.22523362334054	-1.00132770034122
WAY-255348	-0.109356111818402	0.136715427505953	0.379443578536763	0.0032876598207981	0.640365261365441	-0.0154659512304394	-0.0680751595555689
MK-0608	-0.22565341570681	0.608872854647859	0.184422258274168	-0.62120553862077	0.460887188535913	-0.61474791707094	-0.291222129247638
CONVALLATOXIN	-7.40743218356902	-7.15503268380101	-7.59175256506238	-7.75954737888709	-8.21946887346201	-7.48477611692324	-8.33228348795916
PIPOTIAZINE	0.136817771256866	0.118044088269333	-0.245986814681225	0.367569867115579	0.503892886078083	0.0914095588679038	0.361673839067079
E-2001	-0.205658998967099	0.201057404830852	-0.177846350959609	-0.743536453157981	0.345399270932698	0.242840550634593	0.357145990758241
DEAZAGUANINE	0.318753418099167	0.729726530160214	0.334231806742588	0.249527210879978	0.233999122380052	-0.155203562740677	0.775510679385491
NAPAMEZOLE	0.238168708149059	1.43946203271058	0.218706751757329	-1.44388846544591	-0.276014921371046	-1.30680944852851	0.173355318043548
TETOMILAST	-0.508077471556387	-0.732692143324133	-0.578937301880794	0.117553026900321	-0.61022507483245	0.126080493626083	0.326198915293786
LY311727	-0.0856220750919511	0.866532549162666	-0.233324078793112	-0.518548207629847	-0.48468061003172	0.0421602019737861	0.176268199035332
FEBUPROL	0.0420681941784109	0.157136584063427	0.35139980623737	-0.105337669312467	-0.380810072817635	0.402142402274592	0.105974515420638
FLORIFENINE	-0.0703234319242474	-0.709551494627764	-0.345156526279146	-0.111689084330209	-0.400160128148375	0.215502808489962	-0.0359837991887476
ENIPORIDE	0.0058087865258081	0.0827321149086741	0.0410765814157796	-0.170362210787961	1.2751482694367	1.40865328342305	-0.564714329426847
ICI-169369	0.427475118091562	-0.683507788817053	-0.441993793755628	0.140353338591154	0.646309955151442	-0.160729341215416	0.10673413334444
DSPC	0.0014502505326751	-1.1795110444506	-0.135971342469891	-0.386184268892902	0.676456416833708	0.285869380469468	0.0152241167111159
FASORACETAM	-0.0128991708347633	-0.405513314773895	-0.041514612597046	0.181568610924679	0.269187928879287	-1.15208118966465	0.0660903452149363
RO-48-6791	0.0830241611618602	-0.667975403294154	0.266832861622383	-0.480888058535725	0.620339143761931	-1.60805358615815	0.364363049137786
RG7834	-2.30143651342889	-0.54366262990285	-1.42240306075796	-2.35503141295859	-0.944190290548882	-2.65969217369694	-2.23452599080475
ARIPIPRAZOLE-LAUROXIL	0.175397746786197	0.193425818713103	0.0886315162179291	0.133881651610867	-0.350818109703751	-1.16312520388396	0.43454710360461
JNJ-54175446	-0.267594985011008	-0.396610424393386	-0.296673639644614	0.310651504484288	-0.0450654862071386	1.00321010268026	0.0366168203578514
CLAMIKALANT	-0.103911503251391	-0.05851845226564	-0.472574733013228	-0.240435133368753	-0.410603243726292	1.01871820838279	0.0889518772620306
VAPENDAVIR	0.0533189848104712	-1.37259178476528	0.217650145585161	0.183081200428613	0.579151813450018	-0.818787658240637	0.612964870633004
KAF-156	-0.417531342883392	0.179243192268089	-0.335193405907417	0.778345848594219	0.850560367311825	-1.8449104482073	-0.0184899281048282
RV1729	0.199765575214237	1.17806073941439	-0.24477295583063	-0.0794214407389896	0.590744124938915	-1.21312878110626	0.173290629259083
VELARESOL	0.317063109899126	0.408973043006822	-0.387255430166775	-0.12940447867826	-0.613936923790675	1.15971711782492	0.386022900206452
PIROZADIL	-0.516693034874958	0.461194080371693	-0.261735228492276	-0.0166426656984715	0.479521448893983	-0.738494390868398	0.21224413746877
SUFUGOLIX	0.369013316634699	-0.152106486835502	0.217544062593905	-0.314180880840069	0.58353395821903	0.241723824344543	0.85511016321979
AC260584	-0.0949042202431805	0.510818171511377	-0.433958605298119	-0.0893251103330956	0.169421281004944	0.665932013168555	-0.451301260823833
REMETINOSTAT	0.706688854522692	-0.267403151852796	0.348017224063615	-0.333103193030828	0.358153385125009	0.661503389303705	-0.253658470336591
SORAPRAZAN	0.202781618192556	-0.340745507658444	-0.384055507003426	-0.600229224713755	0.0994061808770988	-0.704257070540144	0.0861551777865623
BMS-986020	-0.268959379385953	-0.486805901092023	-1.04944078618762	-0.689047713812142	-0.110554435941033	-0.298561481904129	0.203818470068096
KR-33494	0.0199117517115842	-0.998320152371319	0.0263383602829377	0.174975730695659	0.527307848844826	-1.05428802582996	-0.34648920057888
CENTANAFADINE	0.0320645132244168	0.223418181645726	-0.600069654553313	0.0003627791975291	0.8524061665293	-0.812246843243618	-0.212796914438762
GEFAPIXANT	0.376895610748473	0.725198784961471	-0.0965649045514805	0.0917170314599473	0.287606543055352	0.0900056178455744	0.307817446679952
RG7800	0.198004927569113	-0.123306697264671	-0.199015915204972	-0.437248429714323	0.429624833255487	-0.0527757807292102	0.346046340225433
BMS-986142	-0.687943263528416	-0.0360989900969668	-0.399889855259044	-0.946456003591982	0.249184770285782	-1.41177325903352	-0.726549830572376
PI3KD-IN-2	-0.493965739296674	-0.413324618956366	-0.38113821223175	-0.524201043810246	0.0214612079923244	-0.617610583161164	-0.227693352492359
BW-348U87	-1.82762496668243	-6.99437281314272	-1.49403888374572	-1.63866997847032	-3.11175340225242	-1.8159933814053	-6.00113831217572
PARSACLISIB	0.0554827094686202	-0.311647572795653	-0.535361442357073	-0.155486430349441	0.0093859120759721	-0.291704710902974	-0.0947157309938651
CILOFEXOR	0.233120673724376	0.678321508183911	0.344574430035543	0.312283597252262	0.104391067539848	-1.59379540172824	0.298532060975827
TELRATOLIMOD	-0.393249650649659	0.401695048655563	0.504499127187707	-0.683107737800417	-2.68923442350894	-1.57518010319115	0.34903375926785
RGX-104	0.536508338613421	-0.0429364999764591	-0.303153197813674	-0.168969134320204	0.623032057135434	0.396710599403045	-0.179160944232649
PF-06751979	0.546323102819301	-0.500975540020874	0.0193442373458525	-0.24108606184491	0.839673028571102	-0.0658827334580167	-0.264579003091578
PRN1008	-0.48848299569676	-0.333889889208676	0.016662896413406	0.255882344683979	-0.78315134454156	0.791098614860978	0.745866965305303
JNJ-678	0.0683058706230089	-0.496542301887236	-0.439881793919032	-0.38879961187101	-0.29723187100703	0.155909214303107	-0.149435496122822
HC-070	0.0315407837935761	-0.654341970897683	0.175756885547745	0.133456157942316	0.534385091943919	-1.00909962538683	0.0600501996084887
THYMALFASIN	-0.1309951482032	0.511006973139512	0.375822311935325	-0.158303139789168	0.817488963942322	-0.149692242374284	-0.245605820078602
ABX-1431	0.110974857604391	-1.0517669769299	-0.175933844387951	-0.220214362172131	-1.00147458801013	0.171150149983506	-0.320367186784376
PRLX-93936	-1.56118311705282	-7.98592380016331	-7.2151803874351	-8.90419146052485	-8.70277340777656	1.41901572847109	-7.57436207692846
AZD3839	0.0709070775419692	-0.541386527256854	0.471464000980946	-0.470227989115306	0.412821028117118	-0.576876559412816	-0.0448153958454438
MONEPANTEL	-0.0092229661844439	-0.0452756684698823	-0.138927381429981	-0.162686865755311	-0.521125640612752	-0.513714130184435	-0.0071258442858514
SOGRAZEPIDE	0.198991867275823	-0.19296856167866	-0.370301880417546	0.124214226142341	0.238160104741618	0.581342241962249	0.784286793324695
ELACYTARABINE	-0.413819258150197	-1.55612604138563	-2.20346403551587	-2.61212090328451	-0.465911790022728	1.13467760600324	-1.42156563011271
ENTASOBULIN	-1.27565275498522	-3.45816652648901	-0.756656992051951	-2.5184783074803	-4.82725672595248	-0.882950688249313	-3.29494703687591
OLUMACOSTAT-GLASARETIL	0.693360277004671	-0.307664690142985	-0.337334199483216	-0.10110924211513	0.41701726070049	-0.76367089478143	-0.189754979235737
VERDIPERSTAT	0.0492394256529276	0.862146466050296	-0.0246875024127075	-0.343276301851892	0.643129753789674	0.512101630265032	0.0571761388842668
GM-1485	0.576612209151057	-0.13243537671448	0.650740440453076	0.134134064379598	0.245990513934534	-0.525265276704073	-0.186845525328117
GSK3117391	-0.846186251129127	-6.72968483651127	-2.11751939814297	-4.081161957648	-3.58086630860678	-8.14272126013478	-1.57198157407854
PBT-1033	-0.509227308327948	-0.585020061769038	-0.941517179778831	-0.487956926393075	-0.94452388356527	-1.05807323788946	-0.0722514826625756
PRX-07034	-0.195012442395528	-0.552816460561128	-0.323251699959985	0.725735940824575	0.0329518696279652	-0.151635361130077	0.0495801900869561
IMIDAZOACRIDINONE	-1.05730894647295	-0.162149455731716	0.191356512102917	-0.304950634685279	0.0183856716695556	0.228910241592194	-0.201373990005326
S-17092	-0.663616523829888	-0.407819931155703	-0.174263910284153	0.355767276736158	-0.909916961495122	0.626083756528277	-0.545805331133994
CENTHAQUIN	0.0978604347084654	-1.35416698880424	0.0722751439689419	-0.199308808048922	-0.129266239265857	-0.0776145863616564	-0.260413964724688
ZD-0947	0.118052777869509	0.66757757907716	0.408124890626225	-0.267691732915982	0.0913664064639971	1.04594920124468	-0.248092602506543
MM-206	-0.711563856003837	-0.898148024279511	-1.20052196905065	-0.549069468221423	-1.04047732703582	-1.49993597014235	-1.53974985621123
RO-5263397	0.38628401758713	0.245279577037649	-0.131509503439659	-0.10001643847365	0.829678291863518	-0.119095955959122	0.034996210956626
CJ-13610	-0.0776148880836532	-0.200805336409235	-0.0672658837846655	-0.276169497398032	-1.06119600711148	0.168094882116685	-0.122357303114759
CIPAMFYLLINE	0.611835969859906	0.0994432762269148	0.606855608763009	-0.120761412075401	0.830795938112846	0.986624507222706	0.471956596278911
CGP-39551	-0.262793147795403	0.969381202025487	0.48420432623468	-0.116318449986628	-0.0979080152440358	-0.704678822327134	0.420560362775026
TIPELUKAST	-0.0156768712433174	-0.228269825886268	-0.299779760411454	0.146162944240157	0.18254683360452	-0.279571111598521	-1.29139037984566
PRALMORELIN	0.0056462279019587	0.0076330253784532	-0.324624391375948	-0.467859277611916	0.01193786434548	0.299739155929092	0.195628392725333
VAL-TYR	0.245294307012908	-0.161173465756907	-0.169077015161463	-0.275619452778275	-0.150472320569583	-0.0287605385165183	0.516966341412136
T-1095	0.246875800837173	0.139628949083621	0.114667651506146	0.0700918020941007	0.877760418570992	0.347023280929745	0.352594208757693
PF-02413873	-0.432275436997976	-0.0526796718740019	-0.297979064198795	-0.300050080776789	-0.0501153760269386	-1.08061020970985	-0.364263925781981
PF-4191834	-0.990317850362692	-0.702967167316677	0.0329231198268043	0.0428149993623631	0.956959881173895	-0.886394093247655	-0.205696644066746
BMS-207940	0.262531220317661	0.510100386748901	0.0439989853883571	0.147155949219486	-0.181270499616455	-0.632813524953254	0.290491723781161
PF-04995274	-0.0212581307961947	-0.119258389285472	-0.0458099489559439	-0.341812655353373	-0.841472848894438	0.370736842316926	0.0621174792582079
DPC	-2.96707763031811	-1.82668097468345	-2.95455911569689	-6.2909563121944	-6.99637161602978	-5.4507506082028	-3.83626157932364
PF-06273340	-0.150063532439262	0.0325128283848886	-0.621945104290839	-0.0192735569718601	0.553264585696557	1.2937937276216	0.163816254931615
ORMELOXIFENE	0.476921318204146	0.976507704432518	0.39305265098866	-0.009901548779138	-0.836686689284382	0.130708274109002	0.133291598682092
NN-DNJ	-0.0380677364670948	0.0135115373678736	-0.565923458243807	-0.0630956246988189	1.08348776824698	0.338998946289404	0.224012687574246
PHA-543613	-0.0539282171076751	-0.960402804451298	-0.29623891349939	-0.0681748056178491	-0.691415057987603	0.367509648351377	-0.358473582285783
PF-514273	0.442749062555711	0.565752349858709	0.238891850453883	0.378343756813617	0.461544158758277	-0.347389385372016	0.084320076414785
EF5	0.527949544630074	0.0940202582593206	0.345504591482067	0.161662563362	0.298679972947019	0.0327608556811814	-0.316932011220198
PF-06260414	-0.279576149132433	-0.989663252219476	-0.274710249417244	0.800809072455731	-0.59667949761411	-0.561977295164639	-0.832992170857828
RIMEPORIDE	-0.69936821431423	-0.164985919974836	-0.559246997174188	0.0681844932886598	-1.3846264807218	-0.0611505554944213	0.0898486208259214
ARAMCHOL	-0.173752763137195	0.103862851496225	0.178219846375259	0.298820073689317	0.863095188217087	0.360343694350565	-0.153870612553206
NB-001	-0.181175482227442	0.228413864365887	0.280209307838972	0.221646291511729	0.135551412030993	-0.0342333076248992	0.176561274991138
PF-06747775	-0.570595900405233	-0.782558203903769	0.140132817991096	-0.0307923675904773	0.163142130095363	-1.19058933717539	0.289321909476208
E3330	0.0603462734143235	-0.310236857949597	-0.591618523137536	-0.240409922911233	-0.548056152043311	-0.0578922869469483	0.29483221864433
SGS-742	-0.308486517734274	0.458002970835111	0.061290564330061	-0.287039420783055	0.0660206858509935	-0.215241498778995	-0.386039106761961
TALSACLIDINE	0.322682716915645	0.505684668917389	0.106233883736589	0.0272807128019387	-0.515334729827557	0.361974117435004	-0.0469057336140183
PF-06412562	0.178026200589537	-0.306691750325007	-0.0821698635183039	-0.512085901414599	-0.390038101366083	-0.107152115240036	0.10668558599692
S15535	-0.226806911643417	-0.920226695740654	0.331152454864962	-0.61935444451942	-0.572056719368548	0.732521976995513	-0.136484185488155
CP-105,696	-0.539669398541295	0.516026812179368	-0.468886454702395	-0.169485344312048	0.0020139269576285	-1.44569491780652	0.380872713652968
BMS-770767	0.386847174644826	-0.291688734755286	0.193587675246455	-0.578786348597764	0.738615830269667	-0.717573626693111	0.198746582887929
DENOPAMINE	-0.0896397790040219	-0.562565151091024	0.426345782789981	0.127987231941889	0.23987663389314	-0.674580457481007	0.0465940224504882
MOTAPIZONE	0.14237902133856	-0.434760965099077	0.0557507645144899	-0.140947001430333	0.13564023326371	0.664786696434956	0.513022033767536
ETRABAMINE	0.0963435741676653	0.603192154892705	0.325157896188778	-0.251791509390357	0.192559862741737	-0.274465273862724	0.174738854549493
DAPANSUTRILE	-0.298944337873594	-0.383382820940499	0.454559668052102	-0.50701450639675	0.37001429441575	-0.359423443581049	0.319514195376218
MK-1903	-0.211121054607432	-0.635483406892217	-0.448872742726888	0.197419686710228	-1.54022802986412	0.412647347391909	-0.0679753355892856
DECLOPRAMIDE	0.115742843513206	0.608953387102376	-0.594345177690243	-0.381765651306326	0.117834503824495	-0.0619917319106216	-0.303491863005064
NEMAZOLINE	0.445564328411159	0.647108090370579	0.176793812755786	0.0602688903070462	-0.0949674211888069	0.280170806106983	-0.0295198965767633
TINAZOLINE	-0.546489974238555	0.816953194778541	-0.134413258334295	-0.0143117176160027	0.0638093259271545	-0.270368829722722	-0.0108175612941735
NDD-094	-0.326771546961623	-0.158366523278224	0.0178194274182326	-0.0537228218192429	-0.316874288865908	0.0958495167679712	-1.00836984129677
SY-640	0.339600257318353	0.995070265845136	0.723388456812996	0.0018894701770807	-0.0675257434199251	-0.536409303181246	0.0052086950106961
TRICIRIBINE-PHOSPHATE	0.524600093116358	-0.901822587714016	-0.643926960204025	-0.774848682112311	-0.172100860769119	0.319467200622946	-0.0268529140660248
CILUPREVIR	0.459552528822801	0.436176595095832	-0.0781489263783697	-0.0777567291046127	-0.405304173385337	0.269749314339054	-0.0924258071500932
FRESELESTAT	0.0915467885724011	0.527145062335869	0.346817560066525	0.354780158895214	0.872338895739804	0.488678318306955	-0.182958722155874
CANGRELOR	-0.380406946385462	1.19691407717819	-0.132746719932948	0.358161297051181	0.529119984315968	0.429007533605274	-0.196204103028484
NAXAGOLIDE	-0.707266537121146	0.129874852401575	-0.0687172228871041	-0.0617619141084189	0.363517971224293	-0.427473555180815	0.622535956146631
PANIPENEM	-0.0575423740730795	0.22413026481725	-0.380509213352143	-0.575636841206256	0.0347040415720892	0.0429097314946297	-0.114307371631485
BRINCIDOFOVIR	-0.218861810196433	-0.696098919534825	0.229437766351542	0.0009208419133952	0.361192567656448	-0.273108076149851	-0.983893901273102
LP-533401	0.135150311695886	0.427009873850156	0.120785400322175	-0.401411847816078	0.669161338256526	-0.573472493982794	0.589592878253521
VERDINEXOR	-4.54474260028757	-3.18934861430153	-5.51656369952093	-5.34596762786346	-6.52032737416299	-5.37563776380255	-6.41426685507668
LSZ-102	0.12777308629804	0.523512404797013	-0.291052556014484	-0.145285170722985	0.923500799172267	0.143250506834766	0.0065958567416477
RILAPLADIB	-0.79096342816388	-1.25343056184912	0.10233858258924	-0.320146247785097	-0.0069025177256806	-0.560739530537508	-0.447509794455618
2-FLUOROFUCOSE	0.182755290775007	0.344928242412833	-0.223702334989831	-0.285242102535768	0.508796691077699	-0.195030367287654	-0.627110289366882
DOTMP	-0.504502787293819	0.350528763035738	0.0273459016996791	0.0556217688359319	-0.653031488594803	-0.934515544765272	-0.0616874273686611
5-FLUOROPYRIMIDINE	-0.391498406498071	0.181142997481282	-0.213633122553598	-1.28676462240362	0.0301145262142152	-0.963165788153714	-0.408380708990339
BEVENOPRAN	-0.409642792245566	0.403218176068758	0.199626527543685	0.14180767248817	0.0544804224194901	-0.150343406081438	-0.469883557314123
5-OCTANOYLSALICYLIC-ACID	-0.346305047774118	-0.233757327132483	-0.0660110187706452	-0.429898366200617	0.828697262222399	-1.53123746826046	-0.203476862957339
TAMINADENANT	-0.0587659301673464	-0.495110513934982	-0.0131624098433919	0.330118895194017	0.319789622091496	-0.382542429180885	-0.79036340338225
MS-424	-0.0535916837363765	0.567069230340585	0.190950643706715	0.262966427373937	-0.0119675405538709	-1.50573960464133	-0.206454572698735
SQUARIC-ACID-DIBUTYL-ESTER	0.521764760556366	-0.598194283462644	0.69845223316404	-1.11348031300033	0.771112420739831	0.219579719956112	0.761383139096171
TS-011	0.768352087101179	-0.75648331361197	-0.489209203510265	-0.837909598361643	0.613025697222305	-0.104486797981326	0.646272577780193
NPS-2407	0.635093069782557	0.592684997362582	0.499451172307844	-0.180957003949342	0.931990732334916	-0.451318815588592	-0.266392149415772
PELRINONE	0.533287177742387	-0.227840302855973	-0.54303996396837	0.0169533298615429	-0.102878181990211	0.345190093871223	0.28898317371713
EVENAMIDE	-0.12678191184957	-0.539857940204272	0.331118287225281	0.149364497009178	0.169478475861059	-0.14607875988173	-0.227346228127247
GSK239512	-0.209309890622232	-0.401008529055661	-0.0359821619854038	-0.0948013158323195	-1.7705502045687	0.0559780032427878	-0.400126371865538
SKLB-1028	-0.196737114542888	-1.82311595652329	-0.266289373105747	-0.288226154381843	-0.278374272177837	-2.10372460424815	-1.0087779170647
MEGESTROL	-0.403109127662392	-0.0627572401293728	-0.591902549597687	-0.380970468661395	0.585230458800695	-0.788092460581585	-0.0578767259461137
FURVINA	-0.0103155347304452	-0.537063133119166	0.508139376657898	0.912127973011393	0.301769142252922	-0.001141984884984	0.582028640806812
SULTAMICILLIN	-0.397074789902338	-0.151904105256829	0.335616963729538	-0.532998286528577	0.391677046438243	0.0388655820497275	0.128778784771568
MONOMETHYL-FUMARATE	-0.0093650454961294	0.975164661589369	0.223151457506076	-0.149665417314882	0.183548142250437	-0.111887475474172	-0.124475779735579
LEONURINE	0.623670961887964	0.0038285219982697	0.494885322386389	0.0637826648790568	0.95634294926887	0.804621717701624	0.176947235519108
ALOVUDINE	0.0505285401484182	-1.50317351997324	0.247223687391016	-0.970255348739582	-1.14548959518549	-0.619662903750115	-0.334282549116536
TRABODENOSON	-0.251968697323359	-0.953437548454976	0.334896677003229	-0.0141261361803238	0.713539336236153	0.295051390766253	0.0656392288065257
J147	0.0752667995485306	0.408296403605292	-0.0391055475479063	0.764284412973487	-0.0418608468606108	0.285442209349026	-0.554467378289112
CORT-108297	-0.528996417039963	-0.666247272243296	0.227529861930302	0.0531838822486619	1.19323918169132	-0.271916214238239	0.26682928786455
KPT-9274	-1.35965973269934	-5.69434735195686	-1.10791071513682	-1.64191847759555	-4.52296401409736	-1.38757240306891	0.0307674897357693
FUNAPIDE	0.0415395004162463	-0.5674485269089	-0.336360919606528	-0.332458257162828	-1.57631933171473	0.413820891914186	0.102329915129978
MSDC-0602K	0.148495469792761	-0.274179263184785	0.831906599253796	-0.556612181892309	0.892002659464681	-0.260915001422833	0.0063052550698926
DBPR-211	0.401393105497768	0.0331757531992896	-0.405716199174596	0.233459834364988	0.153110031559168	0.184197583205442	-0.0019309952091966
AQW-051	-0.0821659184374285	0.241420416831018	0.0615263224930719	-0.460217815258707	-0.0595189866498542	0.134080370697873	0.241663162788742
ST-1535	0.428148664508941	0.315549054326476	0.0901989152712866	0.0240107557148732	0.425833816518143	-0.727219738780291	0.418237173319169
SOLRIAMFETOL	0.259093725275087	0.211929732586529	0.296322072617883	-0.355559863776326	-0.814992169955424	-0.628656050230652	0.085044526364674
OP-0595	0.158454360767861	1.18395243987098	-0.494166308025461	0.0655496236609196	0.787300829302023	0.511325020561219	-0.393927676829266
ALINIDINE	-0.670755913313243	0.574658404200699	0.0534522250148604	0.0300315768489909	0.51751863160727	-0.269156795855511	0.212434231991116
R-1487	-0.0621902630512609	0.318346633840632	-0.191885066030031	0.102386944090078	0.450383546690303	-0.156454352189078	0.19095174486036
GSK356278	-0.0244399094781264	0.998389857181721	0.55471503306244	0.357820331378077	1.06814627748708	0.0772668710333256	0.145438517728731
PF-06305591	-0.515635725609437	-0.703342785339335	0.021054371655006	-0.656911404022371	0.124219514406995	0.157928131734578	-0.717678204750283
SULOPENEM	0.526365818948413	-0.025647630552664	-0.252374699294827	0.0343207785860561	-0.29670274575627	0.0215129143456048	0.257905989937771
VEDAPROFEN	0.588711337260711	0.251783684570042	-0.299138270193925	0.129147443200813	0.31316512223155	-0.104013773062577	-0.262680983208575
BUTAPROST	0.498974148165746	-0.115430560156709	-0.0738174714820722	-0.301853524122417	0.555299754218562	-0.422607201143666	0.084573888823111
RADOTINIB	0.362879712182719	1.20162802167619	0.309212341316086	-0.0213210901783753	0.387021522916484	0.87159199227621	0.247168588566014
R-121919	-0.0027100605876685	0.356398509999246	-0.155392795326376	-0.217548534239613	0.135039239992183	-1.21591444870509	0.465482633017138
ALANOSINE	0.56147755899305	0.487027546959471	0.241566517545058	-0.021812938718211	0.855550127894359	-0.662817894418877	0.187627129525576
CP-547632	0.155140000082969	-2.49024998090643	0.562891893772526	-0.785793390619005	-1.26730114314421	-0.678365695253036	-0.812749519442064
ACOLBIFENE	0.218165034164576	0.705133308563423	-0.218303366992952	0.914693030569425	-0.628521422217517	0.531560415926904	-0.149659681387859
BMS-935177	-0.351485727937729	-0.94031538206475	0.29746054105995	-0.197492100082719	-0.236256722193244	0.0231232686654088	-0.655316458354312
LY3295668	-0.930294495691291	-5.23405320063994	-1.09580146363458	-2.85012179395662	-3.5237927069618	-0.613870417904318	-2.62442985811874
HP-228	-0.187805276789763	0.135926757833299	-0.18013897469961	0.439878694306428	0.436334961445006	-0.496530300619975	-0.0335952954322227
FLURBIPROFEN-AXETIL	-0.514966907035506	0.0229822869874369	-0.0829042572487156	0.131397032759718	0.460005598586465	0.774616299111236	-0.242836712622894
VORUCICLIB	0.0633747406609347	-0.490209627154452	0.0466173624715916	-0.605678920919905	0.703881960447299	-0.5017311901572	0.18268417571475
AMETANTRONE	-1.55459313778144	-5.27344774324073	-1.97568253691511	-3.06557228615332	-4.07953549853074	0.07361631440354	-3.13729525345391
SIMUROSERTIB	-0.551106244920767	-2.26552762626535	-1.20345082345461	-3.68704955927315	-1.28463019023186	0.194187957824677	-3.56748189465624
ALLOPURINOL-RIBOSIDE	-0.0435527892586231	-0.0300175749925817	0.334054268651575	-0.57429297520376	0.81954655468742	0.497839854594716	0.5650056157041
MANITIMUS	-0.0216494733974089	0.995360038085808	-0.485167602217997	-0.169883542815379	0.239030078490457	-0.0480655636516916	-0.367017316420722
ABT-072	0.318288798226742	0.261260500755332	0.242433828248999	0.140101788209947	0.778386824945783	0.668399139553121	0.51060301786083
GLN-1062	0.519716787343135	-0.565040860105225	0.21143236335582	-0.979888967313497	0.312012210309307	-1.52952914388461	0.0415026918329222
CAMOBUCOL	-0.205025234145007	-0.251852823101606	-0.202902723652556	0.514678369476346	0.300188325978521	-1.13568007384561	-0.491255719817689
NSP-805	-0.0302933171656925	0.247875599436932	0.0389314517970532	-0.461702336645226	0.663999328657697	0.19014044806253	-0.0037887248979192
AVE-3085	-0.225988242971493	0.319587493082183	0.0856113842029214	-0.0421867170904668	-0.0787229612001106	-0.606517947984105	0.0981342013907178
BIA-10-2474	-0.0689739957495337	0.737437098907202	0.234455208788149	-0.346725182556796	-0.291584642286225	-0.893308646396773	-0.387232568457259
BETAMETHASONE-BUTYRATE-PROPIONATE	-0.463660716668175	-0.816871180894757	-0.259559348118612	-0.655679050646591	0.046438555055689	-1.70610182381846	0.480368899381091
NITROFLURBIPROFEN	0.0524636597856834	-0.0838433871504687	-0.26699764950859	0.181875575179432	-0.0033453850331754	0.88800794191163	-0.187479269902562
APYRAMIDE	-0.53015974229387	0.0873520069286036	-0.600873211209279	-0.0245449735140264	0.158554430539308	0.197926629113897	-0.0676283095566565
HEPSULFAM	-0.907641106620871	-0.486394499487042	-0.535327239982749	-0.599409156951825	-0.970922086893329	-0.651472474152983	-0.943328592170957
PARCETASAL	0.240322441017405	0.400174625707769	0.116293315220314	-0.085492092232647	-0.1968965394464	-0.465896730321046	-0.144583332006405
ESTRADIOL-3-O-SULFAMATE	-0.238268499865081	0.307872080732715	0.190821639888555	-0.347888717162188	-0.450090150691227	0.0337283276074652	0.402000197932101
LUSAPERIDONE	0.458103462019264	0.150571263109493	0.0827306212305287	-0.734758031068839	-1.50515151876328	0.0826790680887243	-0.272848217310613
NUVENZEPINE	0.860363464017147	0.211779826036753	0.0326773015849966	-0.319174644237257	0.412848707870657	-0.101261872976124	-0.0454415238446672
LINTOPRIDE	0.336064450251255	1.21668819105899	0.0129163146233043	-0.0071136062028583	-0.272680378456806	0.186946003895026	0.508610034587806
HSR6071	0.19499434967884	0.419452972704475	-0.253273537107582	0.0951335091101047	0.110674557441446	-1.43585221918054	-0.03182025150065
YS-201	0.0228623871992798	0.23819934692241	0.2156869911108	-0.53227575930465	-0.0255329027405114	0.693637214064199	0.362553697896678
KME-4	0.20460953441367	1.02862890781954	0.273088884468839	0.466928458929414	0.556053771067669	0.950093803696589	0.0527904649455342
CI-953	0.432481685785761	0.793642753899827	0.204738902560506	-0.0484608531689128	0.431642497668423	-0.179324176421858	0.553877558076203
NCX-1015	0.0546422455312093	-0.212871454527536	0.519224677152981	-0.468317328078179	-0.247733564148157	0.131154653302451	0.0044287168305455
PF-06873600	-0.769023223731571	-1.90077933213077	-1.46728060495062	-1.75219210580954	-3.61145216210415	-1.32421144825121	-3.43166163774282
INARIGIVIR-SOPROXIL	0.131783590069812	0.523167855916302	-0.366516116047832	0.165913034351792	-1.2419743263847	0.196311855230388	0.416420675474657
INX-08189	0.569201823167192	-1.01765502320831	-0.0204282636738043	-0.247974402704573	-0.2966566172925	1.69968511189497	-0.113299091355412
TALAPORFIN	0.630909816660173	0.119507990204293	0.27587105423067	-0.212914703434708	0.557511280296628	-1.97544269769663	0.484414100135529
AMENAMEVIR	0.350565756403306	-0.0277660705482086	-0.0670484479044202	-0.0121398239464337	-0.594377324678775	0.0901989601453169	-0.352997375166782
ACETYLSPIRAMYCIN	-0.0263667152236252	-0.316936004534679	-0.0630046131909309	-1.07954182714585	0.370738929391467	-0.419746918872505	0.743232908398004
ALPHA-GLUCOSYL-HESPERIDIN	-0.019354946921814	-0.527694197613177	0.235933742012738	-0.0550524466780707	-0.308188571033972	0.872084877213645	0.0047565168932641
TP-3654	-0.916202157168913	-0.421999538395704	-0.494069106201628	-0.528498050864142	-1.16353163358418	0.439695208184126	-0.42503307323199
TULRAMPATOR	-0.0178555534794513	-0.535780790056057	0.0077842140350883	0.13848915409198	-0.217743575982608	-0.0338438618492511	-0.398893583216682
RIPRETINIB	-0.187917492779951	-0.488140187687882	-0.275778219921716	0.267346502624016	-0.101175950905628	-1.42586162134164	-1.21079145946788
TEN-010	0.242355021467017	-2.57400636350537	-1.12290303107009	-0.756078149363239	-2.66901566483718	-0.0630235540088073	-3.32716507610423
FK-409	-0.0331835413486561	-0.467750021679209	-0.221418884742481	0.0897437427939126	-0.616881273821831	0.69163869546277	0.494859592507474
CCT196969	-1.63699933724439	-2.6290733529535	-0.878733280512002	-1.41185722007095	-2.10438058616348	-1.98687691383382	-2.71509360505631
KM-0118	0.511911088469317	-0.401877776732264	-0.368522074351697	-0.0270020813248528	0.404749129758693	-0.385667779613383	-1.02519607011367
CK-101	-1.2800784030976	-3.6715166488873	0.15900840252201	-0.305141721322449	0.047565992669217	-1.18267999845488	-0.923155480948314
SALVIANOLIC-ACID-A	0.208078627859886	-0.310360632657125	-0.203731988872035	-0.302387944216508	0.477737195652063	-1.03556521616459	0.251181013811703
WP921	0.341461091870291	-0.635007322037524	0.158395349296784	-0.456026054019037	0.660814870181079	-0.128348362584435	-0.022745761344157
LY2828360	0.434743183007378	-0.258781223535362	0.347041201375456	-0.0982702605112464	0.205297052186777	-1.32951905059838	-0.535161987566573
AZD5991	-1.03748182682577	-4.50635396435953	-0.891467191757966	-0.387797506461121	-10.3132880139884	-0.62727077432711	-0.247468159855392
PF-06928215	0.283902759256632	-0.985020751549716	0.244353865858523	0.387792415820589	0.855437909240356	-1.18507109515123	-0.259112577082249
SCABERTOPIN	-0.450071406435357	-1.11477306655924	-0.449753866719417	-1.27482513942378	-2.67380758484627	-1.53749416987339	-1.99342418936732
RADIPRODIL	0.0219576539365343	-0.442321691692685	0.200107661035285	-0.168619558392982	1.10418788206422	-0.106466579049121	-0.948881871837221
LEVAMLODIPINE	-0.565882504407999	-1.18784216417782	0.388641874555417	-0.21260864042612	0.392477003091013	-1.00546823622903	0.462412945589642
AUT-1	0.0970624027274708	0.570036708164323	0.358163753259038	-0.565196378179933	-0.476806533180077	1.31831082396831	0.0893512524011765
BAY-8002	-1.16534357604609	0.0215751362573731	0.493299127182273	-0.21305891491859	0.952898727806659	0.296085291126402	-0.495650443622705
CALCITONIN	-0.103197471758181	-0.0033738799033813	-0.315441911186182	-0.436138776007241	-0.448501204561556	0.562029952017046	0.113276095381614
H-151	0.0458813807399912	0.160209769989372	-0.256404163217208	0.109181099258788	-0.0424388501064941	0.923909626639258	-0.539580530621541
GUANCYDINE	0.434890865115832	0.339609741144596	-0.164992846629705	0.0120201051660314	-0.24704344270251	1.01925511593622	-0.211873443003334
CYCLUC1	-0.189040404085027	-0.35305959930185	-0.0236824532273233	-0.816400848318932	-0.715584208260956	1.28028601671237	-0.131261383641565
PZ-2891	-0.16700171090335	0.639417629402834	0.774095421249271	0.159950338528889	0.489310596934467	-0.100004089883392	-0.0313282326174186
DIM-C-PPHCO2ME	-1.36953204602568	-3.99617644701893	-3.10499097535993	-1.95235270758444	-4.81917734229883	-3.02526164268673	-3.31661866422906
VL285	0.240427490837606	-1.07670710213663	0.283618346094555	-0.0464901216479778	0.919504019339729	-0.132928690298528	0.424235382757262
A-381393	-0.0597727762841081	-0.414486713717224	0.19327539603898	0.201902243907962	-0.196081496101028	0.904253806342508	0.0753564162485221
SBI-115	-0.665670898297267	-1.22518620071716	-1.20868108764986	-1.23433385971644	-2.40509106842515	-0.333533382186101	-2.07916011378641
OGERIN	-0.224333281398092	-0.0989764870772208	0.548812702115495	-0.0360981293162519	-0.209719010460507	-0.658107657756834	0.261758637657644
TRIFLOXYSTROBIN	-0.719121796812014	-1.73394743612285	-0.594925367589715	-0.907834200335316	-1.29379221593558	-0.565550917933726	-0.260677940897531
REYNOUTRIN	0.274775080408119	-0.440671095875597	-0.342290014322094	0.342915883946369	-1.05495439588749	0.587547153690143	0.0890977395626763
DCP-LA	-0.288046521789596	0.681165031638016	0.663531269546157	0.216000211438715	0.133796922310146	-0.734201388625329	-0.180934797100919
20-HETE	0.060219485275449	0.696059456247584	0.28829461581417	-0.20426777107334	1.19387402893146	-0.237973163265683	-0.0802107558337058
BETAMETHASONE-PHOSPHATE	0.10196416933808	-1.02489608632244	-0.0536819289935257	-0.186496379854092	0.331871560819511	-2.08736446397119	-0.0716949323272567
PYRETHRINS	-0.238658328498257	0.0685420755849655	0.391617378406643	-0.61797287691461	0.335894513726702	0.399014739489188	-0.109503687785122
AMG-510	-0.154525612704187	-0.12637758559951	0.0626897160839915	-0.462172422118535	-2.20312278057352	-0.0969819472122569	0.191585131964587
RMC-4550	-0.968201027430236	-2.31741867954574	-0.283426209851003	-0.325163145382183	-1.87443830971025	-4.47205046389896	0.100319697323186
BAFILOMYCIN-A1	-0.133179561688641	-2.28745965041319	-0.882221517974793	0.518267557331422	-1.23752380865258	-0.452138747112211	-1.15546233616521
PTC-028	-2.96197394679566	-6.18534940150017	-1.72249042892421	-3.6685690983178	-5.56309458435745	-2.90770164458076	-4.15826130307039
RAF709	-0.708817470883463	-0.521849990969246	-1.69235462285579	-2.13812703019846	-0.403288905501422	-2.4160325284561	-2.38157668681959
BTS-71321	0.0922067988185198	0.394095836469185	0.44431910835697	0.0253535365033267	-0.291683980316602	0.482950486062721	-0.0341778956628001
PDD-00017273	-0.762417019361758	-0.0907086153719383	-0.563479342035397	-0.27911634628733	0.50692526571433	1.20502255636501	0.0973551154522891
EMRICASAN	0.544533710009053	0.341933621259633	0.186624991866411	0.24341632005198	0.44014814892719	0.758578693609182	0.348102558218709
AMZ30	0.162916739556404	-0.588657215632093	-0.427352697055644	0.0823730346695195	-0.567056720531479	0.606925008126542	-0.54791030363808
MEGLUTOL	0.166483961579657	-0.520777427167654	0.0425123570076503	0.619601056450914	0.167641315433497	0.121799068668517	-0.0736281396266164
CHROMIUM-PICOLINATE	-0.208817255822312	0.753018700879253	0.216496787297199	0.248678806947467	0.410702913789385	-0.0528621482513983	0.231312872463749
	-0.208817255822312	0.753018700879253	0.216496787297199	0.248678806947467	0.410702913789385	-0.0528621482513983	0.231312872463749
WALRYCIN-B	-1.16877979036097	-0.79985751252757	-2.48351355483633	-0.319007190195466	-5.66230597303558	-2.30986040663883	-1.27906088811058
METHYL-AMINOLEVULINATE	0.308349845820191	-0.124406149189221	0.218125230448558	-0.347717783777307	0.299821592351144	-0.268668398119768	0.750549464448944
TANNIC-ACID	-0.482011741132157	-0.674920022559632	-0.0684365522415145	-2.49976870984386	0.370728897529208	0.0452409413586001	-1.02556289523955
BRL-44408	0.0664376665601167	0.844655379210101	0.249354248958841	0.233985127657662	-1.433235142223	-0.294360970722149	-1.28657099139186
3-METHYL-GABA	0.0213157059202761	-0.153426102717099	-0.456949015143439	0.113206010453131	-1.38749923209184	-1.51949953034995	-0.0216407558540062
TEPP-46	0.250729009080134	-1.8119561164895	0.180777470255841	0.418405207080309	0.149417176098353	-0.479191468957146	0.159184789353246
ETIFOXINE	-0.433974468595796	-0.232539638891957	-0.625920205104285	-0.218445500775846	-0.893146534753326	-0.526066625702318	-0.401785441871301
ALPHA-METHYLSEROTONIN	0.148878101554857	-1.32329364440989	-0.330274096358496	0.418392677088799	-1.28846235905954	-1.31323765455455	0.610598226364557
BUTYLIDENEPHTHALIDE	0.0392257232742253	0.472035921803916	0.0328379239847797	0.432247340447216	-0.0281473940015416	0.063756413765917	0.0107171894349208
SCH-51344	-0.638573570089214	-0.0677492420261943	-0.712398893480852	-0.835437550103657	-0.414145092624261	0.534394004256229	-0.347097955133065
BQ-788	0.157978069368943	-0.920102695262109	0.295693131273774	0.148116714373425	-0.584151506262648	-0.215348579699283	0.0529100812199446
AMD-3465	0.115386309269435	-0.973672969555771	-0.146979275135007	1.07098938578819	-1.47336836700108	-0.52360640690378	0.197860310611402
MG-624	-1.3657991873151	-0.522740948352574	-0.47320740052718	0.324740302694826	-1.92000348891985	-0.728798307568884	-0.501686932008182
AZD8797	-0.145210316243173	-0.282339420555792	0.381310478132711	0.0097323950396457	-2.14280683275402	0.680298893721033	1.55584967446292
HC-067047	-0.297491103448534	-0.825157037053567	-0.430126100945263	0.365952235473353	-0.55922754698135	-0.0382252144025939	-0.926620062674522
SB-452533	-0.0792965491917848	-0.0050648416636316	0.337748769834543	0.412199563341268	-0.331101683692233	-2.21301070099296	0.0293759497101218
NS-19504	0.125929752021435	-0.299127170817889	0.334760183917368	-0.331803407479648	0.595515476244608	-0.0048208469206337	-0.176605611613819
GKA-50	0.015211941194013	0.177961247265703	-0.243374462976764	-0.0983774159375967	-0.486094188217546	-0.593535198028995	-0.378794062051565
5-HYDROXYECTOINE	0.502995880913832	0.567017336314761	0.211637823103614	-0.703779146255569	0.125397335923023	-0.402629894562237	-0.110991391809803
MK-5046	-0.180951181832595	-1.21125373168124	-0.496139184982558	-0.256623085953945	-0.14145463558371	-0.869122187854412	-0.720212395661523
PK-44	-0.414600408141934	0.0271732069651874	0.0841832741499864	0.261551093824896	0.26770915495355	-0.0260123640854506	0.285388479176221
CEFTIZOXIM	0.728341416659184	-0.378163013630337	0.534022030424537	-0.234289687721587	-0.158678258549934	-1.82612146703768	0.599012655058076
PD-173212	0.335732274277915	-0.392935919514437	-0.413867592181777	-0.991039596334713	-0.770136101063678	-0.483654907707494	-0.0177747590814831
MERCK60	-0.613001869328938	-1.63550112302604	-0.797164529393035	-1.42860809848272	-1.82711708826593	0.173311101288115	-1.84696567192647
PNU-177864	0.350031027762385	0.368686600676492	0.365306505708144	-0.125960187487729	-0.151485264619281	-0.19999113139988	-0.255639494620665
LDN193189	-4.11684230306839	-7.6357574510032	-1.63372058969542	-5.21597425070232	-6.85261533273023	-3.52716389317648	-6.21062999806132
RISEDRONATE	0.0402015305521739	-1.20895203234164	0.149533161661812	-0.0277084101389342	-0.230840722007372	0.285682287721374	0.277614043160836
TC-I-2014	-0.213036947586796	0.180166180645682	-0.739150401247499	0.229476385242428	0.492576969332023	-0.104739453955126	0.129316505403188
ANAGLIPTIN	-0.02016825717536	-1.92107218379977	-0.0402357208948118	-0.0019713781098377	-0.709003777518563	-0.119382236475564	-0.122892126272844
NHI-2	0.559338672823497	0.17991887735831	0.199743040907856	0.487237893222547	0.169838290697888	-0.943818910568598	0.335531653806747
AZ-628	-1.0094063099	-0.765549337198169	-2.66868101548961	-2.81325026820898	-0.501024367558455	-2.98654811964481	-2.58493745038626
	-1.0094063099	-0.765549337198169	-2.66868101548961	-2.81325026820898	-0.501024367558455	-2.98654811964481	-2.58493745038626
	-1.0094063099	-0.765549337198169	-2.66868101548961	-2.81325026820898	-0.501024367558455	-2.98654811964481	-2.58493745038626
	-1.0094063099	-0.765549337198169	-2.66868101548961	-2.81325026820898	-0.501024367558455	-2.98654811964481	-2.58493745038626
	-1.0094063099	-0.765549337198169	-2.66868101548961	-2.81325026820898	-0.501024367558455	-2.98654811964481	-2.58493745038626
	-1.0094063099	-0.765549337198169	-2.66868101548961	-2.81325026820898	-0.501024367558455	-2.98654811964481	-2.58493745038626
	-1.0094063099	-0.765549337198169	-2.66868101548961	-2.81325026820898	-0.501024367558455	-2.98654811964481	-2.58493745038626
	-1.0094063099	-0.765549337198169	-2.66868101548961	-2.81325026820898	-0.501024367558455	-2.98654811964481	-2.58493745038626
	-1.0094063099	-0.765549337198169	-2.66868101548961	-2.81325026820898	-0.501024367558455	-2.98654811964481	-2.58493745038626
	-1.0094063099	-0.765549337198169	-2.66868101548961	-2.81325026820898	-0.501024367558455	-2.98654811964481	-2.58493745038626
	-1.0094063099	-0.765549337198169	-2.66868101548961	-2.81325026820898	-0.501024367558455	-2.98654811964481	-2.58493745038626
	-1.0094063099	-0.765549337198169	-2.66868101548961	-2.81325026820898	-0.501024367558455	-2.98654811964481	-2.58493745038626
DH-97	0.0640289626751781	-1.24191232661229	0.19407584669618	0.434401295934629	0.480207310796058	0.0261216981851274	0.109132457514906
CCMQ	0.0998538630085652	-0.469306432537244	-0.440152503494872	0.0114091469275198	-0.354129723621714	-0.873533488787696	0.152576900498614
SM-164	0.163920721650831	0.251875528218054	0.478656573037159	-0.908652029008029	-0.538133515844799	0.558324260591148	-0.0039418145072001
3,4-DCPG-(R)	0.0452740426512094	0.107614207364585	0.0978461400991183	0.292558831436118	0.179490604053793	-1.27549356362274	0.550170830188599
CID-2745687	-0.0442838851158121	-0.115142397274023	0.250431461108282	0.657513999280208	-0.323942349025659	0.374855415652318	0.584379618983906
FLUDROCORTISONE-ACETATE	-0.0922775486772634	-1.14936449574352	0.251877348853771	-0.0785622940080391	0.437619313638087	-1.11896997686577	0.736753040553894
AT-1015	-0.400689099425246	0.15833256127489	-0.112763831035887	0.379260705132335	-0.2443879486806	-0.0603478928073831	-0.302729616654076
PROPYPHENAZONE	0.135905986869779	1.13663329693772	0.420405241669911	0.257976021059189	0.0496242034993664	0.445230664242552	0.440014312003016
YM-90709	-0.128291262288807	-1.52081659576131	-0.534355734003043	0.313525072156785	-0.700435181963133	-1.27661570977431	0.186405729540719
17-PA	0.624329858441295	-0.910792045973335	0.0205269607459923	0.200563053432681	-0.509063605976358	-0.973613650264414	0.53274848424841
PHP-501	-0.632615349199653	0.800343020420748	-0.233317349556545	0.807261998968439	0.308334093299105	-0.305838940866056	-0.0289944301033402
NTRC-824	-0.218350206235977	-0.238791833129344	0.429833868004992	0.0209894738314789	-0.530098810310404	0.621224791678369	-0.129251878951626
SB-612111	-0.663138955897649	-0.808915689610335	-1.03797752504459	-0.997773331226098	-0.956507356195782	-0.184654390552527	-1.94794739553963
GANT-61	0.275741461373984	-0.284235893073211	-0.200001046900334	0.497693160232555	-0.229061227918539	0.414783915004005	-0.265517049812141
UBP-310	-0.166951322167034	-0.126164378933499	0.227734577010511	-0.255512497425853	0.128429294359386	-0.285383020389089	-0.111530210487678
THIOTEPA	-0.198663441706594	-0.839621036895799	-0.0427820868777509	-0.334655263091057	-0.768521571009744	-1.1665923123475	-0.112866842177544
S-TRITYL-L-CYSTEINE	-1.986641216723	-7.77066966735738	-0.501548937107747	-1.31898114185951	-2.49254534442881	0.919882660576941	-0.355381440323984
METHANTHELINE	0.319880835529645	-0.078714901160706	-0.019662817978276	-0.154380530532004	-0.0176793024462091	0.257264397651191	0.333004415932777
AZ-10606120	0.0081563505407308	0.258255744002839	0.171157290287354	0.0814992234559177	-0.170243193395298	-0.403112453626184	-0.221820191373578
DC-260126	-0.215125804656659	0.13579227149171	0.659996549412075	0.0614306814863664	-0.411577079795421	0.689410269722642	0.299161674007966
OMBITASVIR	-0.30822991873573	-1.16880044254307	0.561782401762488	0.108305219448151	-0.967319117763008	-0.160530686708003	0.126672223924889
SR-2211	0.710463742830395	-0.748550206257146	0.001160610048533	0.273069603557162	0.062835511746119	1.02957054071364	0.515810872240355
PF-429242	-1.11588182410468	-0.860151115566808	-1.05464260823037	-1.56213416095047	-0.75106313881263	-0.23411574645849	-0.0469857508659075
ZAMI-633	-0.0332380167264955	0.435653253844119	-0.380574713230417	0.249501948058026	0.0959269463213883	0.538053552346938	0.676977672793704
K145	0.363663797496844	-1.61432575042572	-0.510747984413537	0.888189911874064	0.124040665643583	-1.17989977337479	-0.25917488623182
VU10010	-0.27151050621159	-0.265619623785374	0.606697154064282	0.620755231327447	-0.0223769215979694	1.27053008910174	0.441943959902297
S1P1-AGONIST-III	0.19383478783899	-0.412063403953773	-0.171673851576392	0.170446862657303	-0.186859655417058	-1.3638785778718	-0.305246018523244
ISRIB	0.539507460757654	0.240762038255587	0.425035558681092	0.179252264580647	0.340241943672375	0.476272276523113	0.468081567820542
DAIDZIN	0.0132944761720064	0.331506641576529	0.357755753847837	0.290053511731325	0.338995757722836	0.374244500778365	0.674321018955228
PFI-4	-0.0637822320821852	-0.969378109789799	0.302622443722314	0.437729478143768	-0.284586726236185	-1.48543884757355	-0.171104847914166
A-438079	-0.756889855741692	-0.396884806291227	-0.2093979274361	0.295029938664098	0.195777637099334	-0.470345721931108	-0.101039059324932
ZINC-UNDECYLENATE	0.0657587112196556	1.02364879306389	0.246332635988743	0.162722090157851	-0.425466792140202	0.304387404202245	-0.0572367174822621
TRIMETREXATE	-2.12016482278986	-3.62729810241047	-1.57684712999261	-3.25715490627042	-4.69302466785303	-4.47184590914824	-7.18129993824529
AZD9056	-0.0023006512992366	-1.30089534841403	-0.279774104080145	-0.17458919812771	0.0325256295490506	1.30085328156178	0.224248832586228
IBIGLUSTAT	-0.0073158761594905	-0.132940780240183	-0.48715926838216	0.38896667341311	0.203462259205371	0.146496224238499	-0.235282691650006
AZD3264	0.172848911659675	-0.847024442652099	0.374568698757733	0.820164933581934	0.423615218851478	-1.34707348078025	0.0679453399476863
SIB-1893	-0.261058114584989	0.0765182890033574	-0.127366741591192	-0.0685595940326719	-0.0253419837540795	0.184424055996811	0.11082283611915
BC-11	-0.388694420038548	-0.174371869245588	0.924870504377416	0.0446569914985667	-0.322456517401579	-0.788173343787907	0.415253131066739
AZ-7371	0.0609119499027732	-0.36590612883063	-0.438979259338376	0.0128245560360494	1.00385816913209	-0.277749555560358	0.328788660036251
AS-252424	-0.16409489461457	-0.458843948369539	-0.677294772074006	-0.319466066850224	-0.200133808315665	0.207337156436136	-0.495788422451052
NBI-98782	0.303143634979211	-0.509890656708509	-0.312802707995032	-0.219298391549998	0.0545241042438506	0.903928740077752	-0.73128618770272
LY2857785	-5.58425206159161	-10.1498527233454	-5.44645273638968	-5.29423164317638	-6.62339599872044	-7.83497125517888	-8.19592292138071
PIPOBROMAN	0.368330759578075	-0.0717260897994436	-0.0715023429200327	0.0679791906133767	-0.567728047992953	-0.531256590625431	0.058006804973887
ANTHRAQUINONE	-0.280486722246617	0.0171552989901675	0.0253353943778068	0.637316889169354	-0.103073338212648	0.0521661464904318	0.149598948194164
SB-297006	-0.0564922072736552	-0.911168435161302	-0.512306826638373	-0.627422192096153	0.646748862723787	0.423353524468935	-0.214459106672105
MACOZINONE	-0.234682140330094	-0.0028209926339716	-0.222231441886711	0.681404702352655	-0.0368401081464985	0.203900351907879	-0.487349696258545
T-025	0.095611191799132	-0.273213582543247	0.346064030601387	-0.222670146874028	-0.222512410778846	-1.96751937504044	-0.42899188709358
TC-G-1005	0.0649198476929535	-0.409519825205394	-0.225242205144159	0.139550855098721	-0.313772713014051	0.590142727682403	0.0558085133999158
NASTORAZEPIDE	-0.360453433414066	0.413284925646584	0.421198970722679	-0.279942210215815	0.530683810154579	-0.638886491700581	-0.0411842998865985
GSK2830371	0.435141233759333	-0.891690362581729	-0.18066747090313	0.106392066651455	-0.193594686280516	-0.636438463559062	0.0349253411077284
APY-29	-4.71133163134169	-9.58539350139467	-3.64421194511876	-7.61196701624239	-7.66158816947165	-0.28021196167346	-6.19509505655037
NDT-9513727	-0.383599034172684	-0.317653290129858	-0.437279372651903	-0.0490442755630958	-0.0841451052329363	0.170582090206312	0.131964384640788
CC4	0.0593551262541863	0.373958808142589	0.0635776197144121	0.346681058019897	-0.684054545606217	0.58144897134807	-0.0822783886766374
BROMEBRIC-ACID	-0.428787082161009	-0.0235592976716909	-0.412203595515763	-0.421953057016923	-0.819838704378411	0.286518394206431	0.200715345569879
ER-50891	-0.0848305254163831	-0.35127568447376	0.290693422694361	0.0495576600440971	0.258254232765693	0.183537648366017	-0.209584528405397
CLONIXIN	-0.114508678578894	0.606885905334437	-0.145871097691718	0.0759577043808909	-0.410225166010713	1.05573962985378	0.0888570318418233
DEXMEDETOMIDINE	-0.0772282812871991	-0.733543469239248	-0.589070921598957	0.321993398861494	-0.0281558264728559	0.0467195877352238	-0.306047996310003
MPS-BAY-2A	-1.84912771500043	-3.53408416197955	-1.11112096353071	-2.50246412936312	-2.1388305533713	-0.601911396297004	-2.33888243249585
PAOPA	-0.327663066614218	-0.226499942049734	-0.156318349582446	-0.552867672780336	0.224749739563831	0.381613645562162	0.256083689564687
OR-486	-0.389647884176919	-0.408628183317969	-0.136143472341351	-0.434833322509192	-0.310181214644055	0.182505075928729	0.193358637580256
ICRT-14	-0.544505327826982	-1.27378813004256	-0.174912587328908	0.433647877853248	-0.842806707904918	0.940434648545316	0.458302353409213
DIHYDROXYACETONE	0.0192104261004222	-1.01560555639659	0.243366397370146	0.284813652611392	-0.503670217602998	-0.99406601969935	-0.130824033881081
L-694247	-0.536810243718068	-0.547104523706172	-0.0486225078881943	0.15096193242243	-0.556153252207469	-0.671414228392372	0.132069315537484
UNDECYLENIC-ACID	0.867148957393023	0.253490837308846	-0.285815108588572	-0.266314091675056	-0.338058245916601	-0.625132533362391	-0.269620513641712
UK-5099	0.0330846792679363	-0.770619341441372	0.282149938385811	-0.741578623805698	-1.23266066093139	-0.155818011737077	0.469321278830911
TREPROSTINIL	0.522649438547124	0.442863894462582	0.070843669743246	-0.120676525351706	-0.792284644698842	-0.0131008083083747	0.223830419291595
EUK-134	-0.0682524796080405	-0.598742701319734	-0.102633660953538	0.0548943235759535	-0.77149052757495	1.21754974448355	0.334166533257125
CALHEX-231	0.0441882953422967	0.57102945990997	-0.0215539902250316	0.561192682636397	0.406729993388289	-0.660873808715607	-0.043266292452765
TCS-2210	0.0404921312954307	1.18456648743631	-0.853021404353653	0.169429429339581	-0.395708416473077	0.37064800298064	0.0827598729753281
IMPENTAMINE	0.267918370518183	0.420041598924504	-0.0556980607576486	0.281258860310672	-0.619415147324373	0.422345034194249	0.0523662284705624
MK-886	0.234606248647583	0.669225464477109	0.195100291490768	-0.268181472738877	-0.384431728334767	-0.256171701108247	0.498935027229227
A-887826	-0.0168833410056764	-1.1489153194397	0.518025496508945	0.196983632309312	-0.0639117695667118	0.311369526199016	0.0470645953488647
UF-010	-0.083836002437849	0.238274227453279	-0.34992090985467	-0.487480867686732	-0.921698729920378	-1.62294258393982	0.369279510576712
AMPYRONE	-0.0608312903261918	-0.402572669745198	-0.0386185114432435	-0.06951136081791	0.281113009836815	-1.50915755731164	-0.131638753991011
L-KYNURENINE	-0.253540181321448	-0.265139633695049	0.146346209856222	-0.0200970897769123	0.272520092408782	0.33504078475741	-0.45675969148387
PYRANTEL-PAMOATE	0.41014939081351	-0.331084010030407	0.332988397490953	0.476993468066235	-0.279625350890215	0.227565763567739	0.312216894083449
NU-2058	0.246714706107915	0.160927671288886	0.496430646140922	-0.705568933644681	-1.17095759674841	0.227887629603747	0.0745878655309717
CJ-033466	-0.502647997260434	0.0555298471236122	0.0164963021912459	0.18527898074441	0.0680963827794947	-0.44547531328673	0.0803853817926876
BMS-470539	0.320900363777236	0.247483962444106	0.160556531671783	0.777801755727975	0.294323422070115	0.0199198365303895	0.15611079142741
1,4-BUTANEDIOL	0.414119265083114	-0.513811806561957	0.115470974290754	0.155837925626973	-1.79518539664759	0.0278203205962066	0.208803725157384
BAY-2402234	-0.50061489034721	0.0486926300502581	-1.53027541061563	-3.56931193541663	-1.11124110215112	0.535050701203155	-1.40941131804203
NEURODAZINE	0.414339483628273	-1.91301097523333	-0.200895398251614	1.17635199351667	-0.138008970643792	-1.14459936344913	0.0909382502327032
DYNOLE-34-2	-0.0325334598607069	-0.556555402454581	0.280117361687743	0.145539277467545	-0.6113973416736	1.46929985970884	-0.299616635947209
GW-1100	-0.0992796572870761	0.0030283219480647	0.0922793069029764	0.835694338928539	-0.583402738201963	0.246597406915566	-0.16513077933002
R112	-0.912294480769818	-1.35409101761831	-0.355999118813466	0.204244027334464	-0.356637405280784	-1.58692504439699	-0.869579750394149
AM095	-0.137542168174757	-1.12488016166492	-0.351126254618804	0.319000197997149	-0.230690284556578	0.73954976438982	0.486090329336142
	-0.137542168174757	-1.12488016166492	-0.351126254618804	0.319000197997149	-0.230690284556578	0.73954976438982	0.486090329336142
MC1568	-0.0530479923361899	-1.05900173152484	0.587820455853771	0.177882305893742	-0.981203791767462	0.386530641969303	0.224250780440189
NS-3623	-0.244666123326334	0.379086230960339	-0.0152556035790461	-0.297275547459458	-0.869986308136788	0.221431386833178	0.100380305667453
LEVCROMAKALIM	-0.201325463565842	-0.465686740415928	0.339646466688992	0.32769208500189	-0.408999195227011	-0.67335090804785	-0.208428648793421
TMN-355	-0.0821675939590857	-0.781429883052429	-0.122983904701624	0.474665228093478	0.0038190764557891	0.36186693408889	0.17589062208886
CINPA-1	0.305731121967086	0.128118014219491	0.249964530484122	0.26193911188922	0.259403084424675	0.343740259410963	-0.386584343672456
ML298	-0.179932806879117	0.55238053911249	0.140637057378636	0.548206184571044	0.0207421826749362	-1.66713436469529	-0.0109535392661284
LY288513	-0.373333363460765	-0.0342021411711497	-0.194600618647255	0.343916281349094	0.576361869313189	-0.752649738869474	-0.098544491485981
FENEBRUTINIB	0.473510238952932	0.0044987380245511	0.343813817205929	-0.113457785444057	-0.0868251991944302	0.650412016969701	0.464391643812869
GSK2110183	-0.65636531435426	-0.169347059976642	-0.159194357244493	-0.0428117281048078	-0.360917281717503	0.156024312732202	-0.100769814383768
L-PHENYLISOPROPYLADENOSINE	-0.433669896113181	-0.13793631414694	-0.116352085503411	0.194326356489996	-1.11333999968911	0.0867220853512636	0.278774569379472
ML324	-0.576635695094315	-1.62187319381215	-0.413844741891855	-0.31138326791646	-1.99183977955408	0.129727201103245	-0.51771202046422
SR-1078	-0.596983673624438	-0.565604857226428	-0.293561780434425	-1.18121345105367	-1.4318157027108	-0.460540556017335	-0.5748551798051
GS-967	0.595512594869284	0.806079322399884	0.325633302102393	0.0362649699879977	0.689447861874137	0.712338395238507	0.0489649395313176
MI-14	-0.953285993838489	-1.35768425512712	0.139630283463198	-0.059758489144557	0.0565476169352863	0.653915411280801	-0.454612114884122
CINNAMALDEHYDE	0.564867944272357	1.07531912403698	0.2914581931135	0.124763824089284	-0.780711311900116	-0.0802159591401283	-0.534304992855674
CP-640186	0.172370269689974	0.395119472400883	0.11933962850806	-0.631641678412888	-0.176697330249706	-0.32790055153939	-0.18741183335813
TC-G-1000	-0.098883661370047	-0.344689314882073	0.345023858025987	-0.0031023584725502	-0.363142034138231	0.312336934567256	0.164099237811328
CFI-400945	-0.629987463109156	-2.46171686387896	-0.68350787946173	-1.27540150445146	-0.634140086706423	-0.602840084775333	-0.814304191237161
EPIGALLOCATECHIN-(-)	-0.132688148179827	-0.465549880896754	0.0535510540467651	0.101596715583236	-0.352877270529814	0.171895531767343	0.588760757508587
KARTOGENIN	0.175292694049394	0.275906234749114	-0.348022390038454	0.371708035206123	-1.46983646134267	-0.0470061453761454	-0.586783696956807
RUBOXISTAURIN	-0.88872325489911	-1.3906473508826	-0.773287196959292	-0.627884047448152	-1.15126553941613	-0.0909115432820038	-2.19419855932723
CIPARGAMIN	-0.0806612269080388	-1.04776693001829	-0.813209015822929	0.123945477692615	-1.66271569670799	0.0444840317155757	-1.57686031742721
MK-2894	0.25340610412401	-1.69596373227456	-0.0434734435285904	-0.19691193774703	0.340108006395035	0.513983457666149	0.437691135919802
NEUROPATHIAZOL	0.12075370134969	-0.0854855085801766	0.172668715088371	0.554907488261205	-0.0068887230243358	0.216891264708383	-0.314584455790942
LORACARBEF	0.0365348884232669	-0.721730558730371	0.0890805723844056	0.291421338122342	-0.899956847276885	0.100057141669805	0.568750504933208
D-157495	-0.641154214384858	-0.62643771100471	-0.187687427727187	-0.640771716255105	-0.354800070195346	-0.217722729237916	-0.0999169294347365
4-DAMP	-0.202383707964542	0.115775621820926	0.332491687597635	-0.168998353022088	-0.244151405670119	0.559028866724567	0.533842370333442
BMS-906024	-0.056328881289688	1.22509173790317	-0.937881654240214	-0.701431831095508	0.484078730292926	-0.0179086310522544	-0.229856736729032
TCS-OX2-29	0.0361475556583165	0.105779882166276	-0.172541480227312	-0.122684180354431	0.0315214895789022	-0.168356893032049	0.135617248389816
SCH-202676	-0.466997882746005	-1.04855022061828	-0.297712252815436	-0.413645987055537	-0.859733740421674	0.123198559739702	-1.51857662307119
DALBAVANCIN	-2.87956297067489	-5.5585863237624	-5.64017069527204	-4.95426470917244	-6.28475938288551	-12.4890296124641	-7.1937646115013
A-485	-2.38121923392211	-3.3940942421262	-0.777744790240836	-1.41668975018822	-1.21969714086057	-2.34513949410701	-1.00101653146951
6-AMINOPENICILLANIC-ACID	0.365854299464621	0.0165528288787631	0.373712059466233	0.063608494410977	-0.0559700633841465	0.578386795897416	0.0285973771399913
ASC-J9	0.47527915318189	0.106832211211376	0.19728327301453	-0.701303211772748	0.0016920747583491	-0.0678474782940884	-0.145286119113028
BURAMATE	0.124225440795531	0.818397996805223	-0.651800893647468	-0.157313106532245	-0.464176751944562	0.595685779136028	0.127388353498975
JNJ-64619178	-1.26249395021192	-3.3225506713093	-1.87318184584951	-2.24888136022073	-1.79569396661292	-1.82338442265198	-1.29611074164548
L-760735	-0.368839718694569	-0.382897375347856	-0.197884115773635	0.614339238054087	0.0268928576489101	-0.494117798787336	0.296091467712722
AC-261066	-0.510070374757669	0.0998474861588399	0.308187018884024	0.57468420462203	-0.426733819479927	-0.743639013166065	0.237574627262128
MCN-5652-(+/-)	-0.403761622978651	-1.17328349421945	-0.392438686964842	0.105297762633849	-0.197554286029738	-0.289364693452407	-0.0932501449015622
DEVAZEPIDE	-0.3872434839435	-0.474637775859571	-0.247990712815299	-0.190698389290088	0.333274587366487	0.408105068213536	0.272211611703496
SDZ-SER-082	0.0032156457628452	0.339641962207626	0.625167778899255	0.252986600757708	0.936758367007505	-1.42777831573508	-0.265920311096379
GF109203X	-0.594316890741535	-0.10994189122663	-0.31820608363276	0.0459409178205403	0.468460297348613	-1.11421511990637	-0.619873391700107
DIHYDREXIDINE	0.115325694501009	-0.689107483898603	0.339264024045706	0.668125516191904	-0.262005467655598	1.03594555636692	0.176033497659026
PEMIROLAST	-0.201007370885289	0.734209695405216	0.0017313567547564	0.149372799937747	0.899715595397817	0.844395603788429	-0.471862812553909
FISETIN	0.190308208730869	0.0496238812133962	0.181780229230552	0.143716165214073	-0.464120495706233	-0.0935118660340482	0.0241505429671402
AP-18	-1.99499937643547	-3.11534359552302	-5.3152986166686	-3.01463347340626	-3.83216240888487	-1.17338597572927	-6.04339479375004
VER-155008	-0.0159288883768269	-0.324034435877924	-0.40980039323956	-0.459502245655927	-1.06514389183299	-0.826899742155549	-1.11408812510902
AMMONIUM-PERFLUOROCAPRYLATE	0.0008696851707932	-0.37379311591454	-0.0803678615980868	-0.875111180159076	-0.420287529258758	0.191435678778377	-0.31265545593693
JHW-007	0.0954843827669379	-0.4844759655355	-0.152661316566447	0.0984152267298654	-0.24122701105576	-0.426918304739549	-0.0191633036485765
BAY-60-6583	0.193701526502449	0.443992715422815	0.0456930117502321	0.0188679115841852	1.11743945103603	-0.996360340868468	0.170110812294844
CP-471474	-0.100655613949776	-0.273707108653723	-0.283855025169474	0.390504004910278	-0.245700851358328	-1.38682442970572	-0.111442190178053
PHENYLMETHYLSULFONYL-FLUORIDE	0.413889355580395	0.738946127927733	0.297091275730502	0.587528571543336	-0.189800773682017	0.563674859627801	0.313428064194828
N-METHYLFORMAMIDE	-0.107139348375529	-0.305836165843684	0.424734454860022	0.0830137240215416	-0.465736678554049	0.148996145328993	-0.159805539312476
BRONOPOL	-0.0537239664324113	-2.18382940418905	-0.239262627592901	-1.13106239106201	-1.4718388960403	-0.381881170753885	-0.678504586227758
GEPOTIDACIN	-0.312665438842969	-1.00701734984634	-0.473303878195972	0.306173829560635	0.592640616648042	0.275984135795411	0.0826752605822531
PSNCBAM-1	-0.256631244419572	-0.222109689156122	0.612394321723431	0.58780666027656	0.043936993392649	0.0613369499573153	-0.306326868045773
GSK-LSD-1	-0.491471798460263	-0.137206927210175	0.0058903698844224	0.306986588188185	-0.487632015068352	-0.0632934893522405	-0.0078756432704096
EPZ020411	0.272503672913023	-0.366376093785083	0.266085641114641	0.331816853637089	-0.700616447500683	-0.0238144475852212	0.35328078113243
CP-94253	0.204856650288316	-0.0899972545856109	0.224651878531936	0.30638646967604	0.717743692950851	0.266882815094024	-0.457609483609846
GNE-7915	-0.0252950751790098	0.993481660801004	0.52011938297077	-0.016135546880879	0.14217689667625	0.334330901508121	0.370003168006174
CKI-7	0.0562837713012534	-0.647948971466532	0.319618887315	0.24835151683816	-0.299920306009228	-0.555653472173279	-0.346998507190266
TC-S-7003	-4.64470480738549	-6.42856765368559	-3.305189524704	-8.0426897566317	-5.3014447911538	-3.72355125692174	-8.26932162552968
ECTOINE	-0.324738983026751	-0.332156136034182	-0.17596509828146	-0.409083318635788	-0.279610913663173	-0.377993666929026	-0.641497888828472
BMS-536924	-0.985388648107737	-2.7236376476291	-0.160850306664451	-0.237877734012804	-1.13021775961559	-3.929937584661	-1.44778665143263
PD-118057	0.241590499504285	0.195767540785647	0.162979107837226	-0.493098355533869	0.950746773660229	-0.129096141098402	0.378810210021087
SJ-733	0.437800234941359	0.552375191040632	0.219721498159139	-0.188562484616001	-0.603475526327994	-0.452048545675715	0.174063206077242
ACT-132577	0.0730025279275078	-0.159510743749207	-0.723269237792589	0.719424733906696	-0.0703858596954289	0.276395417995904	0.503887587080376
DSM265	0.379581586874578	0.575948446956195	0.226034635436016	-0.323619464960274	-0.5124131892245	-0.0810465579219766	0.203017979215207
METHYSERGIDE	-0.23113234429352	-0.670116845863782	0.0428720087166639	0.3044200197649	-0.397273474982904	0.11173061977718	0.302184015890639
ZSET1446	0.236020822414721	-0.507067981334656	-0.572036823636565	0.16429036507215	0.548175748816944	0.486897536541912	0.0944765984177003
PLUMBAGIN	-0.109742145360512	0.371243376854521	-0.378867770205237	-0.136663920556921	-0.0165678732562207	-0.832420274326893	0.534218958696427
AVE-0991	0.105468743353456	-0.383652901170407	0.307093380103143	0.386875059567216	0.491037023803512	-0.772762076427591	-0.369005636276891
VBY-825	-0.178998244753732	-0.57678703092182	-0.102241662881264	0.201200947403295	-0.475824115513453	0.53597382410316	0.247520637155766
TARTARIC-ACID	0.0270091477119439	-0.188968244850788	0.403155703976381	0.227769687555703	-0.301282036464062	0.332876574563	0.000826129881436
GW-542573X	0.144166216602775	-1.1265677247602	0.632045930269016	0.443763451174354	1.03053599032467	-0.0558672225171731	-0.243631768753057
ITX3	-0.0479702420073208	-0.617989794847813	-0.295564396320052	-0.280532402824037	-0.594008207597152	-0.398092760071017	-0.311434187640582
CINCHONINE	-0.393485714911946	-0.0611684124759233	-0.0333217125968234	0.297168828319684	-0.332377386554929	0.207221842612851	-0.114388097801523
GSK1562590	0.366116991893034	0.0821534251194869	0.241601351243102	0.11919986562683	0.460033000687346	0.46554566473139	1.00564326291046
S-07662	0.062907197468018	0.696328715837043	0.327556014648565	0.239963353998206	0.239423110772411	-0.159491619999475	-0.241914471287314
ISOPENTYL-4-METHOXYCINNAMATE	-0.344590989897107	-0.316729454867462	0.130055492224666	0.486346809887614	-0.444598520211746	-0.77391027852371	0.216865113142105
BTB06584	-0.226082345383777	-0.0227153815077369	-0.0614525228010716	0.493392726351409	-0.686378819853169	-0.587744838562405	-0.194650757219412
OTS514	-5.94944132576916	-7.59575009160949	-6.44381555467355	-10.3882961351383	-7.67397773443154	-5.7783430644056	-5.64301680113719
SPARTEINE-(+)	0.272435868633817	-0.230364116117718	0.676717850705748	-0.414504800613948	-0.313734744221714	-0.223965515377896	-0.274783721606069
GK921	-3.94791993680834	-4.22013232065134	-2.00626861831875	-3.82503894105508	-5.4718113238794	-3.72256854034184	-3.75983262642998
APY0201	-0.388342580076537	-6.4942455819487	-0.443367398793948	-2.50161102035683	0.586757932243464	-0.642582352523427	-0.554268722418517
SIS3	-0.882376582776433	-1.2166625128267	0.300857380696365	0.300527322587477	-0.318872260661221	-0.509812061867348	-0.0061019253729447
UAMC-00039	-0.131190153542096	-0.434636940274371	0.270322116588871	0.23677454025357	-0.848586438570369	-0.185704950077607	-0.0995589655231462
LIQUIRITIN	-0.179910131144278	-0.260061656689614	0.384470985708573	-0.395309989256569	0.161510796253282	-0.0106883812284745	-0.0354239073583973
L-755507	-0.105476231172598	-1.04351030873885	-0.223912991500411	-0.119698122130634	-0.286576823931332	0.519987684146716	-1.0484136324972
MIVOBULIN	-4.45045416468732	-6.97700643892608	-1.75748896378121	-6.29525764394301	-5.31326454007327	-1.03318887610565	-3.37736012857656
MICAFUNGIN	0.0967048945570821	-0.229324690224822	0.484567126366434	-0.314323754393765	0.50665678005706	-0.232343630404008	-0.379815341780143
BUTABINDIDE	-0.284213327121662	0.298399204337038	0.59582360822064	0.220493936416484	0.0398598810973383	-0.567522499071018	0.584693349922946
KRCA-0008	-0.436125013422614	-0.884963837074767	-0.775354904434948	0.912184208711947	-0.785872604138616	-0.81049960669661	0.317851374604811
ZM-39923	-0.0232699598654624	-0.425762131471246	-0.10175064570568	-0.191378456015163	-0.55878001015525	-0.322841720362252	-1.8552247780339
STAT3-INHIBITOR-VI	-0.0496712124130816	-0.480938899374471	0.266243890595355	-0.391182437113901	-0.129711686591645	-0.346402298328292	-0.0439274339247134
CYPROTERONE-ACETATE	-2.06579888063362	-3.77758977033957	-1.68767777467373	-6.68432100952763	-4.83413454915466	-1.0997288857544	-6.57128855755045
DHBP	-1.33716387866333	-2.6697174664134	-2.09761980583752	-1.22413233428427	-3.18170665655263	-1.06495703305519	-2.96157217061152
RN-1	0.336589109379299	-0.206176326657992	0.273433652034581	0.330727144932698	-1.23193714691426	0.0997127914420265	0.295889800256083
CABAGIN	-0.254157674640041	-0.70811081086069	0.718844857520567	0.133621762941689	0.186822719118125	-0.442782614035076	0.0983823531378702
JNJ-27141491	-0.414820612208301	0.262900399931364	-0.138429590557562	-0.66336133545213	-0.158877683863273	-0.481479469443718	0.342659996016203
AR-C155858	-2.35451300314116	-1.00447037363122	-0.739043882069697	-0.702797640427611	-0.231058329362373	0.592050331743995	0.0429706807099241
SF-11	0.0189991159468757	-0.768962042477146	-0.0136630174579603	-0.151886300466456	0.651753468115897	-0.371327780356164	0.0335854949058407
JTE-013	0.121370668202848	-0.459173830305312	0.296227811400376	0.791813060604901	0.593374491502504	0.426093011578201	0.0531552167739669
GELDANAMYCIN	-1.78370750806028	-8.78227004871675	-3.99544896033295	-6.55487467099053	-5.67403259243418	-5.10953039035367	-4.88913449078585
MPS1-IN-5	-1.19845400544673	-3.81874521982088	-1.56609271822991	-2.4689003746403	-3.46814013196318	-1.87582075692464	-2.96596919762779
LEVOBETAXOLOL	-0.266488326101947	-0.329584383630652	0.331394931462443	-0.15688159986801	-0.459973576790361	-0.483336015089433	0.275554727138052
AMG-176	-0.779408441805726	-3.59499505579008	0.234846864965529	-0.602678015312607	-4.1192663607544	-0.118607526136366	-0.601870877171019
THYMOPENTIN	0.249546060416325	0.910280217089391	0.323036501265724	-0.387863848850493	-0.0209906335415982	-0.222298501980698	0.367594403396608
PHENYL-SALICYLATE	0.123985913335892	-0.921808622679002	-0.38853119707237	-0.247833086757369	0.0456489358376704	-0.0589876056892364	-0.0196118697346848
PHIKAN-083	0.390257488346836	-0.453640486158081	-0.0540280465410462	0.563082971413887	-1.4029590168163	-0.0700462814359032	0.209281218632603
ASTILBIN	-0.243012214626865	1.17990402407899	-0.14860646526398	-0.24863042747876	-1.70482039866907	-0.8305965410137	-0.211104146405516
TC-H-106	-0.0145294896810227	-0.191616180851496	0.0909726966094659	-0.367454554100601	-0.193507127329439	-0.827487044110883	-0.693817797595203
MERBARONE	-0.898657977930958	0.137770693595232	-0.229530192829389	0.332330739203981	0.568279042011941	0.92091028628591	0.453827208113906
DSR-6434	0.0054165840575971	0.760881129030376	0.503390989380278	0.435095835241469	-0.241017089666932	-0.0915950132215337	-0.097939484637498
METHYLBENZETHONIUM-CHLORIDE	-1.79450697465508	-0.348536708418007	-0.877633959020757	0.0382711167289656	-2.66917603256716	-0.0187783156375586	0.0207847575424777
GALLIUM-TRIQUINOLIN-8-OLATE	-0.163204956421529	-0.78158608321087	0.0721518963178878	-0.993716149781967	-0.605407948508041	0.607810783847435	0.385547542083976
PF-06651600	-0.074209165417064	-0.522808210953075	0.308143311977032	0.114570801926348	-0.329402421146071	-0.591294035024717	0.152188817632147
NK-252	0.43271976382715	-0.190257672697894	0.185953420163039	0.0629092418502499	-0.327388457109063	0.151252330588215	0.415434024943964
AZASERINE	0.509758951012719	0.0861954373285015	0.216150392193918	-0.3465511087813	0.330443578783053	0.60958940954863	0.0042478521743823
DIPYROCETYL	0.576068458349809	-0.0561015500123338	0.317938797878004	0.157216981288874	0.83009971324443	-3.00566562879178	-0.399929960837312
BX-795	-1.51858661778494	-2.11040234173171	-1.03517588627037	-1.98854590057926	-0.703810916552244	0.669558481255594	-1.14871274939333
PHA-568487	-0.190932747420106	0.0736542289388601	-0.0885486074815678	0.31914976563466	-1.19354018106415	-0.772205007516243	-0.0776689955584523
YM-298198-DESMETHYL	-0.703336235583733	0.575465837523907	-0.20539424923121	0.696297711629868	-0.326684491344604	0.680510128370788	0.416862527856507
FH-535	-0.0989460990028772	1.29504887839029	0.193180179932363	0.232247985244775	-0.861601828379111	-1.17838807771703	0.511893434544581
JW-642	-0.325552403953224	0.429106712062307	-0.299521325876472	0.264642562484102	0.480499190951883	-1.11233082325263	0.260091156506216
Y-29794	-0.497529698869514	-0.513574662906682	-0.364551363826945	0.758333552883726	-0.803143586499264	0.59413321425864	-0.160650728919644
CEFMETAZOLE	0.147569953158939	0.404071084980354	0.338694272698666	-0.157470146165872	0.0064864717178101	-0.68893993091396	-0.251213631349332
PIM-1-INHIBITOR-2	-1.07332275997487	-0.413289781993289	0.159105871372108	-1.13263264181486	-1.3076095365912	-1.66114452524543	-0.607451972979501
LIGUSTILIDE	-0.161412141605905	-0.222962296317075	0.0752490967820833	0.275222578258116	-1.08646257961418	0.30917190189518	-0.566109534275483
MADRASIN	-0.244121897872358	-1.17023183945206	-1.33219771239656	0.616312819699557	-0.666494417218132	0.147684051275742	-0.0626530858013495
RIODOXOL	0.0605964850349709	-0.769159097628457	-0.0740873944207486	0.0020795099927312	0.29087490414183	-2.0261098156826	-0.0571854901046756
ETRETINATE	0.279724099908273	-1.60155924773679	0.32490968504403	0.520591299528254	-0.612639663740441	-0.404247877462545	0.502394533805331
TCS-21311	-0.198942648021382	-0.524444935333456	0.125462660665561	-1.45786979775729	-1.85636745448663	0.0038898992294023	0.707169041428628
COT-INHIBITOR-2	0.666116786949087	-1.14216077589214	0.477680459629911	0.5829868418788	0.20625582676739	0.474027012420361	-0.153920975991594
HECLIN	0.465514649683194	0.0131327681819186	-0.196206607104046	-0.490865696765809	0.371580223652719	-1.32242308656318	-1.04475072034072
WYE-687	-2.22081160187849	-3.89762563852438	-2.20831084361016	-1.35316215776025	-5.26170881678062	-4.03454466312931	-3.54802765147447
LMK-235	-0.673355960303138	-2.28953473151042	-1.54659724173836	-1.89014051637225	-1.57270367813475	0.641945331409619	-0.446129679160526
WH-4-023	0.653165501603347	-0.983678271215551	0.273191466245412	0.317626359102987	-1.36658174031334	-2.04973409724077	-0.639447267605513
XMD8-92	0.182414196542055	-1.63437208678217	0.979118715102883	1.04170893708503	-0.0701287605678952	-1.69944042571448	-0.601640182290202
BROMINDIONE	-0.404272253661267	0.0690961921423278	0.24833359306361	-0.305682418091469	0.536990228124515	0.0160079906119838	0.0945111208567383
GSK2837808A	-0.096215118881097	0.493267916060458	-0.0619804378471994	0.331673963694459	0.319192532758881	-0.814722466943665	-0.0024573862236754
PF-8380	-0.320582464331621	-1.08329135220305	-0.0877041755505214	-0.308100238657408	-0.255524349260832	0.629645273774401	0.0563082165583756
MDL-27531	-0.48341361073454	-0.247066358575849	0.07586005807909	-0.0995374217115728	-0.0267683920384391	1.42610265514873	-0.391797448533269
CARDIONOGEN-1	0.236405750419913	-1.3218092108752	0.240321469055288	0.0972146700161645	-0.489882607117579	-0.344845042200417	0.0973040170713988
PF-03882845	-0.190127942302959	0.632879674821542	-0.0496935151778318	0.160217352655396	0.285059269858436	0.480168811651542	0.152384767067666
SD-2590	0.177582812396732	-0.199676897013788	0.176906784801406	0.947040640336473	-0.783943554769639	-1.29793012218731	0.32599851997729
AZM-475271	-0.231360040408349	-1.81369710088496	-0.185168451100201	0.570680857161296	-0.0458697275326342	-2.86297241409665	-1.3671631711942
LDN-27219	-0.0995027793501575	-0.463862192363357	0.333667132354884	-0.515624401516744	0.130307235693555	0.0639022984137187	-0.0042579550515618
TC-S-7006	-0.354486416485525	-0.788623918435493	0.032643853220723	0.12027442780157	-0.244434549252999	-1.09977625200915	-0.34298791658068
TEMEFOS	-0.280968528212868	-0.435458118750193	0.151510769871614	0.514989378728474	1.28640373018821	-0.894856731562666	0.831328045533336
YM-244769	0.220045790434493	0.098073097275879	0.161319177871821	0.189677084737118	0.517124407890024	0.302922676601419	0.167139714403941
SULFISOMIDIN	0.0363360967181111	0.405298203388869	0.0808435725810628	0.188408675850738	0.762291224964431	-0.216990540938024	0.52547135921262
ML786	-1.41419160885835	-0.401488289129375	-1.12220141543583	-2.53148400943667	-0.523436578731283	-1.4153515711874	-2.76699347261705
PCO-400	0.0344733565506332	-1.01547850137861	-0.0127429746091608	0.261367735393121	-0.603990752904116	0.415162595539556	0.450843055483672
AZAGUANINE-8	-2.10114004738568	-3.6367778312958	-0.834879350367299	-2.92519334676962	-5.33376114270655	0.794006341839683	-0.580375788093032
BAY-61-3606	-1.1122870803437	-1.9274919231101	-0.244419843891235	-0.66306558538941	-0.731750295156699	-1.11081658060187	-1.93063851236248
PROPAGERMANIUM	-0.0973711347059336	0.446870716316073	0.151591056311529	0.70976931161444	-0.154204649867132	0.494682604712522	0.302167844867014
ALANTOLACTONE	-0.0792103621760744	-0.0701738169099556	0.0169836440192144	0.270658425294061	-0.180504173409285	0.0333998113488028	-0.222565869608009
METHANESULFONYL-FLUORIDE	-0.0515106787452462	0.71668045633046	0.474069505288437	0.559013308553296	-0.717922399125367	-0.777453558823576	-0.300097231427343
ISX-9	-0.612555776717881	-0.610666600910447	-0.246831842389733	0.470267818170833	0.72299693070327	-0.681597431165597	0.48915708696094
CARBARIL	-0.328691450392212	-1.54473022668015	0.237311085560542	0.97925628029418	-0.143791683347731	-0.37982287053184	-0.322950495812308
DORSOMORPHIN	0.0651193666615161	-0.228613463635588	-0.0474196661651236	0.0810989427140611	-1.13289932260932	-1.75680195275536	-0.349411445855486
TC-O-9311	-0.67780471390426	-0.13164260390439	0.415622650118556	0.294524202709573	0.4250147025839	-0.362594864158061	0.143600139308891
SBHA	0.356414394697757	-0.0406542508199125	0.0777523309869423	-0.239423836617945	-0.109485001929072	0.363978391696033	-0.253506821776283
PARETHOXYCAINE	-0.40854048967923	-0.315580250719602	-0.741849431933653	0.229043520464214	-0.0504859523959821	-0.475208929446868	-0.130157318386002
MIRIN	-0.0614051509366109	-0.534653205717426	-0.408797351971404	-0.107583394450574	-0.0881001528277824	0.519664083301554	0.312791411549658
WAY-629	-0.401179496796475	-1.27036155962146	0.104633308434906	0.478239607123522	-1.40597048921562	0.76304791785032	-1.15311397948607
ON-01500	-3.20781688737591	-6.85534954347116	-2.18637314297835	-4.36818373950062	-6.89804978674626	-1.27529501180099	-3.36011480764696
BMS-182874	0.433652857030103	-1.33622684966372	0.276730385983628	0.50085758639468	0.0075658721532508	-0.0527228467294508	0.0777183932714634
ISOFLUROPHATE	0.0130435937208759	-0.226918171047411	-0.377389755244037	-0.73095563206608	0.712107281507578	-0.591318308552705	-0.425065749736713
ETHOXYQUIN	0.472383300214234	-0.429026676152306	0.305322091531952	0.875828386462722	-0.631839821125758	-0.293399833548933	-0.0829534943110981
CQS	0.282565617430361	0.204414910507605	0.582927177564654	0.221756947067762	0.0944205601529227	0.0675495834207737	0.127993056355671
BMS-566419	-0.427201509809072	-2.33636562059491	-0.653248967196286	-1.36913620583311	-0.561968194702378	0.575266244371256	-0.584676347376045
UK-356618	-0.188181865061522	-0.668448386083307	-1.1980301748832	-1.03052795280335	0.231367898172916	-1.45125864483664	-0.57827692588523
I-CBP-112	-0.449556781564608	-0.92590465235407	0.508637717212354	-0.177082026326909	0.984400286558385	-2.18263551730705	-0.297283763567797
FRAX486	-2.0325642374845	-5.10448287599495	-2.84084298942034	-3.86208663015404	-6.7805916893604	-3.3443724151404	-4.77273852886156
MANGAFODIPIR	-0.308210374886892	-0.16321444924426	-0.331803235593574	0.13545373310378	0.175064612576458	0.195081295961943	-0.24196879183828
3,5-DHPG-(S)	0.283228466768943	-0.326762691311781	0.421108288706482	0.199961594866164	-0.0986345247013552	-1.06825344121336	-0.0090629073242472
CU-CPT-4A	0.161432514034925	-0.425055385453968	-0.415276013934947	0.580162343123931	-0.291962195148213	-0.813390993507355	0.0948142798788883
3PO	-0.63396612982524	-0.721093838136946	-0.0083576760851782	0.281895925569312	0.52467168766072	-0.462120595663527	-0.353684568264991
HTH-01-015	-0.476889202335452	-0.444800073667074	0.10849069095374	0.508892076462001	-0.546429455884022	0.837637542143495	0.0197450534237156
CYCLOPAMINE	0.030242648730747	-0.302427973253141	-0.365195154863558	-0.736734918154966	-0.297633327651789	-0.629755263076798	0.517080344210007
A-1120	0.0011076692123827	-0.162139064397683	0.407406789406917	-0.0511599513776228	-0.935109208934811	0.922897909456492	0.33620214906799
YM-298198	0.44097006461746	-0.395485486093248	0.295370833983446	0.987478916892773	-0.766259121324961	-0.939307771596007	-0.264047667945451
ICA-069673	0.408298440961099	-0.666470466995899	-0.158473566860773	0.177801204951278	-1.65988822523877	0.767925422998572	0.0603933539672927
LIFITEGRAST	0.113108173085794	-0.439734810694018	0.374991997363682	-0.290750367892004	1.0452351444221	-0.360842568406346	-0.363066101636796
CHC	0.286444166483143	-0.394331710841853	0.0461154298504885	0.417854868601196	-0.232813110575419	0.301735789054327	0.821269733807877
BENDAZOL	0.207312443227236	0.151115807764501	0.218314706312764	0.475683890173396	1.2596468111472	0.596332077984931	-0.227662036738168
A-839977	-0.172117037831027	-0.4771370340646	0.008467840241241	0.585690516772159	0.191477756058771	-1.54757509442681	-0.276686288511303
YC-1	0.301292526109779	-0.76893960561547	-0.228031776748793	0.742239702522768	-0.491832016815688	0.301356567851549	-0.308464961178158
SODIUM-ORTHOVANADATE	0.0645613395655384	0.0762403075600215	0.323533956772989	0.252811284726416	0.170509739324136	-0.250101532743376	-0.0557267824759081
PROPYLPARABEN	0.413696201284623	0.183484538279347	-0.0193564188061406	0.549569987148611	0.310880135748522	0.0769759828133863	0.112027824642535
THEAFLAVIN	-0.172970728022696	-0.407643844412973	0.062537203899402	-0.947965134228862	-0.0814697791720431	-0.141868442215249	-0.312072838252623
CGP-78608	0.233341874502289	0.0523101101654724	0.512602680158886	0.0125147430592451	-0.0105228687412113	0.481778722674604	0.58800344444447
NSC-636819	-0.31328314357827	-0.856802666577607	-0.188087926711884	-0.179297148454106	-0.194518629476974	0.528397415252044	-0.309544227462923
SODIUM-NITRITE	0.210435781324951	-0.279021920135889	-0.442656743018039	-0.348831813263201	0.307774628411982	0.119926023849755	-0.114504440864298
ESOMEPRAZOLE	0.234304194335708	-0.868132776857086	0.856075677306609	-0.19557050921826	-0.245058961116633	0.167301793736282	-0.313586429431637
PFI-3	0.498028133292943	-0.826911234513377	0.0201950944665461	-0.0601144250857136	0.364736316148122	-0.16899133828053	-0.638047229319453
JNJ-10397049	0.305037185261338	-0.0940075507644203	-0.600693800391687	-0.125369969384349	0.669514680431914	-1.06532255904425	0.35030818464194
DDR1-IN-1	-0.670883950111101	-1.95322119653047	0.108765802631699	-0.193736044570921	-0.531569489849463	-0.240693038889714	-0.260043653184
WAY-316606	-0.198918160993298	0.70449983397763	0.544087509329181	-0.0126168144462631	0.454797156070981	-0.688781543804387	0.449494323980738
FUMONISIN-B1	0.324735741431456	0.613100506884964	0.30016162333421	-0.160941931685341	-0.0672022330901349	0.193885624168643	-0.197746823978488
LYLAMINE	-0.869084563512385	-0.990525398861243	-0.176827609513989	0.22087387190559	-0.70307569674197	-2.01684990154654	0.482754835613536
CLANFENUR	0.466805303001338	-0.0692854802042448	-0.282811540088859	0.42183781193635	1.77135012274326	-0.257083839673389	0.348461605227325
9-ANTHRACENECARBOXYLIC-ACID	-0.163372940704474	0.0343499421395497	0.408585121396168	0.729648648276295	0.717222402059886	-1.24276008261627	0.408981826503381
SC-51089	0.051188491127186	-0.446089120778192	-0.145347284805601	0.164713668696564	-1.35520186598283	-0.0564037145807986	0.1721323002735
SR-1664	0.218358513624521	0.118455733221377	0.239126377083353	0.632166186253513	0.38783576281079	-0.101908541288058	-0.0339912679451532
SITAXENTAN	0.0669600900993381	-0.0101459700560605	-0.396580767883812	0.758038667695339	0.570985488275823	0.214361999616694	-0.550613574061704
ETIFENIN	0.394483044826393	-0.59681545585312	0.272080191089173	-0.338789459016808	-0.520587419438526	0.361643238711623	-0.49619787186824
ZLN024	-0.309556091442971	0.864917629671871	-0.218802859142393	-0.213053200161606	-1.25727496995154	-0.38376872140089	0.426152624629539
NAQUOTINIB	-1.648985722285	-3.62014222637107	-2.20675785426449	-2.74826353230784	-3.56609529454417	-6.72135781887784	-0.917914461752555
HA-130	-0.215465697447758	-0.16038478372567	-1.10932977079245	0.599884574659961	-0.0542733594124065	-0.428183048673867	0.0647351569848138
GNTI	-0.167086925054352	-0.663443121881245	0.261612851016483	-0.0918621317589903	-0.437917135703922	-0.489166261080622	-0.27539273736974
ERK5-IN-1	0.340659755739897	-1.53053997824067	0.845527572612736	0.848499805538872	0.154086366369647	-1.19732086291506	-1.36489816611086
TAFLUPROST	-0.237461897782814	0.666596817298414	0.113924020043327	-0.0637642904432302	0.528002433083896	-0.504533904364354	-0.339827857696513
OXACEPROL	-0.685244963395146	-0.0874373772838131	0.0798365932156846	-0.234635568643374	-0.0997864916875266	-0.0334436143240371	0.322337296836624
SIREMADLIN	-0.012222857131083	0.0115547395339752	-0.22015092856415	-0.234489812265823	-0.954504503983107	0.22999386011213	-0.734300061937837
MONOCROTALINE	-0.0350838427380533	-0.151666143286335	-0.0691710542710639	-0.100055960669813	0.130921055829108	-0.0183642751397844	0.0864781826408152
GW274150	-0.397674419721589	-0.895226172937242	-0.121489324319657	-0.0763588604176818	0.674506040302326	-1.11502518185899	-0.204074850596572
BCTC	-0.324325482050057	-0.605614923182762	-0.046141602907566	-1.8114220926958	-0.646273036101526	-1.02863370511789	0.633092802962714
TY-52156	-0.226676441202143	-1.23358038927269	-0.982433060081537	-0.118865109908891	-1.6774492952865	-0.243583460708746	-0.0719319422480396
BAZ2-ICR	0.118402484442583	-0.506561302854706	-0.704496337664543	0.0420428175520978	-1.50429318493688	0.646492832022143	-0.693136543969427
URMC-099	-0.872224358752009	-2.60154918267713	-0.141737702508843	-0.0461390510219435	-0.978507361568709	-1.6755113876949	-0.682394942854826
LUZINDOLE	-0.0449316140431664	-0.152436643516744	0.385974217390575	-0.0515273906401339	0.161986768855198	0.3935438833868	-0.411285707489522
ATENOLOL-(+)	0.0221075705290764	-0.329308278441908	-0.282340394007375	-0.422115727893839	0.10034859321563	0.075171204143294	0.324220625374814
STATIL	-0.106460884473925	0.303009968693488	-0.573699297005562	-0.393392445496488	0.239433157442722	0.0907081286400614	-0.291538911496285
2-METHYLIMIDAZOLE	0.191471446329147	-0.167344440903983	0.477993031079765	0.116566946349445	-1.39317089005263	0.013339866800398	-0.0132515109078378
MRK-560	-0.812432823967021	-0.212468456404223	-0.154447127581314	-0.0863878694741738	0.400562317872868	0.359329915348417	0.331818329957182
A-987306	0.137423353323562	-1.56541699691049	0.149268292619432	0.700009942873072	-0.252053747728863	-1.14249145975521	0.0973207668046081
GNF-7	-3.13948077452784	-4.57074400885881	-4.75121574280471	-4.59616148741222	-4.74508701465766	-3.65626499350169	-4.21941635995566
GUANIDINOETHYLDISULFIDE-BICARBONATE	0.0880653409250662	-0.896545242103932	0.0695391728640791	0.365510591486681	-0.421235385864262	-1.40638760158019	-0.346318946458874
XD-14	0.0797939389117157	-0.310370012094271	0.555570521504579	0.202222857867719	0.471529180110686	1.08965001098478	-0.425601731439152
ML10302	-0.0300221310652627	0.0332448586798672	-0.231354488136104	0.570199302595255	0.436150659516027	-0.214078885591419	-0.648081284392405
AZD0156	0.556121168982856	-0.189887688018261	-0.170520292875908	-0.280157408483934	0.464530263988449	0.271004667674968	0.0489522007655005
TRIBROMOETHANOL	0.166648803530686	-0.163267524844248	-0.0271408158932821	0.368889656340119	-1.4857657226629	0.083411675933138	0.36254659985708
ATORVASTATIN	-0.527490736841802	-1.0519461795523	-0.174114541774533	-0.785494945147005	1.022752033316	-0.337640471456067	0.560871206011082
SONEPIPRAZOLE	0.248360887740452	0.115254824135203	-0.148975803167171	0.356841053235537	-0.871106924890532	-0.757308892107967	0.142413513665947
CAROVERIN	-0.367165912349219	0.464674969883315	0.228902229824554	-0.0460300603129393	0.170805219127358	-0.030059876016242	0.498314488096439
GSK2334470	-0.191106065072609	-1.43441277625805	-1.25779225798831	-0.415168898240089	-0.809016006308434	-1.20776550790946	-1.4563783355492
GENZ-123346	-0.856725845291915	-1.04989495846161	-0.995260706533942	-0.786003368194419	-0.242309557088262	-1.63159874056098	-1.26733733163109
IOX1	0.18361690684181	-0.451572288548326	0.0791159383248613	0.0410529419601184	-0.746910537050693	0.0849206349434748	0.40693933214317
PCI-29732	0.262101507719325	-0.90984981044162	-0.0944633184434068	0.377904595312322	-0.600925327348515	-1.27823812744823	-0.950111581770438
SUN-11602	-0.0875969613741281	-0.241279371693713	-0.325978134399038	0.0533296954819522	-0.602229866111137	-0.190939176505134	-0.563597547927975
MJ-15	0.15823018911471	-0.714187472845273	0.645544028715618	0.0969119398252007	-0.692870359729584	0.0901420613690195	0.565662545526114
MORANTEL	-0.223700885890569	0.238973222723507	0.55501826918893	-0.0216870491574313	0.487617996295763	0.085941091132264	-0.193318647911762
CH55	0.968974174268882	0.217967218748916	0.371163421971944	-0.353313660555951	0.105746427822602	0.388380596432802	0.506867671989196
TAK-659	-1.56833104471132	-1.49575613099628	-1.07184876366751	-0.672372807627801	-0.92367078923644	-0.424272821995413	-1.210454234902
ICA-110381	0.191316177698655	-0.242775818986409	-0.252409036170036	-0.455096808066953	0.204390822012185	-0.837147848263055	-0.352891782640918
CIS-ACONITIC-ACID	0.188846747209769	-0.223777139105682	0.286192204076007	-0.373449082093189	0.568956417833016	0.733996351987506	-0.206763664916347
TRETINOIN	0.384692328119917	0.731143318225415	-0.175014132523917	0.582743801251777	-0.334368901834043	0.0760315244081306	0.0884214226674078
SP-100030	0.127563046683755	-1.32298513922794	0.0553836832092459	-0.458969401352708	-2.03940509532816	0.855718240759148	-0.0599488659658561
VU591	-0.0531736782636898	0.0836456853445533	0.104612979092548	0.0491722109407703	-0.57910426785529	-1.95628096271841	0.496358701401887
A77636	0.44496081617162	-0.0408016776576114	0.236799576449801	0.670555062656778	0.156919831536654	0.0462714990539775	-0.142520994931323
ALPHA-ASARONE	0.383168949797541	0.2594551454825	0.30605918490574	0.346146546029177	0.300203654056695	-0.344351868910369	0.333984339291896
BLU9931	-1.00405052070457	-1.21620442342825	-0.805387010794437	-0.426361282589836	-0.842375415717863	-0.491101212011057	-0.682096327094088
IT1T	-0.613192715622428	-0.745216772339482	0.176469724208536	0.16639184272416	0.134891789047715	-0.876347676859869	-0.666019722793983
AS-2444697	0.11482693211117	-1.38301479992334	0.257861737504354	-0.692971071757365	-1.25632623214053	-0.999138655878887	-0.831033128787689
UC-112	0.376237481982936	-1.62908398515978	-0.321714110640548	-1.07220780529117	-0.558694871626647	-1.67679824456023	-0.65480710321345
NS-1643	0.158026729685757	-1.02795476476613	-0.314757790995494	-0.479815474532442	1.04496376442016	-1.0882994151426	-1.0431676441835
AMIFOSTINE	0.47434873792463	-0.0686626614864396	-0.0282522802834498	0.094044898461499	-0.217237458820519	-0.679702452747061	0.271074396320085
ISOQUERCITRIN	-0.103281267393128	0.0754080655319329	-0.305036152010697	-0.223017345392448	0.0853478636650999	-0.436397764998021	0.610317189795636
HEMIN	0.0101840962986469	-0.123317847941373	-0.150976874242882	0.449401608186808	0.563767170906685	-0.74208227541049	0.170106223225194
RIBOFLAVIN-TETRABUTYRATE	0.20047067286102	0.101812630913703	0.144147413705137	0.365845988251843	0.728582022143115	-0.699419417305993	0.54221167234463
L-689560	0.104518790235679	-0.0278139880899472	0.0447352158629433	0.0947325854339515	-0.143484501264211	0.104166368350683	-0.13534716992039
HM-30181	-0.319620495584035	-0.451307469500943	-0.248661644826307	-0.213780360387458	0.900071186013686	0.294644275821211	-0.0657543688912644
SUCROSE	0.623050828778117	-0.346617899163897	-0.146553780033868	0.259362299968064	-0.410724515744303	-0.918749963637117	0.401763343143678
SNG-1153	0.0961103991454173	-1.10423982749628	-0.0220654170051599	0.267151166132139	0.194514689349918	0.559677104155826	-0.108745915210688
AMI-1	0.38029675017019	0.67992549304811	0.156817830968537	0.514601945231261	-0.420782237811685	-0.380825282508768	-0.0187208855807348
PUTRESCINE	0.124714987556058	-0.445438233039418	-0.15608014473075	0.0313752355055161	0.863523970599543	-0.179921431659866	-0.0970970851059431
REMODELIN	-0.857381755693861	-1.50281851279473	-0.211239006024226	0.358526946811935	0.596347737785589	-1.11362800052013	0.302402537328757
DG-172	0.73687025513339	-1.60632765067439	0.0836293007404381	-0.258558517613374	-0.525245210203553	-2.10361188757313	-1.1033198271587
CYM-5541	0.0963514674288573	-0.0245560915687771	0.629572023498049	0.323111331979219	-0.367003876976709	-0.20448158879574	-0.181390260047102
PITAVASTATIN	-0.468165484326814	-6.04557624231465	-2.55136226592452	-1.73107241919139	-10.1671686408252	-0.0022744408764721	-3.13157488482844
MELANOTAN-II	-0.0767644526967525	-0.293504707837463	0.160514214696507	-0.564312936150518	0.33015679223865	-0.738152028076112	0.143451084316878
LOSARTAN	0.0672502520443123	-0.0355232793815522	0.0806879864465964	-0.167700388816786	0.722716995852109	0.490712193826581	-0.0025400510889787
ONO-8130	0.0948680885671426	-0.160598581901376	-0.121974555008836	-0.344976830278715	-0.635751984606634	-1.40146043160959	0.456331215633244
A-804598	-0.568211402531954	0.414080269767412	0.145281479519032	0.337555383462898	0.109004078329679	0.10212176993737	0.241115205577478
ITX5061	0.201323666957332	-0.430027123167975	-0.0228359039299497	-0.557123077059175	0.58895180993727	-0.959330750413479	-0.6313407618346
TC-G-1004	-0.281747177654432	-0.0966769237845507	0.44150177916539	0.244385299043891	-0.466324440262765	0.0063926134525175	0.302802553981412
REVERSINE	-0.470061071764141	-1.78729842190495	-1.23863382998144	-1.01340632044189	0.159258796329128	-1.91323580685906	-2.2462451437624
RAUWOLSCINE	0.370268428398376	-0.561815149108216	-0.499498099482624	0.88640294127762	0.432524602371668	0.541453744010581	0.144645727837017
FURAMIDINE	-0.474728358388368	-0.9211312270514	-0.471323863953999	-0.754517728597709	-0.0393065918745604	1.22117883771171	-0.351204753349115
N-(P-AMYLCINNAMOYL)-ANTHRANILIC-ACID	-0.235000092469766	0.668687483588041	-0.370767667848605	0.279606764327556	0.127496133836642	0.281335618774337	-0.299177359233106
RIDINILAZOLE	-0.0077017901804592	-0.397250737142145	0.208936756269571	-0.56019305283827	0.766801739469733	1.23069812293021	0.272304473373457
TCN238	-0.315578516263231	-0.439778760054246	-0.0033566249053228	0.248058699365746	-0.530113967076749	-0.0389568478914601	0.898774497906197
PD-81723	-0.558742373779195	-0.659999615811993	-0.139900161794416	-0.358801497054153	-0.743355387106615	-1.17223377580847	0.153860197704641
ADELMIDROL	0.176573552826767	-0.276791050607217	-0.12311099749186	0.61070055586801	0.662686154390982	-0.730053594892117	0.238886342369005
METHYLPARABEN	0.400169542672001	-0.52154300712453	-0.532787793917003	-0.201583934872	-0.375405559378869	-1.19208323116405	0.104785481446833
CEFOTAXIME	0.111146664772222	-0.0752338688954428	0.0613936434000939	-0.031332951018088	-0.0029868738118356	-0.129868057130156	0.247429472711726
MMV-390048	0.28829362079107	-0.44139587149023	0.442657366968939	0.10013468045598	0.497031309415026	-0.355802620516955	0.511279664386865
PLX647	0.007573709199468	-0.268700843149219	-0.950655803943692	0.492795610448749	0.166255574372959	-1.38875316944676	-0.353950039767161
A-582941	-0.133812878302969	-0.891815519837962	-0.0681214526193342	0.777854095119981	0.534305024636212	-0.187454209583828	-0.202797147585389
SAROGLITAZAR	-0.375142799051368	-0.704167895557359	0.0214850563197071	-1.03363162008493	-0.858807741067411	-0.136812008168801	0.979682348658688
AMINOSALICYLATE	-0.333223640609478	-0.0663162870450717	0.0537209476804681	-0.120035056248079	0.456567104545293	-0.169943443853063	-0.157703404887074
BISMUTH-SUBSALICYLATE	0.200618454193703	-0.145409016295248	0.133227605798369	-0.0411162572357504	0.952449346866477	0.49356556052282	0.167954271167471
AG-556	-0.206544204287268	0.10045932312416	0.56556850212725	-0.76422842613267	-1.00312921166762	0.350906016815517	0.18729555965912
TRAM-39	-0.739138233876809	-0.0395680223243664	-0.552194543003529	0.0352329415158781	0.0983793821960794	-0.729728582008472	0.643599298149037
GSK2606414	-0.48970035304038	-0.430557955673714	-0.249568888400723	-0.195206257797584	-0.782070753210735	-1.01976420259492	0.108129128717145
NGD-98-2	0.056671040200119	1.15859644446972	0.255132058979423	-0.584795252455394	1.00234796910007	0.998404373978284	1.11646721808249
LICOSTINEL	0.259322391398298	-0.0862574226231949	-0.0918394050854386	-0.514972916634178	0.0122410233076057	0.663275269437584	0.0760145754810184
TCS-3035	0.399447946044932	0.0758712345379346	0.218721364840525	0.111886871586221	0.522408409924043	0.340909570138779	-0.0264701468170653
MECYSTEINE	-0.0189890756537059	0.624871036804155	0.189780051530041	7.28372656321197e-05	-0.431125853669244	0.421677650015624	0.172746559713387
ASP-6537	-0.106102213806977	-0.168697294924395	0.245694942621826	0.230128167983711	0.0787862643377501	0.1278580526956	0.0109930199048072
SDZ-220-040	0.323058656931494	-0.0322912431822396	0.183888304755214	0.511331709667045	0.506997795768926	0.761660392498233	0.0115815181853856
ROSUVASTATIN	-0.21846496168087	0.352550840828939	-0.181789995928474	-0.0246556425417726	-0.302975664530997	-0.905849770794932	0.237896542507695
AT-406	-1.04277714584351	0.0606311694732286	-0.55021515256494	-2.55952580999457	-5.00666235333546	0.348888219833575	-0.225327528791936
STRONTIUM-RANELATE	-0.0460460051002368	0.0769400080859442	0.38118296241028	0.375209072772601	0.401442455090379	0.473689012016515	0.183735459205095
BLZ945	-0.421616832250563	-0.0560361470560434	0.309214819261048	-0.969154187270503	-0.309278083536611	0.0065321470832538	-0.416903616569996
PF-750	0.279926895650097	-0.0316021238500482	-0.10190605527246	0.43544444047009	-1.43389956464196	-0.284191759932354	-0.317574318314957
NFKB-ACTIVATION-INHIBITOR-II	0.32478002821807	-0.562914311566462	0.478577447930603	0.351528328137207	0.532306879561107	0.377537475325985	0.0247443684567283
DAMINOZIDE	0.241282646619123	0.0278630455631517	-0.157161495921507	0.270576493918269	-0.759373843207426	-0.266216462167911	0.0287496800700275
JNJ-47965567	0.55165285559959	-0.5224402159337	0.220781770167463	-1.57435566347728	1.14819365700106	-0.199471149441026	0.659033843879174
PAEONIFLORIN	0.150760291662842	-0.545863030807449	-0.227867654903608	-0.250584229484648	-0.0355287947775933	-0.47477168069392	-0.0041503257125061
VU0360172	-0.0151340714183121	0.199692779103362	-0.167948438936732	-0.0816367784385839	0.176003395208841	0.39194086477896	-0.0105304376475473
PTC-209	-0.215789971891642	-0.649377302662628	0.198499912399838	0.0504860844927747	-0.16309092209857	0.285158113052786	-0.554063321504037
R-268712	0.453712723122784	-0.37382596187588	-0.146675613336335	0.0118315590634128	-0.198536411177097	0.166691544316516	-0.233354911550319
C11-ACETATE	-0.104248782319236	-0.251815964342273	-0.405679337978096	0.364795640058471	0.181313908043744	0.530039914120241	-0.15715803355589
CW-008	-0.11014763432379	0.789452030847709	-0.254623054748624	-0.247871127237699	0.295270325572838	0.083490927755905	0.0828456139316906
ZOLEDRONIC-ACID	0.536727018796246	-0.0280372934784538	0.088221699237522	0.28259225074767	-0.888731515906585	0.11471003454237	0.265185468061758
TINORIDINE	-0.19041681481276	0.443410193667105	-0.417435420912523	-0.280452868230701	-0.702748056807653	-0.210448410797844	-0.230371538188214
KHK-IN-1	-0.678162637635861	-0.900484196179577	0.0782482080579977	0.070212509724942	-0.31738946581264	0.285284301177007	-0.570493003403022
6-DIAZO-5-OXO-L-NOR-LEUCINE	0.256947542836592	0.0500575730133436	0.0650109819366349	-0.577808053127437	0.305885425990345	-0.266656992689439	-0.533867886452798
	0.256947542836592	0.0500575730133436	0.0650109819366349	-0.577808053127437	0.305885425990345	-0.266656992689439	-0.533867886452798
SPAUTIN-1	-0.902735444565514	-2.65272572140473	-0.51779226160234	-0.183673660778819	0.0499122696042125	0.629614310566349	-0.19396786971482
BENACTYZINE	0.35186742022985	0.660337387473783	0.398944871886277	0.135310848551163	1.17469032172836	0.224287557241258	0.173365392605766
LY231617	0.0315938246829379	-0.251910473494802	0.0516886900419004	0.487515541272359	-0.305603408043652	-0.259756931040616	-0.443893865771152
MK-8998	0.463848271440773	0.363965616540217	0.245245287036727	0.227647409570146	-0.599004010095442	-0.263955029568496	0.535439469723279
SGC-707	0.0612393404154027	-0.242908012382007	0.351806394693966	-0.227715622642759	0.0696687712111827	-0.54304766941335	0.104073208673292
SPARTEINE-(-)	0.429139803847605	-0.215384005080105	-0.122044182010186	-0.655704404138826	-0.235977405716845	0.439607568773933	-0.505314907659718
BAY-60-7550	-0.0444190357192595	0.574052757669124	0.50739507249332	0.0863844869099161	-0.279584884587386	-0.38147071185017	0.37932230865158
WORTMANNIN	-0.298632434312146	-1.97587720955818	-1.71543087382562	0.0473946489203714	-3.9828663228223	0.666823469781242	-0.423807754298439
NVP-TNKS656	-0.679031458731317	1.07679833147578	-1.28060079533094	-0.0841344728649158	0.290186357328641	-0.210586012645589	-0.476086121932503
TC-SP-14	-0.32742133045301	-1.8844625125585	0.0693694087334237	0.0887888319030226	-0.171663573608772	-0.89407625582822	0.294795601028974
SOBUZOXANE	0.09400138756651	0.247506325479455	-0.105859344327079	-0.374590321285436	-0.762956176027645	0.396133898854549	-0.0935781742669599
A-784168	0.0701677394230827	-1.26038038083954	-0.176458647095338	-0.142044649749281	-0.581952472194385	-1.06405863355819	0.683845449312072
ZEBULARINE	0.301957303514135	-0.473726833167599	0.0506955936401222	-0.25490856497998	-1.24584838320176	-1.1421377796957	0.265810810298129
DYNASORE	-0.285220957588218	-0.489927159894084	0.802870786661088	-0.287745464234281	0.148133617466247	-0.0077578027152555	0.49610578716438
VU152100	-0.340374973296515	-0.83749509607042	0.0834906807018402	0.196109283095333	-0.49146721458184	-0.518324412454509	0.373133544685544
TYRPHOSTIN-AG-825	-0.552886468840757	-0.154906596627024	0.494708899858907	0.0493018514937703	-0.655860045810487	0.79940251469346	-0.626297455096805
TP-003	-0.241302177121372	-1.03385551200594	0.0241950557436913	-0.213451232817553	-0.279603275647806	0.147517183627982	-0.476215270808095
RQ-00203078	0.674257896965142	-0.218612406332593	0.585101315607065	-0.0846597035793308	-0.213903538942499	0.450185464129585	-0.579200078360165
EIPA	-1.43439884890126	-0.700751583320107	-0.1255014651891	0.780201534826233	-0.0676896471511503	0.845890171369434	-0.106864941801884
ON123300	-1.06204066499823	-2.67916946841053	-0.653058286059451	-1.0678969689116	-1.14536396710481	0.189820152297086	-2.54992815373556
CC-223	-1.0777464650288	-2.45930117764872	-0.702185767867846	-1.10598134898704	-1.92088754015274	-1.89387909126572	-1.60010497582927
AZD5582	-0.42463134491602	-2.39710962679603	-0.793110550770371	-5.30744114838645	-2.78836912488241	0.803367043600775	-1.78297393935171
ASCOMYCIN	0.219354072351988	-0.161943912695486	0.100411724295875	-0.33536539881524	0.482333172576752	-0.192304696976234	-0.177928401326747
BRD9876	0.197524800337626	0.279345135110978	0.634523842575173	0.793533419583503	-0.883020138075941	1.30822649278028	0.192553378954618
CU-T12-9	0.123208851230067	-0.397066343744095	-0.320681804362131	-0.258774011202449	-1.41794999779222	0.292884718609362	-0.752093670548486
HER2-INHIBITOR-1	0.211825483196222	-1.91062005432373	0.171230506180283	-0.0948748790918266	-0.765106423714114	-0.151030848156538	-0.524295833549609
AI-10-49	-2.17344127241092	-2.00411452515203	-1.06189854050464	-1.14344046212745	-2.61387237072828	-0.761050598792451	-0.159809577840417
MK2-IN-1	-0.924274507406682	-0.328635150041826	-0.335293315678144	0.286761511273357	0.322556573113345	0.138682554900942	-0.368973978550426
M8-B	0.119235047721947	-0.587249495001629	-0.146340556005137	0.0681033191149818	-0.15325601561016	-0.591388189611678	-0.255792242158934
GSK2193874	-0.0542938890824847	-1.3871528976642	0.119181355722852	-0.369875232287889	-0.0414747132729386	0.0482536831715326	-0.300853802476525
K-RAS(G12C)-INHIBITOR-12	-1.40599535409174	-2.5311385558541	-0.516269944002276	-0.852413072708812	-1.40406358668836	0.751670087100154	0.25183702422005
DELAFLOXACIN	0.478111465796255	-1.50091816693058	0.0341255345068159	-0.234974932360031	-0.211890027366512	0.170187399725697	0.121917689437959
CCT-031374	-0.203807585068436	-0.648223075771519	0.139253651066398	0.172543851926568	-0.558695114411336	0.61279783760743	-0.211728692657548
SINEFUNGIN	0.0406239398847163	-1.34620860145591	0.656713133153305	0.268041021304416	0.452014456217185	0.65748038085131	-0.253534145140007
SU16F	-0.532299231705262	-0.535208827664429	-0.283798459821676	0.686259217283442	-0.836363725155688	-0.329496825925217	-0.699587383839926
RO-67-7476	0.209172640368732	-0.425326181914999	0.465982732287451	0.584258047994018	-0.273538529927087	-1.23928776944979	-0.111479813033667
YIL-781	-0.225878254491706	-0.660942839329897	0.458207882877262	0.764063917430055	-0.0993038650087956	-0.635433920992373	0.408894089861916
EI1	0.485747731504984	0.265841292543788	0.305425581688002	0.300476084838101	-0.727392727355019	-0.657905025753036	0.285855680459717
KASUGAMYCIN	-0.373398573586191	-0.54187095557888	-0.198203122969911	-0.144208998058574	0.377776471873553	0.309681219296896	0.106621548523805
S63845	-1.39893039908972	-0.998623602413079	-0.214310176730572	-0.34685307655345	0.521910889423451	0.745417965581096	-0.450221180168057
CATHARANTHINE	-0.0905925440339337	-0.887774024169146	-0.538837325772864	-0.124177794215647	0.337013952445108	0.161673000105992	-1.16962029027099
PF-04885614	-0.0530803737330077	-0.721771505865383	-0.521496816741487	0.0193875992414849	-0.0762148673521156	-0.141451591346572	-0.327073290015452
CYSTEAMINE	-0.454449576278427	-0.141926950311902	-0.170808656816321	0.848358952113637	-0.278411238596122	-0.502725764331447	-0.607007307931923
OF-1	-0.117597885575296	-0.410099849847438	-0.229809432982479	-0.0824842478361611	-0.435214213024494	0.258314505110596	-0.0399163087824633
IMATINIB	-0.239630053018099	0.61395711177607	0.290611451694879	-0.841480851136922	-0.154202739611765	-0.340083054284057	0.6098587642396
	-0.239630053018099	0.61395711177607	0.290611451694879	-0.841480851136922	-0.154202739611765	-0.340083054284057	0.6098587642396
	-0.239630053018099	0.61395711177607	0.290611451694879	-0.841480851136922	-0.154202739611765	-0.340083054284057	0.6098587642396
	-0.239630053018099	0.61395711177607	0.290611451694879	-0.841480851136922	-0.154202739611765	-0.340083054284057	0.6098587642396
ML218	0.368645429834935	0.112645346997296	-0.158265028496948	0.399835513177418	-0.0382168903577488	0.336140936633414	-0.266203951932131
PD-166285	-3.9546870174053	-6.27241608740049	-3.43708905495906	-3.73784860386418	-6.6996798735923	-3.21083663752974	-4.89479060731119
LUSUTROMBOPAG	-0.216781535070734	-0.315526364753712	0.090546821951617	-0.201677562735026	1.31604941153391	0.515640842765666	-0.424978056429966
NS-5806	0.104484227104445	-0.49298574400251	-0.0289396807561525	0.418791161315344	0.11341617523225	0.406129276905488	-0.160307766698298
OICR-9429	0.0453933722783852	0.116276879732934	0.363714159452891	0.108106530662696	0.391913659013596	-0.332609722292753	-0.378437200640885
A-804598	0.0561916555204454	-0.39285544951663	0.152299051542381	0.215687369417113	0.580376240583415	-0.0183786990734043	0.332709114341858
PYRINTEGRIN	-1.05147901014858	-4.40741958065541	-0.64243010610183	0.185564969376011	-0.672633122954483	-1.79112782032317	-1.8359428523942
CARBARSONE	-0.440240030181301	-0.143336806630902	-0.265244201561966	-0.36427852452582	0.249434543177418	-0.0920020000069616	0.308184323981307
MPS1-IN-1	0.265136587239207	-0.344639761503279	-0.562945582830793	0.751718369755142	0.178838213094884	-1.05838963057834	-0.0788413149910083
TOLONIUM	-4.00381962393484	-5.10235613733055	-5.36144764767364	-3.18236511209892	-3.47511747388216	-4.5501769785803	-6.71188842724258
SU9516	-0.699867276787964	-0.447222471803238	0.265779248760823	-0.17931341253345	-1.38931485902398	0.598559648754183	-1.4908047197971
DR-2313	0.17366469160962	-0.133553753173078	-0.393311317778604	-0.350802631702995	-0.436721307866978	-0.69081387506228	0.409319174661429
TUCIDINOSTAT	0.421115520513037	0.415307297758474	-0.870504083368163	-0.794940710422641	-1.04870182437657	-0.21252118250416	0.107094624156237
PINDOLOL-(-)	-0.0205762702880008	0.731302006274851	0.452770073185479	0.178274756582673	0.190354733118991	-1.03706423804966	-0.233588090856982
BHQ	0.520598864517653	-0.197666579393601	0.109597113509094	-0.0947351321949116	0.343759170364747	-0.973722969510004	0.129892830458951
EXO-IWR-1	0.111965375861868	-0.497706265305957	0.133589488531706	-0.937772401517584	-0.291939767660569	-0.515047567674909	0.142011031787123
IMAZODAN	-0.0358558113816046	0.0106072633663343	0.297339966887561	-0.461032343445565	0.198323234252974	-1.01441478221628	-0.438147664177707
NIFEDIPINE	0.004908301392182	0.0710189548936987	-0.163591398047607	-0.432273312671933	-0.274527642984375	-1.06942977835365	-0.934973405725544
S4	-0.20163293609518	-0.372453492296511	-0.0413582990694674	0.17830234983421	-0.919307142149454	-0.245433192856124	0.180352005116421
CALCIUM-LEVOFOLINATE	-0.0371514481038617	0.339135187126597	0.271191762668748	0.161188055332155	0.126953214629376	0.744901542247316	0.189525201705121
DEFERASIROX	0.113153848019555	-1.46012134568586	-0.323920201324149	0.115139050107158	-0.911135109673887	-1.40569060282693	-0.455606602413055
PD-161570	-1.03682948040649	-5.13521619990027	-1.80831917771062	-1.46894194029423	-1.10532867620851	0.308172867515361	-2.34307693301332
CPI-169	0.217923643691272	0.163993013737547	-0.585622096417129	0.471057364755514	0.352439654591413	-0.423734868829284	0.044814093424932
FERROSTATIN-1	-0.284395617064075	-1.00520477405287	-0.0443120086182464	0.549122818895508	-0.592724774525882	-0.979774664075344	0.569919317074598
GSK2881078	-0.0691948023440231	0.022888569578575	0.159540634210395	-0.101849840625141	-0.231951116289283	0.377031706924082	0.12968441566723
API-1	-2.2951037805937	-9.92065970997604	-1.99397639904822	-1.27915887753606	-3.80333866310211	-2.76736084735182	-2.23538101408552
SAVOLITINIB	0.186628225794519	-0.146216024915171	-0.0832116686826121	-0.277662064783409	0.232224129160818	-2.53802118460352	-0.114634573036234
COT-INHIBITOR-1	-0.0596849893146137	0.322776460849647	-0.20750996278039	0.109883643538922	-0.204153071218104	0.631421375375176	-0.799046983237936
A-939572	-1.91701711808772	-1.44534673262739	-1.74392796739776	-0.529509396631543	-0.539102263597858	-2.10713969265512	0.208883038887217
SAG	-0.141564821855633	0.339583514193327	-0.12542919087886	0.581376771499083	0.199867941226071	0.167937991631861	0.084690902064225
CEFAZOLIN	0.306694360612112	-0.367137074633183	0.355872386444954	0.460837264525423	-0.0181413095308281	0.386147083110806	0.557795011178271
SA-47	0.741720561458813	0.887003429796463	-0.564235206497545	0.107949429713831	-0.859758735334935	-0.757600969004879	0.755617863590904
ACRYLATE	-0.650297968342608	-0.551499882094686	0.0392780116699394	-0.876040807787769	0.186275192231953	0.350520027070252	0.656928094372956
THREO-2-METHYLISOCITRATE-(DL)	-0.576514147006361	-3.65330690455372	-0.921899182313586	-1.43233885094877	0.397826532486444	-1.53781972110337	-6.03524871112891
POTASSIUM-IODIDE	0.29662803794218	0.176035275523032	0.283480786178217	-0.664253662584328	-1.42253274099974	-0.0748400575042343	0.327108979332205
SODIUM-DODECYL-SULFATE	0.363152355804176	0.172470908374474	0.0995615605092906	-0.0846188999319792	-0.324873566965376	-0.229468864638879	-0.441483895617815
PAMABROM	0.12540889866748	1.5207973155083	-1.01161111808186	-0.217490500366673	0.674238264447792	1.23998467734298	0.539409717786705
ETHANOLAMINE-OLEATE	-0.0363394273102542	-0.174332328571535	0.461712878696024	0.0301367999574017	0.0166406820907415	1.40196181984319	0.357174457717776
LASOFOXIFENE	-0.624246103324568	-0.662878525599965	-0.0269586673027248	0.386706488632991	-0.193622704251481	-0.661635015475897	-0.151020556007511
