Sample_ID,Sample_Name,ATCC_ID,Cosmic_ID,depmap_ID,Short_topo,Morphology,Tumor_origin,Add_info,Sex,Age,Country,Population,Region,Development,Germline_mutation,Infectious_agent,Tobacco,Alcohol,Exposure,KRAS_status,Other_mutations,TP53status,TP53_LOH,p53_protein_status,p53_IHC,MUT_ID,hg18_Chr17_coordinates,hg19_Chr17_coordinates,hg38_Chr17_coordinates,ExonIntron,Codon_number,Description,c_description,g_description,g_description_GRCh38,ProtDescription,COSMIClink,TCGA_ICGC_GENIE_count,cBioportalCount,Hotspot,Type,WT_nucleotide,Mutant_nucleotide,WT_codon,Mutant_codon,WT_AA,Mutant_AA,Effect,AGVGDClass,SIFTClass,Polyphen2,REVEL,BayesDel,DNE_LOFclass,DNEclass,TransactivationClass,WAF1nWT,MDM2nWT,BAXnWT,AIP1nWT,h1433snWT,GADD45nWT,NOXAnWT,P53R2nWT,Ref_ID,Journal,Year,Volume,Start_page,PubMed,Start_material,Prescreening,Material_sequenced,exon2,exon3,exon4,exon5,exon6,exon7,exon8,exon9,exon10,exon11,Type_ID,Structural_motif,AAchange,Morphogroup,Tumor_origin_group,Tobacco_search,Alcohol_search,hgvs_hg19,hgvs_hg38,hgvs_NM_000546,CellLineView_ID
21708,LS174T,CL-188,,,COLON,"Adenocarcinoma, NOS",NA,,F,58,NA,NA,NA,NA,NA,NA,NA,NA,NA,NA,NA,WT,NA,,NA,,,,,,,,,,,,,,,,,,,,,,,,,,,,,,,,,,,,,,,,5,Proc Natl Acad Sci U S A,1990,87,7555,0001699228,RNA,Mismatch cleavage,,False,False,False,True,True,True,True,False,False,False,,,,ADENOMAS AND ADENOCARCINOMAS,NA,NA,NA,,,,9
21709,JW,,,,"COLORECTUM, NOS","Carcinoma, NOS",NA,,NA,,NA,NA,NA,NA,NA,NA,NA,NA,NA,NA,NA,WT,NA,,NA,,,,,,,,,,,,,,,,,,,,,,,,,,,,,,,,,,,,,,,,5,Proc Natl Acad Sci U S A,1990,87,7555,0001699228,RNA,Mismatch cleavage,,False,False,False,True,True,True,True,False,False,False,,,,"EPITHELIAL NEOPLASMS, NOS",NA,NA,NA,,,,10
21711,MANN,,,,HEMATOP. SYSTEM,Normal tissue,NA,EBV immortalized,NA,,NA,NA,NA,NA,NA,NA,NA,NA,NA,NA,NA,WT,NA,,NA,,,,,,,,,,,,,,,,,,,,,,,,,,,,,,,,,,,,,,,,5,Proc Natl Acad Sci U S A,1990,87,7555,0001699228,RNA,Mismatch cleavage,,False,False,False,True,True,True,True,False,False,False,,,,NORMAL TISSUE,NA,NA,NA,,,,12
21649,CCRF-HSB-2,CCL-120.1,,,HEMATOP. SYSTEM,Precursor T-cell lymphoblastic leukemia,NA,,M,11,NA,NA,NA,NA,NA,NA,NA,NA,NA,NA,NA,WT,NA,,NA,,,,,,,,,,,,,,,,,,,,,,,,,,,,,,,,,,,,,,,,17,Mol Cell Biol,1990,10,5502,0002144611,RNA,none,direct,True,True,True,True,True,True,True,True,True,True,,,,LYMPHOID LEUKEMIAS (C42.1),NA,NA,NA,,,,57
21650,BE-13,,906763,ACH-002216,HEMATOP. SYSTEM,Precursor T-cell lymphoblastic leukemia,NA,,F,,NA,NA,NA,NA,NA,NA,NA,NA,NA,KRAS WT,NA,WT,NA,,NA,,,,,,,,,,,,,,,,,,,,,,,,,,,,,,,,,,,,,,,,17,Mol Cell Biol,1990,10,5502,0002144611,RNA,none,direct,True,True,True,True,True,True,True,True,True,True,,,,LYMPHOID LEUKEMIAS (C42.1),NA,NA,NA,,,,58
21651,DU.528,,,,HEMATOP. SYSTEM,"Lymphoid leukemia, NOS",NA,,NA,,NA,NA,NA,NA,NA,NA,NA,NA,NA,NA,NA,WT,NA,,NA,,,,,,,,,,,,,,,,,,,,,,,,,,,,,,,,,,,,,,,,17,Mol Cell Biol,1990,10,5502,0002144611,RNA,none,direct,True,True,True,True,True,True,True,True,True,True,,,,LYMPHOID LEUKEMIAS (C42.1),NA,NA,NA,,,,59
21652,8402,,,,HEMATOP. SYSTEM,Precursor T-cell lymphoblastic leukemia,NA,,NA,,NA,NA,NA,NA,NA,NA,NA,NA,NA,NA,NA,WT,NA,,NA,,,,,,,,,,,,,,,,,,,,,,,,,,,,,,,,,,,,,,,,17,Mol Cell Biol,1990,10,5502,0002144611,RNA,none,direct,True,True,True,True,True,True,True,True,True,True,,,,LYMPHOID LEUKEMIAS (C42.1),NA,NA,NA,,,,60
23785,PC/AA,,,,"COLORECTUM, NOS","Adenoma, NOS",NA,"Added info from Paraskeva C, 1984 and Williams AC, 1993",M,34,UK,Northern Europe,Europe,More developed regions,NA,NA,NA,NA,NA,KRAS (codon 12) MUT,NA,WT,No,,NA,,,,,,,,,,,,,,,,,,,,,,,,,,,,,,,,,,,,,,,,19,Cancer Res,1990,50,7717,0002253215,DNA,none,cloned,False,False,False,True,True,True,True,True,False,False,,,,ADENOMAS AND ADENOCARCINOMAS,NA,NA,NA,,,,64
23786,S/AN,,,,"COLORECTUM, NOS","Villous adenoma, NOS",NA,"Added info from Paraskeva C, 1989 and Williams AC, 1993",M,59,UK,Northern Europe,Europe,More developed regions,NA,NA,NA,NA,NA,KRAS (codon 12) MUT,NA,WT,No,,NA,,,,,,,,,,,,,,,,,,,,,,,,,,,,,,,,,,,,,,,,19,Cancer Res,1990,50,7717,0002253215,DNA,none,cloned,False,False,False,True,True,True,True,True,False,False,,,,ADENOMAS AND ADENOCARCINOMAS,NA,NA,NA,,,,65
23787,PC/BH,,,,"COLORECTUM, NOS","Adenoma, NOS",NA,"Added info from Paraskeva C, 1984",F,17,UK,Northern Europe,Europe,More developed regions,NA,NA,NA,NA,NA,NA,NA,WT,No,,NA,,,,,,,,,,,,,,,,,,,,,,,,,,,,,,,,,,,,,,,,19,Cancer Res,1990,50,7717,0002253215,DNA,none,cloned,False,False,False,True,True,True,True,True,False,False,,,,ADENOMAS AND ADENOCARCINOMAS,NA,NA,NA,,,,66
23788,AA/C1,,,,"COLORECTUM, NOS","Adenoma, NOS",NA,"Derived from PC/AA; info from Williams AC, 1993",M,34,UK,Northern Europe,Europe,More developed regions,NA,NA,NA,NA,NA,KRAS (codon 12) MUT,NA,WT,NA,,NA,,,,,,,,,,,,,,,,,,,,,,,,,,,,,,,,,,,,,,,,19,Cancer Res,1990,50,7717,0002253215,DNA,none,cloned,False,False,False,True,True,True,True,True,False,False,,,,ADENOMAS AND ADENOCARCINOMAS,NA,NA,NA,,,,67
23789,AA/C1/SB10,,,,"COLORECTUM, NOS","Adenocarcinoma, NOS",NA,"Derived from AA/C1; info from Williams AC, 1993",M,34,UK,Northern Europe,Europe,More developed regions,NA,NA,NA,NA,NA,KRAS (codon 12) MUT,NA,WT,NA,High level,NA,,,,,,,,,,,,,,,,,,,,,,,,,,,,,,,,,,,,,,,,19,Cancer Res,1990,50,7717,0002253215,DNA,none,cloned,False,False,False,True,True,True,True,True,False,False,,,,ADENOMAS AND ADENOCARCINOMAS,NA,NA,NA,,,,68
21696,SiHa,HTB-35,,ACH-000556,CERVIX UTERI,"Squamous cell carcinoma, NOS",NA,,F,55,NA,NA,NA,NA,NA,HPV+ (16),NA,NA,NA,NA,NA,WT,NA,,NA,,,,,,,,,,,,,,,,,,,,,,,,,,,,,,,,,,,,,,,,35,Proc Natl Acad Sci U S A,1991,88,5523,0001648218,RNA,,cloned,False,False,False,True,True,True,True,False,False,False,,,,SQUAMOUS CELL NEOPLASMS,NA,NA,NA,,,,96
23584,SK-N-SH,HTB-11,,ACH-000149,NERVES,"Neuroblastoma, NOS",metastasis (bone marrow),,F,4,NA,NA,NA,NA,NA,NA,NA,NA,NA,NA,NA,WT,NA,High level,NA,,,,,,,,,,,,,,,,,,,,,,,,,,,,,,,,,,,,,,,,41,Oncogene,1992,7,127,0001741160,RNA,none,direct,False,False,False,True,True,True,True,False,False,False,,,,NEUROEPITHELIOMATOUS NEOPLASMS,metastasis,NA,NA,,,,103
23585,IMR-32,CCL-127,,ACH-000310,NERVES,"Neuroblastoma, NOS",primary,,M,1,NA,NA,NA,NA,NA,NA,NA,NA,NA,NA,NA,WT,NA,High level,NA,,,,,,,,,,,,,,,,,,,,,,,,,,,,,,,,,,,,,,,,41,Oncogene,1992,7,127,0001741160,RNA,none,direct,False,False,False,True,True,True,True,False,False,False,,,,NEUROEPITHELIOMATOUS NEOPLASMS,primary,NA,NA,,,,104
497,NCI-H1581,CRL-5878,908471,ACH-000015,LUNG,"Large cell carcinoma, NOS",NA,,M,44,USA,Northern America,Americas,More developed regions,NA,NA,smoker (NOS),NA,NA,KRAS WT,NA,WT,NA,,NA,,,,,,,,,,,,,,,,,,,,,,,,,,,,,,,,,,,,,,,,58,Oncogene,1992,7,171,0001311061,RNA,SSCP,direct,True,True,True,True,True,True,True,True,True,True,,,,"EPITHELIAL NEOPLASMS, NOS",NA,smoker,NA,,,,176
23652,WEM2 68,,,,BONES (other),Ewing sarcoma,metastasis (NOS),,F,,NA,NA,NA,NA,NA,NA,NA,NA,NA,NA,no MDM2 ampl.,WT,NA,,NA,,,,,,,,,,,,,,,,,,,,,,,,,,,,,,,,,,,,,,,,79,Oncogene,1993,8,2683,0008378080,DNA,SSCP,direct,False,False,True,True,True,True,True,False,False,False,,,,"MISCELLANEOUS BONE TUMORS (C40._, C41._)",metastasis,NA,NA,,,,204
23653,VH 64,,,,BONES (other),Ewing sarcoma,metastasis (NOS),,M,24,NA,NA,NA,NA,NA,NA,NA,NA,NA,NA,no MDM2 ampl.,WT,NA,,+/-,,,,,,,,,,,,,,,,,,,,,,,,,,,,,,,,,,,,,,,,79,Oncogene,1993,8,2683,0008378080,DNA,SSCP,direct,False,False,True,True,True,True,True,False,False,False,,,,"MISCELLANEOUS BONE TUMORS (C40._, C41._)",metastasis,NA,NA,,,,205
23654,FPBH,,,,BONES (other),Ewing sarcoma,metastasis (NOS),,NA,,NA,NA,NA,NA,NA,NA,NA,NA,NA,NA,no MDM2 ampl.,WT,NA,,NA,,,,,,,,,,,,,,,,,,,,,,,,,,,,,,,,,,,,,,,,79,Oncogene,1993,8,2683,0008378080,DNA,SSCP,direct,False,False,True,True,True,True,True,False,False,False,,,,"MISCELLANEOUS BONE TUMORS (C40._, C41._)",metastasis,NA,NA,,,,206
23655,TC252,,,,BONES (other),Ewing sarcoma,metastasis (NOS),,NA,,NA,NA,NA,NA,NA,NA,NA,NA,NA,NA,no MDM2 ampl.,WT,NA,,NA,,,,,,,,,,,,,,,,,,,,,,,,,,,,,,,,,,,,,,,,79,Oncogene,1993,8,2683,0008378080,DNA,SSCP,direct,False,False,True,True,True,True,True,False,False,False,,,,"MISCELLANEOUS BONE TUMORS (C40._, C41._)",metastasis,NA,NA,,,,207
23646,STA-ET-5,,,,BONES (other),Ewing sarcoma,primary,,NA,,NA,NA,NA,NA,NA,NA,NA,NA,NA,NA,no MDM2 ampl.,WT,NA,,NA,,,,,,,,,,,,,,,,,,,,,,,,,,,,,,,,,,,,,,,,79,Oncogene,1993,8,2683,0008378080,DNA,SSCP,direct,False,False,True,True,True,True,True,False,False,False,,,,"MISCELLANEOUS BONE TUMORS (C40._, C41._)",primary,NA,NA,,,,208
23647,STA-ET-6,,,,BONES (other),Ewing sarcoma,NA,,NA,,NA,NA,NA,NA,NA,NA,NA,NA,NA,NA,no MDM2 ampl.,WT,NA,,NA,,,,,,,,,,,,,,,,,,,,,,,,,,,,,,,,,,,,,,,,79,Oncogene,1993,8,2683,0008378080,DNA,SSCP,direct,False,False,True,True,True,True,True,False,False,False,,,,"MISCELLANEOUS BONE TUMORS (C40._, C41._)",NA,NA,NA,,,,209
23649,STA-ET-8,,,,BONES (other),Ewing sarcoma,primary,,NA,,NA,NA,NA,NA,NA,NA,NA,NA,NA,NA,no MDM2 ampl.,WT,NA,,NA,,,,,,,,,,,,,,,,,,,,,,,,,,,,,,,,,,,,,,,,79,Oncogene,1993,8,2683,0008378080,DNA,SSCP,direct,False,False,True,True,True,True,True,False,False,False,,,,"MISCELLANEOUS BONE TUMORS (C40._, C41._)",primary,NA,NA,,,,211
23651,WE 68,,,,BONES (other),Ewing sarcoma,primary,,F,19,NA,NA,NA,NA,NA,NA,NA,NA,NA,NA,no MDM2 ampl.,WT,NA,,+/-,,,,,,,,,,,,,,,,,,,,,,,,,,,,,,,,,,,,,,,,79,Oncogene,1993,8,2683,0008378080,DNA,SSCP,direct,False,False,True,True,True,True,True,False,False,False,,,,"MISCELLANEOUS BONE TUMORS (C40._, C41._)",primary,NA,NA,,,,213
23639,SAL1,,,,BONES (other),Ewing sarcoma,primary,,F,,NA,NA,NA,NA,NA,NA,NA,NA,NA,NA,no MDM2 ampl.,WT,NA,,NA,,,,,,,,,,,,,,,,,,,,,,,,,,,,,,,,,,,,,,,,79,Oncogene,1993,8,2683,0008378080,DNA,SSCP,direct,False,False,True,True,True,True,True,False,False,False,,,,"MISCELLANEOUS BONE TUMORS (C40._, C41._)",primary,NA,NA,,,,214
23640,SAL2,,,,BONES (other),Ewing sarcoma,recurrent,,F,,NA,NA,NA,NA,NA,NA,NA,NA,NA,NA,no MDM2 ampl.,WT,NA,,NA,,,,,,,,,,,,,,,,,,,,,,,,,,,,,,,,,,,,,,,,79,Oncogene,1993,8,2683,0008378080,DNA,SSCP,direct,False,False,True,True,True,True,True,False,False,False,,,,"MISCELLANEOUS BONE TUMORS (C40._, C41._)",recurrent,NA,NA,,,,215
23641,STA-ET-1,,,,BONES (other),Ewing sarcoma,recurrent,,F,13,NA,NA,NA,NA,NA,NA,NA,NA,NA,NA,no MDM2 ampl.,WT,NA,,+/-,,,,,,,,,,,,,,,,,,,,,,,,,,,,,,,,,,,,,,,,79,Oncogene,1993,8,2683,0008378080,DNA,SSCP,direct,False,False,True,True,True,True,True,False,False,False,,,,"MISCELLANEOUS BONE TUMORS (C40._, C41._)",recurrent,NA,NA,,,,216
23644,STA-ET-3,,,,BONES (other),Ewing sarcoma,metastasis (NOS),,NA,,NA,NA,NA,NA,NA,NA,NA,NA,NA,NA,no MDM2 ampl.,WT,NA,,NA,,,,,,,,,,,,,,,,,,,,,,,,,,,,,,,,,,,,,,,,79,Oncogene,1993,8,2683,0008378080,DNA,SSCP,direct,False,False,True,True,True,True,True,False,False,False,,,,"MISCELLANEOUS BONE TUMORS (C40._, C41._)",metastasis,NA,NA,,,,218
23645,STA-ET-4,,,,BONES (other),Ewing sarcoma,primary,,NA,,NA,NA,NA,NA,NA,NA,NA,NA,NA,NA,no MDM2 ampl.,WT,NA,,NA,,,,,,,,,,,,,,,,,,,,,,,,,,,,,,,,,,,,,,,,79,Oncogene,1993,8,2683,0008378080,DNA,SSCP,direct,False,False,True,True,True,True,True,False,False,False,,,,"MISCELLANEOUS BONE TUMORS (C40._, C41._)",primary,NA,NA,,,,219
27233,MS751,HTB-34,,ACH-001360,CERVIX UTERI,"Carcinoma, NOS",metastasis (LN),,F,47,NA,NA,NA,NA,NA,NA,NA,NA,NA,NA,NA,WT,NA,,NA,,,,,,,,,,,,,,,,,,,,,,,,,,,,,,,,,,,,,,,,102,Carcinogenesis,1992,13,1273,0001322252,DNA,none,direct,False,False,False,True,True,True,True,False,False,False,,,,"EPITHELIAL NEOPLASMS, NOS",metastasis,NA,NA,,,,241
23622,DND,,,,HEART/MED/PLEURA,"Mesothelioma, malignant",NA,"Added info from Popescu NC, 1988",M,59,NA,NA,NA,NA,NA,NA,NA,NA,asbestos,KRAS WT,NA,WT,NA,,+/-,,,,,,,,,,,,,,,,,,,,,,,,,,,,,,,,,,,,,,,,106,Cancer Res,1992,52,2610,0001568228,DNA,none,direct,True,True,True,True,True,True,True,True,True,True,,,,MESOTHELIAL NEOPLASMS,NA,NA,NA,,,,244
23623,HUT 28,,,,HEART/MED/PLEURA,"Mesothelioma, malignant",NA,,NA,,NA,NA,NA,NA,NA,NA,NA,NA,NA,KRAS WT,NA,WT,NA,,+/-,,,,,,,,,,,,,,,,,,,,,,,,,,,,,,,,,,,,,,,,106,Cancer Res,1992,52,2610,0001568228,DNA,none,direct,True,True,True,True,True,True,True,True,True,True,,,,MESOTHELIAL NEOPLASMS,NA,NA,NA,,,,245
23624,HUT 226,,,,HEART/MED/PLEURA,"Mesothelioma, malignant",NA,,NA,,NA,NA,NA,NA,NA,NA,NA,NA,NA,KRAS WT,NA,WT,NA,,NA,,,,,,,,,,,,,,,,,,,,,,,,,,,,,,,,,,,,,,,,106,Cancer Res,1992,52,2610,0001568228,DNA,none,direct,True,True,True,True,True,True,True,True,True,True,,,,MESOTHELIAL NEOPLASMS,NA,NA,NA,,,,246
23625,HUT 290,,,,HEART/MED/PLEURA,"Mesothelioma, malignant",NA,Sequence of ex4-11,NA,,NA,NA,NA,NA,NA,NA,NA,NA,NA,KRAS WT,NA,WT,NA,,NA,,,,,,,,,,,,,,,,,,,,,,,,,,,,,,,,,,,,,,,,106,Cancer Res,1992,52,2610,0001568228,DNA,none,direct,True,True,True,True,True,True,True,True,True,True,,,,MESOTHELIAL NEOPLASMS,NA,NA,NA,,,,247
23638,VAMT-1,,,,HEART/MED/PLEURA,"Mesothelioma, malignant",NA,,NA,,NA,NA,NA,NA,NA,NA,NA,NA,NA,KRAS WT,NA,WT,NA,,negative,,,,,,,,,,,,,,,,,,,,,,,,,,,,,,,,,,,,,,,,106,Cancer Res,1992,52,2610,0001568228,DNA,none,direct,True,True,True,True,True,True,True,True,True,True,,,,MESOTHELIAL NEOPLASMS,NA,NA,NA,,,,248
23632,M19,,,,HEART/MED/PLEURA,"Mesothelioma, malignant",NA,"Added info from Pelin-Enlund K, 1990",M,,NA,NA,NA,NA,NA,NA,NA,NA,NA,KRAS WT,NA,WT,NA,,+/-,,,,,,,,,,,,,,,,,,,,,,,,,,,,,,,,,,,,,,,,106,Cancer Res,1992,52,2610,0001568228,DNA,none,direct,True,True,True,True,True,True,True,True,True,True,,,,MESOTHELIAL NEOPLASMS,NA,NA,NA,,,,249
23633,M24K,,,,HEART/MED/PLEURA,"Mesothelioma, malignant",NA,,NA,,NA,NA,NA,NA,NA,NA,NA,NA,NA,KRAS WT,NA,WT,NA,,+/-,,,,,,,,,,,,,,,,,,,,,,,,,,,,,,,,,,,,,,,,106,Cancer Res,1992,52,2610,0001568228,DNA,none,direct,True,True,True,True,True,True,True,True,True,True,,,,MESOTHELIAL NEOPLASMS,NA,NA,NA,,,,250
23634,M25K,,,,HEART/MED/PLEURA,"Mesothelioma, malignant",NA,,NA,,NA,NA,NA,NA,NA,NA,NA,NA,NA,KRAS WT,NA,WT,NA,,+/-,,,,,,,,,,,,,,,,,,,,,,,,,,,,,,,,,,,,,,,,106,Cancer Res,1992,52,2610,0001568228,DNA,none,direct,True,True,True,True,True,True,True,True,True,True,,,,MESOTHELIAL NEOPLASMS,NA,NA,NA,,,,251
23635,M28K,,,,HEART/MED/PLEURA,"Mesothelioma, malignant",NA,,NA,,NA,NA,NA,NA,NA,NA,NA,NA,NA,KRAS WT,NA,WT,NA,,+/-,,,,,,,,,,,,,,,,,,,,,,,,,,,,,,,,,,,,,,,,106,Cancer Res,1992,52,2610,0001568228,DNA,none,direct,True,True,True,True,True,True,True,True,True,True,,,,MESOTHELIAL NEOPLASMS,NA,NA,NA,,,,252
23636,M32K,,,,HEART/MED/PLEURA,"Mesothelioma, malignant",NA,,NA,,NA,NA,NA,NA,NA,NA,NA,NA,NA,KRAS WT,NA,WT,NA,,+/-,,,,,,,,,,,,,,,,,,,,,,,,,,,,,,,,,,,,,,,,106,Cancer Res,1992,52,2610,0001568228,DNA,none,direct,True,True,True,True,True,True,True,True,True,True,,,,MESOTHELIAL NEOPLASMS,NA,NA,NA,,,,253
23637,M33K,,,,HEART/MED/PLEURA,"Mesothelioma, malignant",NA,"Added info from Pelin-Enlund K, 1990",M,,NA,NA,NA,NA,NA,NA,non-smoker,NA,asbestos,KRAS WT,NA,WT,NA,,+/-,,,,,,,,,,,,,,,,,,,,,,,,,,,,,,,,,,,,,,,,106,Cancer Res,1992,52,2610,0001568228,DNA,none,direct,True,True,True,True,True,True,True,True,True,True,,,,MESOTHELIAL NEOPLASMS,NA,non-smoker,NA,,,,254
23626,MT 3,,,,HEART/MED/PLEURA,"Mesothelioma, malignant",NA,Sequence of ex5-9,NA,,NA,NA,NA,NA,NA,NA,NA,NA,NA,KRAS WT,NA,WT,NA,,+/-,,,,,,,,,,,,,,,,,,,,,,,,,,,,,,,,,,,,,,,,106,Cancer Res,1992,52,2610,0001568228,DNA,none,direct,True,True,True,True,True,True,True,True,True,True,,,,MESOTHELIAL NEOPLASMS,NA,NA,NA,,,,255
23627,M9K,,,,HEART/MED/PLEURA,"Mesothelioma, malignant",metastasis (NOS),"Sequence of ex5-9; added info from Pelin-Enlund K, 1990",M,,NA,NA,NA,NA,NA,NA,smoker (NOS),NA,asbestos,KRAS WT,NA,WT,NA,,positive,,,,,,,,,,,,,,,,,,,,,,,,,,,,,,,,,,,,,,,,106,Cancer Res,1992,52,2610,0001568228,DNA,none,direct,True,True,True,True,True,True,True,True,True,True,,,,MESOTHELIAL NEOPLASMS,metastasis,smoker,NA,,,,256
23628,M10K,,,,HEART/MED/PLEURA,"Mesothelioma, malignant",metastasis (NOS),"Added info from Pelin-Enlund K, 1990",M,,NA,NA,NA,NA,NA,NA,smoker (NOS),NA,asbestos,KRAS WT,NA,WT,NA,,+/-,,,,,,,,,,,,,,,,,,,,,,,,,,,,,,,,,,,,,,,,106,Cancer Res,1992,52,2610,0001568228,DNA,none,direct,True,True,True,True,True,True,True,True,True,True,,,,MESOTHELIAL NEOPLASMS,metastasis,smoker,NA,,,,257
23629,M14K,,,,HEART/MED/PLEURA,"Mesothelioma, malignant",NA,"Added info from Pelin-Enlund K, 1990",M,,NA,NA,NA,NA,NA,NA,non-smoker,NA,asbestos,KRAS WT,NA,WT,NA,,+/-,,,,,,,,,,,,,,,,,,,,,,,,,,,,,,,,,,,,,,,,106,Cancer Res,1992,52,2610,0001568228,DNA,none,direct,True,True,True,True,True,True,True,True,True,True,,,,MESOTHELIAL NEOPLASMS,NA,non-smoker,NA,,,,258
23630,M14P,,,,HEART/MED/PLEURA,"Mesothelioma, malignant",NA,"Sequence of ex5-9; added info from Pelin-Enlund K, 1990",M,,NA,NA,NA,NA,NA,NA,non-smoker,NA,asbestos,KRAS WT,NA,WT,NA,,positive,,,,,,,,,,,,,,,,,,,,,,,,,,,,,,,,,,,,,,,,106,Cancer Res,1992,52,2610,0001568228,DNA,none,direct,True,True,True,True,True,True,True,True,True,True,,,,MESOTHELIAL NEOPLASMS,NA,non-smoker,NA,,,,259
23631,M20,,,,HEART/MED/PLEURA,"Mesothelioma, malignant",NA,"Added info from Pelin-Enlund K, 1990",M,,NA,NA,NA,NA,NA,NA,non-smoker,NA,asbestos,KRAS WT,NA,WT,NA,,+/-,,,,,,,,,,,,,,,,,,,,,,,,,,,,,,,,,,,,,,,,106,Cancer Res,1992,52,2610,0001568228,DNA,none,direct,True,True,True,True,True,True,True,True,True,True,,,,MESOTHELIAL NEOPLASMS,NA,non-smoker,NA,,,,260
24377,HOC927,,,,TONGUE (other),"Squamous cell carcinoma, NOS",metastasis (NOS),,M,40,Japan,Eastern Asia,Asia,More developed regions,NA,NA,NA,NA,NA,NA,NA,WT,NA,,NA,,,,,,,,,,,,,,,,,,,,,,,,,,,,,,,,,,,,,,,,128,Oncogene,1992,7,927,0001570156,DNA,SSCP,direct,False,False,False,True,True,True,True,True,False,False,,,,SQUAMOUS CELL NEOPLASMS,metastasis,NA,NA,,,,286
24993,WM239,,,,SKIN,"Malignant melanoma, NOS",metastasis (NOS),,NA,,NA,NA,NA,NA,NA,NA,NA,NA,NA,NA,NA,WT,NA,,NA,,,,,,,,,,,,,,,,,,,,,,,,,,,,,,,,,,,,,,,,136,Int J Cancer,1993,54,693,0008514460,DNA,none,direct,False,False,False,True,True,True,True,True,False,False,,,,NEVI AND MELANOMAS,metastasis,NA,NA,,,,307
24994,WM266,,,,SKIN,"Malignant melanoma, NOS",metastasis (NOS),,NA,,NA,NA,NA,NA,NA,NA,NA,NA,NA,NA,NA,WT,NA,,NA,,,,,,,,,,,,,,,,,,,,,,,,,,,,,,,,,,,,,,,,136,Int J Cancer,1993,54,693,0008514460,DNA,none,direct,False,False,False,True,True,True,True,True,False,False,,,,NEVI AND MELANOMAS,metastasis,NA,NA,,,,308
24995,WM793,,,ACH-000827,SKIN,"Malignant melanoma, NOS",primary,,NA,,NA,NA,NA,NA,NA,NA,NA,NA,NA,NA,NA,WT,NA,,NA,,,,,,,,,,,,,,,,,,,,,,,,,,,,,,,,,,,,,,,,136,Int J Cancer,1993,54,693,0008514460,DNA,none,direct,False,False,False,True,True,True,True,True,False,False,,,,NEVI AND MELANOMAS,primary,NA,NA,,,,309
24996,WM1158,,,,SKIN,"Malignant melanoma, NOS",metastasis (NOS),,NA,,NA,NA,NA,NA,NA,NA,NA,NA,NA,NA,NA,WT,NA,,NA,,,,,,,,,,,,,,,,,,,,,,,,,,,,,,,,,,,,,,,,136,Int J Cancer,1993,54,693,0008514460,DNA,none,direct,False,False,False,True,True,True,True,True,False,False,,,,NEVI AND MELANOMAS,metastasis,NA,NA,,,,310
24989,WM8,,,,SKIN,"Malignant melanoma, NOS",metastasis (NOS),,NA,,NA,NA,NA,NA,NA,NA,NA,NA,NA,NA,NA,WT,NA,,NA,,,,,,,,,,,,,,,,,,,,,,,,,,,,,,,,,,,,,,,,136,Int J Cancer,1993,54,693,0008514460,DNA,none,direct,False,False,False,True,True,True,True,True,False,False,,,,NEVI AND MELANOMAS,metastasis,NA,NA,,,,313
24990,WM9,,,,SKIN,"Malignant melanoma, NOS",metastasis (NOS),,NA,,NA,NA,NA,NA,NA,NA,NA,NA,NA,NA,NA,WT,NA,,NA,,,,,,,,,,,,,,,,,,,,,,,,,,,,,,,,,,,,,,,,136,Int J Cancer,1993,54,693,0008514460,DNA,none,direct,False,False,False,True,True,True,True,True,False,False,,,,NEVI AND MELANOMAS,metastasis,NA,NA,,,,314
24991,WM46,,,,SKIN,"Malignant melanoma, NOS",metastasis (NOS),,NA,,NA,NA,NA,NA,NA,NA,NA,NA,NA,NA,NA,WT,NA,,NA,,,,,,,,,,,,,,,,,,,,,,,,,,,,,,,,,,,,,,,,136,Int J Cancer,1993,54,693,0008514460,DNA,none,direct,False,False,False,True,True,True,True,True,False,False,,,,NEVI AND MELANOMAS,metastasis,NA,NA,,,,315
24992,WM115,,,ACH-000304,SKIN,"Malignant melanoma, NOS",primary,,NA,,NA,NA,NA,NA,NA,NA,NA,NA,NA,NA,NA,WT,NA,,NA,,,,,,,,,,,,,,,,,,,,,,,,,,,,,,,,,,,,,,,,136,Int J Cancer,1993,54,693,0008514460,DNA,none,direct,False,False,False,True,True,True,True,True,False,False,,,,NEVI AND MELANOMAS,primary,NA,NA,,,,316
23587,SCMC-N-2,,,,NERVES,"Neuroblastoma, NOS",NA,,NA,,NA,NA,NA,NA,NA,NA,NA,NA,NA,NA,NA,WT,NA,,NA,,,,,,,,,,,,,,,,,,,,,,,,,,,,,,,,,,,,,,,,145,Cancer Res,1993,53,5284,0008221663,RNA,SSCP,direct,False,False,False,True,True,True,True,True,False,False,,,,NEUROEPITHELIOMATOUS NEOPLASMS,NA,NA,NA,,,,322
23588,SCMC-N-3,,,,NERVES,"Neuroblastoma, NOS",NA,,NA,,NA,NA,NA,NA,NA,NA,NA,NA,NA,NA,NA,WT,NA,,NA,,,,,,,,,,,,,,,,,,,,,,,,,,,,,,,,,,,,,,,,145,Cancer Res,1993,53,5284,0008221663,RNA,SSCP,direct,False,False,False,True,True,True,True,True,False,False,,,,NEUROEPITHELIOMATOUS NEOPLASMS,NA,NA,NA,,,,323
23589,SCMC-N-4,,,,NERVES,"Neuroblastoma, NOS",NA,,NA,,NA,NA,NA,NA,NA,NA,NA,NA,NA,NA,NA,WT,NA,,NA,,,,,,,,,,,,,,,,,,,,,,,,,,,,,,,,,,,,,,,,145,Cancer Res,1993,53,5284,0008221663,RNA,SSCP,direct,False,False,False,True,True,True,True,True,False,False,,,,NEUROEPITHELIOMATOUS NEOPLASMS,NA,NA,NA,,,,324
23590,SCCH-26,,,,NERVES,"Neuroblastoma, NOS",NA,,NA,,NA,NA,NA,NA,NA,NA,NA,NA,NA,NA,NA,WT,NA,,NA,,,,,,,,,,,,,,,,,,,,,,,,,,,,,,,,,,,,,,,,145,Cancer Res,1993,53,5284,0008221663,RNA,SSCP,direct,False,False,False,True,True,True,True,True,False,False,,,,NEUROEPITHELIOMATOUS NEOPLASMS,NA,NA,NA,,,,325
23591,D-NB-1,,,,NERVES,"Neuroblastoma, NOS",NA,,NA,,NA,NA,NA,NA,NA,NA,NA,NA,NA,NA,NA,WT,NA,,NA,,,,,,,,,,,,,,,,,,,,,,,,,,,,,,,,,,,,,,,,145,Cancer Res,1993,53,5284,0008221663,RNA,SSCP,direct,False,False,False,True,True,True,True,True,False,False,,,,NEUROEPITHELIOMATOUS NEOPLASMS,NA,NA,NA,,,,326
23592,SCCH-196,,,,BONES (other),Ewing sarcoma,NA,,F,16,Japan,Eastern Asia,Asia,More developed regions,NA,NA,NA,NA,NA,NA,NA,WT,NA,,NA,,,,,,,,,,,,,,,,,,,,,,,,,,,,,,,,,,,,,,,,145,Cancer Res,1993,53,5284,0008221663,RNA,SSCP,direct,False,False,False,True,True,True,True,True,False,False,,,,"MISCELLANEOUS BONE TUMORS (C40._, C41._)",NA,NA,NA,,,,327
27017,TT,CRL-1803,930299,ACH-001321,THYROID,"Carcinoma, NOS",NA,,F,77,NA,NA,NA,NA,NA,NA,NA,NA,NA,NA,NA,WT,NA,,NA,,,,,,,,,,,,,,,,,,,,,,,,,,,,,,,,,,,,,,,,149,Cancer Res,1992,52,5061,0001516062,DNA,SSCP,direct,False,False,False,True,True,True,True,True,True,False,,,,"EPITHELIAL NEOPLASMS, NOS",NA,NA,NA,,,,331
27018,TCO-1,,,,THYROID,"Carcinoma, anaplastic, NOS",NA,,NA,,NA,NA,NA,NA,NA,NA,NA,NA,NA,NA,NA,WT,NA,,NA,,,,,,,,,,,,,,,,,,,,,,,,,,,,,,,,,,,,,,,,149,Cancer Res,1992,52,5061,0001516062,DNA,SSCP,direct,False,False,False,True,True,True,True,True,True,False,,,,"EPITHELIAL NEOPLASMS, NOS",NA,NA,NA,,,,332
23553,THLE-2,CRL-2706,,,LIVER,Normal tissue,NA,SV-40 immortalized cell line,NA,,NA,NA,NA,NA,NA,NA,NA,NA,NA,NA,NA,WT,NA,,NA,,,,,,,,,,,,,,,,,,,,,,,,,,,,,,,,,,,,,,,,207,Carcinogenesis,1993,14,833,0008504475,DNA,none,cloned,False,False,True,True,True,True,True,True,False,False,,,,NORMAL TISSUE,NA,NA,NA,,,,361
23554,THLE-3,CRL-11233,,,LIVER,Normal tissue,NA,SV-40 immortalized cell line,NA,,NA,NA,NA,NA,NA,NA,NA,NA,NA,NA,NA,WT,NA,,NA,,,,,,,,,,,,,,,,,,,,,,,,,,,,,,,,,,,,,,,,207,Carcinogenesis,1993,14,833,0008504475,DNA,none,cloned,False,False,True,True,True,True,True,True,False,False,,,,NORMAL TISSUE,NA,NA,NA,,,,362
23555,HET-1A,CRL-2692,,,ESOPHAGUS,Normal tissue,NA,SV-40 immortalized cell line,M,25,NA,NA,NA,NA,NA,NA,NA,NA,NA,NA,NA,WT,NA,,NA,,,,,,,,,,,,,,,,,,,,,,,,,,,,,,,,,,,,,,,,207,Carcinogenesis,1993,14,833,0008504475,DNA,none,cloned,False,False,True,True,True,True,True,True,False,False,,,,NORMAL TISSUE,NA,NA,NA,,,,363
23556,BEAS-2B,CRL-9609,,,LUNG,Normal tissue,NA,SV-40 immortalized cell line,NA,,NA,NA,NA,NA,NA,NA,NA,NA,NA,NA,NA,WT,NA,,NA,,,,,,,,,,,,,,,,,,,,,,,,,,,,,,,,,,,,,,,,207,Carcinogenesis,1993,14,833,0008504475,DNA,none,cloned,False,False,True,True,True,True,True,True,False,False,,,,NORMAL TISSUE,NA,NA,NA,,,,364
23557,293,CRL-10852,,,KIDNEY,Normal tissue,NA,Adenovirus 5 immortalized cell line,NA,,NA,NA,NA,NA,NA,NA,NA,NA,NA,NA,NA,WT,NA,,NA,,,,,,,,,,,,,,,,,,,,,,,,,,,,,,,,,,,,,,,,207,Carcinogenesis,1993,14,833,0008504475,DNA,none,cloned,False,False,True,True,True,True,True,True,False,False,,,,NORMAL TISSUE,NA,NA,NA,,,,365
23565,G44,,,,BRAIN,"Glioblastoma, NOS (C71._)",NA,,NA,,"Western Europe, NOS",Western Europe,Europe,More developed regions,NA,NA,NA,NA,NA,NA,NA,WT,NA,,negative,,,,,,,,,,,,,,,,,,,,,,,,,,,,,,,,,,,,,,,,247,Int J Cancer,1993,55,982,0008253536,DNA,SSCP,direct,False,False,False,True,True,True,True,False,False,False,,,,GLIOMAS,NA,NA,NA,,,,393
23566,G120,,,,BRAIN,"Glioblastoma, NOS (C71._)",NA,,NA,,"Western Europe, NOS",Western Europe,Europe,More developed regions,NA,NA,NA,NA,NA,NA,NA,WT,NA,,negative,,,,,,,,,,,,,,,,,,,,,,,,,,,,,,,,,,,,,,,,247,Int J Cancer,1993,55,982,0008253536,DNA,SSCP,direct,False,False,False,True,True,True,True,False,False,False,,,,GLIOMAS,NA,NA,NA,,,,394
23567,G121,,,,BRAIN,"Glioblastoma, NOS (C71._)",NA,,NA,,"Western Europe, NOS",Western Europe,Europe,More developed regions,NA,NA,NA,NA,NA,NA,NA,WT,NA,,negative,,,,,,,,,,,,,,,,,,,,,,,,,,,,,,,,,,,,,,,,247,Int J Cancer,1993,55,982,0008253536,DNA,SSCP,direct,False,False,False,True,True,True,True,False,False,False,,,,GLIOMAS,NA,NA,NA,,,,395
23568,G168,,,,BRAIN,"Glioblastoma, NOS (C71._)",NA,,NA,,"Western Europe, NOS",Western Europe,Europe,More developed regions,NA,NA,NA,NA,NA,NA,NA,WT,NA,,negative,,,,,,,,,,,,,,,,,,,,,,,,,,,,,,,,,,,,,,,,247,Int J Cancer,1993,55,982,0008253536,DNA,SSCP,direct,False,False,False,True,True,True,True,False,False,False,,,,GLIOMAS,NA,NA,NA,,,,396
23558,G96,,,,BRAIN,"Glioblastoma, NOS (C71._)",NA,,NA,,"Western Europe, NOS",Western Europe,Europe,More developed regions,NA,NA,NA,NA,NA,NA,NA,WT,NA,,positive,,,,,,,,,,,,,,,,,,,,,,,,,,,,,,,,,,,,,,,,247,Int J Cancer,1993,55,982,0008253536,DNA,SSCP,direct,False,False,False,True,True,True,True,False,False,False,,,,GLIOMAS,NA,NA,NA,,,,397
23559,G61,,,,BRAIN,"Glioblastoma, NOS (C71._)",NA,,NA,,"Western Europe, NOS",Western Europe,Europe,More developed regions,NA,NA,NA,NA,NA,NA,NA,WT,NA,,positive,,,,,,,,,,,,,,,,,,,,,,,,,,,,,,,,,,,,,,,,247,Int J Cancer,1993,55,982,0008253536,DNA,SSCP,direct,False,False,False,True,True,True,True,False,False,False,,,,GLIOMAS,NA,NA,NA,,,,398
23560,G63,,,,BRAIN,"Glioblastoma, NOS (C71._)",NA,,NA,,"Western Europe, NOS",Western Europe,Europe,More developed regions,NA,NA,NA,NA,NA,NA,NA,WT,NA,,negative,,,,,,,,,,,,,,,,,,,,,,,,,,,,,,,,,,,,,,,,247,Int J Cancer,1993,55,982,0008253536,DNA,SSCP,direct,False,False,False,True,True,True,True,False,False,False,,,,GLIOMAS,NA,NA,NA,,,,399
23561,G60,,,,BRAIN,"Glioblastoma, NOS (C71._)",NA,,NA,,"Western Europe, NOS",Western Europe,Europe,More developed regions,NA,NA,NA,NA,NA,NA,NA,WT,NA,,negative,,,,,,,,,,,,,,,,,,,,,,,,,,,,,,,,,,,,,,,,247,Int J Cancer,1993,55,982,0008253536,DNA,SSCP,direct,False,False,False,True,True,True,True,False,False,False,,,,GLIOMAS,NA,NA,NA,,,,400
23562,G118,,,,BRAIN,"Glioblastoma, NOS (C71._)",NA,,NA,,"Western Europe, NOS",Western Europe,Europe,More developed regions,NA,NA,NA,NA,NA,NA,NA,WT,NA,,negative,,,,,,,,,,,,,,,,,,,,,,,,,,,,,,,,,,,,,,,,247,Int J Cancer,1993,55,982,0008253536,DNA,SSCP,direct,False,False,False,True,True,True,True,False,False,False,,,,GLIOMAS,NA,NA,NA,,,,401
23563,G62,,,,BRAIN,"Glioblastoma, NOS (C71._)",NA,,NA,,"Western Europe, NOS",Western Europe,Europe,More developed regions,NA,NA,NA,NA,NA,NA,NA,WT,NA,,negative,,,,,,,,,,,,,,,,,,,,,,,,,,,,,,,,,,,,,,,,247,Int J Cancer,1993,55,982,0008253536,DNA,SSCP,direct,False,False,False,True,True,True,True,False,False,False,,,,GLIOMAS,NA,NA,NA,,,,402
21088,RT4,HTB-2,687455,ACH-000242,BLADDER,"Urothelial papilloma, NOS",NA,,M,63,NA,NA,NA,NA,NA,NA,NA,NA,NA,NA,CDKN2A,WT,NA,,NA,,,,,,,,,,,,,,,,,,,,,,,,,,,,,,,,,,,,,,,,452,Oncol Res,1994,6,569,0007787250,RNA,none,cloned,True,True,True,True,True,True,True,True,True,True,,,,TRANSITIONAL CELL PAPILLOMAS AND CARCINOMAS,NA,NA,NA,,,,501
21419,HCCM-5,,,,UNKNOWN SITE,"Choriocarcinoma, NOS",NA,,NA,,NA,NA,NA,NA,NA,NA,NA,NA,NA,NA,NA,WT,NA,,NA,,,,,,,,,,,,,,,,,,,,,,,,,,,,,,,,,,,,,,,,515,Br J Cancer,1995,71,9,0007819056,RNA,none,direct,True,True,True,True,True,True,True,True,True,True,,,,TROPHOBLASTIC NEOPLASMS,NA,NA,NA,,,,524
21420,GCH-1,,,,UNKNOWN SITE,"Choriocarcinoma, NOS",NA,,NA,,NA,NA,NA,NA,NA,NA,NA,NA,NA,NA,NA,WT,NA,,NA,,,,,,,,,,,,,,,,,,,,,,,,,,,,,,,,,,,,,,,,515,Br J Cancer,1995,71,9,0007819056,RNA,none,direct,True,True,True,True,True,True,True,True,True,True,,,,TROPHOBLASTIC NEOPLASMS,NA,NA,NA,,,,525
21421,GCH-2,,,,UNKNOWN SITE,"Choriocarcinoma, NOS",NA,,NA,,NA,NA,NA,NA,NA,NA,NA,NA,NA,NA,NA,WT,NA,,NA,,,,,,,,,,,,,,,,,,,,,,,,,,,,,,,,,,,,,,,,515,Br J Cancer,1995,71,9,0007819056,RNA,none,direct,True,True,True,True,True,True,True,True,True,True,,,,TROPHOBLASTIC NEOPLASMS,NA,NA,NA,,,,526
23576,HUG-21,,,,BRAIN,"Glioblastoma, NOS (C71._)",recurrent,,NA,,NA,NA,NA,NA,NA,NA,NA,NA,NA,NA,NA,WT,NA,,NA,,,,,,,,,,,,,,,,,,,,,,,,,,,,,,,,,,,,,,,,709,Int J Cancer,1996,67,447,0008707423,RNA,FASAY,direct,False,False,True,True,True,True,True,True,True,True,,,,GLIOMAS,recurrent,NA,NA,,,,580
23577,HUG-23,,,,BRAIN,"Glioblastoma, NOS (C71._)",recurrent,,NA,,NA,NA,NA,NA,NA,NA,NA,NA,NA,NA,NA,WT,NA,,NA,,,,,,,,,,,,,,,,,,,,,,,,,,,,,,,,,,,,,,,,709,Int J Cancer,1996,67,447,0008707423,RNA,FASAY,direct,False,False,True,True,True,True,True,True,True,True,,,,GLIOMAS,recurrent,NA,NA,,,,581
23578,HUG-25,,,,BRAIN,"Glioblastoma, NOS (C71._)",recurrent,,NA,,NA,NA,NA,NA,NA,NA,NA,NA,NA,NA,NA,WT,NA,,NA,,,,,,,,,,,,,,,,,,,,,,,,,,,,,,,,,,,,,,,,709,Int J Cancer,1996,67,447,0008707423,RNA,FASAY,direct,False,False,True,True,True,True,True,True,True,True,,,,GLIOMAS,recurrent,NA,NA,,,,582
23579,HUG-30,,,,BRAIN,"Glioblastoma, NOS (C71._)",recurrent,,NA,,NA,NA,NA,NA,NA,NA,NA,NA,NA,NA,NA,WT,NA,,NA,,,,,,,,,,,,,,,,,,,,,,,,,,,,,,,,,,,,,,,,709,Int J Cancer,1996,67,447,0008707423,RNA,FASAY,direct,False,False,True,True,True,True,True,True,True,True,,,,GLIOMAS,recurrent,NA,NA,,,,583
23580,HUG-33,,,,BRAIN,"Glioblastoma, NOS (C71._)",recurrent,,NA,,NA,NA,NA,NA,NA,NA,NA,NA,NA,NA,NA,WT,NA,,NA,,,,,,,,,,,,,,,,,,,,,,,,,,,,,,,,,,,,,,,,709,Int J Cancer,1996,67,447,0008707423,RNA,FASAY,direct,False,False,True,True,True,True,True,True,True,True,,,,GLIOMAS,recurrent,NA,NA,,,,584
23581,HUG-35,,,,BRAIN,"Glioblastoma, NOS (C71._)",recurrent,,NA,,NA,NA,NA,NA,NA,NA,NA,NA,NA,NA,NA,WT,NA,,NA,,,,,,,,,,,,,,,,,,,,,,,,,,,,,,,,,,,,,,,,709,Int J Cancer,1996,67,447,0008707423,RNA,FASAY,direct,False,False,True,True,True,True,True,True,True,True,,,,GLIOMAS,recurrent,NA,NA,,,,585
23573,HUG-2,,,,BRAIN,"Glioblastoma, NOS (C71._)",recurrent,,NA,,NA,NA,NA,NA,NA,NA,NA,NA,NA,NA,NA,WT,NA,,NA,,,,,,,,,,,,,,,,,,,,,,,,,,,,,,,,,,,,,,,,709,Int J Cancer,1996,67,447,0008707423,RNA,FASAY,direct,False,False,True,True,True,True,True,True,True,True,,,,GLIOMAS,recurrent,NA,NA,,,,589
23574,HUG-16,,,,BRAIN,"Glioblastoma, NOS (C71._)",recurrent,,NA,,NA,NA,NA,NA,NA,NA,NA,NA,NA,NA,NA,WT,NA,,NA,,,,,,,,,,,,,,,,,,,,,,,,,,,,,,,,,,,,,,,,709,Int J Cancer,1996,67,447,0008707423,RNA,FASAY,direct,False,False,True,True,True,True,True,True,True,True,,,,GLIOMAS,recurrent,NA,NA,,,,590
23575,HUG-17,,,,BRAIN,Mixed glioma (C71._),recurrent,,NA,,NA,NA,NA,NA,NA,NA,NA,NA,NA,NA,NA,WT,NA,,NA,,,,,,,,,,,,,,,,,,,,,,,,,,,,,,,,,,,,,,,,709,Int J Cancer,1996,67,447,0008707423,RNA,FASAY,direct,False,False,True,True,True,True,True,True,True,True,,,,GLIOMAS,recurrent,NA,NA,,,,591
21034,253J,,,ACH-000011,BLADDER,"Carcinoma, NOS",NA,,NA,,NA,NA,NA,NA,NA,NA,NA,NA,NA,NA,NA,WT,NA,,NA,,,,,,,,,,,,,,,,,,,,,,,,,,,,,,,,,,,,,,,,756,Urol Res,1995,23,293,0008839385,DNA,SSCP,direct,False,False,True,True,True,True,True,False,False,False,,,,"EPITHELIAL NEOPLASMS, NOS",NA,NA,NA,,,,643
21035,486P,,,,BLADDER,"Carcinoma, NOS",NA,,NA,,NA,NA,NA,NA,NA,NA,NA,NA,NA,NA,NA,WT,NA,,NA,,,,,,,,,,,,,,,,,,,,,,,,,,,,,,,,,,,,,,,,756,Urol Res,1995,23,293,0008839385,DNA,SSCP,direct,False,False,True,True,True,True,True,False,False,False,,,,"EPITHELIAL NEOPLASMS, NOS",NA,NA,NA,,,,644
23582,KYSE-410,,,ACH-000809,ESOPHAGUS,"Squamous cell carcinoma, NOS",primary,,NA,,Japan,Eastern Asia,Asia,More developed regions,NA,NA,NA,NA,NA,NA,NA,WT,NA,,NA,,,,,,,,,,,,,,,,,,,,,,,,,,,,,,,,,,,,,,,,884,Int J Cancer,1996,65,372,0008575860,DNA,SSCP,direct,True,True,True,True,True,True,True,True,True,True,,,,SQUAMOUS CELL NEOPLASMS,primary,NA,NA,,,,691
23583,KYSE-960,,,,ESOPHAGUS,"Squamous cell carcinoma, NOS",primary,,NA,,Japan,Eastern Asia,Asia,More developed regions,NA,NA,NA,NA,NA,NA,NA,WT,NA,,NA,,,,,,,,,,,,,,,,,,,,,,,,,,,,,,,,,,,,,,,,884,Int J Cancer,1996,65,372,0008575860,DNA,SSCP,direct,True,True,True,True,True,True,True,True,True,True,,,,SQUAMOUS CELL NEOPLASMS,primary,NA,NA,,,,692
21680,UM-SCV-1A,,,,VULVA,"Squamous cell carcinoma, NOS",NA,,F,,Finland,Northern Europe,Europe,More developed regions,NA,HPV-,NA,NA,NA,NA,NA,WT,NA,,NA,,,,,,,,,,,,,,,,,,,,,,,,,,,,,,,,,,,,,,,,1149,Gynecol Oncol,1998,71,352,0009887230,DNA,SSCP,direct,False,False,False,True,True,True,True,True,False,False,,,,SQUAMOUS CELL NEOPLASMS,NA,NA,NA,,,,745
21681,UM-SCV-1B,,,,VULVA,"Squamous cell carcinoma, NOS",NA,,F,,Finland,Northern Europe,Europe,More developed regions,NA,HPV-,NA,NA,NA,NA,NA,WT,NA,,NA,,,,,,,,,,,,,,,,,,,,,,,,,,,,,,,,,,,,,,,,1149,Gynecol Oncol,1998,71,352,0009887230,DNA,SSCP,direct,False,False,False,True,True,True,True,True,False,False,,,,SQUAMOUS CELL NEOPLASMS,NA,NA,NA,,,,746
21682,UM-SCV-6,,,,VULVA,"Squamous cell carcinoma, NOS",NA,,F,,Finland,Northern Europe,Europe,More developed regions,NA,HPV+ (16),NA,NA,NA,NA,NA,WT,NA,,NA,,,,,,,,,,,,,,,,,,,,,,,,,,,,,,,,,,,,,,,,1149,Gynecol Oncol,1998,71,352,0009887230,DNA,SSCP,direct,False,False,False,True,True,True,True,True,False,False,,,,SQUAMOUS CELL NEOPLASMS,NA,NA,NA,,,,747
21689,UT-EC-2B,,,,CORPUS UTERI,"Adenocarcinoma, NOS",metastasis (bone),,F,,Finland,Northern Europe,Europe,More developed regions,NA,HPV-,NA,NA,radiotherapy+chemotherapy,NA,NA,WT,NA,,NA,,,,,,,,,,,,,,,,,,,,,,,,,,,,,,,,,,,,,,,,1149,Gynecol Oncol,1998,71,352,0009887230,DNA,SSCP,direct,False,False,False,True,True,True,True,True,False,False,,,,ADENOMAS AND ADENOCARCINOMAS,metastasis,NA,NA,,,,748
21690,UT-EC-2C,,,,CORPUS UTERI,"Adenocarcinoma, NOS",metastasis (NOS),,F,,Finland,Northern Europe,Europe,More developed regions,NA,HPV-,NA,NA,radiotherapy+chemotherapy,NA,NA,WT,NA,,NA,,,,,,,,,,,,,,,,,,,,,,,,,,,,,,,,,,,,,,,,1149,Gynecol Oncol,1998,71,352,0009887230,DNA,SSCP,direct,False,False,False,True,True,True,True,True,False,False,,,,ADENOMAS AND ADENOCARCINOMAS,metastasis,NA,NA,,,,749
21691,UT-EC-3,,,,CORPUS UTERI,"Adenocarcinoma, NOS",NA,,F,,Finland,Northern Europe,Europe,More developed regions,NA,HPV-,NA,NA,NA,NA,NA,WT,NA,,NA,,,,,,,,,,,,,,,,,,,,,,,,,,,,,,,,,,,,,,,,1149,Gynecol Oncol,1998,71,352,0009887230,DNA,SSCP,direct,False,False,False,True,True,True,True,True,False,False,,,,ADENOMAS AND ADENOCARCINOMAS,NA,NA,NA,,,,750
21692,HX151c,,,,CERVIX UTERI,"Squamous cell carcinoma, NOS",NA,,F,,Finland,Northern Europe,Europe,More developed regions,NA,HPV+ (16),NA,NA,NA,NA,NA,WT,NA,,NA,,,,,,,,,,,,,,,,,,,,,,,,,,,,,,,,,,,,,,,,1149,Gynecol Oncol,1998,71,352,0009887230,DNA,SSCP,direct,False,False,False,True,True,True,True,True,False,False,,,,SQUAMOUS CELL NEOPLASMS,NA,NA,NA,,,,751
21693,HX156c,,,,CERVIX UTERI,"Squamous cell carcinoma, NOS",NA,,F,,Finland,Northern Europe,Europe,More developed regions,NA,HPV+ (16),NA,NA,NA,NA,NA,WT,NA,,NA,,,,,,,,,,,,,,,,,,,,,,,,,,,,,,,,,,,,,,,,1149,Gynecol Oncol,1998,71,352,0009887230,DNA,SSCP,direct,False,False,False,True,True,True,True,True,False,False,,,,SQUAMOUS CELL NEOPLASMS,NA,NA,NA,,,,752
21694,UM-GCC-1,,,,CERVIX UTERI,Glassy cell carcinoma,NA,,F,,Finland,Northern Europe,Europe,More developed regions,NA,HPV+ (16),NA,NA,NA,NA,NA,WT,NA,,NA,,,,,,,,,,,,,,,,,,,,,,,,,,,,,,,,,,,,,,,,1149,Gynecol Oncol,1998,71,352,0009887230,DNA,SSCP,direct,False,False,False,True,True,True,True,True,False,False,,,,"EPITHELIAL NEOPLASMS, NOS",NA,NA,NA,,,,753
21683,UT-SCV-2,,,,VULVA,"Squamous cell carcinoma, NOS",NA,,F,,Finland,Northern Europe,Europe,More developed regions,NA,HPV-,NA,NA,radiation (radiotherapy),NA,NA,WT,NA,,NA,,,,,,,,,,,,,,,,,,,,,,,,,,,,,,,,,,,,,,,,1149,Gynecol Oncol,1998,71,352,0009887230,DNA,SSCP,direct,False,False,False,True,True,True,True,True,False,False,,,,SQUAMOUS CELL NEOPLASMS,NA,NA,NA,,,,754
21684,UM-EC-1,,,,CORPUS UTERI,"Adenocarcinoma in situ, NOS",NA,,F,,Finland,Northern Europe,Europe,More developed regions,NA,HPV-,NA,NA,NA,NA,NA,WT,NA,,NA,,,,,,,,,,,,,,,,,,,,,,,,,,,,,,,,,,,,,,,,1149,Gynecol Oncol,1998,71,352,0009887230,DNA,SSCP,direct,False,False,False,True,True,True,True,True,False,False,,,,ADENOMAS AND ADENOCARCINOMAS,NA,NA,NA,,,,755
21685,UM-EC-2,,,,CORPUS UTERI,"Adenocarcinoma, NOS",NA,,F,,Finland,Northern Europe,Europe,More developed regions,NA,HPV+ (16),NA,NA,NA,NA,NA,WT,NA,,NA,,,,,,,,,,,,,,,,,,,,,,,,,,,,,,,,,,,,,,,,1149,Gynecol Oncol,1998,71,352,0009887230,DNA,SSCP,direct,False,False,False,True,True,True,True,True,False,False,,,,ADENOMAS AND ADENOCARCINOMAS,NA,NA,NA,,,,756
21686,UM-EC-3,,,,CORPUS UTERI,"Adenocarcinoma, NOS",NA,,F,,Finland,Northern Europe,Europe,More developed regions,NA,HPV-,NA,NA,NA,NA,NA,WT,NA,,NA,,,,,,,,,,,,,,,,,,,,,,,,,,,,,,,,,,,,,,,,1149,Gynecol Oncol,1998,71,352,0009887230,DNA,SSCP,direct,False,False,False,True,True,True,True,True,False,False,,,,ADENOMAS AND ADENOCARCINOMAS,NA,NA,NA,,,,757
21687,UT-EC-1,,,,CORPUS UTERI,"Adenocarcinoma, NOS",NA,,F,,Finland,Northern Europe,Europe,More developed regions,NA,HPV-,NA,NA,NA,NA,NA,WT,NA,,NA,,,,,,,,,,,,,,,,,,,,,,,,,,,,,,,,,,,,,,,,1149,Gynecol Oncol,1998,71,352,0009887230,DNA,SSCP,direct,False,False,False,True,True,True,True,True,False,False,,,,ADENOMAS AND ADENOCARCINOMAS,NA,NA,NA,,,,758
21688,UT-EC-2A,,,,CORPUS UTERI,"Adenocarcinoma, NOS",NA,,F,,Finland,Northern Europe,Europe,More developed regions,NA,HPV-,NA,NA,radiotherapy+chemotherapy,NA,NA,WT,NA,,NA,,,,,,,,,,,,,,,,,,,,,,,,,,,,,,,,,,,,,,,,1149,Gynecol Oncol,1998,71,352,0009887230,DNA,SSCP,direct,False,False,False,True,True,True,True,True,False,False,,,,ADENOMAS AND ADENOCARCINOMAS,NA,NA,NA,,,,759
22812,HCC1500,CRL-2329,,ACH-000349,BREAST,"Infiltrating duct carcinoma, NOS (C50._)",primary,,F,32,USA,Northern America,Americas,More developed regions,NA,NA,NA,NA,NA,NA,NA,WT,NA,,positive,,,,,,,,,,,,,,,,,,,,,,,,,,,,,,,,,,,,,,,,1159,Clin Cancer Res,1998,4,2931,0009865903,DNA,none,direct,False,False,False,True,True,True,True,True,True,False,,,,DUCTAL AND LOBULAR NEOPLASMS,primary,NA,NA,,,,772
22813,HCC1685,,,,BREAST,"Infiltrating duct carcinoma, NOS (C50._)",primary,,F,,USA,Northern America,Americas,More developed regions,NA,NA,NA,NA,NA,NA,NA,WT,NA,,NA,,,,,,,,,,,,,,,,,,,,,,,,,,,,,,,,,,,,,,,,1159,Clin Cancer Res,1998,4,2931,0009865903,DNA,none,direct,False,False,False,True,True,True,True,True,True,False,,,,DUCTAL AND LOBULAR NEOPLASMS,primary,NA,NA,,,,773
22814,HCC1739,,,,BREAST,"Infiltrating duct carcinoma, NOS (C50._)",primary,,F,51,USA,Northern America,Americas,More developed regions,NA,NA,NA,NA,NA,NA,NA,WT,NA,,NA,,,,,,,,,,,,,,,,,,,,,,,,,,,,,,,,,,,,,,,,1159,Clin Cancer Res,1998,4,2931,0009865903,DNA,none,direct,False,False,False,True,True,True,True,True,True,False,,,,DUCTAL AND LOBULAR NEOPLASMS,primary,NA,NA,,,,774
22815,HCC2157,CRL-2340,749715,ACH-000691,BREAST,"Infiltrating duct carcinoma, NOS (C50._)",primary,,F,48,USA,Northern America,Americas,More developed regions,NA,NA,NA,NA,NA,NA,NA,WT,NA,,positive,,,,,,,,,,,,,,,,,,,,,,,,,,,,,,,,,,,,,,,,1159,Clin Cancer Res,1998,4,2931,0009865903,DNA,none,direct,False,False,False,True,True,True,True,True,True,False,,,,DUCTAL AND LOBULAR NEOPLASMS,primary,NA,NA,,,,775
22816,HCC2389,,,,BREAST,"Infiltrating duct carcinoma, NOS (C50._)",primary,,F,,USA,Northern America,Americas,More developed regions,NA,NA,NA,NA,NA,NA,NA,WT,NA,,NA,,,,,,,,,,,,,,,,,,,,,,,,,,,,,,,,,,,,,,,,1159,Clin Cancer Res,1998,4,2931,0009865903,DNA,none,direct,False,False,False,True,True,True,True,True,True,False,,,,DUCTAL AND LOBULAR NEOPLASMS,primary,NA,NA,,,,776
22808,HCC712,,,,BREAST,"Infiltrating duct carcinoma, NOS (C50._)",primary,,F,,USA,Northern America,Americas,More developed regions,NA,NA,NA,NA,NA,NA,NA,WT,NA,,NA,,,,,,,,,,,,,,,,,,,,,,,,,,,,,,,,,,,,,,,,1159,Clin Cancer Res,1998,4,2931,0009865903,DNA,none,direct,False,False,False,True,True,True,True,True,True,False,,,,DUCTAL AND LOBULAR NEOPLASMS,primary,NA,NA,,,,779
22809,HCC1143,CRL-2321,749710,ACH-000374,BREAST,"Infiltrating duct carcinoma, NOS (C50._)",primary,,F,52,USA,Northern America,Americas,More developed regions,NA,NA,NA,NA,NA,NA,NA,WT,NA,,positive,,,,,,,,,,,,,,,,,,,,,,,,,,,,,,,,,,,,,,,,1159,Clin Cancer Res,1998,4,2931,0009865903,DNA,none,direct,False,False,False,True,True,True,True,True,True,False,,,,DUCTAL AND LOBULAR NEOPLASMS,primary,NA,NA,,,,780
22810,HCC1187,CRL-2322,749711,ACH-000111,BREAST,"Infiltrating duct carcinoma, NOS (C50._)",primary,,F,41,USA,Northern America,Americas,More developed regions,NA,NA,NA,NA,NA,NA,NA,WT,NA,,positive,,,,,,,,,,,,,,,,,,,,,,,,,,,,,,,,,,,,,,,,1159,Clin Cancer Res,1998,4,2931,0009865903,DNA,none,direct,False,False,False,True,True,True,True,True,True,False,,,,DUCTAL AND LOBULAR NEOPLASMS,primary,NA,NA,,,,781
22811,HCC1419,CRL-2326,907045,ACH-000277,BREAST,"Infiltrating duct carcinoma, NOS (C50._)",primary,,F,42,USA,Northern America,Americas,More developed regions,NA,NA,NA,NA,NA,NA,NA,WT,NA,,negative,,,,,,,,,,,,,,,,,,,,,,,,,,,,,,,,,,,,,,,,1159,Clin Cancer Res,1998,4,2931,0009865903,DNA,none,direct,False,False,False,True,True,True,True,True,True,False,,,,DUCTAL AND LOBULAR NEOPLASMS,primary,NA,NA,,,,782
21073,LD583,,,,BLADDER,"Carcinoma, NOS",NA,,NA,,NA,NA,NA,NA,NA,NA,NA,NA,NA,NA,NA,WT,NA,,NA,,,,,,,,,,,,,,,,,,,,,,,,,,,,,,,,,,,,,,,,1160,Cancer Res,1998,58,5348,0009850064,RNA,none,direct,True,True,True,True,True,True,True,True,True,True,,,,"EPITHELIAL NEOPLASMS, NOS",NA,NA,NA,,,,788
21074,LD611,,,,BLADDER,"Carcinoma, NOS",NA,,NA,,NA,NA,NA,NA,NA,NA,NA,NA,NA,NA,NA,WT,NA,,NA,,,,,,,,,,,,,,,,,,,,,,,,,,,,,,,,,,,,,,,,1160,Cancer Res,1998,58,5348,0009850064,RNA,none,direct,True,True,True,True,True,True,True,True,True,True,,,,"EPITHELIAL NEOPLASMS, NOS",NA,NA,NA,,,,789
21075,LD71,,,,BLADDER,"Carcinoma, NOS",NA,,NA,,NA,NA,NA,NA,NA,NA,NA,NA,NA,NA,NA,WT,NA,,NA,,,,,,,,,,,,,,,,,,,,,,,,,,,,,,,,,,,,,,,,1160,Cancer Res,1998,58,5348,0009850064,RNA,none,direct,True,True,True,True,True,True,True,True,True,True,,,,"EPITHELIAL NEOPLASMS, NOS",NA,NA,NA,,,,790
23935,D-54 MG,,,,BRAIN,"Astrocytoma, NOS (C71._)",NA,,NA,,NA,NA,NA,NA,NA,NA,NA,NA,NA,NA,NA,WT,NA,,NA,,,,,,,,,,,,,,,,,,,,,,,,,,,,,,,,,,,,,,,,1433,Cancer Res,1996,56,694,8630997,RNA,none,direct,False,False,False,True,True,True,True,False,False,False,,,,GLIOMAS,NA,NA,NA,,,,929
23603,NB-1643,,,,NERVES,"Neuroblastoma, NOS",NA,,NA,,NA,NA,NA,NA,NA,NA,NA,NA,NA,NA,N-MYC amplification,WT,NA,,NA,,,,,,,,,,,,,,,,,,,,,,,,,,,,,,,,,,,,,,,,1559,Cancer Res,2001,61,8,11196202,DNA/RNA,none,direct,False,False,True,True,True,True,True,True,True,False,,,,NEUROEPITHELIOMATOUS NEOPLASMS,NA,NA,NA,,,,948
23604,NB-1691,,,,NERVES,"Neuroblastoma, NOS",NA,,NA,,NA,NA,NA,NA,NA,NA,NA,NA,NA,NA,N-MYC amplification,WT,NA,,NA,,,,,,,,,,,,,,,,,,,,,,,,,,,,,,,,,,,,,,,,1559,Cancer Res,2001,61,8,11196202,DNA/RNA,none,direct,False,False,True,True,True,True,True,True,True,False,,,,NEUROEPITHELIOMATOUS NEOPLASMS,NA,NA,NA,,,,949
23605,SJNB-1,,,,NERVES,"Neuroblastoma, NOS",NA,,NA,,NA,NA,NA,NA,NA,NA,NA,NA,NA,NA,NA,WT,NA,,NA,,,,,,,,,,,,,,,,,,,,,,,,,,,,,,,,,,,,,,,,1559,Cancer Res,2001,61,8,11196202,DNA/RNA,none,direct,False,False,True,True,True,True,True,True,True,False,,,,NEUROEPITHELIOMATOUS NEOPLASMS,NA,NA,NA,,,,950
23829,SKNBE(1n),,,,NERVES,"Neuroblastoma, NOS",primary,,NA,,NA,NA,NA,NA,NA,NA,NA,NA,NA,NA,N-MYC amplification,WT,NA,,NA,,,,,,,,,,,,,,,,,,,,,,,,,,,,,,,,,,,,,,,,1559,Cancer Res,2001,61,8,11196202,DNA/RNA,none,direct,False,False,True,True,True,True,True,True,True,False,,,,NEUROEPITHELIOMATOUS NEOPLASMS,primary,NA,NA,,,,951
21141,RAM01-C2,,,,KIDNEY,"Papillary carcinoma, NOS",NA,,NA,,Germany,Western Europe,Europe,More developed regions,NA,NA,NA,NA,NA,NA,NA,WT,NA,,NA,,,,,,,,,,,,,,,,,,,,,,,,,,,,,,,,,,,,,,,,1581,Anticancer Res,2001,21,3509,11848517,DNA,none,direct,False,False,False,True,True,True,True,True,False,False,,,,SQUAMOUS CELL NEOPLASMS,NA,NA,NA,,,,959
21135,RAM01-3,,,,KIDNEY,"Clear cell adenocarcinoma, NOS",NA,,NA,,Germany,Western Europe,Europe,More developed regions,NA,NA,NA,NA,NA,NA,NA,WT,NA,,NA,,,,,,,,,,,,,,,,,,,,,,,,,,,,,,,,,,,,,,,,1581,Anticancer Res,2001,21,3509,11848517,DNA,none,direct,False,False,False,True,True,True,True,True,False,False,,,,ADENOMAS AND ADENOCARCINOMAS,NA,NA,NA,,,,960
21136,RAM01-7,,,,KIDNEY,"Clear cell adenocarcinoma, NOS",NA,,NA,,Germany,Western Europe,Europe,More developed regions,NA,NA,NA,NA,NA,NA,NA,WT,NA,,NA,,,,,,,,,,,,,,,,,,,,,,,,,,,,,,,,,,,,,,,,1581,Anticancer Res,2001,21,3509,11848517,DNA,none,direct,False,False,False,True,True,True,True,True,False,False,,,,ADENOMAS AND ADENOCARCINOMAS,NA,NA,NA,,,,961
21137,RAM01-8,,,,KIDNEY,"Clear cell adenocarcinoma, NOS",NA,,NA,,Germany,Western Europe,Europe,More developed regions,NA,NA,NA,NA,NA,NA,NA,WT,NA,,NA,,,,,,,,,,,,,,,,,,,,,,,,,,,,,,,,,,,,,,,,1581,Anticancer Res,2001,21,3509,11848517,DNA,none,direct,False,False,False,True,True,True,True,True,False,False,,,,ADENOMAS AND ADENOCARCINOMAS,NA,NA,NA,,,,962
21138,RAM01-10,,,,KIDNEY,"Clear cell adenocarcinoma, NOS",NA,,NA,,Germany,Western Europe,Europe,More developed regions,NA,NA,NA,NA,NA,NA,NA,WT,NA,,NA,,,,,,,,,,,,,,,,,,,,,,,,,,,,,,,,,,,,,,,,1581,Anticancer Res,2001,21,3509,11848517,DNA,none,direct,False,False,False,True,True,True,True,True,False,False,,,,ADENOMAS AND ADENOCARCINOMAS,NA,NA,NA,,,,963
21139,RAM01-11,,,,KIDNEY,"Clear cell adenocarcinoma, NOS",NA,,NA,,Germany,Western Europe,Europe,More developed regions,NA,NA,NA,NA,NA,NA,NA,WT,NA,,NA,,,,,,,,,,,,,,,,,,,,,,,,,,,,,,,,,,,,,,,,1581,Anticancer Res,2001,21,3509,11848517,DNA,none,direct,False,False,False,True,True,True,True,True,False,False,,,,ADENOMAS AND ADENOCARCINOMAS,NA,NA,NA,,,,964
21140,RAM01-C1,,,,KIDNEY,"Papillary carcinoma, NOS",NA,,NA,,Germany,Western Europe,Europe,More developed regions,NA,NA,NA,NA,NA,NA,NA,WT,NA,,NA,,,,,,,,,,,,,,,,,,,,,,,,,,,,,,,,,,,,,,,,1581,Anticancer Res,2001,21,3509,11848517,DNA,none,direct,False,False,False,True,True,True,True,True,False,False,,,,SQUAMOUS CELL NEOPLASMS,NA,NA,NA,,,,965
23821,SMS-LHN,,,,NERVES,"Neuroblastoma, NOS",NA,,NA,,NA,NA,NA,NA,NA,NA,NA,NA,NA,NA,NA,WT,NA,,NA,,,,,,,,,,,,,,,,,,,,,,,,,,,,,,,,,,,,,,,,1616,Cancer Res,2001,61,6185,11507071,DNA,AmpliChip,direct,True,True,True,True,True,True,True,True,True,True,,,,NEUROEPITHELIOMATOUS NEOPLASMS,NA,NA,NA,,,,973
23822,LA-N-6,,,ACH-001355,NERVES,"Neuroblastoma, NOS",NA,,NA,,NA,NA,NA,NA,NA,NA,NA,NA,NA,NA,NA,WT,NA,,NA,,,,,,,,,,,,,,,,,,,,,,,,,,,,,,,,,,,,,,,,1616,Cancer Res,2001,61,6185,11507071,DNA,AmpliChip,direct,True,True,True,True,True,True,True,True,True,True,,,,NEUROEPITHELIOMATOUS NEOPLASMS,NA,NA,NA,,,,974
23823,SK-N-RA,,,,NERVES,"Neuroblastoma, NOS",NA,,NA,,NA,NA,NA,NA,NA,NA,NA,NA,NA,NA,NA,WT,NA,,NA,,,,,,,,,,,,,,,,,,,,,,,,,,,,,,,,,,,,,,,,1616,Cancer Res,2001,61,6185,11507071,DNA,AmpliChip,direct,True,True,True,True,True,True,True,True,True,True,,,,NEUROEPITHELIOMATOUS NEOPLASMS,NA,NA,NA,,,,975
23824,CHLA-79,,,,NERVES,"Neuroblastoma, NOS",NA,,NA,,NA,NA,NA,NA,NA,NA,NA,NA,NA,NA,NA,WT,NA,,NA,,,,,,,,,,,,,,,,,,,,,,,,,,,,,,,,,,,,,,,,1616,Cancer Res,2001,61,6185,11507071,DNA,AmpliChip,direct,True,True,True,True,True,True,True,True,True,True,,,,NEUROEPITHELIOMATOUS NEOPLASMS,NA,NA,NA,,,,976
23825,CHLA-136,,,,NERVES,"Neuroblastoma, NOS",NA,,NA,,NA,NA,NA,NA,NA,NA,NA,NA,NA,NA,NA,WT,NA,,NA,,,,,,,,,,,,,,,,,,,,,,,,,,,,,,,,,,,,,,,,1616,Cancer Res,2001,61,6185,11507071,DNA,AmpliChip,direct,True,True,True,True,True,True,True,True,True,True,,,,NEUROEPITHELIOMATOUS NEOPLASMS,NA,NA,NA,,,,977
23826,CHLA-171,,,,NERVES,"Neuroblastoma, NOS",NA,,NA,,NA,NA,NA,NA,NA,NA,NA,NA,NA,NA,NA,WT,NA,,NA,,,,,,,,,,,,,,,,,,,,,,,,,,,,,,,,,,,,,,,,1616,Cancer Res,2001,61,6185,11507071,DNA,AmpliChip,direct,True,True,True,True,True,True,True,True,True,True,,,,NEUROEPITHELIOMATOUS NEOPLASMS,NA,NA,NA,,,,978
23827,CHLA-225,,,,NERVES,"Neuroblastoma, NOS",NA,,NA,,NA,NA,NA,NA,NA,NA,NA,NA,NA,NA,NA,WT,NA,,NA,,,,,,,,,,,,,,,,,,,,,,,,,,,,,,,,,,,,,,,,1616,Cancer Res,2001,61,6185,11507071,DNA,AmpliChip,direct,True,True,True,True,True,True,True,True,True,True,,,,NEUROEPITHELIOMATOUS NEOPLASMS,NA,NA,NA,,,,979
23828,CHLA-134,,,,NERVES,"Neuroblastoma, NOS",NA,,NA,,NA,NA,NA,NA,NA,NA,NA,NA,NA,NA,NA,WT,NA,,NA,,,,,,,,,,,,,,,,,,,,,,,,,,,,,,,,,,,,,,,,1616,Cancer Res,2001,61,6185,11507071,DNA,AmpliChip,direct,True,True,True,True,True,True,True,True,True,True,,,,NEUROEPITHELIOMATOUS NEOPLASMS,NA,NA,NA,,,,980
21099,UACC-62,,905976,ACH-000425,SKIN,"Malignant melanoma, NOS",NA,,NA,,NA,NA,NA,NA,NA,NA,NA,NA,NA,NA,NA,WT,NA,,NA,,,,,,,,,,,,,,,,,,,,,,,,,,,,,,,,,,,,,,,,1822,Cancer Res,1997,57,4285,9331090,RNA,none,direct,True,True,True,True,True,True,True,True,True,True,,,,NEVI AND MELANOMAS,NA,NA,NA,,,,1024
21110,UO31,,905981,ACH-000428,KIDNEY,"Renal cell carcinoma, NOS (C64.9)",NA,,NA,,NA,NA,NA,NA,NA,NA,NA,NA,NA,NA,NA,WT,NA,,NA,,,,,,,,,,,,,,,,,,,,,,,,,,,,,,,,,,,,,,,,1822,Cancer Res,1997,57,4285,9331090,RNA,none,direct,True,True,True,True,True,True,True,True,True,True,,,,ADENOMAS AND ADENOCARCINOMAS,NA,NA,NA,,,,1025
21083,NCI-H460,HTB-177,905943,ACH-000463,LUNG,"Large cell carcinoma, NOS",NA,,M,,NA,NA,NA,NA,NA,NA,NA,NA,NA,"KRAS (CAA>CAT, p.Q61H)",NA,WT,NA,,NA,,,,,,,,,,,,,,,,,,,,,,,,,,,,,,,,,,,,,,,,1822,Cancer Res,1997,57,4285,9331090,RNA,none,direct,True,True,True,True,True,True,True,True,True,True,,,,"EPITHELIAL NEOPLASMS, NOS",NA,NA,NA,,,,1026
21085,OVCAR-4,,905990,ACH-000617,OVARY,"Carcinoma, NOS",NA,,F,,NA,NA,NA,NA,NA,NA,NA,NA,NA,NA,NA,WT,NA,,NA,,,,,,,,,,,,,,,,,,,,,,,,,,,,,,,,,,,,,,,,1822,Cancer Res,1997,57,4285,9331090,RNA,none,direct,True,True,True,True,True,True,True,True,True,True,,,,"EPITHELIAL NEOPLASMS, NOS",NA,NA,NA,,,,1027
21089,SF539,,905984,ACH-000273,BRAIN,"Glioma, malignant (C71._)",NA,,NA,,NA,NA,NA,NA,NA,NA,NA,NA,NA,NA,NA,WT,NA,,NA,,,,,,,,,,,,,,,,,,,,,,,,,,,,,,,,,,,,,,,,1822,Cancer Res,1997,57,4285,9331090,RNA,none,direct,True,True,True,True,True,True,True,True,True,True,,,,GLIOMAS,NA,NA,NA,,,,1028
21090,SK-MEL-5,HTB-70,905956,ACH-000730,SKIN,"Malignant melanoma, NOS",NA,,F,24,NA,NA,NA,NA,NA,NA,NA,NA,NA,NA,NA,WT,NA,,NA,,,,,,,,,,,,,,,,,,,,,,,,,,,,,,,,,,,,,,,,1822,Cancer Res,1997,57,4285,9331090,RNA,none,direct,True,True,True,True,True,True,True,True,True,True,,,,NEVI AND MELANOMAS,NA,NA,NA,,,,1029
21092,SR,CRL-2262,905965,,HEMATOP. SYSTEM,"Leukemia, NOS",NA,,M,11,NA,NA,NA,NA,NA,NA,NA,NA,NA,NA,NA,WT,NA,,NA,,,,,,,,,,,,,,,,,,,,,,,,,,,,,,,,,,,,,,,,1822,Cancer Res,1997,57,4285,9331090,RNA,none,direct,True,True,True,True,True,True,True,True,True,True,,,,"LEUKEMIAS, NOS (C42.1)",NA,NA,NA,,,,1030
21098,UACC-257,,905977,ACH-000579,SKIN,"Malignant melanoma, NOS",NA,,NA,,NA,NA,NA,NA,NA,NA,NA,NA,NA,NA,NA,WT,NA,,NA,,,,,,,,,,,,,,,,,,,,,,,,,,,,,,,,,,,,,,,,1822,Cancer Res,1997,57,4285,9331090,RNA,none,direct,True,True,True,True,True,True,True,True,True,True,,,,NEVI AND MELANOMAS,NA,NA,NA,,,,1031
21041,CAKI-1,HTB-46,905963,ACH-000433,KIDNEY,"Clear cell adenocarcinoma, NOS",NA,,M,49,NA,NA,NA,NA,NA,NA,NA,NA,NA,NA,NA,WT,NA,,NA,,,,,,,,,,,,,,,,,,,,,,,,,,,,,,,,,,,,,,,,1822,Cancer Res,1997,57,4285,9331090,RNA,none,direct,True,True,True,True,True,True,True,True,True,True,,,,ADENOMAS AND ADENOCARCINOMAS,NA,NA,NA,,,,1032
21064,HCT-116,CCL-247,905936,ACH-000971,COLON,"Carcinoma, NOS",NA,,M,,NA,NA,NA,NA,NA,NA,NA,NA,NA,"KRAS (GGC>GAC, p.G13D)",NA,WT,NA,,NA,,,,,,,,,,,,,,,,,,,,,,,,,,,,,,,,,,,,,,,,1822,Cancer Res,1997,57,4285,9331090,RNA,none,direct,True,True,True,True,True,True,True,True,True,True,,,,"EPITHELIAL NEOPLASMS, NOS",NA,NA,NA,,,,1033
21072,IGROV-1,,905968,ACH-000966,OVARY,"Carcinoma, NOS",NA,,F,,NA,NA,NA,NA,NA,NA,NA,NA,NA,NA,NA,WT,NA,,NA,,,,,,,,,,,,,,,,,,,,,,,,,,,,,,,,,,,,,,,,1822,Cancer Res,1997,57,4285,9331090,RNA,none,direct,True,True,True,True,True,True,True,True,True,True,,,,"EPITHELIAL NEOPLASMS, NOS",NA,NA,NA,,,,1034
21077,LOXIMVI,,905974,ACH-000750,SKIN,"Malignant melanoma, NOS",NA,,NA,,NA,NA,NA,NA,NA,NA,NA,NA,NA,NA,NA,WT,NA,,NA,,,,,,,,,,,,,,,,,,,,,,,,,,,,,,,,,,,,,,,,1822,Cancer Res,1997,57,4285,9331090,RNA,none,direct,True,True,True,True,True,True,True,True,True,True,,,,NEVI AND MELANOMAS,NA,NA,NA,,,,1035
21078,MALME-3M,,905953,ACH-000477,SKIN,"Malignant melanoma, NOS",NA,,M,43,NA,NA,NA,NA,NA,NA,NA,NA,NA,NA,NA,WT,NA,,NA,,,,,,,,,,,,,,,,,,,,,,,,,,,,,,,,,,,,,,,,1822,Cancer Res,1997,57,4285,9331090,RNA,none,direct,True,True,True,True,True,True,True,True,True,True,,,,NEVI AND MELANOMAS,NA,NA,NA,,,,1036
21081,MOLT-4,CRL-1582,905958,ACH-001127,HEMATOP. SYSTEM,"Precursor cell lymphoblastic leukemia, NOS",NA,,M,19,NA,NA,NA,NA,NA,NA,NA,NA,NA,NA,NA,WT,NA,,NA,,,,,,,,,,,,,,,,,,,,,,,,,,,,,,,,,,,,,,,,1822,Cancer Res,1997,57,4285,9331090,RNA,none,direct,True,True,True,True,True,True,True,True,True,True,,,,LYMPHOID LEUKEMIAS (C42.1),NA,NA,NA,,,,1037
21036,A498,HTB-44,905948,ACH-000555,KIDNEY,"Carcinoma, NOS",NA,,F,52,NA,NA,NA,NA,NA,NA,NA,NA,NA,NA,NA,WT,NA,,NA,,,,,,,,,,,,,,,,,,,,,,,,,,,,,,,,,,,,,,,,1822,Cancer Res,1997,57,4285,9331090,RNA,none,direct,True,True,True,True,True,True,True,True,True,True,,,,"EPITHELIAL NEOPLASMS, NOS",NA,NA,NA,,,,1041
21037,A549,CCL-185,905949,ACH-000681,LUNG,Non-small cell carcinoma (C34._),NA,,M,59,NA,NA,NA,NA,NA,NA,NA,NA,NA,"KRAS (GGT>AGT, p.G12S)",NA,WT,NA,,NA,,,,,,,,,,,,,,,,,,,,,,,,,,,,,,,,,,,,,,,,1822,Cancer Res,1997,57,4285,9331090,RNA,none,direct,True,True,True,True,True,True,True,True,True,True,,,,"EPITHELIAL NEOPLASMS, NOS",NA,NA,NA,,,,1042
21039,ACHN,CRL-1611,905950,ACH-000046,KIDNEY,"Renal cell carcinoma, NOS (C64.9)",NA,,M,22,NA,NA,NA,NA,NA,NA,NA,NA,NA,NA,NA,WT,NA,,NA,,,,,,,,,,,,,,,,,,,,,,,,,,,,,,,,,,,,,,,,1822,Cancer Res,1997,57,4285,9331090,RNA,none,direct,True,True,True,True,True,True,True,True,True,True,,,,ADENOMAS AND ADENOCARCINOMAS,NA,NA,NA,,,,1043
21111,ZR-75-1,,,ACH-000097,BREAST,"Cancer, NOS",NA,,F,,NA,NA,NA,NA,NA,NA,NA,NA,NA,NA,NA,WT,NA,,NA,,,,,,,,,,,,,,,,,,,,,,,,,,,,,,,,,,,,,,,,1850,Breast Cancer Res Treat,2003,79,37,12779080,RNA,FASAY,cloned,True,True,True,True,True,True,True,True,True,True,,,,"NEOPLASMS, NOS",NA,NA,NA,,,,1081
21112,ZR-75-30,CRL-1504,909907,ACH-000828,BREAST,"Infiltrating duct carcinoma, NOS (C50._)",NA,,F,47,NA,NA,NA,NA,NA,NA,NA,NA,NA,NA,NA,WT,NA,,NA,,,,,,,,,,,,,,,,,,,,,,,,,,,,,,,,,,,,,,,,1850,Breast Cancer Res Treat,2003,79,37,12779080,RNA,FASAY,cloned,True,True,True,True,True,True,True,True,True,True,,,,DUCTAL AND LOBULAR NEOPLASMS,NA,NA,NA,,,,1082
21043,DU-4475,HTB-123,906844,ACH-000258,BREAST,"Infiltrating duct carcinoma, NOS (C50._)",NA,,F,70,NA,NA,NA,NA,NA,NA,NA,NA,NA,NA,BRAF;APC,WT,NA,,NA,,,,,,,,,,,,,,,,,,,,,,,,,,,,,,,,,,,,,,,,1850,Breast Cancer Res Treat,2003,79,37,12779080,RNA,FASAY,cloned,True,True,True,True,True,True,True,True,True,True,,,,DUCTAL AND LOBULAR NEOPLASMS,NA,NA,NA,,,,1084
21063,HBL-100,,,,BREAST,"Cancer, NOS",NA,,F,,NA,NA,NA,NA,NA,NA,NA,NA,NA,NA,NA,WT,NA,,NA,,,,,,,,,,,,,,,,,,,,,,,,,,,,,,,,,,,,,,,,1850,Breast Cancer Res Treat,2003,79,37,12779080,RNA,FASAY,cloned,True,True,True,True,True,True,True,True,True,True,,,,"NEOPLASMS, NOS",NA,NA,NA,,,,1085
21079,MCF-7,HTB-22,905946,ACH-000019,BREAST,"Adenocarcinoma, NOS",metastasis (pleura),,F,69,NA,NA,NA,NA,NA,NA,NA,NA,NA,KRAS WT,NA,WT,NA,,NA,,,,,,,,,,,,,,,,,,,,,,,,,,,,,,,,,,,,,,,,1850,Breast Cancer Res Treat,2003,79,37,12779080,RNA,FASAY,cloned,True,True,True,True,True,True,True,True,True,True,,,,ADENOMAS AND ADENOCARCINOMAS,metastasis,NA,NA,,,,1086
21080,MDA-MB-175-VII,HTB-25,908120,ACH-000759,BREAST,"Infiltrating duct carcinoma, NOS (C50._)",NA,,F,56,NA,NA,NA,NA,NA,NA,NA,NA,NA,NA,NA,WT,NA,,NA,,,,,,,,,,,,,,,,,,,,,,,,,,,,,,,,,,,,,,,,1850,Breast Cancer Res Treat,2003,79,37,12779080,RNA,FASAY,cloned,True,True,True,True,True,True,True,True,True,True,,,,DUCTAL AND LOBULAR NEOPLASMS,NA,NA,NA,,,,1087
21097,UACC-812,CRL-1897,910910,ACH-000568,BREAST,"Infiltrating duct carcinoma, NOS (C50._)",NA,,F,43,NA,NA,NA,NA,NA,NA,NA,NA,NA,NA,NA,WT,NA,,NA,,,,,,,,,,,,,,,,,,,,,,,,,,,,,,,,,,,,,,,,1850,Breast Cancer Res Treat,2003,79,37,12779080,RNA,FASAY,cloned,True,True,True,True,True,True,True,True,True,True,,,,DUCTAL AND LOBULAR NEOPLASMS,NA,NA,NA,,,,1088
21038,ACC-LC-176,,,,LUNG,"Squamous cell carcinoma, NOS",NA,,NA,,NA,NA,NA,NA,NA,NA,NA,NA,NA,NA,NA,WT,NA,,NA,,,,,,,,,,,,,,,,,,,,,,,,,,,,,,,,,,,,,,,,1890,Int J Cancer,2003,106,45,12794755,,,,False,False,False,True,True,True,True,False,False,False,,,,SQUAMOUS CELL NEOPLASMS,NA,NA,NA,,,,1103
21086,PC-1,,,,LUNG,"Squamous cell carcinoma, NOS",NA,,NA,,NA,NA,NA,NA,NA,NA,NA,NA,NA,NA,NA,WT,NA,,NA,,,,,,,,,,,,,,,,,,,,,,,,,,,,,,,,,,,,,,,,1890,Int J Cancer,2003,106,45,12794755,,,,False,False,False,True,True,True,True,False,False,False,,,,SQUAMOUS CELL NEOPLASMS,NA,NA,NA,,,,1106
25907,UM-SCC11A,,,,HYPOPHARYNX,"Squamous cell carcinoma, NOS",primary,,M,65,USA,Northern America,Americas,More developed regions,NA,NA,NA,NA,chemotherapy,NA,NA,WT,NA,,NA,,,,,,,,,,,,,,,,,,,,,,,,,,,,,,,,,,,,,,,,1897,Head Neck,2003,25,654,12884349,DNA,SSCP/AmpliChip,direct,True,True,True,True,True,True,True,True,True,True,,,,SQUAMOUS CELL NEOPLASMS,primary,NA,NA,,,,1115
21106,UM-SCC-72,,,,"HEAD&NECK, NOS","Squamous cell carcinoma, NOS",NA,,NA,,NA,NA,NA,NA,NA,NA,NA,NA,NA,NA,NA,WT,NA,,NA,,,,,,,,,,,,,,,,,,,,,,,,,,,,,,,,,,,,,,,,1897,Head Neck,2003,25,654,12884349,DNA,SSCP/AmpliChip,direct,True,True,True,True,True,True,True,True,True,True,,,,SQUAMOUS CELL NEOPLASMS,NA,NA,NA,,,,1116
21107,UM-SCC-74A,,,,"HEAD&NECK, NOS","Squamous cell carcinoma, NOS",NA,,NA,,NA,NA,NA,NA,NA,NA,NA,NA,NA,NA,NA,WT,NA,,NA,,,,,,,,,,,,,,,,,,,,,,,,,,,,,,,,,,,,,,,,1897,Head Neck,2003,25,654,12884349,DNA,SSCP/AmpliChip,direct,True,True,True,True,True,True,True,True,True,True,,,,SQUAMOUS CELL NEOPLASMS,NA,NA,NA,,,,1117
21108,UM-SCC-74B,,,,"HEAD&NECK, NOS","Squamous cell carcinoma, NOS",NA,,NA,,NA,NA,NA,NA,NA,NA,NA,NA,NA,NA,NA,WT,NA,,NA,,,,,,,,,,,,,,,,,,,,,,,,,,,,,,,,,,,,,,,,1897,Head Neck,2003,25,654,12884349,DNA,SSCP/AmpliChip,direct,True,True,True,True,True,True,True,True,True,True,,,,SQUAMOUS CELL NEOPLASMS,NA,NA,NA,,,,1118
21109,UM-SCC-81A,,,,"HEAD&NECK, NOS","Squamous cell carcinoma, NOS",NA,,NA,,NA,NA,NA,NA,NA,NA,NA,NA,NA,NA,NA,WT,NA,,NA,,,,,,,,,,,,,,,,,,,,,,,,,,,,,,,,,,,,,,,,1897,Head Neck,2003,25,654,12884349,DNA,SSCP/AmpliChip,direct,True,True,True,True,True,True,True,True,True,True,,,,SQUAMOUS CELL NEOPLASMS,NA,NA,NA,,,,1119
21100,UM-SCC-1,,,,MOUTH (floor),"Squamous cell carcinoma, NOS",recurrent,,M,72,NA,NA,NA,NA,NA,NA,NA,NA,radiation (radiotherapy),NA,NA,WT,NA,,NA,,,,,,,,,,,,,,,,,,,,,,,,,,,,,,,,,,,,,,,,1897,Head Neck,2003,25,654,12884349,DNA,SSCP/AmpliChip,direct,True,True,True,True,True,True,True,True,True,True,,,,SQUAMOUS CELL NEOPLASMS,recurrent,NA,NA,,,,1120
21101,UM-SCC-17B,,,,"HEAD&NECK, NOS","Squamous cell carcinoma, NOS",NA,,NA,,NA,NA,NA,NA,NA,NA,NA,NA,NA,NA,NA,WT,NA,,NA,,,,,,,,,,,,,,,,,,,,,,,,,,,,,,,,,,,,,,,,1897,Head Neck,2003,25,654,12884349,DNA,SSCP/AmpliChip,direct,True,True,True,True,True,True,True,True,True,True,,,,SQUAMOUS CELL NEOPLASMS,NA,NA,NA,,,,1121
21102,UM-SCC-25,,,,"HEAD&NECK, NOS","Squamous cell carcinoma, NOS",NA,,NA,,NA,NA,NA,NA,NA,NA,NA,NA,NA,NA,NA,WT,NA,,NA,,,,,,,,,,,,,,,,,,,,,,,,,,,,,,,,,,,,,,,,1897,Head Neck,2003,25,654,12884349,DNA,SSCP/AmpliChip,direct,True,True,True,True,True,True,True,True,True,True,,,,SQUAMOUS CELL NEOPLASMS,NA,NA,NA,,,,1122
21103,UM-SCC-47,,,,"HEAD&NECK, NOS","Squamous cell carcinoma, NOS",NA,,NA,,NA,NA,NA,NA,NA,NA,NA,NA,NA,NA,NA,WT,NA,,NA,,,,,,,,,,,,,,,,,,,,,,,,,,,,,,,,,,,,,,,,1897,Head Neck,2003,25,654,12884349,DNA,SSCP/AmpliChip,direct,True,True,True,True,True,True,True,True,True,True,,,,SQUAMOUS CELL NEOPLASMS,NA,NA,NA,,,,1123
21104,UM-SCC-54,,,,"HEAD&NECK, NOS","Squamous cell carcinoma, NOS",NA,,NA,,NA,NA,NA,NA,NA,NA,NA,NA,NA,NA,NA,WT,NA,,NA,,,,,,,,,,,,,,,,,,,,,,,,,,,,,,,,,,,,,,,,1897,Head Neck,2003,25,654,12884349,DNA,SSCP/AmpliChip,direct,True,True,True,True,True,True,True,True,True,True,,,,SQUAMOUS CELL NEOPLASMS,NA,NA,NA,,,,1124
21105,UM-SCC-6,,,,TONGUE (other),"Squamous cell carcinoma, NOS",primary,,M,37,USA,Northern America,Americas,More developed regions,NA,NA,NA,NA,NA,NA,NA,WT,NA,,NA,,,,,,,,,,,,,,,,,,,,,,,,,,,,,,,,,,,,,,,,1897,Head Neck,2003,25,654,12884349,DNA,SSCP/AmpliChip,direct,True,True,True,True,True,True,True,True,True,True,,,,SQUAMOUS CELL NEOPLASMS,primary,NA,NA,,,,1125
21076,LNCaP,CRL-1740,907788,,PROSTATE,"Carcinoma, NOS",metastasis (LN),,M,50,NA,NA,NA,NA,NA,NA,NA,NA,NA,NA,NA,WT,No,,NA,,,,,,,,,,,,,,,,,,,,,,,,,,,,,,,,,,,,,,,,1898,Prostate,2003,57,205,14518029,DNA,none,direct,True,True,True,True,True,True,True,True,True,True,,,,"EPITHELIAL NEOPLASMS, NOS",metastasis,NA,NA,,,,1140
21087,PC-346C,,,,PROSTATE,"Carcinoma, NOS",primary,,NA,,NA,NA,NA,NA,NA,NA,NA,NA,NA,NA,NA,WT,No,,NA,,,,,,,,,,,,,,,,,,,,,,,,,,,,,,,,,,,,,,,,1898,Prostate,2003,57,205,14518029,DNA,none,direct,True,True,True,True,True,True,True,True,True,True,,,,"EPITHELIAL NEOPLASMS, NOS",primary,NA,NA,,,,1142
21052,GOTO,,906875,ACH-001716,NERVES,"Neuroblastoma, NOS",NA,,NA,,NA,NA,NA,NA,NA,NA,NA,NA,NA,NA,NA,WT,NA,,NA,,,,,,,,,,,,,,,,,,,,,,,,,,,,,,,,,,,,,,,,1899,Tohoku J Exp Med,2003,201,229,14690015,DNA,none,direct,True,True,True,True,True,True,True,True,True,True,,,,NEUROEPITHELIOMATOUS NEOPLASMS,NA,NA,NA,,,,1143
21094,TOV-21G,CRL-11730,,ACH-000885,OVARY,"Clear cell adenocarcinoma, NOS",NA,,F,62,NA,NA,NA,NA,NA,NA,NA,NA,NA,NA,NA,WT,NA,,NA,,,,,,,,,,,,,,,,,,,,,,,,,,,,,,,,,,,,,,,,1968,Cancer Chemother Pharmacol,2004,54,497,15258697,DNA,,,False,False,False,True,True,True,True,False,False,False,,,,ADENOMAS AND ADENOCARCINOMAS,NA,NA,NA,,,,1149
21095,TOV-81D,,,,OVARY,"Carcinoma, NOS",NA,,NA,,NA,NA,NA,NA,NA,NA,NA,NA,NA,NA,NA,WT,NA,,NA,,,,,,,,,,,,,,,,,,,,,,,,,,,,,,,,,,,,,,,,1968,Cancer Chemother Pharmacol,2004,54,497,15258697,DNA,,,False,False,False,True,True,True,True,False,False,False,,,,"EPITHELIAL NEOPLASMS, NOS",NA,NA,NA,,,,1150
21044,G-1408GM,,,,BRAIN,"Glioblastoma, NOS (C71._)",NA,,NA,,NA,NA,NA,NA,NA,NA,NA,NA,NA,NA,NA,WT,NA,,NA,,,,,,,,,,,,,,,,,,,,,,,,,,,,,,,,,,,,,,,,1978,J Neurosurg,2004,100,523,15035290,DNA,none,direct,True,True,True,True,True,True,True,True,True,True,,,,GLIOMAS,NA,NA,NA,,,,1160
21042,Capan-2,HTB-80,910915,ACH-000107,PANCREAS,"Adenocarcinoma, NOS",NA,,NA,56,NA,NA,NA,NA,NA,NA,NA,NA,NA,"KRAS (GGT>GTT, p.G12V)",NA,WT,NA,,NA,,,,,,,,,,,,,,,,,,,,,,,,,,,,,,,,,,,,,,,,1996,Pancreas,2004,29,193,15367885,DNA,none,direct,False,False,False,True,True,True,True,False,False,False,,,,ADENOMAS AND ADENOCARCINOMAS,NA,NA,NA,,,,1164
21070,HPAC,,,ACH-000270,PANCREAS,"Adenocarcinoma, NOS",NA,,NA,,NA,NA,NA,NA,NA,NA,NA,NA,NA,"KRAS (GGT>GAT, p.G12D)",CDKN2A,WT,NA,,NA,,,,,,,,,,,,,,,,,,,,,,,,,,,,,,,,,,,,,,,,1996,Pancreas,2004,29,193,15367885,DNA,none,direct,False,False,False,True,True,True,True,False,False,False,,,,ADENOMAS AND ADENOCARCINOMAS,NA,NA,NA,,,,1165
21071,HS766T,,,ACH-000178,PANCREAS,"Adenocarcinoma, NOS",NA,,NA,,NA,NA,NA,NA,NA,NA,NA,NA,NA,KRAS WT,NA,WT,NA,,NA,,,,,,,,,,,,,,,,,,,,,,,,,,,,,,,,,,,,,,,,1996,Pancreas,2004,29,193,15367885,DNA,none,direct,False,False,False,True,True,True,True,False,False,False,,,,ADENOMAS AND ADENOCARCINOMAS,NA,NA,NA,,,,1166
21065,HEC-108,,,ACH-000990,CORPUS UTERI,"Adenocarcinoma, NOS",NA,,NA,,NA,NA,NA,NA,NA,NA,NA,NA,NA,NA,NA,WT,NA,,NA,,,,,,,,,,,,,,,,,,,,,,,,,,,,,,,,,,,,,,,,2004,Eur J Gynaecol Oncol,2004,25,55,15053063,DNA,SSCP,direct,False,False,False,True,True,True,True,False,False,False,,,,ADENOMAS AND ADENOCARCINOMAS,NA,NA,NA,,,,1170
21066,HEC-151,,,ACH-000972,CORPUS UTERI,"Adenocarcinoma, NOS",NA,,NA,,NA,NA,NA,NA,NA,NA,NA,NA,NA,NA,NA,WT,NA,,NA,,,,,,,,,,,,,,,,,,,,,,,,,,,,,,,,,,,,,,,,2004,Eur J Gynaecol Oncol,2004,25,55,15053063,DNA,SSCP,direct,False,False,False,True,True,True,True,False,False,False,,,,ADENOMAS AND ADENOCARCINOMAS,NA,NA,NA,,,,1171
21067,HEC-265,,,ACH-000946,CORPUS UTERI,"Adenocarcinoma, NOS",NA,,NA,,NA,NA,NA,NA,NA,NA,NA,NA,NA,NA,NA,WT,NA,,NA,,,,,,,,,,,,,,,,,,,,,,,,,,,,,,,,,,,,,,,,2004,Eur J Gynaecol Oncol,2004,25,55,15053063,DNA,SSCP,direct,False,False,False,True,True,True,True,False,False,False,,,,ADENOMAS AND ADENOCARCINOMAS,NA,NA,NA,,,,1172
21068,HEC-6,,,ACH-000984,CORPUS UTERI,Adenocarcinoma with squamous metaplasia,NA,,NA,,NA,NA,NA,NA,NA,NA,NA,NA,NA,NA,NA,WT,NA,,NA,,,,,,,,,,,,,,,,,,,,,,,,,,,,,,,,,,,,,,,,2004,Eur J Gynaecol Oncol,2004,25,55,15053063,DNA,SSCP,direct,False,False,False,True,True,True,True,False,False,False,,,,COMPLEX EPITHELIAL NEOPLASMS,NA,NA,NA,,,,1173
21069,HEC-88,,,,CORPUS UTERI,Adenocarcinoma with squamous metaplasia,NA,,NA,,NA,NA,NA,NA,NA,NA,NA,NA,NA,NA,NA,WT,NA,,NA,,,,,,,,,,,,,,,,,,,,,,,,,,,,,,,,,,,,,,,,2004,Eur J Gynaecol Oncol,2004,25,55,15053063,DNA,SSCP,direct,False,False,False,True,True,True,True,False,False,False,,,,COMPLEX EPITHELIAL NEOPLASMS,NA,NA,NA,,,,1174
21040,CA,,,,CERVIX UTERI,"Squamous cell carcinoma, NOS",NA,,NA,,NA,NA,NA,NA,NA,NA,NA,NA,NA,NA,NA,WT,NA,,NA,,,,,,,,,,,,,,,,,,,,,,,,,,,,,,,,,,,,,,,,2022,Gynecol Oncol,2004,92,15,14751132,DNA,none,cloned,False,False,False,True,True,True,True,False,False,False,,,,SQUAMOUS CELL NEOPLASMS,NA,NA,NA,,,,1183
21053,H-143,,,,COLON,"Carcinoma, NOS",NA,,NA,,NA,NA,NA,NA,NA,NA,NA,NA,NA,NA,NA,WT,NA,,NA,,,,,,,,,,,,,,,,,,,,,,,,,,,,,,,,,,,,,,,,2032,Cancer Sci,2004,95,541,15182437,DNA,none,direct,False,False,False,True,True,True,True,False,False,False,,,,"EPITHELIAL NEOPLASMS, NOS",NA,NA,NA,,,,1190
21054,H-154,,,,STOMACH,"Carcinoma, NOS",NA,,NA,,NA,NA,NA,NA,NA,NA,NA,NA,NA,NA,NA,WT,NA,,NA,,,,,,,,,,,,,,,,,,,,,,,,,,,,,,,,,,,,,,,,2032,Cancer Sci,2004,95,541,15182437,DNA,none,direct,False,False,False,True,True,True,True,False,False,False,,,,"EPITHELIAL NEOPLASMS, NOS",NA,NA,NA,,,,1191
21055,H-171,,,,PANCREAS,"Carcinoma, NOS",NA,,NA,,NA,NA,NA,NA,NA,NA,NA,NA,NA,NA,NA,WT,NA,,NA,,,,,,,,,,,,,,,,,,,,,,,,,,,,,,,,,,,,,,,,2032,Cancer Sci,2004,95,541,15182437,DNA,none,direct,False,False,False,True,True,True,True,False,False,False,,,,"EPITHELIAL NEOPLASMS, NOS",NA,NA,NA,,,,1192
21062,H-81,,,,STOMACH,"Carcinoma, NOS",NA,,NA,,NA,NA,NA,NA,NA,NA,NA,NA,NA,NA,NA,WT,NA,,NA,,,,,,,,,,,,,,,,,,,,,,,,,,,,,,,,,,,,,,,,2032,Cancer Sci,2004,95,541,15182437,DNA,none,direct,False,False,False,True,True,True,True,False,False,False,,,,"EPITHELIAL NEOPLASMS, NOS",NA,NA,NA,,,,1197
21082,Mqnu-1,,,,LUNG,"Carcinoma, NOS",NA,,NA,,NA,NA,NA,NA,NA,NA,NA,NA,NA,NA,NA,WT,NA,,NA,,,,,,,,,,,,,,,,,,,,,,,,,,,,,,,,,,,,,,,,2032,Cancer Sci,2004,95,541,15182437,DNA,none,direct,False,False,False,True,True,True,True,False,False,False,,,,"EPITHELIAL NEOPLASMS, NOS",NA,NA,NA,,,,1198
21056,H-181,,,,LIVER,"Carcinoma, NOS",NA,,NA,,NA,NA,NA,NA,NA,NA,NA,NA,NA,NA,NA,WT,NA,,NA,,,,,,,,,,,,,,,,,,,,,,,,,,,,,,,,,,,,,,,,2032,Cancer Sci,2004,95,541,15182437,DNA,none,direct,False,False,False,True,True,True,True,False,False,False,,,,"EPITHELIAL NEOPLASMS, NOS",NA,NA,NA,,,,1201
21057,H-185,,,,BREAST,"Carcinoma, NOS",NA,,NA,,NA,NA,NA,NA,NA,NA,NA,NA,NA,NA,NA,WT,NA,,NA,,,,,,,,,,,,,,,,,,,,,,,,,,,,,,,,,,,,,,,,2032,Cancer Sci,2004,95,541,15182437,DNA,none,direct,False,False,False,True,True,True,True,False,False,False,,,,"EPITHELIAL NEOPLASMS, NOS",NA,NA,NA,,,,1202
21058,H-23,,,,STOMACH,"Carcinoma, NOS",NA,,NA,,NA,NA,NA,NA,NA,NA,NA,NA,NA,NA,NA,WT,NA,,NA,,,,,,,,,,,,,,,,,,,,,,,,,,,,,,,,,,,,,,,,2032,Cancer Sci,2004,95,541,15182437,DNA,none,direct,False,False,False,True,True,True,True,False,False,False,,,,"EPITHELIAL NEOPLASMS, NOS",NA,NA,NA,,,,1203
21059,H-26,,,,COLON,"Carcinoma, NOS",NA,,NA,,NA,NA,NA,NA,NA,NA,NA,NA,NA,NA,NA,WT,NA,,NA,,,,,,,,,,,,,,,,,,,,,,,,,,,,,,,,,,,,,,,,2032,Cancer Sci,2004,95,541,15182437,DNA,none,direct,False,False,False,True,True,True,True,False,False,False,,,,"EPITHELIAL NEOPLASMS, NOS",NA,NA,NA,,,,1204
21060,H-62,,,,BREAST,"Carcinoma, NOS",NA,,NA,,NA,NA,NA,NA,NA,NA,NA,NA,NA,NA,NA,WT,NA,,NA,,,,,,,,,,,,,,,,,,,,,,,,,,,,,,,,,,,,,,,,2032,Cancer Sci,2004,95,541,15182437,DNA,none,direct,False,False,False,True,True,True,True,False,False,False,,,,"EPITHELIAL NEOPLASMS, NOS",NA,NA,NA,,,,1205
21061,H-74,,,,LUNG,"Carcinoma, NOS",NA,,NA,,NA,NA,NA,NA,NA,NA,NA,NA,NA,NA,NA,WT,NA,,NA,,,,,,,,,,,,,,,,,,,,,,,,,,,,,,,,,,,,,,,,2032,Cancer Sci,2004,95,541,15182437,DNA,none,direct,False,False,False,True,True,True,True,False,False,False,,,,"EPITHELIAL NEOPLASMS, NOS",NA,NA,NA,,,,1206
21049,GM2300,,,,BRAIN,"Glioblastoma, NOS (C71._)",NA,,NA,,NA,NA,NA,NA,NA,NA,NA,NA,NA,NA,NA,WT,NA,,NA,,,,,,,,,,,,,,,,,,,,,,,,,,,,,,,,,,,,,,,,2037,Oncogene,2004,23,1283,14961077,DNA,AmpliChip,direct,True,True,True,True,True,True,True,True,True,True,,,,GLIOMAS,NA,NA,NA,,,,1213
21050,GM2401,,,,BRAIN,"Glioblastoma, NOS (C71._)",NA,,NA,,NA,NA,NA,NA,NA,NA,NA,NA,NA,NA,NA,WT,NA,,NA,,,,,,,,,,,,,,,,,,,,,,,,,,,,,,,,,,,,,,,,2037,Oncogene,2004,23,1283,14961077,DNA,AmpliChip,direct,True,True,True,True,True,True,True,True,True,True,,,,GLIOMAS,NA,NA,NA,,,,1214
21051,GM2455,,,,BRAIN,"Glioblastoma, NOS (C71._)",NA,,NA,,NA,NA,NA,NA,NA,NA,NA,NA,NA,NA,NA,WT,NA,,NA,,,,,,,,,,,,,,,,,,,,,,,,,,,,,,,,,,,,,,,,2037,Oncogene,2004,23,1283,14961077,DNA,AmpliChip,direct,True,True,True,True,True,True,True,True,True,True,,,,GLIOMAS,NA,NA,NA,,,,1215
21096,U-87MG,HTB-14,687590,ACH-000075,BRAIN,"Glioblastoma, NOS (C71._)",NA,,F,44,NA,NA,NA,NA,NA,NA,NA,NA,NA,NA,NA,WT,NA,,NA,,,,,,,,,,,,,,,,,,,,,,,,,,,,,,,,,,,,,,,,2037,Oncogene,2004,23,1283,14961077,DNA,AmpliChip,direct,True,True,True,True,True,True,True,True,True,True,,,,GLIOMAS,NA,NA,NA,,,,1216
21045,GM139,,,,BRAIN,"Glioblastoma, NOS (C71._)",NA,,NA,,NA,NA,NA,NA,NA,NA,NA,NA,NA,NA,NA,WT,NA,,NA,,,,,,,,,,,,,,,,,,,,,,,,,,,,,,,,,,,,,,,,2037,Oncogene,2004,23,1283,14961077,DNA,AmpliChip,direct,True,True,True,True,True,True,True,True,True,True,,,,GLIOMAS,NA,NA,NA,,,,1219
21046,GM1578,,,,BRAIN,"Glioblastoma, NOS (C71._)",NA,,NA,,NA,NA,NA,NA,NA,NA,NA,NA,NA,NA,NA,WT,NA,,NA,,,,,,,,,,,,,,,,,,,,,,,,,,,,,,,,,,,,,,,,2037,Oncogene,2004,23,1283,14961077,DNA,AmpliChip,direct,True,True,True,True,True,True,True,True,True,True,,,,GLIOMAS,NA,NA,NA,,,,1220
21047,GM1592,,,,BRAIN,"Glioblastoma, NOS (C71._)",NA,,NA,,NA,NA,NA,NA,NA,NA,NA,NA,NA,NA,NA,WT,NA,,NA,,,,,,,,,,,,,,,,,,,,,,,,,,,,,,,,,,,,,,,,2037,Oncogene,2004,23,1283,14961077,DNA,AmpliChip,direct,True,True,True,True,True,True,True,True,True,True,,,,GLIOMAS,NA,NA,NA,,,,1221
21048,GM1600,,,,BRAIN,"Glioblastoma, NOS (C71._)",NA,,NA,,NA,NA,NA,NA,NA,NA,NA,NA,NA,NA,NA,WT,NA,,NA,,,,,,,,,,,,,,,,,,,,,,,,,,,,,,,,,,,,,,,,2037,Oncogene,2004,23,1283,14961077,DNA,AmpliChip,direct,True,True,True,True,True,True,True,True,True,True,,,,GLIOMAS,NA,NA,NA,,,,1222
27710,U-2-OS,HTB-96,909776,ACH-000364,BONES (limbs),"Osteosarcoma, NOS (C40._, C41._)",NA,,F,15,NA,NA,NA,NA,NA,NA,NA,NA,NA,NA,NA,WT,NA,,NA,,,,,,,,,,,,,,,,,,,,,,,,,,,,,,,,,,,,,,,,2056,Br J Cancer,2004,91,355,15188009,DNA,none,direct,True,True,True,True,True,True,True,True,True,True,,,,OSSEOUS AND CHONDROMATOUS NEOPLASMS,NA,NA,NA,,,,1230
27711,YT,,946358,ACH-002317,LYMPH NODES,"NK/T-cell lymphoma, nasal and nasal-type",NA,,M,15,NA,NA,NA,NA,NA,NA,NA,NA,NA,NA,NA,WT,NA,,NA,,,,,,,,,,,,,,,,,,,,,,,,,,,,,,,,,,,,,,,,2056,Br J Cancer,2004,91,355,15188009,DNA,none,direct,True,True,True,True,True,True,True,True,True,True,,,,MATURE T- AND NK-CELL LYMPHOMAS,NA,NA,NA,,,,1231
27705,SJSA-1,CRL-2098,909717,ACH-000748,BONES (limbs),"Osteosarcoma, NOS (C40._, C41._)",NA,,M,19,NA,NA,NA,NA,NA,NA,NA,NA,NA,NA,NA,WT,NA,,NA,,,,,,,,,,,,,,,,,,,,,,,,,,,,,,,,,,,,,,,,2056,Br J Cancer,2004,91,355,15188009,DNA,none,direct,True,True,True,True,True,True,True,True,True,True,,,,OSSEOUS AND CHONDROMATOUS NEOPLASMS,NA,NA,NA,,,,1233
27706,TE-161-T,CRL-7753,909765,,LYMPH NODES,"Burkitt lymphoma, NOS",NA,,M,11,NA,NA,NA,NA,NA,NA,NA,NA,NA,NA,NA,WT,NA,,NA,,,,,,,,,,,,,,,,,,,,,,,,,,,,,,,,,,,,,,,,2056,Br J Cancer,2004,91,355,15188009,DNA,none,direct,True,True,True,True,True,True,True,True,True,True,,,,MATURE B-CELL LYMPHOMAS,NA,NA,NA,,,,1234
27707,TE-206-T,,909766,,UNKNOWN SITE,"Adenocarcinoma, NOS",NA,,M,1,NA,NA,NA,NA,NA,NA,NA,NA,NA,NA,NA,WT,NA,,NA,,,,,,,,,,,,,,,,,,,,,,,,,,,,,,,,,,,,,,,,2056,Br J Cancer,2004,91,355,15188009,DNA,none,direct,True,True,True,True,True,True,True,True,True,True,,,,ADENOMAS AND ADENOCARCINOMAS,NA,NA,NA,,,,1235
27708,TE-441-T,CRL-7767,924248,ACH-000772,SOFT TISSUES,"Rhabdomyosarcoma, NOS",NA,,F,14,NA,NA,NA,NA,NA,NA,NA,NA,NA,NA,NA,WT,NA,,NA,,,,,,,,,,,,,,,,,,,,,,,,,,,,,,,,,,,,,,,,2056,Br J Cancer,2004,91,355,15188009,DNA,none,direct,True,True,True,True,True,True,True,True,True,True,,,,MYOMATOUS NEOPLASMS,NA,NA,NA,,,,1236
27709,TI-73,,910696,,BONES (other),"Osteosarcoma, NOS (C40._, C41._)",NA,,NA,,NA,NA,NA,NA,NA,NA,NA,NA,NA,NA,NA,WT,NA,,NA,,,,,,,,,,,,,,,,,,,,,,,,,,,,,,,,,,,,,,,,2056,Br J Cancer,2004,91,355,15188009,DNA,none,direct,True,True,True,True,True,True,True,True,True,True,,,,OSSEOUS AND CHONDROMATOUS NEOPLASMS,NA,NA,NA,,,,1237
27699,NB1,,949179,ACH-000804,NERVES,"Neuroblastoma, NOS",NA,,M,2,NA,NA,NA,NA,NA,NA,NA,NA,NA,NA,NA,WT,NA,,NA,,,,,,,,,,,,,,,,,,,,,,,,,,,,,,,,,,,,,,,,2056,Br J Cancer,2004,91,355,15188009,DNA,none,direct,True,True,True,True,True,True,True,True,True,True,,,,NEUROEPITHELIOMATOUS NEOPLASMS,NA,NA,NA,,,,1239
27700,NB17,,949175,ACH-002282,NERVES,"Neuroblastoma, NOS",NA,,F,1,NA,NA,NA,NA,NA,NA,NA,NA,NA,NA,NA,WT,NA,,NA,,,,,,,,,,,,,,,,,,,,,,,,,,,,,,,,,,,,,,,,2056,Br J Cancer,2004,91,355,15188009,DNA,none,direct,True,True,True,True,True,True,True,True,True,True,,,,NEUROEPITHELIOMATOUS NEOPLASMS,NA,NA,NA,,,,1240
27701,NH-6,,925344,ACH-000203,NERVES,"Neuroblastoma, NOS",NA,,F,75,NA,NA,NA,NA,NA,NA,NA,NA,NA,NA,NA,WT,NA,,NA,,,,,,,,,,,,,,,,,,,,,,,,,,,,,,,,,,,,,,,,2056,Br J Cancer,2004,91,355,15188009,DNA,none,direct,True,True,True,True,True,True,True,True,True,True,,,,NEUROEPITHELIOMATOUS NEOPLASMS,NA,NA,NA,,,,1241
27702,RH-18,,971774,ACH-000689,SOFT TISSUES,"Rhabdomyosarcoma, NOS",NA,,F,2,NA,NA,NA,NA,NA,NA,NA,NA,NA,NA,NA,WT,NA,,NA,,,,,,,,,,,,,,,,,,,,,,,,,,,,,,,,,,,,,,,,2056,Br J Cancer,2004,91,355,15188009,DNA,none,direct,True,True,True,True,True,True,True,True,True,True,,,,MYOMATOUS NEOPLASMS,NA,NA,NA,,,,1242
27703,SCC-3,,910930,ACH-001642,LYMPH NODES,"Malignant lymphoma, NOS",NA,,F,20,NA,NA,NA,NA,NA,NA,NA,NA,NA,NA,NA,WT,NA,,NA,,,,,,,,,,,,,,,,,,,,,,,,,,,,,,,,,,,,,,,,2056,Br J Cancer,2004,91,355,15188009,DNA,none,direct,True,True,True,True,True,True,True,True,True,True,,,,"MALIGNANT LYMPHOMA, NOS, OR DIFFUSE",NA,NA,NA,,,,1243
27692,D-556MED,,946380,,BRAIN,"Medulloblastoma, NOS (C71.6)",NA,,NA,,NA,NA,NA,NA,NA,NA,NA,NA,NA,NA,NA,WT,NA,,NA,,,,,,,,,,,,,,,,,,,,,,,,,,,,,,,,,,,,,,,,2056,Br J Cancer,2004,91,355,15188009,DNA,none,direct,True,True,True,True,True,True,True,True,True,True,,,,GLIOMAS,NA,NA,NA,,,,1244
27693,GI-ME-N,,906872,ACH-001344,NERVES,"Neuroblastoma, NOS",NA,,F,2,NA,NA,NA,NA,NA,NA,NA,NA,NA,NA,NA,WT,NA,,NA,,,,,,,,,,,,,,,,,,,,,,,,,,,,,,,,,,,,,,,,2056,Br J Cancer,2004,91,355,15188009,DNA,none,direct,True,True,True,True,True,True,True,True,True,True,,,,NEUROEPITHELIOMATOUS NEOPLASMS,NA,NA,NA,,,,1245
27694,GOTO-P3,,906876,,NERVES,"Neuroblastoma, NOS",NA,,M,1,NA,NA,NA,NA,NA,NA,NA,NA,NA,NA,NA,WT,NA,,NA,,,,,,,,,,,,,,,,,,,,,,,,,,,,,,,,,,,,,,,,2056,Br J Cancer,2004,91,355,15188009,DNA,none,direct,True,True,True,True,True,True,True,True,True,True,,,,NEUROEPITHELIOMATOUS NEOPLASMS,NA,NA,NA,,,,1246
27695,HCE-T,,907049,,NASAL CAVITY,"Squamous cell carcinoma, NOS",NA,,F,49,NA,NA,NA,NA,NA,NA,NA,NA,NA,NA,NA,WT,NA,,NA,,,,,,,,,,,,,,,,,,,,,,,,,,,,,,,,,,,,,,,,2056,Br J Cancer,2004,91,355,15188009,DNA,none,direct,True,True,True,True,True,True,True,True,True,True,,,,SQUAMOUS CELL NEOPLASMS,NA,NA,NA,,,,1247
27696,ITO-II,,924164,,TESTIS,"Embryonal carcinoma, NOS",NA,,M,,NA,NA,NA,NA,NA,NA,NA,NA,NA,NA,NA,WT,NA,,NA,,,,,,,,,,,,,,,,,,,,,,,,,,,,,,,,,,,,,,,,2056,Br J Cancer,2004,91,355,15188009,DNA,none,direct,True,True,True,True,True,True,True,True,True,True,,,,GERM CELL NEOPLASMS,NA,NA,NA,,,,1248
27697,KP-N-RT-BM-1,,924189,ACH-000345,NERVES,"Neuroblastoma, NOS",NA,,NA,,NA,NA,NA,NA,NA,NA,NA,NA,NA,NA,NA,WT,NA,,NA,,,,,,,,,,,,,,,,,,,,,,,,,,,,,,,,,,,,,,,,2056,Br J Cancer,2004,91,355,15188009,DNA,none,direct,True,True,True,True,True,True,True,True,True,True,,,,NEUROEPITHELIOMATOUS NEOPLASMS,NA,NA,NA,,,,1249
27686,BOKU,,753536,,CERVIX UTERI,"Squamous cell carcinoma, NOS",NA,,F,,Japan,Eastern Asia,Asia,More developed regions,NA,NA,NA,NA,NA,NA,NA,WT,NA,,NA,,,,,,,,,,,,,,,,,,,,,,,,,,,,,,,,,,,,,,,,2056,Br J Cancer,2004,91,355,15188009,DNA,none,direct,True,True,True,True,True,True,True,True,True,True,,,,SQUAMOUS CELL NEOPLASMS,NA,NA,NA,,,,1250
27687,BPH-1,,924105,ACH-001453,PROSTATE,"Hyperplasia, NOS",NA,,M,68,NA,NA,NA,NA,NA,NA,NA,NA,NA,NA,NA,WT,NA,,NA,,,,,,,,,,,,,,,,,,,,,,,,,,,,,,,,,,,,,,,,2056,Br J Cancer,2004,91,355,15188009,DNA,none,direct,True,True,True,True,True,True,True,True,True,True,,,,OTHER LESIONS,NA,NA,NA,,,,1251
27688,C3A,CRL-10741,910850,ACH-001021,LIVER,"Hepatocellular carcinoma, NOS (C22.0)",NA,,M,15,NA,NA,NA,NA,NA,NA,NA,NA,NA,NA,NA,WT,NA,,NA,,,,,,,,,,,,,,,,,,,,,,,,,,,,,,,,,,,,,,,,2056,Br J Cancer,2004,91,355,15188009,DNA,none,direct,True,True,True,True,True,True,True,True,True,True,,,,ADENOMAS AND ADENOCARCINOMAS,NA,NA,NA,,,,1252
27689,D-247MG,,946367,ACH-002224,BRAIN,"Astrocytoma, NOS (C71._)",NA,,NA,,NA,NA,NA,NA,NA,NA,NA,NA,NA,NA,NA,WT,NA,,NA,,,,,,,,,,,,,,,,,,,,,,,,,,,,,,,,,,,,,,,,2056,Br J Cancer,2004,91,355,15188009,DNA,none,direct,True,True,True,True,True,True,True,True,True,True,,,,GLIOMAS,NA,NA,NA,,,,1253
27690,D-384MED,,946379,,BRAIN,"Medulloblastoma, NOS (C71.6)",NA,,NA,,NA,NA,NA,NA,NA,NA,NA,NA,NA,NA,NA,WT,NA,,NA,,,,,,,,,,,,,,,,,,,,,,,,,,,,,,,,,,,,,,,,2056,Br J Cancer,2004,91,355,15188009,DNA,none,direct,True,True,True,True,True,True,True,True,True,True,,,,GLIOMAS,NA,NA,NA,,,,1254
27691,D-458MED,,946381,,BRAIN,"Medulloblastoma, NOS (C71.6)",NA,,NA,,NA,NA,NA,NA,NA,NA,NA,NA,NA,NA,NA,WT,NA,,NA,,,,,,,,,,,,,,,,,,,,,,,,,,,,,,,,,,,,,,,,2056,Br J Cancer,2004,91,355,15188009,DNA,none,direct,True,True,True,True,True,True,True,True,True,True,,,,GLIOMAS,NA,NA,NA,,,,1255
27583,SW756,CRL-10302,724839,ACH-001402,CERVIX UTERI,"Squamous cell carcinoma, NOS",primary,,F,46,NA,NA,NA,NA,NA,NA,NA,NA,NA,NA,NA,WT,NA,,NA,,,,,,,,,,,,,,,,,,,,,,,,,,,,,,,,,,,,,,,,2056,Br J Cancer,2004,91,355,15188009,DNA,none,direct,True,True,True,True,True,True,True,True,True,True,,,,SQUAMOUS CELL NEOPLASMS,primary,NA,NA,,,,1257
27584,SW780,CRL-2169,687457,ACH-000384,BLADDER,"Transitional cell carcinoma, NOS",primary,,F,80,NA,NA,NA,NA,NA,NA,NA,NA,NA,NA,NA,WT,NA,,NA,,,,,,,,,,,,,,,,,,,,,,,,,,,,,,,,,,,,,,,,2056,Br J Cancer,2004,91,355,15188009,DNA,none,direct,True,True,True,True,True,True,True,True,True,True,,,,TRANSITIONAL CELL PAPILLOMAS AND CARCINOMAS,primary,NA,NA,,,,1258
27585,SW982,HTB-93,909759,ACH-001274,SOFT TISSUES,"Sarcoma, NOS",primary,,F,25,NA,NA,NA,NA,NA,NA,NA,NA,NA,NA,NA,WT,NA,,NA,,,,,,,,,,,,,,,,,,,,,,,,,,,,,,,,,,,,,,,,2056,Br J Cancer,2004,91,355,15188009,DNA,none,direct,True,True,True,True,True,True,True,True,True,True,,,,"SOFT TISSUE TUMORS AND SARCOMAS, NOS",primary,NA,NA,,,,1259
27586,TE-12,,946356,ACH-002311,ESOPHAGUS,"Squamous cell carcinoma, NOS",primary,,NA,,NA,NA,NA,NA,NA,NA,NA,NA,NA,NA,NA,WT,NA,,NA,,,,,,,,,,,,,,,,,,,,,,,,,,,,,,,,,,,,,,,,2056,Br J Cancer,2004,91,355,15188009,DNA,none,direct,True,True,True,True,True,True,True,True,True,True,,,,SQUAMOUS CELL NEOPLASMS,primary,NA,NA,,,,1260
27587,VMRC-MELG,,930301,ACH-001704,SKIN,"Malignant melanoma, NOS",metastasis (NOS),,NA,,NA,NA,NA,NA,NA,NA,NA,NA,NA,NA,NA,WT,NA,,NA,,,,,,,,,,,,,,,,,,,,,,,,,,,,,,,,,,,,,,,,2056,Br J Cancer,2004,91,355,15188009,DNA,none,direct,True,True,True,True,True,True,True,True,True,True,,,,NEVI AND MELANOMAS,metastasis,NA,NA,,,,1261
27576,SKG-IIIa,,930298,ACH-002020,CERVIX UTERI,"Carcinoma, NOS",primary,,F,,NA,NA,NA,NA,NA,NA,NA,NA,NA,NA,NA,WT,NA,,NA,,,,,,,,,,,,,,,,,,,,,,,,,,,,,,,,,,,,,,,,2056,Br J Cancer,2004,91,355,15188009,DNA,none,direct,True,True,True,True,True,True,True,True,True,True,,,,"EPITHELIAL NEOPLASMS, NOS",primary,NA,NA,,,,1262
27577,SK-HEP-1,,909719,ACH-000361,LIVER,"Adenocarcinoma, NOS",primary,,M,52,NA,NA,NA,NA,NA,NA,NA,NA,NA,NA,NA,WT,NA,,NA,,,,,,,,,,,,,,,,,,,,,,,,,,,,,,,,,,,,,,,,2056,Br J Cancer,2004,91,355,15188009,DNA,none,direct,True,True,True,True,True,True,True,True,True,True,,,,ADENOMAS AND ADENOCARCINOMAS,primary,NA,NA,,,,1263
27578,SK-MEL-1,HTB-67,909723,ACH-000465,SKIN,"Malignant melanoma, NOS",metastasis (LN),,M,29,NA,NA,NA,NA,NA,NA,NA,NA,NA,NA,NA,WT,NA,,NA,,,,,,,,,,,,,,,,,,,,,,,,,,,,,,,,,,,,,,,,2056,Br J Cancer,2004,91,355,15188009,DNA,none,direct,True,True,True,True,True,True,True,True,True,True,,,,NEVI AND MELANOMAS,metastasis,NA,NA,,,,1264
27579,SK-MEL-24,HTB-71,909725,ACH-000822,SKIN,"Malignant melanoma, NOS",metastasis (LN),,M,67,NA,NA,NA,NA,NA,NA,NA,NA,NA,NA,NA,WT,NA,,NA,,,,,,,,,,,,,,,,,,,,,,,,,,,,,,,,,,,,,,,,2056,Br J Cancer,2004,91,355,15188009,DNA,none,direct,True,True,True,True,True,True,True,True,True,True,,,,NEVI AND MELANOMAS,metastasis,NA,NA,,,,1265
27580,SNG-M,,909735,ACH-000974,CORPUS UTERI,"Adenocarcinoma, NOS",metastasis (NOS),,F,52,NA,NA,NA,NA,NA,NA,NA,NA,NA,NA,NA,WT,NA,,NA,,,,,,,,,,,,,,,,,,,,,,,,,,,,,,,,,,,,,,,,2056,Br J Cancer,2004,91,355,15188009,DNA,none,direct,True,True,True,True,True,True,True,True,True,True,,,,ADENOMAS AND ADENOCARCINOMAS,metastasis,NA,NA,,,,1266
27581,SW1573,CRL-2170,724878,ACH-000677,LUNG,"Adenocarcinoma, NOS",primary,,F,44,NA,NA,NA,NA,NA,NA,NA,NA,NA,NA,NA,WT,NA,,NA,,,,,,,,,,,,,,,,,,,,,,,,,,,,,,,,,,,,,,,,2056,Br J Cancer,2004,91,355,15188009,DNA,none,direct,True,True,True,True,True,True,True,True,True,True,,,,ADENOMAS AND ADENOCARCINOMAS,primary,NA,NA,,,,1267
27570,OMC-1,,949154,ACH-002180,CERVIX UTERI,"Squamous cell carcinoma, NOS",primary,,F,52,NA,NA,NA,NA,NA,NA,NA,NA,NA,NA,NA,WT,NA,,NA,,,,,,,,,,,,,,,,,,,,,,,,,,,,,,,,,,,,,,,,2056,Br J Cancer,2004,91,355,15188009,DNA,none,direct,True,True,True,True,True,True,True,True,True,True,,,,SQUAMOUS CELL NEOPLASMS,primary,NA,NA,,,,1268
27573,SH-4,CRL-7724,909713,ACH-000441,SKIN,"Malignant melanoma, NOS",metastasis (pleura),,F,60,NA,NA,NA,NA,NA,NA,NA,NA,NA,NA,NA,WT,NA,,NA,,,,,,,,,,,,,,,,,,,,,,,,,,,,,,,,,,,,,,,,2056,Br J Cancer,2004,91,355,15188009,DNA,none,direct,True,True,True,True,True,True,True,True,True,True,,,,NEVI AND MELANOMAS,metastasis,NA,NA,,,,1271
27574,SIG-M5,,909715,ACH-000112,HEMATOP. SYSTEM,"Acute myeloid leukemia, NOS",primary,,M,63,NA,NA,NA,NA,NA,NA,NA,NA,NA,NA,NA,WT,NA,,NA,,,,,,,,,,,,,,,,,,,,,,,,,,,,,,,,,,,,,,,,2056,Br J Cancer,2004,91,355,15188009,DNA,none,direct,True,True,True,True,True,True,True,True,True,True,,,,MYELOID LEUKEMIAS (C42.1),primary,NA,NA,,,,1272
27575,SIMA,,753620,ACH-000099,NERVES,"Neuroblastoma, NOS",primary,,M,2,NA,NA,NA,NA,NA,NA,NA,NA,NA,NA,NA,WT,NA,,NA,,,,,,,,,,,,,,,,,,,,,,,,,,,,,,,,,,,,,,,,2056,Br J Cancer,2004,91,355,15188009,DNA,none,direct,True,True,True,True,True,True,True,True,True,True,,,,NEUROEPITHELIOMATOUS NEOPLASMS,primary,NA,NA,,,,1273
27564,MMAC-SF,,925339,ACH-002162,SKIN,"Malignant melanoma, NOS",metastasis (NOS),,F,39,NA,NA,NA,NA,NA,NA,NA,NA,NA,NA,NA,WT,NA,,NA,,,,,,,,,,,,,,,,,,,,,,,,,,,,,,,,,,,,,,,,2056,Br J Cancer,2004,91,355,15188009,DNA,none,direct,True,True,True,True,True,True,True,True,True,True,,,,NEVI AND MELANOMAS,metastasis,NA,NA,,,,1274
27565,MZ2-MEL,,971777,ACH-002165,SKIN,"Malignant melanoma, NOS",primary,,NA,,NA,NA,NA,NA,NA,NA,NA,NA,NA,NA,NA,WT,NA,,NA,,,,,,,,,,,,,,,,,,,,,,,,,,,,,,,,,,,,,,,,2056,Br J Cancer,2004,91,355,15188009,DNA,none,direct,True,True,True,True,True,True,True,True,True,True,,,,NEVI AND MELANOMAS,primary,NA,NA,,,,1275
27566,NCI-H1395,CRL-5868,684681,ACH-000327,LUNG,"Adenocarcinoma, NOS",primary,,F,55,NA,NA,NA,NA,NA,NA,smoker (NOS),NA,NA,NA,NA,WT,NA,,NA,,,,,,,,,,,,,,,,,,,,,,,,,,,,,,,,,,,,,,,,2056,Br J Cancer,2004,91,355,15188009,DNA,none,direct,True,True,True,True,True,True,True,True,True,True,,,,ADENOMAS AND ADENOCARCINOMAS,primary,smoker,NA,,,,1276
27567,NCI-H1882,CRL-5903,753602,,LUNG,"Small cell carcinoma, NOS",metastasis (bone marrow),,M,59,NA,NA,NA,NA,NA,NA,NA,NA,NA,NA,NA,WT,NA,,NA,,,,,,,,,,,,,,,,,,,,,,,,,,,,,,,,,,,,,,,,2056,Br J Cancer,2004,91,355,15188009,DNA,none,direct,True,True,True,True,True,True,True,True,True,True,,,,"EPITHELIAL NEOPLASMS, NOS",metastasis,NA,NA,,,,1277
27568,NCI-H2107,CRL-5983,924246,,LUNG,"Small cell carcinoma, NOS",metastasis (bone marrow),,M,36,NA,NA,NA,NA,NA,NA,smoker (NOS),NA,NA,NA,NA,WT,NA,,NA,,,,,,,,,,,,,,,,,,,,,,,,,,,,,,,,,,,,,,,,2056,Br J Cancer,2004,91,355,15188009,DNA,none,direct,True,True,True,True,True,True,True,True,True,True,,,,"EPITHELIAL NEOPLASMS, NOS",metastasis,smoker,NA,,,,1278
27558,IST-SL1,,753564,ACH-002144,LUNG,"Small cell carcinoma, NOS",metastasis (NOS),,M,,NA,NA,NA,NA,NA,NA,NA,NA,NA,NA,NA,WT,NA,,NA,,,,,,,,,,,,,,,,,,,,,,,,,,,,,,,,,,,,,,,,2056,Br J Cancer,2004,91,355,15188009,DNA,none,direct,True,True,True,True,True,True,True,True,True,True,,,,"EPITHELIAL NEOPLASMS, NOS",metastasis,NA,NA,,,,1280
27559,K5,,924238,ACH-002148,THYROID,"Follicular adenocarcinoma, NOS (C73.9)",primary,,NA,,NA,NA,NA,NA,NA,NA,NA,NA,NA,NA,NA,WT,NA,,NA,,,,,,,,,,,,,,,,,,,,,,,,,,,,,,,,,,,,,,,,2056,Br J Cancer,2004,91,355,15188009,DNA,none,direct,True,True,True,True,True,True,True,True,True,True,,,,ADENOMAS AND ADENOCARCINOMAS,primary,NA,NA,,,,1281
27560,KGN,,924186,ACH-002149,OVARY,"Granulosa cell tumor, malignant (C56.9)",primary,,F,69,NA,NA,NA,NA,NA,NA,NA,NA,NA,NA,NA,WT,NA,,NA,,,,,,,,,,,,,,,,,,,,,,,,,,,,,,,,,,,,,,,,2056,Br J Cancer,2004,91,355,15188009,DNA,none,direct,True,True,True,True,True,True,True,True,True,True,,,,SPECIALIZED GONADAL NEOPLASMS,primary,NA,NA,,,,1282
27561,KNS-81-FD,,924188,ACH-002259,BRAIN,"Glioma, malignant (C71._)",primary,,M,65,NA,NA,NA,NA,NA,NA,NA,NA,NA,NA,NA,WT,NA,,NA,,,,,,,,,,,,,,,,,,,,,,,,,,,,,,,,,,,,,,,,2056,Br J Cancer,2004,91,355,15188009,DNA,none,direct,True,True,True,True,True,True,True,True,True,True,,,,GLIOMAS,primary,NA,NA,,,,1283
27562,LAN-6,,949170,ACH-001355,NERVES,"Neuroblastoma, NOS",metastasis (NOS),,M,6,NA,NA,NA,NA,NA,NA,NA,NA,NA,NA,NA,WT,NA,,NA,,,,,,,,,,,,,,,,,,,,,,,,,,,,,,,,,,,,,,,,2056,Br J Cancer,2004,91,355,15188009,DNA,none,direct,True,True,True,True,True,True,True,True,True,True,,,,NEUROEPITHELIOMATOUS NEOPLASMS,metastasis,NA,NA,,,,1284
27563,MFH-ino,,925343,ACH-002271,SOFT TISSUES,Malignant fibrous histiocytoma,primary,,F,,NA,NA,NA,NA,NA,NA,NA,NA,NA,NA,NA,WT,NA,,NA,,,,,,,,,,,,,,,,,,,,,,,,,,,,,,,,,,,,,,,,2056,Br J Cancer,2004,91,355,15188009,DNA,none,direct,True,True,True,True,True,True,True,True,True,True,,,,FIBROMATOUS NEOPLASMS,primary,NA,NA,,,,1285
27552,CTB-1,,949088,ACH-002221,LYMPH NODES,"Malignant lymphoma, large B-cell, diffuse, NOS",primary,,M,70,NA,NA,NA,NA,NA,NA,NA,NA,NA,NA,NA,WT,NA,,NA,,,,,,,,,,,,,,,,,,,,,,,,,,,,,,,,,,,,,,,,2056,Br J Cancer,2004,91,355,15188009,DNA,none,direct,True,True,True,True,True,True,True,True,True,True,,,,MATURE B-CELL LYMPHOMAS,primary,NA,NA,,,,1286
27553,D-245MG,,946366,ACH-002223,BRAIN,"Astrocytoma, NOS (C71._)",primary,,NA,,NA,NA,NA,NA,NA,NA,NA,NA,NA,NA,NA,WT,NA,,NA,,,,,,,,,,,,,,,,,,,,,,,,,,,,,,,,,,,,,,,,2056,Br J Cancer,2004,91,355,15188009,DNA,none,direct,True,True,True,True,True,True,True,True,True,True,,,,GLIOMAS,primary,NA,NA,,,,1287
27554,D-392MG,,946370,ACH-002227,BRAIN,"Astrocytoma, NOS (C71._)",primary,,NA,,NA,NA,NA,NA,NA,NA,NA,NA,NA,NA,NA,WT,NA,,NA,,,,,,,,,,,,,,,,,,,,,,,,,,,,,,,,,,,,,,,,2056,Br J Cancer,2004,91,355,15188009,DNA,none,direct,True,True,True,True,True,True,True,True,True,True,,,,GLIOMAS,primary,NA,NA,,,,1288
27555,D-502MG,,946373,ACH-002229,BRAIN,"Astrocytoma, NOS (C71._)",primary,,NA,,NA,NA,NA,NA,NA,NA,NA,NA,NA,NA,NA,WT,NA,,NA,,,,,,,,,,,,,,,,,,,,,,,,,,,,,,,,,,,,,,,,2056,Br J Cancer,2004,91,355,15188009,DNA,none,direct,True,True,True,True,True,True,True,True,True,True,,,,GLIOMAS,primary,NA,NA,,,,1289
27556,D-538MG,,946376,,BRAIN,"Astrocytoma, NOS (C71._)",primary,,NA,,NA,NA,NA,NA,NA,NA,NA,NA,NA,NA,NA,WT,NA,,NA,,,,,,,,,,,,,,,,,,,,,,,,,,,,,,,,,,,,,,,,2056,Br J Cancer,2004,91,355,15188009,DNA,none,direct,True,True,True,True,True,True,True,True,True,True,,,,GLIOMAS,primary,NA,NA,,,,1290
27557,HAL-01,,949153,ACH-002241,HEMATOP. SYSTEM,"Precursor cell lymphoblastic leukemia, NOS",primary,,F,17,NA,NA,NA,NA,NA,NA,NA,NA,NA,NA,NA,WT,NA,,NA,,,,,,,,,,,,,,,,,,,,,,,,,,,,,,,,,,,,,,,,2056,Br J Cancer,2004,91,355,15188009,DNA,none,direct,True,True,True,True,True,True,True,True,True,True,,,,LYMPHOID LEUKEMIAS (C42.1),primary,NA,NA,,,,1291
27549,380,,924101,,HEMATOP. SYSTEM,"Precursor cell lymphoblastic leukemia, NOS",primary,,M,15,NA,NA,NA,NA,NA,NA,NA,NA,NA,NA,NA,WT,NA,,NA,,,,,,,,,,,,,,,,,,,,,,,,,,,,,,,,,,,,,,,,2056,Br J Cancer,2004,91,355,15188009,DNA,none,direct,True,True,True,True,True,True,True,True,True,True,,,,LYMPHOID LEUKEMIAS (C42.1),primary,NA,NA,,,,1295
27551,CP67-MEL,,949092,ACH-002098,SKIN,"Malignant melanoma, NOS",primary,,M,,NA,NA,NA,NA,NA,NA,NA,NA,NA,NA,NA,WT,NA,,NA,,,,,,,,,,,,,,,,,,,,,,,,,,,,,,,,,,,,,,,,2056,Br J Cancer,2004,91,355,15188009,DNA,none,direct,True,True,True,True,True,True,True,True,True,True,,,,NEVI AND MELANOMAS,primary,NA,NA,,,,1299
27181,NB10,,949171,ACH-002278,NERVES,"Neuroblastoma, NOS",NA,,M,2,NA,NA,NA,NA,NA,NA,NA,NA,NA,NA,NA,WT,NA,,NA,,,,,,,,,,,,,,,,,,,,,,,,,,,,,,,,,,,,,,,,2056,Br J Cancer,2004,91,355,15188009,DNA,none,direct,True,True,True,True,True,True,True,True,True,True,,,,NEUROEPITHELIOMATOUS NEOPLASMS,NA,NA,NA,,,,1351
27182,NB12,,949172,ACH-002279,NERVES,"Neuroblastoma, NOS",NA,,M,0,NA,NA,NA,NA,NA,NA,NA,NA,NA,NA,NA,WT,NA,,NA,,,,,,,,,,,,,,,,,,,,,,,,,,,,,,,,,,,,,,,,2056,Br J Cancer,2004,91,355,15188009,DNA,none,direct,True,True,True,True,True,True,True,True,True,True,,,,NEUROEPITHELIOMATOUS NEOPLASMS,NA,NA,NA,,,,1352
27183,NB5,,949176,ACH-002283,NERVES,"Neuroblastoma, NOS",NA,,F,2,NA,NA,NA,NA,NA,NA,NA,NA,NA,NA,NA,WT,NA,,NA,,,,,,,,,,,,,,,,,,,,,,,,,,,,,,,,,,,,,,,,2056,Br J Cancer,2004,91,355,15188009,DNA,none,direct,True,True,True,True,True,True,True,True,True,True,,,,NEUROEPITHELIOMATOUS NEOPLASMS,NA,NA,NA,,,,1353
27184,NB69,,908440,ACH-002083,NERVES,"Neuroblastoma, NOS",NA,,M,1,NA,NA,NA,NA,NA,NA,NA,NA,NA,NA,NA,WT,NA,,NA,,,,,,,,,,,,,,,,,,,,,,,,,,,,,,,,,,,,,,,,2056,Br J Cancer,2004,91,355,15188009,DNA,none,direct,True,True,True,True,True,True,True,True,True,True,,,,NEUROEPITHELIOMATOUS NEOPLASMS,NA,NA,NA,,,,1354
27169,EW-3,,949161,ACH-002118,BONES (other),Ewing sarcoma,primary,,M,14,NA,NA,NA,NA,NA,NA,NA,NA,NA,NA,NA,WT,NA,,NA,,,,,,,,,,,,,,,,,,,,,,,,,,,,,,,,,,,,,,,,2056,Br J Cancer,2004,91,355,15188009,DNA,none,direct,True,True,True,True,True,True,True,True,True,True,,,,"MISCELLANEOUS BONE TUMORS (C40._, C41._)",primary,NA,NA,,,,1363
27170,EW-7,,949160,ACH-002119,BONES (other),Ewing sarcoma,primary,,F,20,NA,NA,NA,NA,NA,NA,NA,NA,NA,NA,NA,WT,NA,,NA,,,,,,,,,,,,,,,,,,,,,,,,,,,,,,,,,,,,,,,,2056,Br J Cancer,2004,91,355,15188009,DNA,none,direct,True,True,True,True,True,True,True,True,True,True,,,,"MISCELLANEOUS BONE TUMORS (C40._, C41._)",primary,NA,NA,,,,1364
27157,ES4,,949156,ACH-002105,BONES (other),Ewing sarcoma,primary,,M,18,NA,NA,NA,NA,NA,NA,NA,NA,NA,NA,NA,WT,NA,,NA,,,,,,,,,,,,,,,,,,,,,,,,,,,,,,,,,,,,,,,,2056,Br J Cancer,2004,91,355,15188009,DNA,none,direct,True,True,True,True,True,True,True,True,True,True,,,,"MISCELLANEOUS BONE TUMORS (C40._, C41._)",primary,NA,NA,,,,1377
21604,OS-RC-2,,909250,ACH-000159,KIDNEY,"Renal cell carcinoma, NOS (C64.9)",NA,,M,,NA,NA,NA,NA,NA,NA,NA,NA,NA,KRAS WT,CDKN2A;PTEN,WT,NA,,NA,,,,,,,,,,,,,,,,,,,,,,,,,,,,,,,,,,,,,,,,2056,Br J Cancer,2004,91,355,15188009,DNA,none,direct,True,True,True,True,True,True,True,True,True,True,,,,ADENOMAS AND ADENOCARCINOMAS,NA,NA,NA,,,,1396
21598,OCI-AML2,,910947,ACH-000113,HEMATOP. SYSTEM,"Acute myeloid leukemia, NOS",NA,,M,65,NA,NA,NA,NA,NA,NA,NA,NA,NA,KRAS WT,NA,WT,NA,,NA,,,,,,,,,,,,,,,,,,,,,,,,,,,,,,,,,,,,,,,,2056,Br J Cancer,2004,91,355,15188009,DNA,none,direct,True,True,True,True,True,True,True,True,True,True,,,,MYELOID LEUKEMIAS (C42.1),NA,NA,NA,,,,1404
21602,ONS-76,,909248,ACH-000776,BRAIN,"Primitive neuroectodermal tumor, NOS (C71._)",NA,,F,2,NA,NA,NA,NA,NA,NA,NA,NA,NA,KRAS WT,NRAS;CDKN2A,WT,NA,,NA,,,,,,,,,,,,,,,,,,,,,,,,,,,,,,,,,,,,,,,,2056,Br J Cancer,2004,91,355,15188009,DNA,none,direct,True,True,True,True,True,True,True,True,True,True,,,,GLIOMAS,NA,NA,NA,,,,1408
21591,NY,,910849,ACH-002178,BONES (other),"Osteosarcoma, NOS (C40._, C41._)",NA,,NA,,NA,NA,NA,NA,NA,NA,NA,NA,NA,KRAS WT,NA,WT,NA,,NA,,,,,,,,,,,,,,,,,,,,,,,,,,,,,,,,,,,,,,,,2056,Br J Cancer,2004,91,355,15188009,DNA,none,direct,True,True,True,True,True,True,True,True,True,True,,,,OSSEOUS AND CHONDROMATOUS NEOPLASMS,NA,NA,NA,,,,1409
21594,OAW-42,,910548,ACH-000704,OVARY,Mucinous adenocarcinoma,NA,,F,,NA,NA,NA,NA,NA,NA,NA,NA,NA,KRAS WT,PIK3CA,WT,NA,,NA,,,,,,,,,,,,,,,,,,,,,,,,,,,,,,,,,,,,,,,,2056,Br J Cancer,2004,91,355,15188009,DNA,none,direct,True,True,True,True,True,True,True,True,True,True,,,,"CYSTIC, MUCINOUS AND SEROUS NEOPLASMS",NA,NA,NA,,,,1412
21585,NH17,,909195,,HEMATOP. SYSTEM,T-cell large granular lymphocytic leukemia,NA,,NA,,NA,NA,NA,NA,NA,NA,NA,NA,NA,KRAS WT,NRAS;CDKN2A,WT,NA,,NA,,,,,,,,,,,,,,,,,,,,,,,,,,,,,,,,,,,,,,,,2056,Br J Cancer,2004,91,355,15188009,DNA,none,direct,True,True,True,True,True,True,True,True,True,True,,,,LYMPHOID LEUKEMIAS (C42.1),NA,NA,NA,,,,1415
21586,NKM-1,,908448,ACH-002290,HEMATOP. SYSTEM,"Acute myeloid leukemia, NOS",NA,,NA,,NA,NA,NA,NA,NA,NA,NA,NA,NA,KRAS WT,CDKN2A,WT,NA,,NA,,,,,,,,,,,,,,,,,,,,,,,,,,,,,,,,,,,,,,,,2056,Br J Cancer,2004,91,355,15188009,DNA,none,direct,True,True,True,True,True,True,True,True,True,True,,,,MYELOID LEUKEMIAS (C42.1),NA,NA,NA,,,,1416
21587,NMC-G1,,908449,ACH-000200,BRAIN,"Glioblastoma, NOS (C71._)",NA,,NA,,NA,NA,NA,NA,NA,NA,NA,NA,NA,KRAS WT,BRAF;CDKN2A,WT,NA,,NA,,,,,,,,,,,,,,,,,,,,,,,,,,,,,,,,,,,,,,,,2056,Br J Cancer,2004,91,355,15188009,DNA,none,direct,True,True,True,True,True,True,True,True,True,True,,,,GLIOMAS,NA,NA,NA,,,,1417
21589,NT2-D1,,908453,,TESTIS,"Embryonal carcinoma, NOS",NA,,M,22,NA,NA,NA,NA,NA,NA,NA,NA,NA,KRAS WT,NA,WT,NA,,NA,,,,,,,,,,,,,,,,,,,,,,,,,,,,,,,,,,,,,,,,2056,Br J Cancer,2004,91,355,15188009,DNA,none,direct,True,True,True,True,True,True,True,True,True,True,,,,GERM CELL NEOPLASMS,NA,NA,NA,,,,1419
21590,NTERA-S-cl-D1,,908454,,TESTIS,"Embryonal carcinoma, NOS",NA,,M,22,NA,NA,NA,NA,NA,NA,NA,NA,NA,KRAS WT,NA,WT,NA,,NA,,,,,,,,,,,,,,,,,,,,,,,,,,,,,,,,,,,,,,,,2056,Br J Cancer,2004,91,355,15188009,DNA,none,direct,True,True,True,True,True,True,True,True,True,True,,,,GERM CELL NEOPLASMS,NA,NA,NA,,,,1420
21581,NCI-SNU-1,CRL-5971,908444,,STOMACH,"Carcinoma, NOS",NA,,M,44,Korea,Eastern Asia,Asia,Less developed regions,NA,NA,NA,NA,NA,"KRAS (GGT>GAT, p.G12D)",NA,WT,NA,,NA,,,,,,,,,,,,,,,,,,,,,,,,,,,,,,,,,,,,,,,,2056,Br J Cancer,2004,91,355,15188009,DNA,none,direct,True,True,True,True,True,True,True,True,True,True,,,,"EPITHELIAL NEOPLASMS, NOS",NA,NA,NA,,,,1423
21583,NEC8,,910942,ACH-002288,TESTIS,"Germ cell tumor, nonseminomatous (C62._)",NA,,M,24,NA,NA,NA,NA,NA,NA,NA,NA,NA,KRAS WT,NA,WT,NA,,NA,,,,,,,,,,,,,,,,,,,,,,,,,,,,,,,,,,,,,,,,2056,Br J Cancer,2004,91,355,15188009,DNA,none,direct,True,True,True,True,True,True,True,True,True,True,,,,GERM CELL NEOPLASMS,NA,NA,NA,,,,1425
21584,NH-12,,908447,ACH-001603,NERVES,"Neuroblastoma, NOS",NA,,M,1,NA,NA,NA,NA,NA,NA,NA,NA,NA,KRAS WT,NA,WT,NA,,NA,,,,,,,,,,,,,,,,,,,,,,,,,,,,,,,,,,,,,,,,2056,Br J Cancer,2004,91,355,15188009,DNA,none,direct,True,True,True,True,True,True,True,True,True,True,,,,NEUROEPITHELIOMATOUS NEOPLASMS,NA,NA,NA,,,,1426
21567,NCI-H28,CRL-5820,908470,ACH-000648,HEART/MED/PLEURA,"Mesothelioma, malignant",metastasis (pleura),,M,48,NA,NA,NA,NA,NA,NA,smoker (NOS),NA,NA,KRAS WT,CDKN2A,WT,NA,,NA,,,,,,,,,,,,,,,,,,,,,,,,,,,,,,,,,,,,,,,,2056,Br J Cancer,2004,91,355,15188009,DNA,none,direct,True,True,True,True,True,True,True,True,True,True,,,,MESOTHELIAL NEOPLASMS,metastasis,smoker,NA,,,,1433
21568,NCI-H292,CRL-1848,753604,ACH-001075,LUNG,Mucoepidermoid carcinoma,metastasis (LN),,F,32,NA,NA,NA,NA,NA,NA,NA,NA,NA,KRAS WT,CDKN2A,WT,NA,,NA,,,,,,,,,,,,,,,,,,,,,,,,,,,,,,,,,,,,,,,,2056,Br J Cancer,2004,91,355,15188009,DNA,none,direct,True,True,True,True,True,True,True,True,True,True,,,,MUCOEPIDERMOID NEOPLASMS,metastasis,NA,NA,,,,1434
21569,NCI-H295,CRL-10296,908466,,ADRENAL GLAND,Adrenal cortical carcinoma (C74.0),NA,,F,48,NA,NA,NA,NA,NA,NA,NA,NA,NA,KRAS WT,CTNNB1,WT,NA,,NA,,,,,,,,,,,,,,,,,,,,,,,,,,,,,,,,,,,,,,,,2056,Br J Cancer,2004,91,355,15188009,DNA,none,direct,True,True,True,True,True,True,True,True,True,True,,,,ADENOMAS AND ADENOCARCINOMAS,NA,NA,NA,,,,1435
21571,NCI-H358,CRL-5807,908465,ACH-000860,LUNG,Bronchiolo-alveolar adenocarcinoma (C34._),NA,,M,,NA,NA,NA,NA,NA,NA,NA,NA,NA,"KRAS (GGT>TGT, p.G12C)",NA,WT,NA,,NA,,,,,,,,,,,,,,,,,,,,,,,,,,,,,,,,,,,,,,,,2056,Br J Cancer,2004,91,355,15188009,DNA,none,direct,True,True,True,True,True,True,True,True,True,True,,,,ADENOMAS AND ADENOCARCINOMAS,NA,NA,NA,,,,1437
21553,NCI-H2052,CRL-5915,688058,ACH-000153,HEART/MED/PLEURA,"Mesothelioma, malignant",metastasis (pleura),,M,65,NA,NA,NA,NA,NA,NA,smoker (NOS),NA,NA,KRAS WT,CDKN2A,WT,NA,,NA,,,,,,,,,,,,,,,,,,,,,,,,,,,,,,,,,,,,,,,,2056,Br J Cancer,2004,91,355,15188009,DNA,none,direct,True,True,True,True,True,True,True,True,True,True,,,,MESOTHELIAL NEOPLASMS,metastasis,smoker,NA,,,,1456
21544,NCI-H1666,CRL-5885,908473,ACH-000448,LUNG,Bronchiolo-alveolar adenocarcinoma (C34._),metastasis (pleura),,F,50,NA,NA,NA,NA,NA,NA,non-smoker,NA,NA,KRAS WT,BRAF;STK11,WT,NA,,NA,,,,,,,,,,,,,,,,,,,,,,,,,,,,,,,,,,,,,,,,2056,Br J Cancer,2004,91,355,15188009,DNA,none,direct,True,True,True,True,True,True,True,True,True,True,,,,ADENOMAS AND ADENOCARCINOMAS,metastasis,non-smoker,NA,,,,1459
21542,NCI-H1563,CRL-5875,753600,ACH-000892,LUNG,"Adenocarcinoma, NOS",NA,,M,,NA,NA,NA,NA,NA,NA,non-smoker,NA,NA,KRAS WT,CDKN2A,WT,NA,,NA,,,,,,,,,,,,,,,,,,,,,,,,,,,,,,,,,,,,,,,,2056,Br J Cancer,2004,91,355,15188009,DNA,none,direct,True,True,True,True,True,True,True,True,True,True,,,,ADENOMAS AND ADENOCARCINOMAS,NA,non-smoker,NA,,,,1469
21531,NB69,,908440,ACH-002083,NERVES,"Neuroblastoma, NOS",NA,,M,1,NA,NA,NA,NA,NA,NA,NA,NA,NA,KRAS WT,NA,WT,NA,,NA,,,,,,,,,,,,,,,,,,,,,,,,,,,,,,,,,,,,,,,,2056,Br J Cancer,2004,91,355,15188009,DNA,none,direct,True,True,True,True,True,True,True,True,True,True,,,,NEUROEPITHELIOMATOUS NEOPLASMS,NA,NA,NA,,,,1470
21535,NCI-H128,HTB-120,753597,ACH-002286,LUNG,"Small cell carcinoma, NOS",metastasis (pleura),,M,60,NA,NA,NA,NA,NA,NA,NA,NA,NA,KRAS WT,NA,WT,NA,,NA,,,,,,,,,,,,,,,,,,,,,,,,,,,,,,,,,,,,,,,,2056,Br J Cancer,2004,91,355,15188009,DNA,none,direct,True,True,True,True,True,True,True,True,True,True,,,,"EPITHELIAL NEOPLASMS, NOS",metastasis,NA,NA,,,,1474
21525,Mo-T,,908128,ACH-002339,HEMATOP. SYSTEM,Hairy cell leukemia (C42.1),NA,,NA,,NA,NA,NA,NA,NA,NA,NA,NA,NA,KRAS WT,,WT,NA,,NA,,,,,,,,,,,,,,,,,,,,,,,,,,,,,,,,,,,,,,,,2056,Br J Cancer,2004,91,355,15188009,DNA,none,direct,True,True,True,True,True,True,True,True,True,True,,,,OTHER LEUKEMIAS (C42.1),NA,NA,NA,,,,1476
21526,NALM-1,,908157,ACH-000462,HEMATOP. SYSTEM,"Chronic myeloid leukemia, NOS",NA,,F,3,NA,NA,NA,NA,NA,NA,NA,NA,NA,KRAS WT,CDKN2A,WT,NA,,NA,,,,,,,,,,,,,,,,,,,,,,,,,,,,,,,,,,,,,,,,2056,Br J Cancer,2004,91,355,15188009,DNA,none,direct,True,True,True,True,True,True,True,True,True,True,,,,MYELOID LEUKEMIAS (C42.1),NA,NA,NA,,,,1477
21527,NALM-6,,908158,ACH-000938,HEMATOP. SYSTEM,B-cell chronic lymphocytic leukemia/small lymphocytic lymphoma,NA,,M,19,NA,NA,NA,NA,NA,NA,NA,NA,NA,KRAS WT,CDKN2A,WT,NA,,NA,,,,,,,,,,,,,,,,,,,,,,,,,,,,,,,,,,,,,,,,2056,Br J Cancer,2004,91,355,15188009,DNA,none,direct,True,True,True,True,True,True,True,True,True,True,,,,LYMPHOID LEUKEMIAS (C42.1),NA,NA,NA,,,,1478
21519,MT-3,,908154,,BREAST,"Carcinoma, NOS",NA,,NA,,NA,NA,NA,NA,NA,NA,NA,NA,NA,"KRAS (GGT>GAT, p.G12D)",PIK3CA,WT,NA,,NA,,,,,,,,,,,,,,,,,,,,,,,,,,,,,,,,,,,,,,,,2056,Br J Cancer,2004,91,355,15188009,DNA,none,direct,True,True,True,True,True,True,True,True,True,True,,,,"EPITHELIAL NEOPLASMS, NOS",NA,NA,NA,,,,1482
21521,MV-4-11,,908156,ACH-000045,HEMATOP. SYSTEM,"Acute leukemia, NOS",NA,,M,10,NA,NA,NA,NA,NA,NA,NA,NA,NA,KRAS WT,NA,WT,NA,,NA,,,,,,,,,,,,,,,,,,,,,,,,,,,,,,,,,,,,,,,,2056,Br J Cancer,2004,91,355,15188009,DNA,none,direct,True,True,True,True,True,True,True,True,True,True,,,,"LEUKEMIAS, NOS (C42.1)",NA,NA,NA,,,,1484
21523,MZ7-mel,,753596,ACH-002166,SKIN,"Malignant melanoma, NOS",NA,,NA,,NA,NA,NA,NA,NA,NA,NA,NA,NA,KRAS WT,BRAF,WT,NA,,NA,,,,,,,,,,,,,,,,,,,,,,,,,,,,,,,,,,,,,,,,2056,Br J Cancer,2004,91,355,15188009,DNA,none,direct,True,True,True,True,True,True,True,True,True,True,,,,NEVI AND MELANOMAS,NA,NA,NA,,,,1486
21524,Marcus,,907797,,BRAIN,"Glioblastoma, NOS (C71._)",NA,,F,59,NA,NA,NA,NA,NA,NA,NA,NA,NA,KRAS WT,CDKN2A,WT,NA,,NA,,,,,,,,,,,,,,,,,,,,,,,,,,,,,,,,,,,,,,,,2056,Br J Cancer,2004,91,355,15188009,DNA,none,direct,True,True,True,True,True,True,True,True,True,True,,,,GLIOMAS,NA,NA,NA,,,,1487
21516,MRK-nu-1,,908151,ACH-002163,BREAST,"Carcinoma, NOS",NA,,F,46,NA,NA,NA,NA,NA,NA,NA,NA,NA,KRAS WT,NA,WT,NA,,NA,,,,,,,,,,,,,,,,,,,,,,,,,,,,,,,,,,,,,,,,2056,Br J Cancer,2004,91,355,15188009,DNA,none,direct,True,True,True,True,True,True,True,True,True,True,,,,"EPITHELIAL NEOPLASMS, NOS",NA,NA,NA,,,,1491
21518,MSTO-211H,,908152,ACH-000335,HEART/MED/PLEURA,"Mesothelioma, malignant",NA,,M,62,NA,NA,NA,NA,NA,NA,NA,NA,NA,KRAS WT,NA,WT,NA,,NA,,,,,,,,,,,,,,,,,,,,,,,,,,,,,,,,,,,,,,,,2056,Br J Cancer,2004,91,355,15188009,DNA,none,direct,True,True,True,True,True,True,True,True,True,True,,,,MESOTHELIAL NEOPLASMS,NA,NA,NA,,,,1493
21507,ML-2,,908141,ACH-002273,HEMATOP. SYSTEM,"Acute myeloid leukemia, NOS",NA,,M,26,NA,NA,NA,NA,NA,NA,NA,NA,NA,KRAS WT,CDKN2A,WT,NA,,NA,,,,,,,,,,,,,,,,,,,,,,,,,,,,,,,,,,,,,,,,2056,Br J Cancer,2004,91,355,15188009,DNA,none,direct,True,True,True,True,True,True,True,True,True,True,,,,MYELOID LEUKEMIAS (C42.1),NA,NA,NA,,,,1494
21509,MN-60,,908143,ACH-002275,HEMATOP. SYSTEM,Precursor B-cell lymphoblastic leukemia,NA,,M,20,NA,NA,NA,NA,NA,NA,NA,NA,NA,KRAS WT,CDKN2A,WT,NA,,NA,,,,,,,,,,,,,,,,,,,,,,,,,,,,,,,,,,,,,,,,2056,Br J Cancer,2004,91,355,15188009,DNA,none,direct,True,True,True,True,True,True,True,True,True,True,,,,LYMPHOID LEUKEMIAS (C42.1),NA,NA,NA,,,,1496
21500,MHH-CALL-4,,908133,ACH-000156,HEMATOP. SYSTEM,Precursor B-cell lymphoblastic leukemia,NA,,M,10,NA,NA,NA,NA,NA,NA,NA,NA,NA,KRAS WT,NA,WT,NA,,NA,,,,,,,,,,,,,,,,,,,,,,,,,,,,,,,,,,,,,,,,2056,Br J Cancer,2004,91,355,15188009,DNA,none,direct,True,True,True,True,True,True,True,True,True,True,,,,LYMPHOID LEUKEMIAS (C42.1),NA,NA,NA,,,,1500
21502,MHH-NB-11,,908135,ACH-000078,NERVES,"Neuroblastoma, NOS",NA,,M,4,NA,NA,NA,NA,NA,NA,NA,NA,NA,KRAS WT,NA,WT,NA,,NA,,,,,,,,,,,,,,,,,,,,,,,,,,,,,,,,,,,,,,,,2056,Br J Cancer,2004,91,355,15188009,DNA,none,direct,True,True,True,True,True,True,True,True,True,True,,,,NEUROEPITHELIOMATOUS NEOPLASMS,NA,NA,NA,,,,1502
21503,MHH-PREB-1,,908136,ACH-002272,HEMATOP. SYSTEM,Precursor B-cell lymphoblastic leukemia,NA,,M,5,NA,NA,NA,NA,NA,NA,NA,NA,NA,KRAS WT,NA,WT,NA,,NA,,,,,,,,,,,,,,,,,,,,,,,,,,,,,,,,,,,,,,,,2056,Br J Cancer,2004,91,355,15188009,DNA,none,direct,True,True,True,True,True,True,True,True,True,True,,,,LYMPHOID LEUKEMIAS (C42.1),NA,NA,NA,,,,1503
21504,MJ,CRL-8294,908137,ACH-000077,LYMPH NODES,Sezary syndrome,NA,,M,50,NA,NA,NA,NA,NA,NA,NA,NA,NA,KRAS WT,NA,WT,NA,,NA,,,,,,,,,,,,,,,,,,,,,,,,,,,,,,,,,,,,,,,,2056,Br J Cancer,2004,91,355,15188009,DNA,none,direct,True,True,True,True,True,True,True,True,True,True,,,,MATURE T- AND NK-CELL LYMPHOMAS,NA,NA,NA,,,,1504
21494,MES-SA,CRL-1976,908127,ACH-000449,SOFT TISSUES,"Sarcoma, NOS",NA,,F,56,NA,NA,NA,NA,NA,NA,NA,NA,NA,KRAS WT,CDKN2A,WT,NA,,NA,,,,,,,,,,,,,,,,,,,,,,,,,,,,,,,,,,,,,,,,2056,Br J Cancer,2004,91,355,15188009,DNA,none,direct,True,True,True,True,True,True,True,True,True,True,,,,"SOFT TISSUE TUMORS AND SARCOMAS, NOS",NA,NA,NA,,,,1506
21499,MHH-CALL-2,,908132,ACH-000020,HEMATOP. SYSTEM,Precursor B-cell lymphoblastic leukemia,NA,,F,15,NA,NA,NA,NA,NA,NA,NA,NA,NA,KRAS WT,CDKN2A,WT,NA,,NA,,,,,,,,,,,,,,,,,,,,,,,,,,,,,,,,,,,,,,,,2056,Br J Cancer,2004,91,355,15188009,DNA,none,direct,True,True,True,True,True,True,True,True,True,True,,,,LYMPHOID LEUKEMIAS (C42.1),NA,NA,NA,,,,1511
21487,MC-CAR,,683665,ACH-002270,HEMATOP. SYSTEM,"Plasmacytoma, NOS",NA,,M,81,NA,NA,NA,NA,NA,NA,NA,NA,NA,KRAS WT,NA,WT,NA,,NA,,,,,,,,,,,,,,,,,,,,,,,,,,,,,,,,,,,,,,,,2056,Br J Cancer,2004,91,355,15188009,DNA,none,direct,True,True,True,True,True,True,True,True,True,True,,,,PLASMA CELL TUMORS,NA,NA,NA,,,,1512
21488,MC-IXC,CRL-2270,908118,ACH-002160,NERVES,"Neuroblastoma, NOS",NA,,F,14,NA,NA,NA,NA,NA,NA,NA,NA,NA,KRAS WT,NA,WT,NA,,NA,,,,,,,,,,,,,,,,,,,,,,,,,,,,,,,,,,,,,,,,2056,Br J Cancer,2004,91,355,15188009,DNA,none,direct,True,True,True,True,True,True,True,True,True,True,,,,NEUROEPITHELIOMATOUS NEOPLASMS,NA,NA,NA,,,,1513
21490,ME-180,HTB-33,687514,ACH-001359,CERVIX UTERI,"Carcinoma, NOS",NA,,F,66,NA,NA,NA,NA,NA,HPV+ (68),NA,NA,NA,KRAS WT,NA,WT,NA,,NA,,,,,,,,,,,,,,,,,,,,,,,,,,,,,,,,,,,,,,,,2056,Br J Cancer,2004,91,355,15188009,DNA,none,direct,True,True,True,True,True,True,True,True,True,True,,,,"EPITHELIAL NEOPLASMS, NOS",NA,NA,NA,,,,1514
21492,MEL-HO,,908124,ACH-000450,SKIN,"Malignant melanoma, NOS",NA,,F,,NA,NA,NA,NA,NA,NA,NA,NA,NA,KRAS WT,CDKN2A,WT,NA,,NA,,,,,,,,,,,,,,,,,,,,,,,,,,,,,,,,,,,,,,,,2056,Br J Cancer,2004,91,355,15188009,DNA,none,direct,True,True,True,True,True,True,True,True,True,True,,,,NEVI AND MELANOMAS,NA,NA,NA,,,,1516
21493,MEL-JUSO,,908125,ACH-000881,SKIN,"Malignant melanoma, NOS",NA,,F,58,NA,NA,NA,NA,NA,NA,NA,NA,NA,KRAS WT,CDKN2A;HRAS;NRAS,WT,NA,,NA,,,,,,,,,,,,,,,,,,,,,,,,,,,,,,,,,,,,,,,,2056,Br J Cancer,2004,91,355,15188009,DNA,none,direct,True,True,True,True,True,True,True,True,True,True,,,,NEVI AND MELANOMAS,NA,NA,NA,,,,1517
21482,LU-99A,,907796,,LUNG,"Large cell carcinoma, NOS",NA,,M,63,NA,NA,NA,NA,NA,NA,NA,NA,NA,"KRAS (GGT>TGT, p.G12C)",CDKN2A;PIK3CA,WT,NA,,NA,,,,,,,,,,,,,,,,,,,,,,,,,,,,,,,,,,,,,,,,2056,Br J Cancer,2004,91,355,15188009,DNA,none,direct,True,True,True,True,True,True,True,True,True,True,,,,"EPITHELIAL NEOPLASMS, NOS",NA,NA,NA,,,,1519
21485,LoVo,CCL-229,907790,ACH-000950,COLON,"Adenocarcinoma, NOS",NA,,M,56,NA,NA,NA,NA,NA,NA,NA,NA,NA,"KRAS (GGC>GAC, p.G13D)",APC,WT,NA,,NA,,,,,,,,,,,,,,,,,,,,,,,,,,,,,,,,,,,,,,,,2056,Br J Cancer,2004,91,355,15188009,DNA,none,direct,True,True,True,True,True,True,True,True,True,True,,,,ADENOMAS AND ADENOCARCINOMAS,NA,NA,NA,,,,1522
21486,MC-1010,,907798,ACH-002390,HEMATOP. SYSTEM,"Acute myeloid leukemia, NOS",NA,,M,25,NA,NA,NA,NA,NA,NA,NA,NA,NA,KRAS WT,NA,WT,NA,,NA,,,,,,,,,,,,,,,,,,,,,,,,,,,,,,,,,,,,,,,,2056,Br J Cancer,2004,91,355,15188009,DNA,none,direct,True,True,True,True,True,True,True,True,True,True,,,,MYELOID LEUKEMIAS (C42.1),NA,NA,NA,,,,1523
21478,LS-174T,,907793,,COLON,"Adenocarcinoma, NOS",NA,,F,58,NA,NA,NA,NA,NA,NA,NA,NA,NA,"KRAS (GGT>GAT, p.G12D)",CTNNB1;PIK3CA,WT,NA,,NA,,,,,,,,,,,,,,,,,,,,,,,,,,,,,,,,,,,,,,,,2056,Br J Cancer,2004,91,355,15188009,DNA,none,direct,True,True,True,True,True,True,True,True,True,True,,,,ADENOMAS AND ADENOCARCINOMAS,NA,NA,NA,,,,1527
21480,LS-513,CRL-2134,907795,ACH-000007,COLON,"Adenocarcinoma, NOS",NA,,M,63,NA,NA,NA,NA,NA,NA,NA,NA,NA,"KRAS (GGT>GAT, p.G12D)",NA,WT,NA,,positive,,,,,,,,,,,,,,,,,,,,,,,,,,,,,,,,,,,,,,,,2056,Br J Cancer,2004,91,355,15188009,DNA,none,direct,True,True,True,True,True,True,True,True,True,True,,,,ADENOMAS AND ADENOCARCINOMAS,NA,NA,NA,,,,1529
21471,LC4-1,,907787,ACH-002267,HEMATOP. SYSTEM,"Acute leukemia, NOS",NA,,F,13,NA,NA,NA,NA,NA,NA,NA,NA,NA,KRAS WT,CDKN2A,WT,NA,,NA,,,,,,,,,,,,,,,,,,,,,,,,,,,,,,,,,,,,,,,,2056,Br J Cancer,2004,91,355,15188009,DNA,none,direct,True,True,True,True,True,True,True,True,True,True,,,,"LEUKEMIAS, NOS (C42.1)",NA,NA,NA,,,,1532
21463,LB2531-MEL-Z,,753580,,SKIN,"Malignant melanoma, NOS",NA,,NA,,NA,NA,NA,NA,NA,NA,NA,NA,NA,KRAS WT,BRAF;APC,WT,NA,,NA,,,,,,,,,,,,,,,,,,,,,,,,,,,,,,,,,,,,,,,,2056,Br J Cancer,2004,91,355,15188009,DNA,none,direct,True,True,True,True,True,True,True,True,True,True,,,,NEVI AND MELANOMAS,NA,NA,NA,,,,1536
21464,LB373-MEL-D,,753581,ACH-002153,SKIN,"Malignant melanoma, NOS",NA,,NA,,NA,NA,NA,NA,NA,NA,NA,NA,NA,KRAS WT,NRAS,WT,NA,,NA,,,,,,,,,,,,,,,,,,,,,,,,,,,,,,,,,,,,,,,,2056,Br J Cancer,2004,91,355,15188009,DNA,none,direct,True,True,True,True,True,True,True,True,True,True,,,,NEVI AND MELANOMAS,NA,NA,NA,,,,1537
21468,LB996-RCC,,753585,ACH-002155,KIDNEY,"Renal cell carcinoma, NOS (C64.9)",NA,,NA,,NA,NA,NA,NA,NA,NA,NA,NA,NA,KRAS WT,NA,WT,NA,,NA,,,,,,,,,,,,,,,,,,,,,,,,,,,,,,,,,,,,,,,,2056,Br J Cancer,2004,91,355,15188009,DNA,none,direct,True,True,True,True,True,True,True,True,True,True,,,,ADENOMAS AND ADENOCARCINOMAS,NA,NA,NA,,,,1541
21458,LAN-1,,753619,,NERVES,"Neuroblastoma, NOS",NA,,NA,,NA,NA,NA,NA,NA,NA,NA,NA,NA,KRAS WT,NA,WT,NA,,NA,,,,,,,,,,,,,,,,,,,,,,,,,,,,,,,,,,,,,,,,2056,Br J Cancer,2004,91,355,15188009,DNA,none,direct,True,True,True,True,True,True,True,True,True,True,,,,NEUROEPITHELIOMATOUS NEOPLASMS,NA,NA,NA,,,,1543
21459,LAN-5,,907784,,NERVES,"Neuroblastoma, NOS",NA,,NA,,NA,NA,NA,NA,NA,NA,NA,NA,NA,KRAS WT,NA,WT,NA,,NA,,,,,,,,,,,,,,,,,,,,,,,,,,,,,,,,,,,,,,,,2056,Br J Cancer,2004,91,355,15188009,DNA,none,direct,True,True,True,True,True,True,True,True,True,True,,,,NEUROEPITHELIOMATOUS NEOPLASMS,NA,NA,NA,,,,1544
21460,LB1047-RCC,,753577,ACH-002150,KIDNEY,"Renal cell carcinoma, NOS (C64.9)",NA,,NA,,NA,NA,NA,NA,NA,NA,NA,NA,NA,KRAS WT,CDKN2A,WT,NA,,NA,,,,,,,,,,,,,,,,,,,,,,,,,,,,,,,,,,,,,,,,2056,Br J Cancer,2004,91,355,15188009,DNA,none,direct,True,True,True,True,True,True,True,True,True,True,,,,ADENOMAS AND ADENOCARCINOMAS,NA,NA,NA,,,,1545
21461,LB2241-RCC,,753578,ACH-002151,KIDNEY,"Renal cell carcinoma, NOS (C64.9)",NA,,NA,,NA,NA,NA,NA,NA,NA,NA,NA,NA,KRAS WT,CDKN2A,WT,NA,,NA,,,,,,,,,,,,,,,,,,,,,,,,,,,,,,,,,,,,,,,,2056,Br J Cancer,2004,91,355,15188009,DNA,none,direct,True,True,True,True,True,True,True,True,True,True,,,,ADENOMAS AND ADENOCARCINOMAS,NA,NA,NA,,,,1546
21462,LB2518-MEL,,753579,ACH-002152,SKIN,"Malignant melanoma, NOS",NA,,NA,,NA,NA,NA,NA,NA,NA,NA,NA,NA,KRAS WT,CDKN2A;NRAS,WT,NA,,NA,,,,,,,,,,,,,,,,,,,,,,,,,,,,,,,,,,,,,,,,2056,Br J Cancer,2004,91,355,15188009,DNA,none,direct,True,True,True,True,True,True,True,True,True,True,,,,NEVI AND MELANOMAS,NA,NA,NA,,,,1547
21456,L-540,,907323,ACH-000806,LYMPH NODES,"Hodgkin lymphoma, NOS",NA,,F,20,NA,NA,NA,NA,NA,NA,NA,NA,NA,KRAS WT,NA,WT,NA,,NA,,,,,,,,,,,,,,,,,,,,,,,,,,,,,,,,,,,,,,,,2056,Br J Cancer,2004,91,355,15188009,DNA,none,direct,True,True,True,True,True,True,True,True,True,True,,,,HODGKIN LYMPHOMA,NA,NA,NA,,,,1554
21445,KU-19-19,,907312,ACH-000486,BLADDER,"Transitional cell carcinoma, NOS",NA,,M,76,NA,NA,NA,NA,NA,NA,NA,NA,NA,KRAS WT,CDKN2A;NRAS,WT,NA,,NA,,,,,,,,,,,,,,,,,,,,,,,,,,,,,,,,,,,,,,,,2056,Br J Cancer,2004,91,355,15188009,DNA,none,direct,True,True,True,True,True,True,True,True,True,True,,,,TRANSITIONAL CELL PAPILLOMAS AND CARCINOMAS,NA,NA,NA,,,,1555
21441,KP-N-S19s,,907315,,NERVES,"Neuroblastoma, NOS",NA,,NA,,NA,NA,NA,NA,NA,NA,NA,NA,NA,"KRAS (GGT>GCT, p.G12A)",NA,WT,NA,,NA,,,,,,,,,,,,,,,,,,,,,,,,,,,,,,,,,,,,,,,,2056,Br J Cancer,2004,91,355,15188009,DNA,none,direct,True,True,True,True,True,True,True,True,True,True,,,,NEUROEPITHELIOMATOUS NEOPLASMS,NA,NA,NA,,,,1563
21442,KP-N-YN,,907314,ACH-000227,NERVES,"Neuroblastoma, NOS",NA,,NA,,NA,NA,NA,NA,NA,NA,NA,NA,NA,KRAS WT,NA,WT,NA,,NA,,,,,,,,,,,,,,,,,,,,,,,,,,,,,,,,,,,,,,,,2056,Br J Cancer,2004,91,355,15188009,DNA,none,direct,True,True,True,True,True,True,True,True,True,True,,,,NEUROEPITHELIOMATOUS NEOPLASMS,NA,NA,NA,,,,1564
21443,KPL-1,,907316,ACH-000028,BREAST,"Infiltrating duct carcinoma, NOS (C50._)",NA,,F,50,Japan,Eastern Asia,Asia,More developed regions,NA,NA,NA,NA,NA,KRAS WT,CDKN2A;PIK3CA,WT,NA,,NA,,,,,,,,,,,,,,,,,,,,,,,,,,,,,,,,,,,,,,,,2056,Br J Cancer,2004,91,355,15188009,DNA,none,direct,True,True,True,True,True,True,True,True,True,True,,,,DUCTAL AND LOBULAR NEOPLASMS,NA,NA,NA,,,,1565
21444,KS-1,,907313,ACH-000631,BRAIN,"Glioblastoma, NOS (C71._)",NA,,F,,NA,NA,NA,NA,NA,NA,NA,NA,NA,KRAS WT,CDKN2A,WT,NA,,NA,,,,,,,,,,,,,,,,,,,,,,,,,,,,,,,,,,,,,,,,2056,Br J Cancer,2004,91,355,15188009,DNA,none,direct,True,True,True,True,True,True,True,True,True,True,,,,GLIOMAS,NA,NA,NA,,,,1566
21433,KM-H2,,909976,ACH-000815,LYMPH NODES,"Hodgkin lymphoma, NOS",NA,,M,37,NA,NA,NA,NA,NA,NA,NA,NA,NA,KRAS WT,NA,WT,NA,,NA,,,,,,,,,,,,,,,,,,,,,,,,,,,,,,,,,,,,,,,,2056,Br J Cancer,2004,91,355,15188009,DNA,none,direct,True,True,True,True,True,True,True,True,True,True,,,,HODGKIN LYMPHOMA,NA,NA,NA,,,,1567
21417,JAR,HTB-144,907175,ACH-001529,PLACENTA,"Choriocarcinoma, NOS",NA,,F,24,NA,NA,NA,NA,NA,NA,NA,NA,NA,KRAS WT,NA,WT,NA,,NA,,,,,,,,,,,,,,,,,,,,,,,,,,,,,,,,,,,,,,,,2056,Br J Cancer,2004,91,355,15188009,DNA,none,direct,True,True,True,True,True,True,True,True,True,True,,,,TROPHOBLASTIC NEOPLASMS,NA,NA,NA,,,,1582
21418,JEG-3,,907176,ACH-001530,PLACENTA,"Choriocarcinoma, NOS",NA,,F,,NA,NA,NA,NA,NA,NA,NA,NA,NA,KRAS WT,NA,WT,NA,,NA,,,,,,,,,,,,,,,,,,,,,,,,,,,,,,,,,,,,,,,,2056,Br J Cancer,2004,91,355,15188009,DNA,none,direct,True,True,True,True,True,True,True,True,True,True,,,,TROPHOBLASTIC NEOPLASMS,NA,NA,NA,,,,1583
21422,JVM-2,,907269,ACH-000106,HEMATOP. SYSTEM,B-cell chronic lymphocytic leukemia/small lymphocytic lymphoma,NA,,F,63,NA,NA,NA,NA,NA,NA,NA,NA,NA,KRAS WT,NA,WT,NA,,NA,,,,,,,,,,,,,,,,,,,,,,,,,,,,,,,,,,,,,,,,2056,Br J Cancer,2004,91,355,15188009,DNA,none,direct,True,True,True,True,True,True,True,True,True,True,,,,LYMPHOID LEUKEMIAS (C42.1),NA,NA,NA,,,,1584
21423,JVM-3,,907270,ACH-000346,HEMATOP. SYSTEM,B-cell chronic lymphocytic leukemia/small lymphocytic lymphoma,NA,,M,73,NA,NA,NA,NA,NA,NA,NA,NA,NA,KRAS WT,BRAF,WT,NA,,NA,,,,,,,,,,,,,,,,,,,,,,,,,,,,,,,,,,,,,,,,2056,Br J Cancer,2004,91,355,15188009,DNA,none,direct,True,True,True,True,True,True,True,True,True,True,,,,LYMPHOID LEUKEMIAS (C42.1),NA,NA,NA,,,,1585
21413,J-111,,907174,,HEMATOP. SYSTEM,"Acute myeloid leukemia, NOS",NA,,F,,NA,NA,NA,NA,NA,NA,NA,NA,NA,KRAS WT,NA,WT,NA,,NA,,,,,,,,,,,,,,,,,,,,,,,,,,,,,,,,,,,,,,,,2056,Br J Cancer,2004,91,355,15188009,DNA,none,direct,True,True,True,True,True,True,True,True,True,True,,,,MYELOID LEUKEMIAS (C42.1),NA,NA,NA,,,,1591
21406,NCI-H226,CRL-5826,905941,ACH-000367,LUNG,"Squamous cell carcinoma, NOS",NA,,M,,NA,NA,NA,NA,NA,NA,NA,NA,NA,KRAS WT,NA,WT,NA,,NA,,,,,,,,,,,,,,,,,,,,,,,,,,,,,,,,,,,,,,,,2056,Br J Cancer,2004,91,355,15188009,DNA,none,direct,True,True,True,True,True,True,True,True,True,True,,,,SQUAMOUS CELL NEOPLASMS,NA,NA,NA,,,,1599
21399,IST-MES1,,907173,ACH-000569,HEART/MED/PLEURA,"Mesothelioma, malignant",NA,,F,70,NA,NA,NA,NA,NA,NA,NA,NA,NA,KRAS WT,CDKN2A,WT,NA,,NA,,,,,,,,,,,,,,,,,,,,,,,,,,,,,,,,,,,,,,,,2056,Br J Cancer,2004,91,355,15188009,DNA,none,direct,True,True,True,True,True,True,True,True,True,True,,,,MESOTHELIAL NEOPLASMS,NA,NA,NA,,,,1604
21401,NCI-1963,CRL-5982,688010,,LUNG,"Small cell carcinoma, NOS",NA,,M,56,NA,NA,NA,NA,NA,NA,NA,NA,NA,KRAS WT,NA,WT,NA,,NA,,,,,,,,,,,,,,,,,,,,,,,,,,,,,,,,,,,,,,,,2056,Br J Cancer,2004,91,355,15188009,DNA,none,direct,True,True,True,True,True,True,True,True,True,True,,,,"EPITHELIAL NEOPLASMS, NOS",NA,NA,NA,,,,1606
21394,IGR-1,,907169,ACH-000882,SKIN,"Malignant melanoma, NOS",NA,,M,42,NA,NA,NA,NA,NA,NA,NA,NA,NA,KRAS WT,BRAF;CDKN2A,WT,NA,,NA,,,,,,,,,,,,,,,,,,,,,,,,,,,,,,,,,,,,,,,,2056,Br J Cancer,2004,91,355,15188009,DNA,none,direct,True,True,True,True,True,True,True,True,True,True,,,,NEVI AND MELANOMAS,NA,NA,NA,,,,1611
21395,IM-9,,753563,ACH-002247,HEMATOP. SYSTEM,Multiple myeloma (C42.1),NA,,F,,NA,NA,NA,NA,NA,NA,NA,NA,NA,KRAS WT,NRAS,WT,NA,,NA,,,,,,,,,,,,,,,,,,,,,,,,,,,,,,,,,,,,,,,,2056,Br J Cancer,2004,91,355,15188009,DNA,none,direct,True,True,True,True,True,True,True,True,True,True,,,,PLASMA CELL TUMORS,NA,NA,NA,,,,1612
21396,IMR-5,,907170,ACH-002248,NERVES,"Neuroblastoma, NOS",NA,,NA,,NA,NA,NA,NA,NA,NA,NA,NA,NA,KRAS WT,NA,WT,NA,,NA,,,,,,,,,,,,,,,,,,,,,,,,,,,,,,,,,,,,,,,,2056,Br J Cancer,2004,91,355,15188009,DNA,none,direct,True,True,True,True,True,True,True,True,True,True,,,,NEUROEPITHELIOMATOUS NEOPLASMS,NA,NA,NA,,,,1613
21385,HUTU-80,HTB-40,907073,ACH-000538,SMALL INTESTINE,"Adenocarcinoma, NOS",NA,,M,53,NA,NA,NA,NA,NA,NA,NA,NA,NA,KRAS WT,CTNNB1,WT,NA,,NA,,,,,,,,,,,,,,,,,,,,,,,,,,,,,,,,,,,,,,,,2056,Br J Cancer,2004,91,355,15188009,DNA,none,direct,True,True,True,True,True,True,True,True,True,True,,,,ADENOMAS AND ADENOCARCINOMAS,NA,NA,NA,,,,1614
21386,HeLaSF,CCL-2,687509,,CERVIX UTERI,"Adenocarcinoma, NOS",NA,protein degraded by E6 viral protein,F,,NA,NA,NA,NA,NA,HPV+ (18),NA,NA,NA,KRAS WT,NA,WT,NA,NULL,NA,,,,,,,,,,,,,,,,,,,,,,,,,,,,,,,,,,,,,,,,2056,Br J Cancer,2004,91,355,15188009,DNA,none,direct,True,True,True,True,True,True,True,True,True,True,,,,ADENOMAS AND ADENOCARCINOMAS,NA,NA,NA,,,,1615
21388,HuNS1,CRL-8644,683664,ACH-000829,HEMATOP. SYSTEM,Multiple myeloma (C42.1),NA,,M,,NA,NA,NA,NA,NA,NA,NA,NA,NA,KRAS WT,NA,WT,NA,,NA,,,,,,,,,,,,,,,,,,,,,,,,,,,,,,,,,,,,,,,,2056,Br J Cancer,2004,91,355,15188009,DNA,none,direct,True,True,True,True,True,True,True,True,True,True,,,,PLASMA CELL TUMORS,NA,NA,NA,,,,1617
21390,HuO9,,907072,ACH-001526,BONES (limbs),"Osteosarcoma, NOS (C40._, C41._)",NA,,F,13,NA,NA,NA,NA,NA,NA,NA,NA,NA,KRAS WT,NA,WT,NA,,NA,,,,,,,,,,,,,,,,,,,,,,,,,,,,,,,,,,,,,,,,2056,Br J Cancer,2004,91,355,15188009,DNA,none,direct,True,True,True,True,True,True,True,True,True,True,,,,OSSEOUS AND CHONDROMATOUS NEOPLASMS,NA,NA,NA,,,,1619
21378,HT-1080,CCL-121,907064,ACH-000054,SOFT TISSUES,"Fibrosarcoma, NOS",NA,"NRAS status in Brown R, 1984",M,35,NA,NA,NA,NA,NA,NA,NA,NA,NA,KRAS WT,NRAS,WT,NA,,NA,,,,,,,,,,,,,,,,,,,,,,,,,,,,,,,,,,,,,,,,2056,Br J Cancer,2004,91,355,15188009,DNA,none,direct,True,True,True,True,True,True,True,True,True,True,,,,FIBROMATOUS NEOPLASMS,NA,NA,NA,,,,1622
21381,HT-144,HTB-63,907067,ACH-000322,SKIN,"Malignant melanoma, NOS",NA,,M,29,NA,NA,NA,NA,NA,NA,NA,NA,NA,KRAS WT,BRAF;CDKN2A;PTEN,WT,NA,,NA,,,,,,,,,,,,,,,,,,,,,,,,,,,,,,,,,,,,,,,,2056,Br J Cancer,2004,91,355,15188009,DNA,none,direct,True,True,True,True,True,True,True,True,True,True,,,,NEVI AND MELANOMAS,NA,NA,NA,,,,1624
21384,HUH-6-clone5,,907070,,LIVER,"Hepatocellular carcinoma, NOS (C22.0)",NA,,M,57,NA,NA,NA,NA,NA,NA,NA,NA,NA,KRAS WT,CTNNB1,WT,NA,,NA,,,,,,,,,,,,,,,,,,,,,,,,,,,,,,,,,,,,,,,,2056,Br J Cancer,2004,91,355,15188009,DNA,none,direct,True,True,True,True,True,True,True,True,True,True,,,,ADENOMAS AND ADENOCARCINOMAS,NA,NA,NA,,,,1626
21353,H-EMC-SS,,907290,ACH-001519,BONES (other),"Chondrosarcoma, NOS (C40._, C41._)",metastasis (LN),,F,77,NA,NA,NA,NA,NA,NA,NA,NA,NA,KRAS WT,NA,WT,NA,,NA,,,,,,,,,,,,,,,,,,,,,,,,,,,,,,,,,,,,,,,,2056,Br J Cancer,2004,91,355,15188009,DNA,none,direct,True,True,True,True,True,True,True,True,True,True,,,,OSSEOUS AND CHONDROMATOUS NEOPLASMS,metastasis,NA,NA,,,,1646
21355,H4,HTB-148,907042,ACH-000389,BRAIN,"Glioma, malignant (C71._)",NA,,M,37,NA,NA,NA,NA,NA,NA,NA,NA,NA,KRAS WT,CDKN2A;PTEN,WT,NA,,NA,,,,,,,,,,,,,,,,,,,,,,,,,,,,,,,,,,,,,,,,2056,Br J Cancer,2004,91,355,15188009,DNA,none,direct,True,True,True,True,True,True,True,True,True,True,,,,GLIOMAS,NA,NA,NA,,,,1648
21357,HA7-RCC,,753558,ACH-002139,KIDNEY,"Renal cell carcinoma, NOS (C64.9)",NA,,NA,,NA,NA,NA,NA,NA,NA,NA,NA,NA,KRAS WT,NA,WT,NA,,NA,,,,,,,,,,,,,,,,,,,,,,,,,,,,,,,,,,,,,,,,2056,Br J Cancer,2004,91,355,15188009,DNA,none,direct,True,True,True,True,True,True,True,True,True,True,,,,ADENOMAS AND ADENOCARCINOMAS,NA,NA,NA,,,,1650
21358,HC-1,,907044,ACH-002242,HEMATOP. SYSTEM,Hairy cell leukemia (C42.1),NA,,M,56,NA,NA,NA,NA,NA,NA,NA,NA,NA,KRAS WT,NA,WT,NA,,NA,,,,,,,,,,,,,,,,,,,,,,,,,,,,,,,,,,,,,,,,2056,Br J Cancer,2004,91,355,15188009,DNA,none,direct,True,True,True,True,True,True,True,True,True,True,,,,OTHER LEUKEMIAS (C42.1),NA,NA,NA,,,,1651
21347,GOS-3,,906874,ACH-000027,BRAIN,Mixed glioma (C71._),NA,,M,55,NA,NA,NA,NA,NA,NA,NA,NA,NA,KRAS WT,PTEN;CDKN2A,WT,NA,,NA,,,,,,,,,,,,,,,,,,,,,,,,,,,,,,,,,,,,,,,,2056,Br J Cancer,2004,91,355,15188009,DNA,none,direct,True,True,True,True,True,True,True,True,True,True,,,,GLIOMAS,NA,NA,NA,,,,1652
21348,GP5d,,907291,ACH-001345,COLON,"Adenocarcinoma, NOS",NA,,F,71,NA,NA,NA,NA,NA,NA,NA,NA,NA,"KRAS (GGC>GAC, p.G13D)",PIK3CA,WT,NA,,NA,,,,,,,,,,,,,,,,,,,,,,,,,,,,,,,,,,,,,,,,2056,Br J Cancer,2004,91,355,15188009,DNA,none,direct,True,True,True,True,True,True,True,True,True,True,,,,ADENOMAS AND ADENOCARCINOMAS,NA,NA,NA,,,,1653
21349,GR-M,,907293,ACH-001072,SKIN,"Malignant melanoma, NOS",NA,,M,36,NA,NA,NA,NA,NA,NA,NA,NA,NA,"KRAS (GGT>CGT, p.G12R)",CDKN2A,WT,NA,,NA,,,,,,,,,,,,,,,,,,,,,,,,,,,,,,,,,,,,,,,,2056,Br J Cancer,2004,91,355,15188009,DNA,none,direct,True,True,True,True,True,True,True,True,True,True,,,,NEVI AND MELANOMAS,NA,NA,NA,,,,1654
21352,Gp2D,,907292,ACH-000982,COLON,"Adenocarcinoma, NOS",NA,,F,71,NA,NA,NA,NA,NA,NA,NA,NA,NA,"KRAS (GGT>GAT, p.G12D)",PIK3CA,WT,NA,,NA,,,,,,,,,,,,,,,,,,,,,,,,,,,,,,,,,,,,,,,,2056,Br J Cancer,2004,91,355,15188009,DNA,none,direct,True,True,True,True,True,True,True,True,True,True,,,,ADENOMAS AND ADENOCARCINOMAS,NA,NA,NA,,,,1657
21342,GDM-1,CRL-2627,906870,ACH-000081,HEMATOP. SYSTEM,"Acute myeloid leukemia, NOS",NA,,F,66,NA,NA,NA,NA,NA,NA,NA,NA,NA,KRAS WT,NA,WT,NA,,NA,,,,,,,,,,,,,,,,,,,,,,,,,,,,,,,,,,,,,,,,2056,Br J Cancer,2004,91,355,15188009,DNA,none,direct,True,True,True,True,True,True,True,True,True,True,,,,MYELOID LEUKEMIAS (C42.1),NA,NA,NA,,,,1659
21344,GI-LI-N,,753617,,NERVES,"Neuroblastoma, NOS",NA,,M,2,NA,NA,NA,NA,NA,NA,NA,NA,NA,KRAS WT,NA,WT,NA,,NA,,,,,,,,,,,,,,,,,,,,,,,,,,,,,,,,,,,,,,,,2056,Br J Cancer,2004,91,355,15188009,DNA,none,direct,True,True,True,True,True,True,True,True,True,True,,,,NEUROEPITHELIOMATOUS NEOPLASMS,NA,NA,NA,,,,1661
21345,GLC-82,,753557,ACH-001071,LUNG,"Adenocarcinoma, NOS",NA,,F,58,China,Eastern Asia,Asia,Less developed regions,NA,NA,NA,NA,NA,KRAS WT,NA,WT,NA,,NA,,,,,,,,,,,,,,,,,,,,,,,,,,,,,,,,,,,,,,,,2056,Br J Cancer,2004,91,355,15188009,DNA,none,direct,True,True,True,True,True,True,True,True,True,True,,,,ADENOMAS AND ADENOCARCINOMAS,NA,NA,NA,,,,1662
21335,G-402,,907298,ACH-000375,SOFT TISSUES,Epithelioid leiomyoma,NA,,F,75,NA,NA,NA,NA,NA,NA,NA,NA,NA,KRAS WT,NA,WT,NA,,NA,,,,,,,,,,,,,,,,,,,,,,,,,,,,,,,,,,,,,,,,2056,Br J Cancer,2004,91,355,15188009,DNA,none,direct,True,True,True,True,True,True,True,True,True,True,,,,MYOMATOUS NEOPLASMS,NA,NA,NA,,,,1664
21337,GAK,,910932,ACH-002120,SKIN,"Malignant melanoma, NOS",NA,,F,82,Japan,Eastern Asia,Asia,More developed regions,NA,NA,NA,NA,NA,KRAS WT,NRAS,WT,NA,,NA,,,,,,,,,,,,,,,,,,,,,,,,,,,,,,,,,,,,,,,,2056,Br J Cancer,2004,91,355,15188009,DNA,none,direct,True,True,True,True,True,True,True,True,True,True,,,,NEVI AND MELANOMAS,NA,NA,NA,,,,1667
21331,EoL-1-cell,,906856,,HEMATOP. SYSTEM,Hypereosinophilic syndrome,NA,,M,33,NA,NA,NA,NA,NA,NA,NA,NA,NA,KRAS WT,CDKN2A,WT,NA,,NA,,,,,,,,,,,,,,,,,,,,,,,,,,,,,,,,,,,,,,,,2056,Br J Cancer,2004,91,355,15188009,DNA,none,direct,True,True,True,True,True,True,True,True,True,True,,,,CHRONIC MYELOPROLIFERATIVE DISORDERS (C42.1),NA,NA,NA,,,,1674
21333,G-361,CRL-1424,906865,ACH-000572,SKIN,"Malignant melanoma, NOS",NA,,M,31,NA,NA,NA,NA,NA,NA,NA,NA,NA,KRAS WT,BRAF;CDKN2A,WT,NA,,NA,,,,,,,,,,,,,,,,,,,,,,,,,,,,,,,,,,,,,,,,2056,Br J Cancer,2004,91,355,15188009,DNA,none,direct,True,True,True,True,True,True,True,True,True,True,,,,NEVI AND MELANOMAS,NA,NA,NA,,,,1676
21334,G-401,CRL-1441,907299,ACH-000096,KIDNEY,Malignant rhabdoid tumor,NA,,M,1,NA,NA,NA,NA,NA,NA,NA,NA,NA,KRAS WT,NA,WT,NA,,NA,,,,,,,,,,,,,,,,,,,,,,,,,,,,,,,,,,,,,,,,2056,Br J Cancer,2004,91,355,15188009,DNA,none,direct,True,True,True,True,True,True,True,True,True,True,,,,COMPLEX MIXED AND STROMAL NEOPLASMS,NA,NA,NA,,,,1677
21325,EHEB,,906854,ACH-000038,LYMPH NODES,"Malignant lymphoma, small B lymphocytic, NOS",NA,,F,69,NA,NA,NA,NA,NA,NA,NA,NA,NA,KRAS WT,NA,WT,NA,,NA,,,,,,,,,,,,,,,,,,,,,,,,,,,,,,,,,,,,,,,,2056,Br J Cancer,2004,91,355,15188009,DNA,none,direct,True,True,True,True,True,True,True,True,True,True,,,,MATURE B-CELL LYMPHOMAS,NA,NA,NA,,,,1681
21318,ECC10,,906848,ACH-000560,STOMACH,"Adenocarcinoma, NOS",NA,,NA,,NA,NA,NA,NA,NA,NA,NA,NA,NA,KRAS WT,RB1;APC,WT,NA,,NA,,,,,,,,,,,,,,,,,,,,,,,,,,,,,,,,,,,,,,,,2056,Br J Cancer,2004,91,355,15188009,DNA,none,direct,True,True,True,True,True,True,True,True,True,True,,,,ADENOMAS AND ADENOCARCINOMAS,NA,NA,NA,,,,1686
21310,DOHH-2,,906842,ACH-000056,LYMPH NODES,"Malignant lymphoma, large B-cell, diffuse, NOS",NA,,M,60,NA,NA,NA,NA,NA,NA,NA,NA,NA,KRAS WT,CDKN2A,WT,NA,,NA,,,,,,,,,,,,,,,,,,,,,,,,,,,,,,,,,,,,,,,,2056,Br J Cancer,2004,91,355,15188009,DNA,none,direct,True,True,True,True,True,True,True,True,True,True,,,,MATURE B-CELL LYMPHOMAS,NA,NA,NA,,,,1690
21313,DV-90,,753553,ACH-000925,LUNG,"Adenocarcinoma, NOS",NA,,NA,,NA,NA,NA,NA,NA,NA,NA,NA,NA,"KRAS (GGC>GAC, p.G13D)",NA,WT,NA,,NA,,,,,,,,,,,,,,,,,,,,,,,,,,,,,,,,,,,,,,,,2056,Br J Cancer,2004,91,355,15188009,DNA,none,direct,True,True,True,True,True,True,True,True,True,True,,,,ADENOMAS AND ADENOCARCINOMAS,NA,NA,NA,,,,1693
21314,DoTc2-4510,CRL-7920,906843,ACH-001341,CERVIX UTERI,"Carcinoma, NOS",NA,,F,,NA,NA,NA,NA,NA,NA,NA,NA,NA,KRAS WT,NA,WT,NA,,NA,,,,,,,,,,,,,,,,,,,,,,,,,,,,,,,,,,,,,,,,2056,Br J Cancer,2004,91,355,15188009,DNA,none,direct,True,True,True,True,True,True,True,True,True,True,,,,"EPITHELIAL NEOPLASMS, NOS",NA,NA,NA,,,,1694
21304,DLD-1,CCL-221,910912,ACH-001061,COLON,"Adenocarcinoma, NOS",NA,,M,,NA,NA,NA,NA,NA,NA,NA,NA,NA,"KRAS (GGC>AGC, p.G13S)",APC,WT,NA,,NA,,,,,,,,,,,,,,,,,,,,,,,,,,,,,,,,,,,,,,,,2056,Br J Cancer,2004,91,355,15188009,DNA,none,direct,True,True,True,True,True,True,True,True,True,True,,,,ADENOMAS AND ADENOCARCINOMAS,NA,NA,NA,,,,1696
21300,DBTRG-05MG,CRL-2020,906835,ACH-000863,BRAIN,"Glioblastoma, NOS (C71._)",NA,,F,59,NA,NA,NA,NA,NA,NA,NA,NA,NA,KRAS WT,BRAF;CDKN2A;PTEN,WT,NA,,NA,,,,,,,,,,,,,,,,,,,,,,,,,,,,,,,,,,,,,,,,2056,Br J Cancer,2004,91,355,15188009,DNA,none,direct,True,True,True,True,True,True,True,True,True,True,,,,GLIOMAS,NA,NA,NA,,,,1704
21303,DK-MG,,906839,ACH-000244,BRAIN,"Glioblastoma, NOS (C71._)",NA,,F,67,NA,NA,NA,NA,NA,NA,NA,NA,NA,KRAS WT,CDKN2A;PIK3CA,WT,NA,,NA,,,,,,,,,,,,,,,,,,,,,,,,,,,,,,,,,,,,,,,,2056,Br J Cancer,2004,91,355,15188009,DNA,none,direct,True,True,True,True,True,True,True,True,True,True,,,,GLIOMAS,NA,NA,NA,,,,1707
21292,RPMI-8866,,910544,ACH-002302,HEMATOP. SYSTEM,"Chronic myeloid leukemia, NOS",NA,,F,51,NA,NA,NA,NA,NA,NA,NA,NA,NA,KRAS WT,NA,WT,NA,,NA,,,,,,,,,,,,,,,,,,,,,,,,,,,,,,,,,,,,,,,,2056,Br J Cancer,2004,91,355,15188009,DNA,none,direct,True,True,True,True,True,True,True,True,True,True,,,,MYELOID LEUKEMIAS (C42.1),NA,NA,NA,,,,1708
21293,RS4-11,,909703,ACH-000874,HEMATOP. SYSTEM,"Precursor cell lymphoblastic leukemia, NOS",NA,,F,32,NA,NA,NA,NA,NA,NA,NA,NA,NA,KRAS WT,CDKN2A,WT,NA,,NA,,,,,,,,,,,,,,,,,,,,,,,,,,,,,,,,,,,,,,,,2056,Br J Cancer,2004,91,355,15188009,DNA,none,direct,True,True,True,True,True,True,True,True,True,True,,,,LYMPHOID LEUKEMIAS (C42.1),NA,NA,NA,,,,1709
21294,RTSG,,909705,,OVARY,"Adenocarcinoma, NOS",NA,,F,66,NA,NA,NA,NA,NA,NA,NA,NA,NA,KRAS WT,PTEN;CTNNB1,WT,NA,,NA,,,,,,,,,,,,,,,,,,,,,,,,,,,,,,,,,,,,,,,,2056,Br J Cancer,2004,91,355,15188009,DNA,none,direct,True,True,True,True,True,True,True,True,True,True,,,,ADENOMAS AND ADENOCARCINOMAS,NA,NA,NA,,,,1710
21296,D-283MED,HTB-185,906834,ACH-000055,BRAIN,"Medulloblastoma, NOS (C71.6)",NA,,M,6,NA,NA,NA,NA,NA,NA,NA,NA,NA,KRAS WT,NA,WT,NA,,NA,,,,,,,,,,,,,,,,,,,,,,,,,,,,,,,,,,,,,,,,2056,Br J Cancer,2004,91,355,15188009,DNA,none,direct,True,True,True,True,True,True,True,True,True,True,,,,GLIOMAS,NA,NA,NA,,,,1712
21286,RF-48,,909697,ACH-002301,STOMACH,"Adenocarcinoma, NOS",NA,,M,62,NA,NA,NA,NA,NA,NA,NA,NA,NA,KRAS WT,NA,WT,NA,,NA,,,,,,,,,,,,,,,,,,,,,,,,,,,,,,,,,,,,,,,,2056,Br J Cancer,2004,91,355,15188009,DNA,none,direct,True,True,True,True,True,True,True,True,True,True,,,,ADENOMAS AND ADENOCARCINOMAS,NA,NA,NA,,,,1714
21289,RMG-I,,909699,ACH-000719,OVARY,"Clear cell adenocarcinoma, NOS",NA,,F,,NA,NA,NA,NA,NA,NA,NA,NA,NA,KRAS WT,CDKN2A,WT,NA,,NA,,,,,,,,,,,,,,,,,,,,,,,,,,,,,,,,,,,,,,,,2056,Br J Cancer,2004,91,355,15188009,DNA,none,direct,True,True,True,True,True,True,True,True,True,True,,,,ADENOMAS AND ADENOCARCINOMAS,NA,NA,NA,,,,1717
21290,RPMI-2650,CCL-30,909700,ACH-001385,NASAL CAVITY,"Squamous cell carcinoma, NOS",metastasis (pleura),,M,52,NA,NA,NA,NA,NA,NA,NA,NA,NA,KRAS WT,NA,WT,NA,,NA,,,,,,,,,,,,,,,,,,,,,,,,,,,,,,,,,,,,,,,,2056,Br J Cancer,2004,91,355,15188009,DNA,none,direct,True,True,True,True,True,True,True,True,True,True,,,,SQUAMOUS CELL NEOPLASMS,metastasis,NA,NA,,,,1718
21291,RPMI-6666,CCL-113,909701,ACH-001182,LYMPH NODES,"Hodgkin lymphoma, NOS",NA,,M,29,NA,NA,NA,NA,NA,NA,NA,NA,NA,KRAS WT,NA,WT,NA,,NA,,,,,,,,,,,,,,,,,,,,,,,,,,,,,,,,,,,,,,,,2056,Br J Cancer,2004,91,355,15188009,DNA,none,direct,True,True,True,True,True,True,True,True,True,True,,,,HODGKIN LYMPHOMA,NA,NA,NA,,,,1719
21280,QIMR-WIL,,910545,ACH-002299,HEMATOP. SYSTEM,"Acute myeloid leukemia, NOS",NA,,NA,,NA,NA,NA,NA,NA,NA,NA,NA,NA,KRAS WT,NA,WT,NA,,NA,,,,,,,,,,,,,,,,,,,,,,,,,,,,,,,,,,,,,,,,2056,Br J Cancer,2004,91,355,15188009,DNA,none,direct,True,True,True,True,True,True,True,True,True,True,,,,MYELOID LEUKEMIAS (C42.1),NA,NA,NA,,,,1721
21281,RCC10RGB,,909974,ACH-000189,KIDNEY,"Renal cell carcinoma, NOS (C64.9)",NA,,M,,Japan,Eastern Asia,Asia,More developed regions,NA,NA,NA,NA,NA,KRAS WT,NA,WT,NA,,NA,,,,,,,,,,,,,,,,,,,,,,,,,,,,,,,,,,,,,,,,2056,Br J Cancer,2004,91,355,15188009,DNA,none,direct,True,True,True,True,True,True,True,True,True,True,,,,ADENOMAS AND ADENOCARCINOMAS,NA,NA,NA,,,,1722
21273,P30-OHK,,909252,ACH-002059,HEMATOP. SYSTEM,"Precursor cell lymphoblastic leukemia, NOS",NA,,F,11,NA,NA,NA,NA,NA,NA,NA,NA,NA,KRAS WT,CDKN2A,WT,NA,,NA,,,,,,,,,,,,,,,,,,,,,,,,,,,,,,,,,,,,,,,,2056,Br J Cancer,2004,91,355,15188009,DNA,none,direct,True,True,True,True,True,True,True,True,True,True,,,,LYMPHOID LEUKEMIAS (C42.1),NA,NA,NA,,,,1727
21275,P39-TSU,,909254,,HEMATOP. SYSTEM,"Acute myeloid leukemia, NOS",NA,,M,69,NA,NA,NA,NA,NA,NA,NA,NA,NA,KRAS WT,NRAS;CDKN2A,WT,NA,,NA,,,,,,,,,,,,,,,,,,,,,,,,,,,,,,,,,,,,,,,,2056,Br J Cancer,2004,91,355,15188009,DNA,none,direct,True,True,True,True,True,True,True,True,True,True,,,,MYELOID LEUKEMIAS (C42.1),NA,NA,NA,,,,1729
21268,VA-ES-BJ,,688121,ACH-001702,SOFT TISSUES,"Sarcoma, NOS",NA,,M,43,NA,NA,NA,NA,NA,NA,NA,NA,NA,KRAS WT,CDKN2A,WT,NA,,NA,,,,,,,,,,,,,,,,,,,,,,,,,,,,,,,,,,,,,,,,2056,Br J Cancer,2004,91,355,15188009,DNA,none,direct,True,True,True,True,True,True,True,True,True,True,,,,"SOFT TISSUE TUMORS AND SARCOMAS, NOS",NA,NA,NA,,,,1734
21271,WM-115,CRL-1675,909784,ACH-000304,SKIN,"Malignant melanoma, NOS",NA,,F,58,NA,NA,NA,NA,NA,NA,NA,NA,NA,KRAS WT,BRAF;PTEN,WT,NA,,NA,,,,,,,,,,,,,,,,,,,,,,,,,,,,,,,,,,,,,,,,2056,Br J Cancer,2004,91,355,15188009,DNA,none,direct,True,True,True,True,True,True,True,True,True,True,,,,NEVI AND MELANOMAS,NA,NA,NA,,,,1737
21259,CTV-1,,753548,ACH-002222,HEMATOP. SYSTEM,"Acute myeloid leukemia, NOS",NA,,F,40,NA,NA,NA,NA,NA,NA,NA,NA,NA,KRAS WT,CDKN2A,WT,NA,,NA,,,,,,,,,,,,,,,,,,,,,,,,,,,,,,,,,,,,,,,,2056,Br J Cancer,2004,91,355,15188009,DNA,none,direct,True,True,True,True,True,True,True,True,True,True,,,,MYELOID LEUKEMIAS (C42.1),NA,NA,NA,,,,1738
21261,Ca-Ski,CRL-1550,906824,ACH-001336,CERVIX UTERI,"Squamous cell carcinoma, NOS",metastasis (small intestine),,F,40,NA,NA,NA,NA,NA,HPV+ (16),NA,NA,NA,KRAS WT,NA,WT,NA,,NA,,,,,,,,,,,,,,,,,,,,,,,,,,,,,,,,,,,,,,,,2056,Br J Cancer,2004,91,355,15188009,DNA,none,direct,True,True,True,True,True,True,True,True,True,True,,,,SQUAMOUS CELL NEOPLASMS,metastasis,NA,NA,,,,1740
21254,CP50-MEL-B,,753545,ACH-002096,SKIN,"Malignant melanoma, NOS",NA,,NA,,NA,NA,NA,NA,NA,NA,NA,NA,NA,KRAS WT,BRAF,WT,NA,,NA,,,,,,,,,,,,,,,,,,,,,,,,,,,,,,,,,,,,,,,,2056,Br J Cancer,2004,91,355,15188009,DNA,none,direct,True,True,True,True,True,True,True,True,True,True,,,,NEVI AND MELANOMAS,NA,NA,NA,,,,1745
21255,CP66-MEL,,753546,ACH-002097,SKIN,"Malignant melanoma, NOS",NA,,NA,,NA,NA,NA,NA,NA,NA,NA,NA,NA,KRAS WT,NRAS;CDKN2A,WT,NA,,NA,,,,,,,,,,,,,,,,,,,,,,,,,,,,,,,,,,,,,,,,2056,Br J Cancer,2004,91,355,15188009,DNA,none,direct,True,True,True,True,True,True,True,True,True,True,,,,NEVI AND MELANOMAS,NA,NA,NA,,,,1746
21257,CRO-AP2,,906807,ACH-002220,LYMPH NODES,"Malignant lymphoma, non-Hodgkin, NOS",NA,,M,49,NA,NA,NA,NA,NA,NA,NA,NA,NA,KRAS WT,NA,WT,NA,,NA,,,,,,,,,,,,,,,,,,,,,,,,,,,,,,,,,,,,,,,,2056,Br J Cancer,2004,91,355,15188009,DNA,none,direct,True,True,True,True,True,True,True,True,True,True,,,,"MALIGNANT LYMPHOMA, NOS, OR DIFFUSE",NA,NA,NA,,,,1748
21258,CRO-AP5,,906806,,LYMPH NODES,"Malignant lymphoma, non-Hodgkin, NOS",NA,,M,35,NA,NA,NA,NA,NA,NA,NA,NA,NA,KRAS WT,NA,WT,NA,,NA,,,,,,,,,,,,,,,,,,,,,,,,,,,,,,,,,,,,,,,,2056,Br J Cancer,2004,91,355,15188009,DNA,none,direct,True,True,True,True,True,True,True,True,True,True,,,,"MALIGNANT LYMPHOMA, NOS, OR DIFFUSE",NA,NA,NA,,,,1749
21247,COLO-849,,910949,ACH-001045,SKIN,"Malignant melanoma, NOS",NA,,M,43,NA,NA,NA,NA,NA,NA,NA,NA,NA,KRAS WT,BRAF;CDKN2A;PTEN,WT,NA,,NA,,,,,,,,,,,,,,,,,,,,,,,,,,,,,,,,,,,,,,,,2056,Br J Cancer,2004,91,355,15188009,DNA,none,direct,True,True,True,True,True,True,True,True,True,True,,,,NEVI AND MELANOMAS,NA,NA,NA,,,,1750
21248,COLO-853,,906811,,SKIN,"Malignant melanoma, NOS",NA,,M,45,NA,NA,NA,NA,NA,NA,NA,NA,NA,KRAS WT,BRAF;CDKN2A;PTEN,WT,NA,,NA,,,,,,,,,,,,,,,,,,,,,,,,,,,,,,,,,,,,,,,,2056,Br J Cancer,2004,91,355,15188009,DNA,none,direct,True,True,True,True,True,True,True,True,True,True,,,,NEVI AND MELANOMAS,NA,NA,NA,,,,1751
21249,COR-L105,,906805,ACH-000161,LUNG,"Adenocarcinoma, NOS",NA,,NA,,NA,NA,NA,NA,NA,NA,NA,NA,NA,KRAS WT,NA,WT,NA,,NA,,,,,,,,,,,,,,,,,,,,,,,,,,,,,,,,,,,,,,,,2056,Br J Cancer,2004,91,355,15188009,DNA,none,direct,True,True,True,True,True,True,True,True,True,True,,,,ADENOMAS AND ADENOCARCINOMAS,NA,NA,NA,,,,1752
21243,COLO-792,,906814,ACH-000968,SKIN,"Malignant melanoma, NOS",NA,,M,62,NA,NA,NA,NA,NA,NA,NA,NA,NA,KRAS WT,NA,WT,NA,,NA,,,,,,,,,,,,,,,,,,,,,,,,,,,,,,,,,,,,,,,,2056,Br J Cancer,2004,91,355,15188009,DNA,none,direct,True,True,True,True,True,True,True,True,True,True,,,,NEVI AND MELANOMAS,NA,NA,NA,,,,1758
21245,COLO-824,,906812,ACH-001820,BREAST,"Carcinoma, NOS",NA,,M,52,NA,NA,NA,NA,NA,NA,NA,NA,NA,KRAS WT,NA,WT,NA,,NA,,,,,,,,,,,,,,,,,,,,,,,,,,,,,,,,,,,,,,,,2056,Br J Cancer,2004,91,355,15188009,DNA,none,direct,True,True,True,True,True,True,True,True,True,True,,,,"EPITHELIAL NEOPLASMS, NOS",NA,NA,NA,,,,1760
21246,COLO-829,CRL-1974,687448,ACH-000644,SKIN,"Malignant melanoma, NOS",NA,,M,45,NA,NA,NA,NA,NA,NA,NA,NA,NA,KRAS WT,BRAF,WT,NA,,NA,,,,,,,,,,,,,,,,,,,,,,,,,,,,,,,,,,,,,,,,2056,Br J Cancer,2004,91,355,15188009,DNA,none,direct,True,True,True,True,True,True,True,True,True,True,,,,NEVI AND MELANOMAS,NA,NA,NA,,,,1761
21235,COLO-679,,906818,ACH-000805,SKIN,"Malignant melanoma, NOS",NA,,F,47,NA,NA,NA,NA,NA,NA,NA,NA,NA,KRAS WT,BRAF;CDKN2A,WT,NA,,NA,,,,,,,,,,,,,,,,,,,,,,,,,,,,,,,,,,,,,,,,2056,Br J Cancer,2004,91,355,15188009,DNA,none,direct,True,True,True,True,True,True,True,True,True,True,,,,NEVI AND MELANOMAS,NA,NA,NA,,,,1762
21240,COLO-720E,,910938,,OVARY,"Adenocarcinoma, NOS",NA,,F,73,NA,NA,NA,NA,NA,NA,NA,NA,NA,KRAS WT,PTEN,WT,NA,,NA,,,,,,,,,,,,,,,,,,,,,,,,,,,,,,,,,,,,,,,,2056,Br J Cancer,2004,91,355,15188009,DNA,none,direct,True,True,True,True,True,True,True,True,True,True,,,,ADENOMAS AND ADENOCARCINOMAS,NA,NA,NA,,,,1767
21229,CML-T1,,910951,ACH-000920,HEMATOP. SYSTEM,"Chronic myeloid leukemia, NOS",NA,,F,36,NA,NA,NA,NA,NA,NA,NA,NA,NA,KRAS WT,CDKN2A,WT,NA,,NA,,,,,,,,,,,,,,,,,,,,,,,,,,,,,,,,,,,,,,,,2056,Br J Cancer,2004,91,355,15188009,DNA,none,direct,True,True,True,True,True,True,True,True,True,True,,,,MYELOID LEUKEMIAS (C42.1),NA,NA,NA,,,,1771
21234,COLO-678,,910689,ACH-000350,COLON,"Carcinoma, NOS",NA,,M,69,NA,NA,NA,NA,NA,NA,NA,NA,NA,"KRAS (GGT>GAT, p.G12D)",CDKN2A,WT,NA,,NA,,,,,,,,,,,,,,,,,,,,,,,,,,,,,,,,,,,,,,,,2056,Br J Cancer,2004,91,355,15188009,DNA,none,direct,True,True,True,True,True,True,True,True,True,True,,,,"EPITHELIAL NEOPLASMS, NOS",NA,NA,NA,,,,1775
21221,CESS,TIB-190,910688,ACH-002218,HEMATOP. SYSTEM,"Acute myeloid leukemia, NOS",NA,,NA,,NA,NA,NA,NA,NA,NA,NA,NA,NA,KRAS WT,NA,WT,NA,,NA,,,,,,,,,,,,,,,,,,,,,,,,,,,,,,,,,,,,,,,,2056,Br J Cancer,2004,91,355,15188009,DNA,none,direct,True,True,True,True,True,True,True,True,True,True,,,,MYELOID LEUKEMIAS (C42.1),NA,NA,NA,,,,1776
21225,CHP-126,,910567,ACH-000136,NERVES,"Neuroblastoma, NOS",NA,,F,1,NA,NA,NA,NA,NA,NA,NA,NA,NA,KRAS WT,NA,WT,NA,,NA,,,,,,,,,,,,,,,,,,,,,,,,,,,,,,,,,,,,,,,,2056,Br J Cancer,2004,91,355,15188009,DNA,none,direct,True,True,True,True,True,True,True,True,True,True,,,,NEUROEPITHELIOMATOUS NEOPLASMS,NA,NA,NA,,,,1779
21226,CHP-134,,910941,ACH-001338,NERVES,"Neuroblastoma, NOS",NA,,NA,1,NA,NA,NA,NA,NA,NA,NA,NA,NA,KRAS WT,NA,WT,NA,,NA,,,,,,,,,,,,,,,,,,,,,,,,,,,,,,,,,,,,,,,,2056,Br J Cancer,2004,91,355,15188009,DNA,none,direct,True,True,True,True,True,True,True,True,True,True,,,,NEUROEPITHELIOMATOUS NEOPLASMS,NA,NA,NA,,,,1780
21227,CHP-212,CRL-2273,906820,ACH-000120,NERVES,"Neuroblastoma, NOS",NA,,NA,,NA,NA,NA,NA,NA,NA,NA,NA,NA,KRAS WT,NRAS,WT,NA,,NA,,,,,,,,,,,,,,,,,,,,,,,,,,,,,,,,,,,,,,,,2056,Br J Cancer,2004,91,355,15188009,DNA,none,direct,True,True,True,True,True,True,True,True,True,True,,,,NEUROEPITHELIOMATOUS NEOPLASMS,NA,NA,NA,,,,1781
21217,CCF-STTG1,,906823,ACH-000329,BRAIN,"Glioblastoma, NOS (C71._)",NA,,F,68,NA,NA,NA,NA,NA,NA,NA,NA,NA,KRAS WT,PTEN,WT,NA,,NA,,,,,,,,,,,,,,,,,,,,,,,,,,,,,,,,,,,,,,,,2056,Br J Cancer,2004,91,355,15188009,DNA,none,direct,True,True,True,True,True,True,True,True,True,True,,,,GLIOMAS,NA,NA,NA,,,,1784
21219,CCRF-SB,CCL-120,910778,,HEMATOP. SYSTEM,Precursor B-cell lymphoblastic leukemia,NA,,M,11,NA,NA,NA,NA,NA,NA,NA,NA,NA,KRAS WT,NA,WT,NA,,NA,,,,,,,,,,,,,,,,,,,,,,,,,,,,,,,,,,,,,,,,2056,Br J Cancer,2004,91,355,15188009,DNA,none,direct,True,True,True,True,True,True,True,True,True,True,,,,LYMPHOID LEUKEMIAS (C42.1),NA,NA,NA,,,,1787
21220,CEMC2,CRL-2264,906822,,HEMATOP. SYSTEM,"Precursor cell lymphoblastic leukemia, NOS",NA,,F,4,NA,NA,NA,NA,NA,NA,NA,NA,NA,"KRAS (GGT>GAT, p.G12D)",PTEN;CDKN2A,WT,NA,,NA,,,,,,,,,,,,,,,,,,,,,,,,,,,,,,,,,,,,,,,,2056,Br J Cancer,2004,91,355,15188009,DNA,none,direct,True,True,True,True,True,True,True,True,True,True,,,,LYMPHOID LEUKEMIAS (C42.1),NA,NA,NA,,,,1788
21211,CAL-51,,910927,ACH-000856,BREAST,"Carcinoma, NOS",NA,,F,45,NA,NA,NA,NA,NA,NA,NA,NA,NA,KRAS WT,NA,WT,NA,,NA,,,,,,,,,,,,,,,,,,,,,,,,,,,,,,,,,,,,,,,,2056,Br J Cancer,2004,91,355,15188009,DNA,none,direct,True,True,True,True,True,True,True,True,True,True,,,,"EPITHELIAL NEOPLASMS, NOS",NA,NA,NA,,,,1791
21212,CAL-54,,910952,ACH-000457,KIDNEY,"Renal cell carcinoma, NOS (C64.9)",NA,,M,75,NA,NA,NA,NA,NA,NA,NA,NA,NA,KRAS WT,CDKN2A,WT,NA,,NA,,,,,,,,,,,,,,,,,,,,,,,,,,,,,,,,,,,,,,,,2056,Br J Cancer,2004,91,355,15188009,DNA,none,direct,True,True,True,True,True,True,True,True,True,True,,,,ADENOMAS AND ADENOCARCINOMAS,NA,NA,NA,,,,1792
21214,CAL-72,,906827,ACH-001715,BONES (other),"Osteosarcoma, NOS (C40._, C41._)",NA,,M,10,NA,NA,NA,NA,NA,NA,NA,NA,NA,KRAS WT,CDKN2A,WT,NA,,NA,,,,,,,,,,,,,,,,,,,,,,,,,,,,,,,,,,,,,,,,2056,Br J Cancer,2004,91,355,15188009,DNA,none,direct,True,True,True,True,True,True,True,True,True,True,,,,OSSEOUS AND CHONDROMATOUS NEOPLASMS,NA,NA,NA,,,,1794
21204,C32,CRL-1585,906830,ACH-000580,SKIN,"Malignant melanoma, NOS",NA,,M,53,NA,NA,NA,NA,NA,NA,NA,NA,NA,KRAS WT,BRAF;CDKN2A;PTEN,WT,NA,,NA,,,,,,,,,,,,,,,,,,,,,,,,,,,,,,,,,,,,,,,,2056,Br J Cancer,2004,91,355,15188009,DNA,none,direct,True,True,True,True,True,True,True,True,True,True,,,,NEVI AND MELANOMAS,NA,NA,NA,,,,1796
21205,HepG2/C3A,CRL-10741,910850,,LIVER,"Hepatocellular carcinoma, NOS (C22.0)",NA,derivative of HepG2 ATCC# HB-8065,M,15,NA,NA,NA,NA,NA,NA,NA,NA,NA,KRAS WT,NRAS,WT,NA,,NA,,,,,,,,,,,,,,,,,,,,,,,,,,,,,,,,,,,,,,,,2056,Br J Cancer,2004,91,355,15188009,DNA,none,direct,True,True,True,True,True,True,True,True,True,True,,,,ADENOMAS AND ADENOCARCINOMAS,NA,NA,NA,,,,1797
21206,C8166,,906829,ACH-000206,HEMATOP. SYSTEM,Adult T-cell leukemia/lymphoma (HTLV-1 positive),NA,,NA,,NA,NA,NA,NA,NA,NA,NA,NA,NA,KRAS WT,NRAS,WT,NA,,NA,,,,,,,,,,,,,,,,,,,,,,,,,,,,,,,,,,,,,,,,2056,Br J Cancer,2004,91,355,15188009,DNA,none,direct,True,True,True,True,True,True,True,True,True,True,,,,LYMPHOID LEUKEMIAS (C42.1),NA,NA,NA,,,,1798
21207,CADO-ES1,,753539,ACH-000210,BONES (other),Ewing sarcoma,NA,,F,19,Japan,Eastern Asia,Asia,More developed regions,NA,NA,NA,NA,NA,KRAS WT,CDKN2A,WT,NA,,NA,,,,,,,,,,,,,,,,,,,,,,,,,,,,,,,,,,,,,,,,2056,Br J Cancer,2004,91,355,15188009,DNA,none,direct,True,True,True,True,True,True,True,True,True,True,,,,"MISCELLANEOUS BONE TUMORS (C40._, C41._)",NA,NA,NA,,,,1799
21196,BONNA-12,,906695,ACH-001452,HEMATOP. SYSTEM,Hairy cell leukemia (C42.1),NA,,M,46,NA,NA,NA,NA,NA,NA,NA,NA,NA,KRAS WT,NA,WT,NA,,NA,,,,,,,,,,,,,,,,,,,,,,,,,,,,,,,,,,,,,,,,2056,Br J Cancer,2004,91,355,15188009,DNA,none,direct,True,True,True,True,True,True,True,True,True,True,,,,OTHER LEUKEMIAS (C42.1),NA,NA,NA,,,,1801
21199,BV-173,,910710,ACH-000432,HEMATOP. SYSTEM,"Chronic myeloid leukemia, NOS",NA,,M,45,NA,NA,NA,NA,NA,NA,NA,NA,NA,KRAS WT,CDKN2A,WT,NA,,NA,,,,,,,,,,,,,,,,,,,,,,,,,,,,,,,,,,,,,,,,2056,Br J Cancer,2004,91,355,15188009,DNA,none,direct,True,True,True,True,True,True,True,True,True,True,,,,MYELOID LEUKEMIAS (C42.1),NA,NA,NA,,,,1803
21200,BeWo,CCL-98,910917,,PLACENTA,"Choriocarcinoma, NOS",NA,,M,,NA,NA,NA,NA,NA,NA,NA,NA,NA,KRAS WT,NA,WT,NA,,NA,,,,,,,,,,,,,,,,,,,,,,,,,,,,,,,,,,,,,,,,2056,Br J Cancer,2004,91,355,15188009,DNA,none,direct,True,True,True,True,True,True,True,True,True,True,,,,TROPHOBLASTIC NEOPLASMS,NA,NA,NA,,,,1804
21202,C-4-II,,910553,,CERVIX UTERI,"Carcinoma, NOS",NA,,F,41,NA,NA,NA,NA,NA,HPV+ (18),NA,NA,NA,KRAS WT,NA,WT,NA,,NA,,,,,,,,,,,,,,,,,,,,,,,,,,,,,,,,,,,,,,,,2056,Br J Cancer,2004,91,355,15188009,DNA,none,direct,True,True,True,True,True,True,True,True,True,True,,,,"EPITHELIAL NEOPLASMS, NOS",NA,NA,NA,,,,1806
21189,BC-1,CRL-2230,910919,ACH-002214,LYMPH NODES,"Malignant lymphoma, small B lymphocytic, NOS",NA,,M,46,NA,NA,NA,NA,NA,NA,NA,NA,NA,KRAS WT,NA,WT,NA,,NA,,,,,,,,,,,,,,,,,,,,,,,,,,,,,,,,,,,,,,,,2056,Br J Cancer,2004,91,355,15188009,DNA,none,direct,True,True,True,True,True,True,True,True,True,True,,,,MATURE B-CELL LYMPHOMAS,NA,NA,NA,,,,1808
21190,BC-3,CRL-2277,910918,ACH-002215,LYMPH NODES,"Malignant lymphoma, NOS",NA,,M,85,NA,NA,NA,NA,NA,NA,NA,NA,NA,KRAS WT,RB1;PTEN,WT,NA,,NA,,,,,,,,,,,,,,,,,,,,,,,,,,,,,,,,,,,,,,,,2056,Br J Cancer,2004,91,355,15188009,DNA,none,direct,True,True,True,True,True,True,True,True,True,True,,,,"MALIGNANT LYMPHOMA, NOS, OR DIFFUSE",NA,NA,NA,,,,1809
21185,BB132-MEL,,753530,,SKIN,"Malignant melanoma, NOS",NA,,NA,,NA,NA,NA,NA,NA,NA,NA,NA,NA,KRAS WT,BRAF,WT,NA,,NA,,,,,,,,,,,,,,,,,,,,,,,,,,,,,,,,,,,,,,,,2056,Br J Cancer,2004,91,355,15188009,DNA,none,direct,True,True,True,True,True,True,True,True,True,True,,,,NEVI AND MELANOMAS,NA,NA,NA,,,,1816
21187,BB49-HNC,,753532,ACH-002213,"HEAD&NECK, NOS","Squamous cell carcinoma, NOS",NA,,NA,,NA,NA,NA,NA,NA,NA,NA,NA,NA,KRAS WT,APC;HRAS,WT,NA,,NA,,,,,,,,,,,,,,,,,,,,,,,,,,,,,,,,,,,,,,,,2056,Br J Cancer,2004,91,355,15188009,DNA,none,direct,True,True,True,True,True,True,True,True,True,True,,,,SQUAMOUS CELL NEOPLASMS,NA,NA,NA,,,,1818
21177,ATN-1,,910687,ACH-002058,HEMATOP. SYSTEM,Precursor T-cell lymphoblastic leukemia,NA,,M,47,NA,NA,NA,NA,NA,NA,NA,NA,NA,KRAS WT,NA,WT,NA,,NA,,,,,,,,,,,,,,,,,,,,,,,,,,,,,,,,,,,,,,,,2056,Br J Cancer,2004,91,355,15188009,DNA,none,direct,True,True,True,True,True,True,True,True,True,True,,,,LYMPHOID LEUKEMIAS (C42.1),NA,NA,NA,,,,1820
21179,AZ-521,,906764,ACH-001015,STOMACH,"Carcinoma, NOS",NA,,NA,,NA,NA,NA,NA,NA,NA,NA,NA,NA,KRAS WT,NA,WT,NA,,NA,,,,,,,,,,,,,,,,,,,,,,,,,,,,,,,,,,,,,,,,2056,Br J Cancer,2004,91,355,15188009,DNA,none,direct,True,True,True,True,True,True,True,True,True,True,,,,"EPITHELIAL NEOPLASMS, NOS",NA,NA,NA,,,,1822
21171,AGS,CRL-1739,906790,ACH-000880,STOMACH,"Adenocarcinoma, NOS",NA,,F,54,NA,NA,NA,NA,NA,NA,NA,NA,NA,"KRAS (GGT>GAT, p.G12D)",PIK3CA,WT,NA,,NA,,,,,,,,,,,,,,,,,,,,,,,,,,,,,,,,,,,,,,,,2056,Br J Cancer,2004,91,355,15188009,DNA,none,direct,True,True,True,True,True,True,True,True,True,True,,,,ADENOMAS AND ADENOCARCINOMAS,NA,NA,NA,,,,1826
21172,AKI,,906766,,SKIN,"Malignant melanoma, NOS",NA,,M,42,NA,NA,NA,NA,NA,NA,NA,NA,NA,KRAS WT,NA,WT,NA,,NA,,,,,,,,,,,,,,,,,,,,,,,,,,,,,,,,,,,,,,,,2056,Br J Cancer,2004,91,355,15188009,DNA,none,direct,True,True,True,True,True,True,True,True,True,True,,,,NEVI AND MELANOMAS,NA,NA,NA,,,,1827
21174,AM-38,,910933,ACH-000269,BRAIN,"Glioblastoma, NOS (C71._)",NA,,M,36,NA,NA,NA,NA,NA,NA,NA,NA,NA,KRAS WT,BRAF,WT,NA,,NA,,,,,,,,,,,,,,,,,,,,,,,,,,,,,,,,,,,,,,,,2056,Br J Cancer,2004,91,355,15188009,DNA,none,direct,True,True,True,True,True,True,True,True,True,True,,,,GLIOMAS,NA,NA,NA,,,,1829
21166,A427,HTB-53,,ACH-000757,LUNG,"Carcinoma, NOS",NA,,M,52,NA,NA,NA,NA,NA,NA,NA,NA,NA,"KRAS (GGT>GAT, p.G12D)",CTNNB1,WT,NA,,NA,,,,,,,,,,,,,,,,,,,,,,,,,,,,,,,,,,,,,,,,2056,Br J Cancer,2004,91,355,15188009,DNA,none,direct,True,True,True,True,True,True,True,True,True,True,,,,"EPITHELIAL NEOPLASMS, NOS",NA,NA,NA,,,,1833
21168,A-673,CRL-1598,684052,ACH-000052,SOFT TISSUES,"Rhabdomyosarcoma, NOS",NA,"Described as an Ewing sarcoma in Martinez-Ramirez A, 2003",F,15,NA,NA,NA,NA,NA,NA,NA,NA,NA,KRAS WT,BRAF;CDKN2A,WT,NA,,NA,,,,,,,,,,,,,,,,,,,,,,,,,,,,,,,,,,,,,,,,2056,Br J Cancer,2004,91,355,15188009,DNA,none,direct,True,True,True,True,True,True,True,True,True,True,,,,MYOMATOUS NEOPLASMS,NA,NA,NA,,,,1835
21158,A204,HTB-82,910784,ACH-000201,SOFT TISSUES,"Rhabdomyosarcoma, NOS",NA,,F,1,NA,NA,NA,NA,NA,NA,NA,NA,NA,KRAS WT,NA,WT,NA,,NA,,,,,,,,,,,,,,,,,,,,,,,,,,,,,,,,,,,,,,,,2056,Br J Cancer,2004,91,355,15188009,DNA,none,direct,True,True,True,True,True,True,True,True,True,True,,,,MYOMATOUS NEOPLASMS,NA,NA,NA,,,,1837
21161,A2780,,906804,ACH-000657,OVARY,"Adenocarcinoma, NOS",NA,,F,,NA,NA,NA,NA,NA,NA,NA,NA,NA,KRAS WT,PTEN,WT,NA,,NA,,,,,,,,,,,,,,,,,,,,,,,,,,,,,,,,,,,,,,,,2056,Br J Cancer,2004,91,355,15188009,DNA,none,direct,True,True,True,True,True,True,True,True,True,True,,,,ADENOMAS AND ADENOCARCINOMAS,NA,NA,NA,,,,1840
21162,A3-KAW,,910935,,STOMACH,"Carcinoma, NOS",NA,,F,68,Japan,Eastern Asia,Asia,More developed regions,NA,NA,NA,NA,NA,KRAS WT,CDKN2A,WT,NA,,NA,,,,,,,,,,,,,,,,,,,,,,,,,,,,,,,,,,,,,,,,2056,Br J Cancer,2004,91,355,15188009,DNA,none,direct,True,True,True,True,True,True,True,True,True,True,,,,"EPITHELIAL NEOPLASMS, NOS",NA,NA,NA,,,,1841
21163,A375,CRL-7904,906793,ACH-000219,SKIN,"Malignant melanoma, NOS",NA,,F,54,NA,NA,NA,NA,NA,NA,NA,NA,NA,KRAS WT,BRAF;CDKN2A,WT,NA,,NA,,,,,,,,,,,,,,,,,,,,,,,,,,,,,,,,,,,,,,,,2056,Br J Cancer,2004,91,355,15188009,DNA,none,direct,True,True,True,True,True,True,True,True,True,True,,,,NEVI AND MELANOMAS,NA,NA,NA,,,,1842
21153,697,,906800,ACH-000070,HEMATOP. SYSTEM,Precursor T-cell lymphoblastic leukemia,NA,,M,12,NA,NA,NA,NA,NA,NA,NA,NA,NA,KRAS WT,NRAS,WT,NA,,NA,,,,,,,,,,,,,,,,,,,,,,,,,,,,,,,,,,,,,,,,2056,Br J Cancer,2004,91,355,15188009,DNA,none,direct,True,True,True,True,True,True,True,True,True,True,,,,LYMPHOID LEUKEMIAS (C42.1),NA,NA,NA,,,,1845
21154,769-P,CRL-1933,910922,ACH-000411,KIDNEY,"Clear cell adenocarcinoma, NOS",NA,,F,63,NA,NA,NA,NA,NA,NA,NA,NA,NA,KRAS WT,NA,WT,NA,,NA,,,,,,,,,,,,,,,,,,,,,,,,,,,,,,,,,,,,,,,,2056,Br J Cancer,2004,91,355,15188009,DNA,none,direct,True,True,True,True,True,True,True,True,True,True,,,,ADENOMAS AND ADENOCARCINOMAS,NA,NA,NA,,,,1846
21157,A172,CRL-1620,687563,ACH-000558,BRAIN,"Glioblastoma, NOS (C71._)",NA,,M,53,NA,NA,NA,NA,NA,NA,NA,NA,NA,KRAS WT,NA,WT,NA,,NA,,,,,,,,,,,,,,,,,,,,,,,,,,,,,,,,,,,,,,,,2056,Br J Cancer,2004,91,355,15188009,DNA,none,direct,True,True,True,True,True,True,True,True,True,True,,,,GLIOMAS,NA,NA,NA,,,,1849
21145,EB-3,CCL-85,906847,ACH-002236,LYMPH NODES,"Burkitt lymphoma, NOS",NA,,M,3,NA,NA,NA,NA,NA,NA,NA,NA,NA,KRAS WT,NA,WT,NA,,NA,,,,,,,,,,,,,,,,,,,,,,,,,,,,,,,,,,,,,,,,2056,Br J Cancer,2004,91,355,15188009,DNA,none,direct,True,True,True,True,True,True,True,True,True,True,,,,MATURE B-CELL LYMPHOMAS,NA,NA,NA,,,,1850
21150,23132-87,,910924,ACH-000948,STOMACH,"Adenocarcinoma, NOS",NA,,M,72,NA,NA,NA,NA,NA,NA,NA,NA,NA,KRAS WT,NA,WT,NA,,NA,,,,,,,,,,,,,,,,,,,,,,,,,,,,,,,,,,,,,,,,2056,Br J Cancer,2004,91,355,15188009,DNA,none,direct,True,True,True,True,True,True,True,True,True,True,,,,ADENOMAS AND ADENOCARCINOMAS,NA,NA,NA,,,,1856
21132,A101D,CRL-7898,910921,ACH-000008,SKIN,"Malignant melanoma, NOS",NA,,M,56,NA,NA,NA,NA,NA,NA,NA,NA,NA,KRAS WT,BRAF;CDKN2A,WT,NA,,NA,,,,,,,,,,,,,,,,,,,,,,,,,,,,,,,,,,,,,,,,2056,Br J Cancer,2004,91,355,15188009,DNA,none,direct,True,True,True,True,True,True,True,True,True,True,,,,NEVI AND MELANOMAS,NA,NA,NA,,,,1857
21130,HT-1197,CRL-1473,907065,ACH-000547,BLADDER,"Transitional cell carcinoma, NOS",NA,,M,44,NA,NA,NA,NA,NA,NA,NA,NA,NA,KRAS WT,NRAS,WT,NA,,NA,,,,,,,,,,,,,,,,,,,,,,,,,,,,,,,,,,,,,,,,2056,Br J Cancer,2004,91,355,15188009,DNA,none,direct,True,True,True,True,True,True,True,True,True,True,,,,TRANSITIONAL CELL PAPILLOMAS AND CARCINOMAS,NA,NA,NA,,,,1869
21122,OVCAR-5,,905969,ACH-001151,OVARY,"Carcinoma, NOS",NA,,F,,NA,NA,NA,NA,NA,NA,NA,NA,NA,"KRAS (GGT>GTT, p.G12V)",NA,WT,NA,,NA,,,,,,,,,,,,,,,,,,,,,,,,,,,,,,,,,,,,,,,,2056,Br J Cancer,2004,91,355,15188009,DNA,none,direct,True,True,True,True,True,True,True,True,True,True,,,,"EPITHELIAL NEOPLASMS, NOS",NA,NA,NA,,,,1873
21605,NCE-G-168,,,,BRAIN,"Glioblastoma, NOS (C71._)",NA,,NA,,Germany,Western Europe,Europe,More developed regions,NA,NA,NA,NA,NA,NA,NA,WT,NA,,NA,,,,,,,,,,,,,,,,,,,,,,,,,,,,,,,,,,,,,,,,2057,Anticancer Res,2005,25,213,15816541,DNA,TTGE,direct,True,True,True,True,True,True,True,True,True,True,,,,GLIOMAS,NA,NA,NA,,,,1876
21606,NCE-G-63,,,,BRAIN,"Glioblastoma, NOS (C71._)",NA,,NA,,Germany,Western Europe,Europe,More developed regions,NA,NA,NA,NA,NA,NA,NA,WT,NA,,NA,,,,,,,,,,,,,,,,,,,,,,,,,,,,,,,,,,,,,,,,2057,Anticancer Res,2005,25,213,15816541,DNA,TTGE,direct,True,True,True,True,True,True,True,True,True,True,,,,GLIOMAS,NA,NA,NA,,,,1877
21607,NCE-G-120,,,,BRAIN,"Glioblastoma, NOS (C71._)",NA,,NA,,Germany,Western Europe,Europe,More developed regions,NA,NA,NA,NA,NA,NA,NA,WT,NA,,NA,,,,,,,,,,,,,,,,,,,,,,,,,,,,,,,,,,,,,,,,2057,Anticancer Res,2005,25,213,15816541,DNA,TTGE,direct,True,True,True,True,True,True,True,True,True,True,,,,GLIOMAS,NA,NA,NA,,,,1878
21617,YD-9,,,,MOUTH (other),"Squamous cell carcinoma, NOS",primary,,M,56,Korea,Eastern Asia,Asia,Less developed regions,NA,NA,NA,NA,NA,NA,NA,WT,NA,,NA,,,,,,,,,,,,,,,,,,,,,,,,,,,,,,,,,,,,,,,,2059,Exp Mol Med,2005,37,379,16264262,DNA,SSCP,cloned,False,False,False,True,True,True,True,True,False,False,,,,SQUAMOUS CELL NEOPLASMS,primary,NA,NA,,,,1890
21620,YD-17,,,,MOUTH (other),"Squamous cell carcinoma, NOS",primary,,M,66,Korea,Eastern Asia,Asia,Less developed regions,NA,NA,NA,NA,NA,NA,NA,WT,NA,,NA,,,,,,,,,,,,,,,,,,,,,,,,,,,,,,,,,,,,,,,,2059,Exp Mol Med,2005,37,379,16264262,DNA,SSCP,cloned,False,False,False,True,True,True,True,True,False,False,,,,SQUAMOUS CELL NEOPLASMS,primary,NA,NA,,,,1893
21621,YD-38,,,ACH-000762,MOUTH (other),"Squamous cell carcinoma, NOS",primary,,M,67,Korea,Eastern Asia,Asia,Less developed regions,NA,NA,NA,NA,NA,NA,NA,WT,NA,,NA,,,,,,,,,,,,,,,,,,,,,,,,,,,,,,,,,,,,,,,,2059,Exp Mol Med,2005,37,379,16264262,DNA,SSCP,cloned,False,False,False,True,True,True,True,True,False,False,,,,SQUAMOUS CELL NEOPLASMS,primary,NA,NA,,,,1894
21622,HTh-74,,,,THYROID,"Carcinoma, anaplastic, NOS",NA,,NA,,NA,NA,NA,NA,NA,NA,NA,NA,NA,NA,NA,WT,NA,,NA,,,,,,,,,,,,,,,,,,,,,,,,,,,,,,,,,,,,,,,,2060,Biochem Biophys Res Commun,2005,338,1625,16288728,DNA,none,direct,False,False,True,True,True,True,True,True,False,False,,,,"EPITHELIAL NEOPLASMS, NOS",NA,NA,NA,,,,1895
21625,KTC-1,,,,THYROID,"Carcinoma, anaplastic, NOS",NA,,NA,,NA,NA,NA,NA,NA,NA,NA,NA,NA,NA,NA,WT,NA,,NA,,,,,,,,,,,,,,,,,,,,,,,,,,,,,,,,,,,,,,,,2060,Biochem Biophys Res Commun,2005,338,1625,16288728,DNA,none,direct,False,False,True,True,True,True,True,True,False,False,,,,"EPITHELIAL NEOPLASMS, NOS",NA,NA,NA,,,,1897
21627,Seg-1,,,,ESOPHAGUS,"Adenocarcinoma, NOS",NA,,NA,,NA,NA,NA,NA,NA,NA,NA,NA,NA,NA,NA,WT,NA,,NA,,,,,,,,,,,,,,,,,,,,,,,,,,,,,,,,,,,,,,,,2061,J Surg Res,2005,123,302,15680394,RNA,none,direct,True,True,True,True,True,True,True,True,True,True,,,,ADENOMAS AND ADENOCARCINOMAS,NA,NA,NA,,,,1900
21630,HET-1A,CRL-2692,,,ESOPHAGUS,Normal tissue,NA,,M,25,NA,NA,NA,NA,NA,NA,NA,NA,NA,NA,NA,WT,NA,,NA,,,,,,,,,,,,,,,,,,,,,,,,,,,,,,,,,,,,,,,,2061,J Surg Res,2005,123,302,15680394,RNA,none,direct,True,True,True,True,True,True,True,True,True,True,,,,NORMAL TISSUE,NA,NA,NA,,,,1904
21633,MKN45,,925340,ACH-000356,STOMACH,"Adenocarcinoma, NOS",NA,,F,62,NA,NA,NA,NA,NA,NA,NA,NA,NA,NA,NA,WT,NA,,NA,,,,,,,,,,,,,,,,,,,,,,,,,,,,,,,,,,,,,,,,2062,Pathol Res Pract,2005,201,109,15901131,RNA,none,direct,False,True,True,True,True,True,True,True,True,False,,,,ADENOMAS AND ADENOCARCINOMAS,NA,NA,NA,,,,1907
21643,HBC-4,,,,BREAST,"Cancer, NOS",NA,,NA,,NA,NA,NA,NA,NA,NA,NA,NA,NA,NA,NA,WT,NA,,NA,,,,,,,,,,,,,,,,,,,,,,,,,,,,,,,,,,,,,,,,2064,J Natl Cancer Inst,2005,97,765,15900046,RNA,none,cloned,True,True,True,True,True,True,True,True,True,True,,,,"NEOPLASMS, NOS",NA,NA,NA,,,,1921
21673,92VU040,,,,TONGUE (other),"Squamous cell carcinoma, NOS",NA,,NA,65,NA,NA,NA,NA,NA,HPV-,NA,NA,radiation (radiotherapy),NA,NA,WT,No,,NA,,,,,,,,,,,,,,,,,,,,,,,,,,,,,,,,,,,,,,,,2070,Cancer Res,2005,65,1271,15735012,DNA/RNA,none,direct,False,False,True,True,True,True,True,True,False,False,,,,SQUAMOUS CELL NEOPLASMS,NA,NA,NA,,,,1944
21674,92VU041,,,,MOUTH (floor),"Squamous cell carcinoma, NOS",NA,,NA,60,NA,NA,NA,NA,NA,HPV-,smoker (NOS),drinker (NOS),radiation (radiotherapy),NA,NA,WT,NA,,NA,,,,,,,,,,,,,,,,,,,,,,,,,,,,,,,,,,,,,,,,2070,Cancer Res,2005,65,1271,15735012,DNA/RNA,none,direct,False,False,True,True,True,True,True,True,False,False,,,,SQUAMOUS CELL NEOPLASMS,NA,smoker,drinker,,,,1945
21675,92VU059,,,,MOUTH (other),"Squamous cell carcinoma, NOS",NA,,NA,57,NA,NA,NA,NA,NA,HPV-,smoker (NOS),drinker (NOS),NA,NA,NA,WT,Yes,,NA,,,,,,,,,,,,,,,,,,,,,,,,,,,,,,,,,,,,,,,,2070,Cancer Res,2005,65,1271,15735012,DNA/RNA,none,direct,False,False,True,True,True,True,True,True,False,False,,,,SQUAMOUS CELL NEOPLASMS,NA,smoker,drinker,,,,1946
21695,TK6,CRL-8015,,,HEMATOP. SYSTEM,"Lymphoid leukemia, NOS",NA,,M,5,USA,Northern America,Americas,More developed regions,NA,NA,NA,NA,NA,NA,NA,WT,NA,,NA,,,,,,,,,,,,,,,,,,,,,,,,,,,,,,,,,,,,,,,,2071,J Biol Chem,1995,270,11033,7744731,RNA,SSCP,direct,False,False,False,True,True,True,True,True,False,False,,,,LYMPHOID LEUKEMIAS (C42.1),NA,NA,NA,,,,1950
21707,MOLT-4,CRL-1582,,ACH-001127,HEMATOP. SYSTEM,"Precursor cell lymphoblastic leukemia, NOS",NA,isoform beta overexpressed,M,19,NA,NA,NA,NA,NA,EBV-,NA,NA,chemotherapy,NA,NA,WT,NA,WT,NA,,,,,,,,,,,,,,,,,,,,,,,,,,,,,,,,,,,,,,,,2074,Cancer Lett,1993,73,141,8221626,DNA/RNA,none,direct,False,False,False,False,False,True,True,True,True,False,,,,LYMPHOID LEUKEMIAS (C42.1),NA,NA,NA,,,,1959
21768,SW48,CCL-231,,ACH-000958,COLON,"Adenocarcinoma, NOS",NA,,NA,82,NA,NA,NA,NA,NA,NA,NA,NA,NA,NA,NA,WT,NA,,positive,,,,,,,,,,,,,,,,,,,,,,,,,,,,,,,,,,,,,,,,2077,Proc Natl Acad Sci U S A,2006,103,976,16418264,DNA/RNA,DHPLC/none,direct,True,True,True,True,True,True,True,True,True,True,,,,ADENOMAS AND ADENOCARCINOMAS,NA,NA,NA,,,,1968
21764,C32,,,,"COLORECTUM, NOS","Carcinoma, NOS",NA,,NA,,NA,NA,NA,NA,NA,NA,NA,NA,NA,NA,NA,WT,NA,,positive,,,,,,,,,,,,,,,,,,,,,,,,,,,,,,,,,,,,,,,,2077,Proc Natl Acad Sci U S A,2006,103,976,16418264,DNA/RNA,DHPLC/none,direct,True,True,True,True,True,True,True,True,True,True,,,,"EPITHELIAL NEOPLASMS, NOS",NA,NA,NA,,,,1971
21765,C99,,,,"COLORECTUM, NOS","Carcinoma, NOS",NA,,NA,,NA,NA,NA,NA,NA,NA,NA,NA,NA,NA,NA,WT,NA,,positive,,,,,,,,,,,,,,,,,,,,,,,,,,,,,,,,,,,,,,,,2077,Proc Natl Acad Sci U S A,2006,103,976,16418264,DNA/RNA,DHPLC/none,direct,True,True,True,True,True,True,True,True,True,True,,,,"EPITHELIAL NEOPLASMS, NOS",NA,NA,NA,,,,1972
21766,LS180,,,ACH-000957,"COLORECTUM, NOS","Carcinoma, NOS",NA,,NA,,NA,NA,NA,NA,NA,NA,NA,NA,NA,NA,NA,WT,NA,,positive,,,,,,,,,,,,,,,,,,,,,,,,,,,,,,,,,,,,,,,,2077,Proc Natl Acad Sci U S A,2006,103,976,16418264,DNA/RNA,DHPLC/none,direct,True,True,True,True,True,True,True,True,True,True,,,,"EPITHELIAL NEOPLASMS, NOS",NA,NA,NA,,,,1973
21767,SK-CO-1,HTB-39,,ACH-000400,COLON,"Adenocarcinoma, NOS",NA,,M,65,NA,NA,NA,NA,NA,NA,NA,NA,NA,NA,NA,WT,NA,,positive,,,,,,,,,,,,,,,,,,,,,,,,,,,,,,,,,,,,,,,,2077,Proc Natl Acad Sci U S A,2006,103,976,16418264,DNA/RNA,DHPLC/none,direct,True,True,True,True,True,True,True,True,True,True,,,,ADENOMAS AND ADENOCARCINOMAS,NA,NA,NA,,,,1974
22464,LIM1215,,,ACH-001546,COLON,"Carcinoma, NOS",NA,,NA,,NA,NA,NA,NA,NA,NA,NA,NA,NA,NA,NA,WT,NA,,NA,,,,,,,,,,,,,,,,,,,,,,,,,,,,,,,,,,,,,,,,2110,Mutat Res,1996,354,129,8692199,,,,False,False,False,False,False,False,False,False,False,False,,,,"EPITHELIAL NEOPLASMS, NOS",NA,NA,NA,,,,2001
22471,Huvecs,,,,"COLORECTUM, NOS","Carcinoma, NOS",NA,,NA,,NA,NA,NA,NA,NA,NA,NA,NA,NA,NA,NA,WT,NA,,NA,,,,,,,,,,,,,,,,,,,,,,,,,,,,,,,,,,,,,,,,2114,J Pathol,2000,191,361,10918210,DNA,none,direct,False,False,False,True,True,True,True,False,False,False,,,,"EPITHELIAL NEOPLASMS, NOS",NA,NA,NA,,,,2002
23118,D247MG,,946367,ACH-002224,BRAIN,"Glioma, malignant (C71._)",NA,,NA,,NA,NA,NA,NA,NA,NA,NA,NA,NA,NA,NA,WT,NA,,NA,,,,,,,,,,,,,,,,,,,,,,,,,,,,,,,,,,,,,,,,2115,Oncogene,2003,22,8233,14614447,DNA,SSCP,direct,False,False,False,True,True,True,True,False,False,False,,,,GLIOMAS,NA,NA,NA,,,,2005
23119,LN-229,,,ACH-000595,BRAIN,"Glioma, malignant (C71._)",NA,,NA,,NA,NA,NA,NA,NA,NA,NA,NA,NA,NA,NA,WT,NA,,NA,,,,,,,,,,,,,,,,,,,,,,,,,,,,,,,,,,,,,,,,2115,Oncogene,2003,22,8233,14614447,DNA,SSCP,direct,False,False,False,True,True,True,True,False,False,False,,,,GLIOMAS,NA,NA,NA,,,,2006
22818,HCC1428,CRL-2327,,ACH-000352,BREAST,"Infiltrating duct carcinoma, NOS (C50._)",primary,,F,49,USA,Northern America,Americas,More developed regions,NA,NA,NA,NA,NA,NA,NA,WT,NA,,negative,,,,,,,,,,,,,,,,,,,,,,,,,,,,,,,,,,,,,,,,2155,J Steroid Biochem Mol Biol,2005,93,173,15860260,,,,False,False,False,True,True,True,True,False,False,False,,,,DUCTAL AND LOBULAR NEOPLASMS,primary,NA,NA,,,,2012
22882,EFC-2,,,,BRAIN,"Glioblastoma, NOS (C71._)",NA,,NA,,USA,Northern America,Americas,More developed regions,NA,NA,NA,NA,NA,NA,NA,WT,NA,,NA,,,,,,,,,,,,,,,,,,,,,,,,,,,,,,,,,,,,,,,,2177,J Natl Cancer Inst,1997,89,1036,9230885,,,,False,False,False,True,True,True,True,False,False,False,,,,GLIOMAS,NA,NA,NA,,,,2014
23209,ClearCa-3,,,,KIDNEY,"Clear cell adenocarcinoma, NOS",NA,sensitive to paclitaxel,M,52,Germany,Western Europe,Europe,More developed regions,NA,NA,NA,NA,NA,NA,NA,WT,NA,,NA,,,,,,,,,,,,,,,,,,,,,,,,,,,,,,,,,,,,,,,,2193,Cancer Lett,2005,222,165,15863265,DNA,none,direct,False,False,False,True,True,True,True,True,False,False,,,,ADENOMAS AND ADENOCARCINOMAS,NA,NA,NA,,,,2015
23212,ClearCa-7,,,,KIDNEY,"Clear cell adenocarcinoma, NOS",NA,resistant to paclitaxel,M,52,Germany,Western Europe,Europe,More developed regions,NA,NA,NA,NA,NA,NA,NA,WT,NA,,NA,,,,,,,,,,,,,,,,,,,,,,,,,,,,,,,,,,,,,,,,2193,Cancer Lett,2005,222,165,15863265,DNA,none,direct,False,False,False,True,True,True,True,True,False,False,,,,ADENOMAS AND ADENOCARCINOMAS,NA,NA,NA,,,,2020
23213,ClearCa-11,,,,KIDNEY,"Clear cell adenocarcinoma, NOS",NA,sensitive to paclitaxel,M,52,Germany,Western Europe,Europe,More developed regions,NA,NA,NA,NA,NA,NA,NA,WT,NA,,NA,,,,,,,,,,,,,,,,,,,,,,,,,,,,,,,,,,,,,,,,2193,Cancer Lett,2005,222,165,15863265,DNA,none,direct,False,False,False,True,True,True,True,True,False,False,,,,ADENOMAS AND ADENOCARCINOMAS,NA,NA,NA,,,,2021
23214,ClearCa-12,,,,KIDNEY,"Clear cell adenocarcinoma, NOS",NA,resistant to paclitaxel,M,52,Germany,Western Europe,Europe,More developed regions,NA,NA,NA,NA,NA,NA,NA,WT,NA,,NA,,,,,,,,,,,,,,,,,,,,,,,,,,,,,,,,,,,,,,,,2193,Cancer Lett,2005,222,165,15863265,DNA,none,direct,False,False,False,True,True,True,True,True,False,False,,,,ADENOMAS AND ADENOCARCINOMAS,NA,NA,NA,,,,2022
23215,ClearCa-15,,,,KIDNEY,"Clear cell adenocarcinoma, NOS",NA,resistant to paclitaxel,M,52,Germany,Western Europe,Europe,More developed regions,NA,NA,NA,NA,NA,NA,NA,WT,NA,,NA,,,,,,,,,,,,,,,,,,,,,,,,,,,,,,,,,,,,,,,,2193,Cancer Lett,2005,222,165,15863265,DNA,none,direct,False,False,False,True,True,True,True,True,False,False,,,,ADENOMAS AND ADENOCARCINOMAS,NA,NA,NA,,,,2023
23216,ClearCa-19,,,,KIDNEY,"Clear cell adenocarcinoma, NOS",NA,sensitive to paclitaxel,M,52,Germany,Western Europe,Europe,More developed regions,NA,NA,NA,NA,NA,NA,NA,WT,NA,,NA,,,,,,,,,,,,,,,,,,,,,,,,,,,,,,,,,,,,,,,,2193,Cancer Lett,2005,222,165,15863265,DNA,none,direct,False,False,False,True,True,True,True,True,False,False,,,,ADENOMAS AND ADENOCARCINOMAS,NA,NA,NA,,,,2024
23266,chromphi-3,,,,KIDNEY,"Renal cell carcinoma, NOS (C64.9)",NA,,M,64,Germany,Western Europe,Europe,More developed regions,NA,NA,NA,NA,NA,NA,NA,WT,NA,,NA,,,,,,,,,,,,,,,,,,,,,,,,,,,,,,,,,,,,,,,,2194,Cell Death Differ,2000,7,1127,11139287,DNA,none,direct,False,False,False,True,True,True,True,False,False,False,,,,ADENOMAS AND ADENOCARCINOMAS,NA,NA,NA,,,,2026
23329,Co108,,,,COLON,"Carcinoma, NOS",metastasis (liver),,F,77,USA,Northern America,Americas,More developed regions,NA,NA,NA,NA,NA,KRAS WT,SMAD4; APC; BRAF,WT,NA,,NA,,,,,,,,,,,,,,,,,,,,,,,,,,,,,,,,,,,,,,,,2211,Science,2006,314,268,16959974,DNA,none,direct,True,True,True,True,True,True,True,True,True,True,,,,"EPITHELIAL NEOPLASMS, NOS",metastasis,NA,NA,,,,2031
23330,Co79,,,,COLON,"Carcinoma, NOS",metastasis (LN),,M,81,USA,Northern America,Americas,More developed regions,NA,NA,NA,NA,NA,KRAS WT,NF1; EVL,WT,NA,,NA,,,,,,,,,,,,,,,,,,,,,,,,,,,,,,,,,,,,,,,,2211,Science,2006,314,268,16959974,DNA,none,direct,True,True,True,True,True,True,True,True,True,True,,,,"EPITHELIAL NEOPLASMS, NOS",metastasis,NA,NA,,,,2032
23333,Co94,,,,RECTUM,"Carcinoma, NOS",metastasis (LN),,M,46,USA,Northern America,Americas,More developed regions,NA,NA,NA,NA,NA,"KRAS (GGT>AGT, p.G12S)",NA,WT,NA,,NA,,,,,,,,,,,,,,,,,,,,,,,,,,,,,,,,,,,,,,,,2211,Science,2006,314,268,16959974,DNA,none,direct,True,True,True,True,True,True,True,True,True,True,,,,"EPITHELIAL NEOPLASMS, NOS",metastasis,NA,NA,,,,2035
23399,MM50,,,,EYE AND ADNEXA,"Malignant melanoma, NOS",NA,,NA,,NA,NA,NA,NA,NA,NA,NA,NA,NA,NA,NA,WT,NA,,NA,,,,,,,,,,,,,,,,,,,,,,,,,,,,,,,,,,,,,,,,2214,Invest Ophthalmol Vis Sci,2005,46,1561,15851551,DNA,none,direct,True,True,True,True,True,True,True,True,True,True,,,,NEVI AND MELANOMAS,NA,NA,NA,,,,2038
23397,Mel270,,,,EYE AND ADNEXA,"Malignant melanoma, NOS",NA,,NA,,NA,NA,NA,NA,NA,NA,NA,NA,NA,NA,NA,WT,NA,,NA,,,,,,,,,,,,,,,,,,,,,,,,,,,,,,,,,,,,,,,,2214,Invest Ophthalmol Vis Sci,2005,46,1561,15851551,DNA,none,direct,True,True,True,True,True,True,True,True,True,True,,,,NEVI AND MELANOMAS,NA,NA,NA,,,,2039
23398,MM28,,,,EYE AND ADNEXA,"Malignant melanoma, NOS",NA,,NA,,NA,NA,NA,NA,NA,NA,NA,NA,NA,NA,NA,WT,NA,,NA,,,,,,,,,,,,,,,,,,,,,,,,,,,,,,,,,,,,,,,,2214,Invest Ophthalmol Vis Sci,2005,46,1561,15851551,DNA,none,direct,True,True,True,True,True,True,True,True,True,True,,,,NEVI AND MELANOMAS,NA,NA,NA,,,,2040
23593,NBL-S,,,,NERVES,"Neuroblastoma, NOS",NA,,NA,,NA,NA,NA,NA,NA,NA,NA,NA,NA,NA,NA,WT,NA,,NA,,,,,,,,,,,,,,,,,,,,,,,,,,,,,,,,,,,,,,,,2225,Am J Pathol,1996,148,1381,8623910,RNA,none,direct,True,True,True,True,True,True,True,True,True,True,,,,NEUROEPITHELIOMATOUS NEOPLASMS,NA,NA,NA,,,,2042
23594,NSH,,,,NERVES,"Neuroblastoma, NOS",NA,,NA,,NA,NA,NA,NA,NA,NA,NA,NA,NA,NA,NA,WT,NA,,NA,,,,,,,,,,,,,,,,,,,,,,,,,,,,,,,,,,,,,,,,2225,Am J Pathol,1996,148,1381,8623910,RNA,none,direct,True,True,True,True,True,True,True,True,True,True,,,,NEUROEPITHELIOMATOUS NEOPLASMS,NA,NA,NA,,,,2043
23596,SMS-KAN,,,,NERVES,"Neuroblastoma, NOS",NA,,NA,,NA,NA,NA,NA,NA,NA,NA,NA,NA,NA,N-MYC amplification,WT,NA,,NA,,,,,,,,,,,,,,,,,,,,,,,,,,,,,,,,,,,,,,,,2226,Cell,1997,90,809,9288759,RNA,none,direct,True,True,True,True,True,True,True,True,True,True,,,,NEUROEPITHELIOMATOUS NEOPLASMS,NA,NA,NA,,,,2045
23597,SK-N-AS,CRL-2137,,ACH-000260,NERVES,"Neuroblastoma, NOS",metastasis (bone marrow),,F,6,NA,NA,NA,NA,NA,NA,NA,NA,NA,NA,NA,WT,NA,,NA,,,,,,,,,,,,,,,,,,,,,,,,,,,,,,,,,,,,,,,,2226,Cell,1997,90,809,9288759,RNA,none,direct,True,True,True,True,True,True,True,True,True,True,,,,NEUROEPITHELIOMATOUS NEOPLASMS,metastasis,NA,NA,,,,2046
23599,SH-SY5Y,CRL-2266,,ACH-001188,NERVES,"Neuroblastoma, NOS",metastasis (bone marrow),,F,4,NA,NA,NA,NA,NA,NA,NA,NA,NA,NA,NA,WT,NA,,NA,,,,,,,,,,,,,,,,,,,,,,,,,,,,,,,,,,,,,,,,2227,Am J Pathol,2001,158,2067,11395384,RNA,none,direct,False,False,True,True,True,True,True,True,True,False,,,,NEUROEPITHELIOMATOUS NEOPLASMS,metastasis,NA,NA,,,,2047
23600,SHEP,,,,NERVES,"Neuroblastoma, NOS",metastasis (bone marrow),,F,4,NA,NA,NA,NA,NA,NA,NA,NA,NA,NA,NA,WT,NA,,NA,,,,,,,,,,,,,,,,,,,,,,,,,,,,,,,,,,,,,,,,2227,Am J Pathol,2001,158,2067,11395384,RNA,none,direct,False,False,True,True,True,True,True,True,True,False,,,,NEUROEPITHELIOMATOUS NEOPLASMS,metastasis,NA,NA,,,,2048
23601,NGP,,,,NERVES,"Neuroblastoma, NOS",NA,,NA,,NA,NA,NA,NA,NA,NA,NA,NA,NA,NA,N-MYC amplification,WT,NA,,NA,,,,,,,,,,,,,,,,,,,,,,,,,,,,,,,,,,,,,,,,2227,Am J Pathol,2001,158,2067,11395384,RNA,none,direct,False,False,True,True,True,True,True,True,True,False,,,,NEUROEPITHELIOMATOUS NEOPLASMS,NA,NA,NA,,,,2049
23602,NB100,,,,NERVES,"Neuroepithelioma, NOS",NA,,NA,,NA,NA,NA,NA,NA,NA,NA,NA,NA,NA,NA,WT,NA,NULL,NA,,,,,,,,,,,,,,,,,,,,,,,,,,,,,,,,,,,,,,,,2227,Am J Pathol,2001,158,2067,11395384,RNA,none,direct,False,False,True,True,True,True,True,True,True,False,,,,NEUROEPITHELIOMATOUS NEOPLASMS,NA,NA,NA,,,,2050
23614,L591,,,,LYMPH NODES,"Hodgkin lymphoma, nodular sclerosis, NOS",NA,,F,31,NA,NA,NA,NA,NA,NA,NA,NA,NA,NA,NA,WT,NA,,NA,,,,,,,,,,,,,,,,,,,,,,,,,,,,,,,,,,,,,,,,2228,Leuk Lymphoma,2006,47,1932,17065008,DNA/RNA,none,direct,True,True,True,True,True,True,True,True,True,True,,,,HODGKIN LYMPHOMA,NA,NA,NA,,,,2053
23615,L540,,,ACH-000806,LYMPH NODES,"Hodgkin lymphoma, lymphocytic depletion, NOS",NA,,NA,,NA,NA,NA,NA,NA,NA,NA,NA,NA,NA,NA,WT,NA,,NA,,,,,,,,,,,,,,,,,,,,,,,,,,,,,,,,,,,,,,,,2228,Leuk Lymphoma,2006,47,1932,17065008,DNA/RNA,none,direct,True,True,True,True,True,True,True,True,True,True,,,,HODGKIN LYMPHOMA,NA,NA,NA,,,,2054
23616,KMH2,,,ACH-000815,LYMPH NODES,"Hodgkin lymphoma, lymphocytic depletion, NOS",NA,,NA,,NA,NA,NA,NA,NA,NA,NA,NA,NA,NA,NA,WT,NA,NULL,NA,,,,,,,,,,,,,,,,,,,,,,,,,,,,,,,,,,,,,,,,2228,Leuk Lymphoma,2006,47,1932,17065008,DNA/RNA,none,direct,True,True,True,True,True,True,True,True,True,True,,,,HODGKIN LYMPHOMA,NA,NA,NA,,,,2055
23620,VACO-411,,,,RECTUM,"Adenoma, NOS",NA,"VACO-411 results from a VACO-235 mouse xenograft; added info fromWillson JKV, 1987",F,50,NA,NA,NA,NA,NA,NA,NA,NA,NA,"KRAS (GGC>GAC, p.G13D)",NA,WT,NA,,NA,,,,,,,,,,,,,,,,,,,,,,,,,,,,,,,,,,,,,,,,2230,J Clin Invest,1994,93,1005,8132740,RNA,none,cloned,True,True,True,True,True,True,True,True,True,True,,,,ADENOMAS AND ADENOCARCINOMAS,NA,NA,NA,,,,2058
23619,VACO-235,,,,RECTUM,"Adenoma, NOS",NA,"Added info fromWillson JKV, 1987",F,50,NA,NA,NA,NA,NA,NA,NA,NA,NA,"KRAS (GGC>GAC, p.G13D)",NA,WT,NA,,NA,,,,,,,,,,,,,,,,,,,,,,,,,,,,,,,,,,,,,,,,2230,J Clin Invest,1994,93,1005,8132740,RNA,none,cloned,True,True,True,True,True,True,True,True,True,True,,,,ADENOMAS AND ADENOCARCINOMAS,NA,NA,NA,,,,2059
23656,BC-1,CRL-2230,,ACH-002214,LYMPH NODES,Primary effusion lymphoma,NA,,M,46,NA,NA,NA,NA,NA,EBV+/KSHV+,NA,NA,NA,NA,NA,WT,NA,,NA,,,,,,,,,,,,,,,,,,,,,,,,,,,,,,,,,,,,,,,,2231,J Virol,2007,81,1912,17121789,RNA,none,cloned,False,False,False,True,True,True,True,True,False,False,,,,MATURE B-CELL LYMPHOMAS,NA,NA,NA,,,,2060
23657,JSC-1,CRL-2769,,ACH-002253,LYMPH NODES,Primary effusion lymphoma,primary,,M,52,NA,NA,NA,NA,NA,EBV+/KSHV+,NA,NA,NA,NA,NA,WT,NA,,NA,,,,,,,,,,,,,,,,,,,,,,,,,,,,,,,,,,,,,,,,2231,J Virol,2007,81,1912,17121789,RNA,none,cloned,False,False,False,True,True,True,True,True,False,False,,,,MATURE B-CELL LYMPHOMAS,primary,NA,NA,,,,2061
23658,VG-1,,,,LYMPH NODES,Primary effusion lymphoma,NA,,NA,,NA,NA,NA,NA,NA,KSHV+,NA,NA,NA,NA,NA,WT,NA,,NA,,,,,,,,,,,,,,,,,,,,,,,,,,,,,,,,,,,,,,,,2231,J Virol,2007,81,1912,17121789,RNA,none,cloned,False,False,False,True,True,True,True,True,False,False,,,,MATURE B-CELL LYMPHOMAS,NA,NA,NA,,,,2062
23659,BCLM,,,,LYMPH NODES,Primary effusion lymphoma,NA,,NA,,NA,NA,NA,NA,NA,KSHV+,NA,NA,NA,NA,NA,WT,NA,,NA,,,,,,,,,,,,,,,,,,,,,,,,,,,,,,,,,,,,,,,,2231,J Virol,2007,81,1912,17121789,RNA,none,cloned,False,False,False,True,True,True,True,True,False,False,,,,MATURE B-CELL LYMPHOMAS,NA,NA,NA,,,,2063
23790,UISO-MEL-2,,,,SKIN,"Malignant melanoma, NOS",metastasis (NOS),TUMOR+ in nude mice,NA,,USA,Northern America,Americas,More developed regions,NA,NA,NA,NA,NA,NA,NA,WT,NA,High level,positive,,,,,,,,,,,,,,,,,,,,,,,,,,,,,,,,,,,,,,,,2233,Anticancer Res,1994,14,2457,7872667,DNA,none,direct,False,False,False,True,True,True,True,False,False,False,,,,NEVI AND MELANOMAS,metastasis,NA,NA,,,,2064
23791,UISO-MEL-3,,,,SKIN,"Malignant melanoma, NOS",metastasis (NOS),TUMOR+ in nude mice,NA,,USA,Northern America,Americas,More developed regions,NA,NA,NA,NA,NA,NA,NA,WT,NA,,NA,,,,,,,,,,,,,,,,,,,,,,,,,,,,,,,,,,,,,,,,2233,Anticancer Res,1994,14,2457,7872667,DNA,none,direct,False,False,False,True,True,True,True,False,False,False,,,,NEVI AND MELANOMAS,metastasis,NA,NA,,,,2065
23792,UISO-MEL-4,,,,SKIN,"Malignant melanoma, NOS",metastasis (NOS),TUMOR+ in nude mice,NA,,USA,Northern America,Americas,More developed regions,NA,NA,NA,NA,NA,NA,NA,WT,NA,NULL,negative,,,,,,,,,,,,,,,,,,,,,,,,,,,,,,,,,,,,,,,,2233,Anticancer Res,1994,14,2457,7872667,DNA,none,direct,False,False,False,True,True,True,True,False,False,False,,,,NEVI AND MELANOMAS,metastasis,NA,NA,,,,2066
23793,UISO-MEL-6,,,,SKIN,"Malignant melanoma, NOS",metastasis (NOS),TUMOR+ in nude mice,NA,,USA,Northern America,Americas,More developed regions,NA,NA,NA,NA,NA,NA,NA,WT,NA,NULL,negative,,,,,,,,,,,,,,,,,,,,,,,,,,,,,,,,,,,,,,,,2233,Anticancer Res,1994,14,2457,7872667,DNA,none,direct,False,False,False,True,True,True,True,False,False,False,,,,NEVI AND MELANOMAS,metastasis,NA,NA,,,,2067
23794,UISO-MEL-7,,,,SKIN,"Malignant melanoma, NOS",metastasis (NOS),No TUMOR+ in nude mice,NA,,USA,Northern America,Americas,More developed regions,NA,NA,NA,NA,NA,NA,NA,WT,NA,,+/-,,,,,,,,,,,,,,,,,,,,,,,,,,,,,,,,,,,,,,,,2233,Anticancer Res,1994,14,2457,7872667,DNA,none,direct,False,False,False,True,True,True,True,False,False,False,,,,NEVI AND MELANOMAS,metastasis,NA,NA,,,,2068
23795,UISO-MEL-8,,,,SKIN,"Malignant melanoma, NOS",metastasis (NOS),TUMOR+ in nude mice,NA,,USA,Northern America,Americas,More developed regions,NA,NA,NA,NA,NA,NA,NA,WT,NA,,+/-,,,,,,,,,,,,,,,,,,,,,,,,,,,,,,,,,,,,,,,,2233,Anticancer Res,1994,14,2457,7872667,DNA,none,direct,False,False,False,True,True,True,True,False,False,False,,,,NEVI AND MELANOMAS,metastasis,NA,NA,,,,2069
23796,UISO-MEL-11,,,,SKIN,"Malignant melanoma, NOS",metastasis (NOS),TUMOR+ in nude mice,NA,,USA,Northern America,Americas,More developed regions,NA,NA,NA,NA,NA,NA,NA,WT,NA,High level,positive,,,,,,,,,,,,,,,,,,,,,,,,,,,,,,,,,,,,,,,,2233,Anticancer Res,1994,14,2457,7872667,DNA,none,direct,False,False,False,True,True,True,True,False,False,False,,,,NEVI AND MELANOMAS,metastasis,NA,NA,,,,2070
23797,UISO-MEL-16,,,,SKIN,"Malignant melanoma, NOS",metastasis (NOS),TUMOR+ in nude mice,NA,,USA,Northern America,Americas,More developed regions,NA,NA,NA,NA,NA,NA,NA,WT,NA,,+/-,,,,,,,,,,,,,,,,,,,,,,,,,,,,,,,,,,,,,,,,2233,Anticancer Res,1994,14,2457,7872667,DNA,none,direct,False,False,False,True,True,True,True,False,False,False,,,,NEVI AND MELANOMAS,metastasis,NA,NA,,,,2071
23837,LS,,,,NERVES,"Neuroblastoma, NOS",recurrent,"Added info from Rudolph G et al., Hum Genet, 1991",F,1,NA,NA,NA,NA,NA,NA,NA,NA,NA,NA,N-MYC amplification,WT,NA,,NA,,,,,,,,,,,,,,,,,,,,,,,,,,,,,,,,,,,,,,,,2242,Cancer Res,2006,66,2138,16489014,DNA,none,direct,False,False,True,True,True,True,True,True,False,False,,,,NEUROEPITHELIOMATOUS NEOPLASMS,recurrent,NA,NA,,,,2083
23838,GIMEN,,,ACH-001344,NERVES,"Neuroblastoma, NOS",recurrent,,NA,,NA,NA,NA,NA,NA,NA,NA,NA,NA,NA,NA,WT,NA,,NA,,,,,,,,,,,,,,,,,,,,,,,,,,,,,,,,,,,,,,,,2242,Cancer Res,2006,66,2138,16489014,DNA,none,direct,False,False,True,True,True,True,True,True,False,False,,,,NEUROEPITHELIOMATOUS NEOPLASMS,recurrent,NA,NA,,,,2084
23831,NBL-W-R,,,,NERVES,"Neuroblastoma, NOS",recurrent,,NA,,NA,NA,NA,NA,NA,NA,NA,NA,NA,NA,NA,WT,NA,,NA,,,,,,,,,,,,,,,,,,,,,,,,,,,,,,,,,,,,,,,,2242,Cancer Res,2006,66,2138,16489014,DNA,none,direct,False,False,True,True,True,True,True,True,False,False,,,,NEUROEPITHELIOMATOUS NEOPLASMS,recurrent,NA,NA,,,,2085
23832,PER-106,,,,NERVES,"Neuroblastoma, NOS",primary,,NA,,NA,NA,NA,NA,NA,NA,NA,NA,NA,NA,NA,WT,NA,,NA,,,,,,,,,,,,,,,,,,,,,,,,,,,,,,,,,,,,,,,,2242,Cancer Res,2006,66,2138,16489014,DNA,none,direct,False,False,True,True,True,True,True,True,False,False,,,,NEUROEPITHELIOMATOUS NEOPLASMS,primary,NA,NA,,,,2086
23833,PER-107,,,,NERVES,"Neuroblastoma, NOS",recurrent,,NA,,NA,NA,NA,NA,NA,NA,NA,NA,NA,NA,NA,WT,NA,,NA,,,,,,,,,,,,,,,,,,,,,,,,,,,,,,,,,,,,,,,,2242,Cancer Res,2006,66,2138,16489014,DNA,none,direct,False,False,True,True,True,True,True,True,False,False,,,,NEUROEPITHELIOMATOUS NEOPLASMS,recurrent,NA,NA,,,,2087
23834,PER-108,,,,NERVES,"Neuroblastoma, NOS",recurrent,,NA,,NA,NA,NA,NA,NA,NA,NA,NA,NA,NA,NA,WT,NA,,NA,,,,,,,,,,,,,,,,,,,,,,,,,,,,,,,,,,,,,,,,2242,Cancer Res,2006,66,2138,16489014,DNA,none,direct,False,False,True,True,True,True,True,True,False,False,,,,NEUROEPITHELIOMATOUS NEOPLASMS,recurrent,NA,NA,,,,2088
23835,CHP902R,,,,NERVES,"Neuroblastoma, NOS",recurrent,,NA,,NA,NA,NA,NA,NA,NA,NA,NA,NA,NA,NA,WT,NA,,NA,,,,,,,,,,,,,,,,,,,,,,,,,,,,,,,,,,,,,,,,2242,Cancer Res,2006,66,2138,16489014,DNA,none,direct,False,False,True,True,True,True,True,True,False,False,,,,NEUROEPITHELIOMATOUS NEOPLASMS,recurrent,NA,NA,,,,2089
23836,TR14,,,,NERVES,"Neuroblastoma, NOS",recurrent,,NA,,NA,NA,NA,NA,NA,NA,NA,NA,NA,NA,NA,WT,NA,,NA,,,,,,,,,,,,,,,,,,,,,,,,,,,,,,,,,,,,,,,,2242,Cancer Res,2006,66,2138,16489014,DNA,none,direct,False,False,True,True,True,True,True,True,False,False,,,,NEUROEPITHELIOMATOUS NEOPLASMS,recurrent,NA,NA,,,,2090
23830,NBL-W,,,,NERVES,"Neuroblastoma, NOS",primary,,NA,,NA,NA,NA,NA,NA,NA,NA,NA,NA,NA,NA,WT,NA,,NA,,,,,,,,,,,,,,,,,,,,,,,,,,,,,,,,,,,,,,,,2242,Cancer Res,2006,66,2138,16489014,DNA,none,direct,False,False,True,True,True,True,True,True,False,False,,,,NEUROEPITHELIOMATOUS NEOPLASMS,primary,NA,NA,,,,2091
24292,MCF 10A,CRL-10317,,,BREAST,Normal tissue,NA,,F,,NA,NA,NA,NA,NA,NA,NA,NA,NA,NA,NA,WT,NA,,NA,,,,,,,,,,,,,,,,,,,,,,,,,,,,,,,,,,,,,,,,2270,J Cell Biol,1995,128,1185,7896881,DNA/RNA,,,True,True,True,True,True,True,True,True,True,True,,,,NORMAL TISSUE,NA,NA,NA,,,,2092
24335,MPE600,,,,BREAST,"Cancer, NOS",NA,,F,,NA,NA,NA,NA,NA,NA,NA,NA,NA,NA,NA,WT,Yes,,NA,,,,,,,,,,,,,,,,,,,,,,,,,,,,,,,,,,,,,,,,2274,Breast Cancer Res Treat,2006,99,97,16541312,DNA,none,direct,True,True,True,True,True,True,True,True,True,True,,,,"NEOPLASMS, NOS",NA,NA,NA,,,,2093
24337,SK-BR-7,,,,BREAST,"Cancer, NOS",NA,,F,,NA,NA,NA,NA,NA,NA,NA,NA,NA,NA,NA,WT,No,,NA,,,,,,,,,,,,,,,,,,,,,,,,,,,,,,,,,,,,,,,,2274,Breast Cancer Res Treat,2006,99,97,16541312,DNA,none,direct,True,True,True,True,True,True,True,True,True,True,,,,"NEOPLASMS, NOS",NA,NA,NA,,,,2094
24338,SUM102PT,,,,BREAST,"Cancer, NOS",NA,,F,,NA,NA,NA,NA,NA,NA,NA,NA,NA,NA,NA,WT,No,,NA,,,,,,,,,,,,,,,,,,,,,,,,,,,,,,,,,,,,,,,,2274,Breast Cancer Res Treat,2006,99,97,16541312,DNA,none,direct,True,True,True,True,True,True,True,True,True,True,,,,"NEOPLASMS, NOS",NA,NA,NA,,,,2095
24495,SNU-790,,,,THYROID,"Papillary carcinoma, NOS",primary,,NA,,Korea,Eastern Asia,Asia,Less developed regions,NA,NA,NA,NA,NA,NA,NA,WT,NA,,NA,,,,,,,,,,,,,,,,,,,,,,,,,,,,,,,,,,,,,,,,2286,Mol Cell Endocrinol,2007,264,118,17134824,DNA,SSCP,direct,False,False,False,True,True,True,True,False,False,False,,,,SQUAMOUS CELL NEOPLASMS,primary,NA,NA,,,,2116
24519,1455,,,,SOFT TISSUES,"Liposarcoma, NOS",NA,,NA,,NA,NA,NA,NA,NA,NA,NA,NA,NA,NA,NA,WT,NA,,NA,,,,,,,,,,,,,,,,,,,,,,,,,,,,,,,,,,,,,,,,2290,J Cell Biochem,2007,100,339,16888811,RNA,none,cloned,True,True,True,True,True,True,True,True,True,True,,,,LIPOMATOUS NEOPLASMS,NA,NA,NA,,,,2122
24528,CNIO BB,,,,NERVES,Malignant peripheral nerve sheath tumor,NA,,NA,,NA,NA,NA,NA,NA,NA,NA,NA,NA,NA,NA,WT,NA,,NA,,,,,,,,,,,,,,,,,,,,,,,,,,,,,,,,,,,,,,,,2290,J Cell Biochem,2007,100,339,16888811,RNA,none,cloned,True,True,True,True,True,True,True,True,True,True,,,,NERVE SHEATH TUMORS,NA,NA,NA,,,,2125
24529,CNIO BJ,,,,BONES (other),"Osteosarcoma, NOS (C40._, C41._)",NA,,NA,,NA,NA,NA,NA,NA,NA,NA,NA,NA,NA,NA,WT,NA,,NA,,,,,,,,,,,,,,,,,,,,,,,,,,,,,,,,,,,,,,,,2290,J Cell Biochem,2007,100,339,16888811,RNA,none,cloned,True,True,True,True,True,True,True,True,True,True,,,,OSSEOUS AND CHONDROMATOUS NEOPLASMS,NA,NA,NA,,,,2126
24530,CNIO BM,,,,SOFT TISSUES,Hibernoma,NA,,NA,,NA,NA,NA,NA,NA,NA,NA,NA,NA,NA,NA,WT,NA,,NA,,,,,,,,,,,,,,,,,,,,,,,,,,,,,,,,,,,,,,,,2290,J Cell Biochem,2007,100,339,16888811,RNA,none,cloned,True,True,True,True,True,True,True,True,True,True,,,,LIPOMATOUS NEOPLASMS,NA,NA,NA,,,,2127
24531,CNIO BN,,,,SOFT TISSUES,Malignant fibrous histiocytoma,NA,,NA,,NA,NA,NA,NA,NA,NA,NA,NA,NA,NA,NA,WT,NA,,NA,,,,,,,,,,,,,,,,,,,,,,,,,,,,,,,,,,,,,,,,2290,J Cell Biochem,2007,100,339,16888811,RNA,none,cloned,True,True,True,True,True,True,True,True,True,True,,,,FIBROMATOUS NEOPLASMS,NA,NA,NA,,,,2128
24544,CNIO CE,,,,SOFT TISSUES,"Rhabdomyosarcoma, NOS",NA,,NA,,NA,NA,NA,NA,NA,NA,NA,NA,NA,NA,NA,WT,NA,,NA,,,,,,,,,,,,,,,,,,,,,,,,,,,,,,,,,,,,,,,,2290,J Cell Biochem,2007,100,339,16888811,RNA,none,cloned,True,True,True,True,True,True,True,True,True,True,,,,MYOMATOUS NEOPLASMS,NA,NA,NA,,,,2129
24525,CNIO BK,,,,SOFT TISSUES,"Liposarcoma, NOS",NA,,NA,,NA,NA,NA,NA,NA,NA,NA,NA,NA,NA,NA,WT,NA,,NA,,,,,,,,,,,,,,,,,,,,,,,,,,,,,,,,,,,,,,,,2290,J Cell Biochem,2007,100,339,16888811,RNA,none,cloned,True,True,True,True,True,True,True,True,True,True,,,,LIPOMATOUS NEOPLASMS,NA,NA,NA,,,,2133
24526,CNIO AY,,,,SOFT TISSUES,"Leiomyosarcoma, NOS",NA,,NA,,NA,NA,NA,NA,NA,NA,NA,NA,NA,NA,NA,WT,NA,,NA,,,,,,,,,,,,,,,,,,,,,,,,,,,,,,,,,,,,,,,,2290,J Cell Biochem,2007,100,339,16888811,RNA,none,cloned,True,True,True,True,True,True,True,True,True,True,,,,MYOMATOUS NEOPLASMS,NA,NA,NA,,,,2134
24527,CNIO BC,,,,NERVES,Malignant peripheral nerve sheath tumor,NA,,NA,,NA,NA,NA,NA,NA,NA,NA,NA,NA,NA,NA,WT,NA,,NA,,,,,,,,,,,,,,,,,,,,,,,,,,,,,,,,,,,,,,,,2290,J Cell Biochem,2007,100,339,16888811,RNA,none,cloned,True,True,True,True,True,True,True,True,True,True,,,,NERVE SHEATH TUMORS,NA,NA,NA,,,,2135
24548,ACC-MESO-1,,,ACH-000086,HEART/MED/PLEURA,"Mesothelioma, malignant",primary,,F,61,Japan,Eastern Asia,Asia,More developed regions,NA,NA,NA,NA,NA,NA,NA,WT,NA,,NA,,,,,,,,,,,,,,,,,,,,,,,,,,,,,,,,,,,,,,,,2297,Cancer Sci,2006,97,387,16630136,DNA,SSCP,direct,True,True,True,True,True,True,True,True,True,True,,,,MESOTHELIAL NEOPLASMS,primary,NA,NA,,,,2136
24549,ACC-MESO-4,,,,HEART/MED/PLEURA,"Mesothelioma, malignant",primary,,M,59,Japan,Eastern Asia,Asia,More developed regions,NA,NA,NA,NA,asbestos,NA,NA,WT,NA,,NA,,,,,,,,,,,,,,,,,,,,,,,,,,,,,,,,,,,,,,,,2297,Cancer Sci,2006,97,387,16630136,DNA,SSCP,direct,True,True,True,True,True,True,True,True,True,True,,,,MESOTHELIAL NEOPLASMS,primary,NA,NA,,,,2137
24551,ACC-MESO-8D,,,,HEART/MED/PLEURA,"Mesothelioma, malignant",primary,,M,,Japan,Eastern Asia,Asia,More developed regions,NA,NA,NA,NA,NA,NA,NA,WT,NA,,NA,,,,,,,,,,,,,,,,,,,,,,,,,,,,,,,,,,,,,,,,2297,Cancer Sci,2006,97,387,16630136,DNA,SSCP,direct,True,True,True,True,True,True,True,True,True,True,,,,MESOTHELIAL NEOPLASMS,primary,NA,NA,,,,2138
24550,ACC-MESO-8A,,,,HEART/MED/PLEURA,"Mesothelioma, malignant",primary,,M,60,Japan,Eastern Asia,Asia,More developed regions,NA,NA,NA,NA,NA,NA,NA,WT,NA,,NA,,,,,,,,,,,,,,,,,,,,,,,,,,,,,,,,,,,,,,,,2297,Cancer Sci,2006,97,387,16630136,DNA,SSCP,direct,True,True,True,True,True,True,True,True,True,True,,,,MESOTHELIAL NEOPLASMS,primary,NA,NA,,,,2139
24858,MGC803,,,,STOMACH,"Carcinoma, NOS",NA,,NA,,China,Eastern Asia,Asia,Less developed regions,NA,NA,NA,NA,NA,NA,NA,WT,NA,,NA,,,,,,,,,,,,,,,,,,,,,,,,,,,,,,,,,,,,,,,,2346,Shengwu Huaxue Zazhi,1995,11,311,9999992,DNA,SSCP,direct,False,False,False,True,True,True,True,False,False,False,,,,"EPITHELIAL NEOPLASMS, NOS",NA,NA,NA,,,,2142
24859,BGC823,,,ACH-001017,STOMACH,"Carcinoma, NOS",NA,,NA,,China,Eastern Asia,Asia,Less developed regions,NA,NA,NA,NA,NA,NA,NA,WT,NA,,NA,,,,,,,,,,,,,,,,,,,,,,,,,,,,,,,,,,,,,,,,2346,Shengwu Huaxue Zazhi,1995,11,311,9999992,DNA,SSCP,direct,False,False,False,True,True,True,True,False,False,False,,,,"EPITHELIAL NEOPLASMS, NOS",NA,NA,NA,,,,2143
24980,Rh28,,,,SOFT TISSUES,"Rhabdomyosarcoma, NOS",NA,,NA,,USA,Northern America,Americas,More developed regions,NA,NA,NA,NA,NA,NA,NA,WT,NA,,NA,,,,,,,,,,,,,,,,,,,,,,,,,,,,,,,,,,,,,,,,2349,Oncol Res,1998,10,235,9802058,DNA,none,direct,True,True,True,True,True,True,True,True,True,True,,,,MYOMATOUS NEOPLASMS,NA,NA,NA,,,,2148
24981,Rh18,,,ACH-000689,SOFT TISSUES,"Rhabdomyosarcoma, NOS",NA,,NA,,USA,Northern America,Americas,More developed regions,NA,NA,NA,NA,NA,NA,NA,WT,NA,,NA,,,,,,,,,,,,,,,,,,,,,,,,,,,,,,,,,,,,,,,,2349,Oncol Res,1998,10,235,9802058,DNA,none,direct,True,True,True,True,True,True,True,True,True,True,,,,MYOMATOUS NEOPLASMS,NA,NA,NA,,,,2149
24982,NB-EB,,,,NERVES,"Neuroblastoma, NOS",NA,,NA,,USA,Northern America,Americas,More developed regions,NA,NA,NA,NA,NA,NA,NA,WT,NA,,NA,,,,,,,,,,,,,,,,,,,,,,,,,,,,,,,,,,,,,,,,2349,Oncol Res,1998,10,235,9802058,DNA,none,direct,True,True,True,True,True,True,True,True,True,True,,,,NEUROEPITHELIOMATOUS NEOPLASMS,NA,NA,NA,,,,2150
25009,TPC1,,,,THYROID,"Papillary carcinoma, NOS",NA,,F,,Japan,Eastern Asia,Asia,More developed regions,NA,NA,NA,NA,NA,KRAS WT,NA,WT,NA,,NA,,,,,,,,,,,,,,,,,,,,,,,,,,,,,,,,,,,,,,,,2351,Thyroid,2007,17,707,17725429,DNA,SSCP,direct,False,False,False,False,False,True,True,True,False,False,,,,SQUAMOUS CELL NEOPLASMS,NA,NA,NA,,,,2156
25010,FB2,,,,THYROID,"Papillary carcinoma, NOS",NA,,F,,Italy,Southern Europe,Europe,More developed regions,NA,NA,NA,NA,NA,NA,NA,WT,NA,,NA,,,,,,,,,,,,,,,,,,,,,,,,,,,,,,,,,,,,,,,,2351,Thyroid,2007,17,707,17725429,DNA,SSCP,direct,False,False,False,False,False,True,True,True,False,False,,,,SQUAMOUS CELL NEOPLASMS,NA,NA,NA,,,,2157
25012,K1,,,,THYROID,"Papillary carcinoma, NOS",NA,,M,,France,Western Europe,Europe,More developed regions,NA,NA,NA,NA,NA,KRAS WT,NA,WT,NA,,NA,,,,,,,,,,,,,,,,,,,,,,,,,,,,,,,,,,,,,,,,2351,Thyroid,2007,17,707,17725429,DNA,SSCP,direct,False,False,False,False,False,True,True,True,False,False,,,,SQUAMOUS CELL NEOPLASMS,NA,NA,NA,,,,2159
25014,Hth74,,,,THYROID,"Carcinoma, NOS",NA,,F,,Sweden,Northern Europe,Europe,More developed regions,NA,NA,NA,NA,NA,KRAS WT,NA,WT,NA,,NA,,,,,,,,,,,,,,,,,,,,,,,,,,,,,,,,,,,,,,,,2351,Thyroid,2007,17,707,17725429,DNA,SSCP,direct,False,False,False,False,False,True,True,True,False,False,,,,"EPITHELIAL NEOPLASMS, NOS",NA,NA,NA,,,,2160
25015,NUGC-4,,,ACH-000674,STOMACH,"Cancer, NOS",NA,,NA,,NA,NA,NA,NA,NA,NA,NA,NA,NA,NA,NA,WT,NA,,NA,,,,,,,,,,,,,,,,,,,,,,,,,,,,,,,,,,,,,,,,2352,Cancer Lett,2007,254,42,17374440,DNA,SSCP,direct,True,True,True,True,True,True,True,True,False,False,,,,"NEOPLASMS, NOS",NA,NA,NA,,,,2161
25016,GRANTA-519,,,ACH-000073,LYMPH NODES,Mantle cell lymphoma,NA,,NA,,Germany,Western Europe,Europe,More developed regions,NA,NA,NA,NA,NA,NA,NA,WT,NA,,NA,,,,,,,,,,,,,,,,,,,,,,,,,,,,,,,,,,,,,,,,2354,Leuk Res,2006,30,923,16448697,RNA,SSCP,direct,False,False,True,True,True,True,True,True,False,False,,,,MATURE B-CELL LYMPHOMAS,NA,NA,NA,,,,2163
25018,REC-1,CRL-3004,,ACH-000068,LYMPH NODES,Mantle cell lymphoma,NA,,M,61,France,Western Europe,Europe,More developed regions,NA,NA,NA,NA,NA,NA,NA,WT,NA,,NA,,,,,,,,,,,,,,,,,,,,,,,,,,,,,,,,,,,,,,,,2354,Leuk Res,2006,30,923,16448697,RNA,SSCP,direct,False,False,True,True,True,True,True,True,False,False,,,,MATURE B-CELL LYMPHOMAS,NA,NA,NA,,,,2165
25026,NB1RGB,,,,SKIN,Normal tissue,NA,,M,,Japan,Eastern Asia,Asia,More developed regions,NA,NA,NA,NA,NA,NA,NA,WT,NA,,NA,,,,,,,,,,,,,,,,,,,,,,,,,,,,,,,,,,,,,,,,2359,J Radiat Res (Tokyo),2007,48,317,17548940,,,,False,False,False,False,False,False,False,False,False,False,,,,NORMAL TISSUE,NA,NA,NA,,,,2179
25034,AZA-1,,,,SALIVARY GLAND,"Cancer, NOS",NA,,NA,,NA,NA,NA,NA,NA,NA,NA,NA,NA,NA,NA,WT,NA,WT,NA,,,,,,,,,,,,,,,,,,,,,,,,,,,,,,,,,,,,,,,,2361,Int J Oncol,2007,30,1089,17390010,RNA,none,direct/cloned,True,True,True,True,True,True,True,True,True,True,,,,"NEOPLASMS, NOS",NA,NA,NA,,,,2186
25035,AZA-3,,,,SALIVARY GLAND,"Cancer, NOS",NA,,NA,,NA,NA,NA,NA,NA,NA,NA,NA,NA,NA,NA,WT,NA,WT,NA,,,,,,,,,,,,,,,,,,,,,,,,,,,,,,,,,,,,,,,,2361,Int J Oncol,2007,30,1089,17390010,RNA,none,direct/cloned,True,True,True,True,True,True,True,True,True,True,,,,"NEOPLASMS, NOS",NA,NA,NA,,,,2187
25039,NCI-H838,,910399,ACH-000416,LUNG,"Adenocarcinoma, NOS",NA,,NA,,NA,NA,NA,NA,NA,NA,NA,NA,NA,NA,NA,WT,NA,,NA,,,,,,,,,,,,,,,,,,,,,,,,,,,,,,,,,,,,,,,,2362,Int J Oncol,2007,30,1553,17487378,DNA,SSCP,direct,False,False,False,False,False,False,False,False,False,False,,,,ADENOMAS AND ADENOCARCINOMAS,NA,NA,NA,,,,2191
25068,MDA-V,,,,LYMPH NODES,"Hodgkin lymphoma, nodular sclerosis, grade 1",NA,,NA,,USA,Northern America,Americas,More developed regions,NA,NA,NA,NA,NA,NA,NA,WT,NA,,NA,,,,,,,,,,,,,,,,,,,,,,,,,,,,,,,,,,,,,,,,2364,Clin Cancer Res,2007,13,3380,17545546,RNA,none,direct/cloned,True,True,True,True,True,True,True,True,True,True,,,,HODGKIN LYMPHOMA,NA,NA,NA,,,,2192
25074,OV2008,,,,OVARY,"Cancer, NOS",NA,,F,,Canada,Northern America,Americas,More developed regions,NA,NA,NA,NA,NA,NA,NA,WT,NA,,NA,,,,,,,,,,,,,,,,,,,,,,,,,,,,,,,,,,,,,,,,2368,Int J Cancer,2008,122,534,17918180,DNA,none,direct/cloned,False,False,False,True,True,True,True,True,False,False,,,,"NEOPLASMS, NOS",NA,NA,NA,,,,2199
25075,C13*,,,,OVARY,"Cancer, NOS",NA,,F,,Canada,Northern America,Americas,More developed regions,NA,NA,NA,NA,NA,NA,NA,WT,NA,,NA,,,,,,,,,,,,,,,,,,,,,,,,,,,,,,,,,,,,,,,,2368,Int J Cancer,2008,122,534,17918180,DNA,none,direct/cloned,False,False,False,True,True,True,True,True,False,False,,,,"NEOPLASMS, NOS",NA,NA,NA,,,,2200
25575,CH27,,,,LUNG,"Cancer, NOS",NA,,NA,,Chinese Taipei (Taiwan),South Eastern Asia,Asia,Less developed regions,NA,NA,NA,NA,NA,NA,NA,WT,NA,WT,NA,,,,,,,,,,,,,,,,,,,,,,,,,,,,,,,,,,,,,,,,2385,Oncogene,2007,26,4761,17325666,DNA,none,direct/cloned,False,False,False,True,True,True,True,False,False,False,,,,"NEOPLASMS, NOS",NA,NA,NA,,,,2201
25906,UM-SCC9,,,,TONGUE (base),"Squamous cell carcinoma, NOS",recurrent,,F,72,USA,Northern America,Americas,More developed regions,NA,NA,NA,NA,radiation (radiotherapy),NA,NA,WT,NA,,NA,,,,,,,,,,,,,,,,,,,,,,,,,,,,,,,,,,,,,,,,2408,Clin Cancer Res,2007,13,6568,18006756,DNA,none,direct,True,True,True,True,True,True,True,True,False,False,,,,SQUAMOUS CELL NEOPLASMS,recurrent,NA,NA,,,,2202
26071,EST133,,,,SKIN,"Malignant melanoma, NOS",metastasis (NOS),,NA,,NA,NA,NA,NA,NA,NA,NA,NA,NA,NA,NA,WT,NA,,NA,,,,,,,,,,,,,,,,,,,,,,,,,,,,,,,,,,,,,,,,2416,Oncogene,2007,26,4738,17260012,DNA,DGGE,direct,True,True,True,True,True,True,True,True,True,True,,,,NEVI AND MELANOMAS,metastasis,NA,NA,,,,2206
26073,EST45,,,,SKIN,"Malignant melanoma, NOS",metastasis (NOS),,NA,,NA,NA,NA,NA,NA,NA,NA,NA,NA,NA,NA,WT,NA,,NA,,,,,,,,,,,,,,,,,,,,,,,,,,,,,,,,,,,,,,,,2416,Oncogene,2007,26,4738,17260012,DNA,DGGE,direct,True,True,True,True,True,True,True,True,True,True,,,,NEVI AND MELANOMAS,metastasis,NA,NA,,,,2208
26075,EST57,,,,SKIN,"Malignant melanoma, NOS",metastasis (NOS),,NA,,NA,NA,NA,NA,NA,NA,NA,NA,NA,NA,NA,WT,NA,,NA,,,,,,,,,,,,,,,,,,,,,,,,,,,,,,,,,,,,,,,,2416,Oncogene,2007,26,4738,17260012,DNA,DGGE,direct,True,True,True,True,True,True,True,True,True,True,,,,NEVI AND MELANOMAS,metastasis,NA,NA,,,,2210
26076,EST69,,,,SKIN,"Malignant melanoma, NOS",metastasis (NOS),,NA,,NA,NA,NA,NA,NA,NA,NA,NA,NA,NA,NA,WT,NA,,NA,,,,,,,,,,,,,,,,,,,,,,,,,,,,,,,,,,,,,,,,2416,Oncogene,2007,26,4738,17260012,DNA,DGGE,direct,True,True,True,True,True,True,True,True,True,True,,,,NEVI AND MELANOMAS,metastasis,NA,NA,,,,2211
26115,SK-MEL-31,HTB-73,,ACH-000640,SKIN,"Malignant melanoma, NOS",metastasis (NOS),,NA,,NA,NA,NA,NA,NA,NA,NA,NA,NA,NA,NA,WT,NA,,NA,,,,,,,,,,,,,,,,,,,,,,,,,,,,,,,,,,,,,,,,2416,Oncogene,2007,26,4738,17260012,DNA,DGGE,direct,True,True,True,True,True,True,True,True,True,True,,,,NEVI AND MELANOMAS,metastasis,NA,NA,,,,2213
26116,EST128,,,,EYE AND ADNEXA,"Malignant melanoma, NOS",primary,,NA,,NA,NA,NA,NA,NA,NA,NA,NA,NA,NA,NA,WT,NA,,NA,,,,,,,,,,,,,,,,,,,,,,,,,,,,,,,,,,,,,,,,2416,Oncogene,2007,26,4738,17260012,DNA,DGGE,direct,True,True,True,True,True,True,True,True,True,True,,,,NEVI AND MELANOMAS,primary,NA,NA,,,,2214
26101,FM74,,,,SKIN,"Malignant melanoma, NOS",metastasis (NOS),,NA,,Denmark,Northern Europe,Europe,More developed regions,NA,NA,NA,NA,NA,NA,NA,WT,NA,,NA,,,,,,,,,,,,,,,,,,,,,,,,,,,,,,,,,,,,,,,,2416,Oncogene,2007,26,4738,17260012,DNA,DGGE,direct,True,True,True,True,True,True,True,True,True,True,,,,NEVI AND MELANOMAS,metastasis,NA,NA,,,,2215
26108,FM9,,,,SKIN,"Malignant melanoma, NOS",metastasis (NOS),,NA,,Denmark,Northern Europe,Europe,More developed regions,NA,NA,NA,NA,NA,NA,NA,WT,NA,,NA,,,,,,,,,,,,,,,,,,,,,,,,,,,,,,,,,,,,,,,,2416,Oncogene,2007,26,4738,17260012,DNA,DGGE,direct,True,True,True,True,True,True,True,True,True,True,,,,NEVI AND MELANOMAS,metastasis,NA,NA,,,,2216
26109,FM92,,,,SKIN,"Malignant melanoma, NOS",metastasis (NOS),,NA,,Denmark,Northern Europe,Europe,More developed regions,NA,NA,NA,NA,NA,NA,NA,WT,NA,,NA,,,,,,,,,,,,,,,,,,,,,,,,,,,,,,,,,,,,,,,,2416,Oncogene,2007,26,4738,17260012,DNA,DGGE,direct,True,True,True,True,True,True,True,True,True,True,,,,NEVI AND MELANOMAS,metastasis,NA,NA,,,,2217
26112,SK-MEL-19,,,,SKIN,"Malignant melanoma, NOS",metastasis (NOS),,NA,,NA,NA,NA,NA,NA,NA,NA,NA,NA,NA,NA,WT,NA,,NA,,,,,,,,,,,,,,,,,,,,,,,,,,,,,,,,,,,,,,,,2416,Oncogene,2007,26,4738,17260012,DNA,DGGE,direct,True,True,True,True,True,True,True,True,True,True,,,,NEVI AND MELANOMAS,metastasis,NA,NA,,,,2220
26102,FM76,,,,SKIN,"Malignant melanoma, NOS",metastasis (NOS),,NA,,Denmark,Northern Europe,Europe,More developed regions,NA,NA,NA,NA,NA,NA,NA,WT,NA,,NA,,,,,,,,,,,,,,,,,,,,,,,,,,,,,,,,,,,,,,,,2416,Oncogene,2007,26,4738,17260012,DNA,DGGE,direct,True,True,True,True,True,True,True,True,True,True,,,,NEVI AND MELANOMAS,metastasis,NA,NA,,,,2222
26104,FM79,,,,SKIN,"Malignant melanoma, NOS",metastasis (NOS),,NA,,Denmark,Northern Europe,Europe,More developed regions,NA,NA,NA,NA,NA,NA,NA,WT,NA,,NA,,,,,,,,,,,,,,,,,,,,,,,,,,,,,,,,,,,,,,,,2416,Oncogene,2007,26,4738,17260012,DNA,DGGE,direct,True,True,True,True,True,True,True,True,True,True,,,,NEVI AND MELANOMAS,metastasis,NA,NA,,,,2224
26105,FM82,,,,SKIN,"Malignant melanoma, NOS",metastasis (NOS),,NA,,Denmark,Northern Europe,Europe,More developed regions,NA,NA,NA,NA,NA,NA,NA,WT,NA,,NA,,,,,,,,,,,,,,,,,,,,,,,,,,,,,,,,,,,,,,,,2416,Oncogene,2007,26,4738,17260012,DNA,DGGE,direct,True,True,True,True,True,True,True,True,True,True,,,,NEVI AND MELANOMAS,metastasis,NA,NA,,,,2225
26106,FM86,,,,SKIN,"Malignant melanoma, NOS",metastasis (NOS),,NA,,Denmark,Northern Europe,Europe,More developed regions,NA,NA,NA,NA,NA,NA,NA,WT,NA,,NA,,,,,,,,,,,,,,,,,,,,,,,,,,,,,,,,,,,,,,,,2416,Oncogene,2007,26,4738,17260012,DNA,DGGE,direct,True,True,True,True,True,True,True,True,True,True,,,,NEVI AND MELANOMAS,metastasis,NA,NA,,,,2226
26107,FM88,,,,SKIN,"Malignant melanoma, NOS",metastasis (NOS),,NA,,Denmark,Northern Europe,Europe,More developed regions,NA,NA,NA,NA,NA,NA,NA,WT,NA,,NA,,,,,,,,,,,,,,,,,,,,,,,,,,,,,,,,,,,,,,,,2416,Oncogene,2007,26,4738,17260012,DNA,DGGE,direct,True,True,True,True,True,True,True,True,True,True,,,,NEVI AND MELANOMAS,metastasis,NA,NA,,,,2227
26095,FM57,,,,SKIN,"Malignant melanoma, NOS",metastasis (NOS),,NA,,Denmark,Northern Europe,Europe,More developed regions,NA,NA,NA,NA,NA,NA,NA,WT,NA,,NA,,,,,,,,,,,,,,,,,,,,,,,,,,,,,,,,,,,,,,,,2416,Oncogene,2007,26,4738,17260012,DNA,DGGE,direct,True,True,True,True,True,True,True,True,True,True,,,,NEVI AND MELANOMAS,metastasis,NA,NA,,,,2228
26096,FM58,,,,SKIN,"Malignant melanoma, NOS",metastasis (NOS),,NA,,Denmark,Northern Europe,Europe,More developed regions,NA,NA,NA,NA,NA,NA,NA,WT,NA,,NA,,,,,,,,,,,,,,,,,,,,,,,,,,,,,,,,,,,,,,,,2416,Oncogene,2007,26,4738,17260012,DNA,DGGE,direct,True,True,True,True,True,True,True,True,True,True,,,,NEVI AND MELANOMAS,metastasis,NA,NA,,,,2229
26097,FM62,,,,SKIN,"Malignant melanoma, NOS",metastasis (NOS),,NA,,Denmark,Northern Europe,Europe,More developed regions,NA,NA,NA,NA,NA,NA,NA,WT,NA,,NA,,,,,,,,,,,,,,,,,,,,,,,,,,,,,,,,,,,,,,,,2416,Oncogene,2007,26,4738,17260012,DNA,DGGE,direct,True,True,True,True,True,True,True,True,True,True,,,,NEVI AND MELANOMAS,metastasis,NA,NA,,,,2230
26098,FM66,,,,SKIN,"Malignant melanoma, NOS",metastasis (NOS),,NA,,Denmark,Northern Europe,Europe,More developed regions,NA,NA,NA,NA,NA,NA,NA,WT,NA,,NA,,,,,,,,,,,,,,,,,,,,,,,,,,,,,,,,,,,,,,,,2416,Oncogene,2007,26,4738,17260012,DNA,DGGE,direct,True,True,True,True,True,True,True,True,True,True,,,,NEVI AND MELANOMAS,metastasis,NA,NA,,,,2231
26099,FM69,,,,SKIN,"Malignant melanoma, NOS",metastasis (NOS),,NA,,Denmark,Northern Europe,Europe,More developed regions,NA,NA,NA,NA,NA,NA,NA,WT,NA,,NA,,,,,,,,,,,,,,,,,,,,,,,,,,,,,,,,,,,,,,,,2416,Oncogene,2007,26,4738,17260012,DNA,DGGE,direct,True,True,True,True,True,True,True,True,True,True,,,,NEVI AND MELANOMAS,metastasis,NA,NA,,,,2232
26100,FM72,,,,SKIN,"Malignant melanoma, NOS",metastasis (NOS),,NA,,Denmark,Northern Europe,Europe,More developed regions,NA,NA,NA,NA,NA,NA,NA,WT,NA,,NA,,,,,,,,,,,,,,,,,,,,,,,,,,,,,,,,,,,,,,,,2416,Oncogene,2007,26,4738,17260012,DNA,DGGE,direct,True,True,True,True,True,True,True,True,True,True,,,,NEVI AND MELANOMAS,metastasis,NA,NA,,,,2233
26089,FM28,,,,SKIN,"Malignant melanoma, NOS",metastasis (NOS),,NA,,Denmark,Northern Europe,Europe,More developed regions,NA,NA,NA,NA,NA,NA,NA,WT,NA,,NA,,,,,,,,,,,,,,,,,,,,,,,,,,,,,,,,,,,,,,,,2416,Oncogene,2007,26,4738,17260012,DNA,DGGE,direct,True,True,True,True,True,True,True,True,True,True,,,,NEVI AND MELANOMAS,metastasis,NA,NA,,,,2234
26090,FM3,,,,SKIN,"Malignant melanoma, NOS",metastasis (NOS),,NA,,Denmark,Northern Europe,Europe,More developed regions,NA,NA,NA,NA,NA,NA,NA,WT,NA,,NA,,,,,,,,,,,,,,,,,,,,,,,,,,,,,,,,,,,,,,,,2416,Oncogene,2007,26,4738,17260012,DNA,DGGE,direct,True,True,True,True,True,True,True,True,True,True,,,,NEVI AND MELANOMAS,metastasis,NA,NA,,,,2235
26091,FM45,,,,SKIN,"Malignant melanoma, NOS",metastasis (NOS),,NA,,Denmark,Northern Europe,Europe,More developed regions,NA,NA,NA,NA,NA,NA,NA,WT,NA,,NA,,,,,,,,,,,,,,,,,,,,,,,,,,,,,,,,,,,,,,,,2416,Oncogene,2007,26,4738,17260012,DNA,DGGE,direct,True,True,True,True,True,True,True,True,True,True,,,,NEVI AND MELANOMAS,metastasis,NA,NA,,,,2236
26092,FM48,,,,SKIN,"Malignant melanoma, NOS",metastasis (NOS),,NA,,Denmark,Northern Europe,Europe,More developed regions,NA,NA,NA,NA,NA,NA,NA,WT,NA,,NA,,,,,,,,,,,,,,,,,,,,,,,,,,,,,,,,,,,,,,,,2416,Oncogene,2007,26,4738,17260012,DNA,DGGE,direct,True,True,True,True,True,True,True,True,True,True,,,,NEVI AND MELANOMAS,metastasis,NA,NA,,,,2237
26094,FM56,,,,SKIN,"Malignant melanoma, NOS",metastasis (NOS),,NA,,Denmark,Northern Europe,Europe,More developed regions,NA,NA,NA,NA,NA,NA,NA,WT,NA,,NA,,,,,,,,,,,,,,,,,,,,,,,,,,,,,,,,,,,,,,,,2416,Oncogene,2007,26,4738,17260012,DNA,DGGE,direct,True,True,True,True,True,True,True,True,True,True,,,,NEVI AND MELANOMAS,metastasis,NA,NA,,,,2239
26085,EST94,,,,SKIN,"Malignant melanoma, NOS",metastasis (NOS),,NA,,NA,NA,NA,NA,NA,NA,NA,NA,NA,NA,NA,WT,NA,,NA,,,,,,,,,,,,,,,,,,,,,,,,,,,,,,,,,,,,,,,,2416,Oncogene,2007,26,4738,17260012,DNA,DGGE,direct,True,True,True,True,True,True,True,True,True,True,,,,NEVI AND MELANOMAS,metastasis,NA,NA,,,,2242
26086,EST97,,,,SKIN,"Malignant melanoma, NOS",metastasis (NOS),,NA,,NA,NA,NA,NA,NA,NA,NA,NA,NA,NA,NA,WT,NA,,NA,,,,,,,,,,,,,,,,,,,,,,,,,,,,,,,,,,,,,,,,2416,Oncogene,2007,26,4738,17260012,DNA,DGGE,direct,True,True,True,True,True,True,True,True,True,True,,,,NEVI AND MELANOMAS,metastasis,NA,NA,,,,2243
26087,FM116,,,,SKIN,"Malignant melanoma, NOS",metastasis (NOS),,NA,,Denmark,Northern Europe,Europe,More developed regions,NA,NA,NA,NA,NA,NA,NA,WT,NA,,NA,,,,,,,,,,,,,,,,,,,,,,,,,,,,,,,,,,,,,,,,2416,Oncogene,2007,26,4738,17260012,DNA,DGGE,direct,True,True,True,True,True,True,True,True,True,True,,,,NEVI AND MELANOMAS,metastasis,NA,NA,,,,2244
26088,FM2,,,,SKIN,"Malignant melanoma, NOS",metastasis (NOS),,NA,,Denmark,Northern Europe,Europe,More developed regions,NA,NA,NA,NA,NA,NA,NA,WT,NA,,NA,,,,,,,,,,,,,,,,,,,,,,,,,,,,,,,,,,,,,,,,2416,Oncogene,2007,26,4738,17260012,DNA,DGGE,direct,True,True,True,True,True,True,True,True,True,True,,,,NEVI AND MELANOMAS,metastasis,NA,NA,,,,2245
26078,EST71,,,,SKIN,"Malignant melanoma, NOS",metastasis (NOS),,NA,,NA,NA,NA,NA,NA,NA,NA,NA,NA,NA,NA,WT,NA,,NA,,,,,,,,,,,,,,,,,,,,,,,,,,,,,,,,,,,,,,,,2416,Oncogene,2007,26,4738,17260012,DNA,DGGE,direct,True,True,True,True,True,True,True,True,True,True,,,,NEVI AND MELANOMAS,metastasis,NA,NA,,,,2247
26080,EST74,,,,SKIN,"Malignant melanoma, NOS",metastasis (NOS),,NA,,NA,NA,NA,NA,NA,NA,NA,NA,NA,NA,NA,WT,NA,,NA,,,,,,,,,,,,,,,,,,,,,,,,,,,,,,,,,,,,,,,,2416,Oncogene,2007,26,4738,17260012,DNA,DGGE,direct,True,True,True,True,True,True,True,True,True,True,,,,NEVI AND MELANOMAS,metastasis,NA,NA,,,,2249
26081,EST75,,,,SKIN,"Malignant melanoma, NOS",metastasis (NOS),,NA,,NA,NA,NA,NA,NA,NA,NA,NA,NA,NA,NA,WT,NA,,NA,,,,,,,,,,,,,,,,,,,,,,,,,,,,,,,,,,,,,,,,2416,Oncogene,2007,26,4738,17260012,DNA,DGGE,direct,True,True,True,True,True,True,True,True,True,True,,,,NEVI AND MELANOMAS,metastasis,NA,NA,,,,2250
26510,RCC54,,,,KIDNEY,"Carcinoma, NOS",NA,,NA,,NA,NA,NA,NA,NA,NA,NA,NA,NA,NA,NA,WT,NA,,NA,,,,,,,,,,,,,,,,,,,,,,,,,,,,,,,,,,,,,,,,2479,Cancer Res,2007,67,10351,17974978,DNA,none,direct,True,True,True,True,True,True,True,True,True,True,,,,"EPITHELIAL NEOPLASMS, NOS",NA,NA,NA,,,,2257
26506,UKF-NB-3,,,,NERVES,"Neuroblastoma, NOS",NA,,NA,,NA,NA,NA,NA,NA,NA,NA,NA,NA,NA,NA,WT,NA,,NA,,,,,,,,,,,,,,,,,,,,,,,,,,,,,,,,,,,,,,,,2479,Cancer Res,2007,67,10351,17974978,DNA,none,direct,True,True,True,True,True,True,True,True,True,True,,,,NEUROEPITHELIOMATOUS NEOPLASMS,NA,NA,NA,,,,2259
26508,RCC26b,,,,KIDNEY,"Carcinoma, NOS",NA,,NA,,NA,NA,NA,NA,NA,NA,NA,NA,NA,NA,NA,WT,NA,,NA,,,,,,,,,,,,,,,,,,,,,,,,,,,,,,,,,,,,,,,,2479,Cancer Res,2007,67,10351,17974978,DNA,none,direct,True,True,True,True,True,True,True,True,True,True,,,,"EPITHELIAL NEOPLASMS, NOS",NA,NA,NA,,,,2261
26509,RCC45,,,,KIDNEY,"Carcinoma, NOS",NA,,NA,,NA,NA,NA,NA,NA,NA,NA,NA,NA,NA,NA,WT,NA,,NA,,,,,,,,,,,,,,,,,,,,,,,,,,,,,,,,,,,,,,,,2479,Cancer Res,2007,67,10351,17974978,DNA,none,direct,True,True,True,True,True,True,True,True,True,True,,,,"EPITHELIAL NEOPLASMS, NOS",NA,NA,NA,,,,2262
26922,OCI-Ly3,,,ACH-000158,LYMPH NODES,"Malignant lymphoma, large B-cell, diffuse, NOS",NA,,NA,,USA,Northern America,Americas,More developed regions,NA,NA,NA,NA,NA,NA,NA,WT,NA,,NA,,,,,,,,,,,,,,,,,,,,,,,,,,,,,,,,,,,,,,,,2530,Leuk Lymphoma,2008,49,2170,19021061,DNA,none/AmpliChip,direct,False,False,False,True,True,True,True,True,False,False,,,,MATURE B-CELL LYMPHOMAS,NA,NA,NA,,,,2268
26923,OCI-Ly10,,,ACH-001146,LYMPH NODES,"Malignant lymphoma, large B-cell, diffuse, NOS",NA,,NA,,USA,Northern America,Americas,More developed regions,NA,NA,NA,NA,NA,NA,NA,WT,NA,,NA,,,,,,,,,,,,,,,,,,,,,,,,,,,,,,,,,,,,,,,,2530,Leuk Lymphoma,2008,49,2170,19021061,DNA,none/AmpliChip,direct,False,False,False,True,True,True,True,True,False,False,,,,MATURE B-CELL LYMPHOMAS,NA,NA,NA,,,,2269
26925,SF767,,,ACH-000490,BRAIN,"Glioblastoma, NOS (C71._)",NA,,NA,,NA,NA,NA,NA,NA,NA,NA,NA,NA,NA,NA,WT,NA,,NA,,,,,,,,,,,,,,,,,,,,,,,,,,,,,,,,,,,,,,,,2531,Mol Cancer Ther,2008,7,1461,18566217,DNA,,direct,False,False,False,True,True,True,True,False,False,False,,,,GLIOMAS,NA,NA,NA,,,,2271
26926,MGR3,,,,BRAIN,"Glioblastoma, NOS (C71._)",primary,,NA,,USA,Northern America,Americas,More developed regions,NA,NA,NA,NA,NA,NA,NA,WT,NA,,NA,,,,,,,,,,,,,,,,,,,,,,,,,,,,,,,,,,,,,,,,2532,Mol Cancer Res,2008,6,843,18505928,DNA,none,cloned,True,True,True,True,True,True,True,False,False,False,,,,GLIOMAS,primary,NA,NA,,,,2272
26927,UW28,,,,BRAIN,"Glioblastoma, NOS (C71._)",primary,,NA,,USA,Northern America,Americas,More developed regions,NA,NA,NA,NA,NA,NA,NA,WT,NA,,NA,,,,,,,,,,,,,,,,,,,,,,,,,,,,,,,,,,,,,,,,2532,Mol Cancer Res,2008,6,843,18505928,DNA,none,cloned,True,True,True,True,True,True,True,False,False,False,,,,GLIOMAS,primary,NA,NA,,,,2273
26928,UW281,,,,BRAIN,"Glioblastoma, NOS (C71._)",primary,,NA,,USA,Northern America,Americas,More developed regions,NA,NA,NA,NA,NA,NA,NA,WT,NA,,NA,,,,,,,,,,,,,,,,,,,,,,,,,,,,,,,,,,,,,,,,2532,Mol Cancer Res,2008,6,843,18505928,DNA,none,cloned,True,True,True,True,True,True,True,False,False,False,,,,GLIOMAS,primary,NA,NA,,,,2274
26929,UW78,,,,BRAIN,"Glioblastoma, NOS (C71._)",primary,,NA,,USA,Northern America,Americas,More developed regions,NA,NA,NA,NA,NA,NA,NA,WT,NA,,NA,,,,,,,,,,,,,,,,,,,,,,,,,,,,,,,,,,,,,,,,2532,Mol Cancer Res,2008,6,843,18505928,DNA,none,cloned,True,True,True,True,True,True,True,False,False,False,,,,GLIOMAS,primary,NA,NA,,,,2275
26938,CLL 6,,,,HEMATOP. SYSTEM,B-cell chronic lymphocytic leukemia/small lymphocytic lymphoma,NA,,M,54,Spain,Southern Europe,Europe,More developed regions,NA,NA,NA,NA,NA,NA,NA,WT,NA,,NA,,,,,,,,,,,,,,,,,,,,,,,,,,,,,,,,,,,,,,,,2533,Clin Cancer Res,2008,14,6907,18980985,DNA,none,direct,True,True,True,True,True,True,True,True,True,True,,,,LYMPHOID LEUKEMIAS (C42.1),NA,NA,NA,,,,2284
26963,MCL 6,,,,LYMPH NODES,Mantle cell lymphoma,recurrent,,M,70,Spain,Southern Europe,Europe,More developed regions,NA,NA,NA,NA,chemotherapy,NA,NA,WT,NA,,NA,,,,,,,,,,,,,,,,,,,,,,,,,,,,,,,,,,,,,,,,2533,Clin Cancer Res,2008,14,6907,18980985,DNA,none,direct,True,True,True,True,True,True,True,True,True,True,,,,MATURE B-CELL LYMPHOMAS,recurrent,NA,NA,,,,2285
26964,MCL 7,,,,LYMPH NODES,Mantle cell lymphoma,primary,,M,67,Spain,Southern Europe,Europe,More developed regions,NA,NA,NA,NA,NA,NA,NA,WT,NA,,NA,,,,,,,,,,,,,,,,,,,,,,,,,,,,,,,,,,,,,,,,2533,Clin Cancer Res,2008,14,6907,18980985,DNA,none,direct,True,True,True,True,True,True,True,True,True,True,,,,MATURE B-CELL LYMPHOMAS,primary,NA,NA,,,,2286
26958,MCL 1,,,,LYMPH NODES,Mantle cell lymphoma,primary,,M,75,Spain,Southern Europe,Europe,More developed regions,NA,NA,NA,NA,NA,NA,NA,WT,NA,,NA,,,,,,,,,,,,,,,,,,,,,,,,,,,,,,,,,,,,,,,,2533,Clin Cancer Res,2008,14,6907,18980985,DNA,none,direct,True,True,True,True,True,True,True,True,True,True,,,,MATURE B-CELL LYMPHOMAS,primary,NA,NA,,,,2289
26959,MCL 2,,,,LYMPH NODES,Mantle cell lymphoma,primary,,M,80,Spain,Southern Europe,Europe,More developed regions,NA,NA,NA,NA,NA,NA,NA,WT,NA,,NA,,,,,,,,,,,,,,,,,,,,,,,,,,,,,,,,,,,,,,,,2533,Clin Cancer Res,2008,14,6907,18980985,DNA,none,direct,True,True,True,True,True,True,True,True,True,True,,,,MATURE B-CELL LYMPHOMAS,primary,NA,NA,,,,2290
26961,MCL 4,,,,LYMPH NODES,Mantle cell lymphoma,primary,,F,57,Spain,Southern Europe,Europe,More developed regions,NA,NA,NA,NA,NA,NA,NA,WT,NA,,NA,,,,,,,,,,,,,,,,,,,,,,,,,,,,,,,,,,,,,,,,2533,Clin Cancer Res,2008,14,6907,18980985,DNA,none,direct,True,True,True,True,True,True,True,True,True,True,,,,MATURE B-CELL LYMPHOMAS,primary,NA,NA,,,,2292
26962,MCL 5,,,,LYMPH NODES,Mantle cell lymphoma,primary,,M,81,Spain,Southern Europe,Europe,More developed regions,NA,NA,NA,NA,NA,NA,NA,WT,NA,,NA,,,,,,,,,,,,,,,,,,,,,,,,,,,,,,,,,,,,,,,,2533,Clin Cancer Res,2008,14,6907,18980985,DNA,none,direct,True,True,True,True,True,True,True,True,True,True,,,,MATURE B-CELL LYMPHOMAS,primary,NA,NA,,,,2293
26951,CLL 19,,,,HEMATOP. SYSTEM,B-cell chronic lymphocytic leukemia/small lymphocytic lymphoma,NA,,M,71,Spain,Southern Europe,Europe,More developed regions,NA,NA,NA,NA,NA,NA,NA,WT,NA,,NA,,,,,,,,,,,,,,,,,,,,,,,,,,,,,,,,,,,,,,,,2533,Clin Cancer Res,2008,14,6907,18980985,DNA,none,direct,True,True,True,True,True,True,True,True,True,True,,,,LYMPHOID LEUKEMIAS (C42.1),NA,NA,NA,,,,2294
26952,CLL 20,,,,HEMATOP. SYSTEM,B-cell chronic lymphocytic leukemia/small lymphocytic lymphoma,NA,,F,64,Spain,Southern Europe,Europe,More developed regions,NA,NA,NA,NA,NA,NA,NA,WT,NA,,NA,,,,,,,,,,,,,,,,,,,,,,,,,,,,,,,,,,,,,,,,2533,Clin Cancer Res,2008,14,6907,18980985,DNA,none,direct,True,True,True,True,True,True,True,True,True,True,,,,LYMPHOID LEUKEMIAS (C42.1),NA,NA,NA,,,,2295
26953,CLL 21,,,,HEMATOP. SYSTEM,B-cell chronic lymphocytic leukemia/small lymphocytic lymphoma,NA,,M,74,Spain,Southern Europe,Europe,More developed regions,NA,NA,NA,NA,NA,NA,NA,WT,NA,,NA,,,,,,,,,,,,,,,,,,,,,,,,,,,,,,,,,,,,,,,,2533,Clin Cancer Res,2008,14,6907,18980985,DNA,none,direct,True,True,True,True,True,True,True,True,True,True,,,,LYMPHOID LEUKEMIAS (C42.1),NA,NA,NA,,,,2296
26954,CLL 22,,,,HEMATOP. SYSTEM,B-cell chronic lymphocytic leukemia/small lymphocytic lymphoma,NA,,F,54,Spain,Southern Europe,Europe,More developed regions,NA,NA,NA,NA,NA,NA,NA,WT,NA,,NA,,,,,,,,,,,,,,,,,,,,,,,,,,,,,,,,,,,,,,,,2533,Clin Cancer Res,2008,14,6907,18980985,DNA,none,direct,True,True,True,True,True,True,True,True,True,True,,,,LYMPHOID LEUKEMIAS (C42.1),NA,NA,NA,,,,2297
26955,CLL 23,,,,HEMATOP. SYSTEM,B-cell chronic lymphocytic leukemia/small lymphocytic lymphoma,NA,,M,72,Spain,Southern Europe,Europe,More developed regions,NA,NA,NA,NA,NA,NA,NA,WT,NA,,NA,,,,,,,,,,,,,,,,,,,,,,,,,,,,,,,,,,,,,,,,2533,Clin Cancer Res,2008,14,6907,18980985,DNA,none,direct,True,True,True,True,True,True,True,True,True,True,,,,LYMPHOID LEUKEMIAS (C42.1),NA,NA,NA,,,,2298
26956,CLL 24,,,,HEMATOP. SYSTEM,B-cell chronic lymphocytic leukemia/small lymphocytic lymphoma,NA,,M,79,Spain,Southern Europe,Europe,More developed regions,NA,NA,NA,NA,NA,NA,NA,WT,NA,,NA,,,,,,,,,,,,,,,,,,,,,,,,,,,,,,,,,,,,,,,,2533,Clin Cancer Res,2008,14,6907,18980985,DNA,none,direct,True,True,True,True,True,True,True,True,True,True,,,,LYMPHOID LEUKEMIAS (C42.1),NA,NA,NA,,,,2299
26945,CLL 13,,,,HEMATOP. SYSTEM,B-cell chronic lymphocytic leukemia/small lymphocytic lymphoma,NA,,M,81,Spain,Southern Europe,Europe,More developed regions,NA,NA,NA,NA,NA,NA,NA,WT,NA,,NA,,,,,,,,,,,,,,,,,,,,,,,,,,,,,,,,,,,,,,,,2533,Clin Cancer Res,2008,14,6907,18980985,DNA,none,direct,True,True,True,True,True,True,True,True,True,True,,,,LYMPHOID LEUKEMIAS (C42.1),NA,NA,NA,,,,2300
26946,CLL 14,,,,HEMATOP. SYSTEM,B-cell chronic lymphocytic leukemia/small lymphocytic lymphoma,NA,,M,60,Spain,Southern Europe,Europe,More developed regions,NA,NA,NA,NA,NA,NA,NA,WT,NA,,NA,,,,,,,,,,,,,,,,,,,,,,,,,,,,,,,,,,,,,,,,2533,Clin Cancer Res,2008,14,6907,18980985,DNA,none,direct,True,True,True,True,True,True,True,True,True,True,,,,LYMPHOID LEUKEMIAS (C42.1),NA,NA,NA,,,,2301
26947,CLL 15,,,,HEMATOP. SYSTEM,B-cell chronic lymphocytic leukemia/small lymphocytic lymphoma,NA,,M,59,Spain,Southern Europe,Europe,More developed regions,NA,NA,NA,NA,NA,NA,NA,WT,NA,,NA,,,,,,,,,,,,,,,,,,,,,,,,,,,,,,,,,,,,,,,,2533,Clin Cancer Res,2008,14,6907,18980985,DNA,none,direct,True,True,True,True,True,True,True,True,True,True,,,,LYMPHOID LEUKEMIAS (C42.1),NA,NA,NA,,,,2302
26948,CLL 16,,,,HEMATOP. SYSTEM,B-cell chronic lymphocytic leukemia/small lymphocytic lymphoma,NA,,M,54,Spain,Southern Europe,Europe,More developed regions,NA,NA,NA,NA,NA,NA,NA,WT,NA,,NA,,,,,,,,,,,,,,,,,,,,,,,,,,,,,,,,,,,,,,,,2533,Clin Cancer Res,2008,14,6907,18980985,DNA,none,direct,True,True,True,True,True,True,True,True,True,True,,,,LYMPHOID LEUKEMIAS (C42.1),NA,NA,NA,,,,2303
26949,CLL 17,,,,HEMATOP. SYSTEM,B-cell chronic lymphocytic leukemia/small lymphocytic lymphoma,NA,,M,64,Spain,Southern Europe,Europe,More developed regions,NA,NA,NA,NA,NA,NA,NA,WT,NA,,NA,,,,,,,,,,,,,,,,,,,,,,,,,,,,,,,,,,,,,,,,2533,Clin Cancer Res,2008,14,6907,18980985,DNA,none,direct,True,True,True,True,True,True,True,True,True,True,,,,LYMPHOID LEUKEMIAS (C42.1),NA,NA,NA,,,,2304
26950,CLL 18,,,,HEMATOP. SYSTEM,B-cell chronic lymphocytic leukemia/small lymphocytic lymphoma,NA,,M,91,Spain,Southern Europe,Europe,More developed regions,NA,NA,NA,NA,NA,NA,NA,WT,NA,,NA,,,,,,,,,,,,,,,,,,,,,,,,,,,,,,,,,,,,,,,,2533,Clin Cancer Res,2008,14,6907,18980985,DNA,none,direct,True,True,True,True,True,True,True,True,True,True,,,,LYMPHOID LEUKEMIAS (C42.1),NA,NA,NA,,,,2305
26939,CLL 7,,,,HEMATOP. SYSTEM,B-cell chronic lymphocytic leukemia/small lymphocytic lymphoma,NA,,M,59,Spain,Southern Europe,Europe,More developed regions,NA,NA,NA,NA,NA,NA,NA,WT,NA,,NA,,,,,,,,,,,,,,,,,,,,,,,,,,,,,,,,,,,,,,,,2533,Clin Cancer Res,2008,14,6907,18980985,DNA,none,direct,True,True,True,True,True,True,True,True,True,True,,,,LYMPHOID LEUKEMIAS (C42.1),NA,NA,NA,,,,2306
26940,CLL 8,,,,HEMATOP. SYSTEM,B-cell chronic lymphocytic leukemia/small lymphocytic lymphoma,NA,,M,44,Spain,Southern Europe,Europe,More developed regions,NA,NA,NA,NA,NA,NA,NA,WT,NA,,NA,,,,,,,,,,,,,,,,,,,,,,,,,,,,,,,,,,,,,,,,2533,Clin Cancer Res,2008,14,6907,18980985,DNA,none,direct,True,True,True,True,True,True,True,True,True,True,,,,LYMPHOID LEUKEMIAS (C42.1),NA,NA,NA,,,,2307
26941,CLL 9,,,,HEMATOP. SYSTEM,B-cell chronic lymphocytic leukemia/small lymphocytic lymphoma,NA,,M,57,Spain,Southern Europe,Europe,More developed regions,NA,NA,NA,NA,NA,NA,NA,WT,NA,,NA,,,,,,,,,,,,,,,,,,,,,,,,,,,,,,,,,,,,,,,,2533,Clin Cancer Res,2008,14,6907,18980985,DNA,none,direct,True,True,True,True,True,True,True,True,True,True,,,,LYMPHOID LEUKEMIAS (C42.1),NA,NA,NA,,,,2308
26942,CLL 10,,,,HEMATOP. SYSTEM,B-cell chronic lymphocytic leukemia/small lymphocytic lymphoma,NA,,M,62,Spain,Southern Europe,Europe,More developed regions,NA,NA,NA,NA,NA,NA,NA,WT,NA,,NA,,,,,,,,,,,,,,,,,,,,,,,,,,,,,,,,,,,,,,,,2533,Clin Cancer Res,2008,14,6907,18980985,DNA,none,direct,True,True,True,True,True,True,True,True,True,True,,,,LYMPHOID LEUKEMIAS (C42.1),NA,NA,NA,,,,2309
26943,CLL 11,,,,HEMATOP. SYSTEM,B-cell chronic lymphocytic leukemia/small lymphocytic lymphoma,NA,,M,68,Spain,Southern Europe,Europe,More developed regions,NA,NA,NA,NA,NA,NA,NA,WT,NA,,NA,,,,,,,,,,,,,,,,,,,,,,,,,,,,,,,,,,,,,,,,2533,Clin Cancer Res,2008,14,6907,18980985,DNA,none,direct,True,True,True,True,True,True,True,True,True,True,,,,LYMPHOID LEUKEMIAS (C42.1),NA,NA,NA,,,,2310
26944,CLL 12,,,,HEMATOP. SYSTEM,B-cell chronic lymphocytic leukemia/small lymphocytic lymphoma,NA,,M,64,Spain,Southern Europe,Europe,More developed regions,NA,NA,NA,NA,NA,NA,NA,WT,NA,,NA,,,,,,,,,,,,,,,,,,,,,,,,,,,,,,,,,,,,,,,,2533,Clin Cancer Res,2008,14,6907,18980985,DNA,none,direct,True,True,True,True,True,True,True,True,True,True,,,,LYMPHOID LEUKEMIAS (C42.1),NA,NA,NA,,,,2311
26975,Sui73,,,,PANCREAS,Tubular adenocarcinoma,primary,,F,65,Japan,Eastern Asia,Asia,More developed regions,NA,NA,NA,NA,NA,NA,NA,WT,NA,,NA,,,,,,,,,,,,,,,,,,,,,,,,,,,,,,,,,,,,,,,,2535,Cancer Sci,2008,99,1859,18691340,DNA,none,direct,False,False,False,True,True,True,True,False,False,False,,,,ADENOMAS AND ADENOCARCINOMAS,primary,NA,NA,,,,2315
26976,Sui74,,,,PANCREAS,"Adenocarcinoma, NOS",primary,,F,72,Japan,Eastern Asia,Asia,More developed regions,NA,NA,NA,NA,NA,NA,NA,WT,NA,,NA,,,,,,,,,,,,,,,,,,,,,,,,,,,,,,,,,,,,,,,,2535,Cancer Sci,2008,99,1859,18691340,DNA,none,direct,False,False,False,True,True,True,True,False,False,False,,,,ADENOMAS AND ADENOCARCINOMAS,primary,NA,NA,,,,2316
26978,BC-2,CRL-2231,,,LYMPH NODES,Primary effusion lymphoma,NA,,M,31,NA,NA,NA,NA,NA,NA,NA,NA,NA,NA,NA,WT,NA,,NA,,,,,,,,,,,,,,,,,,,,,,,,,,,,,,,,,,,,,,,,2536,Haematologica,2009,94,1170,19608668,DNA,none,direct,False,False,True,True,True,True,True,True,True,True,,,,MATURE B-CELL LYMPHOMAS,NA,NA,NA,,,,2323
26979,BC-3,CRL-2277,910918,ACH-002215,LYMPH NODES,Primary effusion lymphoma,NA,,M,85,NA,NA,NA,NA,NA,NA,NA,NA,NA,NA,NA,WT,NA,,NA,,,,,,,,,,,,,,,,,,,,,,,,,,,,,,,,,,,,,,,,2536,Haematologica,2009,94,1170,19608668,DNA,none,direct,False,False,True,True,True,True,True,True,True,True,,,,MATURE B-CELL LYMPHOMAS,NA,NA,NA,,,,2324
26982,BBG-1,,,,LYMPH NODES,Primary effusion lymphoma,NA,,NA,,NA,NA,NA,NA,NA,NA,NA,NA,NA,NA,NA,WT,NA,,NA,,,,,,,,,,,,,,,,,,,,,,,,,,,,,,,,,,,,,,,,2536,Haematologica,2009,94,1170,19608668,DNA,none,direct,False,False,True,True,True,True,True,True,True,True,,,,MATURE B-CELL LYMPHOMAS,NA,NA,NA,,,,2329
26983,ISI-1,,,,LYMPH NODES,Primary effusion lymphoma,NA,,NA,,NA,NA,NA,NA,NA,NA,NA,NA,NA,NA,NA,WT,NA,,NA,,,,,,,,,,,,,,,,,,,,,,,,,,,,,,,,,,,,,,,,2536,Haematologica,2009,94,1170,19608668,DNA,none,direct,False,False,True,True,True,True,True,True,True,True,,,,MATURE B-CELL LYMPHOMAS,NA,NA,NA,,,,2330
26984,CRA-BCBL,,,,LYMPH NODES,Primary effusion lymphoma,NA,,NA,,NA,NA,NA,NA,NA,NA,NA,NA,NA,NA,NA,WT,NA,,NA,,,,,,,,,,,,,,,,,,,,,,,,,,,,,,,,,,,,,,,,2536,Haematologica,2009,94,1170,19608668,DNA,none,direct,False,False,True,True,True,True,True,True,True,True,,,,MATURE B-CELL LYMPHOMAS,NA,NA,NA,,,,2331
26988,LU-HNxSCC3,,,,"HEAD&NECK, NOS","Squamous cell carcinoma, NOS",NA,,NA,,Sweden,Northern Europe,Europe,More developed regions,NA,NA,NA,NA,NA,NA,NA,WT,NA,,NA,,,,,,,,,,,,,,,,,,,,,,,,,,,,,,,,,,,,,,,,2540,J Exp Clin Cancer Res,2009,28,17,19216775,DNA,SSCP,direct,False,False,True,True,True,True,True,True,True,True,,,,SQUAMOUS CELL NEOPLASMS,NA,NA,NA,,,,2335
26991,LU-HNxSCC6,,,,"HEAD&NECK, NOS","Squamous cell carcinoma, NOS",NA,,NA,,Sweden,Northern Europe,Europe,More developed regions,NA,NA,NA,NA,NA,NA,NA,WT,NA,,NA,,,,,,,,,,,,,,,,,,,,,,,,,,,,,,,,,,,,,,,,2540,J Exp Clin Cancer Res,2009,28,17,19216775,DNA,SSCP,direct,False,False,True,True,True,True,True,True,True,True,,,,SQUAMOUS CELL NEOPLASMS,NA,NA,NA,,,,2338
26992,LU-HNxSCC7,,,,"HEAD&NECK, NOS","Squamous cell carcinoma, NOS",NA,,NA,,Sweden,Northern Europe,Europe,More developed regions,NA,NA,NA,NA,NA,NA,NA,WT,NA,,NA,,,,,,,,,,,,,,,,,,,,,,,,,,,,,,,,,,,,,,,,2540,J Exp Clin Cancer Res,2009,28,17,19216775,DNA,SSCP,direct,False,False,True,True,True,True,True,True,True,True,,,,SQUAMOUS CELL NEOPLASMS,NA,NA,NA,,,,2339
26997,ST1,,,,HEMATOP. SYSTEM,Adult T-cell leukemia/lymphoma (HTLV-1 positive),NA,,NA,,NA,NA,NA,NA,NA,NA,NA,NA,NA,NA,NA,WT,NA,,NA,,,,,,,,,,,,,,,,,,,,,,,,,,,,,,,,,,,,,,,,2542,Eur J Haematol,2009,82,301,19220422,RNA,none,direct,True,True,True,True,True,True,True,True,True,True,,,,LYMPHOID LEUKEMIAS (C42.1),NA,NA,NA,,,,2344
26999,KOB,,,,HEMATOP. SYSTEM,Adult T-cell leukemia/lymphoma (HTLV-1 positive),NA,,NA,,NA,NA,NA,NA,NA,NA,NA,NA,NA,NA,NA,WT,NA,,NA,,,,,,,,,,,,,,,,,,,,,,,,,,,,,,,,,,,,,,,,2542,Eur J Haematol,2009,82,301,19220422,RNA,none,direct,True,True,True,True,True,True,True,True,True,True,,,,LYMPHOID LEUKEMIAS (C42.1),NA,NA,NA,,,,2347
27000,LM-Y1,,,,HEMATOP. SYSTEM,Adult T-cell leukemia/lymphoma (HTLV-1 positive),NA,,NA,,NA,NA,NA,NA,NA,NA,NA,NA,NA,NA,NA,WT,NA,,NA,,,,,,,,,,,,,,,,,,,,,,,,,,,,,,,,,,,,,,,,2542,Eur J Haematol,2009,82,301,19220422,RNA,none,direct,True,True,True,True,True,True,True,True,True,True,,,,LYMPHOID LEUKEMIAS (C42.1),NA,NA,NA,,,,2348
27008,HS-sultan,,,,HEMATOP. SYSTEM,Multiple myeloma (C42.1),NA,,NA,,NA,NA,NA,NA,NA,NA,NA,NA,NA,NA,NA,WT,NA,,NA,,,,,,,,,,,,,,,,,,,,,,,,,,,,,,,,,,,,,,,,2542,Eur J Haematol,2009,82,301,19220422,RNA,none,direct,True,True,True,True,True,True,True,True,True,True,,,,PLASMA CELL TUMORS,NA,NA,NA,,,,2350
27002,OMT,,,,HEMATOP. SYSTEM,Adult T-cell leukemia/lymphoma (HTLV-1 positive),NA,,NA,,NA,NA,NA,NA,NA,NA,NA,NA,NA,NA,NA,WT,NA,,NA,,,,,,,,,,,,,,,,,,,,,,,,,,,,,,,,,,,,,,,,2542,Eur J Haematol,2009,82,301,19220422,RNA,none,direct,True,True,True,True,True,True,True,True,True,True,,,,LYMPHOID LEUKEMIAS (C42.1),NA,NA,NA,,,,2351
27003,MT2,,,,HEMATOP. SYSTEM,Adult T-cell leukemia/lymphoma (HTLV-1 positive),NA,,NA,,NA,NA,NA,NA,NA,NA,NA,NA,NA,NA,NA,WT,NA,,NA,,,,,,,,,,,,,,,,,,,,,,,,,,,,,,,,,,,,,,,,2542,Eur J Haematol,2009,82,301,19220422,RNA,none,direct,True,True,True,True,True,True,True,True,True,True,,,,LYMPHOID LEUKEMIAS (C42.1),NA,NA,NA,,,,2352
27004,HUT102,,,ACH-000612,HEMATOP. SYSTEM,Adult T-cell leukemia/lymphoma (HTLV-1 positive),NA,,NA,,NA,NA,NA,NA,NA,NA,NA,NA,NA,NA,NA,WT,NA,,NA,,,,,,,,,,,,,,,,,,,,,,,,,,,,,,,,,,,,,,,,2542,Eur J Haematol,2009,82,301,19220422,RNA,none,direct,True,True,True,True,True,True,True,True,True,True,,,,LYMPHOID LEUKEMIAS (C42.1),NA,NA,NA,,,,2353
27006,MT1g,,,,HEMATOP. SYSTEM,Adult T-cell leukemia/lymphoma (HTLV-1 positive),NA,,NA,,NA,NA,NA,NA,NA,NA,NA,NA,NA,NA,NA,WT,NA,,NA,,,,,,,,,,,,,,,,,,,,,,,,,,,,,,,,,,,,,,,,2542,Eur J Haematol,2009,82,301,19220422,RNA,none,direct,True,True,True,True,True,True,True,True,True,True,,,,LYMPHOID LEUKEMIAS (C42.1),NA,NA,NA,,,,2355
27007,SuDHL,,,,LYMPH NODES,"Malignant lymphoma, large B-cell, diffuse, NOS",NA,,NA,,NA,NA,NA,NA,NA,NA,NA,NA,NA,NA,NA,WT,NA,,NA,,,,,,,,,,,,,,,,,,,,,,,,,,,,,,,,,,,,,,,,2542,Eur J Haematol,2009,82,301,19220422,RNA,none,direct,True,True,True,True,True,True,True,True,True,True,,,,MATURE B-CELL LYMPHOMAS,NA,NA,NA,,,,2356
27019,HAL,,,,BONES (other),"Osteosarcoma, NOS (C40._, C41._)",NA,,M,16,NA,NA,NA,NA,NA,NA,NA,NA,NA,NA,NA,WT,NA,,negative,,,,,,,,,,,,,,,,,,,,,,,,,,,,,,,,,,,,,,,,2545,Genes Chromosomes Cancer,2010,49,40,19787792,DNA/RNA,none,direct,True,True,True,True,True,True,True,True,True,True,,,,OSSEOUS AND CHONDROMATOUS NEOPLASMS,NA,NA,NA,,,,2362
27022,IOR/OS10,,,,BONES (other),"Osteosarcoma, NOS (C40._, C41._)",NA,express isoform beta or gamma,F,10,NA,NA,NA,NA,NA,NA,NA,NA,NA,NA,NA,WT,NA,,positive,,,,,,,,,,,,,,,,,,,,,,,,,,,,,,,,,,,,,,,,2545,Genes Chromosomes Cancer,2010,49,40,19787792,DNA/RNA,none,direct,True,True,True,True,True,True,True,True,True,True,,,,OSSEOUS AND CHONDROMATOUS NEOPLASMS,NA,NA,NA,,,,2366
27039,STA-ET-10,,,,BONES (other),Peripheral neuroectodermal tumor,NA,,NA,,NA,NA,NA,NA,NA,NA,NA,NA,NA,NA,NA,WT,NA,,+/-,,,,,,,,,,,,,,,,,,,,,,,,,,,,,,,,,,,,,,,,2545,Genes Chromosomes Cancer,2010,49,40,19787792,DNA/RNA,none,direct,True,True,True,True,True,True,True,True,True,True,,,,MISCELLANEOUS TUMORS,NA,NA,NA,,,,2368
27032,OSA(SJSA-1),CRL-2098,909717,,BONES (other),"Osteosarcoma, NOS (C40._, C41._)",NA,,M,19,NA,NA,NA,NA,NA,NA,NA,NA,NA,NA,NA,WT,NA,,+/-,,,,,,,,,,,,,,,,,,,,,,,,,,,,,,,,,,,,,,,,2545,Genes Chromosomes Cancer,2010,49,40,19787792,DNA/RNA,none,direct,True,True,True,True,True,True,True,True,True,True,,,,OSSEOUS AND CHONDROMATOUS NEOPLASMS,NA,NA,NA,,,,2371
27033,ZK-58,,,,BONES (other),"Osteosarcoma, NOS (C40._, C41._)",NA,,M,21,NA,NA,NA,NA,NA,NA,NA,NA,NA,NA,NA,WT,NA,,negative,,,,,,,,,,,,,,,,,,,,,,,,,,,,,,,,,,,,,,,,2545,Genes Chromosomes Cancer,2010,49,40,19787792,DNA/RNA,none,direct,True,True,True,True,True,True,True,True,True,True,,,,OSSEOUS AND CHONDROMATOUS NEOPLASMS,NA,NA,NA,,,,2372
27034,CH2879,,,,BONES (other),"Chondrosarcoma, NOS (C40._, C41._)",NA,,F,35,NA,NA,NA,NA,NA,NA,NA,NA,NA,NA,NA,WT,NA,,+/-,,,,,,,,,,,,,,,,,,,,,,,,,,,,,,,,,,,,,,,,2545,Genes Chromosomes Cancer,2010,49,40,19787792,DNA/RNA,none,direct,True,True,True,True,True,True,True,True,True,True,,,,OSSEOUS AND CHONDROMATOUS NEOPLASMS,NA,NA,NA,,,,2373
27037,CHP-100,,,,HEART/MED/PLEURA,Peripheral neuroectodermal tumor,NA,,F,12,NA,NA,NA,NA,NA,NA,NA,NA,NA,NA,NA,WT,NA,,+/-,,,,,,,,,,,,,,,,,,,,,,,,,,,,,,,,,,,,,,,,2545,Genes Chromosomes Cancer,2010,49,40,19787792,DNA/RNA,none,direct,True,True,True,True,True,True,True,True,True,True,,,,MISCELLANEOUS TUMORS,NA,NA,NA,,,,2376
27025,IOR/OS14,,,,BONES (other),"Osteosarcoma, NOS (C40._, C41._)",NA,,M,13,NA,NA,NA,NA,NA,NA,NA,NA,NA,NA,NA,WT,NA,,negative,,,,,,,,,,,,,,,,,,,,,,,,,,,,,,,,,,,,,,,,2545,Genes Chromosomes Cancer,2010,49,40,19787792,DNA/RNA,none,direct,True,True,True,True,True,True,True,True,True,True,,,,OSSEOUS AND CHONDROMATOUS NEOPLASMS,NA,NA,NA,,,,2377
27026,IOR/OS15,,,,BONES (other),"Osteosarcoma, NOS (C40._, C41._)",NA,,F,12,NA,NA,NA,NA,NA,NA,NA,NA,NA,NA,NA,WT,NA,,+/-,,,,,,,,,,,,,,,,,,,,,,,,,,,,,,,,,,,,,,,,2545,Genes Chromosomes Cancer,2010,49,40,19787792,DNA/RNA,none,direct,True,True,True,True,True,True,True,True,True,True,,,,OSSEOUS AND CHONDROMATOUS NEOPLASMS,NA,NA,NA,,,,2378
27028,IOR/OS9,,,,BONES (other),"Osteosarcoma, NOS (C40._, C41._)",NA,,M,15,NA,NA,NA,NA,NA,NA,NA,NA,NA,NA,NA,WT,NA,,negative,,,,,,,,,,,,,,,,,,,,,,,,,,,,,,,,,,,,,,,,2545,Genes Chromosomes Cancer,2010,49,40,19787792,DNA/RNA,none,direct,True,True,True,True,True,True,True,True,True,True,,,,OSSEOUS AND CHONDROMATOUS NEOPLASMS,NA,NA,NA,,,,2379
27030,KPD,,,,BONES (other),"Osteosarcoma, NOS (C40._, C41._)",NA,,F,7,NA,NA,NA,NA,NA,NA,NA,NA,NA,NA,NA,WT,NA,,negative,,,,,,,,,,,,,,,,,,,,,,,,,,,,,,,,,,,,,,,,2545,Genes Chromosomes Cancer,2010,49,40,19787792,DNA/RNA,none,direct,True,True,True,True,True,True,True,True,True,True,,,,OSSEOUS AND CHONDROMATOUS NEOPLASMS,NA,NA,NA,,,,2381
27031,MHM,,,,BONES (other),"Osteosarcoma, NOS (C40._, C41._)",NA,,M,14,NA,NA,NA,NA,NA,NA,NA,NA,NA,NA,NA,WT,NA,,positive,,,,,,,,,,,,,,,,,,,,,,,,,,,,,,,,,,,,,,,,2545,Genes Chromosomes Cancer,2010,49,40,19787792,DNA/RNA,none,direct,True,True,True,True,True,True,True,True,True,True,,,,OSSEOUS AND CHONDROMATOUS NEOPLASMS,NA,NA,NA,,,,2382
28216,Col 15,,,,"COLORECTUM, NOS","Carcinoma, NOS",NA,,NA,,NA,NA,NA,NA,NA,NA,NA,NA,NA,NA,NA,WT,NA,,NA,,,,,,,,,,,,,,,,,,,,,,,,,,,,,,,,,,,,,,,,2570,Amino Acids,2010,,,20191297,DNA,TTGE,direct,False,False,False,True,True,True,True,False,False,False,,,,"EPITHELIAL NEOPLASMS, NOS",NA,NA,NA,,,,2385
30187,wm1799,,,ACH-000661,SKIN,"Malignant melanoma, NOS",NA,,NA,,NA,NA,NA,NA,NA,NA,NA,NA,NA,NA,NA,WT,NA,,NA,,,,,,,,,,,,,,,,,,,,,,,,,,,,,,,,,,,,,,,,2571,Nature,2012,483,603,22460905,DNA/RNA,NGSequencing,,True,True,True,True,True,True,True,True,True,True,,,,NEVI AND MELANOMAS,NA,NA,NA,,,,2423
30188,wm2664,,,ACH-001239,SKIN,"Malignant melanoma, NOS",NA,,F,,NA,NA,NA,NA,NA,NA,NA,NA,NA,NA,NA,WT,NA,,NA,,,,,,,,,,,,,,,,,,,,,,,,,,,,,,,,,,,,,,,,2571,Nature,2012,483,603,22460905,DNA/RNA,NGSequencing,,True,True,True,True,True,True,True,True,True,True,,,,NEVI AND MELANOMAS,NA,NA,NA,,,,2424
30189,wm88,,,ACH-000899,SKIN,"Malignant melanoma, NOS",NA,,NA,,NA,NA,NA,NA,NA,NA,NA,NA,NA,NA,NA,WT,NA,,NA,,,,,,,,,,,,,,,,,,,,,,,,,,,,,,,,,,,,,,,,2571,Nature,2012,483,603,22460905,DNA/RNA,NGSequencing,,True,True,True,True,True,True,True,True,True,True,,,,NEVI AND MELANOMAS,NA,NA,NA,,,,2425
30191,ymb1,,,ACH-001249,BREAST,"Carcinoma, NOS",NA,,F,,NA,NA,NA,NA,NA,NA,NA,NA,NA,NA,NA,WT,NA,,NA,,,,,,,,,,,,,,,,,,,,,,,,,,,,,,,,,,,,,,,,2571,Nature,2012,483,603,22460905,DNA/RNA,NGSequencing,,True,True,True,True,True,True,True,True,True,True,,,,"EPITHELIAL NEOPLASMS, NOS",NA,NA,NA,,,,2427
30180,te617t,,,ACH-000051,SOFT TISSUES,"Rhabdomyosarcoma, NOS",NA,,F,2,NA,NA,NA,NA,NA,NA,NA,NA,NA,NA,NA,WT,NA,,NA,,,,,,,,,,,,,,,,,,,,,,,,,,,,,,,,,,,,,,,,2571,Nature,2012,483,603,22460905,DNA/RNA,NGSequencing,,True,True,True,True,True,True,True,True,True,True,,,,MYOMATOUS NEOPLASMS,NA,NA,NA,,,,2428
30181,to175t,,,ACH-000125,LYMPH NODES,"Hodgkin lymphoma, NOS",NA,,M,29,NA,NA,NA,NA,NA,NA,NA,NA,NA,NA,NA,WT,NA,,NA,,,,,,,,,,,,,,,,,,,,,,,,,,,,,,,,,,,,,,,,2571,Nature,2012,483,603,22460905,DNA/RNA,NGSequencing,,True,True,True,True,True,True,True,True,True,True,,,,HODGKIN LYMPHOMA,NA,NA,NA,,,,2429
30182,ttt,,930299,ACH-001321,THYROID,"Medullary carcinoma, NOS",NA,,F,,NA,NA,NA,NA,NA,NA,NA,NA,NA,NA,NA,WT,NA,,NA,,,,,,,,,,,,,,,,,,,,,,,,,,,,,,,,,,,,,,,,2571,Nature,2012,483,603,22460905,DNA/RNA,NGSequencing,,True,True,True,True,True,True,True,True,True,True,,,,DUCTAL AND LOBULAR NEOPLASMS,NA,NA,NA,,,,2430
30183,tuhr10tkb,,,ACH-000459,KIDNEY,"Carcinoma, NOS",NA,,NA,,NA,NA,NA,NA,NA,NA,NA,NA,NA,NA,NA,WT,NA,,NA,,,,,,,,,,,,,,,,,,,,,,,,,,,,,,,,,,,,,,,,2571,Nature,2012,483,603,22460905,DNA/RNA,NGSequencing,,True,True,True,True,True,True,True,True,True,True,,,,"EPITHELIAL NEOPLASMS, NOS",NA,NA,NA,,,,2431
30184,tuhr4tkb,,,ACH-000495,KIDNEY,"Carcinoma, NOS",NA,,NA,,NA,NA,NA,NA,NA,NA,NA,NA,NA,NA,NA,WT,NA,,NA,,,,,,,,,,,,,,,,,,,,,,,,,,,,,,,,,,,,,,,,2571,Nature,2012,483,603,22460905,DNA/RNA,NGSequencing,,True,True,True,True,True,True,True,True,True,True,,,,"EPITHELIAL NEOPLASMS, NOS",NA,NA,NA,,,,2432
30174,supb15,,1247871,ACH-000059,HEMATOP. SYSTEM,"Precursor cell lymphoblastic leukemia, NOS",NA,,M,,NA,NA,NA,NA,NA,NA,NA,NA,NA,NA,NA,WT,NA,,NA,,,,,,,,,,,,,,,,,,,,,,,,,,,,,,,,,,,,,,,,2571,Nature,2012,483,603,22460905,DNA/RNA,NGSequencing,,True,True,True,True,True,True,True,True,True,True,,,,LYMPHOID LEUKEMIAS (C42.1),NA,NA,NA,,,,2434
30175,suphd1,,1331039,ACH-001203,LYMPH NODES,"Hodgkin lymphoma, NOS",NA,,M,,NA,NA,NA,NA,NA,NA,NA,NA,NA,NA,NA,WT,NA,,NA,,,,,,,,,,,,,,,,,,,,,,,,,,,,,,,,,,,,,,,,2571,Nature,2012,483,603,22460905,DNA/RNA,NGSequencing,,True,True,True,True,True,True,True,True,True,True,,,,HODGKIN LYMPHOMA,NA,NA,NA,,,,2435
30176,supm2,,1331040,ACH-000226,LYMPH NODES,"Anaplastic large cell lymphoma, T cell and null cell type",NA,,F,5,NA,NA,NA,NA,NA,NA,NA,NA,NA,NA,NA,WT,NA,,NA,,,,,,,,,,,,,,,,,,,,,,,,,,,,,,,,,,,,,,,,2571,Nature,2012,483,603,22460905,DNA/RNA,NGSequencing,,True,True,True,True,True,True,True,True,True,True,,,,MATURE T- AND NK-CELL LYMPHOMAS,NA,NA,NA,,,,2436
30177,t173,,,ACH-000529,BONES (other),"Osteosarcoma, NOS (C40._, C41._)",NA,,NA,,NA,NA,NA,NA,NA,NA,NA,NA,NA,NA,NA,WT,NA,,NA,,,,,,,,,,,,,,,,,,,,,,,,,,,,,,,,,,,,,,,,2571,Nature,2012,483,603,22460905,DNA/RNA,NGSequencing,,True,True,True,True,True,True,True,True,True,True,,,,OSSEOUS AND CHONDROMATOUS NEOPLASMS,NA,NA,NA,,,,2437
30179,te159t,,,ACH-000175,SOFT TISSUES,"Rhabdomyosarcoma, NOS",NA,,M,6,NA,NA,NA,NA,NA,NA,NA,NA,NA,NA,NA,WT,NA,,NA,,,,,,,,,,,,,,,,,,,,,,,,,,,,,,,,,,,,,,,,2571,Nature,2012,483,603,22460905,DNA/RNA,NGSequencing,,True,True,True,True,True,True,True,True,True,True,,,,MYOMATOUS NEOPLASMS,NA,NA,NA,,,,2439
30168,snu620,,,ACH-000325,STOMACH,"Carcinoma, NOS",NA,,F,59,NA,NA,NA,NA,NA,NA,NA,NA,NA,NA,NA,WT,NA,,NA,,,,,,,,,,,,,,,,,,,,,,,,,,,,,,,,,,,,,,,,2571,Nature,2012,483,603,22460905,DNA/RNA,NGSequencing,,True,True,True,True,True,True,True,True,True,True,,,,"EPITHELIAL NEOPLASMS, NOS",NA,NA,NA,,,,2440
30169,snu719,,,ACH-000898,STOMACH,"Carcinoma, NOS",NA,,M,53,NA,NA,NA,NA,NA,NA,NA,NA,NA,NA,NA,WT,NA,,NA,,,,,,,,,,,,,,,,,,,,,,,,,,,,,,,,,,,,,,,,2571,Nature,2012,483,603,22460905,DNA/RNA,NGSequencing,,True,True,True,True,True,True,True,True,True,True,,,,"EPITHELIAL NEOPLASMS, NOS",NA,NA,NA,,,,2441
30170,snu840,,,ACH-000280,OVARY,"Carcinoma, NOS",NA,,F,,NA,NA,NA,NA,NA,NA,NA,NA,NA,NA,NA,WT,NA,,NA,,,,,,,,,,,,,,,,,,,,,,,,,,,,,,,,,,,,,,,,2571,Nature,2012,483,603,22460905,DNA/RNA,NGSequencing,,True,True,True,True,True,True,True,True,True,True,,,,"EPITHELIAL NEOPLASMS, NOS",NA,NA,NA,,,,2442
30171,snu899,,,ACH-000692,LARYNX,"Squamous cell carcinoma, NOS",NA,,M,,NA,NA,NA,NA,NA,NA,NA,NA,NA,NA,NA,WT,NA,,NA,,,,,,,,,,,,,,,,,,,,,,,,,,,,,,,,,,,,,,,,2571,Nature,2012,483,603,22460905,DNA/RNA,NGSequencing,,True,True,True,True,True,True,True,True,True,True,,,,SQUAMOUS CELL NEOPLASMS,NA,NA,NA,,,,2443
30172,sq1,,,ACH-000553,LUNG,"Squamous cell carcinoma, NOS",NA,,NA,,NA,NA,NA,NA,NA,NA,NA,NA,NA,NA,NA,WT,NA,,NA,,,,,,,,,,,,,,,,,,,,,,,,,,,,,,,,,,,,,,,,2571,Nature,2012,483,603,22460905,DNA/RNA,NGSequencing,,True,True,True,True,True,True,True,True,True,True,,,,SQUAMOUS CELL NEOPLASMS,NA,NA,NA,,,,2444
30173,sudhl5,,1331036,ACH-000660,LYMPH NODES,"Malignant lymphoma, large B-cell, diffuse, NOS",NA,,F,17,NA,NA,NA,NA,NA,NA,NA,NA,NA,NA,NA,WT,NA,,NA,,,,,,,,,,,,,,,,,,,,,,,,,,,,,,,,,,,,,,,,2571,Nature,2012,483,603,22460905,DNA/RNA,NGSequencing,,True,True,True,True,True,True,True,True,True,True,,,,MATURE B-CELL LYMPHOMAS,NA,NA,NA,,,,2445
30163,snu324,,,ACH-000933,PANCREAS,"Carcinoma, NOS",NA,,M,,NA,NA,NA,NA,NA,NA,NA,NA,NA,NA,NA,WT,NA,,NA,,,,,,,,,,,,,,,,,,,,,,,,,,,,,,,,,,,,,,,,2571,Nature,2012,483,603,22460905,DNA/RNA,NGSequencing,,True,True,True,True,True,True,True,True,True,True,,,,"EPITHELIAL NEOPLASMS, NOS",NA,NA,NA,,,,2447
30164,snu349,,,ACH-000907,KIDNEY,"Clear cell adenocarcinoma, NOS",NA,,M,,NA,NA,NA,NA,NA,NA,NA,NA,NA,NA,NA,WT,NA,,NA,,,,,,,,,,,,,,,,,,,,,,,,,,,,,,,,,,,,,,,,2571,Nature,2012,483,603,22460905,DNA/RNA,NGSequencing,,True,True,True,True,True,True,True,True,True,True,,,,ADENOMAS AND ADENOCARCINOMAS,NA,NA,NA,,,,2448
30166,snu466,,,ACH-000289,BRAIN,"Glioma, malignant (C71._)",NA,,M,,NA,NA,NA,NA,NA,NA,NA,NA,NA,NA,NA,WT,NA,,NA,,,,,,,,,,,,,,,,,,,,,,,,,,,,,,,,,,,,,,,,2571,Nature,2012,483,603,22460905,DNA/RNA,NGSequencing,,True,True,True,True,True,True,True,True,True,True,,,,GLIOMAS,NA,NA,NA,,,,2450
30167,snu520,,,ACH-000908,STOMACH,"Carcinoma, NOS",NA,,F,60,NA,NA,NA,NA,NA,NA,NA,NA,NA,NA,NA,WT,NA,,NA,,,,,,,,,,,,,,,,,,,,,,,,,,,,,,,,,,,,,,,,2571,Nature,2012,483,603,22460905,DNA/RNA,NGSequencing,,True,True,True,True,True,True,True,True,True,True,,,,"EPITHELIAL NEOPLASMS, NOS",NA,NA,NA,,,,2451
30156,snu1041,,,ACH-000618,OTHER HEAD&NECK,"Carcinoma, NOS",NA,,NA,,NA,NA,NA,NA,NA,NA,NA,NA,NA,NA,NA,WT,NA,,NA,,,,,,,,,,,,,,,,,,,,,,,,,,,,,,,,,,,,,,,,2571,Nature,2012,483,603,22460905,DNA/RNA,NGSequencing,,True,True,True,True,True,True,True,True,True,True,,,,"EPITHELIAL NEOPLASMS, NOS",NA,NA,NA,,,,2452
30157,snu1076,,,ACH-000549,LARYNX,"Squamous cell carcinoma, NOS",NA,,M,,NA,NA,NA,NA,NA,NA,NA,NA,NA,NA,NA,WT,NA,,NA,,,,,,,,,,,,,,,,,,,,,,,,,,,,,,,,,,,,,,,,2571,Nature,2012,483,603,22460905,DNA/RNA,NGSequencing,,True,True,True,True,True,True,True,True,True,True,,,,SQUAMOUS CELL NEOPLASMS,NA,NA,NA,,,,2453
30158,snu1079,,,ACH-000209,BILIARY TRACT,"Carcinoma, NOS",NA,,NA,,NA,NA,NA,NA,NA,NA,NA,NA,NA,NA,NA,WT,NA,,NA,,,,,,,,,,,,,,,,,,,,,,,,,,,,,,,,,,,,,,,,2571,Nature,2012,483,603,22460905,DNA/RNA,NGSequencing,,True,True,True,True,True,True,True,True,True,True,,,,"EPITHELIAL NEOPLASMS, NOS",NA,NA,NA,,,,2454
30159,snu1272,,,ACH-000513,KIDNEY,"Clear cell adenocarcinoma, NOS",NA,,F,,NA,NA,NA,NA,NA,NA,NA,NA,NA,NA,NA,WT,NA,,NA,,,,,,,,,,,,,,,,,,,,,,,,,,,,,,,,,,,,,,,,2571,Nature,2012,483,603,22460905,DNA/RNA,NGSequencing,,True,True,True,True,True,True,True,True,True,True,,,,ADENOMAS AND ADENOCARCINOMAS,NA,NA,NA,,,,2455
30161,snu175,,1659928,ACH-000989,COLON,"Carcinoma, NOS",NA,,F,,NA,NA,NA,NA,NA,NA,NA,NA,NA,NA,NA,WT,NA,,NA,,,,,,,,,,,,,,,,,,,,,,,,,,,,,,,,,,,,,,,,2571,Nature,2012,483,603,22460905,DNA/RNA,NGSequencing,,True,True,True,True,True,True,True,True,True,True,,,,"EPITHELIAL NEOPLASMS, NOS",NA,NA,NA,,,,2457
30150,rchacv,,1330994,ACH-000922,HEMATOP. SYSTEM,"Precursor cell lymphoblastic leukemia, NOS",NA,,F,8,NA,NA,NA,NA,NA,NA,NA,NA,NA,NA,NA,WT,NA,,NA,,,,,,,,,,,,,,,,,,,,,,,,,,,,,,,,,,,,,,,,2571,Nature,2012,483,603,22460905,DNA/RNA,NGSequencing,,True,True,True,True,True,True,True,True,True,True,,,,LYMPHOID LEUKEMIAS (C42.1),NA,NA,NA,,,,2458
30153,rs5,,,ACH-000531,LUNG,"Mesothelioma, malignant",NA,,M,,NA,NA,NA,NA,NA,NA,NA,NA,NA,NA,NA,WT,NA,,NA,,,,,,,,,,,,,,,,,,,,,,,,,,,,,,,,,,,,,,,,2571,Nature,2012,483,603,22460905,DNA/RNA,NGSequencing,,True,True,True,True,True,True,True,True,True,True,,,,MESOTHELIAL NEOPLASMS,NA,NA,NA,,,,2461
30155,snu1,,,ACH-000932,STOMACH,"Adenocarcinoma, NOS",NA,,M,44,NA,NA,NA,NA,NA,NA,NA,NA,NA,NA,NA,WT,NA,,NA,,,,,,,,,,,,,,,,,,,,,,,,,,,,,,,,,,,,,,,,2571,Nature,2012,483,603,22460905,DNA/RNA,NGSequencing,,True,True,True,True,True,True,True,True,True,True,,,,ADENOMAS AND ADENOCARCINOMAS,NA,NA,NA,,,,2463
30147,pk45h,,,ACH-000468,PANCREAS,"Carcinoma, NOS",NA,,NA,,NA,NA,NA,NA,NA,NA,NA,NA,NA,NA,NA,WT,NA,,NA,,,,,,,,,,,,,,,,,,,,,,,,,,,,,,,,,,,,,,,,2571,Nature,2012,483,603,22460905,DNA/RNA,NGSequencing,,True,True,True,True,True,True,True,True,True,True,,,,"EPITHELIAL NEOPLASMS, NOS",NA,NA,NA,,,,2467
30148,pk59,,,ACH-000205,PANCREAS,"Carcinoma, NOS",NA,,NA,,NA,NA,NA,NA,NA,NA,NA,NA,NA,NA,NA,WT,NA,,NA,,,,,,,,,,,,,,,,,,,,,,,,,,,,,,,,,,,,,,,,2571,Nature,2012,483,603,22460905,DNA/RNA,NGSequencing,,True,True,True,True,True,True,True,True,True,True,,,,"EPITHELIAL NEOPLASMS, NOS",NA,NA,NA,,,,2468
30140,ovise,,1240198,ACH-000527,OVARY,"Adenocarcinoma, NOS",NA,,F,,NA,NA,NA,NA,NA,NA,NA,NA,NA,NA,NA,WT,NA,,NA,,,,,,,,,,,,,,,,,,,,,,,,,,,,,,,,,,,,,,,,2571,Nature,2012,483,603,22460905,DNA/RNA,NGSequencing,,True,True,True,True,True,True,True,True,True,True,,,,ADENOMAS AND ADENOCARCINOMAS,NA,NA,NA,,,,2472
30141,ovmana,,,ACH-000646,OVARY,"Clear cell adenocarcinoma, NOS",NA,,F,51,NA,NA,NA,NA,NA,NA,NA,NA,NA,NA,NA,WT,NA,,NA,,,,,,,,,,,,,,,,,,,,,,,,,,,,,,,,,,,,,,,,2571,Nature,2012,483,603,22460905,DNA/RNA,NGSequencing,,True,True,True,True,True,True,True,True,True,True,,,,ADENOMAS AND ADENOCARCINOMAS,NA,NA,NA,,,,2473
30142,ovtoko,,1298365,ACH-000663,OVARY,"Adenocarcinoma, NOS",NA,,F,,NA,NA,NA,NA,NA,NA,NA,NA,NA,NA,NA,WT,NA,,NA,,,,,,,,,,,,,,,,,,,,,,,,,,,,,,,,,,,,,,,,2571,Nature,2012,483,603,22460905,DNA/RNA,NGSequencing,,True,True,True,True,True,True,True,True,True,True,,,,ADENOMAS AND ADENOCARCINOMAS,NA,NA,NA,,,,2474
30143,panc0504,,,ACH-000093,PANCREAS,"Carcinoma, NOS",NA,,F,,NA,NA,NA,NA,NA,NA,NA,NA,NA,NA,NA,WT,NA,,NA,,,,,,,,,,,,,,,,,,,,,,,,,,,,,,,,,,,,,,,,2571,Nature,2012,483,603,22460905,DNA/RNA,NGSequencing,,True,True,True,True,True,True,True,True,True,True,,,,"EPITHELIAL NEOPLASMS, NOS",NA,NA,NA,,,,2475
30132,ociaml3,,1290455,ACH-000336,HEMATOP. SYSTEM,"Acute myeloid leukemia, NOS",NA,,M,,NA,NA,NA,NA,NA,NA,NA,NA,NA,NA,NA,WT,NA,,NA,,,,,,,,,,,,,,,,,,,,,,,,,,,,,,,,,,,,,,,,2571,Nature,2012,483,603,22460905,DNA/RNA,NGSequencing,,True,True,True,True,True,True,True,True,True,True,,,,MYELOID LEUKEMIAS (C42.1),NA,NA,NA,,,,2476
30133,ociaml5,,1330983,ACH-000065,HEMATOP. SYSTEM,"Acute myeloid leukemia, NOS",NA,,M,,NA,NA,NA,NA,NA,NA,NA,NA,NA,NA,NA,WT,NA,,NA,,,,,,,,,,,,,,,,,,,,,,,,,,,,,,,,,,,,,,,,2571,Nature,2012,483,603,22460905,DNA/RNA,NGSequencing,,True,True,True,True,True,True,True,True,True,True,,,,MYELOID LEUKEMIAS (C42.1),NA,NA,NA,,,,2477
30134,ocily19,,1330984,ACH-000124,LYMPH NODES,"Malignant lymphoma, large B-cell, diffuse, NOS",NA,,F,,NA,NA,NA,NA,NA,NA,NA,NA,NA,NA,NA,WT,NA,,NA,,,,,,,,,,,,,,,,,,,,,,,,,,,,,,,,,,,,,,,,2571,Nature,2012,483,603,22460905,DNA/RNA,NGSequencing,,True,True,True,True,True,True,True,True,True,True,,,,MATURE B-CELL LYMPHOMAS,NA,NA,NA,,,,2478
30126,nalm19,,,ACH-000130,HEMATOP. SYSTEM,"Precursor cell lymphoblastic leukemia, NOS",NA,,M,,NA,NA,NA,NA,NA,NA,NA,NA,NA,NA,NA,WT,NA,,NA,,,,,,,,,,,,,,,,,,,,,,,,,,,,,,,,,,,,,,,,2571,Nature,2012,483,603,22460905,DNA/RNA,NGSequencing,,True,True,True,True,True,True,True,True,True,True,,,,LYMPHOID LEUKEMIAS (C42.1),NA,NA,NA,,,,2482
30127,ncih1341,,1330964,ACH-000129,LUNG,"Small cell carcinoma, NOS",NA,,F,,NA,NA,NA,NA,NA,NA,NA,NA,NA,NA,NA,WT,NA,,NA,,,,,,,,,,,,,,,,,,,,,,,,,,,,,,,,,,,,,,,,2571,Nature,2012,483,603,22460905,DNA/RNA,NGSequencing,,True,True,True,True,True,True,True,True,True,True,,,,"EPITHELIAL NEOPLASMS, NOS",NA,NA,NA,,,,2483
30128,ncih1385,,,ACH-000737,LUNG,"Squamous cell carcinoma, NOS",NA,,F,,NA,NA,NA,NA,NA,NA,NA,NA,NA,NA,NA,WT,NA,,NA,,,,,,,,,,,,,,,,,,,,,,,,,,,,,,,,,,,,,,,,2571,Nature,2012,483,603,22460905,DNA/RNA,NGSequencing,,True,True,True,True,True,True,True,True,True,True,,,,SQUAMOUS CELL NEOPLASMS,NA,NA,NA,,,,2484
30129,ncih1944,,1240185,ACH-000414,LUNG,Non-small cell carcinoma (C34._),NA,,F,62,NA,NA,NA,NA,NA,NA,NA,NA,NA,NA,NA,WT,NA,,NA,,,,,,,,,,,,,,,,,,,,,,,,,,,,,,,,,,,,,,,,2571,Nature,2012,483,603,22460905,DNA/RNA,NGSequencing,,True,True,True,True,True,True,True,True,True,True,,,,"EPITHELIAL NEOPLASMS, NOS",NA,NA,NA,,,,2485
30120,mec2,,,ACH-001121,LYMPH NODES,"Malignant lymphoma, small B lymphocytic, NOS",NA,,M,,NA,NA,NA,NA,NA,NA,NA,NA,NA,NA,NA,WT,NA,,NA,,,,,,,,,,,,,,,,,,,,,,,,,,,,,,,,,,,,,,,,2571,Nature,2012,483,603,22460905,DNA/RNA,NGSequencing,,True,True,True,True,True,True,True,True,True,True,,,,MATURE B-CELL LYMPHOMAS,NA,NA,NA,,,,2488
30121,mhhcall3,,,ACH-000032,HEMATOP. SYSTEM,"Precursor cell lymphoblastic leukemia, NOS",NA,,F,,NA,NA,NA,NA,NA,NA,NA,NA,NA,NA,NA,WT,NA,,NA,,,,,,,,,,,,,,,,,,,,,,,,,,,,,,,,,,,,,,,,2571,Nature,2012,483,603,22460905,DNA/RNA,NGSequencing,,True,True,True,True,True,True,True,True,True,True,,,,LYMPHOID LEUKEMIAS (C42.1),NA,NA,NA,,,,2489
30123,molm13,,1330947,ACH-000362,HEMATOP. SYSTEM,"Acute myeloid leukemia, NOS",NA,,M,20,NA,NA,NA,NA,NA,NA,NA,NA,NA,NA,NA,WT,NA,,NA,,,,,,,,,,,,,,,,,,,,,,,,,,,,,,,,,,,,,,,,2571,Nature,2012,483,603,22460905,DNA/RNA,NGSequencing,,True,True,True,True,True,True,True,True,True,True,,,,MYELOID LEUKEMIAS (C42.1),NA,NA,NA,,,,2491
30124,molp8,,1330950,ACH-000745,HEMATOP. SYSTEM,Multiple myeloma (C42.1),NA,,M,,NA,NA,NA,NA,NA,NA,NA,NA,NA,NA,NA,WT,NA,,NA,,,,,,,,,,,,,,,,,,,,,,,,,,,,,,,,,,,,,,,,2571,Nature,2012,483,603,22460905,DNA/RNA,NGSequencing,,True,True,True,True,True,True,True,True,True,True,,,,PLASMA CELL TUMORS,NA,NA,NA,,,,2492
30125,mutz5,,,ACH-000492,HEMATOP. SYSTEM,"Precursor cell lymphoblastic leukemia, NOS",NA,,M,,NA,NA,NA,NA,NA,NA,NA,NA,NA,NA,NA,WT,NA,,NA,,,,,,,,,,,,,,,,,,,,,,,,,,,,,,,,,,,,,,,,2571,Nature,2012,483,603,22460905,DNA/RNA,NGSequencing,,True,True,True,True,True,True,True,True,True,True,,,,LYMPHOID LEUKEMIAS (C42.1),NA,NA,NA,,,,2493
30114,lu99,,,ACH-000444,LUNG,"Large cell carcinoma, NOS",NA,,M,,NA,NA,NA,NA,NA,NA,NA,NA,NA,NA,NA,WT,NA,,NA,,,,,,,,,,,,,,,,,,,,,,,,,,,,,,,,,,,,,,,,2571,Nature,2012,483,603,22460905,DNA/RNA,NGSequencing,,True,True,True,True,True,True,True,True,True,True,,,,"EPITHELIAL NEOPLASMS, NOS",NA,NA,NA,,,,2494
30115,m07e,,,ACH-000602,HEMATOP. SYSTEM,"Acute myeloid leukemia, NOS",NA,,F,,NA,NA,NA,NA,NA,NA,NA,NA,NA,NA,NA,WT,NA,,NA,,,,,,,,,,,,,,,,,,,,,,,,,,,,,,,,,,,,,,,,2571,Nature,2012,483,603,22460905,DNA/RNA,NGSequencing,,True,True,True,True,True,True,True,True,True,True,,,,MYELOID LEUKEMIAS (C42.1),NA,NA,NA,,,,2495
30117,mdapca2b,,,ACH-000952,PROSTATE,"Adenocarcinoma, NOS",NA,,M,63,NA,NA,NA,NA,NA,NA,NA,NA,NA,NA,NA,WT,NA,,NA,,,,,,,,,,,,,,,,,,,,,,,,,,,,,,,,,,,,,,,,2571,Nature,2012,483,603,22460905,DNA/RNA,NGSequencing,,True,True,True,True,True,True,True,True,True,True,,,,ADENOMAS AND ADENOCARCINOMAS,NA,NA,NA,,,,2497
30118,mdst8,,1240173,ACH-000935,COLON,"Adenocarcinoma, NOS",NA,,NA,,NA,NA,NA,NA,NA,NA,NA,NA,NA,NA,NA,WT,NA,,NA,,,,,,,,,,,,,,,,,,,,,,,,,,,,,,,,,,,,,,,,2571,Nature,2012,483,603,22460905,DNA/RNA,NGSequencing,,True,True,True,True,True,True,True,True,True,True,,,,ADENOMAS AND ADENOCARCINOMAS,NA,NA,NA,,,,2498
30119,me1,,1330942,ACH-000439,HEMATOP. SYSTEM,"Acute myeloid leukemia, NOS",NA,,M,,NA,NA,NA,NA,NA,NA,NA,NA,NA,NA,NA,WT,NA,,NA,,,,,,,,,,,,,,,,,,,,,,,,,,,,,,,,,,,,,,,,2571,Nature,2012,483,603,22460905,DNA/RNA,NGSequencing,,True,True,True,True,True,True,True,True,True,True,,,,MYELOID LEUKEMIAS (C42.1),NA,NA,NA,,,,2499
30108,kp1nl,,,ACH-001108,PANCREAS,"Carcinoma, NOS",NA,,NA,,NA,NA,NA,NA,NA,NA,NA,NA,NA,NA,NA,WT,NA,,NA,,,,,,,,,,,,,,,,,,,,,,,,,,,,,,,,,,,,,,,,2571,Nature,2012,483,603,22460905,DNA/RNA,NGSequencing,,True,True,True,True,True,True,True,True,True,True,,,,"EPITHELIAL NEOPLASMS, NOS",NA,NA,NA,,,,2500
30109,kpnsi9s,,,ACH-000446,NERVES,"Neuroblastoma, NOS",NA,,M,,NA,NA,NA,NA,NA,NA,NA,NA,NA,NA,NA,WT,NA,,NA,,,,,,,,,,,,,,,,,,,,,,,,,,,,,,,,,,,,,,,,2571,Nature,2012,483,603,22460905,DNA/RNA,NGSequencing,,True,True,True,True,True,True,True,True,True,True,,,,NEUROEPITHELIOMATOUS NEOPLASMS,NA,NA,NA,,,,2501
30110,kym1,,1240166,ACH-000607,SOFT TISSUES,"Rhabdomyosarcoma, NOS",NA,,NA,,NA,NA,NA,NA,NA,NA,NA,NA,NA,NA,NA,WT,NA,,NA,,,,,,,,,,,,,,,,,,,,,,,,,,,,,,,,,,,,,,,,2571,Nature,2012,483,603,22460905,DNA/RNA,NGSequencing,,True,True,True,True,True,True,True,True,True,True,,,,MYOMATOUS NEOPLASMS,NA,NA,NA,,,,2502
30102,kms18,,,ACH-000658,HEMATOP. SYSTEM,Multiple myeloma (C42.1),NA,,M,,NA,NA,NA,NA,NA,NA,NA,NA,NA,NA,NA,WT,NA,,NA,,,,,,,,,,,,,,,,,,,,,,,,,,,,,,,,,,,,,,,,2571,Nature,2012,483,603,22460905,DNA/RNA,NGSequencing,,True,True,True,True,True,True,True,True,True,True,,,,PLASMA CELL TUMORS,NA,NA,NA,,,,2506
30103,kms21bm,,,ACH-000598,HEMATOP. SYSTEM,Multiple myeloma (C42.1),NA,,M,,NA,NA,NA,NA,NA,NA,NA,NA,NA,NA,NA,WT,NA,,NA,,,,,,,,,,,,,,,,,,,,,,,,,,,,,,,,,,,,,,,,2571,Nature,2012,483,603,22460905,DNA/RNA,NGSequencing,,True,True,True,True,True,True,True,True,True,True,,,,PLASMA CELL TUMORS,NA,NA,NA,,,,2507
30104,kms27,,,ACH-000576,HEMATOP. SYSTEM,Multiple myeloma (C42.1),NA,,M,,NA,NA,NA,NA,NA,NA,NA,NA,NA,NA,NA,WT,NA,,NA,,,,,,,,,,,,,,,,,,,,,,,,,,,,,,,,,,,,,,,,2571,Nature,2012,483,603,22460905,DNA/RNA,NGSequencing,,True,True,True,True,True,True,True,True,True,True,,,,PLASMA CELL TUMORS,NA,NA,NA,,,,2508
30105,kms28bm,,,ACH-000419,HEMATOP. SYSTEM,Multiple myeloma (C42.1),NA,,F,,NA,NA,NA,NA,NA,NA,NA,NA,NA,NA,NA,WT,NA,,NA,,,,,,,,,,,,,,,,,,,,,,,,,,,,,,,,,,,,,,,,2571,Nature,2012,483,603,22460905,DNA/RNA,NGSequencing,,True,True,True,True,True,True,True,True,True,True,,,,PLASMA CELL TUMORS,NA,NA,NA,,,,2509
30106,kns81,,,ACH-000479,BRAIN,"Glioma, malignant (C71._)",NA,,M,,NA,NA,NA,NA,NA,NA,NA,NA,NA,NA,NA,WT,NA,,NA,,,,,,,,,,,,,,,,,,,,,,,,,,,,,,,,,,,,,,,,2571,Nature,2012,483,603,22460905,DNA/RNA,NGSequencing,,True,True,True,True,True,True,True,True,True,True,,,,GLIOMAS,NA,NA,NA,,,,2510
30096,kijk,,,ACH-000773,LYMPH NODES,"Anaplastic large cell lymphoma, T cell and null cell type",NA,,M,,NA,NA,NA,NA,NA,NA,NA,NA,NA,NA,NA,WT,NA,,NA,,,,,,,,,,,,,,,,,,,,,,,,,,,,,,,,,,,,,,,,2571,Nature,2012,483,603,22460905,DNA/RNA,NGSequencing,,True,True,True,True,True,True,True,True,True,True,,,,MATURE T- AND NK-CELL LYMPHOMAS,NA,NA,NA,,,,2512
30097,klm1,,,ACH-001101,PANCREAS,"Carcinoma, NOS",NA,,NA,,NA,NA,NA,NA,NA,NA,NA,NA,NA,NA,NA,WT,NA,,NA,,,,,,,,,,,,,,,,,,,,,,,,,,,,,,,,,,,,,,,,2571,Nature,2012,483,603,22460905,DNA/RNA,NGSequencing,,True,True,True,True,True,True,True,True,True,True,,,,"EPITHELIAL NEOPLASMS, NOS",NA,NA,NA,,,,2513
30098,kmrc1,,1298168,ACH-000684,KIDNEY,"Clear cell adenocarcinoma, NOS",NA,,M,,NA,NA,NA,NA,NA,NA,NA,NA,NA,NA,NA,WT,NA,,NA,,,,,,,,,,,,,,,,,,,,,,,,,,,,,,,,,,,,,,,,2571,Nature,2012,483,603,22460905,DNA/RNA,NGSequencing,,True,True,True,True,True,True,True,True,True,True,,,,ADENOMAS AND ADENOCARCINOMAS,NA,NA,NA,,,,2514
30099,kmrc2,,,ACH-000709,KIDNEY,"Clear cell adenocarcinoma, NOS",NA,,M,,NA,NA,NA,NA,NA,NA,NA,NA,NA,NA,NA,WT,NA,,NA,,,,,,,,,,,,,,,,,,,,,,,,,,,,,,,,,,,,,,,,2571,Nature,2012,483,603,22460905,DNA/RNA,NGSequencing,,True,True,True,True,True,True,True,True,True,True,,,,ADENOMAS AND ADENOCARCINOMAS,NA,NA,NA,,,,2515
30100,kmrc3,,,ACH-000313,KIDNEY,"Clear cell adenocarcinoma, NOS",NA,,M,,NA,NA,NA,NA,NA,NA,NA,NA,NA,NA,NA,WT,NA,,NA,,,,,,,,,,,,,,,,,,,,,,,,,,,,,,,,,,,,,,,,2571,Nature,2012,483,603,22460905,DNA/RNA,NGSequencing,,True,True,True,True,True,True,True,True,True,True,,,,ADENOMAS AND ADENOCARCINOMAS,NA,NA,NA,,,,2516
30090,jl1,,,ACH-000645,LUNG,"Mesothelioma, malignant",NA,,M,,NA,NA,NA,NA,NA,NA,NA,NA,NA,NA,NA,WT,NA,,NA,,,,,,,,,,,,,,,,,,,,,,,,,,,,,,,,,,,,,,,,2571,Nature,2012,483,603,22460905,DNA/RNA,NGSequencing,,True,True,True,True,True,True,True,True,True,True,,,,MESOTHELIAL NEOPLASMS,NA,NA,NA,,,,2518
30091,jm1,,1327768,ACH-000151,LYMPH NODES,"Malignant lymphoma, non-Hodgkin, NOS",NA,,NA,,NA,NA,NA,NA,NA,NA,NA,NA,NA,NA,NA,WT,NA,,NA,,,,,,,,,,,,,,,,,,,,,,,,,,,,,,,,,,,,,,,,2571,Nature,2012,483,603,22460905,DNA/RNA,NGSequencing,,True,True,True,True,True,True,True,True,True,True,,,,"MALIGNANT LYMPHOMA, NOS, OR DIFFUSE",NA,NA,NA,,,,2519
30092,k029ax,,,ACH-000404,SKIN,"Malignant melanoma, NOS",NA,,NA,,NA,NA,NA,NA,NA,NA,NA,NA,NA,NA,NA,WT,NA,,NA,,,,,,,,,,,,,,,,,,,,,,,,,,,,,,,,,,,,,,,,2571,Nature,2012,483,603,22460905,DNA/RNA,NGSequencing,,True,True,True,True,True,True,True,True,True,True,,,,NEVI AND MELANOMAS,NA,NA,NA,,,,2520
30093,ke97,,,,STOMACH,"Carcinoma, NOS",NA,,M,52,NA,NA,NA,NA,NA,NA,NA,NA,NA,NA,NA,WT,NA,,NA,,,,,,,,,,,,,,,,,,,,,,,,,,,,,,,,,,,,,,,,2571,Nature,2012,483,603,22460905,DNA/RNA,NGSequencing,,True,True,True,True,True,True,True,True,True,True,,,,"EPITHELIAL NEOPLASMS, NOS",NA,NA,NA,,,,2521
30094,kg1c,,,ACH-000126,BRAIN,"Glioma, malignant (C71._)",NA,,M,,NA,NA,NA,NA,NA,NA,NA,NA,NA,NA,NA,WT,NA,,NA,,,,,,,,,,,,,,,,,,,,,,,,,,,,,,,,,,,,,,,,2571,Nature,2012,483,603,22460905,DNA/RNA,NGSequencing,,True,True,True,True,True,True,True,True,True,True,,,,GLIOMAS,NA,NA,NA,,,,2522
30084,jhuem1,,,ACH-000928,CORPUS UTERI,"Adenocarcinoma, NOS",NA,,F,,NA,NA,NA,NA,NA,NA,NA,NA,NA,NA,NA,WT,NA,,NA,,,,,,,,,,,,,,,,,,,,,,,,,,,,,,,,,,,,,,,,2571,Nature,2012,483,603,22460905,DNA/RNA,NGSequencing,,True,True,True,True,True,True,True,True,True,True,,,,ADENOMAS AND ADENOCARCINOMAS,NA,NA,NA,,,,2524
30085,jhuem2,,,ACH-000909,CORPUS UTERI,"Adenocarcinoma, NOS",NA,,F,,NA,NA,NA,NA,NA,NA,NA,NA,NA,NA,NA,WT,NA,,NA,,,,,,,,,,,,,,,,,,,,,,,,,,,,,,,,,,,,,,,,2571,Nature,2012,483,603,22460905,DNA/RNA,NGSequencing,,True,True,True,True,True,True,True,True,True,True,,,,ADENOMAS AND ADENOCARCINOMAS,NA,NA,NA,,,,2525
30087,jhuem7,,,ACH-000993,CORPUS UTERI,"Adenocarcinoma, NOS",NA,,F,58,NA,NA,NA,NA,NA,NA,NA,NA,NA,NA,NA,WT,NA,,NA,,,,,,,,,,,,,,,,,,,,,,,,,,,,,,,,,,,,,,,,2571,Nature,2012,483,603,22460905,DNA/RNA,NGSequencing,,True,True,True,True,True,True,True,True,True,True,,,,ADENOMAS AND ADENOCARCINOMAS,NA,NA,NA,,,,2527
30089,jk1,,,ACH-000241,HEMATOP. SYSTEM,"Chronic myeloid leukemia, NOS",NA,,M,,NA,NA,NA,NA,NA,NA,NA,NA,NA,NA,NA,WT,NA,,NA,,,,,,,,,,,,,,,,,,,,,,,,,,,,,,,,,,,,,,,,2571,Nature,2012,483,603,22460905,DNA/RNA,NGSequencing,,True,True,True,True,True,True,True,True,True,True,,,,MYELOID LEUKEMIAS (C42.1),NA,NA,NA,,,,2529
30079,im95,,1240155,ACH-000919,STOMACH,"Adenocarcinoma, NOS",NA,,M,63,NA,NA,NA,NA,NA,NA,NA,NA,NA,NA,NA,WT,NA,,NA,,,,,,,,,,,,,,,,,,,,,,,,,,,,,,,,,,,,,,,,2571,Nature,2012,483,603,22460905,DNA/RNA,NGSequencing,,True,True,True,True,True,True,True,True,True,True,,,,ADENOMAS AND ADENOCARCINOMAS,NA,NA,NA,,,,2531
30080,jhh1,,1298151,ACH-000620,LIVER,"Hepatocellular carcinoma, NOS (C22.0)",NA,,M,50,NA,NA,NA,NA,NA,NA,NA,NA,NA,NA,NA,WT,NA,,NA,,,,,,,,,,,,,,,,,,,,,,,,,,,,,,,,,,,,,,,,2571,Nature,2012,483,603,22460905,DNA/RNA,NGSequencing,,True,True,True,True,True,True,True,True,True,True,,,,ADENOMAS AND ADENOCARCINOMAS,NA,NA,NA,,,,2532
30083,jhoc5,,,ACH-000324,OVARY,"Clear cell adenocarcinoma, NOS",NA,,NA,,NA,NA,NA,NA,NA,NA,NA,NA,NA,NA,NA,WT,NA,,NA,,,,,,,,,,,,,,,,,,,,,,,,,,,,,,,,,,,,,,,,2571,Nature,2012,483,603,22460905,DNA/RNA,NGSequencing,,True,True,True,True,True,True,True,True,True,True,,,,ADENOMAS AND ADENOCARCINOMAS,NA,NA,NA,,,,2535
30072,hs895t,,,ACH-000043,SKIN,"Malignant melanoma, NOS",NA,,F,,NA,NA,NA,NA,NA,NA,NA,NA,NA,NA,NA,WT,NA,,NA,,,,,,,,,,,,,,,,,,,,,,,,,,,,,,,,,,,,,,,,2571,Nature,2012,483,603,22460905,DNA/RNA,NGSequencing,,True,True,True,True,True,True,True,True,True,True,,,,NEVI AND MELANOMAS,NA,NA,NA,,,,2536
30073,hs936t,,,ACH-000801,SKIN,"Malignant melanoma, NOS",NA,,M,,NA,NA,NA,NA,NA,NA,NA,NA,NA,NA,NA,WT,NA,,NA,,,,,,,,,,,,,,,,,,,,,,,,,,,,,,,,,,,,,,,,2571,Nature,2012,483,603,22460905,DNA/RNA,NGSequencing,,True,True,True,True,True,True,True,True,True,True,,,,NEVI AND MELANOMAS,NA,NA,NA,,,,2537
30074,hs939t,,1298144,ACH-000814,SKIN,"Malignant melanoma, NOS",NA,,F,24,NA,NA,NA,NA,NA,NA,NA,NA,NA,NA,NA,WT,NA,,NA,,,,,,,,,,,,,,,,,,,,,,,,,,,,,,,,,,,,,,,,2571,Nature,2012,483,603,22460905,DNA/RNA,NGSequencing,,True,True,True,True,True,True,True,True,True,True,,,,NEVI AND MELANOMAS,NA,NA,NA,,,,2538
30076,hs944t,,,ACH-000632,SKIN,"Malignant melanoma, NOS",NA,,M,51,NA,NA,NA,NA,NA,NA,NA,NA,NA,NA,NA,WT,NA,,NA,,,,,,,,,,,,,,,,,,,,,,,,,,,,,,,,,,,,,,,,2571,Nature,2012,483,603,22460905,DNA/RNA,NGSequencing,,True,True,True,True,True,True,True,True,True,True,,,,NEVI AND MELANOMAS,NA,NA,NA,,,,2540
30066,hs834t,,,ACH-000275,SKIN,"Malignant melanoma, NOS",NA,,F,,NA,NA,NA,NA,NA,NA,NA,NA,NA,NA,NA,WT,NA,,NA,,,,,,,,,,,,,,,,,,,,,,,,,,,,,,,,,,,,,,,,2571,Nature,2012,483,603,22460905,DNA/RNA,NGSequencing,,True,True,True,True,True,True,True,True,True,True,,,,NEVI AND MELANOMAS,NA,NA,NA,,,,2542
30067,hs840t,,,ACH-000284,OTHER HEAD&NECK,"Papilloma, NOS (except Papilloma of bladder M-8120/1)",NA,,M,7,NA,NA,NA,NA,NA,NA,NA,NA,NA,NA,NA,WT,NA,,NA,,,,,,,,,,,,,,,,,,,,,,,,,,,,,,,,,,,,,,,,2571,Nature,2012,483,603,22460905,DNA/RNA,NGSequencing,,True,True,True,True,True,True,True,True,True,True,,,,SQUAMOUS CELL NEOPLASMS,NA,NA,NA,,,,2543
30068,hs852t,,,ACH-000274,SKIN,"Malignant melanoma, NOS",NA,,M,,NA,NA,NA,NA,NA,NA,NA,NA,NA,NA,NA,WT,NA,,NA,,,,,,,,,,,,,,,,,,,,,,,,,,,,,,,,,,,,,,,,2571,Nature,2012,483,603,22460905,DNA/RNA,NGSequencing,,True,True,True,True,True,True,True,True,True,True,,,,NEVI AND MELANOMAS,NA,NA,NA,,,,2544
30069,hs863t,,,ACH-000119,BRAIN,"Primitive neuroectodermal tumor, NOS (C71._)",NA,,F,,NA,NA,NA,NA,NA,NA,NA,NA,NA,NA,NA,WT,NA,,NA,,,,,,,,,,,,,,,,,,,,,,,,,,,,,,,,,,,,,,,,2571,Nature,2012,483,603,22460905,DNA/RNA,NGSequencing,,True,True,True,True,True,True,True,True,True,True,,,,GLIOMAS,NA,NA,NA,,,,2545
30071,hs888t,,,ACH-000154,BONES (other),"Osteosarcoma, NOS (C40._, C41._)",NA,,M,,NA,NA,NA,NA,NA,NA,NA,NA,NA,NA,NA,WT,NA,,NA,,,,,,,,,,,,,,,,,,,,,,,,,,,,,,,,,,,,,,,,2571,Nature,2012,483,603,22460905,DNA/RNA,NGSequencing,,True,True,True,True,True,True,True,True,True,True,,,,OSSEOUS AND CHONDROMATOUS NEOPLASMS,NA,NA,NA,,,,2547
30060,hs737t,,,ACH-000185,BONES (other),"Giant cell tumor of bone, NOS (C40._, C41._)",NA,,F,10,NA,NA,NA,NA,NA,NA,NA,NA,NA,NA,NA,WT,NA,,NA,,,,,,,,,,,,,,,,,,,,,,,,,,,,,,,,,,,,,,,,2571,Nature,2012,483,603,22460905,DNA/RNA,NGSequencing,,True,True,True,True,True,True,True,True,True,True,,,,GIANT CELL TUMORS,NA,NA,NA,,,,2548
30061,hs742t,,,ACH-000230,BREAST,"Carcinoma, NOS",NA,,F,,NA,NA,NA,NA,NA,NA,NA,NA,NA,NA,NA,WT,NA,,NA,,,,,,,,,,,,,,,,,,,,,,,,,,,,,,,,,,,,,,,,2571,Nature,2012,483,603,22460905,DNA/RNA,NGSequencing,,True,True,True,True,True,True,True,True,True,True,,,,"EPITHELIAL NEOPLASMS, NOS",NA,NA,NA,,,,2549
30062,hs751t,,,ACH-000165,LYMPH NODES,"Hodgkin lymphoma, NOS",NA,,NA,,NA,NA,NA,NA,NA,NA,NA,NA,NA,NA,NA,WT,NA,,NA,,,,,,,,,,,,,,,,,,,,,,,,,,,,,,,,,,,,,,,,2571,Nature,2012,483,603,22460905,DNA/RNA,NGSequencing,,True,True,True,True,True,True,True,True,True,True,,,,HODGKIN LYMPHOMA,NA,NA,NA,,,,2550
30063,hs819t,,,ACH-000224,BONES (other),"Chondrosarcoma, NOS (C40._, C41._)",NA,,M,60,NA,NA,NA,NA,NA,NA,NA,NA,NA,NA,NA,WT,NA,,NA,,,,,,,,,,,,,,,,,,,,,,,,,,,,,,,,,,,,,,,,2571,Nature,2012,483,603,22460905,DNA/RNA,NGSequencing,,True,True,True,True,True,True,True,True,True,True,,,,OSSEOUS AND CHONDROMATOUS NEOPLASMS,NA,NA,NA,,,,2551
30064,hs821t,,,ACH-000526,BONES (other),"Giant cell tumor of bone, NOS (C40._, C41._)",NA,,F,,NA,NA,NA,NA,NA,NA,NA,NA,NA,NA,NA,WT,NA,,NA,,,,,,,,,,,,,,,,,,,,,,,,,,,,,,,,,,,,,,,,2571,Nature,2012,483,603,22460905,DNA/RNA,NGSequencing,,True,True,True,True,True,True,True,True,True,True,,,,GIANT CELL TUMORS,NA,NA,NA,,,,2552
30065,hs822t,,,ACH-000229,BRAIN,"Primitive neuroectodermal tumor, NOS (C71._)",NA,,F,9,NA,NA,NA,NA,NA,NA,NA,NA,NA,NA,NA,WT,NA,,NA,,,,,,,,,,,,,,,,,,,,,,,,,,,,,,,,,,,,,,,,2571,Nature,2012,483,603,22460905,DNA/RNA,NGSequencing,,True,True,True,True,True,True,True,True,True,True,,,,GLIOMAS,NA,NA,NA,,,,2553
30054,hs618t,,,ACH-000539,LUNG,"Adenocarcinoma, NOS",NA,,F,,NA,NA,NA,NA,NA,NA,NA,NA,NA,NA,NA,WT,NA,,NA,,,,,,,,,,,,,,,,,,,,,,,,,,,,,,,,,,,,,,,,2571,Nature,2012,483,603,22460905,DNA/RNA,NGSequencing,,True,True,True,True,True,True,True,True,True,True,,,,ADENOMAS AND ADENOCARCINOMAS,NA,NA,NA,,,,2554
30055,hs675t,,,ACH-000214,COLON,"Carcinoma, NOS",NA,,M,,NA,NA,NA,NA,NA,NA,NA,NA,NA,NA,NA,WT,NA,,NA,,,,,,,,,,,,,,,,,,,,,,,,,,,,,,,,,,,,,,,,2571,Nature,2012,483,603,22460905,DNA/RNA,NGSequencing,,True,True,True,True,True,True,True,True,True,True,,,,"EPITHELIAL NEOPLASMS, NOS",NA,NA,NA,,,,2555
30056,hs688at,,,ACH-000306,SKIN,"Malignant melanoma, NOS",NA,,M,69,NA,NA,NA,NA,NA,NA,NA,NA,NA,NA,NA,WT,NA,,NA,,,,,,,,,,,,,,,,,,,,,,,,,,,,,,,,,,,,,,,,2571,Nature,2012,483,603,22460905,DNA/RNA,NGSequencing,,True,True,True,True,True,True,True,True,True,True,,,,NEVI AND MELANOMAS,NA,NA,NA,,,,2556
30057,hs695t,,,ACH-000799,SKIN,"Malignant melanoma, NOS",NA,,M,26,NA,NA,NA,NA,NA,NA,NA,NA,NA,NA,NA,WT,NA,,NA,,,,,,,,,,,,,,,,,,,,,,,,,,,,,,,,,,,,,,,,2571,Nature,2012,483,603,22460905,DNA/RNA,NGSequencing,,True,True,True,True,True,True,True,True,True,True,,,,NEVI AND MELANOMAS,NA,NA,NA,,,,2557
30058,hs698t,,,ACH-000850,COLON,"Adenocarcinoma, NOS",NA,,M,,NA,NA,NA,NA,NA,NA,NA,NA,NA,NA,NA,WT,NA,,NA,,,,,,,,,,,,,,,,,,,,,,,,,,,,,,,,,,,,,,,,2571,Nature,2012,483,603,22460905,DNA/RNA,NGSequencing,,True,True,True,True,True,True,True,True,True,True,,,,ADENOMAS AND ADENOCARCINOMAS,NA,NA,NA,,,,2558
30059,hs706t,,,ACH-000071,BONES (other),"Giant cell tumor of bone, NOS (C40._, C41._)",NA,,F,,NA,NA,NA,NA,NA,NA,NA,NA,NA,NA,NA,WT,NA,,NA,,,,,,,,,,,,,,,,,,,,,,,,,,,,,,,,,,,,,,,,2571,Nature,2012,483,603,22460905,DNA/RNA,NGSequencing,,True,True,True,True,True,True,True,True,True,True,,,,GIANT CELL TUMORS,NA,NA,NA,,,,2559
30048,hs343t,,,ACH-000184,BREAST,"Carcinoma, NOS",NA,,F,,NA,NA,NA,NA,NA,NA,NA,NA,NA,NA,NA,WT,NA,,NA,,,,,,,,,,,,,,,,,,,,,,,,,,,,,,,,,,,,,,,,2571,Nature,2012,483,603,22460905,DNA/RNA,NGSequencing,,True,True,True,True,True,True,True,True,True,True,,,,"EPITHELIAL NEOPLASMS, NOS",NA,NA,NA,,,,2560
30049,hs600t,,,ACH-000240,SKIN,"Malignant melanoma, NOS",NA,,NA,,NA,NA,NA,NA,NA,NA,NA,NA,NA,NA,NA,WT,NA,,NA,,,,,,,,,,,,,,,,,,,,,,,,,,,,,,,,,,,,,,,,2571,Nature,2012,483,603,22460905,DNA/RNA,NGSequencing,,True,True,True,True,True,True,True,True,True,True,,,,NEVI AND MELANOMAS,NA,NA,NA,,,,2561
30050,hs604t,,,ACH-001093,LYMPH NODES,"Hodgkin lymphoma, NOS",NA,,M,21,NA,NA,NA,NA,NA,NA,NA,NA,NA,NA,NA,WT,NA,,NA,,,,,,,,,,,,,,,,,,,,,,,,,,,,,,,,,,,,,,,,2571,Nature,2012,483,603,22460905,DNA/RNA,NGSequencing,,True,True,True,True,True,True,True,True,True,True,,,,HODGKIN LYMPHOMA,NA,NA,NA,,,,2562
30051,hs606t,,,ACH-000540,BREAST,"Carcinoma, NOS",NA,,F,,NA,NA,NA,NA,NA,NA,NA,NA,NA,NA,NA,WT,NA,,NA,,,,,,,,,,,,,,,,,,,,,,,,,,,,,,,,,,,,,,,,2571,Nature,2012,483,603,22460905,DNA/RNA,NGSequencing,,True,True,True,True,True,True,True,True,True,True,,,,"EPITHELIAL NEOPLASMS, NOS",NA,NA,NA,,,,2563
30052,hs611t,,,ACH-000069,LYMPH NODES,"Hodgkin lymphoma, NOS",NA,,F,,NA,NA,NA,NA,NA,NA,NA,NA,NA,NA,NA,WT,NA,,NA,,,,,,,,,,,,,,,,,,,,,,,,,,,,,,,,,,,,,,,,2571,Nature,2012,483,603,22460905,DNA/RNA,NGSequencing,,True,True,True,True,True,True,True,True,True,True,,,,HODGKIN LYMPHOMA,NA,NA,NA,,,,2564
30053,hs616t,,,ACH-000063,LYMPH NODES,"Hodgkin lymphoma, NOS",NA,,M,16,NA,NA,NA,NA,NA,NA,NA,NA,NA,NA,NA,WT,NA,,NA,,,,,,,,,,,,,,,,,,,,,,,,,,,,,,,,,,,,,,,,2571,Nature,2012,483,603,22460905,DNA/RNA,NGSequencing,,True,True,True,True,True,True,True,True,True,True,,,,HODGKIN LYMPHOMA,NA,NA,NA,,,,2565
30042,hs172t,,,ACH-000088,BLADDER,"Carcinoma, NOS",NA,,M,,NA,NA,NA,NA,NA,NA,NA,NA,NA,NA,NA,WT,NA,,NA,,,,,,,,,,,,,,,,,,,,,,,,,,,,,,,,,,,,,,,,2571,Nature,2012,483,603,22460905,DNA/RNA,NGSequencing,,True,True,True,True,True,True,True,True,True,True,,,,"EPITHELIAL NEOPLASMS, NOS",NA,NA,NA,,,,2566
30043,hs229t,,,ACH-000131,LUNG,"Adenocarcinoma, NOS",NA,,M,65,NA,NA,NA,NA,NA,NA,NA,NA,NA,NA,NA,WT,NA,,NA,,,,,,,,,,,,,,,,,,,,,,,,,,,,,,,,,,,,,,,,2571,Nature,2012,483,603,22460905,DNA/RNA,NGSequencing,,True,True,True,True,True,True,True,True,True,True,,,,ADENOMAS AND ADENOCARCINOMAS,NA,NA,NA,,,,2567
30044,hs255t,,,ACH-000199,COLON,"Adenocarcinoma, NOS",NA,,F,,NA,NA,NA,NA,NA,NA,NA,NA,NA,NA,NA,WT,NA,,NA,,,,,,,,,,,,,,,,,,,,,,,,,,,,,,,,,,,,,,,,2571,Nature,2012,483,603,22460905,DNA/RNA,NGSequencing,,True,True,True,True,True,True,True,True,True,True,,,,ADENOMAS AND ADENOCARCINOMAS,NA,NA,NA,,,,2568
30045,hs274t,,,ACH-000134,BREAST,"Carcinoma, NOS",NA,,F,,NA,NA,NA,NA,NA,NA,NA,NA,NA,NA,NA,WT,NA,,NA,,,,,,,,,,,,,,,,,,,,,,,,,,,,,,,,,,,,,,,,2571,Nature,2012,483,603,22460905,DNA/RNA,NGSequencing,,True,True,True,True,True,True,True,True,True,True,,,,"EPITHELIAL NEOPLASMS, NOS",NA,NA,NA,,,,2569
30046,hs281t,,,ACH-000083,BREAST,"Carcinoma, NOS",NA,,F,,NA,NA,NA,NA,NA,NA,NA,NA,NA,NA,NA,WT,NA,,NA,,,,,,,,,,,,,,,,,,,,,,,,,,,,,,,,,,,,,,,,2571,Nature,2012,483,603,22460905,DNA/RNA,NGSequencing,,True,True,True,True,True,True,True,True,True,True,,,,"EPITHELIAL NEOPLASMS, NOS",NA,NA,NA,,,,2570
30047,hs294t,,,ACH-000014,SKIN,"Malignant melanoma, NOS",NA,,M,56,NA,NA,NA,NA,NA,NA,NA,NA,NA,NA,NA,WT,NA,,NA,,,,,,,,,,,,,,,,,,,,,,,,,,,,,,,,,,,,,,,,2571,Nature,2012,483,603,22460905,DNA/RNA,NGSequencing,,True,True,True,True,True,True,True,True,True,True,,,,NEVI AND MELANOMAS,NA,NA,NA,,,,2571
30037,hepg2,,,ACH-000739,LIVER,"Hepatocellular carcinoma, NOS (C22.0)",NA,,M,,NA,NA,NA,NA,NA,NA,NA,NA,NA,NA,NA,WT,NA,,NA,,,,,,,,,,,,,,,,,,,,,,,,,,,,,,,,,,,,,,,,2571,Nature,2012,483,603,22460905,DNA/RNA,NGSequencing,,True,True,True,True,True,True,True,True,True,True,,,,ADENOMAS AND ADENOCARCINOMAS,NA,NA,NA,,,,2573
30038,heya8,,,ACH-000542,OVARY,"Carcinoma, NOS",NA,,F,,NA,NA,NA,NA,NA,NA,NA,NA,NA,NA,NA,WT,NA,,NA,,,,,,,,,,,,,,,,,,,,,,,,,,,,,,,,,,,,,,,,2571,Nature,2012,483,603,22460905,DNA/RNA,NGSequencing,,True,True,True,True,True,True,True,True,True,True,,,,"EPITHELIAL NEOPLASMS, NOS",NA,NA,NA,,,,2574
30040,hlfa,,,ACH-000797,LUNG,"Carcinoma, NOS",NA,,F,,NA,NA,NA,NA,NA,NA,NA,NA,NA,NA,NA,WT,NA,,NA,,,,,,,,,,,,,,,,,,,,,,,,,,,,,,,,,,,,,,,,2571,Nature,2012,483,603,22460905,DNA/RNA,NGSequencing,,True,True,True,True,True,True,True,True,True,True,,,,"EPITHELIAL NEOPLASMS, NOS",NA,NA,NA,,,,2576
30041,hrt18,,,ACH-001091,COLON,"Adenocarcinoma, NOS",NA,,M,,NA,NA,NA,NA,NA,NA,NA,NA,NA,NA,NA,WT,NA,,NA,,,,,,,,,,,,,,,,,,,,,,,,,,,,,,,,,,,,,,,,2571,Nature,2012,483,603,22460905,DNA/RNA,NGSequencing,,True,True,True,True,True,True,True,True,True,True,,,,ADENOMAS AND ADENOCARCINOMAS,NA,NA,NA,,,,2577
30031,dm3,,,ACH-000742,LUNG,"Mesothelioma, malignant",NA,,M,,NA,NA,NA,NA,NA,NA,NA,NA,NA,NA,NA,WT,NA,,NA,,,,,,,,,,,,,,,,,,,,,,,,,,,,,,,,,,,,,,,,2571,Nature,2012,483,603,22460905,DNA/RNA,NGSequencing,,True,True,True,True,True,True,True,True,True,True,,,,MESOTHELIAL NEOPLASMS,NA,NA,NA,,,,2579
30032,eol1,,,ACH-000198,HEMATOP. SYSTEM,"Acute myeloid leukemia, NOS",NA,,M,,NA,NA,NA,NA,NA,NA,NA,NA,NA,NA,NA,WT,NA,,NA,,,,,,,,,,,,,,,,,,,,,,,,,,,,,,,,,,,,,,,,2571,Nature,2012,483,603,22460905,DNA/RNA,NGSequencing,,True,True,True,True,True,True,True,True,True,True,,,,MYELOID LEUKEMIAS (C42.1),NA,NA,NA,,,,2580
30035,hcc4006,,,ACH-000066,LUNG,"Adenocarcinoma, NOS",NA,,M,,NA,NA,NA,NA,NA,NA,NA,NA,NA,NA,NA,WT,NA,,NA,,,,,,,,,,,,,,,,,,,,,,,,,,,,,,,,,,,,,,,,2571,Nature,2012,483,603,22460905,DNA/RNA,NGSequencing,,True,True,True,True,True,True,True,True,True,True,,,,ADENOMAS AND ADENOCARCINOMAS,NA,NA,NA,,,,2583
30027,cov434,,,ACH-000123,OVARY,"Granulosa cell tumor, malignant (C56.9)",NA,,F,,NA,NA,NA,NA,NA,NA,NA,NA,NA,NA,NA,WT,NA,,NA,,,,,,,,,,,,,,,,,,,,,,,,,,,,,,,,,,,,,,,,2571,Nature,2012,483,603,22460905,DNA/RNA,NGSequencing,,True,True,True,True,True,True,True,True,True,True,,,,SPECIALIZED GONADAL NEOPLASMS,NA,NA,NA,,,,2587
30029,d341med,,,ACH-000095,BRAIN,"Medulloblastoma, NOS (C71.6)",NA,,M,4,NA,NA,NA,NA,NA,NA,NA,NA,NA,NA,NA,WT,NA,,NA,,,,,,,,,,,,,,,,,,,,,,,,,,,,,,,,,,,,,,,,2571,Nature,2012,483,603,22460905,DNA/RNA,NGSequencing,,True,True,True,True,True,True,True,True,True,True,,,,GLIOMAS,NA,NA,NA,,,,2589
30018,bc3c,,,ACH-000593,BLADDER,"Transitional cell carcinoma, NOS",NA,,F,,NA,NA,NA,NA,NA,NA,NA,NA,NA,NA,NA,WT,NA,,NA,,,,,,,,,,,,,,,,,,,,,,,,,,,,,,,,,,,,,,,,2571,Nature,2012,483,603,22460905,DNA/RNA,NGSequencing,,True,True,True,True,True,True,True,True,True,True,,,,TRANSITIONAL CELL PAPILLOMAS AND CARCINOMAS,NA,NA,NA,,,,2590
30019,bdcm,,,ACH-000080,HEMATOP. SYSTEM,"Precursor cell lymphoblastic leukemia, NOS",NA,,M,,NA,NA,NA,NA,NA,NA,NA,NA,NA,NA,NA,WT,NA,,NA,,,,,,,,,,,,,,,,,,,,,,,,,,,,,,,,,,,,,,,,2571,Nature,2012,483,603,22460905,DNA/RNA,NGSequencing,,True,True,True,True,True,True,True,True,True,True,,,,LYMPHOID LEUKEMIAS (C42.1),NA,NA,NA,,,,2591
30020,bicr18,,,ACH-000992,LARYNX,"Squamous cell carcinoma, NOS",NA,,M,,NA,NA,NA,NA,NA,NA,NA,NA,NA,NA,NA,WT,NA,,NA,,,,,,,,,,,,,,,,,,,,,,,,,,,,,,,,,,,,,,,,2571,Nature,2012,483,603,22460905,DNA/RNA,NGSequencing,,True,True,True,True,True,True,True,True,True,True,,,,SQUAMOUS CELL NEOPLASMS,NA,NA,NA,,,,2592
30022,caki2,,,ACH-000234,KIDNEY,"Clear cell adenocarcinoma, NOS",NA,,M,69,NA,NA,NA,NA,NA,NA,NA,NA,NA,NA,NA,WT,NA,,NA,,,,,,,,,,,,,,,,,,,,,,,,,,,,,,,,,,,,,,,,2571,Nature,2012,483,603,22460905,DNA/RNA,NGSequencing,,True,True,True,True,True,True,True,True,True,True,,,,ADENOMAS AND ADENOCARCINOMAS,NA,NA,NA,,,,2594
30015,253jbv,,,ACH-000026,BLADDER,"Transitional cell carcinoma, NOS",NA,,NA,,NA,NA,NA,NA,NA,NA,NA,NA,NA,NA,NA,WT,NA,,NA,,,,,,,,,,,,,,,,,,,,,,,,,,,,,,,,,,,,,,,,2571,Nature,2012,483,603,22460905,DNA/RNA,NGSequencing,,True,True,True,True,True,True,True,True,True,True,,,,TRANSITIONAL CELL PAPILLOMAS AND CARCINOMAS,NA,NA,NA,,,,2599
28245,HFF,SCRC-1041,,,SKIN,Normal tissue,NA,,M,0,NA,NA,NA,NA,NA,NA,NA,NA,NA,NA,NA,WT,NA,,NA,,,,,,,,,,,,,,,,,,,,,,,,,,,,,,,,,,,,,,,,2573,Mol Cancer Ther,2010,9,2079,20571075,DNA/RNA,none,direct,True,True,True,True,True,True,True,True,True,True,,,,NORMAL TISSUE,NA,NA,NA,,,,2785
28247,HuVec,,,,SOFT TISSUES,Normal tissue,NA,,NA,,NA,NA,NA,NA,NA,NA,NA,NA,NA,NA,NA,WT,NA,,NA,,,,,,,,,,,,,,,,,,,,,,,,,,,,,,,,,,,,,,,,2573,Mol Cancer Ther,2010,9,2079,20571075,DNA/RNA,none,direct,True,True,True,True,True,True,True,True,True,True,,,,NORMAL TISSUE,NA,NA,NA,,,,2787
28406,K562,CCL-243,905940,ACH-000551,HEMATOP. SYSTEM,"Chronic myeloid leukemia, NOS",metastasis (pleura),,F,53,NA,NA,NA,NA,NA,NA,NA,NA,NA,NA,NA,WT,NA,WT,negative,,,,,,,,,,,,,,,,,,,,,,,,,,,,,,,,,,,,,,,,2574,Clin Cancer Res,2000,6,979,10741724,RNA,FASAY,cloned,False,False,True,True,True,True,True,True,True,False,,,,MYELOID LEUKEMIAS (C42.1),metastasis,NA,NA,,,,2794
28409,KOCL33,,,,HEMATOP. SYSTEM,Precursor B-cell lymphoblastic leukemia,NA,,NA,,NA,NA,NA,NA,NA,NA,NA,NA,NA,NA,NA,WT,NA,,NA,,,,,,,,,,,,,,,,,,,,,,,,,,,,,,,,,,,,,,,,2575,Am J Hematol,2010,85,535,20575032,RNA,FASAY,cloned,True,True,True,True,True,True,True,True,True,True,,,,LYMPHOID LEUKEMIAS (C42.1),NA,NA,NA,,,,2798
28410,KOCL44,,,,HEMATOP. SYSTEM,Precursor B-cell lymphoblastic leukemia,NA,,NA,,NA,NA,NA,NA,NA,NA,NA,NA,NA,NA,NA,WT,NA,,NA,,,,,,,,,,,,,,,,,,,,,,,,,,,,,,,,,,,,,,,,2575,Am J Hematol,2010,85,535,20575032,RNA,FASAY,cloned,True,True,True,True,True,True,True,True,True,True,,,,LYMPHOID LEUKEMIAS (C42.1),NA,NA,NA,,,,2799
28431,Endo-kun,,,,HEMATOP. SYSTEM,Precursor B-cell lymphoblastic leukemia,NA,,NA,,NA,NA,NA,NA,NA,NA,NA,NA,NA,NA,NA,WT,NA,,NA,,,,,,,,,,,,,,,,,,,,,,,,,,,,,,,,,,,,,,,,2575,Am J Hematol,2010,85,535,20575032,RNA,FASAY,cloned,True,True,True,True,True,True,True,True,True,True,,,,LYMPHOID LEUKEMIAS (C42.1),NA,NA,NA,,,,2802
28432,Reh,CRL-8286,909696,ACH-000960,HEMATOP. SYSTEM,Precursor B-cell lymphoblastic leukemia,NA,DSMZ ID: ACC 22,F,15,"Northern Africa, NOS",Northern Africa,Africa,Less developed regions,NA,NA,NA,NA,NA,NA,NA,WT,NA,,NA,,,,,,,,,,,,,,,,,,,,,,,,,,,,,,,,,,,,,,,,2575,Am J Hematol,2010,85,535,20575032,RNA,FASAY,cloned,True,True,True,True,True,True,True,True,True,True,,,,LYMPHOID LEUKEMIAS (C42.1),NA,NA,NA,,,,2803
28434,KOPN61,,,,HEMATOP. SYSTEM,Precursor B-cell lymphoblastic leukemia,NA,,NA,,NA,NA,NA,NA,NA,NA,NA,NA,NA,NA,NA,WT,NA,,NA,,,,,,,,,,,,,,,,,,,,,,,,,,,,,,,,,,,,,,,,2575,Am J Hematol,2010,85,535,20575032,RNA,FASAY,cloned,True,True,True,True,True,True,True,True,True,True,,,,LYMPHOID LEUKEMIAS (C42.1),NA,NA,NA,,,,2805
28425,KOPN72bi,,,,HEMATOP. SYSTEM,Precursor B-cell lymphoblastic leukemia,NA,,NA,,NA,NA,NA,NA,NA,NA,NA,NA,NA,NA,NA,WT,NA,,NA,,,,,,,,,,,,,,,,,,,,,,,,,,,,,,,,,,,,,,,,2575,Am J Hematol,2010,85,535,20575032,RNA,FASAY,cloned,True,True,True,True,True,True,True,True,True,True,,,,LYMPHOID LEUKEMIAS (C42.1),NA,NA,NA,,,,2806
28427,KOPN83bi,,,,HEMATOP. SYSTEM,Precursor B-cell lymphoblastic leukemia,NA,,NA,,NA,NA,NA,NA,NA,NA,NA,NA,NA,NA,NA,WT,NA,,NA,,,,,,,,,,,,,,,,,,,,,,,,,,,,,,,,,,,,,,,,2575,Am J Hematol,2010,85,535,20575032,RNA,FASAY,cloned,True,True,True,True,True,True,True,True,True,True,,,,LYMPHOID LEUKEMIAS (C42.1),NA,NA,NA,,,,2808
28428,YAMN91,,,,HEMATOP. SYSTEM,Precursor B-cell lymphoblastic leukemia,NA,,NA,,NA,NA,NA,NA,NA,NA,NA,NA,NA,NA,NA,WT,NA,,NA,,,,,,,,,,,,,,,,,,,,,,,,,,,,,,,,,,,,,,,,2575,Am J Hematol,2010,85,535,20575032,RNA,FASAY,cloned,True,True,True,True,True,True,True,True,True,True,,,,LYMPHOID LEUKEMIAS (C42.1),NA,NA,NA,,,,2809
28429,UOC-B1,,,,HEMATOP. SYSTEM,Precursor B-cell lymphoblastic leukemia,NA,,NA,,NA,NA,NA,NA,NA,NA,NA,NA,NA,NA,NA,WT,NA,,NA,,,,,,,,,,,,,,,,,,,,,,,,,,,,,,,,,,,,,,,,2575,Am J Hematol,2010,85,535,20575032,RNA,FASAY,cloned,True,True,True,True,True,True,True,True,True,True,,,,LYMPHOID LEUKEMIAS (C42.1),NA,NA,NA,,,,2810
28430,YCUB-2,,,,HEMATOP. SYSTEM,Precursor B-cell lymphoblastic leukemia,NA,,NA,,NA,NA,NA,NA,NA,NA,NA,NA,NA,NA,NA,WT,NA,,NA,,,,,,,,,,,,,,,,,,,,,,,,,,,,,,,,,,,,,,,,2575,Am J Hematol,2010,85,535,20575032,RNA,FASAY,cloned,True,True,True,True,True,True,True,True,True,True,,,,LYMPHOID LEUKEMIAS (C42.1),NA,NA,NA,,,,2811
28422,KOPN30bi,,,,HEMATOP. SYSTEM,Precursor B-cell lymphoblastic leukemia,NA,,NA,,NA,NA,NA,NA,NA,NA,NA,NA,NA,NA,NA,WT,NA,,NA,,,,,,,,,,,,,,,,,,,,,,,,,,,,,,,,,,,,,,,,2575,Am J Hematol,2010,85,535,20575032,RNA,FASAY,cloned,True,True,True,True,True,True,True,True,True,True,,,,LYMPHOID LEUKEMIAS (C42.1),NA,NA,NA,,,,2816
28423,KOPN57bi,,,,HEMATOP. SYSTEM,Precursor B-cell lymphoblastic leukemia,NA,,NA,,NA,NA,NA,NA,NA,NA,NA,NA,NA,NA,NA,WT,NA,,NA,,,,,,,,,,,,,,,,,,,,,,,,,,,,,,,,,,,,,,,,2575,Am J Hematol,2010,85,535,20575032,RNA,FASAY,cloned,True,True,True,True,True,True,True,True,True,True,,,,LYMPHOID LEUKEMIAS (C42.1),NA,NA,NA,,,,2817
28424,KOPN66bi,,,,HEMATOP. SYSTEM,Precursor B-cell lymphoblastic leukemia,NA,,NA,,NA,NA,NA,NA,NA,NA,NA,NA,NA,NA,NA,WT,NA,,NA,,,,,,,,,,,,,,,,,,,,,,,,,,,,,,,,,,,,,,,,2575,Am J Hematol,2010,85,535,20575032,RNA,FASAY,cloned,True,True,True,True,True,True,True,True,True,True,,,,LYMPHOID LEUKEMIAS (C42.1),NA,NA,NA,,,,2818
28413,KOCL51,,,,HEMATOP. SYSTEM,Precursor B-cell lymphoblastic leukemia,NA,,NA,,NA,NA,NA,NA,NA,NA,NA,NA,NA,NA,NA,WT,NA,,NA,,,,,,,,,,,,,,,,,,,,,,,,,,,,,,,,,,,,,,,,2575,Am J Hematol,2010,85,535,20575032,RNA,FASAY,cloned,True,True,True,True,True,True,True,True,True,True,,,,LYMPHOID LEUKEMIAS (C42.1),NA,NA,NA,,,,2819
28414,KOCL58,,,,HEMATOP. SYSTEM,Precursor B-cell lymphoblastic leukemia,NA,,NA,,NA,NA,NA,NA,NA,NA,NA,NA,NA,NA,NA,WT,NA,,NA,,,,,,,,,,,,,,,,,,,,,,,,,,,,,,,,,,,,,,,,2575,Am J Hematol,2010,85,535,20575032,RNA,FASAY,cloned,True,True,True,True,True,True,True,True,True,True,,,,LYMPHOID LEUKEMIAS (C42.1),NA,NA,NA,,,,2820
28417,KOPN34,,,,HEMATOP. SYSTEM,Precursor B-cell lymphoblastic leukemia,NA,,NA,,NA,NA,NA,NA,NA,NA,NA,NA,NA,NA,NA,WT,NA,,NA,,,,,,,,,,,,,,,,,,,,,,,,,,,,,,,,,,,,,,,,2575,Am J Hematol,2010,85,535,20575032,RNA,FASAY,cloned,True,True,True,True,True,True,True,True,True,True,,,,LYMPHOID LEUKEMIAS (C42.1),NA,NA,NA,,,,2823
28438,Ma12,,,,LUNG,"Adenocarcinoma, NOS",NA,,NA,,NA,NA,NA,NA,NA,HPV-,NA,NA,NA,NA,NA,WT,NA,,NA,,,,,,,,,,,,,,,,,,,,,,,,,,,,,,,,,,,,,,,,2576,Cancer Sci,2010,101,1891,20557307,DNA,none,direct,True,True,True,True,True,True,True,True,True,True,,,,ADENOMAS AND ADENOCARCINOMAS,NA,NA,NA,,,,2830
28440,Ma26,,,,LUNG,"Adenocarcinoma, NOS",NA,,NA,,NA,NA,NA,NA,NA,HPV-,NA,NA,NA,NA,NA,WT,NA,,NA,,,,,,,,,,,,,,,,,,,,,,,,,,,,,,,,,,,,,,,,2576,Cancer Sci,2010,101,1891,20557307,DNA,none,direct,True,True,True,True,True,True,True,True,True,True,,,,ADENOMAS AND ADENOCARCINOMAS,NA,NA,NA,,,,2832
28448,Lu24,,,,LUNG,"Small cell carcinoma, NOS",NA,,NA,,NA,NA,NA,NA,NA,HPV-,NA,NA,NA,NA,NA,WT,NA,,NA,,,,,,,,,,,,,,,,,,,,,,,,,,,,,,,,,,,,,,,,2576,Cancer Sci,2010,101,1891,20557307,DNA,none,direct,True,True,True,True,True,True,True,True,True,True,,,,"EPITHELIAL NEOPLASMS, NOS",NA,NA,NA,,,,2838
28449,Ms18,,,,LUNG,"Small cell carcinoma, NOS",NA,,NA,,NA,NA,NA,NA,NA,HPV-,NA,NA,NA,NA,NA,WT,NA,,NA,,,,,,,,,,,,,,,,,,,,,,,,,,,,,,,,,,,,,,,,2576,Cancer Sci,2010,101,1891,20557307,DNA,none,direct,True,True,True,True,True,True,True,True,True,True,,,,"EPITHELIAL NEOPLASMS, NOS",NA,NA,NA,,,,2839
28456,PaCa 5061,,,,PANCREAS,"Adenocarcinoma, NOS",primary,,M,63,Germany,Western Europe,Europe,More developed regions,NA,NA,NA,NA,NA,"KRAS (GGT>GAT, p.G12D)",NA,WT,NA,,NA,,,,,,,,,,,,,,,,,,,,,,,,,,,,,,,,,,,,,,,,2577,BMC Cancer,2010,10,295,20553613,DNA,,,False,False,True,True,True,True,True,True,False,False,,,,ADENOMAS AND ADENOCARCINOMAS,primary,NA,NA,,,,2849
28457,L5T,,,,LUNG,"Squamous cell carcinoma, NOS",primary,,F,41,Russia,Eastern Europe,Europe,More developed regions,NA,NA,NA,NA,NA,KRAS(codon12) WT,NA,WT,NA,,NA,,,,,,,,,,,,,,,,,,,,,,,,,,,,,,,,,,,,,,,,2578,Br J Cancer,2010,102,1533,20407446,DNA,none,direct,False,False,False,True,True,True,False,False,False,False,,,,SQUAMOUS CELL NEOPLASMS,primary,NA,NA,,,,2850
28458,L5N,,,,LUNG,Normal tissue,NA,,F,41,Russia,Eastern Europe,Europe,More developed regions,NA,NA,NA,NA,NA,KRAS(codon12) WT,NA,WT,NA,,NA,,,,,,,,,,,,,,,,,,,,,,,,,,,,,,,,,,,,,,,,2578,Br J Cancer,2010,102,1533,20407446,DNA,none,direct,False,False,False,True,True,True,False,False,False,False,,,,NORMAL TISSUE,NA,NA,NA,,,,2851
28459,L6T,,,,LUNG,"Squamous cell carcinoma, NOS",primary,,M,58,Russia,Eastern Europe,Europe,More developed regions,NA,NA,NA,NA,NA,KRAS(codon12) WT,NA,WT,NA,,NA,,,,,,,,,,,,,,,,,,,,,,,,,,,,,,,,,,,,,,,,2578,Br J Cancer,2010,102,1533,20407446,DNA,none,direct,False,False,False,True,True,True,False,False,False,False,,,,SQUAMOUS CELL NEOPLASMS,primary,NA,NA,,,,2852
28460,L6N,,,,LUNG,Normal tissue,NA,,M,58,Russia,Eastern Europe,Europe,More developed regions,NA,NA,NA,NA,NA,KRAS(codon12) WT,NA,WT,NA,,NA,,,,,,,,,,,,,,,,,,,,,,,,,,,,,,,,,,,,,,,,2578,Br J Cancer,2010,102,1533,20407446,DNA,none,direct,False,False,False,True,True,True,False,False,False,False,,,,NORMAL TISSUE,NA,NA,NA,,,,2853
28461,L13T,,,,BONES (other),"Chondrosarcoma, NOS (C40._, C41._)",NA,,M,16,Russia,Eastern Europe,Europe,More developed regions,NA,NA,NA,NA,NA,KRAS(codon12) WT,NA,WT,NA,,NA,,,,,,,,,,,,,,,,,,,,,,,,,,,,,,,,,,,,,,,,2578,Br J Cancer,2010,102,1533,20407446,DNA,none,direct,False,False,False,True,True,True,False,False,False,False,,,,OSSEOUS AND CHONDROMATOUS NEOPLASMS,NA,NA,NA,,,,2854
28462,L13N,,,,BONES (other),Normal tissue,NA,,M,16,Russia,Eastern Europe,Europe,More developed regions,NA,NA,NA,NA,NA,KRAS(codon12) WT,NA,WT,NA,,NA,,,,,,,,,,,,,,,,,,,,,,,,,,,,,,,,,,,,,,,,2578,Br J Cancer,2010,102,1533,20407446,DNA,none,direct,False,False,False,True,True,True,False,False,False,False,,,,NORMAL TISSUE,NA,NA,NA,,,,2855
28463,L15T,,,,LUNG,"Squamous cell carcinoma, NOS",NA,,M,66,Russia,Eastern Europe,Europe,More developed regions,NA,NA,NA,NA,NA,KRAS(codon12) WT,NA,WT,NA,,NA,,,,,,,,,,,,,,,,,,,,,,,,,,,,,,,,,,,,,,,,2578,Br J Cancer,2010,102,1533,20407446,DNA,none,direct,False,False,False,True,True,True,False,False,False,False,,,,SQUAMOUS CELL NEOPLASMS,NA,NA,NA,,,,2856
28464,E1T,,,,ESOPHAGUS,"Squamous cell carcinoma, NOS",NA,,F,42,Russia,Eastern Europe,Europe,More developed regions,NA,NA,NA,NA,NA,KRAS(codon12) WT,NA,WT,NA,,NA,,,,,,,,,,,,,,,,,,,,,,,,,,,,,,,,,,,,,,,,2578,Br J Cancer,2010,102,1533,20407446,DNA,none,direct,False,False,False,True,True,True,False,False,False,False,,,,SQUAMOUS CELL NEOPLASMS,NA,NA,NA,,,,2857
28465,E1N,,,,ESOPHAGUS,Normal tissue,NA,,F,42,Russia,Eastern Europe,Europe,More developed regions,NA,NA,NA,NA,NA,KRAS(codon12) WT,NA,WT,NA,,NA,,,,,,,,,,,,,,,,,,,,,,,,,,,,,,,,,,,,,,,,2578,Br J Cancer,2010,102,1533,20407446,DNA,none,direct,False,False,False,True,True,True,False,False,False,False,,,,NORMAL TISSUE,NA,NA,NA,,,,2858
28466,P3T,,,,PANCREAS,"Adenocarcinoma, NOS",NA,,M,62,Russia,Eastern Europe,Europe,More developed regions,NA,NA,NA,NA,NA,KRAS(codon12) WT,NA,WT,NA,,NA,,,,,,,,,,,,,,,,,,,,,,,,,,,,,,,,,,,,,,,,2578,Br J Cancer,2010,102,1533,20407446,DNA,none,direct,False,False,False,True,True,True,False,False,False,False,,,,ADENOMAS AND ADENOCARCINOMAS,NA,NA,NA,,,,2859
28467,P4T,,,,PANCREAS,"Adenocarcinoma, NOS",NA,,M,51,Russia,Eastern Europe,Europe,More developed regions,NA,NA,NA,NA,NA,KRAS(codon12) WT,NA,WT,NA,,NA,,,,,,,,,,,,,,,,,,,,,,,,,,,,,,,,,,,,,,,,2578,Br J Cancer,2010,102,1533,20407446,DNA,none,direct,False,False,False,True,True,True,False,False,False,False,,,,ADENOMAS AND ADENOCARCINOMAS,NA,NA,NA,,,,2860
28471,SNU-796,,,,RECTUM,"Adenocarcinoma, NOS",primary,,F,34,Korea,Eastern Asia,Asia,Less developed regions,NA,NA,NA,NA,NA,KRAS WT,NA,WT,NA,,NA,,,,,,,,,,,,,,,,,,,,,,,,,,,,,,,,,,,,,,,,2579,Carcinogenesis,2010,31,1003,20176655,DNA,none,direct,False,False,True,True,True,True,True,False,False,False,,,,ADENOMAS AND ADENOCARCINOMAS,primary,NA,NA,,,,2864
28483,SNU-1746,,,,COLON,Signet ring cell carcinoma,metastasis (LN),,M,43,Korea,Eastern Asia,Asia,Less developed regions,NA,NA,NA,NA,NA,"KRAS (GGT>GAT, p.G12D)",NA,WT,NA,,NA,,,,,,,,,,,,,,,,,,,,,,,,,,,,,,,,,,,,,,,,2579,Carcinogenesis,2010,31,1003,20176655,DNA,none,direct,False,False,True,True,True,True,True,False,False,False,,,,"CYSTIC, MUCINOUS AND SEROUS NEOPLASMS",metastasis,NA,NA,,,,2867
28476,SNU-1406,,,,COLON,"Adenocarcinoma, NOS",primary,,F,59,Korea,Eastern Asia,Asia,Less developed regions,NA,NA,NA,NA,NA,KRAS WT,NA,WT,NA,,NA,,,,,,,,,,,,,,,,,,,,,,,,,,,,,,,,,,,,,,,,2579,Carcinogenesis,2010,31,1003,20176655,DNA,none,direct,False,False,True,True,True,True,True,False,False,False,,,,ADENOMAS AND ADENOCARCINOMAS,primary,NA,NA,,,,2869
28478,SNU-1460,,,,COLON,"Adenocarcinoma, NOS",primary,,M,25,Korea,Eastern Asia,Asia,Less developed regions,NA,NA,NA,NA,NA,"KRAS (GGC>GAC, p.G13D)",NA,WT,NA,,NA,,,,,,,,,,,,,,,,,,,,,,,,,,,,,,,,,,,,,,,,2579,Carcinogenesis,2010,31,1003,20176655,DNA,none,direct,False,False,True,True,True,True,True,False,False,False,,,,ADENOMAS AND ADENOCARCINOMAS,primary,NA,NA,,,,2871
28480,SNU-1544,,,,COLON,"Adenocarcinoma, NOS",primary,,F,38,Korea,Eastern Asia,Asia,Less developed regions,NA,NA,NA,NA,NA,"KRAS (GGC>GAC, p.G13D)",NA,WT,NA,,NA,,,,,,,,,,,,,,,,,,,,,,,,,,,,,,,,,,,,,,,,2579,Carcinogenesis,2010,31,1003,20176655,DNA,none,direct,False,False,True,True,True,True,True,False,False,False,,,,ADENOMAS AND ADENOCARCINOMAS,primary,NA,NA,,,,2872
28481,SNU-1684,,,,COLON,"Adenocarcinoma, NOS",primary,,M,43,Korea,Eastern Asia,Asia,Less developed regions,NA,NA,NA,NA,NA,KRAS WT,NA,WT,NA,,NA,,,,,,,,,,,,,,,,,,,,,,,,,,,,,,,,,,,,,,,,2579,Carcinogenesis,2010,31,1003,20176655,DNA,none,direct,False,False,True,True,True,True,True,False,False,False,,,,ADENOMAS AND ADENOCARCINOMAS,primary,NA,NA,,,,2873
28484,CAOV4,HTB-76,949090,ACH-000103,OVARY,"Adenocarcinoma, NOS",metastasis (NOS),No induction of p21 after X-ray exposure,F,45,NA,NA,NA,NA,NA,NA,NA,NA,NA,NA,NA,WT,NA,MUT,NA,,,,,,,,,,,,,,,,,,,,,,,,,,,,,,,,,,,,,,,,2580,Oncol Rep,2010,23,1021,20204287,DNA,AmpliChip,,True,True,True,True,True,True,True,True,True,True,,,,ADENOMAS AND ADENOCARCINOMAS,metastasis,NA,NA,,,,2874
28485,CAOV3,HTB-75,906825,ACH-000713,OVARY,"Adenocarcinoma, NOS",NA,,F,54,NA,NA,NA,NA,NA,NA,NA,NA,NA,NA,NA,WT,NA,WT,NA,,,,,,,,,,,,,,,,,,,,,,,,,,,,,,,,,,,,,,,,2580,Oncol Rep,2010,23,1021,20204287,DNA,AmpliChip,,True,True,True,True,True,True,True,True,True,True,,,,ADENOMAS AND ADENOCARCINOMAS,NA,NA,NA,,,,2875
28486,IOSE29,,,,OVARY,Normal tissue,NA,SV40 transformed,F,,NA,NA,NA,NA,NA,NA,NA,NA,NA,NA,NA,WT,NA,,NA,,,,,,,,,,,,,,,,,,,,,,,,,,,,,,,,,,,,,,,,2580,Oncol Rep,2010,23,1021,20204287,DNA,AmpliChip,,True,True,True,True,True,True,True,True,True,True,,,,NORMAL TISSUE,NA,NA,NA,,,,2876
28489,HEY,,,ACH-002140,OVARY,"Cystadenocarcinoma, NOS",metastasis (peritoneum),,F,,NA,NA,NA,NA,NA,NA,NA,NA,NA,NA,NA,WT,NA,,NA,,,,,,,,,,,,,,,,,,,,,,,,,,,,,,,,,,,,,,,,2580,Oncol Rep,2010,23,1021,20204287,DNA,AmpliChip,,True,True,True,True,True,True,True,True,True,True,,,,"CYSTIC, MUCINOUS AND SEROUS NEOPLASMS",metastasis,NA,NA,,,,2880
28491,XG10,,,,HEMATOP. SYSTEM,Multiple myeloma (C42.1),NA,,NA,,NA,NA,NA,NA,NA,NA,NA,NA,NA,"KRAS (GGC>TGC, p.G13C)",NA,WT,NA,,NA,,,,,,,,,,,,,,,,,,,,,,,,,,,,,,,,,,,,,,,,2581,Haematologica,2011,96,574,21173094,RNA,none,direct,True,True,True,True,True,True,True,True,True,True,,,,PLASMA CELL TUMORS,NA,NA,NA,,,,2882
28492,XG6,,,,HEMATOP. SYSTEM,Multiple myeloma (C42.1),NA,,NA,,NA,NA,NA,NA,NA,NA,NA,NA,NA,KRAS WT,NA,WT,NA,,NA,,,,,,,,,,,,,,,,,,,,,,,,,,,,,,,,,,,,,,,,2581,Haematologica,2011,96,574,21173094,RNA,none,direct,True,True,True,True,True,True,True,True,True,True,,,,PLASMA CELL TUMORS,NA,NA,NA,,,,2883
28493,XG12,,,,HEMATOP. SYSTEM,Multiple myeloma (C42.1),NA,,NA,,NA,NA,NA,NA,NA,NA,NA,NA,NA,"KRAS (CAA>AAT, p.Q61N)",NA,WT,NA,,NA,,,,,,,,,,,,,,,,,,,,,,,,,,,,,,,,,,,,,,,,2581,Haematologica,2011,96,574,21173094,RNA,none,direct,True,True,True,True,True,True,True,True,True,True,,,,PLASMA CELL TUMORS,NA,NA,NA,,,,2884
28494,XG19,,,,HEMATOP. SYSTEM,Multiple myeloma (C42.1),NA,,NA,,NA,NA,NA,NA,NA,NA,NA,NA,NA,KRAS WT,NA,WT,NA,,NA,,,,,,,,,,,,,,,,,,,,,,,,,,,,,,,,,,,,,,,,2581,Haematologica,2011,96,574,21173094,RNA,none,direct,True,True,True,True,True,True,True,True,True,True,,,,PLASMA CELL TUMORS,NA,NA,NA,,,,2885
28520,NCI-H929,,,ACH-000050,HEMATOP. SYSTEM,Multiple myeloma (C42.1),metastasis (pleura),,F,62,NA,NA,NA,NA,NA,NA,NA,NA,NA,"KRAS (GGT>GAT, p.G12D)",NA,WT,NA,,NA,,,,,,,,,,,,,,,,,,,,,,,,,,,,,,,,,,,,,,,,2581,Haematologica,2011,96,574,21173094,RNA,none,direct,True,True,True,True,True,True,True,True,True,True,,,,PLASMA CELL TUMORS,metastasis,NA,NA,,,,2886
28513,MM1S,,,ACH-000763,HEMATOP. SYSTEM,Multiple myeloma (C42.1),NA,,NA,,NA,NA,NA,NA,NA,NA,NA,NA,NA,"KRAS (GGT>GCT, p.G12A)",NA,WT,NA,,NA,,,,,,,,,,,,,,,,,,,,,,,,,,,,,,,,,,,,,,,,2581,Haematologica,2011,96,574,21173094,RNA,none,direct,True,True,True,True,True,True,True,True,True,True,,,,PLASMA CELL TUMORS,NA,NA,NA,,,,2887
28515,XG24,,,,HEMATOP. SYSTEM,Multiple myeloma (C42.1),NA,,NA,,NA,NA,NA,NA,NA,NA,NA,NA,NA,KRAS MUT,NA,WT,NA,,NA,,,,,,,,,,,,,,,,,,,,,,,,,,,,,,,,,,,,,,,,2581,Haematologica,2011,96,574,21173094,RNA,none,direct,True,True,True,True,True,True,True,True,True,True,,,,PLASMA CELL TUMORS,NA,NA,NA,,,,2888
28519,XG7,,,,HEMATOP. SYSTEM,Multiple myeloma (C42.1),NA,,NA,,NA,NA,NA,NA,NA,NA,NA,NA,NA,"KRAS (GGT>TGT, p.G12C)",NA,WT,NA,,NA,,,,,,,,,,,,,,,,,,,,,,,,,,,,,,,,,,,,,,,,2581,Haematologica,2011,96,574,21173094,RNA,none,direct,True,True,True,True,True,True,True,True,True,True,,,,PLASMA CELL TUMORS,NA,NA,NA,,,,2892
28507,XG21,,,,HEMATOP. SYSTEM,Multiple myeloma (C42.1),NA,,NA,,NA,NA,NA,NA,NA,NA,NA,NA,NA,KRAS WT,NA,WT,NA,,NA,,,,,,,,,,,,,,,,,,,,,,,,,,,,,,,,,,,,,,,,2581,Haematologica,2011,96,574,21173094,RNA,none,direct,True,True,True,True,True,True,True,True,True,True,,,,PLASMA CELL TUMORS,NA,NA,NA,,,,2893
28508,MDN,,,,HEMATOP. SYSTEM,Multiple myeloma (C42.1),NA,,NA,,NA,NA,NA,NA,NA,NA,NA,NA,NA,"KRAS (GGT>GAT, p.G12D)",NA,WT,NA,,NA,,,,,,,,,,,,,,,,,,,,,,,,,,,,,,,,,,,,,,,,2581,Haematologica,2011,96,574,21173094,RNA,none,direct,True,True,True,True,True,True,True,True,True,True,,,,PLASMA CELL TUMORS,NA,NA,NA,,,,2894
28501,SBN,,,,HEMATOP. SYSTEM,Multiple myeloma (C42.1),NA,,NA,,NA,NA,NA,NA,NA,NA,NA,NA,NA,KRAS WT,NA,WT,NA,,NA,,,,,,,,,,,,,,,,,,,,,,,,,,,,,,,,,,,,,,,,2581,Haematologica,2011,96,574,21173094,RNA,none,direct,True,True,True,True,True,True,True,True,True,True,,,,PLASMA CELL TUMORS,NA,NA,NA,,,,2899
28503,AMO1,,,ACH-000838,HEMATOP. SYSTEM,"Plasmacytoma, NOS",metastasis (peritoneum),DSMZ ID: ACC 538,F,64,NA,NA,NA,NA,NA,NA,NA,NA,NA,KRAS WT,NA,WT,NA,,NA,,,,,,,,,,,,,,,,,,,,,,,,,,,,,,,,,,,,,,,,2581,Haematologica,2011,96,574,21173094,RNA,none,direct,True,True,True,True,True,True,True,True,True,True,,,,PLASMA CELL TUMORS,metastasis,NA,NA,,,,2901
28506,BCN,,,,HEMATOP. SYSTEM,Multiple myeloma (C42.1),NA,,NA,,NA,NA,NA,NA,NA,NA,NA,NA,NA,KRAS WT,NA,WT,NA,,NA,,,,,,,,,,,,,,,,,,,,,,,,,,,,,,,,,,,,,,,,2581,Haematologica,2011,96,574,21173094,RNA,none,direct,True,True,True,True,True,True,True,True,True,True,,,,PLASMA CELL TUMORS,NA,NA,NA,,,,2904
28498,XG3,,,,HEMATOP. SYSTEM,Multiple myeloma (C42.1),NA,,NA,,NA,NA,NA,NA,NA,NA,NA,NA,NA,"KRAS (CAA>AAA, p.Q61K)",NA,WT,NA,,NA,,,,,,,,,,,,,,,,,,,,,,,,,,,,,,,,,,,,,,,,2581,Haematologica,2011,96,574,21173094,RNA,none,direct,True,True,True,True,True,True,True,True,True,True,,,,PLASMA CELL TUMORS,NA,NA,NA,,,,2908
21455,L-428,,907322,ACH-000754,LYMPH NODES,"Hodgkin lymphoma, NOS",NA,,F,37,NA,NA,NA,NA,NA,NA,NA,NA,NA,KRAS WT,NA,WT,NA,,NA,6094,7520078,7579353,7676035,4-exon,112,del33,c.334_366del,g.7579321_7579353del,g.7676003_7676035del,p.G112_V122del,,0,0,no,del,G,NA,GGC,NA,Gly,NA,other,NA,NA,NA,,,NA,NA,NA,,,,,,,,,2056,Br J Cancer,2004,91,355,15188009,DNA,none,direct,True,True,True,True,True,True,True,True,True,True,2,NDBL/beta-sheets,G112_V122del,HODGKIN LYMPHOMA,NA,NA,NA,NC_000017.10:g.7579321_7579353del,NC_000017.11:g.7676003_7676035del,NM_000546.5:c.334_366del,1553
