feature,delta_value,p_value,corrected_p_value
CDKN1A,-98.775,0.00021108466415340488,0.36830435991784544
PHLDA3,-52.49500000000001,5.60970313299237e-05,0.36830435991784544
FDXR,-20.385,0.00018510316414846223,0.36830435991784544
ZMAT3,-7.13,0.00014919468600865077,0.36830435991784544
SESN1,-7.049999999999997,0.00017326970842482722,0.36830435991784544
EDA2R,-5.805000000000001,0.00014919468600865077,0.36830435991784544
TP53INP1,-3.3200000000000003,0.00020096418146293602,0.36830435991784544
HOGA1,-1.0799999999999998,0.00010832066565529883,0.36830435991784544
PTCHD4,-0.785,0.000159477492603621,0.36830435991784544
MAGIX,-0.7,0.00018207556116366983,0.36830435991784544
APOBEC3H,-0.33999999999999986,0.00013953847782554113,0.36830435991784544
RGCC,5.485,0.0002825850905518564,0.4519713035801483
TMEM129,-13.23,0.0003110797465477238,0.45927335196080477
DDB2,-32.22,0.0004985148935752053,0.6834283108849225
TSPAN31,-19.775000000000006,0.0006979845539674784,0.7787263050817732
CYFIP2,-16.500000000000004,0.000647029910031932,0.7787263050817732
ABCA12,-0.1399999999999999,0.0007303221743068784,0.7787263050817732
VRK1,25.169999999999987,0.0007193914579893768,0.7787263050817732
RPL37,1521.2500000000005,0.0008112647778146808,0.81950552003143
GDF15,-104.91499999999999,0.0009696562205063118,0.8838577863732694
SYAP1,-6.595000000000001,0.0009696562205063118,0.8838577863732694
TTLL5,11.170000000000002,0.0010591741304947218,0.8838577863732694
RPL22,316.2150000000004,0.0010591741304947218,0.8838577863732694
BBC3,-5.335000000000002,0.0011395490278128238,0.9113068537838136
LRPAP1,-49.82000000000002,0.001190442779797522,0.9139267309061536
PSAP,-289.59000000000054,0.017356789412701256,0.9358134096385307
ATP5ME,-255.38000000000034,0.004952445765450429,0.9358134096385307
PPIB,-249.05500000000018,0.010424273608071462,0.9358134096385307
HSP90B1,-229.03499999999968,0.03901168331216344,0.9358134096385307
P4HB,-208.88999999999987,0.023380805510503228,0.9358134096385307
LGALS3BP,-123.41000000000005,0.004826362066420751,0.9358134096385307
RPS27L,-113.96,0.012888926982568175,0.9358134096385307
BSG,-113.09500000000003,0.04061050675095537,0.9358134096385307
EIF4A2,-88.49999999999994,0.010932483282142382,0.9358134096385307
BAX,-78.49000000000004,0.010932483282142382,0.9358134096385307
SAT1,-74.99999999999997,0.044852220572255456,0.9358134096385307
CHMP2A,-69.18500000000002,0.01815299976697282,0.9358134096385307
GLUL,-66.88000000000004,0.02745524242192374,0.9358134096385307
ID1,-64.35500000000005,0.043112694078518116,0.9358134096385307
EDF1,-63.10000000000008,0.035246877265629716,0.9358134096385307
ITGB5,-59.905000000000015,0.00880705847699511,0.9358134096385307
CST3,-59.31000000000006,0.032462538074721485,0.9358134096385307
DHCR24,-57.495,0.015148979523528179,0.9358134096385307
TSPAN3,-54.18000000000001,0.014470095869342586,0.9358134096385307
PLXNB2,-49.40999999999999,0.03634231920249576,0.9358134096385307
PHPT1,-49.325000000000045,0.04143052999531741,0.9358134096385307
TMED2,-48.629999999999995,0.018981013466882187,0.9358134096385307
CNPY2,-45.719999999999985,0.04397519606144172,0.9358134096385307
COMT,-44.95,0.02804229123928648,0.9358134096385307
LITAF,-44.90499999999999,0.028339851257560923,0.9358134096385307
ATP6V1E1,-41.160000000000025,0.01697029363017236,0.9358134096385307
NDUFB10,-40.80000000000001,0.023635101982833903,0.9358134096385307
EMC10,-40.72999999999999,0.006228444663865004,0.9358134096385307
MRFAP1,-40.49500000000006,0.030499933305286137,0.9358134096385307
ATP6V0C,-39.49000000000004,0.009937193010128903,0.9358134096385307
CNDP2,-39.225,0.04143052999531741,0.9358134096385307
ASAH1,-38.37499999999999,0.033140341685836995,0.9358134096385307
GIPC1,-38.225000000000065,0.01815299976697282,0.9358134096385307
TNFRSF10B,-36.58000000000001,0.018981013466882187,0.9358134096385307
NDUFA11,-35.16500000000008,0.03114249757290781,0.9358134096385307
CD276,-34.33999999999999,0.005081500936720596,0.9358134096385307
SLC39A1,-34.28000000000007,0.015148979523528179,0.9358134096385307
HEXA,-34.28,0.02745524242192374,0.9358134096385307
NUCB1,-33.974999999999994,0.025757277956698774,0.9358134096385307
BLVRA,-32.72499999999998,0.032462538074721485,0.9358134096385307
RHOB,-32.39500000000001,0.005081500936720596,0.9358134096385307
SLC6A8,-32.165000000000006,0.012591699970503684,0.9358134096385307
TMED3,-32.08500000000001,0.02745524242192374,0.9358134096385307
MDM2,-31.660000000000007,0.0019336379020045312,0.9358134096385307
NOMO1,-31.474999999999987,0.044852220572255456,0.9358134096385307
IGFBP2,-29.285,0.026033802017270895,0.9358134096385307
SLC39A6,-28.980000000000008,0.009133398982883907,0.9358134096385307
MYH10,-28.61,0.02312888738756597,0.9358134096385307
RCN2,-28.27499999999999,0.022144640566891412,0.9358134096385307
SCARB1,-27.91500000000001,0.039804283783925594,0.9358134096385307
TRAF4,-25.675000000000004,0.026033802017270895,0.9358134096385307
DDA1,-25.659999999999997,0.005081500936720596,0.9358134096385307
TMED4,-25.619999999999976,0.03348376158177895,0.9358134096385307
SARAF,-25.495000000000047,0.02745524242192374,0.9358134096385307
PDXDC1,-25.115,0.035246877265629716,0.9358134096385307
ISCU,-24.945000000000007,0.00334137321765258,0.9358134096385307
MRPL28,-24.924999999999997,0.009470491327320755,0.9358134096385307
DAG1,-24.065000000000005,0.012445374697815186,0.9358134096385307
HAGH,-23.61499999999999,0.010178139541293194,0.9358134096385307
SEC11C,-23.390000000000008,0.03901168331216344,0.9358134096385307
ABHD12,-23.365000000000016,0.01119475159492185,0.9358134096385307
CDIPT,-23.310000000000016,0.007417825069621561,0.9358134096385307
AKT2,-22.684999999999995,0.017356789412701256,0.9358134096385307
CXXC5,-22.370000000000005,0.022144640566891412,0.9358134096385307
MSI2,-22.165000000000013,0.03823252870130061,0.9358134096385307
PTP4A1,-21.870000000000005,0.03746664448133562,0.9358134096385307
C5orf15,-21.815000000000012,0.016779893484123967,0.9358134096385307
PTGFRN,-21.54,0.012888926982568175,0.9358134096385307
PLEKHJ1,-21.139999999999993,0.03383022127563643,0.9358134096385307
SLC35B2,-21.134999999999977,0.03417974167001855,0.9358134096385307
SNRNP25,-21.025000000000006,0.009133398982883907,0.9358134096385307
FAM234A,-20.884999999999973,0.02687882616560587,0.9358134096385307
ISOC2,-20.485,0.0367138563627041,0.9358134096385307
EPDR1,-20.075000000000003,0.017356789412701256,0.9358134096385307
WBP1,-19.664999999999985,0.018981013466882187,0.9358134096385307
SCARB2,-19.384999999999984,0.029248908097626695,0.9358134096385307
SPP1,-18.710000000000004,0.029248908097626695,0.9358134096385307
PLXND1,-17.949999999999996,0.042264532429497424,0.9358134096385307
APOBEC3C,-17.915000000000003,0.02312888738756597,0.9358134096385307
NME3,-17.705000000000016,0.033140341685836995,0.9358134096385307
STAT3,-17.45000000000001,0.01775098289587564,0.9358134096385307
TM9SF2,-17.404999999999994,0.035246877265629716,0.9358134096385307
JOSD2,-16.995000000000008,0.020736608272804612,0.9358134096385307
NAT14,-16.65,0.032462538074721485,0.9358134096385307
MBD3,-16.565000000000005,0.019193106804592148,0.9358134096385307
UBAC2,-16.464999999999982,0.010178139541293194,0.9358134096385307
RPL17-C18orf32,-16.414999999999992,0.03823252870130061,0.9358134096385307
NOL3,-16.025000000000002,0.010178139541293194,0.9358134096385307
NINJ1,-15.83000000000001,0.0367138563627041,0.9358134096385307
SIL1,-15.760000000000009,0.012888926982568175,0.9358134096385307
PIGS,-15.695000000000014,0.015855756703510283,0.9358134096385307
TGFA,-15.665,0.02804229123928648,0.9358134096385307
SERINC2,-15.635000000000002,0.034888048565593154,0.9358134096385307
PRKAG1,-15.490000000000009,0.019193106804592148,0.9358134096385307
PLXNB1,-15.445,0.02804229123928648,0.9358134096385307
STOM,-15.444999999999997,0.042264532429497424,0.9358134096385307
TP53I13,-15.209999999999994,0.012591699970503684,0.9358134096385307
GSTM4,-14.989999999999995,0.013818184103990473,0.9358134096385307
TFAP2A,-14.825000000000003,0.03862043626847578,0.9358134096385307
NOMO3,-14.794999999999996,0.032462538074721485,0.9358134096385307
ARL6IP5,-14.484999999999992,0.0345323437465721,0.9358134096385307
LRRC41,-14.444999999999993,0.032462538074721485,0.9358134096385307
METRN,-14.345000000000002,0.025757277956698774,0.9358134096385307
CADM4,-14.264999999999999,0.0015425593066153488,0.9358134096385307
NSMCE1,-14.144999999999996,0.044852220572255456,0.9358134096385307
ERLEC1,-13.605000000000011,0.010932483282142382,0.9358134096385307
RETSAT,-13.525000000000006,0.02745524242192374,0.9358134096385307
APOL2,-13.444999999999999,0.012591699970503684,0.9358134096385307
SCRN2,-13.345000000000004,0.010300552262282657,0.9358134096385307
REX1BD,-13.280000000000022,0.03114249757290781,0.9358134096385307
TMCO3,-13.189999999999987,0.0345323437465721,0.9358134096385307
HEXIM1,-13.084999999999988,0.008388155467918566,0.9358134096385307
SEMA3B,-13.05,0.014976679972173447,0.9358134096385307
RHOT2,-12.980000000000004,0.02631288878373841,0.9358134096385307
RUSF1,-12.864999999999988,0.03823252870130061,0.9358134096385307
TM2D3,-12.815000000000008,0.025757277956698774,0.9358134096385307
DGCR2,-12.534999999999997,0.009470491327320755,0.9358134096385307
ACTA2,-12.36,0.02804229123928648,0.9358134096385307
TRIAP1,-12.25,0.013192344676945819,0.9358134096385307
UNC119,-12.245000000000005,0.012888926982568175,0.9358134096385307
FAS,-12.070000000000004,0.00880705847699511,0.9358134096385307
CADM1,-11.990000000000002,0.00935691415063338,0.9358134096385307
AEN,-11.95,0.0198418642077533,0.9358134096385307
PRAF2,-11.770000000000005,0.03746664448133562,0.9358134096385307
JMJD8,-11.635000000000005,0.010675689620791731,0.9358134096385307
NUBP2,-11.579999999999991,0.023635101982833903,0.9358134096385307
SNX10,-11.559999999999999,0.032799940764618916,0.9358134096385307
ADCY6,-11.47,0.02467643356027484,0.9358134096385307
CLPTM1,-11.370000000000005,0.03901168331216344,0.9358134096385307
EGLN2,-11.334999999999994,0.03634231920249576,0.9358134096385307
RAB5B,-11.305,0.018356981635409744,0.9358134096385307
ALDOC,-11.09,0.03823252870130061,0.9358134096385307
CCDC57,-10.81,0.0359739912517539,0.9358134096385307
MAN2A2,-10.804999999999996,0.022144640566891412,0.9358134096385307
SLC35A2,-10.645000000000017,0.0076034261094309556,0.9358134096385307
TMEM259,-10.560000000000016,0.04061050675095537,0.9358134096385307
PICK1,-10.4,0.04061050675095537,0.9358134096385307
TBC1D14,-10.164999999999996,0.015855756703510283,0.9358134096385307
CDC16,-10.095000000000002,0.029868790283756767,0.9358134096385307
SURF1,-9.955000000000005,0.012591699970503684,0.9358134096385307
NUDT16L1,-9.924999999999995,0.003431716308198865,0.9358134096385307
TMEM63B,-9.870000000000003,0.029248908097626695,0.9358134096385307
DYNLL2,-9.830000000000005,0.010932483282142382,0.9358134096385307
NR1H2,-9.799999999999997,0.020284932674421,0.9358134096385307
IL13RA1,-9.790000000000006,0.006387109521469316,0.9358134096385307
SORT1,-9.704999999999995,0.023635101982833903,0.9358134096385307
YIPF2,-9.659999999999993,0.007417825069621561,0.9358134096385307
MBP,-9.599999999999996,0.022387223984661937,0.9358134096385307
TMEM101,-9.594999999999999,0.008185462832432898,0.9358134096385307
GCHFR,-9.525000000000002,0.044411881572284276,0.9358134096385307
MFSD5,-9.485000000000007,0.032462538074721485,0.9358134096385307
MGRN1,-9.479999999999997,0.016591371267883848,0.9358134096385307
MAEA,-9.41500000000002,0.02864012766455107,0.9358134096385307
BAMBI,-9.339999999999998,0.042264532429497424,0.9358134096385307
B4GALT4,-9.315000000000005,0.0037162471656893206,0.9358134096385307
HAGHL,-9.294999999999998,0.01775098289587564,0.9358134096385307
TMED1,-9.199999999999996,0.010178139541293194,0.9358134096385307
ANTKMT,-9.095,0.014637252545426914,0.9358134096385307
AKAP17A,-9.085,0.042686832057631886,0.9358134096385307
ARFIP2,-9.084999999999994,0.014470095869342586,0.9358134096385307
PCYOX1,-9.000000000000009,0.018770972333924378,0.9358134096385307
RRM2B,-8.985000000000001,0.001988458392795907,0.9358134096385307
DCAKD,-8.785,0.02287932965720027,0.9358134096385307
FOXRED2,-8.715,0.039804283783925594,0.9358134096385307
DMTN,-8.67,0.011598634449035231,0.9358134096385307
SEPTIN5,-8.555000000000001,0.03348376158177895,0.9358134096385307
USE1,-8.500000000000007,0.026594557167455873,0.9358134096385307
ITFG1,-8.41500000000001,0.029868790283756767,0.9358134096385307
BTG2,-8.325,0.003124912910602585,0.9358134096385307
RAB9A,-8.220000000000002,0.01755291611924937,0.9358134096385307
PIGQ,-8.190000000000001,0.007793179506349036,0.9358134096385307
NECTIN3,-8.17,0.03348376158177895,0.9358134096385307
HSPB8,-8.025000000000004,0.02687882616560587,0.9358134096385307
FAHD1,-7.945000000000007,0.04529623600032277,0.9358134096385307
PSEN2,-7.875000000000002,0.04143052999531741,0.9358134096385307
RUFY3,-7.870000000000001,0.011062926993435137,0.9358134096385307
CPD,-7.865000000000002,0.0198418642077533,0.9358134096385307
SCAMP4,-7.839999999999993,0.03823252870130061,0.9358134096385307
MMP15,-7.8199999999999985,0.035246877265629716,0.9358134096385307
CDK18,-7.784999999999998,0.042686832057631886,0.9358134096385307
ABHD17A,-7.714999999999989,0.0345323437465721,0.9358134096385307
BLOC1S2,-7.64500000000001,0.031468113163291934,0.9358134096385307
SNN,-7.600000000000001,0.024150902240010198,0.9358134096385307
VPS4B,-7.579999999999991,0.018981013466882187,0.9358134096385307
RAB4B,-7.539999999999999,0.0056286706375020664,0.9358134096385307
IGF1R,-7.525000000000002,0.01775098289587564,0.9358134096385307
IGSF3,-7.4499999999999975,0.014806109127348449,0.9358134096385307
PIGO,-7.434999999999999,0.018770972333924378,0.9358134096385307
GSTM2,-7.37,0.013818184103990473,0.9358134096385307
FARP1,-7.350000000000017,0.03901168331216344,0.9358134096385307
SFXN3,-7.205000000000005,0.035246877265629716,0.9358134096385307
XPC,-7.064999999999991,0.033140341685836995,0.9358134096385307
NEDD9,-7.045,0.03348376158177895,0.9358134096385307
SLC35A5,-7.035000000000002,0.015148979523528179,0.9358134096385307
SSBP2,-6.86,0.03383022127563643,0.9358134096385307
SERINC5,-6.709999999999999,0.04143052999531741,0.9358134096385307
LBH,-6.674999999999999,0.044411881572284276,0.9358134096385307
ARSD,-6.634999999999999,0.019623515670610495,0.9358134096385307
GNPTAB,-6.550000000000001,0.007236297995123669,0.9358134096385307
CIAO3,-6.514999999999997,0.012015394128684942,0.9358134096385307
ST3GAL5,-6.494999999999999,0.005147161833055611,0.9358134096385307
TRAF7,-6.484999999999957,0.03901168331216344,0.9358134096385307
DRAM1,-6.4250000000000025,0.0198418642077533,0.9358134096385307
SLC31A1,-6.370000000000013,0.044852220572255456,0.9358134096385307
XYLT2,-6.344999999999999,0.009937193010128903,0.9358134096385307
NUDT9,-6.170000000000005,0.014140825238408542,0.9358134096385307
MRS2,-6.154999999999994,0.017162587109331457,0.9358134096385307
BIVM,-6.100000000000001,0.019193106804592148,0.9358134096385307
RFNG,-6.054999999999993,0.02864012766455107,0.9358134096385307
C12orf76,-6.005000000000001,0.0032970187306899813,0.9358134096385307
CELSR2,-5.984999999999999,0.005773517845892142,0.9358134096385307
EPS8L1,-5.955,0.04397519606144172,0.9358134096385307
GOLGB1,-5.954999999999998,0.0037162471656893206,0.9358134096385307
VPS26C,-5.909999999999993,0.04354214116608316,0.9358134096385307
GALNT18,-5.905,0.011462592869592827,0.9358134096385307
SNX4,-5.88999999999999,0.025483297776678203,0.9358134096385307
CCDC43,-5.8750000000000036,0.04143052999531741,0.9358134096385307
PCTP,-5.8349999999999955,0.013818184103990473,0.9358134096385307
MBTPS2,-5.809999999999999,0.011598634449035231,0.9358134096385307
ZNF561,-5.809999999999995,0.044852220572255456,0.9358134096385307
MESD,-5.704999999999995,0.039804283783925594,0.9358134096385307
C19orf25,-5.639999999999997,0.0024139454474335848,0.9358134096385307
MSRB1,-5.634999999999987,0.04143052999531741,0.9358134096385307
HTT,-5.599999999999994,0.04061050675095537,0.9358134096385307
TANGO2,-5.519999999999996,0.03901168331216344,0.9358134096385307
MEGF8,-5.514999999999995,0.012888926982568175,0.9358134096385307
MED29,-5.460000000000008,0.004350557688352285,0.9358134096385307
SHTN1,-5.445,0.04061050675095537,0.9358134096385307
CLN8,-5.4300000000000015,0.010675689620791731,0.9358134096385307
HSPA12A,-5.3450000000000015,0.015323022311728714,0.9358134096385307
TMEM128,-5.304999999999989,0.030182944195455204,0.9358134096385307
PLPP1,-5.300000000000001,0.0359739912517539,0.9358134096385307
TBC1D7,-5.274999999999999,0.04143052999531741,0.9358134096385307
ASCC3,-5.260000000000005,0.009470491327320755,0.9358134096385307
NUPR1,-5.255000000000002,0.04143052999531741,0.9358134096385307
TMUB2,-5.170000000000012,0.029868790283756767,0.9358134096385307
LZTR1,-5.130000000000003,0.044411881572284276,0.9358134096385307
SLC16A4,-5.085,0.02441244237521093,0.9358134096385307
KLHL22,-5.080000000000001,0.02441244237521093,0.9358134096385307
DHRSX,-5.044999999999998,0.014470095869342586,0.9358134096385307
TIMM10B,-4.995000000000003,0.015323022311728714,0.9358134096385307
PTPN13,-4.830000000000001,0.02774742810184505,0.9358134096385307
C16orf72,-4.815000000000001,0.0345323437465721,0.9358134096385307
MYL5,-4.770000000000001,0.0039695586787078865,0.9358134096385307
EME2,-4.740000000000004,0.00880705847699511,0.9358134096385307
RDH14,-4.739999999999995,0.01187502237721836,0.9358134096385307
SLC26A2,-4.7299999999999995,0.012888926982568175,0.9358134096385307
RETREG3,-4.684999999999993,0.0073265571404945344,0.9358134096385307
CEPT1,-4.609999999999999,0.0394062918028815,0.9358134096385307
VWA1,-4.604999999999999,0.026594557167455873,0.9358134096385307
MTMR10,-4.5950000000000015,0.024150902240010198,0.9358134096385307
NDUFV3,-4.559999999999995,0.020062330967326455,0.9358134096385307
NUDT16,-4.549999999999999,0.016036919480334994,0.9358134096385307
NDRG4,-4.505,0.0359739912517539,0.9358134096385307
ZNF721,-4.500000000000002,0.027165714861008546,0.9358134096385307
IQSEC2,-4.475,0.031468113163291934,0.9358134096385307
FAM13B,-4.470000000000001,0.04061050675095537,0.9358134096385307
DYNC2LI1,-4.470000000000001,0.008700616593600878,0.9358134096385307
PIGN,-4.465000000000002,0.014637252545426914,0.9358134096385307
ORAI3,-4.430000000000001,0.03746664448133562,0.9358134096385307
MYLIP,-4.32,0.04143052999531741,0.9358134096385307
CRYAB,-4.310000000000001,0.00970134088867275,0.9358134096385307
PRPF40B,-4.300000000000002,0.02864012766455107,0.9358134096385307
ADCY9,-4.234999999999999,0.005280788815841157,0.9358134096385307
SLC25A30,-4.205000000000005,0.031468113163291934,0.9358134096385307
ZNF337,-4.205,0.018981013466882187,0.9358134096385307
CAPN7,-4.200000000000005,0.01856296712194755,0.9358134096385307
ASB9,-4.18,0.03634231920249576,0.9358134096385307
TRIM22,-4.16,0.005147161833055611,0.9358134096385307
KIAA0232,-4.154999999999998,0.0032532011872039852,0.9358134096385307
STBD1,-4.1499999999999995,0.03383022127563643,0.9358134096385307
SOCS6,-4.109999999999999,0.016591371267883848,0.9358134096385307
ALDH4A1,-3.9899999999999984,0.04143052999531741,0.9358134096385307
MFAP3,-3.9899999999999967,0.04354214116608316,0.9358134096385307
SNX11,-3.905000000000003,0.01119475159492185,0.9358134096385307
MAP3K1,-3.8999999999999995,0.02745524242192374,0.9358134096385307
FBXO6,-3.8950000000000005,0.0012985866168067817,0.9358134096385307
TAPT1,-3.8950000000000005,0.015498822953906224,0.9358134096385307
BCAS3,-3.8949999999999996,0.04143052999531741,0.9358134096385307
FAM8A1,-3.8799999999999972,0.0017037056492111417,0.9358134096385307
TMEM175,-3.7899999999999956,0.02687882616560587,0.9358134096385307
DGCR6,-3.7549999999999994,0.009470491327320755,0.9358134096385307
PRKX,-3.744999999999999,0.04529623600032277,0.9358134096385307
ASB8,-3.650000000000002,0.02687882616560587,0.9358134096385307
XXYLT1,-3.6400000000000023,0.033140341685836995,0.9358134096385307
SLC22A5,-3.5949999999999998,0.025483297776678203,0.9358134096385307
ZNF576,-3.5700000000000047,0.03708862425591293,0.9358134096385307
ITPKC,-3.545,0.012015394128684942,0.9358134096385307
FAAP100,-3.5200000000000014,0.01856296712194755,0.9358134096385307
ULK2,-3.4750000000000014,0.0067153940909103075,0.9358134096385307
OMA1,-3.414999999999999,0.04397519606144172,0.9358134096385307
CCDC189,-3.414999999999999,0.01697029363017236,0.9358134096385307
ZRSR2,-3.395000000000003,0.04061050675095537,0.9358134096385307
SLC5A3,-3.37,0.03634231920249576,0.9358134096385307
TCN2,-3.319999999999999,0.0018540051396871106,0.9358134096385307
GEMIN8,-3.3,0.02631288878373841,0.9358134096385307
HEXIM2,-3.280000000000002,0.01815299976697282,0.9358134096385307
CLN5,-3.255000000000001,0.035246877265629716,0.9358134096385307
CIART,-3.2499999999999987,0.03901168331216344,0.9358134096385307
TSPAN33,-3.235000000000001,0.01187502237721836,0.9358134096385307
TMEM135,-3.205,0.03901168331216344,0.9358134096385307
MCF2L,-3.185000000000001,0.004764415744713521,0.9358134096385307
ARVCF,-3.180000000000002,0.0030831860909079473,0.9358134096385307
PDE10A,-3.18,0.04143052999531741,0.9358134096385307
HPS5,-3.1500000000000004,0.043112694078518116,0.9358134096385307
PPM1D,-3.1400000000000006,0.013502060711414804,0.9358134096385307
TIMM29,-3.135,0.030182944195455204,0.9358134096385307
LPGAT1,-3.1349999999999945,0.02864012766455107,0.9358134096385307
MST1,-3.095,0.00714703801680088,0.9358134096385307
MAN2B2,-3.09,0.0198418642077533,0.9358134096385307
UFL1,-3.070000000000004,0.0359739912517539,0.9358134096385307
ABCA5,-3.0399999999999983,0.01697029363017236,0.9358134096385307
RTL10,-3.035000000000001,0.035246877265629716,0.9358134096385307
HIF1AN,-2.9899999999999984,0.03383022127563643,0.9358134096385307
APOE,-2.9350000000000005,0.014806109127348449,0.9358134096385307
KLHL13,-2.915,0.02441244237521093,0.9358134096385307
FAM214A,-2.9050000000000002,0.01697029363017236,0.9358134096385307
ANKRD6,-2.9000000000000004,0.044852220572255456,0.9358134096385307
HPS6,-2.879999999999999,0.0367138563627041,0.9358134096385307
ABCB9,-2.8750000000000027,0.04354214116608316,0.9358134096385307
KDM4B,-2.8699999999999974,0.010424273608071462,0.9358134096385307
ZBTB45,-2.8649999999999993,0.004294172956242723,0.9358134096385307
IRGQ,-2.834999999999999,0.004294172956242723,0.9358134096385307
LRRC37A2,-2.830000000000001,0.02467643356027484,0.9358134096385307
POLL,-2.8049999999999997,0.04143052999531741,0.9358134096385307
RTN4R,-2.785,0.032462538074721485,0.9358134096385307
REV3L,-2.7650000000000006,0.043112694078518116,0.9358134096385307
FPGT,-2.755000000000001,0.022144640566891412,0.9358134096385307
BEX4,-2.74,0.04143052999531741,0.9358134096385307
BAIAP2L2,-2.6900000000000004,0.03348376158177895,0.9358134096385307
RUNDC1,-2.634999999999999,0.021430556977747997,0.9358134096385307
PARD6G,-2.625,0.014806109127348449,0.9358134096385307
ABHD8,-2.624999999999999,0.03081977770602866,0.9358134096385307
PPM1H,-2.5899999999999994,0.03634231920249576,0.9358134096385307
ASTN2,-2.5649999999999995,0.02467643356027484,0.9358134096385307
LYPD6,-2.5649999999999995,0.007510111471841944,0.9358134096385307
KLHL29,-2.5550000000000006,0.029868790283756767,0.9358134096385307
CXorf38,-2.55,0.0345323437465721,0.9358134096385307
GYG2,-2.5200000000000005,0.028943140052472137,0.9358134096385307
RELCH,-2.5049999999999972,0.03383022127563643,0.9358134096385307
RAB36,-2.445,0.021430556977747997,0.9358134096385307
TADA2B,-2.4399999999999977,0.04143052999531741,0.9358134096385307
FBXW9,-2.4050000000000002,0.015148979523528179,0.9358134096385307
TDRD3,-2.3950000000000005,0.022144640566891412,0.9358134096385307
LRMDA,-2.3950000000000005,0.012300557337469483,0.9358134096385307
MEGF9,-2.390000000000002,0.014806109127348449,0.9358134096385307
C7orf25,-2.3550000000000004,0.044852220572255456,0.9358134096385307
MAP2,-2.35,0.033140341685836995,0.9358134096385307
RNF144B,-2.3449999999999998,0.02804229123928648,0.9358134096385307
ANKRD46,-2.3099999999999996,0.017356789412701256,0.9358134096385307
GLCCI1,-2.2899999999999996,0.02864012766455107,0.9358134096385307
RETREG1,-2.265,0.0378479387134044,0.9358134096385307
FGFR3,-2.2399999999999998,0.044852220572255456,0.9358134096385307
CNTNAP3B,-2.225,0.04397519606144172,0.9358134096385307
TTYH2,-2.2049999999999996,0.03746664448133562,0.9358134096385307
IFT140,-2.1900000000000013,0.04529623600032277,0.9358134096385307
LIG4,-2.1800000000000006,0.02263211445011831,0.9358134096385307
SHROOM2,-2.15,0.0056286706375020664,0.9358134096385307
PEX12,-2.1300000000000003,0.0018540051396871106,0.9358134096385307
KIAA0895,-2.119999999999998,0.041018782182727156,0.9358134096385307
HELZ,-2.0900000000000016,0.042264532429497424,0.9358134096385307
RAB26,-2.07,0.006467797919285894,0.9358134096385307
IL6R,-2.0649999999999995,0.00440761277688659,0.9358134096385307
MIEF2,-1.995,0.03634231920249576,0.9358134096385307
ZNF283,-1.9250000000000003,0.01365931462102735,0.9358134096385307
LRRC37A3,-1.9250000000000003,0.016779893484123967,0.9358134096385307
DHRS13,-1.9249999999999998,0.02096571605548543,0.9358134096385307
ITPRIPL2,-1.8949999999999996,0.042686832057631886,0.9358134096385307
ENTPD7,-1.8749999999999991,0.014976679972173447,0.9358134096385307
UVSSA,-1.8699999999999992,0.0050165981310229734,0.9358134096385307
FLRT3,-1.8649999999999998,0.01815299976697282,0.9358134096385307
ADAMTS7,-1.8199999999999998,0.03901168331216344,0.9358134096385307
ID4,-1.77,0.004075200091520401,0.9358134096385307
ZNF704,-1.7300000000000004,0.042264532429497424,0.9358134096385307
ZNF518A,-1.725,0.04184577258797759,0.9358134096385307
SIK1,-1.6999999999999997,0.00607333714341953,0.9358134096385307
N6AMT1,-1.6950000000000003,0.02631288878373841,0.9358134096385307
CSGALNACT1,-1.68,0.032128112952892,0.9358134096385307
MAMDC4,-1.68,0.008388155467918566,0.9358134096385307
DOP1A,-1.6599999999999966,0.023635101982833903,0.9358134096385307
ZNF446,-1.6350000000000007,0.03634231920249576,0.9358134096385307
RBAK,-1.6000000000000005,0.023380805510503228,0.9358134096385307
ZNF654,-1.580000000000001,0.021666324537726222,0.9358134096385307
ZNF79,-1.5700000000000007,0.0022845787661477657,0.9358134096385307
IRF5,-1.54,0.010424273608071462,0.9358134096385307
BCL2,-1.5250000000000004,0.010178139541293194,0.9358134096385307
KCTD21,-1.5099999999999998,0.023635101982833903,0.9358134096385307
INKA2,-1.5,0.004465345199924826,0.9358134096385307
NHS,-1.4749999999999999,0.029868790283756767,0.9358134096385307
TRANK1,-1.4749999999999996,0.018981013466882187,0.9358134096385307
LCMT2,-1.459999999999999,0.0359739912517539,0.9358134096385307
FZD4,-1.44,0.035246877265629716,0.9358134096385307
FAXDC2,-1.4299999999999997,0.0020733679618681676,0.9358134096385307
NPAS1,-1.3799999999999997,0.0345323437465721,0.9358134096385307
STS,-1.375,0.02955745156015168,0.9358134096385307
SESN3,-1.375,0.041018782182727156,0.9358134096385307
MIGA1,-1.3650000000000002,0.03634231920249576,0.9358134096385307
S100A1,-1.3599999999999999,0.03417974167001855,0.9358134096385307
MFSD4B,-1.3550000000000004,0.013818184103990473,0.9358134096385307
RNF169,-1.330000000000001,0.019193106804592148,0.9358134096385307
ZNF174,-1.3149999999999995,0.00880705847699511,0.9358134096385307
CAPS,-1.2950000000000017,0.04061050675095537,0.9358134096385307
PLEKHH2,-1.2799999999999998,0.030182944195455204,0.9358134096385307
TTC39A,-1.215,0.008286254652238914,0.9358134096385307
MINDY4,-1.1699999999999986,0.022144640566891412,0.9358134096385307
EPB41L4A,-1.15,0.0058471944893224385,0.9358134096385307
LMNTD2,-1.1400000000000003,0.04354214116608316,0.9358134096385307
METTL7A,-1.1099999999999999,0.034888048565593154,0.9358134096385307
ZNF324B,-1.0349999999999993,0.02521184273805129,0.9358134096385307
AJM1,-1.0199999999999998,0.04184577258797759,0.9358134096385307
TRIM9,-1.01,0.0198418642077533,0.9358134096385307
CAMK4,-1.005,0.03901168331216344,0.9358134096385307
RNASEL,-0.9950000000000003,0.027165714861008546,0.9358134096385307
CCDC103,-0.9900000000000002,0.033140341685836995,0.9358134096385307
NCALD,-0.9849999999999999,0.003041967945352277,0.9358134096385307
CASTOR2,-0.9849999999999994,0.032128112952892,0.9358134096385307
AMIGO1,-0.9750000000000002,0.02190434659066744,0.9358134096385307
ADAMTS15,-0.9749999999999999,0.028943140052472137,0.9358134096385307
ZNF112,-0.9549999999999996,0.006387109521469316,0.9358134096385307
LONRF2,-0.9350000000000003,0.009818635918604511,0.9358134096385307
DTWD2,-0.9300000000000002,0.026033802017270895,0.9358134096385307
GRK4,-0.9100000000000001,0.01815299976697282,0.9358134096385307
TAMALIN,-0.905,0.02287932965720027,0.9358134096385307
FRAS1,-0.8999999999999999,0.04397519606144172,0.9358134096385307
AC007906.2,-0.895,0.025483297776678203,0.9358134096385307
SLC51A,-0.8949999999999994,0.02745524242192374,0.9358134096385307
TMEM191B,-0.875,0.011736106731634372,0.9358134096385307
PELI2,-0.8600000000000001,0.01187502237721836,0.9358134096385307
DUSP9,-0.7949999999999999,0.027165714861008546,0.9358134096385307
STKLD1,-0.7450000000000001,0.035246877265629716,0.9358134096385307
ZC3H10,-0.73,0.025757277956698774,0.9358134096385307
VMAC,-0.72,0.02050968614238457,0.9358134096385307
GLUD2,-0.7150000000000003,0.0029610357202286943,0.9358134096385307
ZNF225,-0.6999999999999997,0.0345323437465721,0.9358134096385307
SPATA18,-0.695,0.0367138563627041,0.9358134096385307
TMEM170B,-0.6949999999999998,0.016591371267883848,0.9358134096385307
YY2,-0.6900000000000004,0.041018782182727156,0.9358134096385307
PAX9,-0.69,0.02190434659066744,0.9358134096385307
FAM189A2,-0.6799999999999999,0.021666324537726222,0.9358134096385307
PPARGC1A,-0.625,0.015855756703510283,0.9358134096385307
FLG,-0.625,0.04397519606144172,0.9358134096385307
INPP5D,-0.6100000000000001,0.006150450595704709,0.9358134096385307
PDK4,-0.575,0.012445374697815186,0.9358134096385307
SLC44A5,-0.575,0.004826362066420751,0.9358134096385307
CACNA1D,-0.575,0.0345323437465721,0.9358134096385307
PAIP2B,-0.5699999999999998,0.015498822953906224,0.9358134096385307
AKAP6,-0.5599999999999998,0.014976679972173447,0.9358134096385307
SLC16A8,-0.54,0.04143052999531741,0.9358134096385307
NRXN3,-0.5349999999999999,0.020736608272804612,0.9358134096385307
NCKAP5,-0.5249999999999999,0.022144640566891412,0.9358134096385307
BCO2,-0.52,0.019407268719074187,0.9358134096385307
CCDC96,-0.51,0.042264532429497424,0.9358134096385307
FAM53A,-0.4950000000000001,0.01187502237721836,0.9358134096385307
RIBC1,-0.49500000000000005,0.016219899450149736,0.9358134096385307
NFASC,-0.48500000000000004,0.015323022311728714,0.9358134096385307
TMEM178B,-0.475,0.04061050675095537,0.9358134096385307
ZKSCAN4,-0.4700000000000003,0.016591371267883848,0.9358134096385307
LRRC37A,-0.47,0.012739546316878923,0.9358134096385307
MPZ,-0.4600000000000002,0.04143052999531741,0.9358134096385307
LYNX1,-0.45999999999999996,0.014304624828454607,0.9358134096385307
KCND1,-0.44,0.03901168331216344,0.9358134096385307
RENBP,-0.42500000000000004,0.0037162471656893206,0.9358134096385307
SOX6,-0.425,0.014976679972173447,0.9358134096385307
SOX2,-0.4149999999999999,0.008595325892210877,0.9358134096385307
PHEX,-0.4,0.025483297776678203,0.9358134096385307
TRMT9B,-0.3999999999999999,0.005921717621776631,0.9358134096385307
ZSCAN22,-0.39999999999999947,0.042264532429497424,0.9358134096385307
GATM,-0.3949999999999999,0.032128112952892,0.9358134096385307
TCEANC,-0.3599999999999999,0.003167153956349377,0.9358134096385307
SAMD14,-0.35499999999999987,0.044852220572255456,0.9358134096385307
CSF2RA,-0.335,0.039804283783925594,0.9358134096385307
RNF224,-0.335,0.044852220572255456,0.9358134096385307
GPR143,-0.32999999999999996,0.0023484465570030827,0.9358134096385307
PCDHGA10,-0.3299999999999999,0.015498822953906224,0.9358134096385307
ANKRD2,-0.325,0.01856296712194755,0.9358134096385307
MAP4K1,-0.3100000000000001,0.02774742810184505,0.9358134096385307
STK32A,-0.31,0.04143052999531741,0.9358134096385307
KANK3,-0.29500000000000004,0.009023438818080326,0.9358134096385307
PGBD5,-0.295,0.044411881572284276,0.9358134096385307
SCUBE2,-0.29,0.02864012766455107,0.9358134096385307
LRRC73,-0.25,0.03348376158177895,0.9358134096385307
CP,-0.2449999999999999,0.028943140052472137,0.9358134096385307
SLC25A34,-0.23,0.039804283783925594,0.9358134096385307
TCTEX1D4,-0.2249999999999999,0.030499933305286137,0.9358134096385307
ZNF280A,-0.2199999999999999,0.04061050675095537,0.9358134096385307
KLHDC7A,-0.2199999999999999,0.007793179506349036,0.9358134096385307
SELL,-0.21500000000000002,0.020736608272804612,0.9358134096385307
FO681492.1,-0.20500000000000002,0.02190434659066744,0.9358134096385307
NEFL,-0.20499999999999993,0.013346408619989026,0.9358134096385307
DNAAF1,-0.2,0.02190434659066744,0.9358134096385307
PLIN4,-0.19500000000000003,0.04529623600032277,0.9358134096385307
CPZ,-0.195,0.01697029363017236,0.9358134096385307
SLC19A3,-0.1949999999999999,0.013818184103990473,0.9358134096385307
CFAP53,-0.1850000000000001,0.02467643356027484,0.9358134096385307
KLF15,-0.1849999999999999,0.0394062918028815,0.9358134096385307
NME9,-0.1800000000000002,0.007697778817909325,0.9358134096385307
TAS2R31,-0.18000000000000002,0.0359739912517539,0.9358134096385307
L3MBTL4,-0.1749999999999999,0.019623515670610495,0.9358134096385307
HOXD1,-0.17499999999999988,0.04020568137085262,0.9358134096385307
CILP2,-0.1699999999999999,0.04184577258797759,0.9358134096385307
PIFO,-0.1699999999999999,0.03383022127563643,0.9358134096385307
CFAP206,-0.1649999999999999,0.01755291611924937,0.9358134096385307
GRIK5,-0.1599999999999999,0.013818184103990473,0.9358134096385307
DNAI3,-0.15499999999999992,0.04529623600032277,0.9358134096385307
GRIN2C,-0.15,0.026594557167455873,0.9358134096385307
PCDHGA9,-0.15,0.026033802017270895,0.9358134096385307
GNRH2,-0.1499999999999999,0.043112694078518116,0.9358134096385307
CLEC18B,-0.14500000000000013,0.019623515670610495,0.9358134096385307
MUC19,-0.1400000000000001,0.00599709567387688,0.9358134096385307
CD52,-0.13999999999999999,0.009585296478954095,0.9358134096385307
PDE11A,-0.1399999999999999,0.004238451661570088,0.9358134096385307
RIMBP3,-0.1399999999999999,0.033140341685836995,0.9358134096385307
RUBCNL,-0.1349999999999999,0.0367138563627041,0.9358134096385307
SLC25A18,-0.1349999999999999,0.010932483282142382,0.9358134096385307
PCDHGA11,-0.1349999999999999,0.04020568137085262,0.9358134096385307
PLIN5,-0.13,0.04143052999531741,0.9358134096385307
FAM20A,-0.1299999999999999,0.004183386944097692,0.9358134096385307
CDH4,-0.1299999999999999,0.03746664448133562,0.9358134096385307
NKAIN4,-0.12499999999999992,0.044411881572284276,0.9358134096385307
TBC1D3D,-0.1200000000000001,0.035608851063075285,0.9358134096385307
RIPOR2,-0.12000000000000009,0.018356981635409744,0.9358134096385307
ZC3H11B,-0.12000000000000008,0.02096571605548543,0.9358134096385307
NAP1L2,-0.1199999999999999,0.04020568137085262,0.9358134096385307
HRNR,-0.1199999999999999,0.006387109521469316,0.9358134096385307
TAS2R19,-0.1199999999999998,0.0055574835441909365,0.9358134096385307
KCNE2,-0.1150000000000001,0.029868790283756767,0.9358134096385307
TRABD2B,-0.11499999999999995,0.005213588533703681,0.9358134096385307
VEGFD,-0.1149999999999999,0.03114249757290781,0.9358134096385307
LMOD1,-0.1099999999999999,0.034888048565593154,0.9358134096385307
ATP8A2,-0.1000000000000001,0.011598634449035231,0.9358134096385307
PLCH2,-0.09999999999999991,0.006387109521469316,0.9358134096385307
KMO,-0.0999999999999999,0.01775098289587564,0.9358134096385307
SLC23A1,-0.0999999999999999,0.012300557337469483,0.9358134096385307
ADCY5,-0.0999999999999999,0.026033802017270895,0.9358134096385307
TRIM55,-0.0950000000000001,0.04143052999531741,0.9358134096385307
CCDC160,-0.0950000000000001,0.041018782182727156,0.9358134096385307
ANKRD53,-0.09000000000000011,0.013039855297671234,0.9358134096385307
IGSF11,-0.0900000000000001,0.010057023684137769,0.9358134096385307
ODF3L1,-0.09,0.004764415744713521,0.9358134096385307
KCNN2,-0.085,0.008085769651797648,0.9358134096385307
ADGRD1,-0.08,0.01856296712194755,0.9358134096385307
CELF6,-0.07999999999999989,0.0032532011872039852,0.9358134096385307
NLRC3,-0.07999999999999989,0.014637252545426914,0.9358134096385307
LDB3,-0.07500000000000001,0.02312888738756597,0.9358134096385307
CYP7B1,-0.07500000000000001,0.04143052999531741,0.9358134096385307
HTRA3,-0.075,0.031468113163291934,0.9358134096385307
PCYT1B,-0.07,0.009023438818080326,0.9358134096385307
MS4A1,-0.07,0.03901168331216344,0.9358134096385307
MAB21L3,-0.07,0.032128112952892,0.9358134096385307
SMIM17,-0.07,0.019407268719074187,0.9358134096385307
PTPRO,-0.06999999999999999,0.039804283783925594,0.9358134096385307
ZNF660,-0.06499999999999999,0.024942894188013667,0.9358134096385307
IL12RB2,-0.060000000000000095,0.04529623600032277,0.9358134096385307
SLCO1A2,-0.060000000000000005,0.04354214116608316,0.9358134096385307
PSD2,-0.060000000000000005,0.002481112478110913,0.9358134096385307
GRID1,-0.060000000000000005,0.010300552262282657,0.9358134096385307
RET,-0.06,0.032799940764618916,0.9358134096385307
RAPSN,-0.06,0.011462592869592827,0.9358134096385307
HSPB2,-0.06,0.018981013466882187,0.9358134096385307
CHL1,-0.055,0.00880705847699511,0.9358134096385307
DUSP13,-0.05,0.022144640566891412,0.9358134096385307
ITIH5,-0.05,0.02263211445011831,0.9358134096385307
FCRLA,-0.05,0.03708862425591293,0.9358134096385307
CLEC18C,-0.05,0.014304624828454607,0.9358134096385307
NTN3,-0.05,0.03114249757290781,0.9358134096385307
KLHL30,-0.05,0.02263211445011831,0.9358134096385307
RIMBP3B,-0.05,0.024150902240010198,0.9358134096385307
PLA1A,-0.049999999999999996,0.015855756703510283,0.9358134096385307
TTC34,-0.049999999999999996,0.013192344676945819,0.9358134096385307
GNGT1,-0.045,0.014806109127348449,0.9358134096385307
ITIH3,-0.045,0.019407268719074187,0.9358134096385307
MAP1LC3C,-0.045,0.02050968614238457,0.9358134096385307
ACADL,-0.04,0.004183386944097692,0.9358134096385307
ESRRB,-0.04,0.03348376158177895,0.9358134096385307
TBX4,-0.04,0.04529623600032277,0.9358134096385307
USHBP1,-0.04,0.016404711665871884,0.9358134096385307
GJA9,-0.04,0.023635101982833903,0.9358134096385307
PDE6A,-0.04,0.0378479387134044,0.9358134096385307
SFTPD,-0.04,0.02955745156015168,0.9358134096385307
FRMPD2,-0.04,0.03383022127563643,0.9358134096385307
POU3F1,-0.04,0.0016328352252762053,0.9358134096385307
ZNF334,-0.04,0.02687882616560587,0.9358134096385307
C10orf62,-0.04,0.0030831860909079473,0.9358134096385307
MYBPHL,-0.04,0.016404711665871884,0.9358134096385307
C3orf49,-0.039999999999999994,0.035608851063075285,0.9358134096385307
NLGN4X,-0.034999999999999996,0.03383022127563643,0.9358134096385307
CNR1,-0.03,0.0039176759761543,0.9358134096385307
ZNF750,-0.03,0.044411881572284276,0.9358134096385307
GASK1A,-0.03,0.00970134088867275,0.9358134096385307
PXDNL,-0.03,0.026594557167455873,0.9358134096385307
GJB7,-0.03,0.030182944195455204,0.9358134096385307
C10orf82,-0.03,0.04184577258797759,0.9358134096385307
GFRA2,-0.03,0.031468113163291934,0.9358134096385307
NRXN1,-0.03,0.023635101982833903,0.9358134096385307
CYP4F2,-0.03,0.04529623600032277,0.9358134096385307
NR1H4,-0.02,0.02864012766455107,0.9358134096385307
FETUB,-0.02,0.016036919480334994,0.9358134096385307
POU6F2,-0.02,0.044411881572284276,0.9358134096385307
MAPK4,-0.02,0.02864012766455107,0.9358134096385307
CYP4B1,-0.02,0.02441244237521093,0.9358134096385307
GRM1,-0.02,0.015855756703510283,0.9358134096385307
GPR78,-0.02,0.005773517845892142,0.9358134096385307
ASPG,-0.02,0.025757277956698774,0.9358134096385307
TTC16,-0.02,0.007889638157677351,0.9358134096385307
MYOZ1,-0.02,0.029868790283756767,0.9358134096385307
C2orf73,-0.02,0.03708862425591293,0.9358134096385307
BTLA,-0.02,0.01697029363017236,0.9358134096385307
F5,-0.02,0.010300552262282657,0.9358134096385307
CLDN34,-0.02,0.012591699970503684,0.9358134096385307
RAB44,-0.02,0.008185462832432898,0.9358134096385307
PLCL1,-0.019999999999999997,0.04184577258797759,0.9358134096385307
IP6K3,-0.019999999999999997,0.03348376158177895,0.9358134096385307
B3GALT2,-0.019999999999999997,0.035246877265629716,0.9358134096385307
KCND3,-0.019999999999999997,0.035246877265629716,0.9358134096385307
FAM184B,-0.015,0.028339851257560923,0.9358134096385307
PREX2,-0.01,0.04061050675095537,0.9358134096385307
F7,-0.01,0.00880705847699511,0.9358134096385307
CFHR3,-0.01,0.032462538074721485,0.9358134096385307
EPX,-0.01,0.03114249757290781,0.9358134096385307
WDFY4,-0.01,0.028943140052472137,0.9358134096385307
PLPPR1,-0.01,0.02287932965720027,0.9358134096385307
HABP2,-0.01,0.02312888738756597,0.9358134096385307
ABCA9,-0.01,0.019407268719074187,0.9358134096385307
CLIC6,-0.01,0.01795100549747133,0.9358134096385307
TEPP,-0.01,0.018770972333924378,0.9358134096385307
NLGN4Y,-0.01,0.024942894188013667,0.9358134096385307
SLC9C1,-0.01,0.0076034261094309556,0.9358134096385307
LRRTM4,-0.01,0.04529623600032277,0.9358134096385307
FAM181B,-0.01,0.006387109521469316,0.9358134096385307
ZNF560,-0.01,0.016404711665871884,0.9358134096385307
PERCC1,-0.01,0.013502060711414804,0.9358134096385307
UPP2,0.0,0.0367138563627041,0.9358134096385307
CRHR1,0.0,0.03417974167001855,0.9358134096385307
MOGAT1,0.0,0.04529623600032277,0.9358134096385307
CNTN6,0.0,0.03179664481638197,0.9358134096385307
GLRA3,0.0,0.0394062918028815,0.9358134096385307
TEX37,0.0,0.0394062918028815,0.9358134096385307
C10orf105,0.0,0.0394062918028815,0.9358134096385307
CD1A,0.01,0.04529623600032277,0.9358134096385307
CSN1S1,0.02,0.04143052999531741,0.9358134096385307
HCRTR2,0.02,0.010178139541293194,0.9358134096385307
OR5AU1,0.02,0.0345323437465721,0.9358134096385307
FASLG,0.03,0.006467797919285894,0.9358134096385307
NKX6-2,0.03,0.029868790283756767,0.9358134096385307
CD300A,0.030000000000000002,0.03179664481638197,0.9358134096385307
CSN3,0.04,0.01795100549747133,0.9358134096385307
ARL13A,0.06,0.03708862425591293,0.9358134096385307
CLDN22,0.06,0.04020568137085262,0.9358134096385307
GIMAP5,0.06,0.02774742810184505,0.9358134096385307
PRR20G,0.06,0.01080340821327418,0.9358134096385307
KIF4B,0.060000000000000095,0.041018782182727156,0.9358134096385307
MYBPH,0.07,0.016219899450149736,0.9358134096385307
LYG2,0.0999999999999999,0.03348376158177895,0.9358134096385307
OR2AG2,0.1000000000000001,0.0367138563627041,0.9358134096385307
GCG,0.1099999999999999,0.018981013466882187,0.9358134096385307
CXCL11,0.1499999999999999,0.03348376158177895,0.9358134096385307
KHDC1L,0.1599999999999999,0.03383022127563643,0.9358134096385307
CFAP52,0.24,0.023891794848811224,0.9358134096385307
RFX8,0.3,0.004238451661570088,0.9358134096385307
NHSL2,0.30000000000000016,0.016779893484123967,0.9358134096385307
HSD11B1,0.3899999999999999,0.002481112478110913,0.9358134096385307
ZHX1-C8orf76,0.44499999999999984,0.044852220572255456,0.9358134096385307
CFAP54,0.8100000000000002,0.033140341685836995,0.9358134096385307
TNIP3,0.8299999999999998,0.03179664481638197,0.9358134096385307
PTPN22,0.92,0.02190434659066744,0.9358134096385307
ERN1,1.4150000000000014,0.03634231920249576,0.9358134096385307
ZNF438,1.5799999999999996,0.035246877265629716,0.9358134096385307
CWF19L2,1.585,0.022387223984661937,0.9358134096385307
HPSE,1.7249999999999996,0.03708862425591293,0.9358134096385307
ZNF280C,1.7300000000000018,0.012739546316878923,0.9358134096385307
BCL2L2-PABPN1,1.7750000000000004,0.0047031898859537825,0.9358134096385307
VCPKMT,1.96,0.044411881572284276,0.9358134096385307
METTL4,2.0500000000000007,0.039804283783925594,0.9358134096385307
H2AC8,2.0850000000000013,0.044852220572255456,0.9358134096385307
ZNF202,2.2250000000000005,0.03823252870130061,0.9358134096385307
ALKBH1,2.229999999999996,0.03114249757290781,0.9358134096385307
ADTRP,2.355,0.015676396154127407,0.9358134096385307
FAM72D,2.384999999999997,0.04354214116608316,0.9358134096385307
CDKL1,2.565000000000001,0.032462538074721485,0.9358134096385307
THEMIS2,2.6850000000000005,0.044852220572255456,0.9358134096385307
CDC42EP2,2.8100000000000014,0.044852220572255456,0.9358134096385307
SLC9A6,2.905000000000001,0.0076034261094309556,0.9358134096385307
ELP4,2.9300000000000015,0.030499933305286137,0.9358134096385307
MTPAP,3.054999999999996,0.025757277956698774,0.9358134096385307
EFCAB11,3.100000000000005,0.025483297776678203,0.9358134096385307
RUNX2,3.3099999999999983,0.03114249757290781,0.9358134096385307
MTBP,3.4899999999999984,0.025483297776678203,0.9358134096385307
BARD1,3.5349999999999984,0.01856296712194755,0.9358134096385307
CEP76,3.7750000000000004,0.009818635918604511,0.9358134096385307
ZYG11A,3.9849999999999985,0.021430556977747997,0.9358134096385307
NEIL3,4.024999999999997,0.03901168331216344,0.9358134096385307
CMC4,4.029999999999998,0.02774742810184505,0.9358134096385307
ZNF239,4.37,0.02521184273805129,0.9358134096385307
CEP128,4.479999999999999,0.0038157540040372703,0.9358134096385307
TRMT61B,4.595000000000006,0.026033802017270895,0.9358134096385307
WDR20,4.679999999999996,0.02441244237521093,0.9358134096385307
FAM72B,4.775000000000002,0.02687882616560587,0.9358134096385307
F8A3,4.820000000000004,0.03383022127563643,0.9358134096385307
MMGT1,5.02,0.02631288878373841,0.9358134096385307
MTFR2,5.040000000000001,0.042686832057631886,0.9358134096385307
ALDH1L2,5.1000000000000005,0.03862043626847578,0.9358134096385307
SLC25A43,5.1399999999999935,0.02804229123928648,0.9358134096385307
TRAF3,5.195000000000004,0.017356789412701256,0.9358134096385307
RAP2C,5.27500000000002,0.0378479387134044,0.9358134096385307
SKA3,5.305,0.02804229123928648,0.9358134096385307
GLMN,5.340000000000002,0.04529623600032277,0.9358134096385307
NTAQ1,5.410000000000004,0.0067153940909103075,0.9358134096385307
NUP155,5.564999999999994,0.02263211445011831,0.9358134096385307
ATP11C,5.564999999999998,0.044852220572255456,0.9358134096385307
ZNF710,5.699999999999997,0.01815299976697282,0.9358134096385307
FAM110A,5.759999999999998,0.023635101982833903,0.9358134096385307
TRMT61A,5.759999999999998,0.042264532429497424,0.9358134096385307
MED30,5.850000000000005,0.0067153940909103075,0.9358134096385307
BUD13,5.90000000000002,0.007417825069621561,0.9358134096385307
DDX10,6.050000000000004,0.009937193010128903,0.9358134096385307
CAPN10,6.055,0.04061050675095537,0.9358134096385307
UPF3B,6.084999999999997,0.039804283783925594,0.9358134096385307
RBM14,6.144999999999996,0.0359739912517539,0.9358134096385307
ATAD2,6.175000000000001,0.02467643356027484,0.9358134096385307
CREB1,6.275000000000002,0.034888048565593154,0.9358134096385307
CCDC71L,6.535000000000005,0.0367138563627041,0.9358134096385307
CRACR2A,6.695,0.023635101982833903,0.9358134096385307
CEP192,6.819999999999997,0.0345323437465721,0.9358134096385307
PPP2R3C,6.904999999999987,0.020062330967326455,0.9358134096385307
POLE2,6.939999999999998,0.007987164828979175,0.9358134096385307
IRAK2,6.960000000000004,0.02312888738756597,0.9358134096385307
SNX15,6.964999999999993,0.00607333714341953,0.9358134096385307
GINS3,6.989999999999998,0.0394062918028815,0.9358134096385307
PATL1,7.060000000000002,0.009937193010128903,0.9358134096385307
RRNAD1,7.289999999999992,0.043112694078518116,0.9358134096385307
PLAC8,7.499999999999999,0.04061050675095537,0.9358134096385307
NSMCE2,7.6100000000000065,0.03746664448133562,0.9358134096385307
ZNF131,7.7050000000000125,0.014637252545426914,0.9358134096385307
MND1,7.924999999999999,0.029868790283756767,0.9358134096385307
MAP7D3,8.479999999999997,0.012591699970503684,0.9358134096385307
SYNJ2,8.569999999999993,0.016219899450149736,0.9358134096385307
ETNK1,8.590000000000007,0.03901168331216344,0.9358134096385307
PRMT3,8.640000000000008,0.03901168331216344,0.9358134096385307
CENPH,9.004999999999995,0.0367138563627041,0.9358134096385307
MAGOHB,9.294999999999995,0.0367138563627041,0.9358134096385307
CDC7,9.379999999999999,0.04143052999531741,0.9358134096385307
ZC3H8,9.539999999999992,0.02864012766455107,0.9358134096385307
KIF15,9.655000000000005,0.016219899450149736,0.9358134096385307
TMEM39B,9.975000000000021,0.007236297995123669,0.9358134096385307
NOC4L,10.240000000000013,0.04061050675095537,0.9358134096385307
NUP88,10.264999999999993,0.0076034261094309556,0.9358134096385307
WDHD1,10.335000000000008,0.006549402150373272,0.9358134096385307
RBMX2,10.530000000000005,0.039804283783925594,0.9358134096385307
MAPK1IP1L,10.539999999999992,0.042264532429497424,0.9358134096385307
TEDC1,10.56999999999999,0.033140341685836995,0.9358134096385307
HMMR,10.904999999999998,0.04354214116608316,0.9358134096385307
C2CD5,10.939999999999994,0.04061050675095537,0.9358134096385307
CCDC85C,11.055000000000001,0.035608851063075285,0.9358134096385307
MSH2,11.195000000000018,0.013192344676945819,0.9358134096385307
SRPK1,11.254999999999988,0.02804229123928648,0.9358134096385307
TAZ,11.609999999999992,0.04397519606144172,0.9358134096385307
STAG2,11.720000000000006,0.01775098289587564,0.9358134096385307
STK26,11.865000000000009,0.044852220572255456,0.9358134096385307
OARD1,12.080000000000005,0.0345323437465721,0.9358134096385307
CHTF8,12.425000000000004,0.015323022311728714,0.9358134096385307
PID1,12.804999999999998,0.035246877265629716,0.9358134096385307
POLR1H,12.955000000000002,0.010178139541293194,0.9358134096385307
UBE2E2,13.184999999999995,0.01856296712194755,0.9358134096385307
PTPN2,13.320000000000014,0.0198418642077533,0.9358134096385307
ASB1,13.47499999999999,0.02804229123928648,0.9358134096385307
WASHC5,13.545000000000023,0.011462592869592827,0.9358134096385307
OSGEP,13.550000000000011,0.032462538074721485,0.9358134096385307
WDR12,13.765000000000008,0.043112694078518116,0.9358134096385307
NDC80,13.84999999999998,0.013192344676945819,0.9358134096385307
NUP205,14.124999999999986,0.014806109127348449,0.9358134096385307
TDP1,14.22000000000001,0.009244553744475243,0.9358134096385307
YY1,14.599999999999987,0.030499933305286137,0.9358134096385307
DTYMK,14.694999999999993,0.03383022127563643,0.9358134096385307
INCENP,15.27000000000001,0.03901168331216344,0.9358134096385307
CELF1,15.309999999999995,0.024150902240010198,0.9358134096385307
LAGE3,15.520000000000003,0.044852220572255456,0.9358134096385307
SPC25,15.675000000000004,0.004350557688352285,0.9358134096385307
VEGFC,15.894999999999996,0.02312888738756597,0.9358134096385307
SEH1L,16.130000000000003,0.006150450595704709,0.9358134096385307
DUSP12,16.24000000000001,0.0198418642077533,0.9358134096385307
PRTFDC1,16.529999999999994,0.035246877265629716,0.9358134096385307
FAM122B,16.949999999999992,0.043112694078518116,0.9358134096385307
RHNO1,17.155,0.023891794848811224,0.9358134096385307
CBWD1,17.280000000000015,0.025757277956698774,0.9358134096385307
TOP1MT,17.620000000000033,0.03746664448133562,0.9358134096385307
CBFB,17.625,0.015148979523528179,0.9358134096385307
CCNK,17.779999999999987,0.0025850735662875366,0.9358134096385307
DHRS4,17.869999999999983,0.029248908097626695,0.9358134096385307
DLGAP5,17.930000000000014,0.04143052999531741,0.9358134096385307
SCG5,18.085000000000015,0.031468113163291934,0.9358134096385307
KIF4A,18.099999999999994,0.024150902240010198,0.9358134096385307
UTP14A,18.300000000000008,0.04061050675095537,0.9358134096385307
CENPA,18.625,0.0039176759761543,0.9358134096385307
NUF2,18.880000000000013,0.03179664481638197,0.9358134096385307
IDH3G,18.915000000000013,0.035246877265629716,0.9358134096385307
STEAP1,19.040000000000006,0.02467643356027484,0.9358134096385307
CHRAC1,19.44999999999999,0.003431716308198865,0.9358134096385307
TOX4,20.150000000000013,0.029868790283756767,0.9358134096385307
ANP32E,20.265000000000015,0.044852220572255456,0.9358134096385307
VPS51,20.894999999999996,0.021197026568418736,0.9358134096385307
CHMP3,21.014999999999958,0.04061050675095537,0.9358134096385307
EDC4,21.450000000000017,0.043112694078518116,0.9358134096385307
ZC3H14,21.459999999999987,0.020736608272804612,0.9358134096385307
SART1,21.650000000000013,0.0021024020396701796,0.9358134096385307
CDCA4,21.90999999999999,0.008185462832432898,0.9358134096385307
ADORA2B,22.214999999999996,0.016219899450149736,0.9358134096385307
NUP85,22.365000000000023,0.03823252870130061,0.9358134096385307
DHRS4L2,22.71500000000001,0.0021615918156568763,0.9358134096385307
PUM3,22.75499999999999,0.016591371267883848,0.9358134096385307
THAP4,22.780000000000022,0.0345323437465721,0.9358134096385307
EMG1,23.330000000000034,0.028339851257560923,0.9358134096385307
TATDN1,23.845000000000006,0.009023438818080326,0.9358134096385307
HAUS7,24.614999999999988,0.001727950774169044,0.9358134096385307
MAD2L1,24.780000000000015,0.033140341685836995,0.9358134096385307
ATIC,25.495000000000005,0.03746664448133562,0.9358134096385307
EIF2B2,26.260000000000005,0.033140341685836995,0.9358134096385307
ARHGAP11A,26.650000000000006,0.030499933305286137,0.9358134096385307
SNW1,27.26000000000002,0.007987164828979175,0.9358134096385307
SNRPD1,27.284999999999954,0.025757277956698774,0.9358134096385307
NOL11,27.469999999999985,0.0367138563627041,0.9358134096385307
INHBA,27.995000000000015,0.02467643356027484,0.9358134096385307
CDCA5,28.155,0.010932483282142382,0.9358134096385307
DHX38,28.354999999999997,0.017356789412701256,0.9358134096385307
PPP2R5C,28.689999999999998,0.01119475159492185,0.9358134096385307
SNRNP40,28.929999999999964,0.029868790283756767,0.9358134096385307
PRMT5,29.245000000000005,0.030499933305286137,0.9358134096385307
NCAPH,29.389999999999986,0.023635101982833903,0.9358134096385307
TP53,29.825000000000003,0.03383022127563643,0.9358134096385307
RNF220,29.884999999999934,0.04397519606144172,0.9358134096385307
IARS1,32.58999999999996,0.04397519606144172,0.9358134096385307
VTI1B,33.085000000000036,0.007793179506349036,0.9358134096385307
NUDT21,33.20500000000001,0.020284932674421,0.9358134096385307
NUP93,34.48500000000003,0.03823252870130061,0.9358134096385307
PRPF19,34.93000000000001,0.009023438818080326,0.9358134096385307
UCK2,34.94499999999999,0.03383022127563643,0.9358134096385307
ACTL6A,35.03000000000003,0.0020447021105824683,0.9358134096385307
BUB3,35.44500000000002,0.004238451661570088,0.9358134096385307
PSMG2,35.58499999999998,0.014304624828454607,0.9358134096385307
SIVA1,36.56,0.02745524242192374,0.9358134096385307
PAPOLA,37.239999999999995,0.010178139541293194,0.9358134096385307
SUMO3,37.45999999999994,0.020284932674421,0.9358134096385307
ATL3,37.575,0.02864012766455107,0.9358134096385307
PNP,39.639999999999986,0.0378479387134044,0.9358134096385307
RCN3,39.71499999999999,0.019623515670610495,0.9358134096385307
ANPEP,39.824999999999996,0.0021615918156568763,0.9358134096385307
DKC1,41.685,0.0017773955137689833,0.9358134096385307
PSMD1,42.50999999999995,0.006228444663865004,0.9358134096385307
CNOT1,44.190000000000055,0.04061050675095537,0.9358134096385307
MTHFD1,44.8,0.00880705847699511,0.9358134096385307
ARL2,49.34499999999997,0.04061050675095537,0.9358134096385307
DNMT1,49.89500000000001,0.02864012766455107,0.9358134096385307
MRPL11,52.59000000000006,0.0045828702593285866,0.9358134096385307
AURKB,55.1099999999999,0.01775098289587564,0.9358134096385307
CSNK2B,55.20999999999998,0.03383022127563643,0.9358134096385307
SF1,55.90500000000003,0.022144640566891412,0.9358134096385307
HPRT1,60.61499999999999,0.001587106443371579,0.9358134096385307
MYC,60.835000000000015,0.02521184273805129,0.9358134096385307
SUPT16H,60.91000000000004,0.02467643356027484,0.9358134096385307
UAP1,64.32,0.0394062918028815,0.9358134096385307
EIF5,66.66999999999999,0.01815299976697282,0.9358134096385307
HNRNPR,71.17500000000001,0.0067153940909103075,0.9358134096385307
MTHFD2,73.1349999999999,0.02745524242192374,0.9358134096385307
ANP32B,77.9150000000001,0.029248908097626695,0.9358134096385307
EIF2S1,79.54499999999999,0.0025499854009063618,0.9358134096385307
PLEK2,80.14500000000001,0.02467643356027484,0.9358134096385307
CDKN3,81.14000000000001,0.01119475159492185,0.9358134096385307
MRPL52,84.49000000000007,0.009937193010128903,0.9358134096385307
APEX1,98.55999999999992,0.02864012766455107,0.9358134096385307
HNRNPA3,115.63999999999993,0.0056286706375020664,0.9358134096385307
EIF3L,116.05000000000001,0.02467643356027484,0.9358134096385307
EIF3H,126.3499999999998,0.009470491327320755,0.9358134096385307
ERH,145.5949999999997,0.010675689620791731,0.9358134096385307
CKS1B,151.3050000000003,0.012888926982568175,0.9358134096385307
CALM1,162.29999999999984,0.01775098289587564,0.9358134096385307
CKS2,180.30500000000063,0.044852220572255456,0.9358134096385307
EMP1,184.90999999999994,0.03114249757290781,0.9358134096385307
RPS14,204.0050000000001,0.0198418642077533,0.9358134096385307
EEF1D,205.43999999999994,0.012888926982568175,0.9358134096385307
FOSL1,211.565,0.028339851257560923,0.9358134096385307
CLIC1,237.54999999999984,0.035246877265629716,0.9358134096385307
RPL10A,316.7000000000021,0.013502060711414804,0.9358134096385307
PPP1R14B,320.50500000000017,0.007987164828979175,0.9358134096385307
RPL15,397.05000000000086,0.042264532429497424,0.9358134096385307
FAU,417.4550000000006,0.010178139541293194,0.9358134096385307
TPM2,450.9049999999997,0.0367138563627041,0.9358134096385307
RPLP2,456.74999999999955,0.03823252870130061,0.9358134096385307
RPS6,461.70000000000186,0.022144640566891412,0.9358134096385307
RPS27A,467.54999999999654,0.012888926982568175,0.9358134096385307
CFL1,475.0999999999997,0.044852220572255456,0.9358134096385307
RPL36A-HNRNPH2,478.67999999999915,0.033140341685836995,0.9358134096385307
RPL38,555.3000000000009,0.043112694078518116,0.9358134096385307
RPL11,586.3000000000009,0.008388155467918566,0.9358134096385307
PTMA,661.099999999999,0.00970134088867275,0.9358134096385307
RPL13,695.9999999999991,0.03901168331216344,0.9358134096385307
PFN1,731.349999999999,0.022144640566891412,0.9358134096385307
RPL36A,733.4499999999966,0.005921717621776631,0.9358134096385307
RPL5,761.2500000000002,0.004128972001999601,0.9358134096385307
RPS10,773.9500000000021,0.032462538074721485,0.9358134096385307
RPL8,963.3500000000004,0.014140825238408542,0.9358134096385307
RPL10,1015.2500000000064,0.005081500936720596,0.9358134096385307
RPS18,1505.4499999999998,0.016779893484123967,0.9358134096385307
RPL30,1782.700000000009,0.02631288878373841,0.9358134096385307
RPL37A,1883.800000000002,0.03179664481638197,0.9358134096385307
RPS29,2573.799999999998,0.00534877052048203,0.9358134096385307
LUC7L,-12.645,0.04574395086013547,0.935995361256482
STRADA,-6.324999999999992,0.04574395086013547,0.935995361256482
CRELD1,-6.1400000000000095,0.04574395086013547,0.935995361256482
STIM2,-5.550000000000005,0.04574395086013547,0.935995361256482
CCDC17,0.34000000000000014,0.04574395086013547,0.935995361256482
E2F8,3.110000000000001,0.04574395086013547,0.935995361256482
ADAMTSL1,3.9699999999999998,0.04574395086013547,0.935995361256482
CCDC18,5.959999999999997,0.04574395086013547,0.935995361256482
RPS20,424.1500000000042,0.04574395086013547,0.935995361256482
GHDC,-4.960000000000006,0.04619538821937345,0.9442258637853403
ECH1,-92.65000000000002,0.04946163053965756,0.9445941044255199
MRPS23,-25.94499999999998,0.048509224273800666,0.9445941044255199
CHPF,-24.29500000000003,0.04946163053965756,0.9445941044255199
STUB1,-18.220000000000013,0.047572266916953536,0.9445941044255199
RTKN,-17.455,0.048509224273800666,0.9445941044255199
FZD6,-16.784999999999997,0.04898348455208336,0.9445941044255199
GOLGA8B,-14.810000000000004,0.048038826207971126,0.9445941044255199
TCTEX1D2,-13.945,0.04898348455208336,0.9445941044255199
CUEDC1,-11.070000000000013,0.047572266916953536,0.9445941044255199
GALNT11,-10.429999999999996,0.04710952302302402,0.9445941044255199
RAB24,-7.645000000000007,0.048509224273800666,0.9445941044255199
PPP1R37,-6.015000000000004,0.047572266916953536,0.9445941044255199
ORC4,-5.230000000000004,0.046650571209086604,0.9445941044255199
TMEM50B,-5.1800000000000015,0.04946163053965756,0.9445941044255199
MZF1,-4.740000000000002,0.04898348455208336,0.9445941044255199
SLC37A1,-4.5649999999999995,0.046650571209086604,0.9445941044255199
IQSEC1,-2.514999999999999,0.048509224273800666,0.9445941044255199
COG6,-2.5,0.04946163053965756,0.9445941044255199
ZNF641,-1.6550000000000002,0.048038826207971126,0.9445941044255199
ZBTB34,-1.2450000000000006,0.04898348455208336,0.9445941044255199
PPP2R2C,-1.095,0.04710952302302402,0.9445941044255199
SDK1,-0.6300000000000001,0.048038826207971126,0.9445941044255199
ZNF658,-0.5899999999999999,0.047572266916953536,0.9445941044255199
PNCK,-0.5099999999999999,0.047572266916953536,0.9445941044255199
ZNF396,-0.4099999999999999,0.04946163053965756,0.9445941044255199
PARM1,-0.2999999999999999,0.047572266916953536,0.9445941044255199
CTTNBP2,-0.18499999999999991,0.047572266916953536,0.9445941044255199
MRAP2,-0.1499999999999999,0.04898348455208336,0.9445941044255199
SMIM10L2A,-0.1499999999999999,0.047572266916953536,0.9445941044255199
ZBTB32,-0.1299999999999999,0.04710952302302402,0.9445941044255199
RSPH14,-0.11999999999999991,0.048509224273800666,0.9445941044255199
GDF9,-0.1100000000000001,0.04946163053965756,0.9445941044255199
ACSBG1,-0.0999999999999999,0.048509224273800666,0.9445941044255199
FSTL4,-0.085,0.04946163053965756,0.9445941044255199
MAL,-0.060000000000000005,0.046650571209086604,0.9445941044255199
KCNE1,-0.05,0.04710952302302402,0.9445941044255199
AFF2,-0.03,0.046650571209086604,0.9445941044255199
OR4F17,-0.03,0.04946163053965756,0.9445941044255199
TMEM273,-0.03,0.048509224273800666,0.9445941044255199
SCGN,-0.02,0.046650571209086604,0.9445941044255199
SLC35G5,-0.02,0.04710952302302402,0.9445941044255199
ARHGAP20,-0.019999999999999997,0.048038826207971126,0.9445941044255199
DUOXA2,0.0,0.048509224273800666,0.9445941044255199
OVCH2,0.0,0.048509224273800666,0.9445941044255199
TEX13C,0.0,0.048509224273800666,0.9445941044255199
P2RY4,0.0800000000000001,0.048509224273800666,0.9445941044255199
LY6G5C,0.8899999999999999,0.048509224273800666,0.9445941044255199
BLM,2.8800000000000026,0.04898348455208336,0.9445941044255199
CXCL3,4.720000000000001,0.04898348455208336,0.9445941044255199
GPATCH2L,5.165000000000008,0.046650571209086604,0.9445941044255199
WDR70,6.589999999999996,0.048509224273800666,0.9445941044255199
PLK4,6.929999999999989,0.04946163053965756,0.9445941044255199
MIS18BP1,7.210000000000001,0.048509224273800666,0.9445941044255199
GNPNAT1,15.010000000000009,0.04946163053965756,0.9445941044255199
NUDT5,17.790000000000035,0.04946163053965756,0.9445941044255199
ODF2,18.22999999999999,0.047572266916953536,0.9445941044255199
VBP1,20.54500000000003,0.04946163053965756,0.9445941044255199
PPIH,26.209999999999965,0.047572266916953536,0.9445941044255199
RAD21,40.59000000000003,0.048509224273800666,0.9445941044255199
NSA2,40.91500000000002,0.047572266916953536,0.9445941044255199
NDUFA10,40.954999999999984,0.048509224273800666,0.9445941044255199
YBX3,48.595,0.047572266916953536,0.9445941044255199
TMED10,58.434999999999974,0.047572266916953536,0.9445941044255199
ILF2,64.94000000000011,0.04946163053965756,0.9445941044255199
RPLP0,685.6999999999975,0.047572266916953536,0.9445941044255199
RPL21,704.5000000000005,0.047572266916953536,0.9445941044255199
UBL5,-133.1750000000003,0.062164902145899634,0.9447610850540745
NDUFA13,-106.23500000000001,0.0707479580880664,0.9447610850540745
CTSD,-85.86999999999992,0.07745545963487725,0.9447610850540745
MYDGF,-74.05999999999999,0.06333558175117736,0.9447610850540745
VKORC1,-64.97500000000002,0.059877226166828945,0.9447610850540745
EIF2S3,-50.89999999999998,0.05342952254267521,0.9447610850540745
NFE2L1,-43.34500000000001,0.07745545963487725,0.9447610850540745
HM13,-42.37000000000003,0.05241342945584943,0.9447610850540745
APMAP,-38.67499999999998,0.062164902145899634,0.9447610850540745
GALNT2,-37.925000000000026,0.058759835311800186,0.9447610850540745
PON2,-35.855000000000004,0.0645244197596961,0.9447610850540745
LAMP1,-31.30499999999995,0.07471277238837708,0.9447610850540745
PDHA1,-30.554999999999964,0.06573161487231481,0.9447610850540745
MRPL27,-29.409999999999982,0.05042967392162715,0.9447610850540745
HSPG2,-28.619999999999997,0.07204993646619941,0.9447610850540745
TMEM30A,-28.525000000000013,0.0645244197596961,0.9447610850540745
COX14,-28.394999999999968,0.05551109809787107,0.9447610850540745
TSPAN14,-26.900000000000002,0.05042967392162715,0.9447610850540745
SDC2,-26.570000000000007,0.0519114725571724,0.9447610850540745
COL18A1,-24.750000000000007,0.05498447032476613,0.9447610850540745
TM7SF3,-24.555000000000064,0.05342952254267521,0.9447610850540745
DNAJB1,-22.614999999999995,0.05446201456447668,0.9447610850540745
L1CAM,-22.049999999999997,0.06512571023825503,0.9447610850540745
SMARCA4,-21.894999999999996,0.06573161487231481,0.9447610850540745
MICOS13,-20.585000000000008,0.056576966515685306,0.9447610850540745
ENTPD6,-20.00500000000003,0.06695736631590649,0.9447610850540745
PLCD3,-19.98,0.062164902145899634,0.9447610850540745
ECI1,-19.050000000000008,0.06946533753324902,0.9447610850540745
NDFIP2,-16.755000000000006,0.06101218280164774,0.9447610850540745
BFAR,-16.315000000000005,0.057659813959543,0.9447610850540745
KIAA0100,-16.19000000000002,0.0707479580880664,0.9447610850540745
P3H4,-15.444999999999991,0.06695736631590649,0.9447610850540745
ZNF428,-15.060000000000002,0.059877226166828945,0.9447610850540745
CMBL,-14.429999999999996,0.05446201456447668,0.9447610850540745
DLG1,-14.370000000000005,0.07607403353492073,0.9447610850540745
CEMIP2,-13.745000000000005,0.06333558175117736,0.9447610850540745
MIEN1,-13.355000000000004,0.07471277238837708,0.9447610850540745
BDH1,-12.965,0.06333558175117736,0.9447610850540745
FBXO44,-12.934999999999999,0.060442496468601496,0.9447610850540745
CCDC47,-12.584999999999994,0.07885725307438271,0.9447610850540745
CAND1,-12.444999999999986,0.062164902145899634,0.9447610850540745
GNS,-12.389999999999993,0.057659813959543,0.9447610850540745
GDE1,-11.99499999999999,0.05551109809787107,0.9447610850540745
NADSYN1,-11.81999999999999,0.07337147401247418,0.9447610850540745
TRIOBP,-11.41999999999998,0.056576966515685306,0.9447610850540745
SC5D,-11.265000000000008,0.05342952254267521,0.9447610850540745
TMEM9B,-11.164999999999981,0.07676221332090098,0.9447610850540745
SLC25A1,-10.790000000000013,0.052919438136590786,0.9447610850540745
GNPTG,-10.729999999999997,0.05241342945584943,0.9447610850540745
TARBP2,-10.675000000000015,0.0707479580880664,0.9447610850540745
ADGRG6,-10.570000000000002,0.07204993646619941,0.9447610850540745
GULP1,-10.309999999999999,0.059877226166828945,0.9447610850540745
RSAD1,-10.225000000000001,0.057659813959543,0.9447610850540745
SPAG9,-9.974999999999994,0.06883122361490727,0.9447610850540745
YIPF3,-9.89500000000001,0.07607403353492073,0.9447610850540745
BCL2L13,-9.885000000000005,0.07676221332090098,0.9447610850540745
PIP4K2B,-9.77500000000001,0.06695736631590649,0.9447610850540745
TEAD1,-9.625000000000004,0.05042967392162715,0.9447610850540745
MFSD3,-9.62,0.05446201456447668,0.9447610850540745
TOB1,-9.59,0.07403964048152073,0.9447610850540745
DNAJC5,-9.559999999999992,0.06392771854894191,0.9447610850540745
UBFD1,-9.290000000000003,0.05446201456447668,0.9447610850540745
NMT1,-9.115000000000016,0.05551109809787107,0.9447610850540745
FYTTD1,-9.104999999999997,0.07607403353492073,0.9447610850540745
GAK,-9.014999999999986,0.06512571023825503,0.9447610850540745
APOL1,-8.895000000000001,0.05820766568882029,0.9447610850540745
SPNS1,-8.794999999999991,0.06573161487231481,0.9447610850540745
ENDOD1,-8.78,0.062164902145899634,0.9447610850540745
CNP,-8.775000000000002,0.056576966515685306,0.9447610850540745
NBR1,-8.605000000000015,0.05241342945584943,0.9447610850540745
PMM2,-8.489999999999988,0.062164902145899634,0.9447610850540745
SMUG1,-8.480000000000004,0.05446201456447668,0.9447610850540745
GYS1,-8.299999999999997,0.07204993646619941,0.9447610850540745
GFPT1,-8.160000000000007,0.0707479580880664,0.9447610850540745
STAT2,-8.080000000000002,0.07337147401247418,0.9447610850540745
PGAP6,-8.06499999999999,0.058759835311800186,0.9447610850540745
LPCAT1,-8.005000000000003,0.07745545963487725,0.9447610850540745
NAGLU,-7.970000000000004,0.07885725307438271,0.9447610850540745
COPZ2,-7.940000000000002,0.06695736631590649,0.9447610850540745
DBNDD1,-7.6249999999999964,0.06573161487231481,0.9447610850540745
MRFAP1L1,-7.525000000000006,0.062164902145899634,0.9447610850540745
ZNF580,-7.404999999999999,0.05711625569623903,0.9447610850540745
KDSR,-7.179999999999996,0.05551109809787107,0.9447610850540745
LCMT1,-7.1250000000000036,0.058759835311800186,0.9447610850540745
BCKDK,-7.125,0.05446201456447668,0.9447610850540745
SNX14,-7.025000000000009,0.06333558175117736,0.9447610850540745
SIRT2,-6.8500000000000085,0.06101218280164774,0.9447610850540745
DYNLT3,-6.714999999999998,0.0645244197596961,0.9447610850540745
DAB2IP,-6.679999999999998,0.06573161487231481,0.9447610850540745
IGSF8,-6.654999999999987,0.07676221332090098,0.9447610850540745
COQ8B,-6.615,0.06274798454549298,0.9447610850540745
MAPK8IP3,-6.484999999999992,0.07745545963487725,0.9447610850540745
PARN,-6.30500000000001,0.06820187381007925,0.9447610850540745
SDSL,-6.290000000000001,0.058759835311800186,0.9447610850540745
NAV2,-6.29,0.056576966515685306,0.9447610850540745
PLA2G6,-6.220000000000001,0.05241342945584943,0.9447610850540745
MXD4,-6.074999999999999,0.059877226166828945,0.9447610850540745
ZFYVE27,-6.035000000000011,0.06101218280164774,0.9447610850540745
ZBED1,-6.014999999999997,0.06946533753324902,0.9447610850540745
PI4K2A,-6.0000000000000036,0.07607403353492073,0.9447610850540745
FDX2,-5.945000000000004,0.06883122361490727,0.9447610850540745
RDH13,-5.744999999999996,0.07885725307438271,0.9447610850540745
PIP4K2C,-5.690000000000005,0.07815379778117171,0.9447610850540745
SULT1A1,-5.6549999999999985,0.07607403353492073,0.9447610850540745
LGR4,-5.550000000000001,0.056576966515685306,0.9447610850540745
IREB2,-5.330000000000002,0.05342952254267521,0.9447610850540745
KCTD1,-5.290000000000001,0.07607403353492073,0.9447610850540745
TNFSF9,-5.195000000000002,0.06573161487231481,0.9447610850540745
WFS1,-5.185000000000002,0.0645244197596961,0.9447610850540745
PHKG2,-5.104999999999997,0.07204993646619941,0.9447610850540745
GATD3A,-5.045,0.05820766568882029,0.9447610850540745
GOSR2,-5.015000000000011,0.07745545963487725,0.9447610850540745
ANKRA2,-4.960000000000001,0.07204993646619941,0.9447610850540745
CD74,-4.934999999999999,0.07815379778117171,0.9447610850540745
DNAJC14,-4.865000000000009,0.05446201456447668,0.9447610850540745
THAP5,-4.854999999999999,0.07539089498411491,0.9447610850540745
ZNF226,-4.844999999999995,0.050919618599061335,0.9447610850540745
ZDHHC17,-4.8050000000000015,0.059877226166828945,0.9447610850540745
FBXO22,-4.6599999999999895,0.07539089498411491,0.9447610850540745
C6orf120,-4.615000000000002,0.05042967392162715,0.9447610850540745
MR1,-4.6,0.06392771854894191,0.9447610850540745
CREB3,-4.519999999999996,0.07745545963487725,0.9447610850540745
COX15,-4.495000000000003,0.07337147401247418,0.9447610850540745
NXPE3,-4.4750000000000005,0.07270824774646582,0.9447610850540745
ZNF24,-4.475,0.06573161487231481,0.9447610850540745
NDFIP1,-4.42000000000003,0.06946533753324902,0.9447610850540745
ERI2,-4.409999999999997,0.062164902145899634,0.9447610850540745
C1QTNF6,-4.385,0.07885725307438271,0.9447610850540745
KAZN,-4.379999999999999,0.07607403353492073,0.9447610850540745
ARMT1,-4.354999999999999,0.07815379778117171,0.9447610850540745
MVK,-4.315000000000001,0.07010424065342304,0.9447610850540745
VRK3,-4.279999999999983,0.05551109809787107,0.9447610850540745
IL17RC,-4.269999999999998,0.07471277238837708,0.9447610850540745
MXRA8,-4.220000000000001,0.057659813959543,0.9447610850540745
THAP7,-4.215000000000003,0.049943685791828354,0.9447610850540745
SHOC2,-4.174999999999999,0.06946533753324902,0.9447610850540745
PAQR7,-4.075000000000002,0.0519114725571724,0.9447610850540745
PLEKHM1,-4.044999999999996,0.07471277238837708,0.9447610850540745
AHDC1,-3.9750000000000005,0.07745545963487725,0.9447610850540745
UGGT2,-3.92,0.07745545963487725,0.9447610850540745
ZFYVE16,-3.8600000000000048,0.062164902145899634,0.9447610850540745
PGPEP1,-3.845,0.050919618599061335,0.9447610850540745
UBE3B,-3.8449999999999953,0.07539089498411491,0.9447610850540745
ZER1,-3.7500000000000036,0.0707479580880664,0.9447610850540745
ZXDC,-3.705000000000002,0.06333558175117736,0.9447610850540745
SLC39A10,-3.6549999999999923,0.05551109809787107,0.9447610850540745
BMPR1A,-3.575000000000003,0.059877226166828945,0.9447610850540745
GCC2,-3.5700000000000003,0.07676221332090098,0.9447610850540745
ABCA7,-3.5649999999999995,0.06820187381007925,0.9447610850540745
QPCTL,-3.559999999999997,0.07471277238837708,0.9447610850540745
HLA-DMA,-3.535000000000001,0.07471277238837708,0.9447610850540745
ZNF652,-3.5149999999999997,0.0707479580880664,0.9447610850540745
TMEM150A,-3.4899999999999993,0.07337147401247418,0.9447610850540745
SLC26A11,-3.465,0.06883122361490727,0.9447610850540745
SLAIN1,-3.4649999999999985,0.06757726305587053,0.9447610850540745
GATAD1,-3.445000000000004,0.07676221332090098,0.9447610850540745
CCDC78,-3.444999999999999,0.05141354355035379,0.9447610850540745
SLC35A1,-3.4300000000000015,0.062164902145899634,0.9447610850540745
SLC49A4,-3.3800000000000017,0.07270824774646582,0.9447610850540745
SLC25A4,-3.3549999999999986,0.07815379778117171,0.9447610850540745
HS6ST1,-3.2499999999999982,0.05551109809787107,0.9447610850540745
ABHD15,-3.245000000000001,0.05342952254267521,0.9447610850540745
LRP6,-3.205,0.06392771854894191,0.9447610850540745
PLCB1,-3.18,0.05931634729980537,0.9447610850540745
HLCS,-3.175000000000007,0.06695736631590649,0.9447610850540745
TMEM184C,-3.149999999999997,0.07403964048152073,0.9447610850540745
ITGB8,-3.0050000000000012,0.07745545963487725,0.9447610850540745
HHAT,-2.9849999999999994,0.07270824774646582,0.9447610850540745
EXOC6B,-2.8400000000000016,0.07471277238837708,0.9447610850540745
RUBCN,-2.84,0.06757726305587053,0.9447610850540745
FBXO25,-2.8000000000000007,0.07539089498411491,0.9447610850540745
POGLUT2,-2.7900000000000063,0.07471277238837708,0.9447610850540745
DNAJC3,-2.7849999999999984,0.07204993646619941,0.9447610850540745
MVB12B,-2.765,0.06820187381007925,0.9447610850540745
FBXO27,-2.7500000000000004,0.07204993646619941,0.9447610850540745
USP46,-2.634999999999999,0.057659813959543,0.9447610850540745
DMXL1,-2.570000000000001,0.06695736631590649,0.9447610850540745
VSIR,-2.5450000000000004,0.060442496468601496,0.9447610850540745
NR2F6,-2.520000000000003,0.07204993646619941,0.9447610850540745
MTERF2,-2.500000000000001,0.05042967392162715,0.9447610850540745
ZNF160,-2.4649999999999945,0.07010424065342304,0.9447610850540745
KALRN,-2.4399999999999995,0.07885725307438271,0.9447610850540745
GPR89B,-2.415000000000001,0.07403964048152073,0.9447610850540745
ZNF587,-2.4149999999999974,0.06695736631590649,0.9447610850540745
PANX2,-2.41,0.05931634729980537,0.9447610850540745
RGPD6,-2.404999999999999,0.07270824774646582,0.9447610850540745
DPY19L3,-2.375,0.05241342945584943,0.9447610850540745
GAB2,-2.3699999999999997,0.06573161487231481,0.9447610850540745
SLC46A1,-2.3,0.06820187381007925,0.9447610850540745
PDE4A,-2.2849999999999997,0.06101218280164774,0.9447610850540745
ZNF189,-2.2350000000000003,0.057659813959543,0.9447610850540745
ZNF780B,-2.2149999999999994,0.0645244197596961,0.9447610850540745
TRIM32,-2.2100000000000044,0.06512571023825503,0.9447610850540745
TMEM117,-2.15,0.07204993646619941,0.9447610850540745
TMTC2,-2.0900000000000003,0.07885725307438271,0.9447610850540745
SENP5,-2.084999999999999,0.05042967392162715,0.9447610850540745
ATXN7,-2.030000000000001,0.05042967392162715,0.9447610850540745
PPP1R9A,-2.0199999999999996,0.07204993646619941,0.9447610850540745
TMEM121,-1.9949999999999994,0.05141354355035379,0.9447610850540745
PRTG,-1.9699999999999998,0.05931634729980537,0.9447610850540745
ACAP2,-1.889999999999997,0.05042967392162715,0.9447610850540745
AFF1,-1.87,0.07270824774646582,0.9447610850540745
NUDT18,-1.8299999999999979,0.05820766568882029,0.9447610850540745
COX18,-1.8250000000000046,0.06695736631590649,0.9447610850540745
TDRD7,-1.7749999999999995,0.05342952254267521,0.9447610850540745
FAM228B,-1.7350000000000012,0.057659813959543,0.9447610850540745
LNX2,-1.6949999999999985,0.07745545963487725,0.9447610850540745
TRO,-1.6449999999999998,0.07539089498411491,0.9447610850540745
PDK3,-1.6399999999999983,0.06573161487231481,0.9447610850540745
BTRC,-1.615000000000001,0.06820187381007925,0.9447610850540745
RNF182,-1.5999999999999999,0.06946533753324902,0.9447610850540745
GPR180,-1.5249999999999995,0.06333558175117736,0.9447610850540745
TNFSF10,-1.4100000000000001,0.06392771854894191,0.9447610850540745
BMP8B,-1.375,0.06634215858141755,0.9447610850540745
PRODH,-1.3749999999999996,0.05394370666964335,0.9447610850540745
PCSK5,-1.3550000000000004,0.06634215858141755,0.9447610850540745
LYRM9,-1.3150000000000004,0.05342952254267521,0.9447610850540745
SPNS2,-1.3000000000000003,0.06512571023825503,0.9447610850540745
SRGAP3,-1.2850000000000001,0.06512571023825503,0.9447610850540745
NAPB,-1.255,0.07204993646619941,0.9447610850540745
ZNF552,-1.254999999999999,0.06695736631590649,0.9447610850540745
CDON,-1.23,0.06820187381007925,0.9447610850540745
LPAR6,-1.2050000000000003,0.07471277238837708,0.9447610850540745
GNAZ,-1.2000000000000002,0.06883122361490727,0.9447610850540745
MBD5,-1.160000000000001,0.07607403353492073,0.9447610850540745
PAPLN,-1.1249999999999998,0.07010424065342304,0.9447610850540745
TIAM2,-1.12,0.06392771854894191,0.9447610850540745
PLEKHG1,-1.1199999999999997,0.06274798454549298,0.9447610850540745
ZBTB6,-1.1100000000000012,0.06512571023825503,0.9447610850540745
GGACT,-1.105,0.06883122361490727,0.9447610850540745
UFSP1,-1.0849999999999995,0.058759835311800186,0.9447610850540745
LMF1,-1.040000000000001,0.06883122361490727,0.9447610850540745
DENND2D,-0.9999999999999996,0.07471277238837708,0.9447610850540745
CYP3A5,-0.9800000000000004,0.07270824774646582,0.9447610850540745
ZNF440,-0.9799999999999982,0.06101218280164774,0.9447610850540745
ZNF432,-0.9549999999999996,0.07270824774646582,0.9447610850540745
SCHIP1,-0.9449999999999998,0.0707479580880664,0.9447610850540745
GAREM1,-0.935,0.07539089498411491,0.9447610850540745
EFR3B,-0.9249999999999998,0.07139651497301938,0.9447610850540745
S1PR2,-0.9249999999999998,0.05931634729980537,0.9447610850540745
RWDD2A,-0.9050000000000007,0.07204993646619941,0.9447610850540745
C19orf81,-0.8950000000000001,0.056576966515685306,0.9447610850540745
SLC8A1,-0.865,0.07815379778117171,0.9447610850540745
BCLAF3,-0.8549999999999995,0.07204993646619941,0.9447610850540745
PDZD7,-0.8400000000000001,0.05141354355035379,0.9447610850540745
EFHD1,-0.7949999999999999,0.07337147401247418,0.9447610850540745
PROCA1,-0.7899999999999996,0.07539089498411491,0.9447610850540745
ERO1B,-0.7400000000000011,0.07139651497301938,0.9447610850540745
CES3,-0.7400000000000002,0.061586309802333025,0.9447610850540745
SLC26A1,-0.74,0.07270824774646582,0.9447610850540745
AC131160.1,-0.685,0.05141354355035379,0.9447610850540745
AP3B2,-0.675,0.0707479580880664,0.9447610850540745
CD22,-0.6500000000000001,0.061586309802333025,0.9447610850540745
SMIM1,-0.635,0.07471277238837708,0.9447610850540745
ABCB1,-0.6000000000000002,0.05711625569623903,0.9447610850540745
ACER2,-0.5700000000000001,0.0560419220800672,0.9447610850540745
EIF2S3B,-0.5650000000000008,0.057659813959543,0.9447610850540745
ELOVL2,-0.5650000000000001,0.07745545963487725,0.9447610850540745
SELENOP,-0.5650000000000001,0.05551109809787107,0.9447610850540745
MLYCD,-0.54,0.07815379778117171,0.9447610850540745
ADAP2,-0.5350000000000001,0.0707479580880664,0.9447610850540745
LRRK2,-0.485,0.07676221332090098,0.9447610850540745
TTC25,-0.45,0.057659813959543,0.9447610850540745
FAM47E,-0.43999999999999995,0.06946533753324902,0.9447610850540745
ZNF543,-0.4299999999999995,0.07010424065342304,0.9447610850540745
SEPTIN1,-0.4149999999999998,0.07885725307438271,0.9447610850540745
GPR37,-0.39,0.06333558175117736,0.9447610850540745
NME5,-0.3899999999999999,0.07607403353492073,0.9447610850540745
UCP3,-0.35999999999999993,0.059877226166828945,0.9447610850540745
PCDHGB7,-0.34999999999999987,0.05394370666964335,0.9447610850540745
JSRP1,-0.33999999999999986,0.05241342945584943,0.9447610850540745
SEMA3E,-0.32999999999999985,0.06695736631590649,0.9447610850540745
LRRIQ3,-0.32499999999999996,0.07745545963487725,0.9447610850540745
INHA,-0.31500000000000017,0.06820187381007925,0.9447610850540745
ABCG1,-0.315,0.056576966515685306,0.9447610850540745
CLTRN,-0.31499999999999984,0.06392771854894191,0.9447610850540745
TNXB,-0.29500000000000015,0.05342952254267521,0.9447610850540745
FREM2,-0.29,0.05342952254267521,0.9447610850540745
TUBA8,-0.28,0.05394370666964335,0.9447610850540745
JAK3,-0.27499999999999997,0.07745545963487725,0.9447610850540745
CYRIA,-0.2700000000000001,0.07607403353492073,0.9447610850540745
ZFHX2,-0.2699999999999999,0.07745545963487725,0.9447610850540745
PTGS1,-0.26500000000000007,0.07539089498411491,0.9447610850540745
NACAD,-0.26500000000000007,0.07745545963487725,0.9447610850540745
PVRIG,-0.2649999999999999,0.07204993646619941,0.9447610850540745
CIITA,-0.26,0.05042967392162715,0.9447610850540745
CD101,-0.2599999999999998,0.06333558175117736,0.9447610850540745
P2RY6,-0.255,0.07471277238837708,0.9447610850540745
ITGA2B,-0.245,0.060442496468601496,0.9447610850540745
GPD1,-0.245,0.052919438136590786,0.9447610850540745
LDLRAD4,-0.245,0.0519114725571724,0.9447610850540745
TMEM225B,-0.23000000000000023,0.07607403353492073,0.9447610850540745
ELMO1,-0.215,0.07745545963487725,0.9447610850540745
XKR9,-0.21000000000000002,0.06573161487231481,0.9447610850540745
KCNH1,-0.20999999999999994,0.0560419220800672,0.9447610850540745
LRP2BP,-0.20500000000000002,0.07885725307438271,0.9447610850540745
PCDHGA1,-0.1999999999999999,0.05141354355035379,0.9447610850540745
ALPK3,-0.19000000000000003,0.05241342945584943,0.9447610850540745
C16orf71,-0.18499999999999994,0.05711625569623903,0.9447610850540745
RASGRP1,-0.18000000000000002,0.06333558175117736,0.9447610850540745
GCSAM,-0.17000000000000015,0.06573161487231481,0.9447610850540745
PRKN,-0.17,0.06634215858141755,0.9447610850540745
CCN5,-0.16999999999999987,0.06695736631590649,0.9447610850540745
AEBP1,-0.15499999999999994,0.059877226166828945,0.9447610850540745
C9orf43,-0.14999999999999997,0.06392771854894191,0.9447610850540745
TBC1D10C,-0.1499999999999999,0.049943685791828354,0.9447610850540745
LIN7A,-0.1399999999999999,0.057659813959543,0.9447610850540745
ANGPTL6,-0.1399999999999999,0.052919438136590786,0.9447610850540745
ITGAM,-0.1399999999999999,0.07139651497301938,0.9447610850540745
RGPD4,-0.1399999999999999,0.07403964048152073,0.9447610850540745
AGMO,-0.1300000000000001,0.052919438136590786,0.9447610850540745
JAKMIP3,-0.1299999999999999,0.05141354355035379,0.9447610850540745
LTC4S,-0.1299999999999999,0.07676221332090098,0.9447610850540745
C19orf38,-0.1299999999999999,0.06101218280164774,0.9447610850540745
SPX,-0.1249999999999999,0.06274798454549298,0.9447610850540745
FAM13C,-0.12000000000000009,0.05446201456447668,0.9447610850540745
BEND5,-0.115,0.07815379778117171,0.9447610850540745
ALOX5,-0.10999999999999989,0.06883122361490727,0.9447610850540745
RAPGEF4,-0.1050000000000001,0.061586309802333025,0.9447610850540745
SMIM10L2B,-0.10500000000000001,0.060442496468601496,0.9447610850540745
ANO4,-0.105,0.059877226166828945,0.9447610850540745
MAF,-0.105,0.062164902145899634,0.9447610850540745
P2RX7,-0.10000000000000009,0.05820766568882029,0.9447610850540745
CLEC3B,-0.1,0.05042967392162715,0.9447610850540745
FAM47E-STBD1,-0.095,0.058759835311800186,0.9447610850540745
SCN4B,-0.0900000000000001,0.06695736631590649,0.9447610850540745
XAGE1B,-0.08999999999999989,0.07815379778117171,0.9447610850540745
FCGBP,-0.0800000000000001,0.0707479580880664,0.9447610850540745
AL441992.2,-0.0800000000000001,0.05141354355035379,0.9447610850540745
EXTL1,-0.08,0.07676221332090098,0.9447610850540745
PCDHA11,-0.07500000000000001,0.05551109809787107,0.9447610850540745
PKD1L1,-0.07000000000000009,0.06883122361490727,0.9447610850540745
CYP3A7,-0.07,0.06883122361490727,0.9447610850540745
PRIMA1,-0.07,0.052919438136590786,0.9447610850540745
MTRNR2L4,-0.07,0.06573161487231481,0.9447610850540745
H2BC3,-0.07,0.06274798454549298,0.9447610850540745
RASGRF2,-0.0699999999999999,0.07676221332090098,0.9447610850540745
KCNK15,-0.065,0.07010424065342304,0.9447610850540745
SPIB,-0.060000000000000005,0.05820766568882029,0.9447610850540745
KCNE4,-0.06,0.059877226166828945,0.9447610850540745
SH2D6,-0.06,0.062164902145899634,0.9447610850540745
ACSL6,-0.06,0.06946533753324902,0.9447610850540745
CFAP99,-0.06,0.05931634729980537,0.9447610850540745
CHRNB2,-0.05999999999999989,0.07607403353492073,0.9447610850540745
COL28A1,-0.05999999999999989,0.061586309802333025,0.9447610850540745
CDHR1,-0.05,0.057659813959543,0.9447610850540745
FABP7,-0.05,0.06946533753324902,0.9447610850540745
MYRIP,-0.05,0.05551109809787107,0.9447610850540745
ALK,-0.05,0.06573161487231481,0.9447610850540745
CD19,-0.05,0.07471277238837708,0.9447610850540745
ZBBX,-0.049999999999999996,0.0707479580880664,0.9447610850540745
CATIP,-0.04500000000000001,0.06101218280164774,0.9447610850540745
CLSTN2,-0.045,0.06820187381007925,0.9447610850540745
ZDHHC19,-0.045,0.0560419220800672,0.9447610850540745
RNF133,-0.045,0.07403964048152073,0.9447610850540745
B3GAT2,-0.04000000000000001,0.07539089498411491,0.9447610850540745
GZMB,-0.04,0.06274798454549298,0.9447610850540745
ATP13A4,-0.04,0.052919438136590786,0.9447610850540745
AQP7,-0.04,0.06101218280164774,0.9447610850540745
PTPN20,-0.04,0.06573161487231481,0.9447610850540745
KIT,-0.039999999999999994,0.06820187381007925,0.9447610850540745
HAVCR2,-0.030000000000000006,0.06757726305587053,0.9447610850540745
PON1,-0.03,0.06101218280164774,0.9447610850540745
PCDH17,-0.03,0.05931634729980537,0.9447610850540745
RIPPLY1,-0.03,0.07676221332090098,0.9447610850540745
CALML5,-0.03,0.06101218280164774,0.9447610850540745
MAGEA11,-0.03,0.059877226166828945,0.9447610850540745
PSG8,-0.025,0.05820766568882029,0.9447610850540745
ERMN,-0.025,0.07539089498411491,0.9447610850540745
ANGPTL3,-0.020000000000000004,0.07337147401247418,0.9447610850540745
PHF24,-0.02,0.06757726305587053,0.9447610850540745
TMEM61,-0.02,0.05241342945584943,0.9447610850540745
GABRA2,-0.02,0.05241342945584943,0.9447610850540745
GDF6,-0.02,0.05551109809787107,0.9447610850540745
PHYHIPL,-0.02,0.05551109809787107,0.9447610850540745
COL25A1,-0.02,0.058759835311800186,0.9447610850540745
C5orf49,-0.02,0.06946533753324902,0.9447610850540745
CSAG2,-0.02,0.0645244197596961,0.9447610850540745
OPRD1,-0.019999999999999997,0.059877226166828945,0.9447610850540745
PDE1B,-0.019999999999999997,0.07607403353492073,0.9447610850540745
C12orf50,-0.019999999999999997,0.06883122361490727,0.9447610850540745
CDH7,-0.015000000000000001,0.061586309802333025,0.9447610850540745
PIGR,-0.015000000000000001,0.0645244197596961,0.9447610850540745
IMPG2,-0.015,0.05711625569623903,0.9447610850540745
FLG2,-0.015,0.07745545963487725,0.9447610850540745
DNAH9,-0.01,0.05498447032476613,0.9447610850540745
ADCY2,-0.01,0.0560419220800672,0.9447610850540745
LAX1,-0.01,0.0645244197596961,0.9447610850540745
CD180,-0.01,0.07010424065342304,0.9447610850540745
RXRG,-0.01,0.06820187381007925,0.9447610850540745
FNDC9,-0.01,0.05446201456447668,0.9447610850540745
EVX2,-0.01,0.06573161487231481,0.9447610850540745
TMPRSS7,-0.01,0.07471277238837708,0.9447610850540745
ZNF648,-0.01,0.0560419220800672,0.9447610850540745
CXCR2,-0.01,0.0707479580880664,0.9447610850540745
LRRC74B,-0.01,0.057659813959543,0.9447610850540745
PIK3R6,-0.01,0.05042967392162715,0.9447610850540745
OXGR1,-0.005,0.06695736631590649,0.9447610850540745
VIPR2,0.0,0.07885725307438271,0.9447610850540745
GSTM5,0.0,0.07204993646619941,0.9447610850540745
TIMD4,0.0,0.06333558175117736,0.9447610850540745
RAB3C,0.0,0.06883122361490727,0.9447610850540745
PYHIN1,0.0,0.0519114725571724,0.9447610850540745
OR2AT4,0.0,0.06757726305587053,0.9447610850540745
SNTG2,0.0,0.06757726305587053,0.9447610850540745
TMEM132E,0.0,0.06757726305587053,0.9447610850540745
IZUMO1R,0.0,0.0519114725571724,0.9447610850540745
LCE1E,0.0,0.06757726305587053,0.9447610850540745
ZNF676,0.0,0.05551109809787107,0.9447610850540745
CTAGE1,0.0,0.06512571023825503,0.9447610850540745
SAXO1,0.01,0.05820766568882029,0.9447610850540745
TRAT1,0.01,0.07010424065342304,0.9447610850540745
TBPL2,0.01,0.062164902145899634,0.9447610850540745
C16orf54,0.019999999999999997,0.07139651497301938,0.9447610850540745
EVX1,0.024999999999999998,0.05931634729980537,0.9447610850540745
CD93,0.03,0.07885725307438271,0.9447610850540745
SLC25A52,0.03,0.060442496468601496,0.9447610850540745
CLEC12A,0.04,0.07403964048152073,0.9447610850540745
FANCD2OS,0.06,0.059877226166828945,0.9447610850540745
C6orf15,0.06,0.06101218280164774,0.9447610850540745
ASIP,0.0699999999999999,0.06333558175117736,0.9447610850540745
GOLGA8F,0.07,0.07607403353492073,0.9447610850540745
CSF3,0.07000000000000009,0.05241342945584943,0.9447610850540745
FAM71D,0.0799999999999998,0.058759835311800186,0.9447610850540745
TEX29,0.0799999999999999,0.06757726305587053,0.9447610850540745
RAB40AL,0.0849999999999998,0.07815379778117171,0.9447610850540745
STAB1,0.08999999999999991,0.0707479580880664,0.9447610850540745
FGG,0.0999999999999999,0.07403964048152073,0.9447610850540745
LDB2,0.10000000000000009,0.06883122361490727,0.9447610850540745
EGR4,0.12000000000000009,0.058759835311800186,0.9447610850540745
TNNC2,0.1250000000000002,0.07010424065342304,0.9447610850540745
CCDC192,0.1299999999999999,0.056576966515685306,0.9447610850540745
LTB,0.21000000000000021,0.06101218280164774,0.9447610850540745
TMOD4,0.275,0.07270824774646582,0.9447610850540745
PATL2,0.40499999999999997,0.06392771854894191,0.9447610850540745
NPB,0.5050000000000001,0.061586309802333025,0.9447610850540745
ROBO4,0.5149999999999998,0.06392771854894191,0.9447610850540745
RSC1A1,0.8199999999999998,0.05498447032476613,0.9447610850540745
FDXACB1,0.835,0.06757726305587053,0.9447610850540745
ARMC4,0.92,0.07539089498411491,0.9447610850540745
H2BC9,0.9500000000000002,0.05394370666964335,0.9447610850540745
AP4S1,0.9600000000000004,0.061586309802333025,0.9447610850540745
HIC1,1.1199999999999999,0.05042967392162715,0.9447610850540745
ZFP69,1.2200000000000015,0.0707479580880664,0.9447610850540745
CSF2,1.2650000000000001,0.057659813959543,0.9447610850540745
EPHX4,1.4349999999999996,0.06757726305587053,0.9447610850540745
HOXA2,1.4449999999999998,0.060442496468601496,0.9447610850540745
WARS2,1.4549999999999965,0.06512571023825503,0.9447610850540745
METTL18,1.4650000000000007,0.07204993646619941,0.9447610850540745
PTGER4,1.4699999999999995,0.07471277238837708,0.9447610850540745
H2BC8,1.5549999999999997,0.05394370666964335,0.9447610850540745
KIAA0586,1.5650000000000013,0.07471277238837708,0.9447610850540745
RAD51B,1.6449999999999996,0.06695736631590649,0.9447610850540745
CDC25C,1.8599999999999994,0.05498447032476613,0.9447610850540745
ENOX2,1.9100000000000001,0.05446201456447668,0.9447610850540745
RIOK2,1.9300000000000033,0.05446201456447668,0.9447610850540745
SH2D2A,2.085,0.06883122361490727,0.9447610850540745
CLEC2D,2.2300000000000013,0.06946533753324902,0.9447610850540745
H4C11,2.289999999999999,0.07745545963487725,0.9447610850540745
RAD54B,2.3850000000000016,0.05446201456447668,0.9447610850540745
KHDC1,2.4299999999999997,0.059877226166828945,0.9447610850540745
FARSB,2.634999999999998,0.05551109809787107,0.9447610850540745
FOXL1,2.9650000000000007,0.0645244197596961,0.9447610850540745
SFR1,2.9750000000000023,0.06101218280164774,0.9447610850540745
CAMK2N2,3.1650000000000005,0.07607403353492073,0.9447610850540745
ABRAXAS1,3.6849999999999996,0.07815379778117171,0.9447610850540745
COP1,3.8150000000000013,0.05042967392162715,0.9447610850540745
FAM72C,4.149999999999999,0.07337147401247418,0.9447610850540745
NUP133,4.179999999999993,0.06946533753324902,0.9447610850540745
WRAP53,4.294999999999995,0.06573161487231481,0.9447610850540745
CARD8,4.325000000000003,0.049943685791828354,0.9447610850540745
FBXO4,4.56,0.07607403353492073,0.9447610850540745
VPS37C,4.805,0.07539089498411491,0.9447610850540745
CSTF2,5.339999999999993,0.057659813959543,0.9447610850540745
ARG2,5.395,0.07745545963487725,0.9447610850540745
UTP23,5.465,0.06820187381007925,0.9447610850540745
RBM22,5.520000000000003,0.07885725307438271,0.9447610850540745
TRAIP,5.785000000000002,0.05241342945584943,0.9447610850540745
CCDC34,5.950000000000003,0.07010424065342304,0.9447610850540745
LTO1,6.154999999999998,0.07676221332090098,0.9447610850540745
CENPI,6.224999999999996,0.05342952254267521,0.9447610850540745
HTATSF1,6.259999999999991,0.05141354355035379,0.9447610850540745
TWIST2,6.3100000000000005,0.06512571023825503,0.9447610850540745
SMAD1,6.334999999999997,0.07204993646619941,0.9447610850540745
ELF4,6.375,0.058759835311800186,0.9447610850540745
TRIM7,6.43,0.062164902145899634,0.9447610850540745
MUTYH,6.449999999999999,0.07745545963487725,0.9447610850540745
SMC2,6.495000000000012,0.07885725307438271,0.9447610850540745
SETD3,6.5049999999999955,0.07607403353492073,0.9447610850540745
XIAP,6.50500000000001,0.05820766568882029,0.9447610850540745
CENPL,6.609999999999998,0.07676221332090098,0.9447610850540745
PAX6,6.835000000000003,0.0707479580880664,0.9447610850540745
CHEK1,6.954999999999984,0.06695736631590649,0.9447610850540745
GOLGA5,7.27000000000001,0.07204993646619941,0.9447610850540745
GON7,7.449999999999999,0.06333558175117736,0.9447610850540745
KLF13,7.625000000000011,0.07139651497301938,0.9447610850540745
RCL1,7.945,0.07471277238837708,0.9447610850540745
FBXO31,8.005000000000003,0.058759835311800186,0.9447610850540745
TSEN15,8.649999999999999,0.05241342945584943,0.9447610850540745
SIPA1,8.725000000000001,0.07885725307438271,0.9447610850540745
CCNQ,9.455000000000002,0.05042967392162715,0.9447610850540745
CUL3,9.66000000000001,0.05711625569623903,0.9447610850540745
ASPM,9.785000000000025,0.07607403353492073,0.9447610850540745
PRIM1,9.939999999999984,0.062164902145899634,0.9447610850540745
CDCA8,10.070000000000007,0.062164902145899634,0.9447610850540745
CCDC82,10.215000000000007,0.06101218280164774,0.9447610850540745
MCMBP,10.304999999999971,0.06757726305587053,0.9447610850540745
FAM3A,10.425000000000008,0.07885725307438271,0.9447610850540745
CEP57,10.474999999999998,0.07815379778117171,0.9447610850540745
GAR1,10.975000000000016,0.0645244197596961,0.9447610850540745
RPIA,11.07,0.0645244197596961,0.9447610850540745
TCERG1,11.565000000000005,0.061586309802333025,0.9447610850540745
ETFRF1,12.045000000000002,0.06820187381007925,0.9447610850540745
ZC3H18,12.365000000000016,0.07676221332090098,0.9447610850540745
NUMB,12.410000000000018,0.0707479580880664,0.9447610850540745
CENPS,12.595000000000006,0.061586309802333025,0.9447610850540745
BRD7,12.960000000000043,0.06333558175117736,0.9447610850540745
MITD1,13.114999999999995,0.056576966515685306,0.9447610850540745
PLCB3,13.180000000000014,0.07745545963487725,0.9447610850540745
MELK,13.335000000000015,0.062164902145899634,0.9447610850540745
RPP21,13.374999999999986,0.06695736631590649,0.9447610850540745
NDUFA9,13.499999999999972,0.07745545963487725,0.9447610850540745
ZFAND1,13.640000000000015,0.058759835311800186,0.9447610850540745
CAB39,13.970000000000002,0.07337147401247418,0.9447610850540745
YAP1,14.68500000000003,0.06695736631590649,0.9447610850540745
WDR75,14.72000000000002,0.07471277238837708,0.9447610850540745
PRPF8,14.985000000000042,0.07204993646619941,0.9447610850540745
RAD51AP1,15.110000000000031,0.06820187381007925,0.9447610850540745
ZC3H15,15.325000000000003,0.05241342945584943,0.9447610850540745
WDR3,15.940000000000005,0.058759835311800186,0.9447610850540745
PRR11,16.614999999999995,0.06333558175117736,0.9447610850540745
SPAG5,17.97999999999999,0.057659813959543,0.9447610850540745
CDCA7,18.295000000000016,0.0707479580880664,0.9447610850540745
METTL3,18.534999999999997,0.05446201456447668,0.9447610850540745
NAT10,19.22000000000002,0.057659813959543,0.9447610850540745
TTC7B,19.440000000000012,0.057659813959543,0.9447610850540745
KPNA4,19.490000000000002,0.06820187381007925,0.9447610850540745
IFRD2,19.649999999999977,0.058759835311800186,0.9447610850540745
NUDT1,20.294999999999987,0.07471277238837708,0.9447610850540745
UTP4,20.539999999999978,0.07471277238837708,0.9447610850540745
TIMM9,20.58499999999998,0.05498447032476613,0.9447610850540745
RBMX,20.65000000000009,0.06695736631590649,0.9447610850540745
WDR74,22.05499999999998,0.07204993646619941,0.9447610850540745
CCNY,22.085,0.05342952254267521,0.9447610850540745
CPNE7,22.375,0.060442496468601496,0.9447610850540745
HAT1,23.580000000000027,0.05342952254267521,0.9447610850540745
PBDC1,24.95999999999999,0.059877226166828945,0.9447610850540745
CCNB1IP1,25.975,0.062164902145899634,0.9447610850540745
MED10,26.310000000000002,0.058759835311800186,0.9447610850540745
KARS1,27.104999999999933,0.05141354355035379,0.9447610850540745
PARP2,27.795000000000016,0.06573161487231481,0.9447610850540745
SNRPF,27.885000000000034,0.05342952254267521,0.9447610850540745
EGR1,28.225000000000016,0.07745545963487725,0.9447610850540745
GLRX5,28.375000000000014,0.07607403353492073,0.9447610850540745
COPS3,28.584999999999994,0.06820187381007925,0.9447610850540745
TRIP12,28.935000000000002,0.059877226166828945,0.9447610850540745
EFHD2,29.139999999999993,0.050919618599061335,0.9447610850540745
RTRAF,32.234999999999985,0.05446201456447668,0.9447610850540745
DAXX,32.24499999999999,0.07204993646619941,0.9447610850540745
KHDRBS1,34.04499999999999,0.056576966515685306,0.9447610850540745
DDX24,35.964999999999975,0.057659813959543,0.9447610850540745
POLR2A,36.43499999999999,0.056576966515685306,0.9447610850540745
ZNRD2,38.540000000000006,0.06333558175117736,0.9447610850540745
MAGOH,38.97000000000003,0.06695736631590649,0.9447610850540745
OXA1L,40.480000000000004,0.056576966515685306,0.9447610850540745
NSUN2,42.035,0.07471277238837708,0.9447610850540745
CCDC85B,42.68999999999998,0.05141354355035379,0.9447610850540745
SRSF3,46.27999999999986,0.07204993646619941,0.9447610850540745
SUMO2,46.80999999999989,0.07471277238837708,0.9447610850540745
RBM3,48.555000000000064,0.07885725307438271,0.9447610850540745
NCAPD2,50.85499999999995,0.07815379778117171,0.9447610850540745
SORBS3,53.15500000000002,0.06820187381007925,0.9447610850540745
BAG6,55.36999999999999,0.058759835311800186,0.9447610850540745
RBM8A,56.11000000000007,0.0707479580880664,0.9447610850540745
NUTF2,61.25000000000003,0.06573161487231481,0.9447610850540745
CDC20,61.849999999999994,0.05551109809787107,0.9447610850540745
RAC2,68.98000000000002,0.07815379778117171,0.9447610850540745
AHSA1,73.745,0.05342952254267521,0.9447610850540745
C12orf57,74.12500000000006,0.058759835311800186,0.9447610850540745
IRAK1,74.49499999999993,0.056576966515685306,0.9447610850540745
PSMB6,76.56000000000003,0.07607403353492073,0.9447610850540745
CYC1,85.6999999999999,0.07885725307438271,0.9447610850540745
CCNB1,94.44499999999994,0.0707479580880664,0.9447610850540745
TMEM258,98.20999999999975,0.07815379778117171,0.9447610850540745
HDGF,111.66000000000008,0.07471277238837708,0.9447610850540745
EIF3E,119.29999999999984,0.0645244197596961,0.9447610850540745
STMN1,173.7150000000001,0.056576966515685306,0.9447610850540745
NCL,261.2950000000004,0.06573161487231481,0.9447610850540745
YBX1,281.4049999999995,0.06101218280164774,0.9447610850540745
DRAP1,299.9949999999997,0.06820187381007925,0.9447610850540745
SLC25A5,306.6099999999997,0.0707479580880664,0.9447610850540745
EEF1B2,373.79500000000166,0.06820187381007925,0.9447610850540745
RPS8,432.5000000000009,0.05342952254267521,0.9447610850540745
RPL41,525.2500000000027,0.05342952254267521,0.9447610850540745
RPL26,633.7999999999988,0.058759835311800186,0.9447610850540745
RPLP1,781.9500000000003,0.07337147401247418,0.9447610850540745
RPS12,1332.8499999999972,0.07471277238837708,0.9447610850540745
NDUFA8,-27.345000000000013,0.08172275229865932,0.946593110964495
LRATD2,-26.6,0.08172275229865932,0.946593110964495
TMEM219,-20.235000000000014,0.08172275229865932,0.946593110964495
TBC1D9B,-11.400000000000013,0.08172275229865932,0.946593110964495
CCPG1,-9.820000000000002,0.08027961640391643,0.946593110964495
MLX,-8.414999999999985,0.08099857510966339,0.946593110964495
NCS1,-8.164999999999981,0.08172275229865932,0.946593110964495
DGCR6L,-7.76499999999999,0.08172275229865932,0.946593110964495
RARS2,-7.699999999999999,0.08099857510966339,0.946593110964495
BORCS8,-6.820000000000004,0.08172275229865932,0.946593110964495
FAM219B,-6.599999999999998,0.08027961640391643,0.946593110964495
FAM98C,-5.104999999999997,0.08027961640391643,0.946593110964495
DOCK7,-5.049999999999994,0.08027961640391643,0.946593110964495
PIGX,-4.625000000000009,0.08099857510966339,0.946593110964495
ARSA,-4.569999999999997,0.08027961640391643,0.946593110964495
MRI1,-4.369999999999999,0.08099857510966339,0.946593110964495
DEDD2,-3.8450000000000006,0.08027961640391643,0.946593110964495
KIAA0319L,-3.6800000000000033,0.08172275229865932,0.946593110964495
FEZ1,-2.5100000000000007,0.07956585083815115,0.946593110964495
CACFD1,-2.2199999999999993,0.08172275229865932,0.946593110964495
GRIP1,-2.0749999999999997,0.07956585083815115,0.946593110964495
ANGPTL4,-2.0350000000000006,0.08172275229865932,0.946593110964495
CBR4,-1.9849999999999977,0.07956585083815115,0.946593110964495
AVPI1,-1.5099999999999945,0.08172275229865932,0.946593110964495
SRRM3,-1.355,0.07956585083815115,0.946593110964495
DNAJC6,-1.2699999999999996,0.08027961640391643,0.946593110964495
C2orf72,-0.8899999999999999,0.08099857510966339,0.946593110964495
FGF12,-0.555,0.08027961640391643,0.946593110964495
ACP5,-0.5449999999999999,0.08172275229865932,0.946593110964495
ZNF132,-0.5250000000000001,0.07956585083815115,0.946593110964495
NAALADL2,-0.48,0.07956585083815115,0.946593110964495
RASGEF1C,-0.08,0.08099857510966339,0.946593110964495
KCNQ3,-0.045,0.07956585083815115,0.946593110964495
RAI2,-0.035,0.08172275229865932,0.946593110964495
SEC14L5,-0.03,0.08172275229865932,0.946593110964495
XG,-0.03,0.08027961640391643,0.946593110964495
KCNMB2,-0.03,0.08099857510966339,0.946593110964495
CRLF2,-0.02,0.08027961640391643,0.946593110964495
MYL4,0.060000000000000095,0.08099857510966339,0.946593110964495
H3C7,0.3199999999999999,0.08099857510966339,0.946593110964495
DMAC1,2.1150000000000055,0.08027961640391643,0.946593110964495
RHEBL1,2.755,0.08099857510966339,0.946593110964495
VAMP4,2.915000000000001,0.08027961640391643,0.946593110964495
NUP214,4.080000000000009,0.08027961640391643,0.946593110964495
REC8,4.57,0.08099857510966339,0.946593110964495
BCL10,6.475000000000005,0.08172275229865932,0.946593110964495
KNTC1,8.780000000000001,0.07956585083815115,0.946593110964495
TIMM8A,9.979999999999997,0.08027961640391643,0.946593110964495
CHN1,14.490000000000006,0.08027961640391643,0.946593110964495
GSTZ1,14.710000000000008,0.08172275229865932,0.946593110964495
CLDN11,16.155,0.08172275229865932,0.946593110964495
BUB1B,16.39,0.08172275229865932,0.946593110964495
CISD1,18.579999999999977,0.08172275229865932,0.946593110964495
SF3B4,26.74000000000001,0.07956585083815115,0.946593110964495
RPL39,1582.4000000000005,0.08027961640391643,0.946593110964495
MRPL40,-13.245000000000019,0.08318686351823622,0.9509264273409814
HSPBP1,-12.89,0.08318686351823622,0.9509264273409814
B3GAT3,-11.96,0.08318686351823622,0.9509264273409814
SH2D4A,-11.704999999999998,0.08318686351823622,0.9509264273409814
SHISA4,-7.805000000000003,0.08318686351823622,0.9509264273409814
SERGEF,-5.899999999999999,0.08245217331818172,0.9509264273409814
SUMF1,-5.375000000000002,0.08318686351823622,0.9509264273409814
KAZALD1,-4.775,0.08318686351823622,0.9509264273409814
EIF2AK3,-3.2849999999999984,0.08318686351823622,0.9509264273409814
ACBD4,-2.9899999999999984,0.08318686351823622,0.9509264273409814
ZBTB11,-2.3550000000000004,0.08318686351823622,0.9509264273409814
SLC25A25,-2.004999999999999,0.08318686351823622,0.9509264273409814
ZBED9,-0.5399999999999998,0.08318686351823622,0.9509264273409814
FAM187A,-0.45999999999999974,0.08318686351823622,0.9509264273409814
HGFAC,-0.14999999999999988,0.08318686351823622,0.9509264273409814
TMIE,-0.13499999999999993,0.08245217331818172,0.9509264273409814
SLC28A2,-0.01,0.08245217331818172,0.9509264273409814
CD6,0.030000000000000002,0.08245217331818172,0.9509264273409814
PRORP,2.594999999999999,0.08318686351823622,0.9509264273409814
NEMP2,5.189999999999996,0.08245217331818172,0.9509264273409814
PHF6,6.250000000000007,0.08318686351823622,0.9509264273409814
ARNTL2,6.780000000000003,0.08318686351823622,0.9509264273409814
NDUFA7,-31.249999999999993,0.08467215286584684,0.9514710948209593
TXNDC12,-12.324999999999974,0.08467215286584684,0.9514710948209593
MFSD10,-10.739999999999995,0.08467215286584684,0.9514710948209593
CFAP36,-9.254999999999992,0.08467215286584684,0.9514710948209593
FURIN,-9.144999999999996,0.08467215286584684,0.9514710948209593
RANBP3,-6.909999999999997,0.08467215286584684,0.9514710948209593
CHMP6,-6.279999999999999,0.08467215286584684,0.9514710948209593
LYPD1,-3.9649999999999994,0.08392684825026511,0.9514710948209593
SEMA4G,-3.3099999999999996,0.08467215286584684,0.9514710948209593
ZNF134,-2.4650000000000007,0.08467215286584684,0.9514710948209593
TMEM198,-1.3099999999999996,0.08467215286584684,0.9514710948209593
LYSMD1,-1.1399999999999997,0.08392684825026511,0.9514710948209593
SPON2,-0.8050000000000002,0.08467215286584684,0.9514710948209593
TMTC1,-0.6299999999999999,0.08467215286584684,0.9514710948209593
COL4A4,-0.1749999999999999,0.08392684825026511,0.9514710948209593
NLRP2,-0.09499999999999989,0.08392684825026511,0.9514710948209593
PSG9,-0.08999999999999989,0.08467215286584684,0.9514710948209593
CILP,-0.01,0.08392684825026511,0.9514710948209593
DAND5,0.06499999999999989,0.08392684825026511,0.9514710948209593
FBLL1,0.25,0.08392684825026511,0.9514710948209593
PRELID2,1.7799999999999994,0.08392684825026511,0.9514710948209593
HYAL3,2.5100000000000007,0.08392684825026511,0.9514710948209593
PRIM2,4.9950000000000045,0.08467215286584684,0.9514710948209593
NXT1,5.9850000000000065,0.08467215286584684,0.9514710948209593
CEBPG,12.489999999999991,0.08392684825026511,0.9514710948209593
LARS1,29.28500000000001,0.08467215286584684,0.9514710948209593
PLP2,83.15,0.08467215286584684,0.9514710948209593
RPS23,1210.2999999999956,0.08467215286584684,0.9514710948209593
MT-ND1,2022.0999999999922,0.08467215286584684,0.9514710948209593
CD63,-193.5300000000002,0.09242336741055467,0.9536998337154708
MORF4L1,-156.1450000000001,0.08925711748732847,0.9536998337154708
ITM2B,-69.83999999999995,0.09242336741055467,0.9536998337154708
DDR1,-47.004999999999995,0.08617882314679091,0.9536998337154708
GPC1,-30.64500000000001,0.09242336741055467,0.9536998337154708
MRPL53,-27.33,0.08617882314679091,0.9536998337154708
ANXA4,-26.97999999999999,0.08770707712639217,0.9536998337154708
G6PC3,-25.84499999999997,0.08770707712639217,0.9536998337154708
GOLM1,-22.864999999999995,0.09242336741055467,0.9536998337154708
STT3B,-18.065000000000012,0.08925711748732847,0.9536998337154708
TSPAN15,-15.125,0.08617882314679091,0.9536998337154708
SIRPA,-13.115000000000004,0.09082914678637316,0.9536998337154708
ZSWIM8,-12.71499999999999,0.09082914678637316,0.9536998337154708
OGDH,-11.744999999999997,0.08617882314679091,0.9536998337154708
HMGCR,-11.000000000000018,0.09242336741055467,0.9536998337154708
MOGS,-10.435000000000002,0.08617882314679091,0.9536998337154708
SLC27A5,-10.3,0.09242336741055467,0.9536998337154708
TCTN1,-9.019999999999994,0.09004037086590189,0.9536998337154708
PCGF3,-7.859999999999996,0.09242336741055467,0.9536998337154708
GPR107,-7.785,0.0869402395041509,0.9536998337154708
RNF41,-7.270000000000003,0.08925711748732847,0.9536998337154708
B4GALNT4,-7.125000000000003,0.08925711748732847,0.9536998337154708
BCAM,-7.104999999999999,0.09242336741055467,0.9536998337154708
TOM1L1,-6.815000000000005,0.08925711748732847,0.9536998337154708
HGSNAT,-6.620000000000001,0.08617882314679091,0.9536998337154708
FAM118A,-6.564999999999998,0.09004037086590189,0.9536998337154708
EDEM1,-6.264999999999997,0.08617882314679091,0.9536998337154708
TRIM2,-6.25,0.09082914678637316,0.9536998337154708
SLC37A4,-6.024999999999999,0.08770707712639217,0.9536998337154708
ZMYND19,-5.879999999999978,0.09004037086590189,0.9536998337154708
MTIF3,-5.795000000000005,0.09082914678637316,0.9536998337154708
FAM102A,-5.579999999999993,0.08770707712639217,0.9536998337154708
ARRDC3,-5.175000000000004,0.09242336741055467,0.9536998337154708
YPEL3,-4.6250000000000036,0.09242336741055467,0.9536998337154708
MIOS,-4.324999999999999,0.09082914678637316,0.9536998337154708
USO1,-4.229999999999997,0.0869402395041509,0.9536998337154708
SLC15A4,-4.015000000000001,0.09242336741055467,0.9536998337154708
PHLDB3,-3.9849999999999985,0.08847936134593326,0.9536998337154708
PNPO,-3.984999999999996,0.08770707712639217,0.9536998337154708
CYB5D2,-3.815000000000005,0.09242336741055467,0.9536998337154708
EZH1,-3.5650000000000013,0.08847936134593326,0.9536998337154708
PDPK1,-3.4799999999999933,0.08925711748732847,0.9536998337154708
BCL6,-3.380000000000001,0.0869402395041509,0.9536998337154708
SLC17A5,-3.1500000000000004,0.09082914678637316,0.9536998337154708
TMEM234,-2.9399999999999995,0.09082914678637316,0.9536998337154708
MAP7,-2.9349999999999996,0.08925711748732847,0.9536998337154708
CTPS2,-2.9250000000000025,0.08925711748732847,0.9536998337154708
RPH3AL,-2.88,0.09242336741055467,0.9536998337154708
SLC22A23,-2.8700000000000006,0.08925711748732847,0.9536998337154708
MINPP1,-2.7749999999999986,0.08770707712639217,0.9536998337154708
ZNF331,-2.735000000000001,0.08925711748732847,0.9536998337154708
ZNF480,-2.655000000000002,0.08925711748732847,0.9536998337154708
TDRP,-2.4800000000000004,0.08925711748732847,0.9536998337154708
GXYLT1,-2.4400000000000004,0.08925711748732847,0.9536998337154708
DYRK1B,-2.374999999999999,0.09082914678637316,0.9536998337154708
KIAA0040,-2.3000000000000003,0.09082914678637316,0.9536998337154708
KAT2B,-2.1399999999999997,0.09004037086590189,0.9536998337154708
FAM120B,-2.049999999999999,0.08925711748732847,0.9536998337154708
RRAGD,-1.9399999999999995,0.0916234705414738,0.9536998337154708
ZNF688,-1.8900000000000006,0.0916234705414738,0.9536998337154708
AK5,-1.82,0.0916234705414738,0.9536998337154708
ABHD13,-1.7799999999999994,0.08617882314679091,0.9536998337154708
ZNF776,-1.7299999999999986,0.09242336741055467,0.9536998337154708
ZFYVE9,-1.629999999999999,0.08925711748732847,0.9536998337154708
PHLPP1,-1.5849999999999995,0.0916234705414738,0.9536998337154708
STX17,-1.1949999999999994,0.08925711748732847,0.9536998337154708
ZKSCAN2,-1.1750000000000003,0.09082914678637316,0.9536998337154708
TRPV4,-0.9649999999999996,0.08847936134593326,0.9536998337154708
CORO6,-0.865,0.08617882314679091,0.9536998337154708
HOXD3,-0.8399999999999999,0.09242336741055467,0.9536998337154708
CFI,-0.7299999999999999,0.08542280271538535,0.9536998337154708
LYPD6B,-0.6599999999999999,0.08617882314679091,0.9536998337154708
LRRC56,-0.515,0.09242336741055467,0.9536998337154708
PCDHB13,-0.5149999999999999,0.09242336741055467,0.9536998337154708
LRRC46,-0.42500000000000004,0.09082914678637316,0.9536998337154708
SLC2A9,-0.3799999999999999,0.08617882314679091,0.9536998337154708
GADD45G,-0.3649999999999999,0.08617882314679091,0.9536998337154708
NRG4,-0.30000000000000027,0.08925711748732847,0.9536998337154708
SCN9A,-0.3000000000000001,0.09242336741055467,0.9536998337154708
TMC8,-0.2749999999999999,0.09082914678637316,0.9536998337154708
TBX6,-0.22,0.0869402395041509,0.9536998337154708
VN1R1,-0.21999999999999997,0.0916234705414738,0.9536998337154708
EFHB,-0.1850000000000002,0.09082914678637316,0.9536998337154708
CD200,-0.14999999999999988,0.08847936134593326,0.9536998337154708
RGMA,-0.1449999999999999,0.08925711748732847,0.9536998337154708
C6orf201,-0.12000000000000009,0.08847936134593326,0.9536998337154708
CDH8,-0.12,0.0869402395041509,0.9536998337154708
MLANA,-0.1150000000000001,0.08770707712639217,0.9536998337154708
UGT2B7,-0.11000000000000011,0.08770707712639217,0.9536998337154708
VTN,-0.10999999999999979,0.0869402395041509,0.9536998337154708
LRRC7,-0.08999999999999989,0.08925711748732847,0.9536998337154708
SLC34A2,-0.06,0.08847936134593326,0.9536998337154708
COL4A3,-0.06,0.08770707712639217,0.9536998337154708
LGI2,-0.05,0.08925711748732847,0.9536998337154708
CDH18,-0.049999999999999996,0.08770707712639217,0.9536998337154708
DDX25,-0.04,0.0916234705414738,0.9536998337154708
PCDHA12,-0.04,0.08925711748732847,0.9536998337154708
WFDC1,-0.03,0.09082914678637316,0.9536998337154708
PKHD1,-0.02,0.08925711748732847,0.9536998337154708
TRIL,-0.02,0.09004037086590189,0.9536998337154708
AICDA,-0.01,0.08925711748732847,0.9536998337154708
GNLY,-0.01,0.0916234705414738,0.9536998337154708
NUP210L,-0.01,0.0869402395041509,0.9536998337154708
IRX2,-0.01,0.0869402395041509,0.9536998337154708
NHLH2,-0.01,0.0916234705414738,0.9536998337154708
MYT1L,-0.01,0.08925711748732847,0.9536998337154708
OPN5,0.0,0.08617882314679091,0.9536998337154708
PCDH8,0.0,0.0869402395041509,0.9536998337154708
LCE1B,0.0,0.09242336741055467,0.9536998337154708
GCGR,0.0,0.08925711748732847,0.9536998337154708
CMKLR1,0.03,0.09242336741055467,0.9536998337154708
PITX3,0.039999999999999994,0.08770707712639217,0.9536998337154708
PRSS1,0.05,0.08617882314679091,0.9536998337154708
ANKFN1,0.1049999999999999,0.0916234705414738,0.9536998337154708
MKX,0.1399999999999999,0.08925711748732847,0.9536998337154708
SPANXA2,0.21000000000000021,0.09082914678637316,0.9536998337154708
APLN,0.48,0.08617882314679091,0.9536998337154708
FAM122C,1.375,0.0916234705414738,0.9536998337154708
BEX5,1.425,0.08925711748732847,0.9536998337154708
PRELID3A,1.4299999999999997,0.0916234705414738,0.9536998337154708
PGF,2.329999999999999,0.08925711748732847,0.9536998337154708
COQ6,2.4100000000000037,0.0916234705414738,0.9536998337154708
ERCC6L,2.5600000000000005,0.09242336741055467,0.9536998337154708
H2BC11,2.6050000000000004,0.08770707712639217,0.9536998337154708
ADAM8,3.0249999999999977,0.08770707712639217,0.9536998337154708
SPRTN,3.219999999999997,0.0869402395041509,0.9536998337154708
KNL1,3.3000000000000007,0.09082914678637316,0.9536998337154708
METTL8,3.9549999999999947,0.09082914678637316,0.9536998337154708
POLA2,4.439999999999998,0.09082914678637316,0.9536998337154708
MAX,4.559999999999988,0.09082914678637316,0.9536998337154708
TRABD2A,4.600000000000001,0.08925711748732847,0.9536998337154708
POC1A,4.7349999999999905,0.09082914678637316,0.9536998337154708
HAUS2,5.450000000000006,0.09082914678637316,0.9536998337154708
MON1B,6.565000000000005,0.09082914678637316,0.9536998337154708
RELB,6.905000000000001,0.08770707712639217,0.9536998337154708
MRPL1,7.004999999999988,0.09242336741055467,0.9536998337154708
SLC39A14,7.305000000000014,0.08617882314679091,0.9536998337154708
TERF2,8.335000000000004,0.08925711748732847,0.9536998337154708
STIL,8.514999999999995,0.09242336741055467,0.9536998337154708
PSMG1,13.065000000000012,0.08925711748732847,0.9536998337154708
MRPL9,14.004999999999981,0.08770707712639217,0.9536998337154708
TTC9C,15.345000000000017,0.0916234705414738,0.9536998337154708
ENC1,23.304999999999993,0.08925711748732847,0.9536998337154708
DHX9,24.130000000000024,0.08925711748732847,0.9536998337154708
SNRNP200,28.824999999999974,0.08617882314679091,0.9536998337154708
M6PR,30.889999999999986,0.0869402395041509,0.9536998337154708
SF3A1,31.42500000000001,0.09082914678637316,0.9536998337154708
AARS1,46.32499999999992,0.08770707712639217,0.9536998337154708
H1-0,58.48000000000005,0.09242336741055467,0.9536998337154708
PTP4A2,73.15500000000003,0.09082914678637316,0.9536998337154708
FXYD5,75.27999999999992,0.09082914678637316,0.9536998337154708
RPL31,845.300000000002,0.08770707712639217,0.9536998337154708
LMAN2,-34.784999999999926,0.09567919106665754,0.9550803536280532
GRHPR,-27.68500000000003,0.09818081268965237,0.9550803536280532
HTRA1,-23.18,0.09902620245505267,0.9550803536280532
PTPRS,-19.47999999999999,0.09485674926498958,0.9550803536280532
NPEPPS,-18.16999999999998,0.09734119762134241,0.9550803536280532
SPATA20,-15.639999999999993,0.09650733212899747,0.9550803536280532
MPG,-15.565000000000005,0.09734119762134241,0.9550803536280532
GAMT,-15.350000000000009,0.09322886265818482,0.9550803536280532
SCAND1,-14.910000000000004,0.0940399815327411,0.9550803536280532
NNT,-11.374999999999996,0.09902620245505267,0.9550803536280532
LEPROT,-10.620000000000008,0.09818081268965237,0.9550803536280532
UBE2L3,-10.075000000000003,0.09818081268965237,0.9550803536280532
UBXN4,-8.370000000000005,0.09567919106665754,0.9550803536280532
ANKRD52,-8.325000000000003,0.09650733212899747,0.9550803536280532
SLC25A29,-7.224999999999994,0.09567919106665754,0.9550803536280532
ANKRD40,-6.895000000000007,0.09818081268965237,0.9550803536280532
TANC2,-6.57,0.0940399815327411,0.9550803536280532
CERS4,-6.459999999999999,0.09818081268965237,0.9550803536280532
FBXL5,-6.344999999999992,0.09902620245505267,0.9550803536280532
ARHGEF7,-6.245000000000003,0.09902620245505267,0.9550803536280532
PLCXD1,-5.715000000000009,0.09567919106665754,0.9550803536280532
SLX1A,-5.289999999999999,0.0940399815327411,0.9550803536280532
DNAJC1,-5.284999999999997,0.09902620245505267,0.9550803536280532
BAK1,-5.015000000000015,0.0940399815327411,0.9550803536280532
USP33,-4.870000000000001,0.09650733212899747,0.9550803536280532
FCHSD1,-4.740000000000004,0.09818081268965237,0.9550803536280532
SACM1L,-4.444999999999997,0.09485674926498958,0.9550803536280532
VPS41,-4.374999999999993,0.09567919106665754,0.9550803536280532
PER1,-4.2199999999999935,0.09734119762134241,0.9550803536280532
SLC27A1,-3.870000000000003,0.09485674926498958,0.9550803536280532
KIF21A,-3.8500000000000014,0.09902620245505267,0.9550803536280532
RGS12,-3.5650000000000013,0.09902620245505267,0.9550803536280532
TANC1,-3.5549999999999944,0.09650733212899747,0.9550803536280532
ZNF224,-3.235000000000001,0.09902620245505267,0.9550803536280532
KANSL1,-3.129999999999999,0.09485674926498958,0.9550803536280532
FRS2,-3.1050000000000004,0.0940399815327411,0.9550803536280532
CRKL,-2.9049999999999976,0.09902620245505267,0.9550803536280532
CBX8,-2.8050000000000006,0.0940399815327411,0.9550803536280532
ZNF814,-2.7849999999999993,0.09818081268965237,0.9550803536280532
DIP2C,-2.4199999999999995,0.09734119762134241,0.9550803536280532
SLC66A2,-2.1049999999999933,0.0940399815327411,0.9550803536280532
ATP9B,-1.9450000000000003,0.09734119762134241,0.9550803536280532
ZNF717,-1.9300000000000006,0.0940399815327411,0.9550803536280532
PRAG1,-1.9099999999999993,0.09322886265818482,0.9550803536280532
WDR24,-1.6550000000000011,0.09650733212899747,0.9550803536280532
ZNF74,-1.610000000000003,0.09902620245505267,0.9550803536280532
ZFX,-1.5750000000000002,0.09902620245505267,0.9550803536280532
STON2,-1.5400000000000005,0.09322886265818482,0.9550803536280532
STAG3,-1.2399999999999998,0.09734119762134241,0.9550803536280532
B3GLCT,-1.17,0.09322886265818482,0.9550803536280532
BCDIN3D,-1.135,0.09567919106665754,0.9550803536280532
DAGLA,-1.0949999999999986,0.09818081268965237,0.9550803536280532
FAM222A,-0.8449999999999998,0.09818081268965237,0.9550803536280532
ANXA9,-0.7749999999999999,0.09567919106665754,0.9550803536280532
ZNF280B,-0.7100000000000002,0.09567919106665754,0.9550803536280532
ZNF792,-0.6649999999999998,0.0940399815327411,0.9550803536280532
ZNF774,-0.5799999999999998,0.09734119762134241,0.9550803536280532
ADPRH,-0.51,0.09818081268965237,0.9550803536280532
KLHL11,-0.41500000000000004,0.0940399815327411,0.9550803536280532
CA8,-0.4099999999999999,0.09650733212899747,0.9550803536280532
SERPINA3,-0.33999999999999986,0.0940399815327411,0.9550803536280532
CCDC65,-0.33000000000000007,0.09485674926498958,0.9550803536280532
GRIK2,-0.24000000000000005,0.09818081268965237,0.9550803536280532
RGS11,-0.21499999999999994,0.09322886265818482,0.9550803536280532
EFCAB6,-0.20000000000000004,0.09485674926498958,0.9550803536280532
DOCK3,-0.19999999999999998,0.09567919106665754,0.9550803536280532
LSMEM1,-0.19999999999999998,0.09734119762134241,0.9550803536280532
NKAIN1,-0.1899999999999999,0.09818081268965237,0.9550803536280532
ITGA9,-0.075,0.09322886265818482,0.9550803536280532
RCAN2,-0.075,0.0940399815327411,0.9550803536280532
CD177,-0.07499999999999979,0.09734119762134241,0.9550803536280532
SHISA9,-0.06999999999999999,0.09818081268965237,0.9550803536280532
SMIM38,-0.06500000000000002,0.09902620245505267,0.9550803536280532
VSIG1,-0.060000000000000005,0.09322886265818482,0.9550803536280532
TREH,-0.05,0.09567919106665754,0.9550803536280532
WIPF3,-0.049999999999999996,0.09322886265818482,0.9550803536280532
IGF1,-0.04,0.09567919106665754,0.9550803536280532
SLC5A11,-0.035,0.09734119762134241,0.9550803536280532
TMEM132B,-0.030000000000000002,0.09734119762134241,0.9550803536280532
FGL2,-0.03,0.09650733212899747,0.9550803536280532
C9orf131,-0.03,0.09734119762134241,0.9550803536280532
SSX1,-0.024999999999999998,0.0940399815327411,0.9550803536280532
ASPA,-0.02,0.09567919106665754,0.9550803536280532
BHMG1,-0.02,0.09650733212899747,0.9550803536280532
C1QTNF4,-0.019999999999999997,0.09322886265818482,0.9550803536280532
CD200R1,-0.015000000000000003,0.09322886265818482,0.9550803536280532
STAP1,-0.01,0.09567919106665754,0.9550803536280532
SLAMF1,-0.01,0.09902620245505267,0.9550803536280532
NRG3,-0.01,0.09485674926498958,0.9550803536280532
ZNF208,-0.005,0.09818081268965237,0.9550803536280532
TREM2,0.0,0.09567919106665754,0.9550803536280532
RHOXF1,0.0,0.09818081268965237,0.9550803536280532
PM20D1,0.0,0.09818081268965237,0.9550803536280532
AMPD1,0.01,0.09650733212899747,0.9550803536280532
CYP4F22,0.01,0.09322886265818482,0.9550803536280532
ZNF474,0.049999999999999906,0.09818081268965237,0.9550803536280532
BATF,0.1299999999999999,0.09902620245505267,0.9550803536280532
TMEM88,0.6050000000000001,0.09567919106665754,0.9550803536280532
POU2F2,0.8300000000000001,0.09734119762134241,0.9550803536280532
TAF4B,0.8650000000000002,0.09818081268965237,0.9550803536280532
GNG4,2.940000000000002,0.09485674926498958,0.9550803536280532
B3GNTL1,3.284999999999995,0.0940399815327411,0.9550803536280532
MLH3,3.289999999999999,0.09818081268965237,0.9550803536280532
EXO5,3.584999999999999,0.09818081268965237,0.9550803536280532
MAP3K20,3.719999999999999,0.0940399815327411,0.9550803536280532
NEK3,5.125000000000003,0.09734119762134241,0.9550803536280532
MTREX,5.375000000000014,0.09567919106665754,0.9550803536280532
BCS1L,5.605000000000025,0.09902620245505267,0.9550803536280532
NAV3,5.669999999999996,0.09485674926498958,0.9550803536280532
NFIB,5.775,0.09734119762134241,0.9550803536280532
ERFE,6.035,0.09902620245505267,0.9550803536280532
ZNF644,6.039999999999996,0.09485674926498958,0.9550803536280532
FOXJ3,6.599999999999994,0.09818081268965237,0.9550803536280532
KLF10,7.674999999999997,0.09902620245505267,0.9550803536280532
PLGRKT,8.365000000000006,0.09567919106665754,0.9550803536280532
SNX12,11.840000000000003,0.09902620245505267,0.9550803536280532
RBM12,13.109999999999978,0.0940399815327411,0.9550803536280532
HJURP,13.170000000000009,0.0940399815327411,0.9550803536280532
CCNB2,15.569999999999993,0.09322886265818482,0.9550803536280532
SMAGP,15.964999999999996,0.09650733212899747,0.9550803536280532
SMC4,21.620000000000076,0.09650733212899747,0.9550803536280532
DNPEP,22.274999999999963,0.09734119762134241,0.9550803536280532
BZW1,43.474999999999994,0.09734119762134241,0.9550803536280532
BOP1,46.385000000000005,0.09902620245505267,0.9550803536280532
CCT5,71.55999999999977,0.09902620245505267,0.9550803536280532
NASP,86.80499999999981,0.09734119762134241,0.9550803536280532
HMGN2,120.04999999999995,0.09734119762134241,0.9550803536280532
MDK,135.925,0.09902620245505267,0.9550803536280532
RAN,333.1949999999981,0.09734119762134241,0.9550803536280532
RPS27,1005.1499999999987,0.09567919106665754,0.9550803536280532
CALR,-331.7049999999995,0.10246600995829684,0.9595928729718441
UBC,-212.7100000000005,0.11148199834144297,0.9595928729718441
CLU,-93.13999999999997,0.12311474772071108,0.9595928729718441
CD24,-87.46000000000001,0.10422121296801413,0.9595928729718441
PEBP1,-72.08000000000004,0.10073440642862411,0.9595928729718441
CIRBP,-64.45999999999998,0.11718508719813799,0.9595928729718441
TMED9,-62.49499999999995,0.10246600995829684,0.9595928729718441
CTSL,-53.67000000000001,0.1078032143720531,0.9595928729718441
PRDX2,-53.245000000000005,0.11718508719813799,0.9595928729718441
CCND1,-45.079999999999956,0.1133581769767141,0.9595928729718441
RABAC1,-42.3,0.11718508719813799,0.9595928729718441
CD320,-37.07000000000001,0.1078032143720531,0.9595928729718441
PRDX4,-36.29999999999998,0.10422121296801413,0.9595928729718441
MFSD12,-30.134999999999984,0.11913620809270353,0.9595928729718441
ARL6IP4,-28.575000000000017,0.1078032143720531,0.9595928729718441
PDXK,-26.795,0.10963040971628393,0.9595928729718441
WDR1,-25.055000000000035,0.11913620809270353,0.9595928729718441
COLGALT1,-24.88500000000002,0.10073440642862411,0.9595928729718441
COL4A1,-24.465,0.12514254994261062,0.9595928729718441
ELOF1,-22.31500000000002,0.11913620809270353,0.9595928729718441
ARFGAP1,-21.034999999999997,0.11913620809270353,0.9595928729718441
MRPS6,-19.489999999999995,0.12514254994261062,0.9595928729718441
JPT2,-17.60500000000001,0.11148199834144297,0.9595928729718441
DNASE2,-17.275,0.10246600995829684,0.9595928729718441
CLDND1,-16.474999999999994,0.12514254994261062,0.9595928729718441
ADD3,-16.444999999999997,0.10073440642862411,0.9595928729718441
TAP1,-16.435000000000006,0.12311474772071108,0.9595928729718441
SUMF2,-15.395000000000039,0.12514254994261062,0.9595928729718441
CTSH,-15.260000000000009,0.10246600995829684,0.9595928729718441
NEK6,-14.594999999999995,0.11148199834144297,0.9595928729718441
ATP11A,-14.089999999999996,0.12514254994261062,0.9595928729718441
PPP1R12C,-13.914999999999985,0.10600021484120398,0.9595928729718441
HMOX2,-13.85499999999999,0.10600021484120398,0.9595928729718441
AHCYL1,-13.815000000000026,0.1221105155402433,0.9595928729718441
ERBB2,-13.585,0.11148199834144297,0.9595928729718441
MAPK3,-13.045000000000002,0.1133581769767141,0.9595928729718441
LIMCH1,-12.305,0.1162189795893822,0.9595928729718441
ATP13A3,-11.975000000000009,0.11148199834144297,0.9595928729718441
PARP10,-11.820000000000006,0.1078032143720531,0.9595928729718441
SGK1,-11.755000000000003,0.1133581769767141,0.9595928729718441
TSR3,-11.620000000000005,0.10600021484120398,0.9595928729718441
CYB5R1,-11.520000000000003,0.11148199834144297,0.9595928729718441
LIMK2,-11.42,0.10963040971628393,0.9595928729718441
GALNT1,-10.809999999999992,0.12311474772071108,0.9595928729718441
MLST8,-10.400000000000006,0.12111269751067497,0.9595928729718441
NPEPL1,-9.980000000000002,0.10963040971628393,0.9595928729718441
GOLM2,-9.690000000000005,0.12514254994261062,0.9595928729718441
EPB41L1,-9.655000000000012,0.10963040971628393,0.9595928729718441
C3orf14,-9.605000000000004,0.11148199834144297,0.9595928729718441
PIR,-9.224999999999998,0.1133581769767141,0.9595928729718441
PBXIP1,-9.104999999999997,0.12111269751067497,0.9595928729718441
ATP13A2,-8.855000000000008,0.11148199834144297,0.9595928729718441
FGFRL1,-8.824999999999998,0.10073440642862411,0.9595928729718441
ARRDC1,-8.56000000000001,0.10600021484120398,0.9595928729718441
OBSL1,-8.505000000000006,0.11913620809270353,0.9595928729718441
ILVBL,-8.47000000000002,0.12111269751067497,0.9595928729718441
YTHDC1,-8.425000000000004,0.11913620809270353,0.9595928729718441
KIAA0930,-8.425000000000004,0.12012126969551039,0.9595928729718441
CYB561D2,-8.224999999999993,0.10073440642862411,0.9595928729718441
VPS26B,-7.844999999999999,0.11718508719813799,0.9595928729718441
ARPP19,-7.790000000000028,0.10963040971628393,0.9595928729718441
NTHL1,-7.785000000000011,0.10600021484120398,0.9595928729718441
TNFRSF14,-7.765000000000002,0.12111269751067497,0.9595928729718441
RAB11FIP3,-7.635000000000009,0.12514254994261062,0.9595928729718441
CCDC167,-7.345000000000013,0.1152591415622646,0.9595928729718441
SYNE1,-7.06,0.12412541792136365,0.9595928729718441
ROGDI,-6.950000000000003,0.11913620809270353,0.9595928729718441
NSF,-6.835000000000008,0.1078032143720531,0.9595928729718441
WASHC4,-6.620000000000006,0.11718508719813799,0.9595928729718441
SLC22A18,-6.569999999999997,0.10963040971628393,0.9595928729718441
PAK4,-6.365000000000016,0.10963040971628393,0.9595928729718441
URM1,-6.349999999999994,0.11913620809270353,0.9595928729718441
SH3BP2,-6.295000000000002,0.11148199834144297,0.9595928729718441
ATG4D,-6.289999999999994,0.10422121296801413,0.9595928729718441
EPB41,-6.270000000000002,0.12514254994261062,0.9595928729718441
RNF19A,-6.130000000000004,0.11913620809270353,0.9595928729718441
MRPL34,-6.035000000000011,0.1152591415622646,0.9595928729718441
TCTN3,-5.985000000000003,0.11913620809270353,0.9595928729718441
GINM1,-5.930000000000003,0.11718508719813799,0.9595928729718441
PIGG,-5.680000000000007,0.12514254994261062,0.9595928729718441
ZNF768,-5.650000000000002,0.10334064905344885,0.9595928729718441
CHCHD6,-5.589999999999993,0.11430554881165932,0.9595928729718441
NUP58,-5.150000000000002,0.12311474772071108,0.9595928729718441
TRIB2,-5.144999999999999,0.11913620809270353,0.9595928729718441
POMT1,-4.9600000000000115,0.11815748863631066,0.9595928729718441
MITF,-4.959999999999999,0.12012126969551039,0.9595928729718441
CPQ,-4.945,0.11913620809270353,0.9595928729718441
CSNK1G2,-4.884999999999991,0.11718508719813799,0.9595928729718441
PWWP3A,-4.864999999999995,0.12012126969551039,0.9595928729718441
BTN3A1,-4.820000000000002,0.1221105155402433,0.9595928729718441
SYS1,-4.809999999999999,0.10422121296801413,0.9595928729718441
SLC2A8,-4.740000000000004,0.10073440642862411,0.9595928729718441
LARGE1,-4.510000000000001,0.10510772660765352,0.9595928729718441
TMEM68,-4.51,0.10600021484120398,0.9595928729718441
ERMP1,-4.384999999999998,0.1162189795893822,0.9595928729718441
AFF4,-4.324999999999996,0.12514254994261062,0.9595928729718441
TOM1L2,-4.274999999999999,0.11718508719813799,0.9595928729718441
PHKA2,-4.159999999999998,0.11148199834144297,0.9595928729718441
MGAT5B,-4.05,0.12412541792136365,0.9595928729718441
COG7,-4.030000000000003,0.10600021484120398,0.9595928729718441
HS1BP3,-3.7999999999999954,0.1152591415622646,0.9595928729718441
APBB3,-3.7750000000000092,0.10871377520905923,0.9595928729718441
FEM1B,-3.724999999999998,0.10334064905344885,0.9595928729718441
ZACN,-3.660000000000002,0.11148199834144297,0.9595928729718441
TRIM33,-3.6299999999999972,0.10246600995829684,0.9595928729718441
WBP1L,-3.6250000000000018,0.11718508719813799,0.9595928729718441
ARNT2,-3.614999999999999,0.11055314255527665,0.9595928729718441
SMPD2,-3.610000000000002,0.12311474772071108,0.9595928729718441
SLC11A2,-3.5650000000000013,0.10963040971628393,0.9595928729718441
TCTN2,-3.485000000000001,0.1133581769767141,0.9595928729718441
AGPAT3,-3.4399999999999977,0.10334064905344885,0.9595928729718441
CLUAP1,-3.4299999999999997,0.11430554881165932,0.9595928729718441
PREPL,-3.4000000000000057,0.10600021484120398,0.9595928729718441
NES,-3.4,0.10246600995829684,0.9595928729718441
ZNF524,-3.315000000000002,0.1221105155402433,0.9595928729718441
NACC2,-3.200000000000001,0.10246600995829684,0.9595928729718441
OSTM1,-3.190000000000003,0.1221105155402433,0.9595928729718441
VPS8,-3.17,0.10510772660765352,0.9595928729718441
VASN,-3.135,0.1162189795893822,0.9595928729718441
MAU2,-3.1200000000000045,0.12111269751067497,0.9595928729718441
OAZ2,-3.105000000000004,0.11718508719813799,0.9595928729718441
PLPP3,-3.095000000000002,0.10871377520905923,0.9595928729718441
NPTXR,-3.040000000000002,0.12514254994261062,0.9595928729718441
BOLA2,-3.0400000000000014,0.10422121296801413,0.9595928729718441
RGPD5,-3.0099999999999874,0.11055314255527665,0.9595928729718441
MMUT,-2.9549999999999983,0.10334064905344885,0.9595928729718441
MANBA,-2.950000000000001,0.12111269751067497,0.9595928729718441
RAB40C,-2.9299999999999997,0.11430554881165932,0.9595928729718441
TMEM184A,-2.875,0.10600021484120398,0.9595928729718441
EID2,-2.75,0.11815748863631066,0.9595928729718441
HDAC11,-2.7499999999999982,0.10422121296801413,0.9595928729718441
DGKQ,-2.710000000000001,0.1152591415622646,0.9595928729718441
VANGL2,-2.6550000000000002,0.10689870249914428,0.9595928729718441
DNASE1,-2.6550000000000002,0.11815748863631066,0.9595928729718441
ATAD1,-2.635000000000005,0.11913620809270353,0.9595928729718441
TMF1,-2.599999999999996,0.10073440642862411,0.9595928729718441
LYST,-2.4800000000000004,0.11241700164246476,0.9595928729718441
ADGRB2,-2.3450000000000006,0.1221105155402433,0.9595928729718441
GDF11,-2.335,0.1078032143720531,0.9595928729718441
SLC4A3,-2.325,0.10334064905344885,0.9595928729718441
MFN1,-2.3100000000000023,0.11148199834144297,0.9595928729718441
HSD11B1L,-2.28,0.1152591415622646,0.9595928729718441
RHOBTB2,-2.2550000000000017,0.1152591415622646,0.9595928729718441
SLCO3A1,-2.245000000000001,0.1015972707416006,0.9595928729718441
CCDC159,-2.2200000000000015,0.10963040971628393,0.9595928729718441
TPGS1,-2.1450000000000022,0.11815748863631066,0.9595928729718441
CCDC142,-2.1449999999999987,0.10600021484120398,0.9595928729718441
SRGAP1,-2.1449999999999987,0.1221105155402433,0.9595928729718441
WASF3,-2.115000000000001,0.11430554881165932,0.9595928729718441
RAP1GAP,-2.115,0.11815748863631066,0.9595928729718441
PELI3,-2.1149999999999993,0.10963040971628393,0.9595928729718441
FN3K,-2.085000000000001,0.10510772660765352,0.9595928729718441
MCTP2,-2.0549999999999997,0.11913620809270353,0.9595928729718441
ATOH8,-2.03,0.1162189795893822,0.9595928729718441
DMD,-2.005,0.11718508719813799,0.9595928729718441
ANKS1A,-1.9700000000000024,0.10600021484120398,0.9595928729718441
PIGA,-1.9349999999999996,0.11913620809270353,0.9595928729718441
ACOX3,-1.9250000000000016,0.12111269751067497,0.9595928729718441
ZNF117,-1.920000000000001,0.10871377520905923,0.9595928729718441
TXLNG,-1.8699999999999992,0.1221105155402433,0.9595928729718441
ZNF764,-1.8000000000000007,0.11913620809270353,0.9595928729718441
SLC35D1,-1.79,0.09987739201236405,0.9595928729718441
MOSPD2,-1.714999999999998,0.12111269751067497,0.9595928729718441
ZNF579,-1.7000000000000028,0.1152591415622646,0.9595928729718441
SFXN2,-1.6950000000000003,0.12412541792136365,0.9595928729718441
ADAMTS9,-1.6349999999999998,0.11148199834144297,0.9595928729718441
ZBTB41,-1.6349999999999998,0.1221105155402433,0.9595928729718441
SLC33A1,-1.6250000000000107,0.1152591415622646,0.9595928729718441
MFAP3L,-1.6150000000000002,0.10334064905344885,0.9595928729718441
EPHA4,-1.5750000000000002,0.10334064905344885,0.9595928729718441
DSTYK,-1.5550000000000006,0.10600021484120398,0.9595928729718441
BCL2L11,-1.5349999999999993,0.1152591415622646,0.9595928729718441
ZNF71,-1.52,0.12111269751067497,0.9595928729718441
CEMP1,-1.4900000000000002,0.1015972707416006,0.9595928729718441
SLC19A2,-1.4750000000000014,0.11055314255527665,0.9595928729718441
CPLANE1,-1.4699999999999998,0.1162189795893822,0.9595928729718441
PIGM,-1.415000000000001,0.11913620809270353,0.9595928729718441
RASA4B,-1.395,0.12111269751067497,0.9595928729718441
ZNF747,-1.3799999999999981,0.1078032143720531,0.9595928729718441
COBL,-1.365,0.12412541792136365,0.9595928729718441
ASIC1,-1.339999999999999,0.1221105155402433,0.9595928729718441
TBC1D19,-1.315,0.10689870249914428,0.9595928729718441
TIRAP,-1.2699999999999996,0.10334064905344885,0.9595928729718441
SLC30A6,-1.1899999999999942,0.10246600995829684,0.9595928729718441
DNAAF4,-1.1500000000000004,0.1078032143720531,0.9595928729718441
TMEM186,-1.1300000000000026,0.12311474772071108,0.9595928729718441
CA5B,-1.0799999999999996,0.10073440642862411,0.9595928729718441
RIC8B,-1.070000000000002,0.1221105155402433,0.9595928729718441
CRYBG3,-1.0500000000000025,0.12514254994261062,0.9595928729718441
SENP7,-1.0249999999999995,0.12111269751067497,0.9595928729718441
MARK1,-1.02,0.1221105155402433,0.9595928729718441
FAM200A,-1.0050000000000008,0.1162189795893822,0.9595928729718441
ZNF223,-0.9850000000000003,0.11430554881165932,0.9595928729718441
GAL,-0.9649999999999999,0.1133581769767141,0.9595928729718441
SYT1,-0.96,0.10510772660765352,0.9595928729718441
USP35,-0.8950000000000005,0.11148199834144297,0.9595928729718441
CCDC125,-0.8800000000000017,0.12311474772071108,0.9595928729718441
IGFBP5,-0.8799999999999997,0.11148199834144297,0.9595928729718441
PMEL,-0.8799999999999994,0.10963040971628393,0.9595928729718441
RNF43,-0.86,0.12111269751067497,0.9595928729718441
TMOD2,-0.825,0.10510772660765352,0.9595928729718441
ATP6AP1L,-0.8150000000000001,0.12111269751067497,0.9595928729718441
AQP3,-0.77,0.11241700164246476,0.9595928729718441
VPS37D,-0.7649999999999999,0.10510772660765352,0.9595928729718441
CMPK2,-0.7450000000000001,0.10334064905344885,0.9595928729718441
WDR5B,-0.7350000000000012,0.12412541792136365,0.9595928729718441
WNT9A,-0.6799999999999999,0.11913620809270353,0.9595928729718441
TPPP,-0.67,0.12111269751067497,0.9595928729718441
TSPAN10,-0.6499999999999999,0.12412541792136365,0.9595928729718441
IGIP,-0.6499999999999999,0.10334064905344885,0.9595928729718441
ATP6V1B1,-0.6150000000000002,0.10510772660765352,0.9595928729718441
GJD3,-0.59,0.12111269751067497,0.9595928729718441
TMEM86A,-0.5799999999999998,0.12012126969551039,0.9595928729718441
ACSM3,-0.565,0.10689870249914428,0.9595928729718441
FRY,-0.56,0.11815748863631066,0.9595928729718441
ZNF626,-0.5599999999999999,0.12311474772071108,0.9595928729718441
NPIPA2,-0.5549999999999999,0.10510772660765352,0.9595928729718441
SERHL2,-0.5499999999999999,0.1078032143720531,0.9595928729718441
MDH1B,-0.53,0.1152591415622646,0.9595928729718441
SNX22,-0.5250000000000001,0.11718508719813799,0.9595928729718441
SFRP1,-0.5149999999999999,0.11815748863631066,0.9595928729718441
NRTN,-0.51,0.11241700164246476,0.9595928729718441
CCDC157,-0.4949999999999999,0.11241700164246476,0.9595928729718441
ALDH1A2,-0.42499999999999993,0.1152591415622646,0.9595928729718441
UBOX5,-0.4150000000000005,0.12514254994261062,0.9595928729718441
CCDC148,-0.40499999999999997,0.11055314255527665,0.9595928729718441
CHSY3,-0.40499999999999997,0.11055314255527665,0.9595928729718441
CCDC30,-0.3749999999999998,0.1162189795893822,0.9595928729718441
IQGAP2,-0.37,0.1152591415622646,0.9595928729718441
ACHE,-0.3599999999999999,0.11430554881165932,0.9595928729718441
ZNF70,-0.3500000000000001,0.1133581769767141,0.9595928729718441
PNPLA7,-0.34000000000000014,0.12012126969551039,0.9595928729718441
GPLD1,-0.33000000000000007,0.10334064905344885,0.9595928729718441
MAN1C1,-0.3250000000000002,0.1221105155402433,0.9595928729718441
TMEM37,-0.32499999999999984,0.10073440642862411,0.9595928729718441
RADIL,-0.31500000000000006,0.12111269751067497,0.9595928729718441
ZBTB37,-0.3099999999999996,0.1221105155402433,0.9595928729718441
TXK,-0.2950000000000001,0.12012126969551039,0.9595928729718441
DOK7,-0.2849999999999999,0.12514254994261062,0.9595928729718441
TEX19,-0.2849999999999998,0.10246600995829684,0.9595928729718441
THBS4,-0.275,0.10871377520905923,0.9595928729718441
SRSF12,-0.27,0.1152591415622646,0.9595928729718441
LRRC24,-0.27,0.12514254994261062,0.9595928729718441
IZUMO4,-0.24,0.1133581769767141,0.9595928729718441
CARD14,-0.24,0.10246600995829684,0.9595928729718441
ASPDH,-0.23,0.11815748863631066,0.9595928729718441
STPG3,-0.21499999999999997,0.10689870249914428,0.9595928729718441
H1-4,-0.20499999999999985,0.11055314255527665,0.9595928729718441
ERICH6B,-0.1950000000000001,0.10600021484120398,0.9595928729718441
BACH2,-0.175,0.12311474772071108,0.9595928729718441
PDZK1,-0.1700000000000002,0.1015972707416006,0.9595928729718441
RND2,-0.1649999999999999,0.11241700164246476,0.9595928729718441
RHBDL3,-0.1599999999999999,0.11913620809270353,0.9595928729718441
GNAO1,-0.15499999999999992,0.12412541792136365,0.9595928729718441
HLF,-0.1549999999999999,0.1133581769767141,0.9595928729718441
CCDC154,-0.14000000000000012,0.12311474772071108,0.9595928729718441
UBAP1L,-0.1399999999999999,0.10963040971628393,0.9595928729718441
CDKL2,-0.13,0.12012126969551039,0.9595928729718441
TMEM163,-0.12999999999999992,0.1015972707416006,0.9595928729718441
KIF6,-0.1299999999999999,0.1221105155402433,0.9595928729718441
FAM78B,-0.12499999999999992,0.1078032143720531,0.9595928729718441
COLEC11,-0.11499999999999991,0.10246600995829684,0.9595928729718441
TMEM255A,-0.1149999999999999,0.09987739201236405,0.9595928729718441
TNNI1,-0.1100000000000001,0.1221105155402433,0.9595928729718441
AMBP,-0.1099999999999999,0.11148199834144297,0.9595928729718441
ADAM21,-0.1099999999999999,0.12514254994261062,0.9595928729718441
TVP23A,-0.1099999999999999,0.10246600995829684,0.9595928729718441
PRRT4,-0.10500000000000011,0.10246600995829684,0.9595928729718441
CHADL,-0.10500000000000001,0.12412541792136365,0.9595928729718441
KCNK9,-0.1000000000000001,0.12311474772071108,0.9595928729718441
CMYA5,-0.09999999999999991,0.12311474772071108,0.9595928729718441
STRC,-0.0999999999999999,0.12311474772071108,0.9595928729718441
F10,-0.09999999999999981,0.10600021484120398,0.9595928729718441
RYR2,-0.095,0.1162189795893822,0.9595928729718441
AMZ1,-0.09499999999999992,0.10073440642862411,0.9595928729718441
CYP26A1,-0.09000000000000011,0.10600021484120398,0.9595928729718441
SLC34A3,-0.085,0.11241700164246476,0.9595928729718441
MAT1A,-0.08,0.11241700164246476,0.9595928729718441
PSG1,-0.0700000000000001,0.11913620809270353,0.9595928729718441
ARHGAP25,-0.07000000000000009,0.1015972707416006,0.9595928729718441
IGFALS,-0.06999999999999999,0.11913620809270353,0.9595928729718441
TMEM179,-0.06999999999999999,0.12311474772071108,0.9595928729718441
RSPH9,-0.06000000000000014,0.11913620809270353,0.9595928729718441
NTN5,-0.06,0.10334064905344885,0.9595928729718441
RORC,-0.06,0.11913620809270353,0.9595928729718441
CFAP221,-0.06,0.1078032143720531,0.9595928729718441
KRBOX1,-0.06,0.12012126969551039,0.9595928729718441
LYNX1-SLURP2,-0.06,0.10963040971628393,0.9595928729718441
COL2A1,-0.05499999999999999,0.10963040971628393,0.9595928729718441
CCDC116,-0.05499999999999999,0.1015972707416006,0.9595928729718441
MAK,-0.0500000000000001,0.1015972707416006,0.9595928729718441
TNNI2,-0.05,0.11241700164246476,0.9595928729718441
NKX2-8,-0.05,0.09987739201236405,0.9595928729718441
LKAAEAR1,-0.05,0.1162189795893822,0.9595928729718441
SLC16A11,-0.05,0.09987739201236405,0.9595928729718441
HCAR2,-0.05,0.11148199834144297,0.9595928729718441
MPPED2,-0.049999999999999996,0.1221105155402433,0.9595928729718441
CTNND2,-0.049999999999999996,0.1221105155402433,0.9595928729718441
RFTN2,-0.04999999999999989,0.1015972707416006,0.9595928729718441
PPEF1,-0.04,0.12012126969551039,0.9595928729718441
CHST9,-0.04,0.09987739201236405,0.9595928729718441
JAKMIP2,-0.04,0.10422121296801413,0.9595928729718441
GJA5,-0.04,0.11815748863631066,0.9595928729718441
CRYAA2,-0.04,0.11815748863631066,0.9595928729718441
CLEC18A,-0.039999999999999786,0.12514254994261062,0.9595928729718441
IGSF5,-0.035,0.11055314255527665,0.9595928729718441
HTR2B,-0.030000000000000096,0.1078032143720531,0.9595928729718441
DIO1,-0.030000000000000006,0.12311474772071108,0.9595928729718441
SLC5A9,-0.03,0.11815748863631066,0.9595928729718441
SLC16A12,-0.03,0.11430554881165932,0.9595928729718441
TUBB8B,-0.03,0.10963040971628393,0.9595928729718441
KCNIP1,-0.03,0.09987739201236405,0.9595928729718441
DOC2B,-0.03,0.1162189795893822,0.9595928729718441
ACMSD,-0.02500000000000001,0.11815748863631066,0.9595928729718441
A4GNT,-0.025,0.1078032143720531,0.9595928729718441
ZNF556,-0.025,0.10600021484120398,0.9595928729718441
KLKB1,-0.024999999999999998,0.10689870249914428,0.9595928729718441
ZFY,-0.02,0.1078032143720531,0.9595928729718441
RLBP1,-0.02,0.10689870249914428,0.9595928729718441
ZMAT4,-0.02,0.11055314255527665,0.9595928729718441
CNTN2,-0.02,0.09987739201236405,0.9595928729718441
FAM228A,-0.02,0.10073440642862411,0.9595928729718441
FAM180B,-0.019999999999999997,0.11815748863631066,0.9595928729718441
ABCA8,-0.015000000000000001,0.12311474772071108,0.9595928729718441
ABCB5,-0.01,0.10422121296801413,0.9595928729718441
CACNA1I,-0.01,0.10422121296801413,0.9595928729718441
DUOX2,-0.01,0.12111269751067497,0.9595928729718441
SPTA1,-0.01,0.1152591415622646,0.9595928729718441
KLHL6,-0.01,0.12412541792136365,0.9595928729718441
POTEJ,-0.01,0.12514254994261062,0.9595928729718441
NANOGP8,-0.01,0.12111269751067497,0.9595928729718441
TPTE,-0.01,0.11718508719813799,0.9595928729718441
CTXND1,-0.009999999999999998,0.10334064905344885,0.9595928729718441
SLC22A16,0.0,0.1078032143720531,0.9595928729718441
HHATL,0.0,0.11241700164246476,0.9595928729718441
LGI1,0.0,0.1133581769767141,0.9595928729718441
CPN1,0.0,0.11148199834144297,0.9595928729718441
NRK,0.0,0.12514254994261062,0.9595928729718441
ATP1A4,0.0,0.12412541792136365,0.9595928729718441
SRRM4,0.0,0.11055314255527665,0.9595928729718441
CNTNAP5,0.0,0.12412541792136365,0.9595928729718441
LRRC38,0.0,0.12412541792136365,0.9595928729718441
DACT2,0.0,0.1162189795893822,0.9595928729718441
OLIG1,0.0,0.10689870249914428,0.9595928729718441
BSX,0.0,0.12311474772071108,0.9595928729718441
FOXR2,0.0,0.11055314255527665,0.9595928729718441
GRM7,0.0,0.11055314255527665,0.9595928729718441
OR13G1,0.0,0.11055314255527665,0.9595928729718441
NRAP,0.0,0.12412541792136365,0.9595928729718441
CLEC9A,0.0,0.1133581769767141,0.9595928729718441
LRCOL1,0.0,0.12311474772071108,0.9595928729718441
DGKK,0.0,0.11718508719813799,0.9595928729718441
TBC1D3C,0.0,0.11718508719813799,0.9595928729718441
TMEM35A,0.01,0.11430554881165932,0.9595928729718441
MOGAT2,0.01,0.10689870249914428,0.9595928729718441
C8orf74,0.01,0.12311474772071108,0.9595928729718441
CD8B,0.01,0.12012126969551039,0.9595928729718441
GIMD1,0.01,0.1078032143720531,0.9595928729718441
SLC5A1,0.019999999999999997,0.11055314255527665,0.9595928729718441
FAM83C,0.019999999999999997,0.11430554881165932,0.9595928729718441
KRT37,0.02,0.11430554881165932,0.9595928729718441
GHSR,0.02,0.1162189795893822,0.9595928729718441
FMR1NB,0.02,0.11430554881165932,0.9595928729718441
KCNJ5,0.03,0.11815748863631066,0.9595928729718441
DRGX,0.03,0.10689870249914428,0.9595928729718441
GALNT8,0.04,0.11815748863631066,0.9595928729718441
SBSN,0.049999999999999906,0.10334064905344885,0.9595928729718441
CA4,0.05,0.10422121296801413,0.9595928729718441
PLA2G1B,0.05,0.1221105155402433,0.9595928729718441
CCL24,0.1000000000000001,0.10422121296801413,0.9595928729718441
IGFBP1,0.205,0.10422121296801413,0.9595928729718441
ECSCR,0.26,0.10689870249914428,0.9595928729718441
H3C8,0.29000000000000015,0.12311474772071108,0.9595928729718441
CABP1,0.34499999999999986,0.1015972707416006,0.9595928729718441
TREX2,0.3600000000000001,0.1162189795893822,0.9595928729718441
DUSP28,0.375,0.10510772660765352,0.9595928729718441
H2BC13,0.38000000000000045,0.12412541792136365,0.9595928729718441
GPR19,0.7149999999999999,0.11055314255527665,0.9595928729718441
HES7,0.7400000000000003,0.10073440642862411,0.9595928729718441
ESM1,0.8400000000000001,0.1078032143720531,0.9595928729718441
HAS2,0.8999999999999997,0.12514254994261062,0.9595928729718441
FANCE,0.9749999999999996,0.12412541792136365,0.9595928729718441
NSUN7,1.025,0.10510772660765352,0.9595928729718441
BCL11B,1.14,0.10963040971628393,0.9595928729718441
GPR35,1.2100000000000006,0.11148199834144297,0.9595928729718441
NBPF14,1.3050000000000006,0.10600021484120398,0.9595928729718441
CENPP,1.3200000000000003,0.10600021484120398,0.9595928729718441
SIX4,1.3650000000000007,0.10963040971628393,0.9595928729718441
NXT2,1.4650000000000079,0.11148199834144297,0.9595928729718441
SIAH1,1.4950000000000045,0.10246600995829684,0.9595928729718441
KIAA1549L,1.5650000000000004,0.10510772660765352,0.9595928729718441
DENND4A,1.8450000000000006,0.1078032143720531,0.9595928729718441
ZNF695,1.8949999999999996,0.10334064905344885,0.9595928729718441
UBIAD1,1.9100000000000037,0.1078032143720531,0.9595928729718441
HOXA1,2.019999999999998,0.10871377520905923,0.9595928729718441
ATXN3,2.4250000000000043,0.10246600995829684,0.9595928729718441
CA13,2.439999999999999,0.10963040971628393,0.9595928729718441
NRDE2,2.4549999999999983,0.11055314255527665,0.9595928729718441
FBXO43,2.5349999999999997,0.1162189795893822,0.9595928729718441
SGO1,2.634999999999991,0.12412541792136365,0.9595928729718441
PPP4R4,2.65,0.10963040971628393,0.9595928729718441
RIOX1,2.655000000000004,0.11718508719813799,0.9595928729718441
TTC27,2.6949999999999985,0.10600021484120398,0.9595928729718441
TSC22D2,2.7799999999999994,0.11815748863631066,0.9595928729718441
UFSP2,2.834999999999999,0.1152591415622646,0.9595928729718441
SUV39H2,2.9749999999999996,0.11913620809270353,0.9595928729718441
LRRC49,2.980000000000003,0.1133581769767141,0.9595928729718441
RICTOR,3.4150000000000027,0.12514254994261062,0.9595928729718441
UBR7,3.469999999999988,0.12514254994261062,0.9595928729718441
MRE11,3.4949999999999957,0.10963040971628393,0.9595928729718441
SAP130,3.614999999999995,0.1152591415622646,0.9595928729718441
UPF2,3.6800000000000015,0.1015972707416006,0.9595928729718441
BAG4,3.7350000000000074,0.11815748863631066,0.9595928729718441
TANGO6,3.764999999999999,0.12514254994261062,0.9595928729718441
TXNL4B,3.849999999999996,0.1078032143720531,0.9595928729718441
ABI1,4.359999999999999,0.1078032143720531,0.9595928729718441
PRIMPOL,4.375,0.12514254994261062,0.9595928729718441
ZC4H2,4.400000000000001,0.12111269751067497,0.9595928729718441
SLFN13,4.520000000000007,0.10073440642862411,0.9595928729718441
TMEM18,4.935000000000009,0.12012126969551039,0.9595928729718441
C14orf119,5.395000000000017,0.10073440642862411,0.9595928729718441
CENPE,5.400000000000002,0.11718508719813799,0.9595928729718441
COG1,5.575000000000003,0.11913620809270353,0.9595928729718441
ZNRF1,5.604999999999997,0.12412541792136365,0.9595928729718441
BTNL9,5.619999999999999,0.11241700164246476,0.9595928729718441
NUDCD1,5.814999999999991,0.10600021484120398,0.9595928729718441
MICB,6.129999999999992,0.1221105155402433,0.9595928729718441
WASHC2C,6.349999999999994,0.10600021484120398,0.9595928729718441
ABCB7,6.41,0.12514254994261062,0.9595928729718441
POLR2M,6.934999999999992,0.12514254994261062,0.9595928729718441
PEX5,6.964999999999993,0.10963040971628393,0.9595928729718441
CCDC88C,6.969999999999999,0.12012126969551039,0.9595928729718441
MRPS5,7.0600000000000165,0.10422121296801413,0.9595928729718441
MPP5,7.244999999999997,0.1078032143720531,0.9595928729718441
NBPF9,7.260000000000002,0.1221105155402433,0.9595928729718441
CDC73,7.269999999999996,0.10422121296801413,0.9595928729718441
MTFR1,7.369999999999987,0.11913620809270353,0.9595928729718441
ANKS6,7.385000000000007,0.10422121296801413,0.9595928729718441
PAXIP1,7.5000000000000036,0.1078032143720531,0.9595928729718441
TSPAN5,7.545,0.11718508719813799,0.9595928729718441
TTK,8.115000000000009,0.10963040971628393,0.9595928729718441
HENMT1,8.174999999999995,0.12111269751067497,0.9595928729718441
KATNB1,8.230000000000008,0.11430554881165932,0.9595928729718441
RPF1,8.879999999999995,0.10871377520905923,0.9595928729718441
TOX2,8.98,0.11430554881165932,0.9595928729718441
NDUFAF2,9.015,0.10246600995829684,0.9595928729718441
LURAP1L,9.105000000000002,0.10334064905344885,0.9595928729718441
EBAG9,9.294999999999995,0.10963040971628393,0.9595928729718441
DARS1,9.500000000000021,0.1133581769767141,0.9595928729718441
TCOF1,9.639999999999993,0.11913620809270353,0.9595928729718441
MFF,9.684999999999967,0.11718508719813799,0.9595928729718441
DNTTIP2,10.34999999999998,0.12012126969551039,0.9595928729718441
NUDCD2,10.445000000000007,0.1015972707416006,0.9595928729718441
LRR1,10.490000000000009,0.12311474772071108,0.9595928729718441
NBPF15,10.599999999999998,0.10963040971628393,0.9595928729718441
NEK2,10.859999999999992,0.11241700164246476,0.9595928729718441
NUP37,11.480000000000004,0.12012126969551039,0.9595928729718441
CMSS1,12.164999999999992,0.12311474772071108,0.9595928729718441
TXNDC9,12.939999999999998,0.11718508719813799,0.9595928729718441
CDT1,13.035,0.10600021484120398,0.9595928729718441
EMD,13.389999999999972,0.1078032143720531,0.9595928729718441
CAPRIN1,13.904999999999973,0.12111269751067497,0.9595928729718441
PMF1,13.920000000000009,0.12111269751067497,0.9595928729718441
ASAP1,13.995000000000012,0.1152591415622646,0.9595928729718441
ITGB1BP1,14.315000000000012,0.1152591415622646,0.9595928729718441
XPO1,14.489999999999995,0.11913620809270353,0.9595928729718441
MEMO1,14.679999999999993,0.11430554881165932,0.9595928729718441
PNMA1,14.725000000000012,0.11815748863631066,0.9595928729718441
GOLT1B,15.524999999999984,0.1078032143720531,0.9595928729718441
CCDC12,16.075000000000003,0.12514254994261062,0.9595928729718441
RAB10,16.189999999999998,0.10246600995829684,0.9595928729718441
SENP3,16.82000000000003,0.1015972707416006,0.9595928729718441
RBM25,16.905000000000044,0.1152591415622646,0.9595928729718441
FBLIM1,17.025000000000023,0.12311474772071108,0.9595928729718441
PLSCR1,17.120000000000005,0.11148199834144297,0.9595928729718441
CHIC2,17.269999999999996,0.1162189795893822,0.9595928729718441
CEP55,17.840000000000003,0.10963040971628393,0.9595928729718441
SMN2,18.005000000000003,0.10422121296801413,0.9595928729718441
CXCL2,19.995000000000008,0.10246600995829684,0.9595928729718441
CCNA2,20.194999999999986,0.1133581769767141,0.9595928729718441
ASNS,20.404999999999994,0.12012126969551039,0.9595928729718441
BTF3L4,21.265000000000008,0.11148199834144297,0.9595928729718441
UBALD2,22.75499999999999,0.10073440642862411,0.9595928729718441
EIF2S2,23.18000000000002,0.12111269751067497,0.9595928729718441
BUB1,23.294999999999987,0.1078032143720531,0.9595928729718441
CENPV,23.629999999999995,0.12111269751067497,0.9595928729718441
MRPS22,26.13499999999999,0.10600021484120398,0.9595928729718441
TMEM123,28.68500000000003,0.10422121296801413,0.9595928729718441
KLHL5,28.849999999999987,0.10422121296801413,0.9595928729718441
RSU1,32.67499999999998,0.1152591415622646,0.9595928729718441
PPP1R18,34.53500000000001,0.12111269751067497,0.9595928729718441
HP1BP3,35.12499999999996,0.11148199834144297,0.9595928729718441
CXCL5,35.54,0.11241700164246476,0.9595928729718441
SSRP1,35.62000000000003,0.10600021484120398,0.9595928729718441
HMGB3,35.639999999999986,0.1078032143720531,0.9595928729718441
EIF4EBP1,39.15000000000002,0.10246600995829684,0.9595928729718441
TPX2,41.12500000000004,0.1152591415622646,0.9595928729718441
IL6,41.155,0.10073440642862411,0.9595928729718441
MRPL51,43.69500000000002,0.1152591415622646,0.9595928729718441
EIF3F,43.895000000000095,0.11718508719813799,0.9595928729718441
YWHAQ,44.63999999999993,0.1152591415622646,0.9595928729718441
CNIH1,45.14999999999998,0.1133581769767141,0.9595928729718441
IFI27,45.53499999999999,0.10963040971628393,0.9595928729718441
ETS1,51.225,0.12311474772071108,0.9595928729718441
HMGB2,58.099999999999994,0.1078032143720531,0.9595928729718441
EIF4A3,67.965,0.10600021484120398,0.9595928729718441
ARHGDIA,73.26000000000016,0.10422121296801413,0.9595928729718441
MRPS24,75.51499999999987,0.12311474772071108,0.9595928729718441
BANF1,140.72500000000002,0.11718508719813799,0.9595928729718441
RPL7,148.90000000000282,0.12514254994261062,0.9595928729718441
NONO,178.39999999999998,0.1221105155402433,0.9595928729718441
PABPC1,254.08999999999935,0.12311474772071108,0.9595928729718441
TPT1,772.7500000000014,0.11148199834144297,0.9595928729718441
MT-CO1,-3994.999999999998,0.14920148455702784,0.9598163533476947
HSPA5,-156.075,0.13896398531278334,0.9598163533476947
AP2M1,-119.07999999999993,0.1563398666990333,0.9598163533476947
ITGA3,-107.87500000000001,0.1587760164766323,0.9598163533476947
PSMA4,-51.49000000000001,0.13786071819153903,0.9598163533476947
TMBIM6,-48.77500000000009,0.1468781436406733,0.9598163533476947
COL4A2,-47.08,0.1563398666990333,0.9598163533476947
NOMO2,-41.50999999999996,0.14007403928228704,0.9598163533476947
MAGED1,-41.38499999999998,0.1612407906902199,0.9598163533476947
SERPINE2,-39.13,0.1539321743778432,0.9598163533476947
PLD3,-36.92500000000004,0.1313823640247707,0.9598163533476947
LTBP3,-30.919999999999995,0.16373435432459216,0.9598163533476947
RBBP7,-28.475000000000065,0.1662568703121846,0.9598163533476947
EPHX1,-26.709999999999987,0.13351506364510166,0.9598163533476947
MAGED2,-25.360000000000028,0.16373435432459216,0.9598163533476947
MBOAT7,-24.095,0.14920148455702784,0.9598163533476947
ATP6V1G1,-23.77499999999999,0.14572689817543164,0.9598163533476947
CCNG1,-23.49000000000001,0.1356744537684634,0.9598163533476947
HMGN3,-23.330000000000013,0.13351506364510166,0.9598163533476947
RAB5C,-22.77000000000004,0.1563398666990333,0.9598163533476947
TMEM9,-20.939999999999955,0.15155277059615146,0.9598163533476947
LMAN1,-20.885000000000005,0.1282329538657391,0.9598163533476947
B4GALT1,-20.575,0.1662568703121846,0.9598163533476947
NPTN,-19.95499999999994,0.1313823640247707,0.9598163533476947
PRAME,-19.88,0.14231459792438458,0.9598163533476947
SLC44A2,-18.77500000000001,0.14458257346139486,0.9598163533476947
TNFRSF21,-18.555000000000003,0.13351506364510166,0.9598163533476947
OCIAD1,-18.545000000000016,0.13896398531278334,0.9598163533476947
IFI30,-18.140000000000008,0.1356744537684634,0.9598163533476947
ZNF664,-17.92500000000001,0.14458257346139486,0.9598163533476947
SLC9A3R1,-17.299999999999997,0.1434451474337457,0.9598163533476947
LUC7L3,-16.650000000000006,0.14458257346139486,0.9598163533476947
PVR,-15.96500000000001,0.15755437392347904,0.9598163533476947
NIT2,-15.50500000000001,0.14231459792438458,0.9598163533476947
ABCB6,-15.460000000000008,0.13786071819153903,0.9598163533476947
SULF2,-15.309999999999999,0.14920148455702784,0.9598163533476947
ESYT1,-14.99499999999999,0.15155277059615146,0.9598163533476947
SEPHS2,-14.855000000000004,0.1313823640247707,0.9598163533476947
ANKRD10,-12.774999999999999,0.1271962942941139,0.9598163533476947
SLBP,-12.730000000000011,0.1587760164766323,0.9598163533476947
RAD23B,-12.679999999999993,0.14231459792438458,0.9598163533476947
ERBB3,-12.325,0.1539321743778432,0.9598163533476947
SERF1A,-12.315000000000008,0.16248396359775308,0.9598163533476947
MTSS2,-11.915,0.1356744537684634,0.9598163533476947
PHLDB2,-11.784999999999998,0.16499198317270547,0.9598163533476947
IVD,-11.760000000000005,0.14920148455702784,0.9598163533476947
DDRGK1,-11.445000000000007,0.16499198317270547,0.9598163533476947
UBE2I,-11.000000000000014,0.1539321743778432,0.9598163533476947
GLB1,-10.915000000000003,0.13351506364510166,0.9598163533476947
LDB1,-10.850000000000009,0.14458257346139486,0.9598163533476947
TRPC4AP,-10.569999999999993,0.1313823640247707,0.9598163533476947
ATP6V1H,-10.565000000000005,0.12927616973732528,0.9598163533476947
ZNF655,-10.515,0.12927616973732528,0.9598163533476947
NEU1,-10.490000000000016,0.16373435432459216,0.9598163533476947
PCYT2,-10.484999999999996,0.16752903577943923,0.9598163533476947
ABLIM1,-10.25,0.14920148455702784,0.9598163533476947
DSP,-10.149999999999999,0.1563398666990333,0.9598163533476947
SMO,-9.29,0.14920148455702784,0.9598163533476947
NAPA,-9.100000000000001,0.14572689817543164,0.9598163533476947
MAN1B1,-9.04999999999999,0.1503736236054512,0.9598163533476947
NCBP2,-8.989999999999995,0.1612407906902199,0.9598163533476947
PIN1,-8.849999999999994,0.14007403928228704,0.9598163533476947
VPS25,-8.784999999999982,0.16499198317270547,0.9598163533476947
AOPEP,-8.704999999999988,0.13244538906364642,0.9598163533476947
USP41,-8.620000000000003,0.1612407906902199,0.9598163533476947
QDPR,-8.490000000000002,0.16373435432459216,0.9598163533476947
PCGF5,-8.449999999999994,0.15155277059615146,0.9598163533476947
MTCL1,-8.264999999999999,0.1612407906902199,0.9598163533476947
RHPN2,-7.9449999999999985,0.14920148455702784,0.9598163533476947
TNK2,-7.835000000000003,0.1411909026636918,0.9598163533476947
SGTA,-7.83000000000002,0.1612407906902199,0.9598163533476947
P4HTM,-7.805000000000005,0.13786071819153903,0.9598163533476947
PMPCA,-7.759999999999991,0.15155277059615146,0.9598163533476947
TMEM115,-7.725000000000016,0.1563398666990333,0.9598163533476947
INO80B,-7.724999999999998,0.12927616973732528,0.9598163533476947
ADD1,-7.715000000000003,0.13351506364510166,0.9598163533476947
SLC12A7,-7.575000000000005,0.1345914108737743,0.9598163533476947
TIMP3,-7.445000000000001,0.12616616751431461,0.9598163533476947
KEAP1,-7.41999999999998,0.1612407906902199,0.9598163533476947
MVB12A,-7.325000000000006,0.1587760164766323,0.9598163533476947
CTSF,-7.23,0.1480363318168885,0.9598163533476947
KANK1,-7.2250000000000005,0.1271962942941139,0.9598163533476947
PRPF4B,-7.219999999999999,0.1612407906902199,0.9598163533476947
PHLDB1,-7.200000000000003,0.14007403928228704,0.9598163533476947
FUCA1,-7.150000000000002,0.13032596533971735,0.9598163533476947
ZDHHC7,-7.064999999999976,0.15513247386896023,0.9598163533476947
MAGEH1,-6.915,0.14920148455702784,0.9598163533476947
MCRIP2,-6.904999999999987,0.16373435432459216,0.9598163533476947
TM7SF2,-6.899999999999995,0.1662568703121846,0.9598163533476947
NECAB3,-6.819999999999993,0.1563398666990333,0.9598163533476947
MEIS3,-6.775,0.1356744537684634,0.9598163533476947
SGSH,-6.77,0.15155277059615146,0.9598163533476947
ARFRP1,-6.719999999999999,0.1563398666990333,0.9598163533476947
NRBP2,-6.66,0.16248396359775308,0.9598163533476947
PNKP,-6.544999999999995,0.1563398666990333,0.9598163533476947
TMX3,-6.4950000000000045,0.13786071819153903,0.9598163533476947
METTL9,-6.484999999999999,0.13786071819153903,0.9598163533476947
TCTA,-6.299999999999997,0.14231459792438458,0.9598163533476947
MAPK1,-6.230000000000011,0.1468781436406733,0.9598163533476947
SLC25A38,-6.164999999999996,0.1563398666990333,0.9598163533476947
PSMB10,-6.160000000000011,0.15155277059615146,0.9598163533476947
CCDC51,-6.129999999999997,0.1662568703121846,0.9598163533476947
UBA3,-6.119999999999997,0.1539321743778432,0.9598163533476947
ACP2,-6.08500000000001,0.13786071819153903,0.9598163533476947
LEMD2,-5.965000000000003,0.1468781436406733,0.9598163533476947
RNASET2,-5.915000000000003,0.1612407906902199,0.9598163533476947
TTC37,-5.890000000000004,0.12927616973732528,0.9598163533476947
KLHDC8B,-5.814999999999999,0.16499198317270547,0.9598163533476947
TST,-5.719999999999999,0.1662568703121846,0.9598163533476947
UBXN6,-5.644999999999996,0.13351506364510166,0.9598163533476947
TMEM245,-5.6150000000000055,0.1539321743778432,0.9598163533476947
TBC1D17,-5.550000000000001,0.1468781436406733,0.9598163533476947
NFS1,-5.465000000000003,0.1313823640247707,0.9598163533476947
GCAT,-5.329999999999995,0.1503736236054512,0.9598163533476947
AMOTL1,-5.315000000000001,0.1662568703121846,0.9598163533476947
STAU2,-5.309999999999995,0.1612407906902199,0.9598163533476947
SLC30A5,-5.300000000000008,0.1503736236054512,0.9598163533476947
UCKL1,-5.25,0.16373435432459216,0.9598163533476947
MPP1,-4.929999999999993,0.15155277059615146,0.9598163533476947
TSEN34,-4.924999999999994,0.15155277059615146,0.9598163533476947
BBX,-4.91,0.1563398666990333,0.9598163533476947
SLC35F6,-4.879999999999999,0.1587760164766323,0.9598163533476947
GPC4,-4.850000000000001,0.13896398531278334,0.9598163533476947
RAB17,-4.84,0.1480363318168885,0.9598163533476947
RAB21,-4.825000000000006,0.13351506364510166,0.9598163533476947
TRAK1,-4.824999999999992,0.13786071819153903,0.9598163533476947
DNAL4,-4.779999999999999,0.13244538906364642,0.9598163533476947
TPP2,-4.770000000000024,0.1271962942941139,0.9598163533476947
MLLT1,-4.734999999999985,0.16373435432459216,0.9598163533476947
PECR,-4.675000000000001,0.14231459792438458,0.9598163533476947
POLH,-4.569999999999999,0.14572689817543164,0.9598163533476947
UBL3,-4.534999999999994,0.13676421526040416,0.9598163533476947
MAPRE3,-4.505000000000003,0.1503736236054512,0.9598163533476947
IFT46,-4.430000000000005,0.12616616751431461,0.9598163533476947
NR4A1,-4.425,0.1271962942941139,0.9598163533476947
RNF215,-4.365000000000002,0.13896398531278334,0.9598163533476947
BRI3BP,-4.255000000000004,0.14458257346139486,0.9598163533476947
ETNK2,-4.175000000000001,0.13786071819153903,0.9598163533476947
SLC39A11,-4.144999999999996,0.13896398531278334,0.9598163533476947
OFD1,-4.135000000000002,0.13351506364510166,0.9598163533476947
HOXD8,-4.135,0.14231459792438458,0.9598163533476947
IQCJ-SCHIP1,-4.129999999999999,0.1662568703121846,0.9598163533476947
FAM174A,-4.105,0.1587760164766323,0.9598163533476947
PC,-4.104999999999997,0.14231459792438458,0.9598163533476947
ATRN,-4.10000000000001,0.14920148455702784,0.9598163533476947
KCTD5,-4.0950000000000095,0.1662568703121846,0.9598163533476947
PLEKHA7,-4.0649999999999995,0.14458257346139486,0.9598163533476947
CSF1,-4.0550000000000015,0.15755437392347904,0.9598163533476947
POM121C,-3.9950000000000045,0.1587760164766323,0.9598163533476947
ABCC4,-3.995000000000002,0.1539321743778432,0.9598163533476947
ADGRA3,-3.8999999999999986,0.12927616973732528,0.9598163533476947
SLC48A1,-3.8949999999999942,0.1468781436406733,0.9598163533476947
SNX19,-3.8550000000000075,0.13786071819153903,0.9598163533476947
TGDS,-3.8550000000000058,0.12927616973732528,0.9598163533476947
FKRP,-3.84,0.14920148455702784,0.9598163533476947
HACD2,-3.830000000000009,0.14920148455702784,0.9598163533476947
TRIM3,-3.830000000000002,0.13786071819153903,0.9598163533476947
CPOX,-3.8100000000000023,0.1587760164766323,0.9598163533476947
HMCES,-3.795000000000023,0.1662568703121846,0.9598163533476947
NKIRAS2,-3.789999999999999,0.14458257346139486,0.9598163533476947
TTC17,-3.7700000000000102,0.1563398666990333,0.9598163533476947
EXTL3,-3.7699999999999996,0.1587760164766323,0.9598163533476947
SPAG1,-3.7550000000000026,0.14007403928228704,0.9598163533476947
BTBD19,-3.6999999999999997,0.12616616751431461,0.9598163533476947
POFUT2,-3.6799999999999997,0.1539321743778432,0.9598163533476947
BEX2,-3.6300000000000003,0.15155277059615146,0.9598163533476947
PTAR1,-3.5549999999999997,0.1563398666990333,0.9598163533476947
NAXD,-3.545000000000009,0.14007403928228704,0.9598163533476947
ZNF263,-3.544999999999991,0.16373435432459216,0.9598163533476947
IER3IP1,-3.5400000000000027,0.15513247386896023,0.9598163533476947
OSBPL7,-3.4900000000000047,0.16752903577943923,0.9598163533476947
STX18,-3.4899999999999913,0.13351506364510166,0.9598163533476947
ARHGAP35,-3.4650000000000034,0.1662568703121846,0.9598163533476947
SORL1,-3.460000000000001,0.14458257346139486,0.9598163533476947
MALT1,-3.46,0.16752903577943923,0.9598163533476947
TRAFD1,-3.4350000000000023,0.13786071819153903,0.9598163533476947
MSANTD4,-3.434999999999996,0.14920148455702784,0.9598163533476947
GSK3A,-3.419999999999952,0.1468781436406733,0.9598163533476947
STX7,-3.33499999999999,0.14231459792438458,0.9598163533476947
ATP6V0A1,-3.3349999999999795,0.14920148455702784,0.9598163533476947
PRKRIP1,-3.3150000000000013,0.1612407906902199,0.9598163533476947
DYRK1A,-3.3100000000000005,0.1345914108737743,0.9598163533476947
GPNMB,-3.2750000000000004,0.1345914108737743,0.9598163533476947
C18orf25,-3.2699999999999996,0.14920148455702784,0.9598163533476947
ARHGEF11,-3.2650000000000006,0.1434451474337457,0.9598163533476947
PCYT1A,-3.245000000000001,0.13351506364510166,0.9598163533476947
ABCD1,-3.2200000000000024,0.12616616751431461,0.9598163533476947
NGEF,-3.215,0.12616616751431461,0.9598163533476947
ZNF558,-3.21,0.1480363318168885,0.9598163533476947
LONP2,-3.20999999999999,0.1313823640247707,0.9598163533476947
RNF40,-3.1500000000000057,0.1587760164766323,0.9598163533476947
SHFL,-3.150000000000004,0.14920148455702784,0.9598163533476947
SH3TC1,-3.095000000000001,0.16248396359775308,0.9598163533476947
GFER,-3.0900000000000034,0.1313823640247707,0.9598163533476947
FAM168A,-3.0449999999999964,0.1662568703121846,0.9598163533476947
UPK3BL2,-3.0399999999999983,0.1468781436406733,0.9598163533476947
CRACR2B,-3.0199999999999996,0.15155277059615146,0.9598163533476947
ZNF629,-2.985000000000001,0.1662568703121846,0.9598163533476947
IFIT5,-2.9750000000000014,0.1587760164766323,0.9598163533476947
PLEKHA1,-2.955,0.15155277059615146,0.9598163533476947
ANKS3,-2.9250000000000007,0.16373435432459216,0.9598163533476947
MARCHF9,-2.9149999999999974,0.13896398531278334,0.9598163533476947
TMEM62,-2.905000000000001,0.1612407906902199,0.9598163533476947
POLK,-2.8750000000000036,0.1587760164766323,0.9598163533476947
CDS2,-2.8700000000000028,0.1503736236054512,0.9598163533476947
ZSCAN25,-2.865000000000001,0.16000481516995102,0.9598163533476947
HINT3,-2.854999999999997,0.1356744537684634,0.9598163533476947
GFM2,-2.8249999999999993,0.13786071819153903,0.9598163533476947
DAGLB,-2.820000000000002,0.1587760164766323,0.9598163533476947
KCNS3,-2.800000000000001,0.16000481516995102,0.9598163533476947
RFK,-2.8000000000000007,0.1662568703121846,0.9598163533476947
TNFSF12,-2.765,0.16499198317270547,0.9598163533476947
CHAMP1,-2.7600000000000087,0.1587760164766323,0.9598163533476947
KMT5C,-2.754999999999998,0.16248396359775308,0.9598163533476947
IBTK,-2.7400000000000055,0.1612407906902199,0.9598163533476947
TYRO3,-2.709999999999999,0.1271962942941139,0.9598163533476947
ADO,-2.6949999999999967,0.16248396359775308,0.9598163533476947
HR,-2.62,0.1313823640247707,0.9598163533476947
BRWD1,-2.575000000000003,0.1313823640247707,0.9598163533476947
CDK20,-2.5699999999999994,0.13351506364510166,0.9598163533476947
FBXW4,-2.5549999999999997,0.1271962942941139,0.9598163533476947
PEX6,-2.5399999999999983,0.16000481516995102,0.9598163533476947
TUBB4A,-2.535,0.14231459792438458,0.9598163533476947
ATXN7L3B,-2.524999999999995,0.16000481516995102,0.9598163533476947
DNAJB9,-2.5149999999999952,0.1411909026636918,0.9598163533476947
XPNPEP3,-2.5099999999999953,0.1480363318168885,0.9598163533476947
HDDC3,-2.479999999999995,0.13786071819153903,0.9598163533476947
TRADD,-2.475000000000003,0.15273894705097582,0.9598163533476947
DLG5,-2.4399999999999977,0.1356744537684634,0.9598163533476947
ZNF287,-2.4149999999999996,0.1662568703121846,0.9598163533476947
ZNF397,-2.4099999999999975,0.16248396359775308,0.9598163533476947
TRAPPC8,-2.389999999999999,0.14231459792438458,0.9598163533476947
TLCD4,-2.375,0.15155277059615146,0.9598163533476947
TUB,-2.37,0.16248396359775308,0.9598163533476947
IER5L,-2.350000000000003,0.1271962942941139,0.9598163533476947
IRS2,-2.284999999999998,0.1587760164766323,0.9598163533476947
RNF121,-2.2849999999999895,0.13676421526040416,0.9598163533476947
LIPE,-2.28,0.16248396359775308,0.9598163533476947
TOR1B,-2.2750000000000057,0.1282329538657391,0.9598163533476947
FAM193A,-2.254999999999999,0.14458257346139486,0.9598163533476947
MAN1A2,-2.24,0.13032596533971735,0.9598163533476947
SLC25A16,-2.2199999999999998,0.1563398666990333,0.9598163533476947
ZBTB43,-2.2100000000000035,0.13896398531278334,0.9598163533476947
ZNF431,-2.160000000000001,0.13244538906364642,0.9598163533476947
INSR,-2.1500000000000012,0.1434451474337457,0.9598163533476947
SNX25,-2.0649999999999995,0.1411909026636918,0.9598163533476947
TM2D1,-2.049999999999997,0.14458257346139486,0.9598163533476947
ZDHHC21,-2.0250000000000004,0.12616616751431461,0.9598163533476947
TIGAR,-1.9649999999999999,0.1313823640247707,0.9598163533476947
POGLUT1,-1.9549999999999983,0.15273894705097582,0.9598163533476947
FBXL17,-1.9300000000000015,0.13032596533971735,0.9598163533476947
ACVR1B,-1.9050000000000011,0.13351506364510166,0.9598163533476947
FBXL15,-1.8999999999999968,0.14458257346139486,0.9598163533476947
ATP7B,-1.895000000000001,0.14007403928228704,0.9598163533476947
ABHD17B,-1.8800000000000034,0.1282329538657391,0.9598163533476947
STXBP6,-1.8450000000000002,0.1662568703121846,0.9598163533476947
ZNF200,-1.7649999999999988,0.14231459792438458,0.9598163533476947
HOXC13,-1.7599999999999996,0.1587760164766323,0.9598163533476947
TMEM102,-1.7599999999999993,0.1587760164766323,0.9598163533476947
ZNF20,-1.725,0.14920148455702784,0.9598163533476947
ALG11,-1.6799999999999997,0.1282329538657391,0.9598163533476947
SLC35B3,-1.6699999999999964,0.13351506364510166,0.9598163533476947
YIPF1,-1.6600000000000055,0.16000481516995102,0.9598163533476947
CNTNAP3,-1.6199999999999999,0.14572689817543164,0.9598163533476947
ZYG11B,-1.6100000000000003,0.1612407906902199,0.9598163533476947
DGKG,-1.5949999999999993,0.1411909026636918,0.9598163533476947
LBHD1,-1.58,0.16499198317270547,0.9598163533476947
PGP,-1.5599999999999987,0.15155277059615146,0.9598163533476947
CASTOR1,-1.524999999999999,0.13786071819153903,0.9598163533476947
ZNF516,-1.5200000000000022,0.16000481516995102,0.9598163533476947
FIZ1,-1.504999999999999,0.12616616751431461,0.9598163533476947
NSMCE3,-1.4850000000000025,0.16752903577943923,0.9598163533476947
HDX,-1.4649999999999999,0.14458257346139486,0.9598163533476947
ST6GAL1,-1.4599999999999995,0.14920148455702784,0.9598163533476947
ZNF584,-1.455,0.1563398666990333,0.9598163533476947
RAB3A,-1.4549999999999996,0.14007403928228704,0.9598163533476947
ZSCAN16,-1.4249999999999985,0.1539321743778432,0.9598163533476947
RNF103,-1.42,0.1587760164766323,0.9598163533476947
LONRF3,-1.4000000000000001,0.16248396359775308,0.9598163533476947
GLB1L,-1.38,0.1563398666990333,0.9598163533476947
VAV3,-1.375,0.15755437392347904,0.9598163533476947
SPEF2,-1.3699999999999999,0.15155277059615146,0.9598163533476947
SERPINF1,-1.3600000000000003,0.1662568703121846,0.9598163533476947
DPY19L2,-1.3499999999999996,0.16499198317270547,0.9598163533476947
ATL1,-1.335,0.13786071819153903,0.9598163533476947
CSNK1G1,-1.3349999999999973,0.12927616973732528,0.9598163533476947
WHRN,-1.2650000000000006,0.1503736236054512,0.9598163533476947
KIAA2026,-1.2299999999999969,0.15755437392347904,0.9598163533476947
CYSRT1,-1.2249999999999996,0.1434451474337457,0.9598163533476947
ZNF234,-1.2100000000000004,0.16373435432459216,0.9598163533476947
WHAMM,-1.1949999999999985,0.1411909026636918,0.9598163533476947
SUFU,-1.19,0.14920148455702784,0.9598163533476947
ARHGEF4,-1.1650000000000005,0.1587760164766323,0.9598163533476947
KRT17,-1.1449999999999998,0.16752903577943923,0.9598163533476947
CCDC149,-1.1350000000000011,0.1356744537684634,0.9598163533476947
RNF144A,-1.1300000000000017,0.1563398666990333,0.9598163533476947
CYP4V2,-1.125,0.13676421526040416,0.9598163533476947
LRFN1,-1.12,0.15155277059615146,0.9598163533476947
SNAPC4,-1.1099999999999959,0.15513247386896023,0.9598163533476947
KIF3A,-1.065000000000003,0.1345914108737743,0.9598163533476947
COL9A3,-1.0550000000000002,0.16248396359775308,0.9598163533476947
STK32B,-1.0450000000000002,0.1468781436406733,0.9598163533476947
CCDC40,-1.0349999999999993,0.1480363318168885,0.9598163533476947
DPYSL4,-1.01,0.1612407906902199,0.9598163533476947
FHDC1,-0.9899999999999998,0.14007403928228704,0.9598163533476947
GAB1,-0.9750000000000014,0.12616616751431461,0.9598163533476947
HOXD4,-0.9699999999999998,0.15513247386896023,0.9598163533476947
SULT1A4,-0.94,0.12927616973732528,0.9598163533476947
CYB561D1,-0.9149999999999991,0.13351506364510166,0.9598163533476947
GGT1,-0.9100000000000001,0.1480363318168885,0.9598163533476947
FAM149A,-0.8949999999999998,0.12927616973732528,0.9598163533476947
TBC1D24,-0.8750000000000036,0.1480363318168885,0.9598163533476947
ZBTB49,-0.8750000000000011,0.1282329538657391,0.9598163533476947
CX3CL1,-0.87,0.1539321743778432,0.9598163533476947
ATRNL1,-0.865,0.15155277059615146,0.9598163533476947
THSD1,-0.8499999999999999,0.14458257346139486,0.9598163533476947
PLCXD2,-0.8499999999999996,0.16373435432459216,0.9598163533476947
BOC,-0.8350000000000001,0.12616616751431461,0.9598163533476947
ZNF616,-0.8300000000000001,0.16248396359775308,0.9598163533476947
ZSCAN23,-0.8299999999999998,0.13032596533971735,0.9598163533476947
ZNF211,-0.8250000000000002,0.14458257346139486,0.9598163533476947
SAMD10,-0.8249999999999988,0.1411909026636918,0.9598163533476947
MAPK15,-0.7850000000000001,0.12616616751431461,0.9598163533476947
OGDHL,-0.7849999999999997,0.12927616973732528,0.9598163533476947
SETBP1,-0.7799999999999998,0.16752903577943923,0.9598163533476947
STOX2,-0.77,0.16248396359775308,0.9598163533476947
SLC30A1,-0.7449999999999957,0.14920148455702784,0.9598163533476947
ADHFE1,-0.7050000000000001,0.1612407906902199,0.9598163533476947
PDGFD,-0.7000000000000001,0.15155277059615146,0.9598163533476947
SYNGR3,-0.685,0.1662568703121846,0.9598163533476947
ADAM11,-0.6400000000000001,0.16499198317270547,0.9598163533476947
COL11A2,-0.635,0.16752903577943923,0.9598163533476947
ZNF425,-0.635,0.12927616973732528,0.9598163533476947
KNDC1,-0.6050000000000001,0.13032596533971735,0.9598163533476947
ZNF441,-0.6049999999999998,0.13244538906364642,0.9598163533476947
GNG7,-0.585,0.13786071819153903,0.9598163533476947
TRIM73,-0.5599999999999998,0.1434451474337457,0.9598163533476947
ZNF17,-0.5500000000000016,0.1434451474337457,0.9598163533476947
TP73,-0.5400000000000003,0.1563398666990333,0.9598163533476947
PARS2,-0.5249999999999999,0.1411909026636918,0.9598163533476947
NSG1,-0.5150000000000001,0.13676421526040416,0.9598163533476947
SLC16A10,-0.51,0.13032596533971735,0.9598163533476947
PPM1L,-0.5049999999999999,0.1313823640247707,0.9598163533476947
TTC30A,-0.5049999999999997,0.1480363318168885,0.9598163533476947
NECTIN4,-0.49500000000000005,0.14007403928228704,0.9598163533476947
RTP4,-0.475,0.1539321743778432,0.9598163533476947
PLEKHA8,-0.47499999999999964,0.14920148455702784,0.9598163533476947
FRK,-0.47,0.14007403928228704,0.9598163533476947
SYT17,-0.4550000000000001,0.1503736236054512,0.9598163533476947
LZTS1,-0.44499999999999995,0.1345914108737743,0.9598163533476947
EDN2,-0.44,0.13032596533971735,0.9598163533476947
SELPLG,-0.43499999999999983,0.16373435432459216,0.9598163533476947
ZNF77,-0.4299999999999988,0.1662568703121846,0.9598163533476947
BTBD9,-0.4249999999999998,0.16499198317270547,0.9598163533476947
TTC30B,-0.4249999999999994,0.12927616973732528,0.9598163533476947
ADRA2C,-0.3949999999999999,0.1411909026636918,0.9598163533476947
SSC4D,-0.3899999999999999,0.1411909026636918,0.9598163533476947
KLC3,-0.3850000000000001,0.1539321743778432,0.9598163533476947
SHISA2,-0.3849999999999999,0.1612407906902199,0.9598163533476947
PCDHAC2,-0.3849999999999999,0.1356744537684634,0.9598163533476947
ELAPOR1,-0.3699999999999999,0.16248396359775308,0.9598163533476947
ZKSCAN3,-0.36999999999999966,0.15513247386896023,0.9598163533476947
PLXNC1,-0.36500000000000005,0.12927616973732528,0.9598163533476947
ZNF483,-0.35999999999999993,0.15513247386896023,0.9598163533476947
P4HA3,-0.35499999999999987,0.13676421526040416,0.9598163533476947
ZNF486,-0.3499999999999999,0.15513247386896023,0.9598163533476947
TCP11L2,-0.3450000000000002,0.15513247386896023,0.9598163533476947
KCP,-0.345,0.14572689817543164,0.9598163533476947
CNTNAP3C,-0.345,0.14572689817543164,0.9598163533476947
IFITM10,-0.34499999999999986,0.14458257346139486,0.9598163533476947
MED12L,-0.335,0.14007403928228704,0.9598163533476947
EBLN2,-0.33499999999999996,0.1563398666990333,0.9598163533476947
FXYD6,-0.3349999999999999,0.1434451474337457,0.9598163533476947
DNAJC28,-0.33000000000000007,0.15513247386896023,0.9598163533476947
CNNM1,-0.32999999999999996,0.13896398531278334,0.9598163533476947
SYCE3,-0.3149999999999998,0.1539321743778432,0.9598163533476947
H2AC12,-0.3100000000000001,0.15273894705097582,0.9598163533476947
NNAT,-0.31000000000000005,0.15513247386896023,0.9598163533476947
RASD2,-0.305,0.16248396359775308,0.9598163533476947
WDR72,-0.305,0.1563398666990333,0.9598163533476947
PTGES3L-AARSD1,-0.29000000000000004,0.15755437392347904,0.9598163533476947
ENTPD1,-0.29000000000000004,0.1345914108737743,0.9598163533476947
CASKIN1,-0.28500000000000003,0.16752903577943923,0.9598163533476947
ZNF233,-0.28,0.16752903577943923,0.9598163533476947
TENM4,-0.2700000000000001,0.12927616973732528,0.9598163533476947
PADI3,-0.265,0.13244538906364642,0.9598163533476947
ELOVL3,-0.25,0.1587760164766323,0.9598163533476947
HLA-DRA,-0.2450000000000001,0.16752903577943923,0.9598163533476947
ZNF439,-0.24000000000000005,0.15273894705097582,0.9598163533476947
PLAAT1,-0.24,0.1563398666990333,0.9598163533476947
CFAP92,-0.21499999999999997,0.15273894705097582,0.9598163533476947
DNAH11,-0.21000000000000021,0.14458257346139486,0.9598163533476947
ZNF557,-0.20999999999999996,0.16752903577943923,0.9598163533476947
TRPM8,-0.2049999999999999,0.13896398531278334,0.9598163533476947
PDE7B,-0.1999999999999999,0.13032596533971735,0.9598163533476947
C5AR1,-0.1950000000000001,0.15273894705097582,0.9598163533476947
PRKCZ,-0.19499999999999673,0.15513247386896023,0.9598163533476947
RAB9B,-0.18999999999999997,0.16248396359775308,0.9598163533476947
KCNG3,-0.1899999999999999,0.1563398666990333,0.9598163533476947
ZNF853,-0.18000000000000008,0.1563398666990333,0.9598163533476947
ITGB7,-0.17499999999999993,0.16373435432459216,0.9598163533476947
ANKDD1B,-0.16500000000000012,0.1503736236054512,0.9598163533476947
ALG1L,-0.165,0.12927616973732528,0.9598163533476947
RASGEF1A,-0.16499999999999992,0.1662568703121846,0.9598163533476947
ALDH1L1,-0.1599999999999999,0.1345914108737743,0.9598163533476947
S100B,-0.1599999999999999,0.1434451474337457,0.9598163533476947
ADGRV1,-0.1550000000000002,0.13032596533971735,0.9598163533476947
PSG4,-0.15499999999999994,0.1563398666990333,0.9598163533476947
CFAP46,-0.15499999999999992,0.13244538906364642,0.9598163533476947
AC099489.1,-0.14999999999999988,0.16000481516995102,0.9598163533476947
H4C4,-0.1450000000000001,0.16499198317270547,0.9598163533476947
POLN,-0.135,0.14231459792438458,0.9598163533476947
PPP2R2B,-0.1349999999999999,0.1313823640247707,0.9598163533476947
ZNF385D,-0.1299999999999999,0.15755437392347904,0.9598163533476947
ZNF763,-0.1250000000000002,0.1503736236054512,0.9598163533476947
PDE4C,-0.1199999999999999,0.12927616973732528,0.9598163533476947
MAGEA2B,-0.11500000000000002,0.1503736236054512,0.9598163533476947
PDZRN3,-0.1100000000000001,0.1612407906902199,0.9598163533476947
FGF22,-0.1099999999999999,0.1345914108737743,0.9598163533476947
PTH1R,-0.10999999999999989,0.1480363318168885,0.9598163533476947
NUTM2B,-0.10499999999999998,0.15755437392347904,0.9598163533476947
CPEB3,-0.09999999999999992,0.13896398531278334,0.9598163533476947
NEB,-0.09999999999999987,0.1356744537684634,0.9598163533476947
SYT16,-0.09000000000000011,0.1662568703121846,0.9598163533476947
CES4A,-0.0900000000000001,0.12927616973732528,0.9598163533476947
PDE6B,-0.09000000000000005,0.1345914108737743,0.9598163533476947
WNT4,-0.08999999999999989,0.1313823640247707,0.9598163533476947
FOXP3,-0.0849999999999999,0.14458257346139486,0.9598163533476947
NEURL1,-0.0849999999999999,0.1411909026636918,0.9598163533476947
TECTA,-0.0800000000000001,0.14920148455702784,0.9598163533476947
ALOX12B,-0.0800000000000001,0.16752903577943923,0.9598163533476947
DNAH3,-0.08,0.1539321743778432,0.9598163533476947
GRM8,-0.08,0.1480363318168885,0.9598163533476947
KCNQ1,-0.07999999999999989,0.13786071819153903,0.9598163533476947
TAC4,-0.07000000000000009,0.16752903577943923,0.9598163533476947
WNK3,-0.07,0.1313823640247707,0.9598163533476947
MUC5B,-0.06999999999999999,0.16499198317270547,0.9598163533476947
FAM166B,-0.06999999999999978,0.13351506364510166,0.9598163533476947
PLP1,-0.065,0.1411909026636918,0.9598163533476947
SLC4A4,-0.06000000000000014,0.12616616751431461,0.9598163533476947
PCDHGB5,-0.06000000000000011,0.1468781436406733,0.9598163533476947
NPAS3,-0.060000000000000095,0.15755437392347904,0.9598163533476947
SYT15,-0.059999999999999915,0.1345914108737743,0.9598163533476947
LRRTM2,-0.05500000000000001,0.13896398531278334,0.9598163533476947
AQP5,-0.05500000000000001,0.1503736236054512,0.9598163533476947
HLA-DQA1,-0.0500000000000001,0.1356744537684634,0.9598163533476947
TTLL9,-0.05,0.15155277059615146,0.9598163533476947
SDS,-0.05,0.13786071819153903,0.9598163533476947
SLC3A1,-0.05,0.1411909026636918,0.9598163533476947
LGI3,-0.05,0.13351506364510166,0.9598163533476947
LRRN4CL,-0.05,0.1563398666990333,0.9598163533476947
PCDHAC1,-0.05,0.16373435432459216,0.9598163533476947
ABCC11,-0.049999999999999795,0.12927616973732528,0.9598163533476947
CD79B,-0.04500000000000001,0.13244538906364642,0.9598163533476947
ACVR1C,-0.045,0.15155277059615146,0.9598163533476947
KDM5D,-0.04,0.1411909026636918,0.9598163533476947
MAG,-0.04,0.14231459792438458,0.9598163533476947
CPA2,-0.04,0.14572689817543164,0.9598163533476947
HEYL,-0.04,0.15755437392347904,0.9598163533476947
CSMD3,-0.04,0.1468781436406733,0.9598163533476947
GJB4,-0.04,0.16752903577943923,0.9598163533476947
OR2A1,-0.04,0.14572689817543164,0.9598163533476947
CLDN10,-0.039999999999999994,0.1587760164766323,0.9598163533476947
NYNRIN,-0.035000000000000114,0.1563398666990333,0.9598163533476947
ONECUT1,-0.030000000000000006,0.1411909026636918,0.9598163533476947
EYA2,-0.03,0.16752903577943923,0.9598163533476947
ACR,-0.03,0.15513247386896023,0.9598163533476947
NKG7,-0.03,0.1563398666990333,0.9598163533476947
ALDH3B2,-0.03,0.16752903577943923,0.9598163533476947
CD1D,-0.03,0.1587760164766323,0.9598163533476947
GOLGA6A,-0.03,0.16499198317270547,0.9598163533476947
KLHDC8A,-0.03,0.1539321743778432,0.9598163533476947
DMRT2,-0.03,0.15273894705097582,0.9598163533476947
CPNE4,-0.03,0.13032596533971735,0.9598163533476947
CFHR1,-0.03,0.16499198317270547,0.9598163533476947
LMOD3,-0.025,0.15273894705097582,0.9598163533476947
NPY4R2,-0.025,0.15755437392347904,0.9598163533476947
ESR1,-0.020000000000000004,0.1271962942941139,0.9598163533476947
CPNE9,-0.020000000000000004,0.1468781436406733,0.9598163533476947
PRKY,-0.02,0.14231459792438458,0.9598163533476947
COL20A1,-0.02,0.1539321743778432,0.9598163533476947
SORCS1,-0.02,0.16248396359775308,0.9598163533476947
TTR,-0.02,0.14231459792438458,0.9598163533476947
PRDM7,-0.02,0.16499198317270547,0.9598163533476947
KANK4,-0.02,0.13351506364510166,0.9598163533476947
GDF7,-0.02,0.15273894705097582,0.9598163533476947
JAKMIP1,-0.02,0.16000481516995102,0.9598163533476947
GPR182,-0.02,0.1662568703121846,0.9598163533476947
ASCL2,-0.02,0.1539321743778432,0.9598163533476947
SRL,-0.02,0.1662568703121846,0.9598163533476947
VCX3B,-0.02,0.1468781436406733,0.9598163533476947
PSG3,-0.02,0.1480363318168885,0.9598163533476947
KRTAP5-8,-0.02,0.13351506364510166,0.9598163533476947
PDE6C,-0.015,0.15273894705097582,0.9598163533476947
FOXN4,-0.015,0.16000481516995102,0.9598163533476947
DIRAS2,-0.015,0.1612407906902199,0.9598163533476947
HS3ST5,-0.010000000000000002,0.15273894705097582,0.9598163533476947
FKBP6,-0.01,0.16000481516995102,0.9598163533476947
RBFOX1,-0.01,0.1313823640247707,0.9598163533476947
EFS,-0.01,0.16248396359775308,0.9598163533476947
BMX,-0.01,0.1434451474337457,0.9598163533476947
CHIT1,-0.01,0.16752903577943923,0.9598163533476947
KCNH5,-0.01,0.13244538906364642,0.9598163533476947
ABCG8,-0.01,0.14007403928228704,0.9598163533476947
CHRNA6,-0.01,0.14007403928228704,0.9598163533476947
RGS18,-0.01,0.1271962942941139,0.9598163533476947
TRIM63,-0.01,0.1563398666990333,0.9598163533476947
LEXM,-0.01,0.1480363318168885,0.9598163533476947
HCN1,-0.01,0.13351506364510166,0.9598163533476947
PROKR1,-0.01,0.1468781436406733,0.9598163533476947
KCNA3,-0.01,0.1662568703121846,0.9598163533476947
SH2D4B,-0.01,0.14572689817543164,0.9598163533476947
NUTM1,-0.01,0.12927616973732528,0.9598163533476947
POTEM,-0.01,0.1563398666990333,0.9598163533476947
ERVFRD-1,-0.01,0.1468781436406733,0.9598163533476947
TAS2R30,-0.009999999999999998,0.1563398666990333,0.9598163533476947
PSG7,-0.005,0.1539321743778432,0.9598163533476947
TRPC7,0.0,0.15513247386896023,0.9598163533476947
ACTL6B,0.0,0.13244538906364642,0.9598163533476947
CRYBA1,0.0,0.13676421526040416,0.9598163533476947
FOXN1,0.0,0.13786071819153903,0.9598163533476947
DAO,0.0,0.16373435432459216,0.9598163533476947
SV2C,0.0,0.1662568703121846,0.9598163533476947
GTSF1L,0.0,0.1563398666990333,0.9598163533476947
RNF17,0.0,0.1539321743778432,0.9598163533476947
IRS4,0.0,0.13351506364510166,0.9598163533476947
ANP32D,0.0,0.14231459792438458,0.9598163533476947
FAM163A,0.0,0.1587760164766323,0.9598163533476947
S100A7,0.0,0.12927616973732528,0.9598163533476947
BHMT,0.0,0.14458257346139486,0.9598163533476947
LGSN,0.0,0.16000481516995102,0.9598163533476947
PPP1R3A,0.0,0.1313823640247707,0.9598163533476947
NLRP4,0.0,0.13786071819153903,0.9598163533476947
CCDC42,0.0,0.15513247386896023,0.9598163533476947
SLC9C2,0.0,0.16373435432459216,0.9598163533476947
C4orf45,0.0,0.16752903577943923,0.9598163533476947
SERPINB12,0.0,0.16373435432459216,0.9598163533476947
CNGB3,0.0,0.16499198317270547,0.9598163533476947
KRT27,0.0,0.1468781436406733,0.9598163533476947
P2RY14,0.0,0.15755437392347904,0.9598163533476947
IFNW1,0.0,0.16752903577943923,0.9598163533476947
GP5,0.0,0.1662568703121846,0.9598163533476947
OR51E1,0.0,0.1468781436406733,0.9598163533476947
FAM153B,0.0,0.14007403928228704,0.9598163533476947
OR51B4,0.0,0.1612407906902199,0.9598163533476947
UGT2B17,0.0,0.1468781436406733,0.9598163533476947
POTEH,0.0,0.16373435432459216,0.9598163533476947
DCAF12L2,0.0,0.16752903577943923,0.9598163533476947
C20orf203,0.0,0.15513247386896023,0.9598163533476947
C9orf135,0.0,0.16752903577943923,0.9598163533476947
GMNC,0.0,0.1313823640247707,0.9598163533476947
OLIG2,0.0,0.14231459792438458,0.9598163533476947
TCL1B,0.0,0.15155277059615146,0.9598163533476947
RPTN,0.0,0.15513247386896023,0.9598163533476947
MTRNR2L1,0.0,0.1468781436406733,0.9598163533476947
GGTLC3,0.0,0.16373435432459216,0.9598163533476947
OR10A6,0.0,0.1468781436406733,0.9598163533476947
TRHR,0.009999999999999998,0.16373435432459216,0.9598163533476947
SELE,0.01,0.1612407906902199,0.9598163533476947
SLC26A3,0.01,0.1563398666990333,0.9598163533476947
KRT36,0.01,0.14458257346139486,0.9598163533476947
TAS2R1,0.01,0.1468781436406733,0.9598163533476947
KRT38,0.01,0.16373435432459216,0.9598163533476947
AMBN,0.01,0.16752903577943923,0.9598163533476947
C2orf78,0.01,0.13786071819153903,0.9598163533476947
BEND4,0.01,0.16373435432459216,0.9598163533476947
SMCO1,0.01,0.13676421526040416,0.9598163533476947
F13A1,0.019999999999999997,0.16499198317270547,0.9598163533476947
VIP,0.019999999999999997,0.1612407906902199,0.9598163533476947
PARP15,0.019999999999999997,0.14007403928228704,0.9598163533476947
VNN3,0.02,0.1468781436406733,0.9598163533476947
IL36RN,0.02,0.14007403928228704,0.9598163533476947
GZMA,0.02,0.16752903577943923,0.9598163533476947
PLET1,0.02,0.15755437392347904,0.9598163533476947
HAPLN1,0.03,0.16752903577943923,0.9598163533476947
MS4A15,0.03,0.14007403928228704,0.9598163533476947
AC010255.2,0.03,0.1539321743778432,0.9598163533476947
SPDYE11,0.03,0.1282329538657391,0.9598163533476947
CCIN,0.030000000000000002,0.1282329538657391,0.9598163533476947
NT5DC4,0.030000000000000006,0.1539321743778432,0.9598163533476947
RSPH10B,0.030000000000000096,0.13032596533971735,0.9598163533476947
LECT2,0.04,0.1662568703121846,0.9598163533476947
DNASE1L3,0.04,0.16373435432459216,0.9598163533476947
SNCAIP,0.0500000000000001,0.13676421526040416,0.9598163533476947
GNA15,0.06999999999999981,0.14572689817543164,0.9598163533476947
TDRD9,0.07000000000000009,0.15273894705097582,0.9598163533476947
PRAC1,0.09,0.1411909026636918,0.9598163533476947
C6orf58,0.0950000000000001,0.16000481516995102,0.9598163533476947
MEOX1,0.1000000000000001,0.14231459792438458,0.9598163533476947
KRT78,0.1000000000000001,0.1313823640247707,0.9598163533476947
HEATR4,0.10499999999999986,0.16752903577943923,0.9598163533476947
SPINK2,0.1099999999999999,0.16752903577943923,0.9598163533476947
FSCN3,0.13000000000000012,0.14458257346139486,0.9598163533476947
NOVA2,0.1499999999999999,0.1587760164766323,0.9598163533476947
MYOM1,0.17000000000000012,0.1468781436406733,0.9598163533476947
IL37,0.21,0.14231459792438458,0.9598163533476947
POC1B-GALNT4,0.235,0.13676421526040416,0.9598163533476947
TRIM54,0.23500000000000001,0.15273894705097582,0.9598163533476947
MATK,0.2599999999999999,0.1480363318168885,0.9598163533476947
DDN,0.28500000000000003,0.15755437392347904,0.9598163533476947
FLRT1,0.3199999999999999,0.13244538906364642,0.9598163533476947
ANXA10,0.375,0.12927616973732528,0.9598163533476947
DNAH17,0.4099999999999999,0.13032596533971735,0.9598163533476947
NBPF10,0.5000000000000004,0.1345914108737743,0.9598163533476947
HORMAD1,0.51,0.1411909026636918,0.9598163533476947
WT1,0.54,0.1411909026636918,0.9598163533476947
S100A5,0.585,0.15755437392347904,0.9598163533476947
GPR68,0.6800000000000002,0.1271962942941139,0.9598163533476947
DMRTA1,0.7200000000000002,0.15513247386896023,0.9598163533476947
H2AC11,0.7400000000000004,0.15273894705097582,0.9598163533476947
TSSK3,0.75,0.1345914108737743,0.9598163533476947
TTC26,0.7500000000000027,0.15155277059615146,0.9598163533476947
ZNF670,0.9299999999999997,0.13896398531278334,0.9598163533476947
SYNJ2BP-COX16,0.975000000000001,0.12927616973732528,0.9598163533476947
LRRCC1,1.0749999999999984,0.1612407906902199,0.9598163533476947
ZNF485,1.1649999999999983,0.13676421526040416,0.9598163533476947
CNOT9,1.1899999999999977,0.1539321743778432,0.9598163533476947
CCDC15,1.194999999999999,0.13896398531278334,0.9598163533476947
TIPIN,1.3699999999999992,0.15273894705097582,0.9598163533476947
DDTL,1.4349999999999996,0.1411909026636918,0.9598163533476947
C1orf53,1.4700000000000015,0.16000481516995102,0.9598163533476947
AGO3,1.4949999999999992,0.13896398531278334,0.9598163533476947
ZNF26,1.5400000000000018,0.14572689817543164,0.9598163533476947
EIF5A2,1.584999999999999,0.13676421526040416,0.9598163533476947
ATF7,1.5899999999999928,0.1612407906902199,0.9598163533476947
CDADC1,1.634999999999998,0.14572689817543164,0.9598163533476947
FERMT3,1.6350000000000016,0.1539321743778432,0.9598163533476947
PSTK,1.6399999999999988,0.15155277059615146,0.9598163533476947
TRIM36,1.6799999999999993,0.15755437392347904,0.9598163533476947
ZNF142,1.7499999999999982,0.15513247386896023,0.9598163533476947
MTMR1,1.7550000000000026,0.16499198317270547,0.9598163533476947
SRBD1,1.7650000000000032,0.16373435432459216,0.9598163533476947
ZNF16,1.7700000000000031,0.15155277059615146,0.9598163533476947
SNIP1,1.7750000000000012,0.12927616973732528,0.9598163533476947
DMC1,1.7799999999999998,0.1587760164766323,0.9598163533476947
RNF135,1.9050000000000011,0.14920148455702784,0.9598163533476947
NUFIP1,1.9450000000000003,0.16248396359775308,0.9598163533476947
KIF20B,1.9499999999999993,0.12927616973732528,0.9598163533476947
GRAMD1B,1.9699999999999998,0.14007403928228704,0.9598163533476947
PSCA,1.9749999999999992,0.1411909026636918,0.9598163533476947
IGDCC4,2.0349999999999997,0.1434451474337457,0.9598163533476947
METTL1,2.0800000000000054,0.1612407906902199,0.9598163533476947
GSKIP,2.094999999999999,0.1503736236054512,0.9598163533476947
TRMT5,2.1249999999999982,0.14231459792438458,0.9598163533476947
SPATA5L1,2.125,0.16373435432459216,0.9598163533476947
LIN9,2.2750000000000004,0.1282329538657391,0.9598163533476947
BRCA2,2.450000000000001,0.14231459792438458,0.9598163533476947
TOE1,2.469999999999997,0.1313823640247707,0.9598163533476947
STEAP2,2.54,0.14458257346139486,0.9598163533476947
ARMC1,2.6700000000000017,0.1282329538657391,0.9598163533476947
BRCC3,2.754999999999992,0.1587760164766323,0.9598163533476947
KIF14,2.7699999999999925,0.14007403928228704,0.9598163533476947
PITPNC1,2.7899999999999983,0.13351506364510166,0.9598163533476947
RPAP2,2.84,0.1271962942941139,0.9598163533476947
ZC3H3,2.9200000000000026,0.1480363318168885,0.9598163533476947
FAR2,3.0200000000000022,0.16248396359775308,0.9598163533476947
CREB3L1,3.110000000000001,0.15155277059615146,0.9598163533476947
AC069544.2,3.2349999999999905,0.1662568703121846,0.9598163533476947
GALC,3.365000000000002,0.12616616751431461,0.9598163533476947
DMAC2L,3.4049999999999994,0.1434451474337457,0.9598163533476947
C16orf74,3.4849999999999977,0.15155277059615146,0.9598163533476947
WDR44,3.5150000000000006,0.15155277059615146,0.9598163533476947
BTBD7,3.6200000000000028,0.15155277059615146,0.9598163533476947
TIFA,3.630000000000001,0.13676421526040416,0.9598163533476947
PRKCH,3.830000000000002,0.14920148455702784,0.9598163533476947
HHEX,3.939999999999999,0.15155277059615146,0.9598163533476947
RAD51,3.9499999999999957,0.12616616751431461,0.9598163533476947
HSPA14,3.9550000000000054,0.1480363318168885,0.9598163533476947
FAM210A,3.9800000000000075,0.16373435432459216,0.9598163533476947
MDN1,3.9900000000000038,0.1282329538657391,0.9598163533476947
PIGW,3.9949999999999974,0.14007403928228704,0.9598163533476947
HPDL,4.04,0.1563398666990333,0.9598163533476947
RCE1,4.11000000000001,0.13786071819153903,0.9598163533476947
DCAF4,4.185000000000002,0.13032596533971735,0.9598163533476947
PHETA2,4.399999999999998,0.16373435432459216,0.9598163533476947
JMJD1C,4.530000000000008,0.12927616973732528,0.9598163533476947
ZNF277,4.580000000000004,0.14920148455702784,0.9598163533476947
BOD1,4.609999999999978,0.14458257346139486,0.9598163533476947
FIBCD1,4.649999999999999,0.16000481516995102,0.9598163533476947
ZFAND2B,4.719999999999995,0.1539321743778432,0.9598163533476947
PDSS1,4.725000000000012,0.16499198317270547,0.9598163533476947
COL17A1,4.729999999999999,0.12616616751431461,0.9598163533476947
MLF1,4.740000000000004,0.16373435432459216,0.9598163533476947
MAP1S,4.775000000000002,0.1356744537684634,0.9598163533476947
EAPP,4.794999999999995,0.13676421526040416,0.9598163533476947
MRPL22,4.90499999999998,0.1612407906902199,0.9598163533476947
RUFY1,5.210000000000015,0.1282329538657391,0.9598163533476947
HOXA3,5.23,0.1313823640247707,0.9598163533476947
PYROXD1,5.24,0.1539321743778432,0.9598163533476947
ZNF274,5.284999999999998,0.14007403928228704,0.9598163533476947
ZNHIT6,5.294999999999998,0.1587760164766323,0.9598163533476947
POLR1A,5.315000000000005,0.1468781436406733,0.9598163533476947
KIF18A,5.340000000000003,0.14007403928228704,0.9598163533476947
PDCD2L,5.41,0.16248396359775308,0.9598163533476947
CENPQ,5.625,0.13896398531278334,0.9598163533476947
SLC35F2,5.735000000000003,0.15155277059615146,0.9598163533476947
MAT2B,5.784999999999982,0.14231459792438458,0.9598163533476947
TMEM51,5.789999999999999,0.13244538906364642,0.9598163533476947
ZC3H4,5.914999999999999,0.1587760164766323,0.9598163533476947
EMC8,6.040000000000006,0.13676421526040416,0.9598163533476947
MPHOSPH6,6.094999999999963,0.14458257346139486,0.9598163533476947
ISY1,6.14500000000001,0.1503736236054512,0.9598163533476947
SLC10A3,6.164999999999996,0.14920148455702784,0.9598163533476947
RFWD3,6.359999999999992,0.1587760164766323,0.9598163533476947
DSCC1,6.554999999999996,0.1356744537684634,0.9598163533476947
RNF166,6.614999999999998,0.1313823640247707,0.9598163533476947
MNAT1,6.63499999999997,0.1313823640247707,0.9598163533476947
ARRB2,6.670000000000009,0.14920148455702784,0.9598163533476947
FZD7,6.780000000000001,0.1587760164766323,0.9598163533476947
MIS18A,6.834999999999987,0.14920148455702784,0.9598163533476947
CWC27,6.954999999999995,0.1612407906902199,0.9598163533476947
BHLHE41,7.130000000000001,0.14458257346139486,0.9598163533476947
DEPDC1B,7.18,0.15155277059615146,0.9598163533476947
CHAC1,7.259999999999996,0.14920148455702784,0.9598163533476947
ADCK1,7.265000000000002,0.1587760164766323,0.9598163533476947
HDAC9,7.269999999999998,0.16752903577943923,0.9598163533476947
CEP57L1,7.3100000000000005,0.1563398666990333,0.9598163533476947
SNRPB,7.319999999999936,0.15155277059615146,0.9598163533476947
VAC14,7.324999999999996,0.15155277059615146,0.9598163533476947
SAPCD1,7.440000000000005,0.12927616973732528,0.9598163533476947
CDCA7L,7.6000000000000085,0.12927616973732528,0.9598163533476947
CDK17,7.695,0.12616616751431461,0.9598163533476947
PITX1,7.8349999999999955,0.1411909026636918,0.9598163533476947
SLC39A9,8.005000000000006,0.1434451474337457,0.9598163533476947
NECAP2,8.030000000000001,0.16373435432459216,0.9598163533476947
GPSM2,8.135000000000003,0.16373435432459216,0.9598163533476947
KIF11,8.170000000000002,0.1356744537684634,0.9598163533476947
PDE6D,8.24499999999999,0.14007403928228704,0.9598163533476947
C17orf75,8.510000000000005,0.1503736236054512,0.9598163533476947
FKBP5,8.684999999999999,0.13244538906364642,0.9598163533476947
KLHDC4,8.685000000000016,0.1612407906902199,0.9598163533476947
GTF3C2,8.795000000000002,0.14007403928228704,0.9598163533476947
CIT,8.870000000000005,0.14231459792438458,0.9598163533476947
CDK11A,8.990000000000009,0.1587760164766323,0.9598163533476947
NXF1,9.335,0.14458257346139486,0.9598163533476947
PPP6R3,9.449999999999989,0.1587760164766323,0.9598163533476947
FEN1,9.530000000000058,0.14231459792438458,0.9598163533476947
GNL2,9.655000000000037,0.16373435432459216,0.9598163533476947
GPSM3,9.885000000000002,0.16752903577943923,0.9598163533476947
MASTL,9.949999999999992,0.1434451474337457,0.9598163533476947
MLLT10,10.010000000000012,0.12927616973732528,0.9598163533476947
CCDC86,10.244999999999997,0.15155277059615146,0.9598163533476947
CTSS,10.375000000000004,0.1434451474337457,0.9598163533476947
PITRM1,10.549999999999997,0.1662568703121846,0.9598163533476947
RECQL4,10.945000000000014,0.13786071819153903,0.9598163533476947
DR1,11.11,0.13351506364510166,0.9598163533476947
FCF1,11.164999999999985,0.1587760164766323,0.9598163533476947
MRPL13,11.165000000000049,0.14007403928228704,0.9598163533476947
ATP6V1D,11.259999999999991,0.1468781436406733,0.9598163533476947
DPF2,11.289999999999985,0.14007403928228704,0.9598163533476947
DCUN1D5,11.385000000000005,0.1539321743778432,0.9598163533476947
FEZ2,11.389999999999958,0.16373435432459216,0.9598163533476947
ARID1A,11.404999999999994,0.1662568703121846,0.9598163533476947
FANCG,11.454999999999977,0.13786071819153903,0.9598163533476947
ERG28,11.545000000000002,0.14007403928228704,0.9598163533476947
SNRPA1,11.569999999999993,0.1662568703121846,0.9598163533476947
LOXL1,11.740000000000002,0.1539321743778432,0.9598163533476947
FBXO5,12.030000000000005,0.1662568703121846,0.9598163533476947
RPA2,12.194999999999993,0.14458257346139486,0.9598163533476947
TFAM,12.235,0.1662568703121846,0.9598163533476947
EIF5B,12.235,0.1662568703121846,0.9598163533476947
CMAS,12.449999999999982,0.1313823640247707,0.9598163533476947
UACA,12.80500000000001,0.1662568703121846,0.9598163533476947
PNRC2,12.859999999999971,0.1271962942941139,0.9598163533476947
TRIP13,13.04,0.12616616751431461,0.9598163533476947
CDK11B,13.510000000000005,0.13786071819153903,0.9598163533476947
PUS1,13.985000000000014,0.13676421526040416,0.9598163533476947
TBL1XR1,14.125,0.1563398666990333,0.9598163533476947
METTL17,14.149999999999999,0.1563398666990333,0.9598163533476947
NOB1,14.45499999999997,0.1612407906902199,0.9598163533476947
TAF2,14.549999999999983,0.14920148455702784,0.9598163533476947
EXOSC8,15.030000000000001,0.14007403928228704,0.9598163533476947
NAE1,15.249999999999993,0.13786071819153903,0.9598163533476947
ACD,15.31499999999999,0.1539321743778432,0.9598163533476947
TBC1D1,15.379999999999995,0.1612407906902199,0.9598163533476947
MRPL16,15.754999999999995,0.1480363318168885,0.9598163533476947
PPP1R16A,17.345,0.14231459792438458,0.9598163533476947
GGH,17.359999999999985,0.13351506364510166,0.9598163533476947
RBM17,18.874999999999986,0.1662568703121846,0.9598163533476947
DCAF13,19.435000000000016,0.15155277059615146,0.9598163533476947
TMPO,19.909999999999997,0.1313823640247707,0.9598163533476947
RELA,20.52499999999999,0.1468781436406733,0.9598163533476947
SHCBP1,20.530000000000015,0.13351506364510166,0.9598163533476947
RPS6KA4,20.54500000000003,0.1612407906902199,0.9598163533476947
PFAS,20.694999999999986,0.14007403928228704,0.9598163533476947
CPNE2,21.030000000000012,0.14007403928228704,0.9598163533476947
PHF19,21.169999999999973,0.13786071819153903,0.9598163533476947
PSMB2,21.334999999999987,0.1503736236054512,0.9598163533476947
POLR2G,21.764999999999958,0.1468781436406733,0.9598163533476947
ATAD3B,21.850000000000012,0.1468781436406733,0.9598163533476947
SLIRP,21.985000000000127,0.14920148455702784,0.9598163533476947
E2F4,22.015000000000043,0.14458257346139486,0.9598163533476947
TPRKB,25.049999999999983,0.1411909026636918,0.9598163533476947
NDUFA12,25.095000000000084,0.1468781436406733,0.9598163533476947
AAMP,25.130000000000038,0.1662568703121846,0.9598163533476947
BCCIP,25.77499999999999,0.14007403928228704,0.9598163533476947
SRRT,26.34499999999997,0.14458257346139486,0.9598163533476947
HNRNPAB,26.644999999999953,0.14920148455702784,0.9598163533476947
NCAPG2,26.825000000000024,0.16248396359775308,0.9598163533476947
FHL1,26.96,0.1662568703121846,0.9598163533476947
TOP2A,27.80499999999998,0.1356744537684634,0.9598163533476947
MRPL21,28.86,0.13786071819153903,0.9598163533476947
DNAJB6,28.919999999999987,0.1612407906902199,0.9598163533476947
NOSIP,29.720000000000063,0.1587760164766323,0.9598163533476947
LRPPRC,30.235000000000042,0.1356744537684634,0.9598163533476947
IMPDH2,30.34499999999997,0.16373435432459216,0.9598163533476947
KIFC1,30.764999999999986,0.14007403928228704,0.9598163533476947
NUDC,31.03,0.1271962942941139,0.9598163533476947
ALYREF,31.120000000000033,0.13786071819153903,0.9598163533476947
RBM4,32.41500000000002,0.1468781436406733,0.9598163533476947
MAP2K1,33.794999999999995,0.1539321743778432,0.9598163533476947
STK25,34.19999999999999,0.16373435432459216,0.9598163533476947
TARS1,36.069999999999936,0.1356744537684634,0.9598163533476947
TFPI,36.500000000000014,0.1503736236054512,0.9598163533476947
ZWINT,37.17500000000004,0.16000481516995102,0.9598163533476947
TMEM54,38.69500000000002,0.1612407906902199,0.9598163533476947
ODC1,43.834999999999994,0.15155277059615146,0.9598163533476947
PRC1,43.985000000000014,0.1612407906902199,0.9598163533476947
KIF2C,44.155000000000015,0.1563398666990333,0.9598163533476947
CENPN,44.66,0.14007403928228704,0.9598163533476947
DDX39B,44.950000000000045,0.1539321743778432,0.9598163533476947
HNRNPD,45.99000000000015,0.1612407906902199,0.9598163533476947
U2AF1,46.42499999999998,0.16373435432459216,0.9598163533476947
EIF3D,47.809999999999974,0.13351506364510166,0.9598163533476947
YARS1,52.04500000000003,0.1539321743778432,0.9598163533476947
ACIN1,55.24000000000001,0.14007403928228704,0.9598163533476947
PPP1CA,61.009999999999934,0.1539321743778432,0.9598163533476947
PUF60,66.32500000000002,0.14458257346139486,0.9598163533476947
SFPQ,66.95999999999987,0.16373435432459216,0.9598163533476947
RPS28,75.42500000000047,0.14231459792438458,0.9598163533476947
S100A2,79.16499999999998,0.12927616973732528,0.9598163533476947
SRI,79.3549999999999,0.1587760164766323,0.9598163533476947
SNRPG,79.96999999999991,0.13351506364510166,0.9598163533476947
PFDN2,108.4149999999999,0.1356744537684634,0.9598163533476947
PHGDH,114.22499999999992,0.13786071819153903,0.9598163533476947
YWHAE,136.9849999999998,0.13786071819153903,0.9598163533476947
NUCKS1,137.5650000000001,0.1356744537684634,0.9598163533476947
MYL12B,158.69999999999948,0.14920148455702784,0.9598163533476947
TPM3,170.0999999999989,0.13351506364510166,0.9598163533476947
RPL28,174.90000000000282,0.1313823640247707,0.9598163533476947
RPL23A,182.1499999999985,0.12927616973732528,0.9598163533476947
RPL6,185.04999999999768,0.1587760164766323,0.9598163533476947
RACK1,264.29999999999995,0.13786071819153903,0.9598163533476947
RPS13,365.79999999999836,0.13351506364510166,0.9598163533476947
RPL32,389.99999999999955,0.12927616973732528,0.9598163533476947
RPL12,698.6500000000003,0.1271962942941139,0.9598163533476947
RPL4,709.4499999999971,0.16373435432459216,0.9598163533476947
ATP5MD,-97.3049999999999,0.16880849947539134,0.9599826756833143
NDUFB3,-48.224999999999994,0.16880849947539134,0.9599826756833143
GAA,-17.105,0.16880849947539134,0.9599826756833143
ALKBH2,-7.954999999999998,0.16880849947539134,0.9599826756833143
SPSB3,-5.669999999999998,0.16880849947539134,0.9599826756833143
SSH1,-3.5099999999999962,0.16880849947539134,0.9599826756833143
COG2,-2.905000000000003,0.16880849947539134,0.9599826756833143
CRYZL1,-2.8050000000000033,0.16880849947539134,0.9599826756833143
ABCA1,-2.0649999999999995,0.16880849947539134,0.9599826756833143
ZNF197,-0.6849999999999987,0.16880849947539134,0.9599826756833143
LOXL4,-0.6550000000000001,0.16880849947539134,0.9599826756833143
USP38,-0.6400000000000041,0.16880849947539134,0.9599826756833143
TMEM191C,-0.48999999999999977,0.16880849947539134,0.9599826756833143
PCDHB7,-0.095,0.16880849947539134,0.9599826756833143
ZBTB8B,-0.02,0.16880849947539134,0.9599826756833143
NKX2-2,-0.01,0.16880849947539134,0.9599826756833143
CDH22,0.0,0.16880849947539134,0.9599826756833143
RPP38,2.429999999999996,0.16880849947539134,0.9599826756833143
MTERF4,3.309999999999988,0.16880849947539134,0.9599826756833143
UCHL5,3.664999999999985,0.16880849947539134,0.9599826756833143
GCLM,10.605000000000004,0.16880849947539134,0.9599826756833143
DDIT3,15.305000000000007,0.16880849947539134,0.9599826756833143
ZFAND2A,15.910000000000004,0.16880849947539134,0.9599826756833143
JPT1,36.12500000000006,0.16880849947539134,0.9599826756833143
TMEM109,43.73500000000003,0.16880849947539134,0.9599826756833143
HINT1,-86.8950000000001,0.18473837676194893,0.960889882165877
PTTG1IP,-73.39,0.18473837676194893,0.960889882165877
DPP7,-63.085,0.17663964137843047,0.960889882165877
DDOST,-57.42999999999978,0.17663964137843047,0.960889882165877
NDUFB7,-54.08999999999983,0.1713894004687968,0.960889882165877
SYNGR2,-44.455000000000005,0.1820088167227667,0.960889882165877
HMGCS1,-29.474999999999987,0.1779707381404677,0.960889882165877
DBNL,-23.48499999999997,0.1793092872440375,0.960889882165877
CS,-21.555000000000064,0.1739997297213397,0.960889882165877
SMARCE1,-19.830000000000055,0.1713894004687968,0.960889882165877
ADGRE5,-15.030000000000001,0.1793092872440375,0.960889882165877
MTX1,-15.020000000000003,0.1793092872440375,0.960889882165877
ARF3,-14.905000000000072,0.1739997297213397,0.960889882165877
ZRANB2,-13.764999999999986,0.17663964137843047,0.960889882165877
MRPL43,-13.105000000000004,0.1713894004687968,0.960889882165877
NDUFA2,-12.995000000000005,0.1779707381404677,0.960889882165877
EDEM2,-12.204999999999998,0.1726908768743891,0.960889882165877
GLT8D1,-11.84000000000001,0.1833698338356632,0.960889882165877
CRYZ,-11.740000000000013,0.1739997297213397,0.960889882165877
MYO18A,-10.835000000000012,0.1753159782060123,0.960889882165877
SARS2,-8.805000000000003,0.1779707381404677,0.960889882165877
SGCE,-8.284999999999982,0.1833698338356632,0.960889882165877
PIK3R2,-8.255000000000006,0.1700952811636689,0.960889882165877
LAMTOR5,-8.079999999999927,0.17663964137843047,0.960889882165877
PPME1,-7.990000000000013,0.1739997297213397,0.960889882165877
SMARCC2,-7.744999999999997,0.1713894004687968,0.960889882165877
SUPT6H,-7.210000000000001,0.1739997297213397,0.960889882165877
DNAJC10,-6.960000000000004,0.1820088167227667,0.960889882165877
SDCCAG8,-6.875,0.1793092872440375,0.960889882165877
KAT2A,-6.729999999999993,0.1713894004687968,0.960889882165877
LARP4,-6.635000000000002,0.1820088167227667,0.960889882165877
UCP2,-6.5900000000000025,0.18473837676194893,0.960889882165877
LMBRD1,-6.554999999999998,0.1793092872440375,0.960889882165877
RMDN3,-6.090000000000003,0.18473837676194893,0.960889882165877
PKP4,-5.799999999999994,0.1820088167227667,0.960889882165877
CPNE3,-5.744999999999997,0.17663964137843047,0.960889882165877
GTF2H1,-5.650000000000013,0.1753159782060123,0.960889882165877
TNFAIP1,-5.559999999999992,0.18473837676194893,0.960889882165877
PLK3,-5.474999999999996,0.1700952811636689,0.960889882165877
MFSD6,-5.185000000000001,0.1726908768743891,0.960889882165877
PREP,-5.070000000000004,0.1713894004687968,0.960889882165877
PPIL2,-5.060000000000002,0.1753159782060123,0.960889882165877
SORBS2,-4.970000000000001,0.1820088167227667,0.960889882165877
INPP4B,-4.589999999999999,0.1779707381404677,0.960889882165877
HDHD2,-4.514999999999999,0.1713894004687968,0.960889882165877
NPRL2,-4.470000000000002,0.1739997297213397,0.960889882165877
AMDHD2,-4.444999999999993,0.1739997297213397,0.960889882165877
MRAS,-4.345000000000006,0.1779707381404677,0.960889882165877
GALT,-4.179999999999996,0.17663964137843047,0.960889882165877
MRTFA,-4.1150000000000055,0.1793092872440375,0.960889882165877
PARVA,-3.859999999999994,0.1820088167227667,0.960889882165877
LRRC8D,-3.8049999999999926,0.1833698338356632,0.960889882165877
IFT81,-3.7950000000000017,0.1713894004687968,0.960889882165877
DNM1,-3.795,0.1820088167227667,0.960889882165877
UCK1,-3.769999999999996,0.1739997297213397,0.960889882165877
SIPA1L3,-3.664999999999999,0.1793092872440375,0.960889882165877
MED25,-3.650000000000002,0.1793092872440375,0.960889882165877
LRP3,-3.5900000000000007,0.1753159782060123,0.960889882165877
CALCOCO1,-3.5350000000000037,0.1726908768743891,0.960889882165877
TRMT2A,-3.4549999999999983,0.17663964137843047,0.960889882165877
CERT1,-3.4300000000000086,0.1700952811636689,0.960889882165877
ATXN7L3,-3.4150000000000027,0.1779707381404677,0.960889882165877
DBP,-3.3349999999999995,0.1820088167227667,0.960889882165877
SYNRG,-3.299999999999997,0.1753159782060123,0.960889882165877
ZNF672,-3.284999999999995,0.1820088167227667,0.960889882165877
ZFC3H1,-3.2650000000000112,0.1726908768743891,0.960889882165877
MON2,-3.265000000000004,0.1820088167227667,0.960889882165877
HEATR5A,-3.225000000000003,0.17663964137843047,0.960889882165877
CIB2,-3.1000000000000014,0.1700952811636689,0.960889882165877
POMGNT2,-3.0700000000000003,0.1713894004687968,0.960889882165877
UXS1,-3.069999999999993,0.1739997297213397,0.960889882165877
PGAP3,-3.0650000000000013,0.1820088167227667,0.960889882165877
FAM241B,-3.0299999999999976,0.1793092872440375,0.960889882165877
TXNDC11,-2.975000000000005,0.1726908768743891,0.960889882165877
GPCPD1,-2.9650000000000016,0.17663964137843047,0.960889882165877
PPP1R3B,-2.835000000000001,0.1779707381404677,0.960889882165877
CFAP410,-2.8249999999999993,0.1753159782060123,0.960889882165877
FUT11,-2.7400000000000038,0.1820088167227667,0.960889882165877
CLCC1,-2.7099999999999973,0.1726908768743891,0.960889882165877
SNX1,-2.4799999999999827,0.1739997297213397,0.960889882165877
CDK13,-2.395000000000003,0.1753159782060123,0.960889882165877
ZNF862,-2.3700000000000006,0.1833698338356632,0.960889882165877
CCDC97,-2.3650000000000038,0.1739997297213397,0.960889882165877
COQ10A,-2.345000000000006,0.1793092872440375,0.960889882165877
GPR137B,-2.3350000000000017,0.1806553072892827,0.960889882165877
ZNF444,-2.220000000000004,0.1820088167227667,0.960889882165877
GMCL1,-2.205000000000002,0.1833698338356632,0.960889882165877
PYROXD2,-2.1300000000000017,0.1700952811636689,0.960889882165877
SPHK2,-2.1099999999999977,0.18473837676194893,0.960889882165877
PAQR6,-2.1,0.1739997297213397,0.960889882165877
PIGU,-2.0400000000000027,0.1793092872440375,0.960889882165877
AGGF1,-2.035,0.1753159782060123,0.960889882165877
S1PR3,-2.01,0.18473837676194893,0.960889882165877
TMTC3,-1.96,0.1806553072892827,0.960889882165877
ANO8,-1.950000000000001,0.1726908768743891,0.960889882165877
KCTD7,-1.835,0.1820088167227667,0.960889882165877
IL11RA,-1.709999999999999,0.1713894004687968,0.960889882165877
MPND,-1.7050000000000054,0.1700952811636689,0.960889882165877
VPS13D,-1.6349999999999998,0.1739997297213397,0.960889882165877
BTBD3,-1.5149999999999988,0.1726908768743891,0.960889882165877
NCOA1,-1.4799999999999995,0.1833698338356632,0.960889882165877
MSRA,-1.455000000000001,0.1806553072892827,0.960889882165877
TMSB15A,-1.4299999999999997,0.1753159782060123,0.960889882165877
ZNF708,-1.4200000000000004,0.18473837676194893,0.960889882165877
CPEB2,-1.3950000000000014,0.1713894004687968,0.960889882165877
DIPK1A,-1.2600000000000007,0.1779707381404677,0.960889882165877
DCUN1D2,-1.2449999999999974,0.1700952811636689,0.960889882165877
SAMD11,-1.2349999999999999,0.18473837676194893,0.960889882165877
SEMA5A,-1.2150000000000005,0.17663964137843047,0.960889882165877
ITGA1,-1.2000000000000002,0.1833698338356632,0.960889882165877
MAGEE1,-1.2,0.1726908768743891,0.960889882165877
ABAT,-1.1999999999999997,0.1713894004687968,0.960889882165877
EIF4E3,-1.1,0.1753159782060123,0.960889882165877
STXBP4,-1.0650000000000004,0.1833698338356632,0.960889882165877
ANKRD16,-0.9950000000000001,0.1779707381404677,0.960889882165877
ZNF417,-0.9900000000000002,0.1739997297213397,0.960889882165877
ARAP2,-0.9100000000000001,0.1739997297213397,0.960889882165877
MAPT,-0.8999999999999997,0.1793092872440375,0.960889882165877
CCDC134,-0.8700000000000001,0.18473837676194893,0.960889882165877
RINL,-0.8599999999999999,0.1700952811636689,0.960889882165877
ZNF627,-0.8450000000000006,0.1833698338356632,0.960889882165877
ST6GALNAC2,-0.825,0.1833698338356632,0.960889882165877
ACVR2A,-0.805000000000001,0.1700952811636689,0.960889882165877
ZNF586,-0.7850000000000001,0.17663964137843047,0.960889882165877
ERCC4,-0.6949999999999994,0.1833698338356632,0.960889882165877
ZNF700,-0.6949999999999985,0.18473837676194893,0.960889882165877
C4orf19,-0.6799999999999999,0.1713894004687968,0.960889882165877
C1GALT1C1L,-0.6649999999999998,0.1806553072892827,0.960889882165877
DCLK1,-0.6000000000000001,0.1779707381404677,0.960889882165877
TLCD4-RWDD3,-0.5599999999999998,0.1726908768743891,0.960889882165877
OSBPL11,-0.5500000000000043,0.18473837676194893,0.960889882165877
FIGN,-0.5300000000000002,0.1726908768743891,0.960889882165877
CCDC102B,-0.5049999999999999,0.1753159782060123,0.960889882165877
TBC1D3B,-0.4500000000000002,0.18473837676194893,0.960889882165877
SLC2A13,-0.43500000000000005,0.1793092872440375,0.960889882165877
NLGN1,-0.40500000000000014,0.1753159782060123,0.960889882165877
P2RX6,-0.4049999999999999,0.1713894004687968,0.960889882165877
FAM124A,-0.37,0.1753159782060123,0.960889882165877
YPEL4,-0.35499999999999987,0.1739997297213397,0.960889882165877
TIAF1,-0.3399999999999999,0.17663964137843047,0.960889882165877
FES,-0.24499999999999988,0.1833698338356632,0.960889882165877
HPX,-0.24000000000000002,0.1726908768743891,0.960889882165877
ANKRD24,-0.22,0.1833698338356632,0.960889882165877
BEX1,-0.20999999999999996,0.1833698338356632,0.960889882165877
SRPK3,-0.19,0.1806553072892827,0.960889882165877
CACNA2D2,-0.16999999999999998,0.1833698338356632,0.960889882165877
CCDC144A,-0.1599999999999999,0.18473837676194893,0.960889882165877
SPATA17,-0.15499999999999992,0.1833698338356632,0.960889882165877
CD72,-0.1500000000000001,0.1753159782060123,0.960889882165877
SLITRK6,-0.1499999999999999,0.1753159782060123,0.960889882165877
CHI3L2,-0.13999999999999999,0.18473837676194893,0.960889882165877
RNF180,-0.1399999999999999,0.17663964137843047,0.960889882165877
LRRC17,-0.12999999999999998,0.17663964137843047,0.960889882165877
ESYT3,-0.11499999999999988,0.1820088167227667,0.960889882165877
RIPOR3,-0.10000000000000009,0.17663964137843047,0.960889882165877
ACTN2,-0.0999999999999999,0.1726908768743891,0.960889882165877
TFF1,-0.09000000000000014,0.18473837676194893,0.960889882165877
SKIDA1,-0.09000000000000014,0.18473837676194893,0.960889882165877
SPAG17,-0.075,0.1806553072892827,0.960889882165877
MAOB,-0.06999999999999999,0.1779707381404677,0.960889882165877
MYCN,-0.06999999999999999,0.1726908768743891,0.960889882165877
KCNC1,-0.06999999999999991,0.1779707381404677,0.960889882165877
C2orf66,-0.0699999999999999,0.18473837676194893,0.960889882165877
ROPN1B,-0.06500000000000006,0.1833698338356632,0.960889882165877
IQUB,-0.06000000000000011,0.1820088167227667,0.960889882165877
PIP5K1B,-0.06,0.17663964137843047,0.960889882165877
C1orf194,-0.06,0.1833698338356632,0.960889882165877
SLC47A2,-0.06,0.17663964137843047,0.960889882165877
DNAJB13,-0.059999999999999915,0.1833698338356632,0.960889882165877
CD27,-0.055000000000000104,0.1833698338356632,0.960889882165877
POU3F2,-0.05,0.1753159782060123,0.960889882165877
CT45A10,-0.05,0.1739997297213397,0.960889882165877
IGFBPL1,-0.049999999999999996,0.18473837676194893,0.960889882165877
ENPEP,-0.049999999999999996,0.18473837676194893,0.960889882165877
RFPL2,-0.04000000000000001,0.1779707381404677,0.960889882165877
SDK2,-0.04,0.1779707381404677,0.960889882165877
ESRRG,-0.04,0.1779707381404677,0.960889882165877
FOXJ1,-0.039999999999999994,0.1779707381404677,0.960889882165877
TSHZ2,-0.039999999999999994,0.1793092872440375,0.960889882165877
FAT2,-0.03499999999999992,0.1806553072892827,0.960889882165877
CSF3R,-0.030000000000000002,0.1820088167227667,0.960889882165877
CLDN18,-0.03,0.1779707381404677,0.960889882165877
FYB2,-0.03,0.1820088167227667,0.960889882165877
LRRN3,-0.024999999999999998,0.1820088167227667,0.960889882165877
NPFFR2,-0.02,0.1793092872440375,0.960889882165877
OR1J1,-0.02,0.1700952811636689,0.960889882165877
CYP2F1,-0.02,0.1833698338356632,0.960889882165877
GNRHR,-0.019999999999999997,0.1753159782060123,0.960889882165877
VWA3A,-0.015000000000000001,0.1793092872440375,0.960889882165877
FILIP1,-0.010000000000000002,0.18473837676194893,0.960889882165877
ASCL1,-0.010000000000000002,0.17663964137843047,0.960889882165877
ASB4,-0.01,0.1713894004687968,0.960889882165877
NELL1,-0.01,0.1739997297213397,0.960889882165877
NLRP7,-0.01,0.1793092872440375,0.960889882165877
MUC15,-0.01,0.1713894004687968,0.960889882165877
ADAMTS20,-0.01,0.1833698338356632,0.960889882165877
GJA4,-0.01,0.1793092872440375,0.960889882165877
PAQR9,-0.01,0.1820088167227667,0.960889882165877
ADAMTSL2,-0.01,0.1726908768743891,0.960889882165877
SCIMP,-0.009999999999999995,0.17663964137843047,0.960889882165877
CCDC158,-0.005,0.1806553072892827,0.960889882165877
CLEC5A,-0.005,0.1726908768743891,0.960889882165877
CLNK,0.0,0.1820088167227667,0.960889882165877
GLP1R,0.0,0.17663964137843047,0.960889882165877
CYSLTR2,0.0,0.1806553072892827,0.960889882165877
LMNTD1,0.0,0.18473837676194893,0.960889882165877
LCE5A,0.0,0.1726908768743891,0.960889882165877
RHOXF2B,0.0,0.18473837676194893,0.960889882165877
DCAF8L1,0.0,0.1726908768743891,0.960889882165877
TBXT,0.01,0.18473837676194893,0.960889882165877
SRARP,0.01,0.1793092872440375,0.960889882165877
TSSK1B,0.01,0.1820088167227667,0.960889882165877
CCN4,0.010000000000000002,0.1820088167227667,0.960889882165877
GPR50,0.02,0.1700952811636689,0.960889882165877
IFNB1,0.03,0.1793092872440375,0.960889882165877
CD69,0.030000000000000006,0.1779707381404677,0.960889882165877
C1orf189,0.030000000000000006,0.1739997297213397,0.960889882165877
SPATA9,0.04000000000000009,0.17663964137843047,0.960889882165877
STMN2,0.05,0.1806553072892827,0.960889882165877
CCDC38,0.05,0.1713894004687968,0.960889882165877
FGF7,0.060000000000000095,0.1820088167227667,0.960889882165877
SMCO2,0.07000000000000012,0.1726908768743891,0.960889882165877
H4C9,0.0749999999999999,0.1700952811636689,0.960889882165877
AMDHD1,0.08000000000000007,0.1713894004687968,0.960889882165877
IPMK,0.22999999999999998,0.1726908768743891,0.960889882165877
CCRL2,0.34000000000000014,0.1779707381404677,0.960889882165877
EIF4EBP3,0.3899999999999997,0.18473837676194893,0.960889882165877
HPCA,0.395,0.1820088167227667,0.960889882165877
PPP1R21,0.5399999999999974,0.1820088167227667,0.960889882165877
FOXA3,0.64,0.1739997297213397,0.960889882165877
ALOX5AP,0.6550000000000002,0.1793092872440375,0.960889882165877
ZNF2,0.6550000000000007,0.1806553072892827,0.960889882165877
DNAL1,0.7749999999999968,0.18473837676194893,0.960889882165877
GREM1,0.8250000000000001,0.1820088167227667,0.960889882165877
FLI1,0.8349999999999999,0.18473837676194893,0.960889882165877
RFX2,1.2400000000000002,0.1833698338356632,0.960889882165877
AQR,1.3649999999999984,0.1779707381404677,0.960889882165877
TMEM170A,1.4550000000000054,0.1779707381404677,0.960889882165877
CNTLN,1.4649999999999999,0.1806553072892827,0.960889882165877
ZNF521,1.505,0.1713894004687968,0.960889882165877
GMEB1,1.6150000000000002,0.1793092872440375,0.960889882165877
ING2,1.6400000000000006,0.1833698338356632,0.960889882165877
DDIAS,2.1449999999999996,0.17663964137843047,0.960889882165877
PCBD2,2.3500000000000014,0.1833698338356632,0.960889882165877
ANG,2.3700000000000063,0.1793092872440375,0.960889882165877
POC1B,2.4149999999999956,0.1779707381404677,0.960889882165877
RADX,2.5550000000000006,0.1806553072892827,0.960889882165877
SCLT1,2.6499999999999986,0.1713894004687968,0.960889882165877
KLHL12,2.7100000000000044,0.17663964137843047,0.960889882165877
PCIF1,3.1600000000000037,0.1700952811636689,0.960889882165877
STPG1,3.415,0.1793092872440375,0.960889882165877
ACTN1,3.415000000000049,0.18473837676194893,0.960889882165877
CBL,3.6799999999999997,0.1739997297213397,0.960889882165877
GLRX2,3.7400000000000055,0.1739997297213397,0.960889882165877
ZFP41,3.8000000000000007,0.1753159782060123,0.960889882165877
BBS7,3.815000000000005,0.1753159782060123,0.960889882165877
ZNF511,4.10499999999999,0.1713894004687968,0.960889882165877
BANP,4.1299999999999955,0.17663964137843047,0.960889882165877
PARPBP,4.165000000000003,0.1700952811636689,0.960889882165877
GABPB1,4.739999999999998,0.1833698338356632,0.960889882165877
NSMAF,4.81999999999999,0.17663964137843047,0.960889882165877
AIMP2,4.875000000000014,0.1820088167227667,0.960889882165877
ITFG2,5.0049999999999955,0.17663964137843047,0.960889882165877
CTCF,5.0399999999999885,0.1820088167227667,0.960889882165877
TRNAU1AP,5.109999999999996,0.1713894004687968,0.960889882165877
CLSPN,5.169999999999996,0.1700952811636689,0.960889882165877
NRGN,5.305,0.1713894004687968,0.960889882165877
PRKRA,5.3500000000000085,0.1793092872440375,0.960889882165877
ARNT,5.36999999999999,0.1820088167227667,0.960889882165877
MED6,5.969999999999999,0.18473837676194893,0.960889882165877
LZIC,6.0099999999999945,0.17663964137843047,0.960889882165877
DOCK6,6.2649999999999935,0.1806553072892827,0.960889882165877
CHD8,6.384999999999991,0.17663964137843047,0.960889882165877
PRPF3,6.570000000000007,0.17663964137843047,0.960889882165877
TACC1,7.3550000000000075,0.17663964137843047,0.960889882165877
NAB1,7.979999999999997,0.1713894004687968,0.960889882165877
CSNK2A2,9.024999999999991,0.1713894004687968,0.960889882165877
HMGN5,9.584999999999997,0.17663964137843047,0.960889882165877
MLH1,9.665,0.1793092872440375,0.960889882165877
NBDY,9.785000000000004,0.17663964137843047,0.960889882165877
FAM216A,10.380000000000003,0.1713894004687968,0.960889882165877
COX20,10.455000000000013,0.1713894004687968,0.960889882165877
MUS81,10.985,0.18473837676194893,0.960889882165877
C20orf27,11.139999999999972,0.1739997297213397,0.960889882165877
DOCK10,12.465,0.17663964137843047,0.960889882165877
PSMG3,13.364999999999995,0.17663964137843047,0.960889882165877
IMMT,13.619999999999976,0.1739997297213397,0.960889882165877
SCNM1,14.675000000000026,0.18473837676194893,0.960889882165877
TRIB3,15.204999999999991,0.18473837676194893,0.960889882165877
SPHK1,15.605000000000004,0.1820088167227667,0.960889882165877
TGFB1,19.884999999999998,0.1739997297213397,0.960889882165877
MPV17,20.66000000000004,0.1820088167227667,0.960889882165877
TCF7,22.36,0.1700952811636689,0.960889882165877
CDCA3,22.790000000000006,0.1793092872440375,0.960889882165877
SMTN,24.484999999999992,0.1713894004687968,0.960889882165877
MRPL15,26.014999999999972,0.1793092872440375,0.960889882165877
LAS1L,26.380000000000003,0.1713894004687968,0.960889882165877
LMNB1,26.449999999999974,0.1713894004687968,0.960889882165877
ANLN,28.955,0.18473837676194893,0.960889882165877
PSMD7,29.809999999999945,0.1739997297213397,0.960889882165877
HNRNPU,30.11999999999989,0.18473837676194893,0.960889882165877
C11orf68,30.36500000000001,0.1793092872440375,0.960889882165877
SP100,30.875000000000007,0.18473837676194893,0.960889882165877
LGMN,31.88499999999999,0.1793092872440375,0.960889882165877
PABPN1,32.650000000000006,0.1739997297213397,0.960889882165877
MYBL2,34.31500000000001,0.1739997297213397,0.960889882165877
SNRPC,42.009999999999934,0.1793092872440375,0.960889882165877
SNRPD3,50.700000000000045,0.17663964137843047,0.960889882165877
PSMA3,51.90000000000009,0.18473837676194893,0.960889882165877
PSMC1,70.63,0.1820088167227667,0.960889882165877
HMGA1,88.14499999999978,0.1739997297213397,0.960889882165877
RPS16,165.55000000000018,0.17663964137843047,0.960889882165877
RPL18A,185.25,0.1793092872440375,0.960889882165877
RPL9,273.09999999999764,0.17663964137843047,0.960889882165877
RPS7,661.9499999999994,0.1820088167227667,0.960889882165877
DHRS7B,-4.284999999999998,0.18611446347659555,0.9654310533800806
TCFL5,-2.4049999999999994,0.18611446347659555,0.9654310533800806
CDYL2,-0.5050000000000001,0.18611446347659555,0.9654310533800806
CD53,-0.049999999999999795,0.18611446347659555,0.9654310533800806
SLC34A1,-0.01,0.18611446347659555,0.9654310533800806
MYOCOS,0.01,0.18611446347659555,0.9654310533800806
GAB3,0.1200000000000001,0.18611446347659555,0.9654310533800806
GTPBP10,3.1950000000000003,0.18611446347659555,0.9654310533800806
AVEN,3.655000000000001,0.18611446347659555,0.9654310533800806
THOC2,22.244999999999976,0.18611446347659555,0.9654310533800806
NDUFS7,-29.640000000000015,0.1874981117937623,0.9655624522827153
MSL1,-9.285000000000018,0.1874981117937623,0.9655624522827153
ADNP,-8.61999999999999,0.1874981117937623,0.9655624522827153
TRIM25,-6.125,0.1874981117937623,0.9655624522827153
ABHD10,-5.780000000000001,0.1874981117937623,0.9655624522827153
ME2,-4.704999999999988,0.1874981117937623,0.9655624522827153
A1BG,-4.035,0.1874981117937623,0.9655624522827153
VPS13C,-3.824999999999992,0.1874981117937623,0.9655624522827153
MTARC2,-3.5599999999999996,0.1874981117937623,0.9655624522827153
ZNF155,-0.9149999999999983,0.1874981117937623,0.9655624522827153
RNF150,-0.405,0.1874981117937623,0.9655624522827153
POU5F1B,-0.075,0.1874981117937623,0.9655624522827153
B3GAT1,-0.039999999999999994,0.1874981117937623,0.9655624522827153
APOBEC3A,-0.01,0.1874981117937623,0.9655624522827153
CYP2C19,0.0,0.1874981117937623,0.9655624522827153
CLCA1,0.01,0.1874981117937623,0.9655624522827153
TYROBP,0.07,0.1874981117937623,0.9655624522827153
ENDOV,1.9250000000000078,0.1874981117937623,0.9655624522827153
SPA17,2.240000000000002,0.1874981117937623,0.9655624522827153
PTPN21,2.2449999999999983,0.1874981117937623,0.9655624522827153
MOSPD1,2.5,0.1874981117937623,0.9655624522827153
ZDHHC2,2.8600000000000003,0.1874981117937623,0.9655624522827153
ITPKA,3.1350000000000007,0.1874981117937623,0.9655624522827153
TAF1B,3.62000000000001,0.1874981117937623,0.9655624522827153
PSMD12,7.284999999999997,0.1874981117937623,0.9655624522827153
RBM42,12.305000000000021,0.1874981117937623,0.9655624522827153
KIF5B,38.895,0.1874981117937623,0.9655624522827153
CERS2,-15.495000000000005,0.18888933936499086,0.9667021507306404
P4HA1,-12.050000000000004,0.1902881636774011,0.9667021507306404
ZNHIT3,-11.96499999999999,0.1902881636774011,0.9667021507306404
SEMA3C,-11.705000000000009,0.1902881636774011,0.9667021507306404
OGFR,-10.669999999999987,0.1902881636774011,0.9667021507306404
PODXL2,-9.715,0.1902881636774011,0.9667021507306404
LIG3,-5.939999999999996,0.1902881636774011,0.9667021507306404
OPA1,-5.059999999999988,0.1902881636774011,0.9667021507306404
MADD,-3.975000000000012,0.1902881636774011,0.9667021507306404
RPUSD1,-3.7799999999999905,0.18888933936499086,0.9667021507306404
UPF1,-3.51499999999999,0.1902881636774011,0.9667021507306404
TESK1,-3.494999999999999,0.18888933936499086,0.9667021507306404
DTNB,-3.2950000000000026,0.18888933936499086,0.9667021507306404
RMND5B,-2.775000000000002,0.1902881636774011,0.9667021507306404
CDIP1,-2.7350000000000003,0.18888933936499086,0.9667021507306404
MANEA,-2.6949999999999994,0.18888933936499086,0.9667021507306404
RPS6KA2,-1.9399999999999995,0.18888933936499086,0.9667021507306404
C2orf92,-1.7200000000000002,0.18888933936499086,0.9667021507306404
SYTL1,-1.3849999999999998,0.18888933936499086,0.9667021507306404
ZBTB5,-1.3800000000000008,0.18888933936499086,0.9667021507306404
CRLF1,-1.1750000000000016,0.18888933936499086,0.9667021507306404
ZNF615,-0.54,0.1902881636774011,0.9667021507306404
FAM71E1,-0.32499999999999996,0.18888933936499086,0.9667021507306404
DOCK8,-0.29499999999999993,0.18888933936499086,0.9667021507306404
CFAP70,-0.24500000000000002,0.18888933936499086,0.9667021507306404
TMEM220,-0.20500000000000018,0.1902881636774011,0.9667021507306404
LRRC4B,-0.175,0.1902881636774011,0.9667021507306404
DMGDH,-0.1099999999999999,0.1902881636774011,0.9667021507306404
KIF26B,-0.09500000000000008,0.18888933936499086,0.9667021507306404
RYR1,-0.09000000000000011,0.18888933936499086,0.9667021507306404
SLC52A1,-0.05500000000000001,0.18888933936499086,0.9667021507306404
FBXW12,-0.03,0.1902881636774011,0.9667021507306404
JPH4,-0.025,0.1902881636774011,0.9667021507306404
COLEC10,-0.02,0.1902881636774011,0.9667021507306404
FCER1A,0.0,0.1902881636774011,0.9667021507306404
IRGM,0.015,0.1902881636774011,0.9667021507306404
SPATA7,0.7099999999999977,0.1902881636774011,0.9667021507306404
C4orf46,4.035,0.1902881636774011,0.9667021507306404
CDK14,5.315000000000001,0.1902881636774011,0.9667021507306404
NSMCE4A,5.364999999999998,0.1902881636774011,0.9667021507306404
TMA16,5.52000000000001,0.1902881636774011,0.9667021507306404
RALA,5.645000000000007,0.1902881636774011,0.9667021507306404
HGS,9.710000000000022,0.18888933936499086,0.9667021507306404
DNAJA2,10.005000000000017,0.1902881636774011,0.9667021507306404
EXOSC9,11.960000000000036,0.1902881636774011,0.9667021507306404
HOXB3,12.085000000000004,0.18888933936499086,0.9667021507306404
PTK2,12.13500000000002,0.1902881636774011,0.9667021507306404
CKAP5,15.749999999999986,0.1902881636774011,0.9667021507306404
WDR43,15.789999999999992,0.1902881636774011,0.9667021507306404
RPL26L1,34.36500000000002,0.18888933936499086,0.9667021507306404
FUS,45.51500000000004,0.1902881636774011,0.9667021507306404
RPN2,-9.775000000000091,0.1931086716413205,0.9679641511652819
SRPK2,-9.330000000000005,0.19169460205188804,0.9679641511652819
MRPS34,-8.410000000000025,0.1931086716413205,0.9679641511652819
RAMAC,-6.055000000000003,0.19169460205188804,0.9679641511652819
PYM1,-5.620000000000001,0.19169460205188804,0.9679641511652819
GGCX,-4.849999999999987,0.1931086716413205,0.9679641511652819
STK11,-4.205000000000016,0.1931086716413205,0.9679641511652819
DYRK2,-3.5250000000000004,0.19169460205188804,0.9679641511652819
LEMD3,-2.76,0.1931086716413205,0.9679641511652819
OBSCN,-2.2800000000000034,0.1931086716413205,0.9679641511652819
AARS2,-2.0149999999999935,0.1931086716413205,0.9679641511652819
RASA4,-1.8150000000000004,0.1931086716413205,0.9679641511652819
SMPDL3A,-1.7950000000000008,0.19169460205188804,0.9679641511652819
SCNN1A,-1.600000000000001,0.1931086716413205,0.9679641511652819
ZNF69,-1.2449999999999999,0.1931086716413205,0.9679641511652819
TBX2,-1.2150000000000003,0.1931086716413205,0.9679641511652819
ROM1,-1.0199999999999996,0.1931086716413205,0.9679641511652819
ZNF784,-0.8099999999999974,0.1931086716413205,0.9679641511652819
LAD1,-0.775,0.1931086716413205,0.9679641511652819
PRKAA2,-0.6200000000000001,0.1931086716413205,0.9679641511652819
VXN,-0.32000000000000006,0.1931086716413205,0.9679641511652819
BCHE,-0.31000000000000016,0.19169460205188804,0.9679641511652819
PRR36,-0.22999999999999998,0.1931086716413205,0.9679641511652819
MAGEA3,-0.21499999999999989,0.1931086716413205,0.9679641511652819
APOD,-0.19499999999999995,0.1931086716413205,0.9679641511652819
C20orf204,-0.1399999999999999,0.1931086716413205,0.9679641511652819
NPIPB8,-0.11500000000000019,0.1931086716413205,0.9679641511652819
EFCAB10,-0.10999999999999988,0.1931086716413205,0.9679641511652819
TMEM266,-0.0849999999999998,0.1931086716413205,0.9679641511652819
PRKCQ,-0.0800000000000001,0.1931086716413205,0.9679641511652819
ILDR2,-0.0800000000000001,0.1931086716413205,0.9679641511652819
ISLR2,-0.04,0.1931086716413205,0.9679641511652819
PCDHA10,-0.04,0.19169460205188804,0.9679641511652819
KCNJ10,-0.024999999999999994,0.1931086716413205,0.9679641511652819
IRAG1,-0.019999999999999997,0.19169460205188804,0.9679641511652819
PKD2L1,-0.01,0.19169460205188804,0.9679641511652819
TBX22,0.0,0.19169460205188804,0.9679641511652819
TACR3,0.0,0.19169460205188804,0.9679641511652819
XAGE3,0.0,0.19169460205188804,0.9679641511652819
CYP8B1,0.0,0.1931086716413205,0.9679641511652819
KRTAP4-1,0.0,0.19169460205188804,0.9679641511652819
CELA2B,0.0,0.19169460205188804,0.9679641511652819
EBLN1,0.0,0.19169460205188804,0.9679641511652819
PTGFR,0.04000000000000001,0.19169460205188804,0.9679641511652819
SNX8,5.315000000000005,0.1931086716413205,0.9679641511652819
CDK5RAP1,6.434999999999995,0.1931086716413205,0.9679641511652819
CETN3,9.195000000000007,0.1931086716413205,0.9679641511652819
MTG1,9.694999999999993,0.1931086716413205,0.9679641511652819
TMEM171,9.985000000000001,0.19169460205188804,0.9679641511652819
RECQL,19.709999999999994,0.1931086716413205,0.9679641511652819
TAGLN2,250.2199999999999,0.1931086716413205,0.9679641511652819
NME1-NME2,-6.739999999999998,0.19453038942874135,0.9700238410771195
DCP1B,-2.5149999999999997,0.19453038942874135,0.9700238410771195
MAP3K10,-1.8499999999999996,0.19453038942874135,0.9700238410771195
KIAA0895L,-1.7850000000000037,0.19453038942874135,0.9700238410771195
RNF217,-0.9199999999999999,0.19453038942874135,0.9700238410771195
FZD9,-0.425,0.19453038942874135,0.9700238410771195
GNAL,-0.3400000000000001,0.19453038942874135,0.9700238410771195
CFAP126,-0.30500000000000016,0.19453038942874135,0.9700238410771195
SPTB,-0.0800000000000001,0.19453038942874135,0.9700238410771195
ERBB4,-0.055,0.19453038942874135,0.9700238410771195
HPCAL4,-0.04,0.19453038942874135,0.9700238410771195
TRIM61,-0.02,0.19453038942874135,0.9700238410771195
SFTPA2,-0.01,0.19453038942874135,0.9700238410771195
OR1L8,-0.005,0.19453038942874135,0.9700238410771195
GGT5,0.16999999999999998,0.19453038942874135,0.9700238410771195
CALML4,1.850000000000004,0.19453038942874135,0.9700238410771195
ZNF114,2.5250000000000004,0.19453038942874135,0.9700238410771195
TAF1A,3.8950000000000014,0.19453038942874135,0.9700238410771195
MTOR,8.484999999999982,0.19453038942874135,0.9700238410771195
FMR1,15.684999999999995,0.19453038942874135,0.9700238410771195
TKT,-100.51999999999998,0.21988536342513543,0.9702948395450579
COX6A1,-93.22999999999968,0.21067874792592634,0.9702948395450579
ARPC1B,-75.45499999999998,0.21067874792592634,0.9702948395450579
PHB,-72.35500000000013,0.21067874792592634,0.9702948395450579
CD99,-68.09499999999996,0.20175428362807624,0.9702948395450579
VAMP8,-60.290000000000006,0.20767273425383814,0.9702948395450579
CALM3,-58.510000000000105,0.22301746994661498,0.9702948395450579
PRNP,-58.064999999999976,0.2261813740491111,0.9702948395450579
AP1S1,-56.74000000000004,0.2167849479646653,0.9702948395450579
MDH1,-50.42500000000004,0.19595977222557082,0.9702948395450579
ARL6IP1,-47.03500000000011,0.21067874792592634,0.9702948395450579
SEPTIN9,-46.49000000000001,0.2261813740491111,0.9702948395450579
COX17,-45.41999999999997,0.2167849479646653,0.9702948395450579
ATP5MC1,-44.85000000000008,0.2261813740491111,0.9702948395450579
SEC11A,-42.795000000000016,0.19595977222557082,0.9702948395450579
CYB5R3,-41.749999999999986,0.2261813740491111,0.9702948395450579
LAMTOR4,-41.64999999999998,0.2261813740491111,0.9702948395450579
TMEM59,-39.05499999999998,0.2261813740491111,0.9702948395450579
KIFC3,-38.734999999999985,0.20469795356714748,0.9702948395450579
CRIP2,-36.14499999999999,0.2261813740491111,0.9702948395450579
SLC39A7,-33.89499999999998,0.20175428362807624,0.9702948395450579
TMEM106C,-29.91000000000001,0.21988536342513543,0.9702948395450579
SNRPN,-29.44000000000001,0.2261813740491111,0.9702948395450579
CD46,-28.510000000000012,0.21371611378992528,0.9702948395450579
ENAH,-25.86,0.21067874792592634,0.9702948395450579
TMEM141,-23.825000000000017,0.20767273425383814,0.9702948395450579
PTPA,-23.625000000000014,0.21371611378992528,0.9702948395450579
UBE2M,-23.10499999999996,0.20469795356714748,0.9702948395450579
CHID1,-22.344999999999963,0.19595977222557082,0.9702948395450579
ECI2,-22.334999999999994,0.21371611378992528,0.9702948395450579
COPZ1,-20.17999999999992,0.2261813740491111,0.9702948395450579
DNAJB11,-19.83999999999999,0.20767273425383814,0.9702948395450579
RRAGA,-18.089999999999996,0.2261813740491111,0.9702948395450579
WDR6,-17.35,0.20767273425383814,0.9702948395450579
PERP,-17.215000000000014,0.21371611378992528,0.9702948395450579
COPB2,-17.144999999999953,0.20175428362807624,0.9702948395450579
QPRT,-16.805,0.19884159922424804,0.9702948395450579
FLOT2,-16.695000000000004,0.20175428362807624,0.9702948395450579
PRCP,-16.235000000000035,0.19595977222557082,0.9702948395450579
MRPS26,-16.16999999999998,0.21988536342513543,0.9702948395450579
ORMDL2,-14.265,0.19884159922424804,0.9702948395450579
LIPA,-12.81999999999999,0.2261813740491111,0.9702948395450579
NCSTN,-12.41500000000002,0.21067874792592634,0.9702948395450579
CYBC1,-12.27999999999998,0.20175428362807624,0.9702948395450579
SDF2,-12.105000000000004,0.22301746994661498,0.9702948395450579
MMP24OS,-11.995000000000008,0.20767273425383814,0.9702948395450579
MKNK2,-11.210000000000008,0.20469795356714748,0.9702948395450579
TMC6,-10.840000000000002,0.19595977222557082,0.9702948395450579
SNX17,-10.449999999999989,0.21988536342513543,0.9702948395450579
ERP29,-10.365000000000009,0.20767273425383814,0.9702948395450579
SCAMP2,-10.044999999999998,0.21371611378992528,0.9702948395450579
FLYWCH2,-8.915000000000006,0.2261813740491111,0.9702948395450579
MAN2B1,-8.855000000000004,0.20322223751088142,0.9702948395450579
STMP1,-8.814999999999994,0.19595977222557082,0.9702948395450579
G3BP2,-8.744999999999997,0.21067874792592634,0.9702948395450579
ING4,-8.700000000000003,0.22301746994661498,0.9702948395450579
TMEM161A,-8.544999999999995,0.20767273425383814,0.9702948395450579
SLC39A3,-8.144999999999992,0.20175428362807624,0.9702948395450579
CALCOCO2,-7.9650000000000105,0.21988536342513543,0.9702948395450579
FAM174C,-7.740000000000009,0.2167849479646653,0.9702948395450579
PLXNA1,-7.579999999999995,0.20469795356714748,0.9702948395450579
TMEM63A,-7.540000000000015,0.2091718294445929,0.9702948395450579
TIMM50,-7.434999999999974,0.21371611378992528,0.9702948395450579
SYNGR1,-7.025000000000004,0.21219350450348284,0.9702948395450579
B9D1,-6.929999999999993,0.20175428362807624,0.9702948395450579
ELMO2,-6.804999999999989,0.22459544077140692,0.9702948395450579
NUBP1,-6.760000000000002,0.20029407617467154,0.9702948395450579
DUSP14,-6.755000000000003,0.22459544077140692,0.9702948395450579
PRR5,-6.734999999999998,0.20175428362807624,0.9702948395450579
EXT2,-6.729999999999997,0.19884159922424804,0.9702948395450579
PCDH1,-6.7200000000000015,0.20322223751088142,0.9702948395450579
PDGFA,-6.67,0.20469795356714748,0.9702948395450579
SLC30A9,-6.569999999999997,0.21988536342513543,0.9702948395450579
CLN3,-6.550000000000004,0.20767273425383814,0.9702948395450579
CAMK2D,-6.379999999999999,0.19595977222557082,0.9702948395450579
DUSP4,-6.235000000000003,0.20469795356714748,0.9702948395450579
MIDN,-6.005000000000003,0.2167849479646653,0.9702948395450579
PLAT,-5.995,0.206181447356797,0.9702948395450579
SHMT1,-5.829999999999995,0.21988536342513543,0.9702948395450579
HMGXB3,-5.7450000000000045,0.206181447356797,0.9702948395450579
NR2C2AP,-5.7100000000000115,0.22459544077140692,0.9702948395450579
ZDHHC8,-5.699999999999996,0.22301746994661498,0.9702948395450579
APBA2,-5.6850000000000005,0.20175428362807624,0.9702948395450579
TEX30,-5.654999999999998,0.20767273425383814,0.9702948395450579
PRXL2B,-5.439999999999998,0.22301746994661498,0.9702948395450579
TDG,-5.374999999999993,0.22301746994661498,0.9702948395450579
MPI,-5.250000000000007,0.2091718294445929,0.9702948395450579
APBB1,-5.095,0.20469795356714748,0.9702948395450579
ARMCX2,-5.025,0.206181447356797,0.9702948395450579
STARD3,-5.015000000000022,0.22301746994661498,0.9702948395450579
PIK3C3,-4.910000000000004,0.19595977222557082,0.9702948395450579
CYB561,-4.834999999999994,0.21067874792592634,0.9702948395450579
GTF3C1,-4.820000000000007,0.2167849479646653,0.9702948395450579
DNM2,-4.759999999999991,0.20175428362807624,0.9702948395450579
AP3M1,-4.720000000000013,0.21988536342513543,0.9702948395450579
ZBED5,-4.595000000000006,0.21219350450348284,0.9702948395450579
RNF14,-4.499999999999993,0.21067874792592634,0.9702948395450579
PLEKHH1,-4.445,0.21988536342513543,0.9702948395450579
GNB5,-4.400000000000013,0.19884159922424804,0.9702948395450579
TPRA1,-4.389999999999986,0.21067874792592634,0.9702948395450579
WDR73,-4.319999999999997,0.22301746994661498,0.9702948395450579
CIC,-4.310000000000002,0.2183312010975833,0.9702948395450579
KRT10,-4.300000000000001,0.20322223751088142,0.9702948395450579
OSGIN1,-4.289999999999999,0.19884159922424804,0.9702948395450579
BIRC6,-4.134999999999987,0.19884159922424804,0.9702948395450579
PIDD1,-3.91,0.19884159922424804,0.9702948395450579
TMEM192,-3.9099999999999993,0.20029407617467154,0.9702948395450579
TPCN1,-3.8699999999999974,0.21067874792592634,0.9702948395450579
ALG1,-3.745000000000001,0.206181447356797,0.9702948395450579
CHD7,-3.7199999999999953,0.21067874792592634,0.9702948395450579
KDM5A,-3.715,0.22301746994661498,0.9702948395450579
ACADS,-3.6949999999999985,0.20767273425383814,0.9702948395450579
P2RY11,-3.6900000000000057,0.19884159922424804,0.9702948395450579
PRKD1,-3.585,0.21067874792592634,0.9702948395450579
PIP5K1C,-3.474999999999996,0.20767273425383814,0.9702948395450579
KCTD13,-3.3499999999999996,0.2167849479646653,0.9702948395450579
ANKRD1,-3.325,0.21524659020317594,0.9702948395450579
PDGFB,-3.3249999999999993,0.21067874792592634,0.9702948395450579
PCSK1N,-3.3150000000000004,0.2261813740491111,0.9702948395450579
AP1S3,-3.235000000000001,0.19884159922424804,0.9702948395450579
SEC24C,-3.2349999999999994,0.21067874792592634,0.9702948395450579
C2CD3,-3.215,0.2167849479646653,0.9702948395450579
C2orf76,-3.2100000000000044,0.21524659020317594,0.9702948395450579
DNAJB12,-3.1999999999999957,0.19884159922424804,0.9702948395450579
PLXNB3,-3.175,0.22301746994661498,0.9702948395450579
SCYL2,-3.1749999999999954,0.2261813740491111,0.9702948395450579
TENT2,-3.1450000000000067,0.2167849479646653,0.9702948395450579
PRKAR1B,-3.1149999999999967,0.21371611378992528,0.9702948395450579
FAM20B,-3.0749999999999886,0.2261813740491111,0.9702948395450579
TMEM140,-3.0599999999999987,0.20469795356714748,0.9702948395450579
NSD1,-3.0549999999999997,0.21067874792592634,0.9702948395450579
OGFOD3,-3.0150000000000006,0.20175428362807624,0.9702948395450579
GPATCH8,-2.9700000000000024,0.22301746994661498,0.9702948395450579
DCAF16,-2.9600000000000097,0.2261813740491111,0.9702948395450579
DALRD3,-2.960000000000001,0.21067874792592634,0.9702948395450579
PIM2,-2.95,0.20175428362807624,0.9702948395450579
CABLES1,-2.8700000000000037,0.19884159922424804,0.9702948395450579
LETM1,-2.769999999999989,0.21067874792592634,0.9702948395450579
CPTP,-2.7400000000000038,0.19739683666981,0.9702948395450579
TAB3,-2.7100000000000044,0.21524659020317594,0.9702948395450579
TUBB2B,-2.6600000000000055,0.21988536342513543,0.9702948395450579
RELL2,-2.624999999999999,0.20322223751088142,0.9702948395450579
SOCS7,-2.5450000000000035,0.2261813740491111,0.9702948395450579
CA11,-2.535000000000001,0.19739683666981,0.9702948395450579
MTARC1,-2.4850000000000003,0.20469795356714748,0.9702948395450579
TRIQK,-2.4599999999999973,0.22459544077140692,0.9702948395450579
PAGR1,-2.4599999999999937,0.2183312010975833,0.9702948395450579
XKR8,-2.44,0.20322223751088142,0.9702948395450579
RPS6KA3,-2.3949999999999996,0.22459544077140692,0.9702948395450579
DUSP22,-2.3649999999999984,0.20322223751088142,0.9702948395450579
KDM1B,-2.3449999999999998,0.20767273425383814,0.9702948395450579
PCDH7,-2.3399999999999994,0.2261813740491111,0.9702948395450579
EHD3,-2.3200000000000007,0.20469795356714748,0.9702948395450579
MXI1,-2.235000000000001,0.2091718294445929,0.9702948395450579
MAPRE2,-2.234999999999996,0.21988536342513543,0.9702948395450579
AAR2,-2.1399999999999935,0.2183312010975833,0.9702948395450579
PARP14,-2.119999999999994,0.22301746994661498,0.9702948395450579
C12orf73,-2.1150000000000038,0.20175428362807624,0.9702948395450579
PIK3C2A,-2.109999999999987,0.22301746994661498,0.9702948395450579
TUFT1,-2.059999999999995,0.20469795356714748,0.9702948395450579
CCN3,-2.0100000000000007,0.21067874792592634,0.9702948395450579
PCYOX1L,-1.9899999999999993,0.21067874792592634,0.9702948395450579
PAAF1,-1.975000000000005,0.20767273425383814,0.9702948395450579
C1orf115,-1.949999999999999,0.19595977222557082,0.9702948395450579
SECISBP2L,-1.9449999999999985,0.20469795356714748,0.9702948395450579
IQCB1,-1.9449999999999985,0.21371611378992528,0.9702948395450579
ZNF772,-1.9149999999999998,0.21371611378992528,0.9702948395450579
SCN1B,-1.905,0.21524659020317594,0.9702948395450579
RAVER2,-1.8750000000000027,0.21371611378992528,0.9702948395450579
ULK3,-1.800000000000015,0.19739683666981,0.9702948395450579
KYAT1,-1.7799999999999985,0.21219350450348284,0.9702948395450579
YTHDC2,-1.7150000000000034,0.2183312010975833,0.9702948395450579
TMCC1,-1.665000000000001,0.20029407617467154,0.9702948395450579
CCDC24,-1.655000000000002,0.2261813740491111,0.9702948395450579
SATB1,-1.6549999999999998,0.21371611378992528,0.9702948395450579
PWWP2A,-1.6349999999999998,0.21988536342513543,0.9702948395450579
SLC22A15,-1.6250000000000002,0.21988536342513543,0.9702948395450579
SMAD5,-1.6000000000000032,0.2261813740491111,0.9702948395450579
ZNF45,-1.5950000000000024,0.20322223751088142,0.9702948395450579
IDUA,-1.5649999999999986,0.20322223751088142,0.9702948395450579
SLC25A23,-1.5350000000000072,0.2167849479646653,0.9702948395450579
RNF157,-1.490000000000002,0.22301746994661498,0.9702948395450579
VPS9D1,-1.4700000000000024,0.22459544077140692,0.9702948395450579
C17orf97,-1.4650000000000005,0.21219350450348284,0.9702948395450579
PLEKHB1,-1.4449999999999998,0.20029407617467154,0.9702948395450579
MPC1,-1.4399999999999942,0.20469795356714748,0.9702948395450579
ACADSB,-1.4350000000000005,0.19739683666981,0.9702948395450579
ARL3,-1.3999999999999986,0.2183312010975833,0.9702948395450579
ZNF91,-1.3949999999999996,0.21988536342513543,0.9702948395450579
L3MBTL1,-1.390000000000001,0.20029407617467154,0.9702948395450579
FAM222B,-1.3600000000000012,0.2167849479646653,0.9702948395450579
YOD1,-1.3200000000000003,0.20469795356714748,0.9702948395450579
PPM1K,-1.31,0.20175428362807624,0.9702948395450579
KRBA1,-1.2899999999999991,0.19884159922424804,0.9702948395450579
CDH1,-1.2499999999999998,0.21524659020317594,0.9702948395450579
PPP1R3C,-1.2349999999999997,0.20322223751088142,0.9702948395450579
HLA-DMB,-1.185,0.21988536342513543,0.9702948395450579
APOBEC3F,-1.1749999999999994,0.20767273425383814,0.9702948395450579
SEMA6A,-1.1349999999999998,0.20469795356714748,0.9702948395450579
PRRG4,-1.1300000000000008,0.22301746994661498,0.9702948395450579
DTNBP1,-1.1299999999999972,0.21219350450348284,0.9702948395450579
FAM160B1,-1.125,0.21219350450348284,0.9702948395450579
MOCS1,-1.1099999999999994,0.22459544077140692,0.9702948395450579
SPAST,-1.0949999999999998,0.21371611378992528,0.9702948395450579
MOXD1,-1.0949999999999998,0.2167849479646653,0.9702948395450579
NLRX1,-1.075000000000001,0.20469795356714748,0.9702948395450579
EBF4,-1.0699999999999996,0.21988536342513543,0.9702948395450579
SLC47A1,-1.065,0.19884159922424804,0.9702948395450579
MDGA1,-1.0599999999999996,0.20469795356714748,0.9702948395450579
NHLRC3,-1.0299999999999994,0.21219350450348284,0.9702948395450579
CLIP3,-1.0050000000000003,0.22144744856880438,0.9702948395450579
PRDM11,-1.0,0.2167849479646653,0.9702948395450579
ZNF430,-0.9949999999999974,0.21524659020317594,0.9702948395450579
DNAJC30,-0.9749999999999988,0.20029407617467154,0.9702948395450579
AGL,-0.9699999999999998,0.2261813740491111,0.9702948395450579
ADAMTSL4,-0.9699999999999989,0.21219350450348284,0.9702948395450579
MYPOP,-0.9649999999999985,0.2183312010975833,0.9702948395450579
ESS2,-0.9550000000000018,0.2261813740491111,0.9702948395450579
LRRC27,-0.9549999999999983,0.2167849479646653,0.9702948395450579
FAM117B,-0.9450000000000003,0.2091718294445929,0.9702948395450579
CHST2,-0.9200000000000002,0.22459544077140692,0.9702948395450579
CDK5R1,-0.8849999999999998,0.21988536342513543,0.9702948395450579
DNAJC16,-0.8599999999999994,0.2261813740491111,0.9702948395450579
ZNF324,-0.8249999999999993,0.2183312010975833,0.9702948395450579
PARD3B,-0.7799999999999998,0.21219350450348284,0.9702948395450579
POLR2J2,-0.7350000000000003,0.21219350450348284,0.9702948395450579
WDR48,-0.7300000000000004,0.21524659020317594,0.9702948395450579
TRPM2,-0.72,0.19595977222557082,0.9702948395450579
HAUS3,-0.7150000000000007,0.21988536342513543,0.9702948395450579
ZNF136,-0.7100000000000004,0.2091718294445929,0.9702948395450579
ZDHHC11B,-0.7000000000000002,0.20322223751088142,0.9702948395450579
STK33,-0.66,0.20767273425383814,0.9702948395450579
SWSAP1,-0.6100000000000012,0.20029407617467154,0.9702948395450579
NCKAP5L,-0.5550000000000006,0.2261813740491111,0.9702948395450579
CLIC3,-0.5550000000000002,0.2261813740491111,0.9702948395450579
C11orf52,-0.5399999999999999,0.21524659020317594,0.9702948395450579
MACROD2,-0.5249999999999999,0.21219350450348284,0.9702948395450579
ABHD14A-ACY1,-0.5150000000000001,0.22301746994661498,0.9702948395450579
LRFN3,-0.509999999999998,0.21524659020317594,0.9702948395450579
EID2B,-0.5000000000000004,0.2091718294445929,0.9702948395450579
CCDC146,-0.4849999999999999,0.22301746994661498,0.9702948395450579
FMO4,-0.44999999999999973,0.2183312010975833,0.9702948395450579
ZBTB39,-0.4449999999999994,0.22301746994661498,0.9702948395450579
AQP1,-0.41000000000000025,0.2091718294445929,0.9702948395450579
ZNF860,-0.395,0.19884159922424804,0.9702948395450579
NOS1AP,-0.3949999999999996,0.20767273425383814,0.9702948395450579
ACVR2B,-0.37999999999999967,0.21988536342513543,0.9702948395450579
C1orf167,-0.3699999999999999,0.20767273425383814,0.9702948395450579
UBN2,-0.3499999999999992,0.21524659020317594,0.9702948395450579
C6orf163,-0.3200000000000002,0.20322223751088142,0.9702948395450579
GREB1,-0.32000000000000006,0.22301746994661498,0.9702948395450579
HS6ST2,-0.31500000000000006,0.2091718294445929,0.9702948395450579
SOD3,-0.3,0.2167849479646653,0.9702948395450579
ZNF416,-0.28000000000000025,0.19595977222557082,0.9702948395450579
SULF1,-0.275,0.2261813740491111,0.9702948395450579
GAS1,-0.27499999999999997,0.19739683666981,0.9702948395450579
C16orf86,-0.2650000000000002,0.22459544077140692,0.9702948395450579
APBA1,-0.265,0.2183312010975833,0.9702948395450579
KIF5C,-0.265,0.19739683666981,0.9702948395450579
FOXO6,-0.25500000000000006,0.2261813740491111,0.9702948395450579
ADAMTS17,-0.24500000000000008,0.21371611378992528,0.9702948395450579
SMPD3,-0.24,0.20767273425383814,0.9702948395450579
EN2,-0.235,0.19884159922424804,0.9702948395450579
RAB40A,-0.23000000000000004,0.19739683666981,0.9702948395450579
SEPTIN4,-0.22999999999999998,0.2091718294445929,0.9702948395450579
RIMKLA,-0.22999999999999998,0.2183312010975833,0.9702948395450579
MB,-0.22999999999999998,0.20175428362807624,0.9702948395450579
CELF2,-0.2099999999999999,0.21219350450348284,0.9702948395450579
FAM155B,-0.2049999999999999,0.21219350450348284,0.9702948395450579
MEIOC,-0.19999999999999998,0.20322223751088142,0.9702948395450579
PSPN,-0.19000000000000017,0.19739683666981,0.9702948395450579
AKAP5,-0.18000000000000022,0.20469795356714748,0.9702948395450579
UBD,-0.17999999999999994,0.19884159922424804,0.9702948395450579
LCA5L,-0.1799999999999996,0.2167849479646653,0.9702948395450579
FGD3,-0.1700000000000001,0.21067874792592634,0.9702948395450579
PPAN-P2RY11,-0.16999999999999926,0.21988536342513543,0.9702948395450579
SRRM5,-0.15500000000000008,0.20175428362807624,0.9702948395450579
RBM11,-0.155,0.2167849479646653,0.9702948395450579
DDO,-0.155,0.2183312010975833,0.9702948395450579
ANKEF1,-0.1499999999999999,0.21371611378992528,0.9702948395450579
FOXD2,-0.1499999999999999,0.22459544077140692,0.9702948395450579
SUSD2,-0.1399999999999999,0.20469795356714748,0.9702948395450579
UNC13A,-0.1399999999999999,0.22459544077140692,0.9702948395450579
GAS7,-0.13000000000000012,0.21067874792592634,0.9702948395450579
ZNF491,-0.12999999999999992,0.2091718294445929,0.9702948395450579
MYH11,-0.1200000000000001,0.2091718294445929,0.9702948395450579
SYK,-0.11999999999999991,0.20029407617467154,0.9702948395450579
GHR,-0.1150000000000001,0.2167849479646653,0.9702948395450579
ACTG2,-0.11499999999999991,0.20029407617467154,0.9702948395450579
KCNAB1,-0.11000000000000013,0.20322223751088142,0.9702948395450579
PTPRN,-0.10999999999999989,0.20175428362807624,0.9702948395450579
MCMDC2,-0.10999999999999979,0.19884159922424804,0.9702948395450579
KRTAP5-1,-0.105,0.22144744856880438,0.9702948395450579
RUNDC3B,-0.1049999999999999,0.20469795356714748,0.9702948395450579
DLG2,-0.10000000000000009,0.206181447356797,0.9702948395450579
ANKRD20A3P,-0.0950000000000001,0.20469795356714748,0.9702948395450579
NPHP3,-0.09499999999999709,0.20322223751088142,0.9702948395450579
FAM243A,-0.0899999999999999,0.206181447356797,0.9702948395450579
COL14A1,-0.085,0.2261813740491111,0.9702948395450579
PAEP,-0.08,0.20322223751088142,0.9702948395450579
MGAM,-0.08,0.206181447356797,0.9702948395450579
TACR2,-0.0799999999999999,0.21988536342513543,0.9702948395450579
MMEL1,-0.07,0.22301746994661498,0.9702948395450579
SULT1A2,-0.07,0.2183312010975833,0.9702948395450579
TAS1R3,-0.06999999999999981,0.21988536342513543,0.9702948395450579
SFRP4,-0.06500000000000002,0.21371611378992528,0.9702948395450579
PI15,-0.06499999999999992,0.21988536342513543,0.9702948395450579
PEX5L,-0.060000000000000095,0.21988536342513543,0.9702948395450579
PCDHA7,-0.060000000000000005,0.20029407617467154,0.9702948395450579
ST8SIA4,-0.06,0.20469795356714748,0.9702948395450579
TMEM221,-0.05500000000000005,0.20767273425383814,0.9702948395450579
RDH16,-0.05499999999999999,0.2091718294445929,0.9702948395450579
PRAM1,-0.05,0.20469795356714748,0.9702948395450579
VTCN1,-0.05,0.20175428362807624,0.9702948395450579
PCDHA4,-0.05,0.19595977222557082,0.9702948395450579
TTC36,-0.045000000000000054,0.22301746994661498,0.9702948395450579
MYADML2,-0.045,0.2183312010975833,0.9702948395450579
GP6,-0.040000000000000105,0.19884159922424804,0.9702948395450579
AOC1,-0.04000000000000001,0.20322223751088142,0.9702948395450579
ACKR2,-0.04000000000000001,0.22144744856880438,0.9702948395450579
NDN,-0.04000000000000001,0.2183312010975833,0.9702948395450579
CDH10,-0.04,0.19739683666981,0.9702948395450579
DOK5,-0.04,0.21988536342513543,0.9702948395450579
PSTPIP1,-0.04,0.21524659020317594,0.9702948395450579
GJB1,-0.04,0.21067874792592634,0.9702948395450579
CYP4X1,-0.04,0.20469795356714748,0.9702948395450579
POTEF,-0.03500000000000001,0.2183312010975833,0.9702948395450579
VCX3A,-0.030000000000000006,0.22301746994661498,0.9702948395450579
EPGN,-0.030000000000000006,0.21219350450348284,0.9702948395450579
HIPK4,-0.030000000000000002,0.2261813740491111,0.9702948395450579
NSG2,-0.030000000000000002,0.2183312010975833,0.9702948395450579
CLCNKB,-0.030000000000000002,0.20322223751088142,0.9702948395450579
HRH2,-0.03,0.2091718294445929,0.9702948395450579
KCNJ13,-0.03,0.21219350450348284,0.9702948395450579
GRM4,-0.03,0.21371611378992528,0.9702948395450579
GREM2,-0.03,0.2091718294445929,0.9702948395450579
CHRNE,-0.0200000000000001,0.21219350450348284,0.9702948395450579
SLC22A14,-0.020000000000000004,0.20469795356714748,0.9702948395450579
RIC3,-0.020000000000000004,0.22301746994661498,0.9702948395450579
SLC12A3,-0.02,0.21371611378992528,0.9702948395450579
ITLN2,-0.02,0.20029407617467154,0.9702948395450579
GPR34,-0.02,0.2261813740491111,0.9702948395450579
MSTN,-0.019999999999999997,0.22459544077140692,0.9702948395450579
C10orf67,-0.019999999999999997,0.2167849479646653,0.9702948395450579
GIPC3,-0.019999999999999997,0.22459544077140692,0.9702948395450579
OR2H2,-0.019999999999999997,0.21524659020317594,0.9702948395450579
MGAM2,-0.019999999999999997,0.20767273425383814,0.9702948395450579
ADAM20,-0.015000000000000003,0.22144744856880438,0.9702948395450579
ABCA6,-0.015000000000000003,0.20469795356714748,0.9702948395450579
HIF3A,-0.015,0.2167849479646653,0.9702948395450579
FGF14,-0.010000000000000002,0.20175428362807624,0.9702948395450579
HNF1B,-0.010000000000000002,0.2091718294445929,0.9702948395450579
OIT3,-0.01,0.2167849479646653,0.9702948395450579
VAX1,-0.01,0.2261813740491111,0.9702948395450579
KCNJ16,-0.01,0.20767273425383814,0.9702948395450579
OTP,-0.01,0.21524659020317594,0.9702948395450579
GALNTL6,-0.01,0.20469795356714748,0.9702948395450579
ERICH3,-0.01,0.21371611378992528,0.9702948395450579
AGBL4,-0.01,0.206181447356797,0.9702948395450579
DCC,-0.01,0.21219350450348284,0.9702948395450579
DCHS2,-0.01,0.2091718294445929,0.9702948395450579
GOLGA6B,-0.01,0.21371611378992528,0.9702948395450579
CTXN2,-0.01,0.2183312010975833,0.9702948395450579
TERB1,-0.01,0.21067874792592634,0.9702948395450579
RNF225,-0.009999999999999998,0.19595977222557082,0.9702948395450579
CEACAM7,0.0,0.2261813740491111,0.9702948395450579
IBSP,0.0,0.2091718294445929,0.9702948395450579
USH2A,0.0,0.19739683666981,0.9702948395450579
DAZL,0.0,0.20767273425383814,0.9702948395450579
CCKBR,0.0,0.21219350450348284,0.9702948395450579
REG1A,0.0,0.2091718294445929,0.9702948395450579
IFNA6,0.0,0.21371611378992528,0.9702948395450579
SLITRK3,0.0,0.19884159922424804,0.9702948395450579
RFPL3,0.0,0.21067874792592634,0.9702948395450579
HBZ,0.0,0.21524659020317594,0.9702948395450579
ANO3,0.0,0.19739683666981,0.9702948395450579
NXPE4,0.0,0.20175428362807624,0.9702948395450579
KERA,0.0,0.2167849479646653,0.9702948395450579
RNF113B,0.0,0.2261813740491111,0.9702948395450579
SLC6A3,0.0,0.20767273425383814,0.9702948395450579
UGT3A1,0.0,0.20175428362807624,0.9702948395450579
TCTEX1D1,0.0,0.21067874792592634,0.9702948395450579
TGIF2LX,0.0,0.21219350450348284,0.9702948395450579
NLRP14,0.0,0.21067874792592634,0.9702948395450579
BMP10,0.0,0.21219350450348284,0.9702948395450579
SPZ1,0.0,0.21219350450348284,0.9702948395450579
MS4A14,0.0,0.20175428362807624,0.9702948395450579
SLC22A11,0.0,0.2091718294445929,0.9702948395450579
OR10A4,0.0,0.21219350450348284,0.9702948395450579
PRND,0.0,0.21219350450348284,0.9702948395450579
FOXB1,0.0,0.21067874792592634,0.9702948395450579
HSF5,0.0,0.22301746994661498,0.9702948395450579
HTR3C,0.0,0.20175428362807624,0.9702948395450579
TAS1R2,0.0,0.19739683666981,0.9702948395450579
C12orf42,0.0,0.21219350450348284,0.9702948395450579
DEFB124,0.0,0.22301746994661498,0.9702948395450579
KRTAP19-1,0.0,0.22301746994661498,0.9702948395450579
KCNIP4,0.0,0.19884159922424804,0.9702948395450579
SLITRK2,0.0,0.2167849479646653,0.9702948395450579
ANGPTL5,0.0,0.2261813740491111,0.9702948395450579
TMEM215,0.0,0.22301746994661498,0.9702948395450579
PTPRT,0.0,0.22301746994661498,0.9702948395450579
ASMT,0.0,0.21067874792592634,0.9702948395450579
TMEM26,0.0,0.21988536342513543,0.9702948395450579
MPEG1,0.0,0.20469795356714748,0.9702948395450579
GRM3,0.0,0.20469795356714748,0.9702948395450579
TEDDM1,0.0,0.2091718294445929,0.9702948395450579
OR2J3,0.0,0.2183312010975833,0.9702948395450579
KRTAP3-2,0.0,0.21988536342513543,0.9702948395450579
KRT222,0.0,0.21219350450348284,0.9702948395450579
OR2A14,0.0,0.21219350450348284,0.9702948395450579
IQCM,0.0,0.22301746994661498,0.9702948395450579
CD8B2,0.0,0.20175428362807624,0.9702948395450579
MAGEL2,0.0,0.22144744856880438,0.9702948395450579
SLC5A8,0.0,0.20175428362807624,0.9702948395450579
DMRT1,0.01,0.20469795356714748,0.9702948395450579
CCR8,0.01,0.2183312010975833,0.9702948395450579
GOLGA8G,0.01,0.20767273425383814,0.9702948395450579
CCDC177,0.01,0.19884159922424804,0.9702948395450579
BCL6B,0.02,0.21524659020317594,0.9702948395450579
TRAPPC3L,0.02,0.19739683666981,0.9702948395450579
RNF151,0.020000000000000004,0.21988536342513543,0.9702948395450579
MYO16,0.03,0.2261813740491111,0.9702948395450579
RAB33A,0.034999999999999976,0.2091718294445929,0.9702948395450579
CRTAM,0.04,0.21371611378992528,0.9702948395450579
ALKAL2,0.04000000000000001,0.21219350450348284,0.9702948395450579
COX8C,0.05,0.21067874792592634,0.9702948395450579
KLRC3,0.05,0.2261813740491111,0.9702948395450579
LILRA6,0.060000000000000005,0.22459544077140692,0.9702948395450579
PMCH,0.0700000000000001,0.2261813740491111,0.9702948395450579
CCDC190,0.08,0.20175428362807624,0.9702948395450579
SP9,0.08,0.21067874792592634,0.9702948395450579
RBM44,0.1100000000000001,0.19884159922424804,0.9702948395450579
GPHN,0.12499999999999822,0.20175428362807624,0.9702948395450579
PCDHGB6,0.1300000000000001,0.20322223751088142,0.9702948395450579
CORT,0.1399999999999999,0.19595977222557082,0.9702948395450579
H1-5,0.1449999999999999,0.21067874792592634,0.9702948395450579
MEI1,0.17000000000000018,0.206181447356797,0.9702948395450579
MESP2,0.1800000000000001,0.20029407617467154,0.9702948395450579
ESAM,0.21499999999999986,0.2261813740491111,0.9702948395450579
TSPAN19,0.25000000000000006,0.2167849479646653,0.9702948395450579
KRT5,0.3149999999999995,0.22459544077140692,0.9702948395450579
NCF2,0.3150000000000001,0.21524659020317594,0.9702948395450579
THSD8,0.3550000000000002,0.21524659020317594,0.9702948395450579
CREG2,0.4049999999999999,0.20029407617467154,0.9702948395450579
GUCA1B,0.40500000000000014,0.22459544077140692,0.9702948395450579
GLYATL2,0.41999999999999993,0.20469795356714748,0.9702948395450579
SCGB2A2,0.6000000000000001,0.19595977222557082,0.9702948395450579
PALB2,0.6399999999999988,0.22459544077140692,0.9702948395450579
BATF3,0.6999999999999997,0.206181447356797,0.9702948395450579
NOG,0.74,0.2261813740491111,0.9702948395450579
GFI1,0.7500000000000003,0.21219350450348284,0.9702948395450579
SOCS1,0.7549999999999999,0.21988536342513543,0.9702948395450579
PPP2R5E,0.7849999999999984,0.20029407617467154,0.9702948395450579
ERCC8,0.7949999999999982,0.2091718294445929,0.9702948395450579
RMI1,0.8099999999999987,0.2091718294445929,0.9702948395450579
SAYSD1,0.8099999999999996,0.19884159922424804,0.9702948395450579
IPO11,0.8200000000000038,0.22459544077140692,0.9702948395450579
DNA2,0.8550000000000004,0.21067874792592634,0.9702948395450579
AMMECR1,1.1149999999999993,0.21988536342513543,0.9702948395450579
BORA,1.1699999999999964,0.21524659020317594,0.9702948395450579
IWS1,1.2199999999999989,0.20767273425383814,0.9702948395450579
CASZ1,1.2599999999999998,0.2261813740491111,0.9702948395450579
AOX1,1.4150000000000003,0.21371611378992528,0.9702948395450579
HASPIN,1.4200000000000008,0.20029407617467154,0.9702948395450579
ZNF726,1.464999999999999,0.2261813740491111,0.9702948395450579
GDAP2,1.4899999999999984,0.20175428362807624,0.9702948395450579
PDCD1LG2,1.575,0.19884159922424804,0.9702948395450579
FOXL2,1.66,0.2091718294445929,0.9702948395450579
MAML2,1.7149999999999972,0.2261813740491111,0.9702948395450579
INO80,1.820000000000002,0.21371611378992528,0.9702948395450579
ATG16L2,1.8699999999999957,0.21988536342513543,0.9702948395450579
LANCL2,1.8900000000000041,0.2167849479646653,0.9702948395450579
C9orf40,1.8949999999999996,0.2261813740491111,0.9702948395450579
PROSER1,1.9349999999999987,0.20767273425383814,0.9702948395450579
CALB2,1.9400000000000002,0.2167849479646653,0.9702948395450579
EEF1AKMT2,1.949999999999994,0.21988536342513543,0.9702948395450579
GNB3,1.9650000000000003,0.21371611378992528,0.9702948395450579
PGAP4,1.9849999999999994,0.2167849479646653,0.9702948395450579
SLC9A5,2.035,0.22301746994661498,0.9702948395450579
ZNF215,2.12,0.20029407617467154,0.9702948395450579
KIAA1143,2.1250000000000018,0.20322223751088142,0.9702948395450579
CTU2,2.140000000000004,0.22301746994661498,0.9702948395450579
PHACTR4,2.365000000000002,0.22301746994661498,0.9702948395450579
C21orf58,2.404999999999996,0.21988536342513543,0.9702948395450579
NUDT7,2.674999999999999,0.21988536342513543,0.9702948395450579
ZNF229,2.885,0.19884159922424804,0.9702948395450579
ANKMY1,2.8999999999999986,0.22301746994661498,0.9702948395450579
FOXL2NB,2.91,0.20322223751088142,0.9702948395450579
UPRT,3.085000000000001,0.19884159922424804,0.9702948395450579
DEPDC1,3.1449999999999996,0.2261813740491111,0.9702948395450579
PRDM8,3.2049999999999987,0.2261813740491111,0.9702948395450579
RBBP8,3.3000000000000007,0.20767273425383814,0.9702948395450579
RNMT,3.325000000000003,0.20767273425383814,0.9702948395450579
FAM76B,3.4499999999999975,0.2261813740491111,0.9702948395450579
CWC22,3.5099999999999927,0.2091718294445929,0.9702948395450579
FXN,3.570000000000009,0.19595977222557082,0.9702948395450579
COQ2,3.635000000000005,0.22301746994661498,0.9702948395450579
PRKAG2,3.7300000000000004,0.2261813740491111,0.9702948395450579
NKRF,3.735000000000003,0.2261813740491111,0.9702948395450579
MCUR1,3.8149999999999995,0.20029407617467154,0.9702948395450579
SLC35G2,3.900000000000002,0.2183312010975833,0.9702948395450579
MTA3,4.015000000000001,0.20175428362807624,0.9702948395450579
PET117,4.09,0.19595977222557082,0.9702948395450579
TMEM158,4.17,0.2183312010975833,0.9702948395450579
APH1B,4.195,0.21988536342513543,0.9702948395450579
KMT5B,4.234999999999985,0.19595977222557082,0.9702948395450579
NSDHL,4.259999999999991,0.20175428362807624,0.9702948395450579
ZFP62,4.309999999999999,0.21988536342513543,0.9702948395450579
SMKR1,4.324999999999999,0.20469795356714748,0.9702948395450579
NDC1,4.640000000000001,0.2167849479646653,0.9702948395450579
PGM2,4.8450000000000095,0.20175428362807624,0.9702948395450579
PSME4,4.9049999999999905,0.2183312010975833,0.9702948395450579
ZPR1,4.919999999999973,0.19884159922424804,0.9702948395450579
CDCA2,4.9350000000000165,0.22301746994661498,0.9702948395450579
ZCCHC8,5.00500000000001,0.2261813740491111,0.9702948395450579
KMT2B,5.044999999999995,0.21988536342513543,0.9702948395450579
TAF6L,5.129999999999999,0.20767273425383814,0.9702948395450579
NCAPD3,5.150000000000006,0.2261813740491111,0.9702948395450579
TM2D2,5.224999999999987,0.19595977222557082,0.9702948395450579
GEMIN2,5.23,0.21524659020317594,0.9702948395450579
RGS10,5.264999999999997,0.20175428362807624,0.9702948395450579
ZBTB17,5.329999999999991,0.19884159922424804,0.9702948395450579
TUBGCP5,5.400000000000004,0.20469795356714748,0.9702948395450579
KLF2,5.5150000000000015,0.22301746994661498,0.9702948395450579
PCM1,5.539999999999999,0.2261813740491111,0.9702948395450579
DARS2,5.569999999999993,0.2261813740491111,0.9702948395450579
GINS2,5.600000000000005,0.21988536342513543,0.9702948395450579
MARCHF3,5.680000000000001,0.21988536342513543,0.9702948395450579
ANAPC1,6.1249999999999964,0.21371611378992528,0.9702948395450579
LIX1L,6.780000000000001,0.2261813740491111,0.9702948395450579
USP1,7.224999999999994,0.19884159922424804,0.9702948395450579
GIGYF2,7.245000000000008,0.20175428362807624,0.9702948395450579
DCAF15,7.265000000000001,0.20767273425383814,0.9702948395450579
NIP7,7.354999999999983,0.20029407617467154,0.9702948395450579
MIIP,7.454999999999988,0.20175428362807624,0.9702948395450579
MRPL35,7.464999999999982,0.2167849479646653,0.9702948395450579
KIF20A,7.589999999999996,0.2183312010975833,0.9702948395450579
NUP188,7.614999999999995,0.21371611378992528,0.9702948395450579
RRP9,7.690000000000012,0.21067874792592634,0.9702948395450579
INTS8,7.704999999999998,0.20175428362807624,0.9702948395450579
CENPO,7.815000000000001,0.20469795356714748,0.9702948395450579
UBE2K,7.880000000000017,0.21371611378992528,0.9702948395450579
MKI67,8.514999999999993,0.2261813740491111,0.9702948395450579
SAP30BP,8.624999999999993,0.21988536342513543,0.9702948395450579
TINF2,8.729999999999997,0.21524659020317594,0.9702948395450579
CBWD2,8.990000000000009,0.206181447356797,0.9702948395450579
C11orf1,9.209999999999987,0.20175428362807624,0.9702948395450579
ANAPC13,9.294999999999945,0.19595977222557082,0.9702948395450579
PIP4P1,9.405000000000001,0.20767273425383814,0.9702948395450579
PELP1,9.735,0.21371611378992528,0.9702948395450579
UBL4A,9.935000000000002,0.20767273425383814,0.9702948395450579
DPH5,10.305000000000007,0.20469795356714748,0.9702948395450579
BCL2L12,10.405000000000022,0.2167849479646653,0.9702948395450579
MRPS35,10.560000000000002,0.20767273425383814,0.9702948395450579
CENPW,10.739999999999974,0.2261813740491111,0.9702948395450579
DDX19B,10.859999999999989,0.19739683666981,0.9702948395450579
DROSHA,10.939999999999998,0.20767273425383814,0.9702948395450579
HEBP1,11.239999999999995,0.21371611378992528,0.9702948395450579
JDP2,11.745000000000001,0.20767273425383814,0.9702948395450579
EPB41L2,11.789999999999992,0.21371611378992528,0.9702948395450579
BCAR3,12.68,0.2261813740491111,0.9702948395450579
CPSF1,13.040000000000035,0.21067874792592634,0.9702948395450579
CAD,13.129999999999995,0.20767273425383814,0.9702948395450579
RRP36,13.170000000000002,0.20469795356714748,0.9702948395450579
MARCKS,13.335000000000015,0.21988536342513543,0.9702948395450579
CSTF3,13.705000000000005,0.2167849479646653,0.9702948395450579
TCF3,13.734999999999992,0.21067874792592634,0.9702948395450579
BCL9L,13.944999999999986,0.20469795356714748,0.9702948395450579
GSTO2,14.355000000000008,0.206181447356797,0.9702948395450579
GTF3A,15.129999999999981,0.20469795356714748,0.9702948395450579
NTMT1,15.160000000000004,0.20469795356714748,0.9702948395450579
PPP1CC,15.764999999999944,0.21988536342513543,0.9702948395450579
INSIG1,15.804999999999993,0.2261813740491111,0.9702948395450579
DPYD,16.404999999999994,0.19884159922424804,0.9702948395450579
PDZD11,16.659999999999982,0.2261813740491111,0.9702948395450579
IPO4,16.874999999999993,0.19595977222557082,0.9702948395450579
ELK3,17.13999999999998,0.2261813740491111,0.9702948395450579
EIF3J,18.289999999999978,0.22301746994661498,0.9702948395450579
UBE2T,18.355000000000004,0.22301746994661498,0.9702948395450579
ATP1A1,18.63499999999999,0.2261813740491111,0.9702948395450579
OLA1,18.715000000000032,0.20767273425383814,0.9702948395450579
SF3B2,19.075000000000045,0.21371611378992528,0.9702948395450579
FUBP1,19.254999999999967,0.2261813740491111,0.9702948395450579
DBNDD2,19.57,0.2167849479646653,0.9702948395450579
PLK1,20.44999999999996,0.20469795356714748,0.9702948395450579
ACYP1,20.48,0.19595977222557082,0.9702948395450579
HNRNPL,20.9050000000002,0.2261813740491111,0.9702948395450579
SRSF7,22.579999999999984,0.21067874792592634,0.9702948395450579
USB1,22.75500000000001,0.2167849479646653,0.9702948395450579
DCTN1,23.100000000000065,0.20175428362807624,0.9702948395450579
CXCL1,24.095,0.2261813740491111,0.9702948395450579
GJA1,24.889999999999997,0.21371611378992528,0.9702948395450579
MALL,25.505,0.20469795356714748,0.9702948395450579
CCT4,25.709999999999866,0.21988536342513543,0.9702948395450579
CAPN1,26.510000000000034,0.20767273425383814,0.9702948395450579
PSMF1,27.63500000000002,0.22301746994661498,0.9702948395450579
RUVBL1,28.155000000000058,0.22301746994661498,0.9702948395450579
TOMM6,31.759999999999877,0.2167849479646653,0.9702948395450579
CAST,33.099999999999994,0.20767273425383814,0.9702948395450579
APRT,33.680000000000035,0.20175428362807624,0.9702948395450579
CKLF,34.87000000000005,0.20175428362807624,0.9702948395450579
MYBBP1A,35.890000000000015,0.2261813740491111,0.9702948395450579
MAP7D1,38.38500000000005,0.21988536342513543,0.9702948395450579
SQLE,46.450000000000024,0.21371611378992528,0.9702948395450579
CAVIN3,49.83000000000003,0.21988536342513543,0.9702948395450579
SRSF5,50.56499999999994,0.2167849479646653,0.9702948395450579
SRSF9,52.34999999999991,0.19884159922424804,0.9702948395450579
PRRC2A,54.06499999999997,0.21371611378992528,0.9702948395450579
GARS1,57.72999999999986,0.20767273425383814,0.9702948395450579
RPL27A,66.30000000000155,0.2167849479646653,0.9702948395450579
ARPC2,66.82499999999993,0.22301746994661498,0.9702948395450579
DYNC1H1,69.70499999999996,0.21067874792592634,0.9702948395450579
G3BP1,77.27000000000015,0.21371611378992528,0.9702948395450579
FDPS,81.18500000000012,0.19884159922424804,0.9702948395450579
NDUFB9,82.00500000000034,0.21067874792592634,0.9702948395450579
RAC1,91.0200000000001,0.21067874792592634,0.9702948395450579
MAP4K4,92.08999999999997,0.22301746994661498,0.9702948395450579
IER3,116.62000000000002,0.21371611378992528,0.9702948395450579
COX8A,204.83500000000117,0.21371611378992528,0.9702948395450579
RPS25,500.34999999999945,0.19595977222557082,0.9702948395450579
RPSA,562.2999999999988,0.20767273425383814,0.9702948395450579
RPL27,678.8000000000029,0.19595977222557082,0.9702948395450579
RPS21,1090.799999999991,0.21988536342513543,0.9702948395450579
VIM,1146.3000000000002,0.20175428362807624,0.9702948395450579
SDF2L1,-22.615000000000016,0.2293771789421316,0.9718402197431196
MEST,-14.169999999999998,0.22777528257703106,0.9718402197431196
CEP20,-8.58999999999999,0.2293771789421316,0.9718402197431196
PTOV1,-8.335000000000008,0.2293771789421316,0.9718402197431196
CMTM4,-7.394999999999998,0.22777528257703106,0.9718402197431196
TSC2,-6.9250000000000185,0.2293771789421316,0.9718402197431196
DPY19L1,-6.795000000000009,0.2293771789421316,0.9718402197431196
PACSIN2,-6.399999999999999,0.2293771789421316,0.9718402197431196
GJC1,-6.149999999999999,0.22777528257703106,0.9718402197431196
TOR1A,-5.199999999999996,0.2293771789421316,0.9718402197431196
CEBPZOS,-5.055,0.22777528257703106,0.9718402197431196
FASTKD5,-3.909999999999993,0.22777528257703106,0.9718402197431196
UBAP1,-3.6349999999999945,0.2293771789421316,0.9718402197431196
BTAF1,-2.6650000000000027,0.22777528257703106,0.9718402197431196
RBM26,-2.569999999999993,0.22777528257703106,0.9718402197431196
ITPR1,-2.4949999999999974,0.22777528257703106,0.9718402197431196
PDCD7,-2.3599999999999994,0.2293771789421316,0.9718402197431196
TBC1D13,-2.305000000000005,0.2293771789421316,0.9718402197431196
CPT2,-2.280000000000003,0.22777528257703106,0.9718402197431196
ZNF251,-2.1199999999999974,0.2293771789421316,0.9718402197431196
CLCN3,-1.8800000000000097,0.2293771789421316,0.9718402197431196
FCSK,-1.7100000000000017,0.2293771789421316,0.9718402197431196
PDE4D,-1.3149999999999982,0.22777528257703106,0.9718402197431196
TNS1,-1.2449999999999999,0.2293771789421316,0.9718402197431196
ZNF526,-0.9449999999999998,0.22777528257703106,0.9718402197431196
ZNF596,-0.7749999999999999,0.22777528257703106,0.9718402197431196
LRRC8E,-0.4450000000000012,0.2293771789421316,0.9718402197431196
PALM3,-0.38,0.22777528257703106,0.9718402197431196
EDA,-0.2049999999999999,0.2293771789421316,0.9718402197431196
CARD9,-0.1399999999999999,0.2293771789421316,0.9718402197431196
ZMYND12,-0.10000000000000009,0.22777528257703106,0.9718402197431196
BIRC7,-0.060000000000000095,0.22777528257703106,0.9718402197431196
SLC6A13,-0.04000000000000001,0.22777528257703106,0.9718402197431196
SST,-0.04,0.22777528257703106,0.9718402197431196
SCN11A,-0.030000000000000002,0.2293771789421316,0.9718402197431196
HDC,-0.019999999999999997,0.22777528257703106,0.9718402197431196
ITIH6,-0.01,0.2293771789421316,0.9718402197431196
GPR150,-0.01,0.2293771789421316,0.9718402197431196
OR6M1,0.0,0.2293771789421316,0.9718402197431196
ZNF98,0.0,0.2293771789421316,0.9718402197431196
MYCT1,0.019999999999999997,0.2293771789421316,0.9718402197431196
KLHL33,0.019999999999999997,0.2293771789421316,0.9718402197431196
ITLN1,0.02,0.22777528257703106,0.9718402197431196
LST1,0.0449999999999999,0.2293771789421316,0.9718402197431196
C7orf61,0.24,0.2293771789421316,0.9718402197431196
ITPRIPL1,0.45,0.22777528257703106,0.9718402197431196
EFR3A,3.6499999999999986,0.2293771789421316,0.9718402197431196
NOP58,7.125000000000085,0.2293771789421316,0.9718402197431196
USP39,16.030000000000015,0.2293771789421316,0.9718402197431196
YWHAH,24.17500000000001,0.2293771789421316,0.9718402197431196
BIRC5,27.299999999999983,0.2293771789421316,0.9718402197431196
DMKN,32.745000000000005,0.2293771789421316,0.9718402197431196
EEF1G,181.54999999999905,0.2293771789421316,0.9718402197431196
CAV1,430.33500000000015,0.2293771789421316,0.9718402197431196
RPS3A,462.24999999999955,0.2293771789421316,0.9718402197431196
RPS17,542.4000000000028,0.2293771789421316,0.9718402197431196
ATP6V1F,-52.474999999999994,0.23260498446980782,0.9719981421574181
SNF8,-20.164999999999935,0.2309870755193324,0.9719981421574181
FH,-16.82499999999999,0.23260498446980782,0.9719981421574181
MLEC,-16.534999999999968,0.23260498446980782,0.9719981421574181
FBXO7,-8.625,0.2309870755193324,0.9719981421574181
ZNF622,-8.154999999999998,0.23260498446980782,0.9719981421574181
TMEM160,-5.729999999999997,0.23260498446980782,0.9719981421574181
PJA2,-5.134999999999998,0.23260498446980782,0.9719981421574181
PTPN18,-4.989999999999991,0.23260498446980782,0.9719981421574181
UBXN7,-3.08,0.2309870755193324,0.9719981421574181
MARCHF2,-2.205000000000002,0.23260498446980782,0.9719981421574181
FOXC1,-2.1750000000000007,0.23260498446980782,0.9719981421574181
FLYWCH1,-2.1699999999999893,0.2309870755193324,0.9719981421574181
FAM114A2,-2.044999999999998,0.23260498446980782,0.9719981421574181
ZSCAN21,-1.6449999999999996,0.23260498446980782,0.9719981421574181
ZNF48,-1.495000000000001,0.23260498446980782,0.9719981421574181
C11orf49,-1.3499999999999837,0.23260498446980782,0.9719981421574181
KIAA0513,-0.8949999999999996,0.23260498446980782,0.9719981421574181
FAM210B,-0.7549999999999955,0.23260498446980782,0.9719981421574181
ZNF253,-0.7199999999999998,0.23260498446980782,0.9719981421574181
CDKL5,-0.5299999999999998,0.2309870755193324,0.9719981421574181
ZNF573,-0.4850000000000001,0.2309870755193324,0.9719981421574181
RASSF2,-0.4200000000000001,0.2309870755193324,0.9719981421574181
CA14,-0.15499999999999997,0.2309870755193324,0.9719981421574181
SEMA3G,-0.1099999999999999,0.23260498446980782,0.9719981421574181
CCDC152,-0.04,0.23260498446980782,0.9719981421574181
SIT1,-0.02,0.2309870755193324,0.9719981421574181
TAS2R50,-0.02,0.2309870755193324,0.9719981421574181
KLF14,-0.02,0.2309870755193324,0.9719981421574181
MYBPC2,-0.01,0.23260498446980782,0.9719981421574181
GGT2,0.0,0.2309870755193324,0.9719981421574181
HCRT,0.0,0.23260498446980782,0.9719981421574181
KCNB2,0.0,0.2309870755193324,0.9719981421574181
NLRP9,0.0,0.2309870755193324,0.9719981421574181
TEX13D,0.0,0.23260498446980782,0.9719981421574181
OTOS,0.04,0.23260498446980782,0.9719981421574181
TMED6,0.10000000000000014,0.23260498446980782,0.9719981421574181
TAF5,0.2599999999999998,0.2309870755193324,0.9719981421574181
KLRC2,0.5199999999999998,0.23260498446980782,0.9719981421574181
NKAP,1.0699999999999967,0.23260498446980782,0.9719981421574181
FERMT1,1.214999999999998,0.2309870755193324,0.9719981421574181
PHF21B,1.2750000000000006,0.23260498446980782,0.9719981421574181
ASXL2,1.3350000000000026,0.23260498446980782,0.9719981421574181
BDKRB1,1.51,0.2309870755193324,0.9719981421574181
SFMBT1,1.5350000000000001,0.23260498446980782,0.9719981421574181
CACNA2D4,1.5799999999999996,0.23260498446980782,0.9719981421574181
GOLGA8A,2.024999999999988,0.23260498446980782,0.9719981421574181
GEN1,2.0349999999999966,0.2309870755193324,0.9719981421574181
CSKMT,2.49,0.2309870755193324,0.9719981421574181
C16orf70,2.509999999999991,0.23260498446980782,0.9719981421574181
SPAG4,3.370000000000001,0.23260498446980782,0.9719981421574181
CGAS,3.7950000000000013,0.2309870755193324,0.9719981421574181
SP3,4.144999999999989,0.23260498446980782,0.9719981421574181
SLC16A5,4.325000000000001,0.23260498446980782,0.9719981421574181
ASAP2,4.79000000000001,0.2309870755193324,0.9719981421574181
CBWD5,6.170000000000016,0.23260498446980782,0.9719981421574181
ALG13,9.245000000000008,0.23260498446980782,0.9719981421574181
GFM1,11.275000000000013,0.23260498446980782,0.9719981421574181
MRPL3,12.710000000000022,0.23260498446980782,0.9719981421574181
CDK10,15.370000000000005,0.23260498446980782,0.9719981421574181
MRPL2,19.90499999999998,0.23260498446980782,0.9719981421574181
SF3B3,22.444999999999993,0.23260498446980782,0.9719981421574181
TMEM50A,24.64999999999999,0.23260498446980782,0.9719981421574181
SNRPD2,-144.90499999999997,0.23915697965217564,0.9740649136686481
PSMB1,-50.97,0.2424813516797738,0.9740649136686481
MORF4L2,-47.984999999999786,0.23586488705639563,0.9740649136686481
EIF3K,-46.960000000000036,0.24583808898092696,0.9740649136686481
ADAM10,-31.499999999999957,0.23586488705639563,0.9740649136686481
GALE,-28.940000000000012,0.23915697965217564,0.9740649136686481
KDELR1,-26.07000000000005,0.23586488705639563,0.9740649136686481
BCL2L1,-22.509999999999977,0.2424813516797738,0.9740649136686481
UQCR11,-20.030000000000015,0.24583808898092696,0.9740649136686481
MRPL12,-16.69999999999999,0.2424813516797738,0.9740649136686481
FAM98A,-15.954999999999991,0.2424813516797738,0.9740649136686481
ACSL3,-13.044999999999995,0.23586488705639563,0.9740649136686481
FAM83H,-12.430000000000001,0.24583808898092696,0.9740649136686481
PLEKHB2,-10.844999999999978,0.2424813516797738,0.9740649136686481
FADS3,-10.510000000000002,0.23915697965217564,0.9740649136686481
SLC35C2,-10.330000000000013,0.23915697965217564,0.9740649136686481
DPM2,-9.884999999999991,0.24583808898092696,0.9740649136686481
DHCR7,-9.719999999999985,0.24583808898092696,0.9740649136686481
BNIP3,-8.139999999999997,0.23915697965217564,0.9740649136686481
MYO5B,-7.784999999999998,0.23915697965217564,0.9740649136686481
SLC41A3,-7.025000000000002,0.23586488705639563,0.9740649136686481
TVP23B,-6.945,0.23586488705639563,0.9740649136686481
ZC3H7A,-6.5099999999999945,0.23586488705639563,0.9740649136686481
TNIP2,-6.23500000000001,0.24583808898092696,0.9740649136686481
ARHGAP27,-5.985000000000001,0.23915697965217564,0.9740649136686481
DLGAP4,-5.905000000000012,0.23586488705639563,0.9740649136686481
CHST3,-5.74,0.244155669447372,0.9740649136686481
TCEAL8,-5.434999999999995,0.23586488705639563,0.9740649136686481
APPL2,-5.350000000000001,0.2424813516797738,0.9740649136686481
PPP1R10,-5.274999999999999,0.23915697965217564,0.9740649136686481
GOSR1,-5.160000000000004,0.23586488705639563,0.9740649136686481
UTP3,-5.009999999999998,0.2424813516797738,0.9740649136686481
FADS2,-4.7749999999999915,0.23915697965217564,0.9740649136686481
RAB14,-4.6499999999999915,0.24081512528734117,0.9740649136686481
MC1R,-4.624999999999998,0.23915697965217564,0.9740649136686481
GM2A,-4.4350000000000005,0.2424813516797738,0.9740649136686481
ZNFX1,-4.324999999999999,0.24583808898092696,0.9740649136686481
CC2D1B,-4.295,0.23915697965217564,0.9740649136686481
HERC2,-4.064999999999998,0.24583808898092696,0.9740649136686481
AIF1L,-3.990000000000003,0.2375069039309171,0.9740649136686481
MARF1,-3.9599999999999955,0.24081512528734117,0.9740649136686481
RGP1,-3.4499999999999993,0.2424813516797738,0.9740649136686481
SH2B1,-3.4450000000000074,0.2424813516797738,0.9740649136686481
SPINT1,-3.4400000000000013,0.2375069039309171,0.9740649136686481
VPS53,-3.4250000000000025,0.244155669447372,0.9740649136686481
ANK3,-3.3999999999999995,0.2424813516797738,0.9740649136686481
PTPN3,-3.3250000000000015,0.23586488705639563,0.9740649136686481
CPA4,-3.285,0.2375069039309171,0.9740649136686481
GPD1L,-3.1499999999999995,0.23586488705639563,0.9740649136686481
BCL9,-2.9750000000000014,0.23586488705639563,0.9740649136686481
CFD,-2.8249999999999993,0.24081512528734117,0.9740649136686481
AFTPH,-2.8000000000000007,0.2375069039309171,0.9740649136686481
TMEM168,-2.739999999999995,0.23586488705639563,0.9740649136686481
MYO5A,-2.714999999999999,0.2424813516797738,0.9740649136686481
TGFBRAP1,-2.700000000000001,0.23586488705639563,0.9740649136686481
VEZF1,-2.689999999999994,0.24583808898092696,0.9740649136686481
BPNT2,-2.600000000000005,0.24081512528734117,0.9740649136686481
SCAP,-2.575000000000003,0.24583808898092696,0.9740649136686481
ZNF680,-2.315000000000002,0.24583808898092696,0.9740649136686481
FNIP2,-2.3050000000000006,0.23423091773929283,0.9740649136686481
DTNA,-2.229999999999999,0.2375069039309171,0.9740649136686481
SEMA4F,-2.07,0.23915697965217564,0.9740649136686481
CERS1,-1.9000000000000004,0.23586488705639563,0.9740649136686481
FBXW7,-1.7499999999999982,0.2424813516797738,0.9740649136686481
ENDOG,-1.660000000000002,0.2375069039309171,0.9740649136686481
ZNF595,-1.6149999999999993,0.244155669447372,0.9740649136686481
C19orf47,-1.6050000000000004,0.24583808898092696,0.9740649136686481
AASS,-1.5999999999999988,0.24583808898092696,0.9740649136686481
NEU3,-1.575000000000001,0.24081512528734117,0.9740649136686481
CD55,-1.499999999999993,0.2424813516797738,0.9740649136686481
ZNF322,-1.4950000000000019,0.24583808898092696,0.9740649136686481
NPL,-1.45,0.2375069039309171,0.9740649136686481
STXBP5,-1.4299999999999997,0.24081512528734117,0.9740649136686481
SLC25A26,-1.299999999999999,0.2424813516797738,0.9740649136686481
SCG2,-1.1250000000000002,0.24081512528734117,0.9740649136686481
MOCS3,-1.1000000000000014,0.23423091773929283,0.9740649136686481
C3orf52,-1.0500000000000007,0.244155669447372,0.9740649136686481
FOXO4,-1.0399999999999991,0.244155669447372,0.9740649136686481
ZDBF2,-0.9999999999999998,0.2375069039309171,0.9740649136686481
BRICD5,-0.9800000000000004,0.244155669447372,0.9740649136686481
CEP162,-0.8750000000000004,0.2375069039309171,0.9740649136686481
CYGB,-0.8750000000000002,0.244155669447372,0.9740649136686481
C6orf141,-0.8749999999999996,0.24583808898092696,0.9740649136686481
EGF,-0.6749999999999998,0.2375069039309171,0.9740649136686481
ZNF530,-0.6349999999999989,0.2424813516797738,0.9740649136686481
ZNF765,-0.6200000000000001,0.244155669447372,0.9740649136686481
IKZF2,-0.615,0.23915697965217564,0.9740649136686481
C19orf71,-0.5099999999999998,0.24081512528734117,0.9740649136686481
ENOX1,-0.475,0.2375069039309171,0.9740649136686481
CYP4F11,-0.47000000000000003,0.23586488705639563,0.9740649136686481
ZNF341,-0.4349999999999996,0.24081512528734117,0.9740649136686481
BEGAIN,-0.3799999999999999,0.2375069039309171,0.9740649136686481
TTLL11,-0.3650000000000002,0.23423091773929283,0.9740649136686481
SLC12A8,-0.3650000000000002,0.24081512528734117,0.9740649136686481
PAPPA,-0.315,0.24583808898092696,0.9740649136686481
PNMA8A,-0.2750000000000001,0.23586488705639563,0.9740649136686481
BEAN1,-0.2749999999999999,0.23915697965217564,0.9740649136686481
LCN12,-0.26000000000000006,0.24583808898092696,0.9740649136686481
ETV7,-0.21000000000000021,0.2375069039309171,0.9740649136686481
ST6GALNAC3,-0.1850000000000002,0.24081512528734117,0.9740649136686481
TMEM40,-0.16999999999999993,0.23423091773929283,0.9740649136686481
SLC6A17,-0.1300000000000001,0.23423091773929283,0.9740649136686481
AC008687.4,-0.1299999999999999,0.2424813516797738,0.9740649136686481
NUTM2E,-0.1200000000000001,0.244155669447372,0.9740649136686481
THY1,-0.09499999999999997,0.23586488705639563,0.9740649136686481
SLCO5A1,-0.07500000000000001,0.2424813516797738,0.9740649136686481
FAM3B,-0.065,0.23423091773929283,0.9740649136686481
PROX1,-0.05500000000000005,0.23586488705639563,0.9740649136686481
GABRR2,-0.05500000000000002,0.23915697965217564,0.9740649136686481
FREM1,-0.05,0.2424813516797738,0.9740649136686481
RIMS4,-0.045,0.24583808898092696,0.9740649136686481
SLC49A3,-0.04000000000000009,0.24081512528734117,0.9740649136686481
RELN,-0.0350000000000001,0.23915697965217564,0.9740649136686481
MTHFD2L,-0.03000000000000025,0.2424813516797738,0.9740649136686481
GPR45,-0.030000000000000002,0.24583808898092696,0.9740649136686481
NKX2-5,-0.030000000000000002,0.24081512528734117,0.9740649136686481
GALNT15,-0.03,0.23586488705639563,0.9740649136686481
GABRG2,-0.02,0.24583808898092696,0.9740649136686481
NR1I2,-0.02,0.23586488705639563,0.9740649136686481
ADGRL4,-0.02,0.23915697965217564,0.9740649136686481
HHIPL1,-0.02,0.23423091773929283,0.9740649136686481
MAGEB2,-0.019999999999999997,0.23915697965217564,0.9740649136686481
CNGA4,-0.019999999999999997,0.2375069039309171,0.9740649136686481
HRK,-0.01999999999999999,0.244155669447372,0.9740649136686481
SYNDIG1,-0.01,0.23915697965217564,0.9740649136686481
CYP2C18,-0.01,0.24583808898092696,0.9740649136686481
COL9A1,-0.01,0.23423091773929283,0.9740649136686481
DBH,-0.01,0.244155669447372,0.9740649136686481
IL2RA,-0.01,0.2375069039309171,0.9740649136686481
THSD7B,-0.01,0.24583808898092696,0.9740649136686481
PADI4,-0.01,0.24583808898092696,0.9740649136686481
ZSCAN4,-0.01,0.2375069039309171,0.9740649136686481
MAB21L1,-0.01,0.24583808898092696,0.9740649136686481
SUCNR1,-0.01,0.23915697965217564,0.9740649136686481
IKZF3,-0.009999999999999998,0.2424813516797738,0.9740649136686481
PSAPL1,-0.005,0.2424813516797738,0.9740649136686481
SHISAL2A,-0.005,0.2375069039309171,0.9740649136686481
SEC14L3,0.0,0.23423091773929283,0.9740649136686481
UCP1,0.0,0.24081512528734117,0.9740649136686481
AGXT2,0.0,0.244155669447372,0.9740649136686481
MROH9,0.0,0.24583808898092696,0.9740649136686481
UGT2A3,0.0,0.23423091773929283,0.9740649136686481
HEMGN,0.0,0.2375069039309171,0.9740649136686481
HCN4,0.0,0.23586488705639563,0.9740649136686481
PMP2,0.0,0.2424813516797738,0.9740649136686481
DMP1,0.0,0.23915697965217564,0.9740649136686481
CD1B,0.0,0.23423091773929283,0.9740649136686481
KCNG4,0.0,0.23423091773929283,0.9740649136686481
TRIM49,0.0,0.23423091773929283,0.9740649136686481
OR52W1,0.0,0.24583808898092696,0.9740649136686481
MAGEB5,0.0,0.2424813516797738,0.9740649136686481
VHLL,0.0,0.2375069039309171,0.9740649136686481
KRTAP5-6,0.0,0.24583808898092696,0.9740649136686481
PRR23A,0.0,0.23423091773929283,0.9740649136686481
GAGE12D,0.0,0.24583808898092696,0.9740649136686481
GAGE12C,0.0,0.24583808898092696,0.9740649136686481
KIAA1210,0.0,0.24583808898092696,0.9740649136686481
COL1A2,0.0050000000000001155,0.24583808898092696,0.9740649136686481
SPEM2,0.01,0.23915697965217564,0.9740649136686481
LMLN2,0.01,0.2375069039309171,0.9740649136686481
TCF21,0.019999999999999997,0.23915697965217564,0.9740649136686481
OR11H4,0.02,0.23915697965217564,0.9740649136686481
BIN2,0.020000000000000004,0.24583808898092696,0.9740649136686481
LMO2,0.025000000000000022,0.244155669447372,0.9740649136686481
MMP9,0.025000000000000105,0.2424813516797738,0.9740649136686481
CASP5,0.03,0.23586488705639563,0.9740649136686481
DACH1,0.030000000000000006,0.24081512528734117,0.9740649136686481
OR2B6,0.0399999999999999,0.2424813516797738,0.9740649136686481
LRRC4C,0.049999999999999996,0.244155669447372,0.9740649136686481
ERAS,0.049999999999999996,0.23586488705639563,0.9740649136686481
SPANXA1,0.05,0.23586488705639563,0.9740649136686481
CEP126,0.08999999999999986,0.24081512528734117,0.9740649136686481
CRIP3,0.10999999999999989,0.24583808898092696,0.9740649136686481
BGLAP,0.11499999999999994,0.2424813516797738,0.9740649136686481
AKNAD1,0.1150000000000001,0.24081512528734117,0.9740649136686481
C1QL3,0.1500000000000002,0.2375069039309171,0.9740649136686481
NEDD8-MDP1,0.17000000000000015,0.24583808898092696,0.9740649136686481
SOX7,0.18000000000000022,0.244155669447372,0.9740649136686481
CIDEB,0.2699999999999998,0.23586488705639563,0.9740649136686481
AGTR1,0.3500000000000001,0.23423091773929283,0.9740649136686481
NEDD1,0.370000000000001,0.24583808898092696,0.9740649136686481
KDM4D,0.5300000000000005,0.24583808898092696,0.9740649136686481
CYP20A1,0.5899999999999999,0.2375069039309171,0.9740649136686481
HNRNPA1L2,0.6500000000000004,0.2375069039309171,0.9740649136686481
AP002495.1,0.8500000000000001,0.24583808898092696,0.9740649136686481
THAP10,0.8949999999999982,0.244155669447372,0.9740649136686481
JCAD,0.9999999999999998,0.23915697965217564,0.9740649136686481
GRK3,1.1199999999999997,0.244155669447372,0.9740649136686481
LYRM7,1.3149999999999995,0.23423091773929283,0.9740649136686481
C5orf34,1.3600000000000056,0.24081512528734117,0.9740649136686481
CHAC2,1.3649999999999984,0.2424813516797738,0.9740649136686481
ZGRF1,1.3999999999999968,0.24583808898092696,0.9740649136686481
C14orf93,1.795,0.2424813516797738,0.9740649136686481
N4BP2,1.9750000000000014,0.24081512528734117,0.9740649136686481
BRPF1,1.980000000000004,0.24583808898092696,0.9740649136686481
ZW10,1.9849999999999994,0.2424813516797738,0.9740649136686481
TBRG1,2.109999999999996,0.2375069039309171,0.9740649136686481
EPC1,2.315000000000005,0.2375069039309171,0.9740649136686481
ZMYM1,2.4600000000000026,0.24081512528734117,0.9740649136686481
CYP2R1,2.544999999999998,0.23915697965217564,0.9740649136686481
FBXO28,2.7100000000000044,0.24583808898092696,0.9740649136686481
TRABD,2.7749999999999986,0.23586488705639563,0.9740649136686481
FAM104A,2.8349999999999973,0.24583808898092696,0.9740649136686481
SKA1,3.2399999999999984,0.24583808898092696,0.9740649136686481
CEP164,3.2799999999999976,0.24583808898092696,0.9740649136686481
ARHGAP19,3.3199999999999967,0.24583808898092696,0.9740649136686481
WDR76,3.5450000000000035,0.23915697965217564,0.9740649136686481
C12orf29,3.710000000000008,0.2424813516797738,0.9740649136686481
SLC25A14,3.860000000000003,0.23915697965217564,0.9740649136686481
DCPS,4.070000000000002,0.24081512528734117,0.9740649136686481
BOK,4.120000000000003,0.23915697965217564,0.9740649136686481
NFKBIB,4.234999999999982,0.23915697965217564,0.9740649136686481
SLC38A6,4.27,0.24583808898092696,0.9740649136686481
TBC1D4,4.299999999999999,0.23586488705639563,0.9740649136686481
CCDC102A,4.359999999999999,0.244155669447372,0.9740649136686481
CCZ1B,4.815000000000012,0.24583808898092696,0.9740649136686481
LPIN2,5.045000000000014,0.23915697965217564,0.9740649136686481
PLRG1,5.150000000000006,0.24583808898092696,0.9740649136686481
RAD54L,5.354999999999997,0.23915697965217564,0.9740649136686481
PHF14,5.605000000000004,0.24583808898092696,0.9740649136686481
FASTKD1,6.029999999999983,0.24583808898092696,0.9740649136686481
SRSF2,6.50499999999991,0.24583808898092696,0.9740649136686481
SGO2,6.934999999999993,0.24081512528734117,0.9740649136686481
RAD1,7.955000000000005,0.23915697965217564,0.9740649136686481
HDAC1,8.06499999999997,0.23915697965217564,0.9740649136686481
CUL2,8.200000000000006,0.2424813516797738,0.9740649136686481
PRKAA1,8.469999999999999,0.2424813516797738,0.9740649136686481
NCAPH2,8.939999999999998,0.2424813516797738,0.9740649136686481
MCTS1,9.145000000000007,0.23423091773929283,0.9740649136686481
MINK1,11.060000000000002,0.244155669447372,0.9740649136686481
RBM34,11.315000000000012,0.2424813516797738,0.9740649136686481
ECT2,11.469999999999985,0.244155669447372,0.9740649136686481
MRPS18C,11.564999999999976,0.24583808898092696,0.9740649136686481
RSL24D1,12.089999999999975,0.24583808898092696,0.9740649136686481
ARF6,12.919999999999987,0.23915697965217564,0.9740649136686481
IER2,14.36,0.23586488705639563,0.9740649136686481
RAB31,15.530000000000001,0.2424813516797738,0.9740649136686481
DAP3,15.709999999999923,0.24081512528734117,0.9740649136686481
SNRPA,18.814999999999984,0.23586488705639563,0.9740649136686481
PSMC6,19.034999999999982,0.24583808898092696,0.9740649136686481
CYB5B,20.599999999999994,0.24583808898092696,0.9740649136686481
C9orf78,20.965000000000003,0.23915697965217564,0.9740649136686481
CLIC4,22.184999999999988,0.24583808898092696,0.9740649136686481
UBR4,23.289999999999992,0.23915697965217564,0.9740649136686481
AKT1,23.545,0.23586488705639563,0.9740649136686481
ZFP36L1,24.61500000000001,0.23915697965217564,0.9740649136686481
CDC42EP1,28.16000000000001,0.23915697965217564,0.9740649136686481
TSC22D1,28.724999999999987,0.2424813516797738,0.9740649136686481
PTTG1,55.930000000000035,0.2424813516797738,0.9740649136686481
MYL12A,77.01500000000021,0.23586488705639563,0.9740649136686481
FABP5,122.92000000000002,0.23915697965217564,0.9740649136686481
SEC61A1,-64.81999999999994,0.24922727376371623,0.9752128573592264
TRAM1,-25.004999999999995,0.24922727376371623,0.9752128573592264
FUCA2,-16.375000000000007,0.24922727376371623,0.9752128573592264
EARS2,-7.065000000000007,0.24922727376371623,0.9752128573592264
B4GAT1,-6.804999999999996,0.24922727376371623,0.9752128573592264
VTA1,-5.185000000000002,0.24922727376371623,0.9752128573592264
RAB6B,-3.539999999999999,0.24922727376371623,0.9752128573592264
TUBG2,-3.3199999999999985,0.24922727376371623,0.9752128573592264
AGK,-2.6499999999999986,0.24922727376371623,0.9752128573592264
METTL22,-2.639999999999997,0.24922727376371623,0.9752128573592264
JMJD4,-2.540000000000015,0.2475286204424848,0.9752128573592264
UBA7,-2.499999999999999,0.24922727376371623,0.9752128573592264
MTFR1L,-2.0849999999999973,0.24922727376371623,0.9752128573592264
ZNF518B,-1.6750000000000005,0.24922727376371623,0.9752128573592264
MARVELD2,-1.515,0.24922727376371623,0.9752128573592264
ADNP2,-1.3449999999999989,0.24922727376371623,0.9752128573592264
LEPR,-0.8549999999999995,0.2475286204424848,0.9752128573592264
ZNF30,-0.8400000000000005,0.2475286204424848,0.9752128573592264
CSPG4,-0.6849999999999998,0.24922727376371623,0.9752128573592264
AFF3,-0.6300000000000001,0.24922727376371623,0.9752128573592264
FOXO1,-0.5700000000000003,0.24922727376371623,0.9752128573592264
C18orf32,-0.54,0.2475286204424848,0.9752128573592264
STAC3,-0.22500000000000014,0.2475286204424848,0.9752128573592264
EPPK1,-0.1749999999999999,0.24922727376371623,0.9752128573592264
BMP8A,-0.1600000000000002,0.2475286204424848,0.9752128573592264
TNNT2,-0.1349999999999999,0.24922727376371623,0.9752128573592264
HLA-DQB1,-0.11500000000000013,0.2475286204424848,0.9752128573592264
SLAMF9,-0.05,0.2475286204424848,0.9752128573592264
PRDM1,-0.045000000000000095,0.2475286204424848,0.9752128573592264
SPINK5,-0.039999999999999994,0.24922727376371623,0.9752128573592264
CHST8,-0.019999999999999997,0.2475286204424848,0.9752128573592264
BOLL,-0.01,0.24922727376371623,0.9752128573592264
CDH23,-0.009999999999999995,0.2475286204424848,0.9752128573592264
GIMAP1,0.0,0.2475286204424848,0.9752128573592264
BOD1L2,0.0,0.24922727376371623,0.9752128573592264
FER1L5,0.0,0.24922727376371623,0.9752128573592264
TRIM6-TRIM34,0.0,0.2475286204424848,0.9752128573592264
TBR1,0.009999999999999998,0.2475286204424848,0.9752128573592264
SNX31,0.02,0.24922727376371623,0.9752128573592264
BLID,0.06,0.24922727376371623,0.9752128573592264
CGB8,0.0799999999999999,0.24922727376371623,0.9752128573592264
DKK4,0.08,0.24922727376371623,0.9752128573592264
JAM2,0.20000000000000012,0.2475286204424848,0.9752128573592264
CDC14A,0.5199999999999996,0.2475286204424848,0.9752128573592264
SYT14,0.545,0.2475286204424848,0.9752128573592264
C1orf56,0.5849999999999995,0.2475286204424848,0.9752128573592264
CEACAM19,1.0000000000000004,0.24922727376371623,0.9752128573592264
ZFP69B,1.1099999999999999,0.2475286204424848,0.9752128573592264
PER2,1.3849999999999993,0.2475286204424848,0.9752128573592264
TBC1D31,1.67,0.24922727376371623,0.9752128573592264
DPH6,1.6999999999999975,0.24922727376371623,0.9752128573592264
SYF2,1.7849999999999895,0.24922727376371623,0.9752128573592264
ATG16L1,3.495000000000015,0.24922727376371623,0.9752128573592264
CMTR2,3.6300000000000026,0.24922727376371623,0.9752128573592264
ANKRD28,5.7350000000000065,0.2475286204424848,0.9752128573592264
REEP4,6.429999999999993,0.24922727376371623,0.9752128573592264
SELENOH,10.18499999999996,0.24922727376371623,0.9752128573592264
GMPS,13.135000000000005,0.24922727376371623,0.9752128573592264
LSM1,18.22000000000002,0.24922727376371623,0.9752128573592264
CSE1L,26.515,0.24922727376371623,0.9752128573592264
CHCHD10,61.07999999999997,0.24922727376371623,0.9752128573592264
DBI,-114.81999999999994,0.2561032961250903,0.9762444016939144
WDR83OS,-41.694999999999936,0.2561032961250903,0.9762444016939144
RRBP1,-18.75,0.25437206071254104,0.9762444016939144
FLOT1,-16.639999999999958,0.25264898455028817,0.9762444016939144
PCNP,-12.449999999999989,0.2561032961250903,0.9762444016939144
TMEM159,-9.755,0.25264898455028817,0.9762444016939144
STX16,-9.744999999999983,0.25264898455028817,0.9762444016939144
MRPL45,-7.844999999999999,0.25093405864429597,0.9762444016939144
INO80E,-7.430000000000014,0.25264898455028817,0.9762444016939144
DVL3,-7.095000000000002,0.2561032961250903,0.9762444016939144
METTL26,-6.905000000000001,0.25437206071254104,0.9762444016939144
KNOP1,-6.065000000000026,0.25264898455028817,0.9762444016939144
SIPA1L2,-5.865000000000003,0.2561032961250903,0.9762444016939144
GGA2,-5.470000000000013,0.2561032961250903,0.9762444016939144
DNAJB2,-5.425000000000001,0.2561032961250903,0.9762444016939144
ERLIN2,-4.9600000000000115,0.25264898455028817,0.9762444016939144
ELOVL7,-4.91,0.25093405864429597,0.9762444016939144
ALKBH7,-4.909999999999997,0.2561032961250903,0.9762444016939144
TAOK2,-4.805000000000003,0.2561032961250903,0.9762444016939144
UNC45A,-4.660000000000011,0.25093405864429597,0.9762444016939144
PPFIA3,-4.249999999999998,0.25437206071254104,0.9762444016939144
RAB11FIP4,-3.575,0.25264898455028817,0.9762444016939144
SLFN12,-3.1099999999999994,0.25437206071254104,0.9762444016939144
NGLY1,-2.9050000000000065,0.25264898455028817,0.9762444016939144
THUMPD1,-2.8249999999999957,0.25264898455028817,0.9762444016939144
RHOBTB1,-2.63,0.25437206071254104,0.9762444016939144
NIPA1,-2.5799999999999983,0.2561032961250903,0.9762444016939144
RARA,-2.205000000000002,0.2561032961250903,0.9762444016939144
ARHGEF18,-2.1650000000000027,0.25093405864429597,0.9762444016939144
MUL1,-2.1599999999999966,0.25264898455028817,0.9762444016939144
ASMTL,-2.0899999999999963,0.25437206071254104,0.9762444016939144
SNX21,-1.959999999999999,0.2561032961250903,0.9762444016939144
NDUFAF1,-1.929999999999998,0.2561032961250903,0.9762444016939144
FKTN,-1.7599999999999998,0.25437206071254104,0.9762444016939144
BBS5,-1.7300000000000013,0.2561032961250903,0.9762444016939144
PFKFB4,-1.5950000000000015,0.25264898455028817,0.9762444016939144
RIC1,-1.5699999999999958,0.2561032961250903,0.9762444016939144
EEA1,-1.4100000000000001,0.25264898455028817,0.9762444016939144
FAM172A,-1.4050000000000011,0.2561032961250903,0.9762444016939144
ESCO1,-1.3800000000000017,0.25264898455028817,0.9762444016939144
EYA4,-1.2599999999999998,0.2561032961250903,0.9762444016939144
CSAD,-1.245000000000001,0.2561032961250903,0.9762444016939144
LZTS2,-1.1300000000000026,0.25264898455028817,0.9762444016939144
ARFGEF3,-1.1050000000000002,0.2561032961250903,0.9762444016939144
TRAPPC2,-1.040000000000001,0.25264898455028817,0.9762444016939144
FAM95C,-0.8300000000000001,0.25437206071254104,0.9762444016939144
DENND1B,-0.6750000000000003,0.25264898455028817,0.9762444016939144
USP2,-0.43999999999999995,0.25437206071254104,0.9762444016939144
KRBA2,-0.3999999999999999,0.25093405864429597,0.9762444016939144
MAPK8IP2,-0.36999999999999994,0.2561032961250903,0.9762444016939144
PLCB2,-0.3699999999999999,0.25437206071254104,0.9762444016939144
TRMT44,-0.3500000000000014,0.2561032961250903,0.9762444016939144
NGFR,-0.3300000000000002,0.25264898455028817,0.9762444016939144
PSG5,-0.265,0.25093405864429597,0.9762444016939144
UPK3B,-0.21999999999999997,0.2561032961250903,0.9762444016939144
LRRC63,-0.09,0.25093405864429597,0.9762444016939144
CACNA2D3,-0.0500000000000001,0.2561032961250903,0.9762444016939144
IGLON5,-0.049999999999999996,0.25264898455028817,0.9762444016939144
ICAM4,-0.04000000000000001,0.25437206071254104,0.9762444016939144
MROH2A,-0.04,0.25093405864429597,0.9762444016939144
BCAN,-0.039999999999999813,0.25264898455028817,0.9762444016939144
C16orf89,-0.03500000000000001,0.25264898455028817,0.9762444016939144
GRIN3A,-0.03500000000000001,0.25437206071254104,0.9762444016939144
ATP1A2,-0.01,0.25093405864429597,0.9762444016939144
MEOX2,-0.01,0.25264898455028817,0.9762444016939144
SOX21,-0.01,0.2561032961250903,0.9762444016939144
SIGLEC9,-0.01,0.2561032961250903,0.9762444016939144
DGKB,-0.01,0.2561032961250903,0.9762444016939144
RASGRP4,-0.01,0.2561032961250903,0.9762444016939144
TAS1R1,-0.01,0.25437206071254104,0.9762444016939144
TRIM71,-0.01,0.2561032961250903,0.9762444016939144
BTBD18,-0.009999999999999998,0.25093405864429597,0.9762444016939144
IFNA16,0.0,0.25264898455028817,0.9762444016939144
TRH,0.0,0.2561032961250903,0.9762444016939144
ANKRD62,0.0,0.25437206071254104,0.9762444016939144
C1QTNF8,0.0,0.2561032961250903,0.9762444016939144
ADARB2,0.0,0.25093405864429597,0.9762444016939144
PLA2G2C,0.0,0.25093405864429597,0.9762444016939144
IFNA17,0.0,0.25437206071254104,0.9762444016939144
TARM1,0.0,0.2561032961250903,0.9762444016939144
CXCR3,0.01,0.2561032961250903,0.9762444016939144
OVOL3,0.019999999999999997,0.25093405864429597,0.9762444016939144
PPBP,0.02,0.2561032961250903,0.9762444016939144
ACRV1,0.04000000000000001,0.2561032961250903,0.9762444016939144
MUC6,0.0500000000000001,0.2561032961250903,0.9762444016939144
TSSK2,0.07,0.25437206071254104,0.9762444016939144
C8orf37,0.24999999999999956,0.2561032961250903,0.9762444016939144
SP6,0.255,0.25437206071254104,0.9762444016939144
MPP4,0.30999999999999983,0.25093405864429597,0.9762444016939144
MEF2C,0.47999999999999954,0.25437206071254104,0.9762444016939144
TCAF2,0.5899999999999999,0.25093405864429597,0.9762444016939144
DPF3,0.6749999999999998,0.2561032961250903,0.9762444016939144
C22orf39,1.3249999999999975,0.2561032961250903,0.9762444016939144
SIX1,1.3899999999999988,0.25264898455028817,0.9762444016939144
ZNF212,1.6900000000000013,0.25093405864429597,0.9762444016939144
MMP1,1.83,0.2561032961250903,0.9762444016939144
TBC1D8B,2.185000000000001,0.25264898455028817,0.9762444016939144
RIBC2,2.6,0.25264898455028817,0.9762444016939144
RCCD1,3.225000000000012,0.2561032961250903,0.9762444016939144
TTC5,3.230000000000002,0.25437206071254104,0.9762444016939144
MME,4.160000000000001,0.2561032961250903,0.9762444016939144
RCOR1,4.304999999999998,0.25264898455028817,0.9762444016939144
NUP54,5.314999999999994,0.2561032961250903,0.9762444016939144
RRM2,6.294999999999973,0.2561032961250903,0.9762444016939144
BAG5,6.370000000000006,0.25437206071254104,0.9762444016939144
INTS13,7.265000000000008,0.25264898455028817,0.9762444016939144
H1-10,7.849999999999973,0.25264898455028817,0.9762444016939144
TPR,7.914999999999999,0.2561032961250903,0.9762444016939144
ODF2L,8.240000000000002,0.25264898455028817,0.9762444016939144
EXOSC2,8.719999999999999,0.25437206071254104,0.9762444016939144
DGKZ,9.96,0.2561032961250903,0.9762444016939144
ORC6,10.354999999999997,0.2561032961250903,0.9762444016939144
ZP3,11.309999999999999,0.2561032961250903,0.9762444016939144
DELE1,11.519999999999989,0.2561032961250903,0.9762444016939144
KRT81,13.280000000000001,0.2561032961250903,0.9762444016939144
EPRS1,13.819999999999979,0.2561032961250903,0.9762444016939144
ACP1,15.000000000000028,0.2561032961250903,0.9762444016939144
NOP2,16.730000000000018,0.25264898455028817,0.9762444016939144
NRDC,17.860000000000028,0.2561032961250903,0.9762444016939144
GNG5,18.15000000000002,0.25264898455028817,0.9762444016939144
CLUH,20.07499999999999,0.2561032961250903,0.9762444016939144
PABPC4,23.039999999999992,0.2561032961250903,0.9762444016939144
TUBB6,24.04499999999996,0.2561032961250903,0.9762444016939144
FOXM1,26.139999999999986,0.2561032961250903,0.9762444016939144
CNBP,26.469999999999914,0.2561032961250903,0.9762444016939144
PDCD5,37.12500000000003,0.25264898455028817,0.9762444016939144
BTF3,46.66499999999883,0.2561032961250903,0.9762444016939144
ARF1,48.460000000000036,0.25264898455028817,0.9762444016939144
RPL36AL,64.17000000000019,0.2561032961250903,0.9762444016939144
EEF2,95.22499999999991,0.25264898455028817,0.9762444016939144
HLA-A,-115.58499999999998,0.26666252628598053,0.9773635163399751
LY6E,-61.81499999999998,0.2631100017818627,0.9773635163399751
CTSZ,-51.864999999999995,0.26845110806016914,0.9773635163399751
CTSB,-35.589999999999975,0.27024791232304735,0.9773635163399751
FASN,-31.32499999999999,0.26666252628598053,0.9773635163399751
DCTN2,-29.665000000000006,0.27024791232304735,0.9773635163399751
FAT1,-27.91999999999998,0.2595902794836423,0.9773635163399751
GTF2I,-20.210000000000036,0.26666252628598053,0.9773635163399751
NDUFAB1,-19.529999999999944,0.27024791232304735,0.9773635163399751
APEH,-16.839999999999996,0.26666252628598053,0.9773635163399751
NDUFAF8,-16.419999999999987,0.26488215995734354,0.9773635163399751
TGOLN2,-16.31999999999998,0.27024791232304735,0.9773635163399751
SMIM26,-15.195000000000036,0.2631100017818627,0.9773635163399751
LDLR,-12.505000000000003,0.27024791232304735,0.9773635163399751
EML2,-11.500000000000007,0.26845110806016914,0.9773635163399751
BLMH,-11.325000000000014,0.2595902794836423,0.9773635163399751
SPTBN1,-11.270000000000003,0.2631100017818627,0.9773635163399751
LDOC1,-10.774999999999999,0.26845110806016914,0.9773635163399751
SLC25A10,-10.710000000000008,0.2613460442194072,0.9773635163399751
LAP3,-9.665000000000013,0.26488215995734354,0.9773635163399751
ATP6V1A,-8.620000000000013,0.26666252628598053,0.9773635163399751
LYRM1,-7.590000000000003,0.2595902794836423,0.9773635163399751
UTRN,-7.589999999999991,0.27024791232304735,0.9773635163399751
GUSB,-7.5749999999999815,0.26666252628598053,0.9773635163399751
C1R,-7.085000000000001,0.2595902794836423,0.9773635163399751
ZDHHC12,-6.920000000000002,0.26488215995734354,0.9773635163399751
ATP6V0E2,-6.589999999999996,0.2613460442194072,0.9773635163399751
ACADM,-6.339999999999986,0.2578426995435722,0.9773635163399751
FAM156A,-6.279999999999992,0.27024791232304735,0.9773635163399751
APOO,-5.939999999999998,0.27024791232304735,0.9773635163399751
ARHGEF5,-5.795000000000001,0.26845110806016914,0.9773635163399751
INTS3,-5.7100000000000115,0.27024791232304735,0.9773635163399751
GTPBP6,-5.570000000000004,0.27024791232304735,0.9773635163399751
SH3GLB2,-5.545000000000002,0.27024791232304735,0.9773635163399751
SMG5,-5.474999999999987,0.26666252628598053,0.9773635163399751
ATP2A2,-5.465000000000003,0.26666252628598053,0.9773635163399751
ATP6AP2,-5.434999999999988,0.2631100017818627,0.9773635163399751
C12orf65,-5.2349999999999905,0.27024791232304735,0.9773635163399751
VCAN,-4.934999999999999,0.2613460442194072,0.9773635163399751
ADIPOR2,-4.929999999999978,0.2631100017818627,0.9773635163399751
MCRS1,-4.805,0.27024791232304735,0.9773635163399751
CLCN7,-4.269999999999989,0.2595902794836423,0.9773635163399751
PATJ,-4.205,0.26666252628598053,0.9773635163399751
GGT7,-4.120000000000006,0.2631100017818627,0.9773635163399751
NRCAM,-3.980000000000001,0.2613460442194072,0.9773635163399751
DNAJA3,-3.9450000000000003,0.27024791232304735,0.9773635163399751
GBA2,-3.9250000000000114,0.27024791232304735,0.9773635163399751
BMP1,-3.7150000000000016,0.2631100017818627,0.9773635163399751
BBS1,-3.635,0.26845110806016914,0.9773635163399751
NCOA3,-3.5549999999999997,0.2595902794836423,0.9773635163399751
SP140L,-3.4950000000000028,0.2631100017818627,0.9773635163399751
ATP1B1,-3.3850000000000193,0.26845110806016914,0.9773635163399751
DLG3,-3.3600000000000003,0.2631100017818627,0.9773635163399751
ADCK2,-3.2900000000000027,0.2631100017818627,0.9773635163399751
RPS6KL1,-3.09,0.27024791232304735,0.9773635163399751
HSDL2,-2.9700000000000095,0.27024791232304735,0.9773635163399751
NAA60,-2.960000000000015,0.2631100017818627,0.9773635163399751
FAM89A,-2.8550000000000013,0.26666252628598053,0.9773635163399751
ENTPD4,-2.8249999999999993,0.26666252628598053,0.9773635163399751
CLPTM1L,-2.814999999999955,0.26666252628598053,0.9773635163399751
SLC25A27,-2.744999999999999,0.2578426995435722,0.9773635163399751
LRRC23,-2.6999999999999993,0.2613460442194072,0.9773635163399751
ARRDC4,-2.69,0.2578426995435722,0.9773635163399751
TMEM104,-2.5949999999999998,0.2631100017818627,0.9773635163399751
DISP1,-2.475000000000003,0.26488215995734354,0.9773635163399751
TMEM43,-2.4699999999999847,0.2631100017818627,0.9773635163399751
MORC4,-2.405000000000001,0.2595902794836423,0.9773635163399751
ELAPOR2,-2.39,0.2631100017818627,0.9773635163399751
TRAPPC9,-2.2449999999999983,0.2631100017818627,0.9773635163399751
FBXL12,-2.215000000000007,0.2613460442194072,0.9773635163399751
STOML1,-2.1000000000000005,0.27024791232304735,0.9773635163399751
NRIP1,-2.035000000000002,0.2631100017818627,0.9773635163399751
GAD1,-1.9799999999999995,0.2578426995435722,0.9773635163399751
IFNAR1,-1.8150000000000013,0.2631100017818627,0.9773635163399751
FGFR2,-1.81,0.26845110806016914,0.9773635163399751
SLC4A11,-1.794999999999999,0.26666252628598053,0.9773635163399751
CNNM3,-1.7750000000000004,0.26666252628598053,0.9773635163399751
FGD4,-1.7300000000000009,0.27024791232304735,0.9773635163399751
BBS10,-1.7200000000000024,0.26488215995734354,0.9773635163399751
C3orf38,-1.6850000000000023,0.2631100017818627,0.9773635163399751
FUT10,-1.6500000000000017,0.2578426995435722,0.9773635163399751
SEC24A,-1.6050000000000022,0.2613460442194072,0.9773635163399751
NEK8,-1.4499999999999993,0.26845110806016914,0.9773635163399751
KATNIP,-1.4049999999999994,0.26845110806016914,0.9773635163399751
PLEKHG4,-1.3500000000000032,0.26666252628598053,0.9773635163399751
RABL2A,-1.2500000000000009,0.26666252628598053,0.9773635163399751
ACTR8,-1.2250000000000085,0.26666252628598053,0.9773635163399751
C20orf194,-1.1250000000000022,0.2595902794836423,0.9773635163399751
GMPR2,-1.1150000000000233,0.26666252628598053,0.9773635163399751
ARMC7,-1.0450000000000035,0.2613460442194072,0.9773635163399751
PRICKLE2,-0.95,0.26666252628598053,0.9773635163399751
ZNF846,-0.9399999999999995,0.2631100017818627,0.9773635163399751
PPP1R3D,-0.8800000000000003,0.2613460442194072,0.9773635163399751
SMIM8,-0.8249999999999997,0.2595902794836423,0.9773635163399751
NKIRAS1,-0.7399999999999993,0.2631100017818627,0.9773635163399751
TMED7,-0.7049999999999983,0.27024791232304735,0.9773635163399751
RABEP2,-0.685000000000004,0.26666252628598053,0.9773635163399751
PRUNE2,-0.64,0.26845110806016914,0.9773635163399751
MFSD4A,-0.635,0.2578426995435722,0.9773635163399751
CORO2B,-0.6200000000000001,0.27024791232304735,0.9773635163399751
PAOX,-0.5449999999999999,0.27024791232304735,0.9773635163399751
TMEM229B,-0.5050000000000001,0.27024791232304735,0.9773635163399751
OR2A7,-0.5,0.2631100017818627,0.9773635163399751
SEC16B,-0.43,0.26666252628598053,0.9773635163399751
BLOC1S5,-0.40500000000000114,0.2631100017818627,0.9773635163399751
INO80D,-0.3550000000000004,0.2631100017818627,0.9773635163399751
GPER1,-0.3500000000000001,0.26845110806016914,0.9773635163399751
SEMA3D,-0.3349999999999999,0.2595902794836423,0.9773635163399751
ZNF562,-0.31500000000000306,0.26488215995734354,0.9773635163399751
GCNT3,-0.2999999999999998,0.2595902794836423,0.9773635163399751
USP27X,-0.28,0.2631100017818627,0.9773635163399751
OPRL1,-0.27500000000000013,0.26666252628598053,0.9773635163399751
FCGR2A,-0.2699999999999998,0.2613460442194072,0.9773635163399751
EMILIN1,-0.26499999999999996,0.26845110806016914,0.9773635163399751
VAX2,-0.2599999999999998,0.2613460442194072,0.9773635163399751
ZNF221,-0.2599999999999998,0.2595902794836423,0.9773635163399751
FEM1A,-0.20999999999999974,0.26488215995734354,0.9773635163399751
COL9A2,-0.17499999999999993,0.26666252628598053,0.9773635163399751
MAMDC2,-0.15000000000000008,0.2595902794836423,0.9773635163399751
DNAJC27,-0.14000000000000057,0.26666252628598053,0.9773635163399751
CST6,-0.1349999999999999,0.26666252628598053,0.9773635163399751
MAFB,-0.1349999999999999,0.26845110806016914,0.9773635163399751
CAND2,-0.1249999999999999,0.2595902794836423,0.9773635163399751
GJC2,-0.1200000000000001,0.2613460442194072,0.9773635163399751
C8orf44-SGK3,-0.1100000000000001,0.2631100017818627,0.9773635163399751
PTCH2,-0.10500000000000012,0.2613460442194072,0.9773635163399751
ZNF385C,-0.1,0.26488215995734354,0.9773635163399751
PAGE5,-0.08499999999999999,0.2631100017818627,0.9773635163399751
LY6D,-0.08499999999999991,0.26666252628598053,0.9773635163399751
H2AC4,-0.08499999999999991,0.2631100017818627,0.9773635163399751
ZFP2,-0.0800000000000001,0.2631100017818627,0.9773635163399751
TRIM31,-0.0800000000000001,0.2578426995435722,0.9773635163399751
TBC1D3I,-0.0800000000000001,0.27024791232304735,0.9773635163399751
MT1A,-0.08,0.26845110806016914,0.9773635163399751
NAALADL1,-0.0500000000000001,0.26845110806016914,0.9773635163399751
FSIP2,-0.045000000000000054,0.2578426995435722,0.9773635163399751
WNT6,-0.039999999999999994,0.2595902794836423,0.9773635163399751
C1orf100,-0.0399999999999999,0.26666252628598053,0.9773635163399751
AHSG,-0.035,0.27024791232304735,0.9773635163399751
ARHGAP15,-0.03499999999999999,0.2631100017818627,0.9773635163399751
FAM178B,-0.03499999999999999,0.2613460442194072,0.9773635163399751
ONECUT2,-0.030000000000000082,0.27024791232304735,0.9773635163399751
CELF4,-0.030000000000000006,0.26845110806016914,0.9773635163399751
LPL,-0.030000000000000006,0.2578426995435722,0.9773635163399751
C10orf90,-0.030000000000000002,0.26488215995734354,0.9773635163399751
HAS1,-0.02,0.27024791232304735,0.9773635163399751
SGIP1,-0.019999999999999997,0.26845110806016914,0.9773635163399751
SPARCL1,-0.019999999999999997,0.2613460442194072,0.9773635163399751
SLC46A2,-0.015000000000000001,0.2613460442194072,0.9773635163399751
KLB,-0.010000000000000002,0.2578426995435722,0.9773635163399751
TRIM67,-0.01,0.27024791232304735,0.9773635163399751
SYT6,-0.01,0.2613460442194072,0.9773635163399751
NKX2-1,-0.01,0.2595902794836423,0.9773635163399751
FNDC7,-0.01,0.2631100017818627,0.9773635163399751
CNTN4,-0.01,0.2595902794836423,0.9773635163399751
MOBP,-0.01,0.26845110806016914,0.9773635163399751
ZFP92,-0.01,0.2595902794836423,0.9773635163399751
PKHD1L1,-0.01,0.2631100017818627,0.9773635163399751
CCR7,-0.009999999999999995,0.2613460442194072,0.9773635163399751
OR7C1,-0.009999999999999995,0.27024791232304735,0.9773635163399751
LUZP4,0.0,0.27024791232304735,0.9773635163399751
CCL17,0.0,0.2613460442194072,0.9773635163399751
CLEC10A,0.0,0.26488215995734354,0.9773635163399751
MYOCD,0.0,0.26845110806016914,0.9773635163399751
ASB15,0.0,0.2578426995435722,0.9773635163399751
MCHR2,0.0,0.2578426995435722,0.9773635163399751
SLC28A1,0.0,0.26666252628598053,0.9773635163399751
IL23R,0.0,0.26488215995734354,0.9773635163399751
OR1Q1,0.0,0.27024791232304735,0.9773635163399751
OR51Q1,0.0,0.27024791232304735,0.9773635163399751
CBY2,0.0,0.27024791232304735,0.9773635163399751
CYLC1,0.0,0.26666252628598053,0.9773635163399751
DDX53,0.0,0.26845110806016914,0.9773635163399751
IDO2,0.0,0.2578426995435722,0.9773635163399751
SPATA31D4,0.0,0.26488215995734354,0.9773635163399751
LIPN,0.0,0.26488215995734354,0.9773635163399751
SIAH3,0.0,0.2578426995435722,0.9773635163399751
INMT,0.0,0.26666252628598053,0.9773635163399751
LY6G6F-LY6G6D,0.0,0.2613460442194072,0.9773635163399751
CCDC169-SOHLH2,0.0,0.27024791232304735,0.9773635163399751
PRODH2,0.0,0.26488215995734354,0.9773635163399751
DPT,0.01,0.26845110806016914,0.9773635163399751
FABP2,0.01,0.27024791232304735,0.9773635163399751
FEV,0.01,0.27024791232304735,0.9773635163399751
GDPD4,0.01,0.2578426995435722,0.9773635163399751
CYP3A7-CYP3A51P,0.01,0.2595902794836423,0.9773635163399751
IL36G,0.03,0.2595902794836423,0.9773635163399751
CDO1,0.030000000000000006,0.2578426995435722,0.9773635163399751
TDRD5,0.04,0.26845110806016914,0.9773635163399751
RNF212,0.045,0.27024791232304735,0.9773635163399751
C9orf153,0.05,0.26845110806016914,0.9773635163399751
XKRX,0.0500000000000001,0.2631100017818627,0.9773635163399751
ODAM,0.06,0.26845110806016914,0.9773635163399751
KRT32,0.065,0.26488215995734354,0.9773635163399751
PKDREJ,0.0800000000000001,0.26845110806016914,0.9773635163399751
UTS2,0.09,0.27024791232304735,0.9773635163399751
DSC3,0.10000000000000009,0.26666252628598053,0.9773635163399751
ZBTB3,0.10500000000000043,0.2595902794836423,0.9773635163399751
RXFP4,0.1099999999999999,0.2613460442194072,0.9773635163399751
KCNE5,0.1199999999999998,0.2631100017818627,0.9773635163399751
CA3,0.16,0.2613460442194072,0.9773635163399751
DEPDC4,0.17499999999999938,0.26845110806016914,0.9773635163399751
KRT14,0.19499999999999995,0.26666252628598053,0.9773635163399751
SMOC1,0.2,0.2613460442194072,0.9773635163399751
PLPPR3,0.20999999999999996,0.2595902794836423,0.9773635163399751
COL3A1,0.2250000000000002,0.26488215995734354,0.9773635163399751
TNFRSF13C,0.33000000000000007,0.26488215995734354,0.9773635163399751
TEX15,0.5850000000000002,0.27024791232304735,0.9773635163399751
EVI2B,0.7749999999999998,0.2595902794836423,0.9773635163399751
LRIG2,1.0549999999999997,0.2613460442194072,0.9773635163399751
SETD1A,1.0799999999999965,0.27024791232304735,0.9773635163399751
CCDC68,1.23,0.27024791232304735,0.9773635163399751
SHLD1,1.3249999999999993,0.27024791232304735,0.9773635163399751
TSSK4,1.415000000000001,0.2595902794836423,0.9773635163399751
GRPEL2,1.415000000000001,0.26845110806016914,0.9773635163399751
PKNOX1,1.4650000000000007,0.26666252628598053,0.9773635163399751
PLEKHA3,1.4699999999999989,0.2613460442194072,0.9773635163399751
THG1L,1.4900000000000038,0.2578426995435722,0.9773635163399751
SGMS1,2.094999999999999,0.2595902794836423,0.9773635163399751
OAS2,2.204999999999999,0.26845110806016914,0.9773635163399751
TMEM187,2.5450000000000017,0.2613460442194072,0.9773635163399751
UBAP2,2.6799999999999997,0.2595902794836423,0.9773635163399751
TTC32,2.809999999999997,0.2631100017818627,0.9773635163399751
HMOX1,2.8649999999999913,0.2613460442194072,0.9773635163399751
SRSF10,2.969999999999999,0.27024791232304735,0.9773635163399751
ALKBH3,3.164999999999992,0.2631100017818627,0.9773635163399751
HNRNPH3,3.3199999999999363,0.26666252628598053,0.9773635163399751
YAF2,3.504999999999999,0.2595902794836423,0.9773635163399751
SAP30,3.9050000000000082,0.2595902794836423,0.9773635163399751
TRAPPC12,3.990000000000016,0.26666252628598053,0.9773635163399751
C1orf52,4.255000000000003,0.2578426995435722,0.9773635163399751
CNPPD1,4.540000000000006,0.2613460442194072,0.9773635163399751
C1orf131,4.540000000000006,0.26666252628598053,0.9773635163399751
MEN1,4.614999999999995,0.26845110806016914,0.9773635163399751
PPARD,5.2400000000000055,0.2595902794836423,0.9773635163399751
SMC1A,5.295000000000023,0.27024791232304735,0.9773635163399751
BCL3,5.585000000000008,0.2595902794836423,0.9773635163399751
VAMP7,5.765000000000004,0.27024791232304735,0.9773635163399751
VIPAS39,5.884999999999998,0.26666252628598053,0.9773635163399751
ROBO3,5.9350000000000005,0.26666252628598053,0.9773635163399751
UBE2A,6.029999999999987,0.2631100017818627,0.9773635163399751
SCMH1,6.054999999999993,0.26666252628598053,0.9773635163399751
SLC7A1,6.080000000000005,0.27024791232304735,0.9773635163399751
KPNA6,6.095000000000002,0.26845110806016914,0.9773635163399751
FIBP,6.305000000000007,0.27024791232304735,0.9773635163399751
CCDC59,6.32,0.27024791232304735,0.9773635163399751
GALNT12,7.175000000000003,0.2578426995435722,0.9773635163399751
S100PBP,7.340000000000003,0.2613460442194072,0.9773635163399751
FBL,7.409999999999968,0.2631100017818627,0.9773635163399751
RNF2,7.7800000000000065,0.2631100017818627,0.9773635163399751
ENY2,8.654999999999916,0.2595902794836423,0.9773635163399751
MECOM,8.78,0.26488215995734354,0.9773635163399751
MGAT4A,9.009999999999998,0.2578426995435722,0.9773635163399751
NIFK,9.284999999999982,0.2595902794836423,0.9773635163399751
PCOLCE2,9.534999999999998,0.2613460442194072,0.9773635163399751
CHURC1,10.104999999999997,0.2595902794836423,0.9773635163399751
SSBP3,10.305000000000009,0.2631100017818627,0.9773635163399751
SPINDOC,15.224999999999994,0.27024791232304735,0.9773635163399751
TPBG,15.750000000000004,0.2595902794836423,0.9773635163399751
CXCL8,15.775000000000002,0.26845110806016914,0.9773635163399751
NAA10,17.17,0.2595902794836423,0.9773635163399751
RMDN1,18.009999999999998,0.26666252628598053,0.9773635163399751
TRA2B,21.03,0.26666252628598053,0.9773635163399751
SMURF2,21.684999999999995,0.2631100017818627,0.9773635163399751
TRMT112,22.06499999999997,0.2595902794836423,0.9773635163399751
MCM4,22.954999999999984,0.2595902794836423,0.9773635163399751
CNTROB,25.244999999999994,0.27024791232304735,0.9773635163399751
FRMD6,26.089999999999996,0.2595902794836423,0.9773635163399751
HADHA,28.570000000000064,0.26488215995734354,0.9773635163399751
TAX1BP3,32.61999999999999,0.2595902794836423,0.9773635163399751
H2AJ,33.32999999999998,0.26666252628598053,0.9773635163399751
EIF3M,50.455000000000325,0.26666252628598053,0.9773635163399751
YWHAG,-43.004999999999995,0.273866215232078,0.979194163366109
TTYH3,-15.125,0.273866215232078,0.979194163366109
GHITM,-14.895000000000024,0.273866215232078,0.979194163366109
VEZT,-10.11999999999998,0.273866215232078,0.979194163366109
SLC12A9,-9.154999999999992,0.273866215232078,0.979194163366109
PKD2,-5.130000000000006,0.273866215232078,0.979194163366109
TNRC6A,-4.690000000000005,0.273866215232078,0.979194163366109
KIF13A,-4.469999999999999,0.273866215232078,0.979194163366109
DOLK,-4.245000000000001,0.273866215232078,0.979194163366109
SERTAD3,-3.615000000000011,0.273866215232078,0.979194163366109
C2CD2,-3.3000000000000025,0.273866215232078,0.979194163366109
PIK3R3,-2.9299999999999997,0.273866215232078,0.979194163366109
GLYCTK,-2.8999999999999977,0.27205294586698436,0.979194163366109
NOTCH1,-2.8400000000000007,0.273866215232078,0.979194163366109
SLC2A11,-2.4649999999999945,0.273866215232078,0.979194163366109
NUFIP2,-2.425000000000008,0.273866215232078,0.979194163366109
PPL,-1.5000000000000004,0.27205294586698436,0.979194163366109
CLDN23,-1.1050000000000002,0.27205294586698436,0.979194163366109
TMOD1,-0.7100000000000002,0.27205294586698436,0.979194163366109
TMEM52,-0.5800000000000001,0.273866215232078,0.979194163366109
PILRA,-0.425,0.273866215232078,0.979194163366109
FA2H,-0.35500000000000004,0.27205294586698436,0.979194163366109
GPC3,-0.1999999999999999,0.273866215232078,0.979194163366109
ZBTB20,-0.185,0.273866215232078,0.979194163366109
GFRA1,-0.0999999999999999,0.27205294586698436,0.979194163366109
PCDHGA2,-0.08999999999999989,0.27205294586698436,0.979194163366109
KCNE3,-0.06500000000000002,0.27205294586698436,0.979194163366109
PAMR1,-0.030000000000000002,0.27205294586698436,0.979194163366109
DYDC2,-0.02,0.273866215232078,0.979194163366109
ZFP57,-0.02,0.273866215232078,0.979194163366109
SBK2,-0.019999999999999997,0.27205294586698436,0.979194163366109
CORO7-PAM16,-0.010000000000000092,0.273866215232078,0.979194163366109
C7,-0.01,0.273866215232078,0.979194163366109
MAGEB6,-0.01,0.273866215232078,0.979194163366109
CXorf58,-0.009999999999999998,0.273866215232078,0.979194163366109
MYL7,0.0,0.273866215232078,0.979194163366109
FAM81B,0.0,0.27205294586698436,0.979194163366109
ALX3,0.0,0.273866215232078,0.979194163366109
TRARG1,0.0,0.273866215232078,0.979194163366109
SPATA31D1,0.0,0.27205294586698436,0.979194163366109
CPNE5,0.014999999999999902,0.27205294586698436,0.979194163366109
AGBL1,0.019999999999999997,0.273866215232078,0.979194163366109
IGSF23,0.1499999999999999,0.273866215232078,0.979194163366109
ELK4,0.4749999999999961,0.273866215232078,0.979194163366109
DCLRE1C,1.375,0.273866215232078,0.979194163366109
NAP1L5,1.5400000000000005,0.27205294586698436,0.979194163366109
PIK3CD,1.604999999999999,0.273866215232078,0.979194163366109
NLRP3,1.7899999999999996,0.273866215232078,0.979194163366109
TRIM14,2.280000000000003,0.273866215232078,0.979194163366109
TRMT2B,2.8000000000000043,0.273866215232078,0.979194163366109
FAM167A,3.090000000000001,0.27205294586698436,0.979194163366109
ZBED4,3.750000000000007,0.273866215232078,0.979194163366109
HDAC3,3.904999999999987,0.27205294586698436,0.979194163366109
C12orf45,5.419999999999993,0.27205294586698436,0.979194163366109
YES1,6.444999999999993,0.273866215232078,0.979194163366109
PRPS1,7.325000000000017,0.273866215232078,0.979194163366109
CEBPZ,7.3999999999999915,0.27205294586698436,0.979194163366109
HMBS,7.659999999999997,0.27205294586698436,0.979194163366109
FJX1,11.230000000000006,0.273866215232078,0.979194163366109
UFC1,26.164999999999964,0.273866215232078,0.979194163366109
RPS3,327.4499999999998,0.273866215232078,0.979194163366109
ILK,-26.320000000000007,0.27751748631583917,0.9803778970844655
PRKCSH,-12.77000000000001,0.27751748631583917,0.9803778970844655
RAC3,-7.835000000000004,0.27751748631583917,0.9803778970844655
ICA1,-6.250000000000001,0.27751748631583917,0.9803778970844655
KCTD10,-5.84,0.2756877267046649,0.9803778970844655
TTF2,-5.739999999999991,0.27751748631583917,0.9803778970844655
LHFPL2,-5.195000000000004,0.27751748631583917,0.9803778970844655
SUOX,-5.135000000000002,0.27751748631583917,0.9803778970844655
PAF1,-4.200000000000024,0.27751748631583917,0.9803778970844655
CHD6,-4.03,0.27751748631583917,0.9803778970844655
GPRC5B,-3.835,0.2756877267046649,0.9803778970844655
COMMD2,-3.780000000000001,0.27751748631583917,0.9803778970844655
DAPK3,-3.6799999999999855,0.27751748631583917,0.9803778970844655
ZNF503,-3.105000000000003,0.2756877267046649,0.9803778970844655
MAP3K14,-2.865,0.27751748631583917,0.9803778970844655
MRTFB,-2.3000000000000025,0.27751748631583917,0.9803778970844655
HAS3,-1.9450000000000005,0.2756877267046649,0.9803778970844655
MTRES1,-1.5550000000000015,0.27751748631583917,0.9803778970844655
ZDHHC24,-1.5199999999999996,0.27751748631583917,0.9803778970844655
ZNF771,-1.5199999999999996,0.27751748631583917,0.9803778970844655
COQ10B,-1.3900000000000041,0.27751748631583917,0.9803778970844655
HACE1,-1.240000000000002,0.2756877267046649,0.9803778970844655
SMIM11A,-1.1500000000000057,0.27751748631583917,0.9803778970844655
KCNC3,-0.8499999999999999,0.27751748631583917,0.9803778970844655
PPP1R1C,-0.8350000000000002,0.27751748631583917,0.9803778970844655
CSPG5,-0.6749999999999998,0.2756877267046649,0.9803778970844655
CCNJ,-0.660000000000001,0.27751748631583917,0.9803778970844655
PAFAH2,-0.6150000000000002,0.27751748631583917,0.9803778970844655
DENND1C,-0.4800000000000002,0.27751748631583917,0.9803778970844655
ENPP5,-0.3799999999999999,0.27751748631583917,0.9803778970844655
SAXO2,-0.2749999999999997,0.2756877267046649,0.9803778970844655
TMEM63C,-0.21,0.27751748631583917,0.9803778970844655
CHAD,-0.1050000000000001,0.2756877267046649,0.9803778970844655
LRRC29,-0.10499999999999976,0.2756877267046649,0.9803778970844655
HOXD13,-0.06,0.27751748631583917,0.9803778970844655
CFAP73,-0.035,0.2756877267046649,0.9803778970844655
ILDR1,-0.03,0.2756877267046649,0.9803778970844655
SH2D7,-0.03,0.27751748631583917,0.9803778970844655
PCDHA8,-0.02,0.2756877267046649,0.9803778970844655
OR2L2,-0.019999999999999997,0.27751748631583917,0.9803778970844655
SSTR5,-0.01,0.27751748631583917,0.9803778970844655
MORC1,0.0,0.2756877267046649,0.9803778970844655
DEUP1,0.0,0.27751748631583917,0.9803778970844655
TPD52L3,0.0,0.2756877267046649,0.9803778970844655
SLC6A7,0.01,0.2756877267046649,0.9803778970844655
HMX3,0.01,0.27751748631583917,0.9803778970844655
DND1,0.12499999999999989,0.2756877267046649,0.9803778970844655
PGBD1,0.28000000000000114,0.27751748631583917,0.9803778970844655
FAM229A,1.0300000000000002,0.27751748631583917,0.9803778970844655
SASS6,1.464999999999999,0.27751748631583917,0.9803778970844655
ZHX1,1.6550000000000082,0.27751748631583917,0.9803778970844655
ZNF358,1.6600000000000037,0.27751748631583917,0.9803778970844655
COG5,2.079999999999991,0.27751748631583917,0.9803778970844655
SPATA24,2.459999999999999,0.27751748631583917,0.9803778970844655
CARD6,2.5400000000000014,0.27751748631583917,0.9803778970844655
SLC35E4,2.7350000000000003,0.2756877267046649,0.9803778970844655
DIS3L2,3.1450000000000014,0.2756877267046649,0.9803778970844655
TUBGCP2,3.9549999999999983,0.27751748631583917,0.9803778970844655
DRG1,6.0800000000000125,0.27751748631583917,0.9803778970844655
KIF18B,7.534999999999993,0.27751748631583917,0.9803778970844655
CTNNBL1,8.165,0.27751748631583917,0.9803778970844655
STX4,10.86,0.2756877267046649,0.9803778970844655
SIGIRR,15.969999999999988,0.27751748631583917,0.9803778970844655
OGFOD1,17.685000000000016,0.27751748631583917,0.9803778970844655
TM4SF1,39.45500000000007,0.27751748631583917,0.9803778970844655
ERGIC3,-41.8299999999999,0.2849191177528394,0.9814164800843945
CTNNA1,-27.429999999999893,0.2849191177528394,0.9814164800843945
PPP4C,-17.815000000000026,0.2812017727933104,0.9814164800843945
BST2,-16.780000000000005,0.28305631043241497,0.9814164800843945
SURF4,-14.975000000000037,0.2849191177528394,0.9814164800843945
PTPN1,-10.745000000000008,0.2849191177528394,0.9814164800843945
ARMCX3,-9.704999999999995,0.2812017727933104,0.9814164800843945
SUPT4H1,-9.365000000000009,0.2849191177528394,0.9814164800843945
SMAD2,-8.415,0.2812017727933104,0.9814164800843945
BCKDHA,-8.1,0.2812017727933104,0.9814164800843945
FGFR4,-7.544999999999999,0.2812017727933104,0.9814164800843945
ZNF83,-7.460000000000004,0.28305631043241497,0.9814164800843945
ZDHHC16,-6.869999999999997,0.2812017727933104,0.9814164800843945
TSPYL2,-5.945000000000004,0.2849191177528394,0.9814164800843945
TOM1,-5.844999999999995,0.2812017727933104,0.9814164800843945
MAGEF1,-5.415000000000013,0.2849191177528394,0.9814164800843945
EML3,-5.3949999999999925,0.28305631043241497,0.9814164800843945
TOMM70,-4.735000000000014,0.2849191177528394,0.9814164800843945
MBNL2,-4.734999999999996,0.2849191177528394,0.9814164800843945
MICAL3,-4.669999999999995,0.28305631043241497,0.9814164800843945
SHROOM3,-4.500000000000002,0.2849191177528394,0.9814164800843945
HERC1,-3.815000000000005,0.2812017727933104,0.9814164800843945
USP8,-3.545000000000009,0.2849191177528394,0.9814164800843945
SLC25A17,-3.370000000000001,0.2849191177528394,0.9814164800843945
SERINC1,-3.1750000000000043,0.2812017727933104,0.9814164800843945
HABP4,-3.0749999999999993,0.2849191177528394,0.9814164800843945
STARD4,-3.030000000000001,0.2812017727933104,0.9814164800843945
SLC25A40,-2.799999999999997,0.2793554998399834,0.9814164800843945
ZBTB7B,-2.3799999999999955,0.2812017727933104,0.9814164800843945
SUSD1,-2.34,0.2812017727933104,0.9814164800843945
INPP5B,-2.339999999999999,0.2812017727933104,0.9814164800843945
PPM1M,-2.3150000000000004,0.2849191177528394,0.9814164800843945
ZNF429,-2.275,0.2812017727933104,0.9814164800843945
LRRC1,-2.2550000000000043,0.2849191177528394,0.9814164800843945
LMLN,-1.9650000000000012,0.2812017727933104,0.9814164800843945
PYGO1,-1.91,0.2849191177528394,0.9814164800843945
JADE3,-1.8600000000000012,0.2849191177528394,0.9814164800843945
IL15,-1.6199999999999997,0.2849191177528394,0.9814164800843945
TNFRSF11B,-1.555,0.2849191177528394,0.9814164800843945
RTTN,-1.5399999999999991,0.2849191177528394,0.9814164800843945
ABHD6,-1.4150000000000005,0.2812017727933104,0.9814164800843945
ZNF761,-1.2650000000000015,0.2849191177528394,0.9814164800843945
SLC29A3,-1.085,0.2812017727933104,0.9814164800843945
SEC24B,-1.0650000000000066,0.2849191177528394,0.9814164800843945
ARRDC2,-1.0099999999999998,0.2812017727933104,0.9814164800843945
TRIM66,-0.8600000000000012,0.2793554998399834,0.9814164800843945
INTS2,-0.8599999999999994,0.2812017727933104,0.9814164800843945
ZNF737,-0.8,0.28305631043241497,0.9814164800843945
KCNIP3,-0.6050000000000002,0.2812017727933104,0.9814164800843945
EFCAB13,-0.5399999999999998,0.2812017727933104,0.9814164800843945
DEPTOR,-0.4750000000000001,0.2849191177528394,0.9814164800843945
TAS2R14,-0.46999999999999975,0.2812017727933104,0.9814164800843945
JMY,-0.4599999999999995,0.2849191177528394,0.9814164800843945
PPP1R32,-0.3700000000000001,0.2812017727933104,0.9814164800843945
RASL11B,-0.19499999999999998,0.2812017727933104,0.9814164800843945
SARDH,-0.17499999999999993,0.2793554998399834,0.9814164800843945
KIAA0319,-0.1449999999999999,0.2849191177528394,0.9814164800843945
CNTN1,-0.1399999999999999,0.2849191177528394,0.9814164800843945
PHOSPHO1,-0.12499999999999983,0.28305631043241497,0.9814164800843945
CLDN2,-0.08999999999999991,0.2849191177528394,0.9814164800843945
GJC3,-0.0799999999999999,0.2812017727933104,0.9814164800843945
CALCA,-0.07500000000000001,0.28305631043241497,0.9814164800843945
DNALI1,-0.0699999999999999,0.2849191177528394,0.9814164800843945
ABCB4,-0.060000000000000005,0.2849191177528394,0.9814164800843945
NIPAL4,-0.05499999999999999,0.2812017727933104,0.9814164800843945
CST2,-0.03,0.2793554998399834,0.9814164800843945
DCDC2B,-0.020000000000000004,0.28305631043241497,0.9814164800843945
ELF5,-0.02,0.2849191177528394,0.9814164800843945
PRF1,-0.02,0.28305631043241497,0.9814164800843945
PNLDC1,-0.01,0.28305631043241497,0.9814164800843945
SLC1A7,-0.01,0.28305631043241497,0.9814164800843945
CFAP47,-0.01,0.2849191177528394,0.9814164800843945
SGCD,-0.005000000000000001,0.28305631043241497,0.9814164800843945
C2orf83,0.0,0.28305631043241497,0.9814164800843945
FMO2,0.0,0.28305631043241497,0.9814164800843945
HAO2,0.0,0.28305631043241497,0.9814164800843945
CFHR4,0.0,0.28305631043241497,0.9814164800843945
CNGA3,0.0,0.2849191177528394,0.9814164800843945
LCN1,0.0,0.2812017727933104,0.9814164800843945
COX7A1,0.0,0.2793554998399834,0.9814164800843945
OR1K1,0.0,0.28305631043241497,0.9814164800843945
OR6F1,0.0,0.2812017727933104,0.9814164800843945
GRIK1,0.0,0.2812017727933104,0.9814164800843945
MUC7,0.0,0.2849191177528394,0.9814164800843945
GPR152,0.0,0.28305631043241497,0.9814164800843945
SOX1,0.0,0.28305631043241497,0.9814164800843945
RGS7BP,0.0,0.28305631043241497,0.9814164800843945
AJAP1,0.0,0.2793554998399834,0.9814164800843945
KLHL14,0.0,0.2849191177528394,0.9814164800843945
SPANXN5,0.0,0.28305631043241497,0.9814164800843945
MRGPRD,0.02,0.2793554998399834,0.9814164800843945
KCNJ4,0.04000000000000001,0.2793554998399834,0.9814164800843945
TUBAL3,0.05,0.28305631043241497,0.9814164800843945
H2AB2,0.0799999999999999,0.2812017727933104,0.9814164800843945
DNHD1,0.5849999999999991,0.28305631043241497,0.9814164800843945
RNASEH2B,0.6599999999999966,0.2849191177528394,0.9814164800843945
KIF21B,0.7149999999999994,0.28305631043241497,0.9814164800843945
CIPC,0.7799999999999994,0.2812017727933104,0.9814164800843945
TBXA2R,0.8250000000000002,0.2812017727933104,0.9814164800843945
TRAF6,0.9599999999999973,0.28305631043241497,0.9814164800843945
SRR,0.9900000000000011,0.2812017727933104,0.9814164800843945
TRDMT1,1.0600000000000005,0.2849191177528394,0.9814164800843945
ATP6V0A2,1.3849999999999998,0.2849191177528394,0.9814164800843945
STEAP1B,1.44,0.2793554998399834,0.9814164800843945
DCLRE1B,1.67,0.2812017727933104,0.9814164800843945
PLA2G4A,2.0399999999999983,0.2812017727933104,0.9814164800843945
DDX28,2.2899999999999956,0.2849191177528394,0.9814164800843945
SPIN4,2.4099999999999984,0.2812017727933104,0.9814164800843945
NCR3LG1,2.5699999999999994,0.2793554998399834,0.9814164800843945
WRN,2.9449999999999994,0.2793554998399834,0.9814164800843945
GLIPR2,2.9800000000000075,0.2849191177528394,0.9814164800843945
YIF1A,3.210000000000022,0.28305631043241497,0.9814164800843945
PRXL2C,3.260000000000005,0.2849191177528394,0.9814164800843945
POLR1F,3.3200000000000074,0.2812017727933104,0.9814164800843945
MLKL,3.4300000000000024,0.2793554998399834,0.9814164800843945
DHFR,4.115000000000002,0.2812017727933104,0.9814164800843945
TJAP1,4.180000000000007,0.2812017727933104,0.9814164800843945
MCM10,4.224999999999998,0.2849191177528394,0.9814164800843945
USP13,4.66,0.2793554998399834,0.9814164800843945
MORN4,4.755000000000001,0.2849191177528394,0.9814164800843945
NME7,5.479999999999993,0.2812017727933104,0.9814164800843945
MTF2,5.740000000000002,0.2812017727933104,0.9814164800843945
SAP18,5.769999999999996,0.2812017727933104,0.9814164800843945
IFI27L1,5.969999999999992,0.2849191177528394,0.9814164800843945
TTLL4,6.019999999999996,0.2849191177528394,0.9814164800843945
SHKBP1,6.699999999999974,0.2849191177528394,0.9814164800843945
HELLS,6.974999999999998,0.2812017727933104,0.9814164800843945
KRAS,7.049999999999995,0.2849191177528394,0.9814164800843945
YY1AP1,8.515000000000015,0.2812017727933104,0.9814164800843945
MACROD1,9.235000000000007,0.2849191177528394,0.9814164800843945
PAFAH1B1,11.22999999999999,0.2812017727933104,0.9814164800843945
SLC25A24,12.375000000000007,0.28305631043241497,0.9814164800843945
UBE2E3,12.730000000000004,0.2812017727933104,0.9814164800843945
EXOSC10,13.479999999999976,0.2812017727933104,0.9814164800843945
IFI44,23.445000000000007,0.2849191177528394,0.9814164800843945
PHB2,33.12000000000012,0.2849191177528394,0.9814164800843945
MAD2L2,36.20000000000002,0.2812017727933104,0.9814164800843945
FLII,42.82499999999996,0.2812017727933104,0.9814164800843945
RPL14,154.35500000000013,0.2793554998399834,0.9814164800843945
ELOB,-43.5800000000001,0.28866956010601463,0.9835673472598506
PRKAR1A,-18.160000000000025,0.28866956010601463,0.9835673472598506
SCD,-18.05000000000001,0.28866956010601463,0.9835673472598506
ARGLU1,-13.829999999999984,0.28866956010601463,0.9835673472598506
SRPRA,-12.414999999999992,0.28866956010601463,0.9835673472598506
ABR,-7.969999999999985,0.28866956010601463,0.9835673472598506
SH3GL1,-7.585000000000008,0.28866956010601463,0.9835673472598506
VLDLR,-7.410000000000002,0.28866956010601463,0.9835673472598506
GORASP1,-4.655000000000005,0.28866956010601463,0.9835673472598506
TRAF2,-4.350000000000003,0.28866956010601463,0.9835673472598506
GALNT10,-3.7399999999999896,0.28679019948764806,0.9835673472598506
CCNT1,-2.1999999999999975,0.28866956010601463,0.9835673472598506
LPIN3,-2.0250000000000004,0.28866956010601463,0.9835673472598506
MBTD1,-1.6949999999999994,0.28679019948764806,0.9835673472598506
PPP1R14C,-1.6449999999999998,0.28866956010601463,0.9835673472598506
MTMR4,-1.5649999999999977,0.28866956010601463,0.9835673472598506
ZNF502,-0.9649999999999999,0.28679019948764806,0.9835673472598506
VPS54,-0.9049999999999994,0.28679019948764806,0.9835673472598506
ZNF433,-0.8999999999999999,0.28679019948764806,0.9835673472598506
CLYBL,-0.5400000000000009,0.28679019948764806,0.9835673472598506
ICA1L,-0.49500000000000033,0.28679019948764806,0.9835673472598506
ACBD7,-0.4249999999999998,0.28679019948764806,0.9835673472598506
CDKL3,-0.41999999999999993,0.28679019948764806,0.9835673472598506
MAPK10,-0.18000000000000016,0.28866956010601463,0.9835673472598506
SPOCK2,-0.15000000000000008,0.28679019948764806,0.9835673472598506
ADRA1B,-0.1200000000000001,0.28679019948764806,0.9835673472598506
AMN,-0.0949999999999998,0.28866956010601463,0.9835673472598506
SYNPO2,-0.0799999999999999,0.28679019948764806,0.9835673472598506
CAPN14,-0.05,0.28866956010601463,0.9835673472598506
ZNF157,-0.02,0.28866956010601463,0.9835673472598506
HPN,-0.010000000000000002,0.28866956010601463,0.9835673472598506
EFCC1,-0.01,0.28866956010601463,0.9835673472598506
KCNJ3,-0.01,0.28679019948764806,0.9835673472598506
PLCXD3,0.0,0.28679019948764806,0.9835673472598506
CHRNA1,0.009999999999999998,0.28679019948764806,0.9835673472598506
PAK5,0.01,0.28866956010601463,0.9835673472598506
RBMXL2,0.01,0.28866956010601463,0.9835673472598506
PRKAR2A,0.22499999999999787,0.28866956010601463,0.9835673472598506
CFAP299,0.235,0.28866956010601463,0.9835673472598506
ING3,0.30499999999999794,0.28679019948764806,0.9835673472598506
DGKH,0.7199999999999989,0.28866956010601463,0.9835673472598506
TMED8,0.875,0.28679019948764806,0.9835673472598506
ZNF775,1.7050000000000014,0.28866956010601463,0.9835673472598506
SLC22A4,1.9100000000000001,0.28866956010601463,0.9835673472598506
OIP5,2.0750000000000135,0.28866956010601463,0.9835673472598506
ZNF519,2.1000000000000005,0.28866956010601463,0.9835673472598506
SIK3,2.484999999999996,0.28866956010601463,0.9835673472598506
BAZ1A,3.964999999999989,0.28866956010601463,0.9835673472598506
HCFC1,4.034999999999997,0.28866956010601463,0.9835673472598506
NOTCH2NLC,4.255000000000003,0.28866956010601463,0.9835673472598506
AMN1,4.34,0.28866956010601463,0.9835673472598506
MARK2,4.934999999999999,0.28866956010601463,0.9835673472598506
EZH2,7.00500000000001,0.28679019948764806,0.9835673472598506
MRPS28,8.544999999999987,0.28866956010601463,0.9835673472598506
PLPP5,8.829999999999988,0.28679019948764806,0.9835673472598506
MGAT2,9.169999999999998,0.28866956010601463,0.9835673472598506
CPSF3,11.345000000000034,0.28866956010601463,0.9835673472598506
KIF22,11.975000000000009,0.28866956010601463,0.9835673472598506
CHEK2,12.170000000000023,0.28866956010601463,0.9835673472598506
RPL29,96.59999999999991,0.28866956010601463,0.9835673472598506
RPS15A,480.8499999999958,0.28866956010601463,0.9835673472598506
HLA-C,-106.86999999999988,0.2924531345422756,0.9843011326636505
ACTN4,-64.84000000000017,0.2924531345422756,0.9843011326636505
TNFAIP2,-33.989999999999995,0.294357355966521,0.9843011326636505
SPCS2,-33.40999999999997,0.2962698714842864,0.9843011326636505
VDAC2,-29.47,0.2962698714842864,0.9843011326636505
PPP1R15A,-26.46499999999999,0.294357355966521,0.9843011326636505
CRTAP,-24.565000000000055,0.2924531345422756,0.9843011326636505
ST13,-23.200000000000074,0.2962698714842864,0.9843011326636505
FAM3C,-22.784999999999982,0.2924531345422756,0.9843011326636505
UBE2B,-17.049999999999997,0.2924531345422756,0.9843011326636505
TMEM98,-17.005,0.294357355966521,0.9843011326636505
PSMD6,-15.764999999999972,0.2905572038118227,0.9843011326636505
TTC3,-14.140000000000008,0.2924531345422756,0.9843011326636505
NBL1,-12.845000000000013,0.2924531345422756,0.9843011326636505
SRSF11,-12.764999999999986,0.2924531345422756,0.9843011326636505
UBA5,-9.104999999999972,0.2924531345422756,0.9843011326636505
CNOT2,-8.69499999999999,0.2924531345422756,0.9843011326636505
SLC38A10,-8.57500000000001,0.2962698714842864,0.9843011326636505
EFNA1,-8.349999999999998,0.294357355966521,0.9843011326636505
TEX264,-8.110000000000007,0.294357355966521,0.9843011326636505
PET100,-6.230000000000011,0.2962698714842864,0.9843011326636505
TPD52L1,-5.674999999999997,0.2924531345422756,0.9843011326636505
GALM,-4.745,0.2924531345422756,0.9843011326636505
SPRY1,-4.06,0.2905572038118227,0.9843011326636505
CBY1,-4.029999999999998,0.2924531345422756,0.9843011326636505
TSC22D3,-3.9800000000000004,0.2962698714842864,0.9843011326636505
HACD3,-3.9650000000000034,0.2962698714842864,0.9843011326636505
LRRC61,-3.6999999999999993,0.294357355966521,0.9843011326636505
MED15,-3.450000000000003,0.2905572038118227,0.9843011326636505
SGSM3,-3.4099999999999966,0.2924531345422756,0.9843011326636505
NPIPB4,-3.260000000000012,0.2924531345422756,0.9843011326636505
TMTC4,-3.244999999999999,0.2924531345422756,0.9843011326636505
DNMT3A,-3.235000000000001,0.2962698714842864,0.9843011326636505
XRCC1,-3.164999999999999,0.2905572038118227,0.9843011326636505
GAPVD1,-3.050000000000006,0.2962698714842864,0.9843011326636505
DIS3,-2.9000000000000092,0.294357355966521,0.9843011326636505
RNF141,-2.844999999999997,0.2924531345422756,0.9843011326636505
CHST12,-2.540000000000001,0.2905572038118227,0.9843011326636505
PWP2,-1.9749999999999988,0.2905572038118227,0.9843011326636505
ROR1,-1.9650000000000012,0.2962698714842864,0.9843011326636505
MYO15B,-1.9100000000000001,0.2962698714842864,0.9843011326636505
SOS1,-1.7749999999999977,0.2924531345422756,0.9843011326636505
MTX3,-1.6950000000000012,0.294357355966521,0.9843011326636505
ZNF43,-1.6349999999999998,0.2924531345422756,0.9843011326636505
ARSK,-1.5900000000000016,0.2962698714842864,0.9843011326636505
C1QL1,-1.5849999999999995,0.294357355966521,0.9843011326636505
RNF4,-1.5299999999999798,0.2905572038118227,0.9843011326636505
FANCF,-1.4799999999999986,0.2962698714842864,0.9843011326636505
CLCN5,-1.1950000000000007,0.2924531345422756,0.9843011326636505
KCNK5,-1.1550000000000005,0.294357355966521,0.9843011326636505
AHCYL2,-1.0200000000000014,0.2924531345422756,0.9843011326636505
ATP2A1,-0.9600000000000003,0.2962698714842864,0.9843011326636505
MAST3,-0.8950000000000002,0.294357355966521,0.9843011326636505
PCMT1,-0.875,0.2962698714842864,0.9843011326636505
LAMA1,-0.815,0.294357355966521,0.9843011326636505
USP47,-0.7899999999999991,0.294357355966521,0.9843011326636505
CAPS2,-0.6800000000000002,0.2924531345422756,0.9843011326636505
FBXL2,-0.46500000000000075,0.2924531345422756,0.9843011326636505
CHRNA7,-0.3900000000000001,0.2924531345422756,0.9843011326636505
H3C3,-0.3450000000000001,0.294357355966521,0.9843011326636505
MGP,-0.33999999999999986,0.2924531345422756,0.9843011326636505
ZNF460,-0.2949999999999997,0.2924531345422756,0.9843011326636505
TTC9,-0.29000000000000004,0.2905572038118227,0.9843011326636505
MINAR1,-0.29000000000000004,0.2905572038118227,0.9843011326636505
GOLGA6L9,-0.29000000000000004,0.2962698714842864,0.9843011326636505
BTC,-0.2749999999999999,0.2905572038118227,0.9843011326636505
SEMA6D,-0.23000000000000004,0.2962698714842864,0.9843011326636505
ISL1,-0.225,0.2924531345422756,0.9843011326636505
SH3BGR,-0.13999999999999968,0.2905572038118227,0.9843011326636505
CCNE1,-0.13999999999999702,0.2962698714842864,0.9843011326636505
GJB5,-0.12499999999999992,0.294357355966521,0.9843011326636505
SCGB2B2,-0.0699999999999999,0.294357355966521,0.9843011326636505
BANK1,-0.065,0.2905572038118227,0.9843011326636505
RSPH10B2,-0.04,0.2905572038118227,0.9843011326636505
TMEM100,-0.030000000000000002,0.2924531345422756,0.9843011326636505
CNKSR2,-0.03,0.2905572038118227,0.9843011326636505
NODAL,-0.03,0.2905572038118227,0.9843011326636505
ADRA2B,-0.02,0.2905572038118227,0.9843011326636505
KL,-0.01,0.294357355966521,0.9843011326636505
PNPLA1,-0.01,0.294357355966521,0.9843011326636505
KCNH8,-0.01,0.2924531345422756,0.9843011326636505
NCMAP,-0.01,0.2962698714842864,0.9843011326636505
NCCRP1,-0.0049999999999999975,0.2924531345422756,0.9843011326636505
ITIH1,0.0,0.2962698714842864,0.9843011326636505
RETN,0.0,0.2962698714842864,0.9843011326636505
PRAMEF1,0.0,0.2962698714842864,0.9843011326636505
RAMP3,0.0,0.2962698714842864,0.9843011326636505
SLC39A12,0.0,0.2962698714842864,0.9843011326636505
FBXO40,0.0,0.2962698714842864,0.9843011326636505
OR10A3,0.0,0.2905572038118227,0.9843011326636505
KCNA4,0.0,0.2962698714842864,0.9843011326636505
KCTD8,0.0,0.2962698714842864,0.9843011326636505
KLHL34,0.0,0.294357355966521,0.9843011326636505
DTHD1,0.0,0.2962698714842864,0.9843011326636505
SMIM31,0.0,0.2924531345422756,0.9843011326636505
ZNF728,0.0,0.2962698714842864,0.9843011326636505
GAGE2E,0.0,0.294357355966521,0.9843011326636505
AC022414.1,0.0,0.2905572038118227,0.9843011326636505
ZNF705E,0.020000000000000004,0.294357355966521,0.9843011326636505
KLRF1,0.03,0.2962698714842864,0.9843011326636505
LHX9,0.06000000000000011,0.294357355966521,0.9843011326636505
ATOH7,0.0800000000000001,0.2924531345422756,0.9843011326636505
TIE1,0.10499999999999998,0.2962698714842864,0.9843011326636505
S1PR1,0.1399999999999999,0.2924531345422756,0.9843011326636505
RNF208,0.1599999999999997,0.2962698714842864,0.9843011326636505
RPS6KC1,0.17999999999999972,0.2905572038118227,0.9843011326636505
TEX52,0.195,0.2962698714842864,0.9843011326636505
FPR1,0.22,0.2962698714842864,0.9843011326636505
RAG1,0.275,0.2905572038118227,0.9843011326636505
CFAP94,0.31,0.2962698714842864,0.9843011326636505
ASGR1,0.3649999999999999,0.2962698714842864,0.9843011326636505
C4orf47,0.52,0.2962698714842864,0.9843011326636505
PTPN12,0.9650000000000105,0.294357355966521,0.9843011326636505
IKBKE,1.1150000000000047,0.294357355966521,0.9843011326636505
CNTRL,1.1799999999999962,0.294357355966521,0.9843011326636505
FUT8,1.7950000000000124,0.2962698714842864,0.9843011326636505
PTHLH,1.8850000000000007,0.2905572038118227,0.9843011326636505
VRK2,2.679999999999996,0.294357355966521,0.9843011326636505
NUP160,2.7050000000000125,0.2905572038118227,0.9843011326636505
DPP4,2.919999999999999,0.2924531345422756,0.9843011326636505
LSM8,3.2100000000000044,0.2924531345422756,0.9843011326636505
NLE1,3.4650000000000034,0.2924531345422756,0.9843011326636505
CCDC150,4.140000000000002,0.2962698714842864,0.9843011326636505
SHOX2,4.1899999999999995,0.294357355966521,0.9843011326636505
HSF1,4.594999999999999,0.2924531345422756,0.9843011326636505
ALAS1,4.885000000000005,0.2962698714842864,0.9843011326636505
TMEM107,4.929999999999996,0.2962698714842864,0.9843011326636505
KATNA1,5.2600000000000176,0.2924531345422756,0.9843011326636505
OAS3,5.415000000000003,0.2962698714842864,0.9843011326636505
CNOT7,5.435000000000009,0.2962698714842864,0.9843011326636505
SLC16A9,6.2250000000000005,0.294357355966521,0.9843011326636505
TNFRSF19,6.260000000000004,0.2962698714842864,0.9843011326636505
SMARCC1,8.455000000000009,0.2924531345422756,0.9843011326636505
CRLS1,9.269999999999985,0.2924531345422756,0.9843011326636505
LRRFIP1,9.399999999999977,0.2924531345422756,0.9843011326636505
IL1A,12.014999999999999,0.2905572038118227,0.9843011326636505
USP10,14.980000000000004,0.2905572038118227,0.9843011326636505
RRAS2,15.584999999999994,0.2962698714842864,0.9843011326636505
PCK2,18.369999999999976,0.2962698714842864,0.9843011326636505
MCM2,18.970000000000013,0.2962698714842864,0.9843011326636505
CIAO2B,23.914999999999992,0.2924531345422756,0.9843011326636505
CDC123,43.99500000000006,0.2962698714842864,0.9843011326636505
TPM4,85.83499999999987,0.2962698714842864,0.9843011326636505
SH3BGRL3,139.80499999999995,0.2924531345422756,0.9843011326636505
DSTN,-110.13000000000014,0.30011979704409164,0.9859978200388995
IGFBP7,-38.365,0.2981906842245279,0.9859978200388995
COPG1,-22.120000000000076,0.30011979704409164,0.9859978200388995
STAU1,-13.189999999999998,0.30011979704409164,0.9859978200388995
CUX1,-11.920000000000005,0.30011979704409164,0.9859978200388995
TMEM184B,-10.175,0.30011979704409164,0.9859978200388995
ADSS2,-10.004999999999992,0.30011979704409164,0.9859978200388995
LTBR,-9.995000000000019,0.30011979704409164,0.9859978200388995
TSPAN9,-5.955000000000002,0.30011979704409164,0.9859978200388995
ADAP1,-4.785,0.30011979704409164,0.9859978200388995
CBX6,-4.114999999999995,0.2981906842245279,0.9859978200388995
WDR18,-3.635000000000012,0.30011979704409164,0.9859978200388995
RYBP,-3.0050000000000026,0.30011979704409164,0.9859978200388995
ALDH18A1,-2.934999999999988,0.30011979704409164,0.9859978200388995
GCNT2,-2.780000000000001,0.30011979704409164,0.9859978200388995
SMIM11B,-2.469999999999999,0.30011979704409164,0.9859978200388995
TAOK1,-1.974999999999996,0.30011979704409164,0.9859978200388995
LRIG3,-1.9449999999999994,0.30011979704409164,0.9859978200388995
CTSO,-1.7950000000000004,0.2981906842245279,0.9859978200388995
ZNF548,-1.6749999999999963,0.2981906842245279,0.9859978200388995
USP45,-1.4849999999999994,0.2981906842245279,0.9859978200388995
PSTPIP2,-1.4250000000000003,0.30011979704409164,0.9859978200388995
CCDC126,-1.0549999999999975,0.2981906842245279,0.9859978200388995
ZNF292,-0.9199999999999999,0.30011979704409164,0.9859978200388995
PBLD,-0.7500000000000009,0.2981906842245279,0.9859978200388995
PRSS53,-0.3849999999999998,0.2981906842245279,0.9859978200388995
SCARF2,-0.22499999999999876,0.30011979704409164,0.9859978200388995
ZNF540,-0.1250000000000001,0.2981906842245279,0.9859978200388995
GNG13,-0.10000000000000012,0.30011979704409164,0.9859978200388995
GPX7,-0.060000000000000095,0.30011979704409164,0.9859978200388995
CEACAM5,-0.049999999999999906,0.2981906842245279,0.9859978200388995
IMPG1,-0.04,0.30011979704409164,0.9859978200388995
NPPB,-0.04,0.30011979704409164,0.9859978200388995
BPIFB1,-0.02,0.30011979704409164,0.9859978200388995
TTC24,-0.019999999999999997,0.2981906842245279,0.9859978200388995
TF,-0.010000000000000009,0.30011979704409164,0.9859978200388995
GPR31,0.0,0.2981906842245279,0.9859978200388995
SLC35G3,0.0,0.2981906842245279,0.9859978200388995
SULT1C4,0.0,0.2981906842245279,0.9859978200388995
CD244,0.01,0.30011979704409164,0.9859978200388995
VSTM2A,0.01,0.30011979704409164,0.9859978200388995
KRT6C,0.01,0.2981906842245279,0.9859978200388995
PTX4,0.030000000000000002,0.30011979704409164,0.9859978200388995
ST8SIA6,0.039999999999999994,0.30011979704409164,0.9859978200388995
FGF20,0.04,0.2981906842245279,0.9859978200388995
CHIC1,0.10499999999999865,0.2981906842245279,0.9859978200388995
ELMOD1,0.1649999999999999,0.2981906842245279,0.9859978200388995
NEK10,0.5650000000000003,0.2981906842245279,0.9859978200388995
STYX,0.7650000000000006,0.2981906842245279,0.9859978200388995
TAF3,1.110000000000002,0.30011979704409164,0.9859978200388995
DACT1,1.24,0.30011979704409164,0.9859978200388995
TLK1,2.140000000000004,0.30011979704409164,0.9859978200388995
NHEJ1,3.2750000000000057,0.30011979704409164,0.9859978200388995
KIF23,4.020000000000024,0.30011979704409164,0.9859978200388995
ZNF281,4.155000000000003,0.30011979704409164,0.9859978200388995
TEP1,4.4499999999999975,0.30011979704409164,0.9859978200388995
TMEM237,4.645000000000003,0.30011979704409164,0.9859978200388995
DLX1,6.484999999999999,0.30011979704409164,0.9859978200388995
EOLA2,8.350000000000012,0.30011979704409164,0.9859978200388995
NOL12,10.194999999999993,0.30011979704409164,0.9859978200388995
LSM6,13.799999999999969,0.30011979704409164,0.9859978200388995
DDAH2,15.814999999999984,0.2981906842245279,0.9859978200388995
DDX11,18.22999999999999,0.30011979704409164,0.9859978200388995
MICAL2,22.034999999999982,0.30011979704409164,0.9859978200388995
SDHA,25.645000000000067,0.30011979704409164,0.9859978200388995
JUP,-33.75500000000001,0.3040029329800791,0.987597882986909
ACAA1,-11.240000000000002,0.3040029329800791,0.987597882986909
C1orf122,-10.830000000000005,0.3040029329800791,0.987597882986909
ELF3,-7.909999999999998,0.3020572125263882,0.987597882986909
IFFO1,-6.545,0.3040029329800791,0.987597882986909
PRKD2,-4.205000000000002,0.3040029329800791,0.987597882986909
ABCA3,-2.9350000000000005,0.3020572125263882,0.987597882986909
ZNF85,-2.855,0.3040029329800791,0.987597882986909
STAMBP,-2.644999999999989,0.3040029329800791,0.987597882986909
TBCK,-1.8650000000000002,0.3020572125263882,0.987597882986909
EIF2B1,-1.7250000000000085,0.3040029329800791,0.987597882986909
ISY1-RAB43,-1.5599999999999987,0.3040029329800791,0.987597882986909
NEK7,-1.3000000000000043,0.3020572125263882,0.987597882986909
ERV3-1,-1.2849999999999984,0.3040029329800791,0.987597882986909
SCFD2,-1.2800000000000011,0.3040029329800791,0.987597882986909
ZNF780A,-1.0899999999999963,0.3040029329800791,0.987597882986909
PITX2,-1.0500000000000003,0.3040029329800791,0.987597882986909
ZNF668,-0.9349999999999996,0.3040029329800791,0.987597882986909
PDSS2,-0.8450000000000006,0.3020572125263882,0.987597882986909
ABCC2,-0.7999999999999998,0.3040029329800791,0.987597882986909
LIPH,-0.6649999999999999,0.3020572125263882,0.987597882986909
TLR6,-0.595,0.3020572125263882,0.987597882986909
ANGPTL2,-0.26,0.3020572125263882,0.987597882986909
STIMATE-MUSTN1,-0.15000000000000013,0.3020572125263882,0.987597882986909
NEK5,-0.1199999999999999,0.3040029329800791,0.987597882986909
CD96,-0.10000000000000012,0.3040029329800791,0.987597882986909
H3-5,-0.08999999999999986,0.3040029329800791,0.987597882986909
PRDM6,-0.06000000000000011,0.3040029329800791,0.987597882986909
RHOJ,-0.060000000000000095,0.3040029329800791,0.987597882986909
KLK2,-0.05,0.3040029329800791,0.987597882986909
CABP7,-0.03,0.3020572125263882,0.987597882986909
PCDHA1,-0.03,0.3020572125263882,0.987597882986909
SMCO3,-0.020000000000000004,0.3020572125263882,0.987597882986909
CCDC170,-0.02,0.3040029329800791,0.987597882986909
PCDHA6,-0.019999999999999997,0.3020572125263882,0.987597882986909
PPP1R2B,-0.010000000000000009,0.3040029329800791,0.987597882986909
GRIA3,-0.01,0.3040029329800791,0.987597882986909
MAEL,-0.01,0.3020572125263882,0.987597882986909
MUSK,0.0,0.3040029329800791,0.987597882986909
RGR,0.0,0.3040029329800791,0.987597882986909
GFRAL,0.0,0.3020572125263882,0.987597882986909
AWAT1,0.0,0.3020572125263882,0.987597882986909
ACOT6,0.0,0.3020572125263882,0.987597882986909
OR10G2,0.0,0.3020572125263882,0.987597882986909
ELOA3C,0.0,0.3040029329800791,0.987597882986909
SLC15A1,0.009999999999999998,0.3020572125263882,0.987597882986909
SLC26A9,0.010000000000000002,0.3020572125263882,0.987597882986909
FAM107A,0.030000000000000006,0.3020572125263882,0.987597882986909
UGT1A9,0.04,0.3020572125263882,0.987597882986909
ACTRT3,0.14999999999999925,0.3020572125263882,0.987597882986909
GABRB3,1.5250000000000001,0.3020572125263882,0.987597882986909
KMT2E,2.1149999999999984,0.3040029329800791,0.987597882986909
TRIP4,2.3499999999999943,0.3040029329800791,0.987597882986909
NUDT22,3.6199999999999903,0.3040029329800791,0.987597882986909
USP3,4.635000000000002,0.3040029329800791,0.987597882986909
TMEM205,6.090000000000032,0.3040029329800791,0.987597882986909
NOP9,6.1399999999999935,0.3020572125263882,0.987597882986909
SMIM3,6.400000000000006,0.3040029329800791,0.987597882986909
PWP1,7.385000000000012,0.3040029329800791,0.987597882986909
SLTM,10.91000000000001,0.3040029329800791,0.987597882986909
RNF26,10.964999999999996,0.3040029329800791,0.987597882986909
AGTRAP,14.655000000000015,0.3040029329800791,0.987597882986909
MATR3,15.349999999999966,0.3040029329800791,0.987597882986909
MCFD2,17.024999999999977,0.3040029329800791,0.987597882986909
ANAPC15,21.63000000000001,0.3040029329800791,0.987597882986909
COX7B,81.46499999999995,0.3040029329800791,0.987597882986909
APP,-83.15000000000009,0.30791929665476825,0.9877812235826453
PEG10,-38.745,0.30791929665476825,0.9877812235826453
CTSA,-32.074999999999946,0.30791929665476825,0.9877812235826453
PPDPF,-13.734999999999985,0.30791929665476825,0.9877812235826453
MYEF2,-12.629999999999999,0.30595696043777887,0.9877812235826453
NPIPA1,-8.080000000000005,0.30791929665476825,0.9877812235826453
KDELR3,-7.679999999999996,0.30791929665476825,0.9877812235826453
OSBPL2,-7.465,0.30791929665476825,0.9877812235826453
ISCA1,-7.1449999999999925,0.30791929665476825,0.9877812235826453
SPPL2A,-6.815000000000005,0.30791929665476825,0.9877812235826453
CEP170B,-5.799999999999994,0.30595696043777887,0.9877812235826453
MYO6,-4.6,0.30791929665476825,0.9877812235826453
AKAP8L,-4.4999999999999964,0.30791929665476825,0.9877812235826453
MAP1LC3A,-4.485000000000002,0.30595696043777887,0.9877812235826453
CCDC32,-4.264999999999997,0.30595696043777887,0.9877812235826453
CLASP1,-2.3450000000000024,0.30595696043777887,0.9877812235826453
LMAN2L,-2.264999999999997,0.30595696043777887,0.9877812235826453
SMG9,-2.2600000000000087,0.30791929665476825,0.9877812235826453
SCAF1,-1.995000000000008,0.30595696043777887,0.9877812235826453
NLK,-1.8249999999999984,0.30791929665476825,0.9877812235826453
MED7,-1.6350000000000042,0.30791929665476825,0.9877812235826453
IER5,-1.5850000000000009,0.30791929665476825,0.9877812235826453
ZNF451,-1.4050000000000011,0.30595696043777887,0.9877812235826453
ENPP1,-1.21,0.30595696043777887,0.9877812235826453
RAB3GAP2,-0.8399999999999999,0.30791929665476825,0.9877812235826453
SLC16A7,-0.3999999999999999,0.30791929665476825,0.9877812235826453
PTK6,-0.3250000000000001,0.30595696043777887,0.9877812235826453
IDNK,-0.15999999999999925,0.30791929665476825,0.9877812235826453
TNFSF13B,-0.1050000000000001,0.30791929665476825,0.9877812235826453
RASSF6,-0.08499999999999991,0.30791929665476825,0.9877812235826453
DUOXA1,-0.039999999999999994,0.30595696043777887,0.9877812235826453
MBOAT4,-0.03500000000000001,0.30595696043777887,0.9877812235826453
TULP1,-0.03,0.30791929665476825,0.9877812235826453
PCP4L1,-0.03,0.30595696043777887,0.9877812235826453
WDR38,-0.019999999999999997,0.30595696043777887,0.9877812235826453
MAGEA1,-0.019999999999999997,0.30595696043777887,0.9877812235826453
FRZB,-0.015000000000000013,0.30595696043777887,0.9877812235826453
CPXM2,-0.01,0.30595696043777887,0.9877812235826453
SLC35F1,-0.01,0.30595696043777887,0.9877812235826453
MYLK3,-0.009999999999999995,0.30791929665476825,0.9877812235826453
SLC22A7,0.0,0.30595696043777887,0.9877812235826453
CXCL9,0.0,0.30595696043777887,0.9877812235826453
OR6J1,0.0,0.30791929665476825,0.9877812235826453
ASB5,0.005000000000000001,0.30595696043777887,0.9877812235826453
FGD5,0.02,0.30791929665476825,0.9877812235826453
ATP6V0A4,0.02499999999999991,0.30595696043777887,0.9877812235826453
RAG2,0.03,0.30595696043777887,0.9877812235826453
SMIM2,0.04,0.30791929665476825,0.9877812235826453
TCP10L,0.07000000000000009,0.30595696043777887,0.9877812235826453
S100A8,0.21500000000000022,0.30595696043777887,0.9877812235826453
H3C10,0.2350000000000001,0.30791929665476825,0.9877812235826453
MMACHC,0.41000000000000014,0.30791929665476825,0.9877812235826453
ALG14,0.4850000000000012,0.30595696043777887,0.9877812235826453
BRSK1,0.535000000000001,0.30791929665476825,0.9877812235826453
FAM241A,0.655,0.30791929665476825,0.9877812235826453
FRMD3,0.7599999999999998,0.30791929665476825,0.9877812235826453
ZRANB3,0.7600000000000016,0.30791929665476825,0.9877812235826453
C15orf48,0.8449999999999993,0.30595696043777887,0.9877812235826453
SDR42E1,0.8899999999999998,0.30791929665476825,0.9877812235826453
PARL,1.740000000000009,0.30791929665476825,0.9877812235826453
BMS1,2.310000000000006,0.30791929665476825,0.9877812235826453
FOXD1,2.930000000000002,0.30791929665476825,0.9877812235826453
ATP6V1E2,2.9899999999999984,0.30791929665476825,0.9877812235826453
DBF4,3.9099999999999966,0.30791929665476825,0.9877812235826453
SCLY,4.040000000000003,0.30791929665476825,0.9877812235826453
NMNAT2,4.074999999999998,0.30791929665476825,0.9877812235826453
ANTXR2,4.159999999999999,0.30791929665476825,0.9877812235826453
WDR11,4.179999999999993,0.30791929665476825,0.9877812235826453
FAM111A,5.214999999999996,0.30595696043777887,0.9877812235826453
RUSC1,5.9350000000000165,0.30791929665476825,0.9877812235826453
C8orf33,6.259999999999991,0.30791929665476825,0.9877812235826453
MARK3,9.865000000000023,0.30791929665476825,0.9877812235826453
TK1,12.025000000000048,0.30791929665476825,0.9877812235826453
CMTM6,13.704999999999984,0.30791929665476825,0.9877812235826453
ARL4A,16.59500000000002,0.30791929665476825,0.9877812235826453
SOD1,-84.94999999999982,0.31186890099345044,0.9881243232335583
MT-ND5,-69.09999999999854,0.3158517544436972,0.9881243232335583
EPS8L2,-42.514999999999986,0.3158517544436972,0.9881243232335583
U2AF1L5,-33.575000000000045,0.3158517544436972,0.9881243232335583
IDH1,-28.499999999999993,0.31186890099345044,0.9881243232335583
DLD,-19.94999999999999,0.309889943107722,0.9881243232335583
SEL1L3,-17.28499999999999,0.3158517544436972,0.9881243232335583
TUBB2A,-13.93500000000001,0.3158517544436972,0.9881243232335583
LMF2,-13.484999999999992,0.3158517544436972,0.9881243232335583
IARS2,-10.679999999999964,0.3158517544436972,0.9881243232335583
DEGS1,-10.459999999999994,0.3158517544436972,0.9881243232335583
ST3GAL4,-10.089999999999996,0.3158517544436972,0.9881243232335583
MRPS12,-9.300000000000018,0.3158517544436972,0.9881243232335583
TMEM14A,-7.489999999999981,0.3158517544436972,0.9881243232335583
SCAF11,-6.944999999999997,0.31186890099345044,0.9881243232335583
HIPK2,-6.500000000000004,0.3158517544436972,0.9881243232335583
STYXL1,-6.104999999999997,0.3158517544436972,0.9881243232335583
TMEM19,-5.275000000000002,0.31385617122765486,0.9881243232335583
PLA2G12A,-5.060000000000002,0.309889943107722,0.9881243232335583
RBPMS,-4.870000000000012,0.31186890099345044,0.9881243232335583
DCAF12,-4.740000000000009,0.31186890099345044,0.9881243232335583
MICU2,-4.134999999999998,0.31385617122765486,0.9881243232335583
EIF4EBP2,-3.9899999999999967,0.31186890099345044,0.9881243232335583
DNAJB4,-3.855000000000002,0.3158517544436972,0.9881243232335583
IDH3A,-3.785000000000011,0.31385617122765486,0.9881243232335583
MAP3K12,-2.8200000000000003,0.31186890099345044,0.9881243232335583
COL4A5,-2.505,0.31385617122765486,0.9881243232335583
THEM6,-2.495000000000001,0.31186890099345044,0.9881243232335583
TEFM,-2.3400000000000034,0.31385617122765486,0.9881243232335583
PLEKHA4,-2.2799999999999985,0.31385617122765486,0.9881243232335583
TTC14,-2.244999999999994,0.309889943107722,0.9881243232335583
RAP2A,-2.2200000000000024,0.31385617122765486,0.9881243232335583
AFAP1L2,-1.745000000000001,0.31385617122765486,0.9881243232335583
IDE,-1.689999999999996,0.31186890099345044,0.9881243232335583
ZDHHC5,-1.5799999999999983,0.3158517544436972,0.9881243232335583
MYOM2,-1.5200000000000002,0.3158517544436972,0.9881243232335583
YPEL5,-1.3750000000000036,0.3158517544436972,0.9881243232335583
NAT8L,-1.2350000000000003,0.309889943107722,0.9881243232335583
ZNF525,-1.23,0.309889943107722,0.9881243232335583
KLHDC9,-1.22,0.31385617122765486,0.9881243232335583
TMEM260,-1.1500000000000012,0.3158517544436972,0.9881243232335583
ZNF227,-1.0600000000000005,0.3158517544436972,0.9881243232335583
AGTPBP1,-1.0500000000000007,0.31186890099345044,0.9881243232335583
ZNF689,-1.0300000000000002,0.31186890099345044,0.9881243232335583
ARL15,-0.9050000000000011,0.3158517544436972,0.9881243232335583
LONRF1,-0.9000000000000004,0.3158517544436972,0.9881243232335583
HOXB13,-0.8800000000000001,0.31385617122765486,0.9881243232335583
ZNF254,-0.8249999999999993,0.31385617122765486,0.9881243232335583
ZNF619,-0.5800000000000003,0.309889943107722,0.9881243232335583
RBSN,-0.5050000000000008,0.31186890099345044,0.9881243232335583
DLX6,-0.505,0.31385617122765486,0.9881243232335583
FZD3,-0.49000000000000044,0.31385617122765486,0.9881243232335583
TEF,-0.4800000000000004,0.31186890099345044,0.9881243232335583
PIGZ,-0.33499999999999996,0.31385617122765486,0.9881243232335583
EBI3,-0.19,0.3158517544436972,0.9881243232335583
DLL1,-0.18500000000000016,0.31385617122765486,0.9881243232335583
XAGE1A,-0.17000000000000015,0.31385617122765486,0.9881243232335583
H2AC7,-0.16500000000000012,0.31186890099345044,0.9881243232335583
TPRG1,-0.16,0.31385617122765486,0.9881243232335583
NRN1,-0.15,0.3158517544436972,0.9881243232335583
RNF165,-0.13999999999999993,0.309889943107722,0.9881243232335583
HBE1,-0.07000000000000009,0.31385617122765486,0.9881243232335583
DNAH7,-0.06500000000000003,0.31186890099345044,0.9881243232335583
DTX1,-0.06,0.3158517544436972,0.9881243232335583
EMX1,-0.05500000000000001,0.31385617122765486,0.9881243232335583
COL8A2,-0.055,0.31385617122765486,0.9881243232335583
PACRG,-0.05,0.31186890099345044,0.9881243232335583
SLC25A41,-0.049999999999999996,0.309889943107722,0.9881243232335583
FOXD4L5,-0.049999999999999996,0.3158517544436972,0.9881243232335583
CCDC85A,-0.045,0.3158517544436972,0.9881243232335583
FSTL5,-0.04,0.3158517544436972,0.9881243232335583
LGR5,-0.039999999999999994,0.309889943107722,0.9881243232335583
PCSK1,-0.035,0.3158517544436972,0.9881243232335583
SLC45A2,-0.030000000000000006,0.3158517544436972,0.9881243232335583
NFKBIL1,-0.02999999999999048,0.3158517544436972,0.9881243232335583
ATG9B,-0.020000000000000018,0.3158517544436972,0.9881243232335583
SCG3,-0.02,0.31385617122765486,0.9881243232335583
CD164L2,-0.02,0.31186890099345044,0.9881243232335583
PCDHA5,-0.019999999999999997,0.31385617122765486,0.9881243232335583
KCNG2,-0.010000000000000009,0.31385617122765486,0.9881243232335583
CD86,-0.01,0.309889943107722,0.9881243232335583
DSG1,-0.01,0.309889943107722,0.9881243232335583
SLC5A10,-0.01,0.31385617122765486,0.9881243232335583
UROC1,-0.01,0.31385617122765486,0.9881243232335583
PODN,-0.01,0.31385617122765486,0.9881243232335583
MGAT4C,-0.01,0.31186890099345044,0.9881243232335583
FAM43B,-0.01,0.309889943107722,0.9881243232335583
NXF2B,-0.01,0.309889943107722,0.9881243232335583
ZNF613,-0.004999999999999893,0.31385617122765486,0.9881243232335583
AFM,0.0,0.309889943107722,0.9881243232335583
PLA2G2D,0.0,0.3158517544436972,0.9881243232335583
BPIFA2,0.0,0.309889943107722,0.9881243232335583
GPR12,0.0,0.309889943107722,0.9881243232335583
ASZ1,0.0,0.309889943107722,0.9881243232335583
UGT2B4,0.0,0.31385617122765486,0.9881243232335583
MBL2,0.0,0.309889943107722,0.9881243232335583
SVOP,0.0,0.309889943107722,0.9881243232335583
ACER1,0.0,0.309889943107722,0.9881243232335583
OR52N2,0.0,0.309889943107722,0.9881243232335583
NCR1,0.0,0.309889943107722,0.9881243232335583
OR2A12,0.0,0.309889943107722,0.9881243232335583
RFPL4B,0.0,0.3158517544436972,0.9881243232335583
CXCL6,0.009999999999999995,0.31385617122765486,0.9881243232335583
KCNJ1,0.01,0.309889943107722,0.9881243232335583
XCR1,0.01,0.31186890099345044,0.9881243232335583
ZDHHC22,0.01,0.31186890099345044,0.9881243232335583
ROPN1,0.030000000000000002,0.31186890099345044,0.9881243232335583
FDCSP,0.04,0.31385617122765486,0.9881243232335583
FAM209B,0.0799999999999998,0.31385617122765486,0.9881243232335583
PAGE1,0.0800000000000001,0.31385617122765486,0.9881243232335583
N4BP3,0.10499999999999998,0.31186890099345044,0.9881243232335583
ZNF572,0.1200000000000001,0.31385617122765486,0.9881243232335583
H4C1,0.19999999999999996,0.3158517544436972,0.9881243232335583
FAM155A,0.35000000000000014,0.309889943107722,0.9881243232335583
PPM1J,0.4249999999999998,0.31186890099345044,0.9881243232335583
USP15,0.5049999999999955,0.31186890099345044,0.9881243232335583
DCAF1,0.5649999999999995,0.31186890099345044,0.9881243232335583
KDM6B,0.6949999999999985,0.31385617122765486,0.9881243232335583
RFX1,0.8550000000000004,0.3158517544436972,0.9881243232335583
FAM81A,0.9000000000000004,0.31186890099345044,0.9881243232335583
SH3PXD2B,0.9550000000000001,0.31385617122765486,0.9881243232335583
ZNF839,1.0650000000000013,0.3158517544436972,0.9881243232335583
KPTN,1.075000000000001,0.3158517544436972,0.9881243232335583
RPS10-NUDT3,1.2200000000000042,0.3158517544436972,0.9881243232335583
SPTBN2,1.280000000000002,0.3158517544436972,0.9881243232335583
SACS,1.3149999999999977,0.31186890099345044,0.9881243232335583
DHX37,1.3699999999999974,0.3158517544436972,0.9881243232335583
CUTC,1.8950000000000031,0.3158517544436972,0.9881243232335583
ZNF250,1.9300000000000006,0.31385617122765486,0.9881243232335583
WDR62,2.169999999999998,0.3158517544436972,0.9881243232335583
CWC15,3.5300000000000153,0.3158517544436972,0.9881243232335583
EOLA1,3.8600000000000065,0.31385617122765486,0.9881243232335583
FAM72A,4.094999999999986,0.3158517544436972,0.9881243232335583
E2F5,4.135000000000002,0.3158517544436972,0.9881243232335583
NETO2,4.704999999999984,0.3158517544436972,0.9881243232335583
BRAT1,4.945,0.31186890099345044,0.9881243232335583
MIPEP,5.130000000000004,0.3158517544436972,0.9881243232335583
PDE4DIP,5.850000000000001,0.309889943107722,0.9881243232335583
WDR4,6.760000000000005,0.31186890099345044,0.9881243232335583
UBE2C,9.01000000000002,0.31186890099345044,0.9881243232335583
TAF1D,9.479999999999961,0.3158517544436972,0.9881243232335583
LSM2,10.499999999999972,0.3158517544436972,0.9881243232335583
CCZ1,11.095000000000013,0.31186890099345044,0.9881243232335583
THRAP3,13.335,0.3158517544436972,0.9881243232335583
NUSAP1,13.659999999999997,0.3158517544436972,0.9881243232335583
MAP3K11,16.23000000000001,0.31186890099345044,0.9881243232335583
CLTB,16.334999999999965,0.31186890099345044,0.9881243232335583
MCM5,17.345000000000013,0.3158517544436972,0.9881243232335583
SNRPE,27.460000000000093,0.31186890099345044,0.9881243232335583
ARHGEF2,28.21499999999999,0.31186890099345044,0.9881243232335583
MCM7,54.70999999999998,0.31186890099345044,0.9881243232335583
COX6C,54.87999999999971,0.3158517544436972,0.9881243232335583
DCBLD2,-35.455,0.3239172198439002,0.9896439351263892
SDF4,-33.87499999999996,0.3178556509913836,0.9896439351263892
GSTM3,-30.015000000000004,0.32188838405593945,0.9896439351263892
DUSP23,-25.58,0.3178556509913836,0.9896439351263892
UBE2Z,-16.855000000000018,0.319867860935763,0.9896439351263892
ANTXR1,-14.795000000000005,0.3178556509913836,0.9896439351263892
AKAP12,-12.069999999999997,0.32188838405593945,0.9896439351263892
SMYD2,-9.879999999999992,0.319867860935763,0.9896439351263892
CCND3,-9.225000000000001,0.3239172198439002,0.9896439351263892
POLR3K,-8.965000000000007,0.319867860935763,0.9896439351263892
MYO1D,-6.980000000000001,0.319867860935763,0.9896439351263892
LENG8,-5.25500000000001,0.319867860935763,0.9896439351263892
AMD1,-4.6899999999999835,0.3239172198439002,0.9896439351263892
FBXW11,-4.634999999999998,0.32188838405593945,0.9896439351263892
RRN3,-4.220000000000006,0.3239172198439002,0.9896439351263892
NKTR,-3.9299999999999855,0.3239172198439002,0.9896439351263892
DCTN5,-3.8149999999999764,0.3239172198439002,0.9896439351263892
TAGLN,-3.8100000000000014,0.319867860935763,0.9896439351263892
RNF8,-3.695000000000004,0.319867860935763,0.9896439351263892
ZADH2,-3.4250000000000025,0.3239172198439002,0.9896439351263892
CUL9,-3.0900000000000105,0.319867860935763,0.9896439351263892
USP18,-3.055000000000001,0.319867860935763,0.9896439351263892
HAPLN3,-3.030000000000001,0.32188838405593945,0.9896439351263892
TBL1X,-2.740000000000002,0.319867860935763,0.9896439351263892
SUGCT,-2.3649999999999998,0.3239172198439002,0.9896439351263892
DAAM1,-2.3599999999999985,0.319867860935763,0.9896439351263892
C1RL,-2.2499999999999982,0.3239172198439002,0.9896439351263892
RAI1,-2.195000000000004,0.32188838405593945,0.9896439351263892
PIK3C2B,-2.0799999999999996,0.3239172198439002,0.9896439351263892
DEXI,-2.0749999999999957,0.319867860935763,0.9896439351263892
ERCC6,-1.9149999999999983,0.319867860935763,0.9896439351263892
EPHX2,-1.8799999999999997,0.3178556509913836,0.9896439351263892
LPP,-1.8250000000000028,0.3178556509913836,0.9896439351263892
ATP7A,-1.1350000000000011,0.319867860935763,0.9896439351263892
TUSC2,-1.1049999999999969,0.319867860935763,0.9896439351263892
CYP26B1,-1.0299999999999998,0.3239172198439002,0.9896439351263892
MIPOL1,-0.8400000000000012,0.3239172198439002,0.9896439351263892
ZNF823,-0.835,0.319867860935763,0.9896439351263892
GAL3ST4,-0.8200000000000001,0.3239172198439002,0.9896439351263892
FAM185A,-0.7200000000000006,0.32188838405593945,0.9896439351263892
KIRREL3,-0.47000000000000003,0.319867860935763,0.9896439351263892
ANKRD18B,-0.4650000000000001,0.3178556509913836,0.9896439351263892
TSPAN2,-0.43999999999999995,0.3239172198439002,0.9896439351263892
PARD6B,-0.43000000000000016,0.32188838405593945,0.9896439351263892
TBX19,-0.3450000000000004,0.319867860935763,0.9896439351263892
LURAP1,-0.285,0.32188838405593945,0.9896439351263892
IRF2BP1,-0.24999999999999822,0.319867860935763,0.9896439351263892
FAM167B,-0.2149999999999999,0.3178556509913836,0.9896439351263892
KLHL18,-0.20000000000000107,0.32188838405593945,0.9896439351263892
REEP1,-0.1899999999999999,0.3239172198439002,0.9896439351263892
RASGRF1,-0.17500000000000002,0.32188838405593945,0.9896439351263892
FBXO15,-0.16999999999999987,0.3178556509913836,0.9896439351263892
SHC4,-0.15999999999999986,0.3239172198439002,0.9896439351263892
PTGDS,-0.14999999999999988,0.3239172198439002,0.9896439351263892
FP565260.3,-0.11999999999999988,0.3239172198439002,0.9896439351263892
PPP1R3F,-0.1050000000000002,0.32188838405593945,0.9896439351263892
COL26A1,-0.08999999999999989,0.3239172198439002,0.9896439351263892
SPTSSB,-0.085,0.3178556509913836,0.9896439351263892
C1QTNF3,-0.08000000000000007,0.319867860935763,0.9896439351263892
ZNF385B,-0.06,0.32188838405593945,0.9896439351263892
GRAMD2A,-0.059999999999999915,0.3178556509913836,0.9896439351263892
C2orf16,-0.05999999999999989,0.3178556509913836,0.9896439351263892
NHLRC4,-0.05499999999999999,0.32188838405593945,0.9896439351263892
TAS2R10,-0.05000000000000002,0.3178556509913836,0.9896439351263892
GNG3,-0.045000000000000095,0.32188838405593945,0.9896439351263892
CDH15,-0.04000000000000001,0.3178556509913836,0.9896439351263892
IL17B,-0.04,0.3239172198439002,0.9896439351263892
KCNB1,-0.039999999999999994,0.3239172198439002,0.9896439351263892
KLHL31,-0.029999999999999805,0.32188838405593945,0.9896439351263892
TFEC,-0.02,0.32188838405593945,0.9896439351263892
CALML3,-0.02,0.3239172198439002,0.9896439351263892
LRGUK,-0.01999999999999999,0.319867860935763,0.9896439351263892
GALR3,-0.015,0.3239172198439002,0.9896439351263892
UPB1,-0.01,0.319867860935763,0.9896439351263892
HRH3,-0.01,0.319867860935763,0.9896439351263892
PTPN5,-0.01,0.32188838405593945,0.9896439351263892
CSMD2,-0.01,0.3239172198439002,0.9896439351263892
FUT6,-0.01,0.3239172198439002,0.9896439351263892
ZNF536,-0.01,0.3178556509913836,0.9896439351263892
SPP2,0.0,0.32188838405593945,0.9896439351263892
NMRK2,0.0,0.3178556509913836,0.9896439351263892
KCNA1,0.0,0.3239172198439002,0.9896439351263892
IL12B,0.0,0.319867860935763,0.9896439351263892
TECTB,0.0,0.3239172198439002,0.9896439351263892
HTR3B,0.0,0.3239172198439002,0.9896439351263892
ZIC3,0.0,0.3239172198439002,0.9896439351263892
A2ML1,0.0,0.319867860935763,0.9896439351263892
EPB42,0.0,0.3239172198439002,0.9896439351263892
TEKT1,0.0,0.3239172198439002,0.9896439351263892
ZNF366,0.0,0.3239172198439002,0.9896439351263892
UCN3,0.0,0.3239172198439002,0.9896439351263892
NKX2-6,0.0,0.3239172198439002,0.9896439351263892
IFNL1,0.0,0.319867860935763,0.9896439351263892
FFAR3,0.0,0.3239172198439002,0.9896439351263892
NUGGC,0.0,0.319867860935763,0.9896439351263892
SLCO6A1,0.0,0.3239172198439002,0.9896439351263892
ZNF705D,0.0,0.3239172198439002,0.9896439351263892
PRSS56,0.0,0.319867860935763,0.9896439351263892
TBC1D3K,0.0,0.3178556509913836,0.9896439351263892
RGPD3,0.009999999999999787,0.32188838405593945,0.9896439351263892
OR10A2,0.01,0.3178556509913836,0.9896439351263892
EPHX3,0.010000000000000009,0.32188838405593945,0.9896439351263892
HSFX3,0.03,0.3178556509913836,0.9896439351263892
HNF1A,0.04000000000000001,0.32188838405593945,0.9896439351263892
RHD,0.0500000000000001,0.32188838405593945,0.9896439351263892
SMAD9,0.28500000000000014,0.3239172198439002,0.9896439351263892
HCLS1,0.7199999999999995,0.32188838405593945,0.9896439351263892
CHM,1.0050000000000043,0.32188838405593945,0.9896439351263892
SKAP1,1.1150000000000002,0.319867860935763,0.9896439351263892
EEF2KMT,1.1899999999999995,0.3239172198439002,0.9896439351263892
NOL9,1.1900000000000004,0.319867860935763,0.9896439351263892
H4C15,1.4349999999999978,0.319867860935763,0.9896439351263892
ZNF696,1.535000000000001,0.32188838405593945,0.9896439351263892
C1orf112,1.714999999999998,0.319867860935763,0.9896439351263892
ALDH9A1,1.8249999999999815,0.3239172198439002,0.9896439351263892
INIP,1.875,0.3239172198439002,0.9896439351263892
CNPY4,2.0299999999999905,0.3239172198439002,0.9896439351263892
GPRIN1,2.1949999999999985,0.319867860935763,0.9896439351263892
DNAJC9,2.565000000000012,0.3239172198439002,0.9896439351263892
RNF34,2.8049999999999997,0.3239172198439002,0.9896439351263892
UBE2D2,2.8500000000000227,0.319867860935763,0.9896439351263892
FAM220A,2.9200000000000053,0.32188838405593945,0.9896439351263892
DUS4L,3.089999999999999,0.319867860935763,0.9896439351263892
CCDC28A,3.6049999999999986,0.319867860935763,0.9896439351263892
CEP152,4.189999999999999,0.3239172198439002,0.9896439351263892
YLPM1,4.365000000000002,0.3239172198439002,0.9896439351263892
CENPU,5.414999999999999,0.3239172198439002,0.9896439351263892
TRPT1,6.2150000000000105,0.3178556509913836,0.9896439351263892
GEM,6.71,0.3239172198439002,0.9896439351263892
STK16,7.025000000000002,0.3178556509913836,0.9896439351263892
TJP1,7.0299999999999905,0.3239172198439002,0.9896439351263892
DDX27,7.120000000000012,0.3239172198439002,0.9896439351263892
SAPCD2,7.715,0.319867860935763,0.9896439351263892
ZNF217,8.204999999999991,0.3239172198439002,0.9896439351263892
EEF1AKNMT,9.564999999999998,0.32188838405593945,0.9896439351263892
PTRH2,9.864999999999988,0.319867860935763,0.9896439351263892
ATG4B,10.515,0.3239172198439002,0.9896439351263892
NET1,11.140000000000015,0.319867860935763,0.9896439351263892
PCCB,11.445000000000007,0.319867860935763,0.9896439351263892
TRAPPC2L,14.335000000000008,0.3239172198439002,0.9896439351263892
IRF2BP2,15.095000000000027,0.3239172198439002,0.9896439351263892
TCF25,20.145000000000024,0.319867860935763,0.9896439351263892
ARHGDIB,23.309999999999995,0.3239172198439002,0.9896439351263892
RACGAP1,27.544999999999987,0.3239172198439002,0.9896439351263892
FLNB,32.154999999999944,0.319867860935763,0.9896439351263892
HDLBP,55.64000000000007,0.319867860935763,0.9896439351263892
H2AZ1,168.76,0.3239172198439002,0.9896439351263892
PFDN5,-47.49500000000006,0.3279998259486091,0.9915420789780524
EIF3G,-10.430000000000035,0.3279998259486091,0.9915420789780524
PARP1,-8.330000000000041,0.3279998259486091,0.9915420789780524
AKAP1,-6.925000000000004,0.3279998259486091,0.9915420789780524
BICD1,-6.294999999999996,0.3279998259486091,0.9915420789780524
OSBPL8,-5.085000000000001,0.3279998259486091,0.9915420789780524
COX5B,-4.364999999999924,0.3279998259486091,0.9915420789780524
MARVELD1,-3.9399999999999977,0.3279998259486091,0.9915420789780524
CCNC,-3.5050000000000026,0.3279998259486091,0.9915420789780524
ZNF875,-3.465000000000014,0.3279998259486091,0.9915420789780524
CUL4A,-2.729999999999997,0.3279998259486091,0.9915420789780524
NOTCH3,-2.609999999999999,0.3279998259486091,0.9915420789780524
NDUFB6,-2.5899999999999963,0.3279998259486091,0.9915420789780524
SPSB1,-2.245,0.3279998259486091,0.9915420789780524
ADA,-1.660000000000002,0.32595436750335816,0.9915420789780524
DHRS11,-1.4599999999999973,0.3279998259486091,0.9915420789780524
PLCE1,-1.3200000000000003,0.32595436750335816,0.9915420789780524
PCDHB2,-1.21,0.32595436750335816,0.9915420789780524
ABCC5,-1.0150000000000006,0.3279998259486091,0.9915420789780524
PRR12,-0.8699999999999992,0.32595436750335816,0.9915420789780524
WIPF2,-0.859999999999987,0.32595436750335816,0.9915420789780524
KREMEN2,-0.7899999999999998,0.32595436750335816,0.9915420789780524
DYNC1I1,-0.7849999999999997,0.32595436750335816,0.9915420789780524
ZNF791,-0.525000000000003,0.3279998259486091,0.9915420789780524
PCDHGB1,-0.425,0.32595436750335816,0.9915420789780524
BTBD11,-0.33499999999999996,0.3279998259486091,0.9915420789780524
SGK2,-0.275,0.3279998259486091,0.9915420789780524
ADAMTS3,-0.24500000000000022,0.32595436750335816,0.9915420789780524
HLA-DPB1,-0.235,0.32595436750335816,0.9915420789780524
TSSK6,-0.20999999999999996,0.32595436750335816,0.9915420789780524
SPEF1,-0.06000000000000011,0.32595436750335816,0.9915420789780524
NKPD1,-0.05499999999999999,0.3279998259486091,0.9915420789780524
PCDHGA3,-0.039999999999999994,0.3279998259486091,0.9915420789780524
FAM71F2,-0.03999999999999976,0.3279998259486091,0.9915420789780524
PLB1,-0.03499999999999992,0.32595436750335816,0.9915420789780524
SYPL2,-0.010000000000000002,0.3279998259486091,0.9915420789780524
SCARA5,-0.005000000000000001,0.32595436750335816,0.9915420789780524
CALHM4,0.0,0.3279998259486091,0.9915420789780524
A3GALT2,0.0,0.3279998259486091,0.9915420789780524
TMEM211,0.0,0.32595436750335816,0.9915420789780524
CHRNA2,0.01,0.32595436750335816,0.9915420789780524
RFPL4AL1,0.02,0.3279998259486091,0.9915420789780524
LILRA2,0.02,0.3279998259486091,0.9915420789780524
ANGEL2,0.11000000000000654,0.3279998259486091,0.9915420789780524
SCGB1D2,0.1299999999999999,0.3279998259486091,0.9915420789780524
C1orf74,0.71,0.3279998259486091,0.9915420789780524
MTM1,0.9400000000000013,0.3279998259486091,0.9915420789780524
RPGR,1.2649999999999997,0.32595436750335816,0.9915420789780524
RILP,1.459999999999999,0.3279998259486091,0.9915420789780524
STRN,1.820000000000003,0.3279998259486091,0.9915420789780524
NSD3,1.840000000000014,0.3279998259486091,0.9915420789780524
RANBP17,2.219999999999999,0.32595436750335816,0.9915420789780524
E2F2,2.6250000000000013,0.32595436750335816,0.9915420789780524
NBPF3,2.635,0.3279998259486091,0.9915420789780524
BCAT1,2.9549999999999983,0.3279998259486091,0.9915420789780524
LOX,7.110000000000001,0.32595436750335816,0.9915420789780524
DDX21,9.274999999999991,0.3279998259486091,0.9915420789780524
VAPA,9.689999999999998,0.3279998259486091,0.9915420789780524
ELP5,9.984999999999992,0.3279998259486091,0.9915420789780524
CFL2,12.124999999999993,0.3279998259486091,0.9915420789780524
ZBTB8OS,12.844999999999985,0.3279998259486091,0.9915420789780524
EIF2A,15.690000000000026,0.3279998259486091,0.9915420789780524
CDK1,19.840000000000003,0.3279998259486091,0.9915420789780524
MGST1,38.92500000000001,0.3279998259486091,0.9915420789780524
PGK1,52.18000000000001,0.3279998259486091,0.9915420789780524
CAV2,56.40999999999997,0.3279998259486091,0.9915420789780524
PDCD6,62.34500000000003,0.3279998259486091,0.9915420789780524
IGFBP3,-54.03500000000001,0.33835172156221927,0.9919841168971706
SSR1,-32.86499999999997,0.3321156693998423,0.9919841168971706
COA4,-25.489999999999995,0.33626473568118576,0.9919841168971706
FHL2,-25.394999999999996,0.33626473568118576,0.9919841168971706
GPS1,-20.439999999999955,0.33626473568118576,0.9919841168971706
SCPEP1,-13.260000000000012,0.3404470055750358,0.9919841168971706
SMS,-13.245000000000033,0.33626473568118576,0.9919841168971706
SYNCRIP,-11.90000000000002,0.3404470055750358,0.9919841168971706
MAP2K2,-10.58499999999998,0.33626473568118576,0.9919841168971706
RHBDF1,-9.689999999999994,0.3404470055750358,0.9919841168971706
ZNF638,-9.645000000000003,0.33626473568118576,0.9919841168971706
GLG1,-8.43500000000001,0.3321156693998423,0.9919841168971706
COQ4,-8.235000000000028,0.33005359380340504,0.9919841168971706
AP3D1,-8.019999999999968,0.33626473568118576,0.9919841168971706
PILRB,-7.299999999999994,0.33418605077726504,0.9919841168971706
SIAE,-6.325,0.3321156693998423,0.9919841168971706
WDR45,-6.240000000000009,0.3321156693998423,0.9919841168971706
NDST1,-5.660000000000014,0.3321156693998423,0.9919841168971706
VAMP5,-5.465000000000002,0.33835172156221927,0.9919841168971706
ANKRD13B,-4.885000000000001,0.3404470055750358,0.9919841168971706
POLR3H,-4.669999999999998,0.33835172156221927,0.9919841168971706
GRAMD4,-4.650000000000002,0.3404470055750358,0.9919841168971706
PCED1A,-4.614999999999995,0.33626473568118576,0.9919841168971706
NPRL3,-4.525000000000004,0.3404470055750358,0.9919841168971706
R3HDM2,-4.23,0.3321156693998423,0.9919841168971706
TMEM199,-4.199999999999999,0.3404470055750358,0.9919841168971706
CD2BP2,-3.8000000000000043,0.33626473568118576,0.9919841168971706
CYREN,-3.684999999999988,0.3404470055750358,0.9919841168971706
SIDT2,-3.6549999999999976,0.33626473568118576,0.9919841168971706
ZNF302,-3.6099999999999994,0.33626473568118576,0.9919841168971706
ABHD17C,-3.480000000000004,0.33835172156221927,0.9919841168971706
TRMT11,-3.424999999999999,0.33626473568118576,0.9919841168971706
UBA6,-3.4050000000000047,0.33626473568118576,0.9919841168971706
DDX6,-3.374999999999993,0.33626473568118576,0.9919841168971706
TYW1,-3.075000000000001,0.3321156693998423,0.9919841168971706
STK3,-2.8749999999999982,0.33418605077726504,0.9919841168971706
SLC22A17,-2.665000000000001,0.33005359380340504,0.9919841168971706
RCBTB1,-2.640000000000004,0.33626473568118576,0.9919841168971706
TPRN,-2.6250000000000027,0.33418605077726504,0.9919841168971706
MAVS,-2.5649999999999977,0.3321156693998423,0.9919841168971706
PPP1R2,-2.4949999999999974,0.33626473568118576,0.9919841168971706
SOS2,-2.4399999999999995,0.3404470055750358,0.9919841168971706
TCEAL9,-2.419999999999959,0.3321156693998423,0.9919841168971706
MAP11,-2.189999999999996,0.3404470055750358,0.9919841168971706
USP20,-2.1249999999999982,0.33418605077726504,0.9919841168971706
MTERF1,-1.9449999999999985,0.33835172156221927,0.9919841168971706
GRTP1,-1.669999999999999,0.33005359380340504,0.9919841168971706
IQANK1,-1.6300000000000003,0.33005359380340504,0.9919841168971706
OSBPL5,-1.450000000000001,0.33626473568118576,0.9919841168971706
PPFIA4,-1.45,0.33835172156221927,0.9919841168971706
LGALSL,-1.4450000000000012,0.3404470055750358,0.9919841168971706
NEBL,-1.4049999999999998,0.33418605077726504,0.9919841168971706
VPS39,-1.3149999999999977,0.33626473568118576,0.9919841168971706
BLOC1S4,-1.2250000000000032,0.3321156693998423,0.9919841168971706
ZSCAN29,-1.195000000000002,0.33835172156221927,0.9919841168971706
LARP7,-1.1500000000000057,0.3321156693998423,0.9919841168971706
TTI2,-1.1350000000000051,0.33005359380340504,0.9919841168971706
ZNF420,-1.115000000000001,0.33005359380340504,0.9919841168971706
DOK3,-0.955000000000001,0.33005359380340504,0.9919841168971706
AP3B1,-0.9549999999999983,0.3404470055750358,0.9919841168971706
PRH1,-0.8750000000000007,0.33835172156221927,0.9919841168971706
CYP2U1,-0.8550000000000009,0.33005359380340504,0.9919841168971706
CDS1,-0.7850000000000001,0.33835172156221927,0.9919841168971706
ANKDD1A,-0.7649999999999997,0.33418605077726504,0.9919841168971706
FAM110B,-0.76,0.33418605077726504,0.9919841168971706
SALL2,-0.665,0.3404470055750358,0.9919841168971706
ZNF66,-0.645,0.3404470055750358,0.9919841168971706
APOBEC3D,-0.635,0.3404470055750358,0.9919841168971706
ZNF235,-0.609999999999999,0.33418605077726504,0.9919841168971706
PTPRD,-0.4650000000000001,0.33835172156221927,0.9919841168971706
NFXL1,-0.40999999999999837,0.33418605077726504,0.9919841168971706
FAM151B,-0.405,0.33418605077726504,0.9919841168971706
CDC42BPG,-0.36000000000000054,0.3404470055750358,0.9919841168971706
RNF38,-0.3299999999999965,0.33626473568118576,0.9919841168971706
C1orf226,-0.2600000000000007,0.33005359380340504,0.9919841168971706
PDGFRB,-0.24999999999999997,0.3404470055750358,0.9919841168971706
RTF1,-0.24500000000000455,0.33626473568118576,0.9919841168971706
ZNF571,-0.24,0.3404470055750358,0.9919841168971706
AOC3,-0.23500000000000007,0.33835172156221927,0.9919841168971706
IL4I1,-0.22000000000000025,0.33418605077726504,0.9919841168971706
RAMP2,-0.2099999999999999,0.33418605077726504,0.9919841168971706
LGALS4,-0.17999999999999994,0.33418605077726504,0.9919841168971706
WFDC2,-0.175,0.33835172156221927,0.9919841168971706
HCST,-0.16500000000000017,0.3404470055750358,0.9919841168971706
TSNAXIP1,-0.15999999999999992,0.33626473568118576,0.9919841168971706
TSPAN11,-0.1499999999999999,0.33835172156221927,0.9919841168971706
DQX1,-0.12500000000000017,0.33835172156221927,0.9919841168971706
BAIAP3,-0.125,0.33005359380340504,0.9919841168971706
IGFL2,-0.125,0.3404470055750358,0.9919841168971706
CCDC114,-0.11500000000000013,0.33626473568118576,0.9919841168971706
RASAL1,-0.11499999999999999,0.33418605077726504,0.9919841168971706
G0S2,-0.1100000000000001,0.3404470055750358,0.9919841168971706
KIF1A,-0.0999999999999999,0.33835172156221927,0.9919841168971706
PIEZO2,-0.0900000000000001,0.3404470055750358,0.9919841168971706
LRG1,-0.0900000000000001,0.33005359380340504,0.9919841168971706
MAGEA6,-0.0850000000000001,0.33005359380340504,0.9919841168971706
RGPD1,-0.07,0.33835172156221927,0.9919841168971706
ZNF843,-0.06500000000000002,0.33005359380340504,0.9919841168971706
IL3RA,-0.060000000000000095,0.33835172156221927,0.9919841168971706
INSL3,-0.06,0.33835172156221927,0.9919841168971706
ACOXL,-0.05499999999999999,0.3321156693998423,0.9919841168971706
KLLN,-0.05499999999999977,0.33005359380340504,0.9919841168971706
FBP1,-0.0500000000000001,0.33835172156221927,0.9919841168971706
GZMM,-0.0500000000000001,0.33626473568118576,0.9919841168971706
PCDHGB4,-0.0500000000000001,0.33835172156221927,0.9919841168971706
UTS2B,-0.05,0.3404470055750358,0.9919841168971706
ABO,-0.045,0.33626473568118576,0.9919841168971706
CGA,-0.04,0.33626473568118576,0.9919841168971706
GLDN,-0.030000000000000002,0.3404470055750358,0.9919841168971706
SEMA5B,-0.03,0.33005359380340504,0.9919841168971706
GRIA2,-0.03,0.33835172156221927,0.9919841168971706
CATSPERG,-0.025000000000000022,0.3404470055750358,0.9919841168971706
ALX4,-0.025,0.33835172156221927,0.9919841168971706
DDX43,-0.019999999999999997,0.3321156693998423,0.9919841168971706
MARCHF10,-0.019999999999999997,0.33418605077726504,0.9919841168971706
TUBB1,-0.014999999999999986,0.33418605077726504,0.9919841168971706
GAL3ST1,-0.010000000000000009,0.33005359380340504,0.9919841168971706
SASH3,-0.010000000000000002,0.33005359380340504,0.9919841168971706
ZDHHC15,-0.01,0.33835172156221927,0.9919841168971706
ST6GAL2,-0.01,0.33835172156221927,0.9919841168971706
KCNH7,-0.01,0.3321156693998423,0.9919841168971706
CPLX3,-0.01,0.3404470055750358,0.9919841168971706
RHBG,-0.009999999999999998,0.33626473568118576,0.9919841168971706
MAGEC1,-0.009999999999999998,0.3404470055750358,0.9919841168971706
GPR179,-0.009999999999999998,0.33835172156221927,0.9919841168971706
STON1-GTF2A1L,0.0,0.33835172156221927,0.9919841168971706
SCTR,0.0,0.33418605077726504,0.9919841168971706
PRAMEF12,0.0,0.33835172156221927,0.9919841168971706
ADGB,0.0,0.33835172156221927,0.9919841168971706
NKX2-3,0.0,0.3321156693998423,0.9919841168971706
INSL4,0.0,0.33005359380340504,0.9919841168971706
NPY,0.0,0.3404470055750358,0.9919841168971706
MYBPC3,0.0,0.33626473568118576,0.9919841168971706
ADAMTS8,0.0,0.33418605077726504,0.9919841168971706
SCN7A,0.0,0.33835172156221927,0.9919841168971706
GCM1,0.0,0.33626473568118576,0.9919841168971706
LRIT1,0.0,0.33626473568118576,0.9919841168971706
MAGEA8,0.0,0.33835172156221927,0.9919841168971706
PROP1,0.0,0.33835172156221927,0.9919841168971706
LGALS7B,0.0,0.33626473568118576,0.9919841168971706
TMEM150B,0.0,0.3404470055750358,0.9919841168971706
OR52N4,0.0,0.33835172156221927,0.9919841168971706
TCHHL1,0.0,0.33835172156221927,0.9919841168971706
CRYBA4,0.0,0.33835172156221927,0.9919841168971706
CT83,0.0,0.33626473568118576,0.9919841168971706
KRTAP3-3,0.0,0.33005359380340504,0.9919841168971706
MPC1L,0.0,0.33835172156221927,0.9919841168971706
OR8G5,0.0,0.33835172156221927,0.9919841168971706
POTEB3,0.0,0.33835172156221927,0.9919841168971706
FCRL3,0.01,0.33005359380340504,0.9919841168971706
SSMEM1,0.01,0.33005359380340504,0.9919841168971706
CHP2,0.01,0.33626473568118576,0.9919841168971706
NOTO,0.01,0.3404470055750358,0.9919841168971706
ERICH6,0.024999999999999994,0.3321156693998423,0.9919841168971706
BCAS1,0.029999999999999805,0.3321156693998423,0.9919841168971706
KLRB1,0.03,0.33418605077726504,0.9919841168971706
CRYBB2,0.030000000000000006,0.33626473568118576,0.9919841168971706
PAPPA2,0.06,0.33005359380340504,0.9919841168971706
SYT5,0.07500000000000007,0.33418605077726504,0.9919841168971706
VSIG2,0.08499999999999991,0.33005359380340504,0.9919841168971706
ARHGAP40,0.1599999999999999,0.33626473568118576,0.9919841168971706
ZNF555,0.16500000000000004,0.33626473568118576,0.9919841168971706
SLC52A2,0.18500000000001648,0.3321156693998423,0.9919841168971706
TBX15,0.2599999999999999,0.33835172156221927,0.9919841168971706
GREB1L,0.28000000000000025,0.33626473568118576,0.9919841168971706
ANKAR,0.3349999999999995,0.33418605077726504,0.9919841168971706
LRRC8C,0.33499999999999996,0.3404470055750358,0.9919841168971706
GRIN2D,0.33999999999999986,0.33005359380340504,0.9919841168971706
RRS1,0.4899999999999949,0.3321156693998423,0.9919841168971706
RNF149,0.529999999999994,0.33418605077726504,0.9919841168971706
ACTL8,0.6200000000000001,0.33005359380340504,0.9919841168971706
RAPH1,0.6299999999999999,0.33418605077726504,0.9919841168971706
GATA3,0.6350000000000008,0.33418605077726504,0.9919841168971706
ALG10,0.6849999999999996,0.33626473568118576,0.9919841168971706
WNT3,0.7200000000000002,0.33626473568118576,0.9919841168971706
MSANTD2,0.794999999999999,0.3404470055750358,0.9919841168971706
ARHGEF17,0.9000000000000004,0.3321156693998423,0.9919841168971706
INPP5A,0.9149999999999991,0.3321156693998423,0.9919841168971706
USP43,0.9699999999999993,0.3321156693998423,0.9919841168971706
ERMAP,1.0299999999999994,0.33626473568118576,0.9919841168971706
ZNF367,1.1099999999999985,0.3404470055750358,0.9919841168971706
UST,1.1299999999999994,0.33005359380340504,0.9919841168971706
NRF1,1.165000000000001,0.3404470055750358,0.9919841168971706
DDX42,1.410000000000025,0.33626473568118576,0.9919841168971706
CAMKK2,1.4350000000000023,0.3404470055750358,0.9919841168971706
THAP1,1.4949999999999992,0.3321156693998423,0.9919841168971706
FAM86B1,1.654999999999999,0.33005359380340504,0.9919841168971706
IL31RA,1.7399999999999995,0.33418605077726504,0.9919841168971706
MRTO4,1.7749999999999844,0.33626473568118576,0.9919841168971706
DCAF10,2.1500000000000004,0.3404470055750358,0.9919841168971706
ZNF318,2.1599999999999984,0.33835172156221927,0.9919841168971706
UBE2G1,2.3150000000000155,0.33005359380340504,0.9919841168971706
LY6G5B,2.33,0.3321156693998423,0.9919841168971706
UTP25,2.3549999999999986,0.33005359380340504,0.9919841168971706
PEAK1,2.365,0.3321156693998423,0.9919841168971706
RUNX3,2.53,0.3321156693998423,0.9919841168971706
FMNL3,2.55,0.33835172156221927,0.9919841168971706
FAM83D,3.2299999999999827,0.3321156693998423,0.9919841168971706
SLC35D2,3.259999999999991,0.33835172156221927,0.9919841168971706
NOL8,3.2700000000000102,0.3321156693998423,0.9919841168971706
SPC24,3.724999999999998,0.3321156693998423,0.9919841168971706
PPP4R3A,3.815000000000026,0.33626473568118576,0.9919841168971706
NCK1,3.854999999999997,0.3321156693998423,0.9919841168971706
TOPBP1,4.094999999999992,0.3321156693998423,0.9919841168971706
HOXB5,4.295000000000002,0.33418605077726504,0.9919841168971706
ELOC,4.569999999999965,0.3404470055750358,0.9919841168971706
COMMD9,4.7450000000000045,0.3321156693998423,0.9919841168971706
NMT2,4.7699999999999925,0.33418605077726504,0.9919841168971706
DBF4B,4.779999999999994,0.3404470055750358,0.9919841168971706
PIGH,4.869999999999994,0.33005359380340504,0.9919841168971706
POGLUT3,4.885000000000009,0.33626473568118576,0.9919841168971706
POLR1G,5.980000000000004,0.33626473568118576,0.9919841168971706
DDX51,6.339999999999986,0.3404470055750358,0.9919841168971706
BNIP3L,6.344999999999992,0.33626473568118576,0.9919841168971706
ATF2,6.495000000000008,0.33418605077726504,0.9919841168971706
CARS1,6.625,0.3404470055750358,0.9919841168971706
PPP1R8,6.974999999999994,0.33005359380340504,0.9919841168971706
PPP3CA,7.375000000000012,0.33626473568118576,0.9919841168971706
LEF1,7.584999999999999,0.33626473568118576,0.9919841168971706
FPGS,7.780000000000008,0.3321156693998423,0.9919841168971706
SMOX,7.8900000000000095,0.33626473568118576,0.9919841168971706
ZNF384,8.150000000000006,0.3404470055750358,0.9919841168971706
DUT,8.615000000000066,0.33835172156221927,0.9919841168971706
SMAP2,8.830000000000005,0.33626473568118576,0.9919841168971706
PPM1A,9.26499999999999,0.33626473568118576,0.9919841168971706
GATAD2A,9.535000000000004,0.33626473568118576,0.9919841168971706
MSH5,9.600000000000001,0.33626473568118576,0.9919841168971706
CANT1,9.944999999999979,0.33626473568118576,0.9919841168971706
COL6A2,14.21499999999999,0.33626473568118576,0.9919841168971706
ISG15,17.38499999999999,0.3404470055750358,0.9919841168971706
PSME3IP1,20.59500000000004,0.33626473568118576,0.9919841168971706
UBA2,23.950000000000017,0.3404470055750358,0.9919841168971706
MYL9,26.360000000000007,0.3404470055750358,0.9919841168971706
RRAS,33.154999999999994,0.3321156693998423,0.9919841168971706
STIP1,38.52499999999998,0.3321156693998423,0.9919841168971706
SSR3,59.19999999999993,0.33626473568118576,0.9919841168971706
NDUFS6,75.88000000000002,0.3404470055750358,0.9919841168971706
RPS4X,336.84999999999945,0.3404470055750358,0.9919841168971706
GNAS,-164.9149999999995,0.3531927735350684,0.9930894964047126
TXNDC5,-56.78999999999999,0.3531927735350684,0.9930894964047126
MRPL41,-41.31500000000004,0.3531927735350684,0.9930894964047126
MFGE8,-32.75,0.3489110556220868,0.9930894964047126
CTNNB1,-26.699999999999932,0.3531927735350684,0.9930894964047126
MGST2,-23.860000000000003,0.3467826134901356,0.9930894964047126
TAPBP,-19.79500000000001,0.34466245512879223,0.9930894964047126
EVA1A,-16.415000000000006,0.34466245512879223,0.9930894964047126
HYOU1,-16.110000000000014,0.3489110556220868,0.9930894964047126
TPP1,-15.714999999999993,0.34466245512879223,0.9930894964047126
ENO2,-14.155000000000001,0.3489110556220868,0.9930894964047126
PDHB,-11.419999999999973,0.3489110556220868,0.9930894964047126
SMIM7,-10.82,0.34466245512879223,0.9930894964047126
RASSF7,-10.604999999999999,0.34255058457732734,0.9930894964047126
WDR13,-10.36999999999999,0.3489110556220868,0.9930894964047126
LGALS8,-9.925000000000008,0.3489110556220868,0.9930894964047126
THOC7,-9.289999999999978,0.34255058457732734,0.9930894964047126
FAM200B,-8.490000000000006,0.3531927735350684,0.9930894964047126
KXD1,-8.305000000000021,0.3531927735350684,0.9930894964047126
ADPGK,-7.490000000000016,0.3467826134901356,0.9930894964047126
GALNT7,-7.115000000000002,0.34466245512879223,0.9930894964047126
POLDIP3,-6.720000000000006,0.34466245512879223,0.9930894964047126
GRAMD1A,-6.534999999999997,0.34466245512879223,0.9930894964047126
SEC23B,-6.164999999999985,0.3531927735350684,0.9930894964047126
SMARCD3,-5.604999999999997,0.3531927735350684,0.9930894964047126
RDH10,-5.544999999999998,0.34255058457732734,0.9930894964047126
NTN4,-5.4,0.3489110556220868,0.9930894964047126
TOR3A,-5.3899999999999935,0.3489110556220868,0.9930894964047126
RANBP9,-4.73,0.3510477771844326,0.9930894964047126
KANSL2,-3.9000000000000057,0.3531927735350684,0.9930894964047126
SUCO,-3.8250000000000046,0.34466245512879223,0.9930894964047126
BPNT1,-3.350000000000012,0.3467826134901356,0.9930894964047126
PURB,-3.285,0.3489110556220868,0.9930894964047126
DOCK5,-3.2699999999999996,0.3531927735350684,0.9930894964047126
TNIK,-3.1449999999999996,0.3531927735350684,0.9930894964047126
C6orf89,-2.945000000000004,0.3489110556220868,0.9930894964047126
PROS1,-2.8600000000000003,0.3489110556220868,0.9930894964047126
GEMIN7,-2.6949999999999967,0.3489110556220868,0.9930894964047126
TPMT,-2.3299999999999983,0.3510477771844326,0.9930894964047126
SPG11,-2.270000000000003,0.34466245512879223,0.9930894964047126
ERICH1,-2.2650000000000006,0.34255058457732734,0.9930894964047126
C2orf42,-2.1149999999999993,0.3510477771844326,0.9930894964047126
HSPA4L,-2.0849999999999973,0.3489110556220868,0.9930894964047126
SCCPDH,-2.0200000000000102,0.3489110556220868,0.9930894964047126
CREBL2,-1.8999999999999986,0.3467826134901356,0.9930894964047126
CXCL16,-1.8949999999999996,0.3510477771844326,0.9930894964047126
PLEKHH3,-1.8700000000000028,0.3531927735350684,0.9930894964047126
LIN7B,-1.8500000000000005,0.34255058457732734,0.9930894964047126
NUAK1,-1.7649999999999997,0.34466245512879223,0.9930894964047126
RAD50,-1.7499999999999964,0.3467826134901356,0.9930894964047126
EIF2D,-1.6250000000000142,0.34466245512879223,0.9930894964047126
PNPLA3,-1.5799999999999998,0.3489110556220868,0.9930894964047126
HOXD9,-1.5699999999999996,0.3531927735350684,0.9930894964047126
MACIR,-1.495000000000001,0.34466245512879223,0.9930894964047126
RXRA,-1.4250000000000025,0.34466245512879223,0.9930894964047126
KAT7,-1.3599999999999994,0.3489110556220868,0.9930894964047126
CEP290,-1.3100000000000005,0.3489110556220868,0.9930894964047126
TENT5A,-1.2250000000000005,0.3467826134901356,0.9930894964047126
IQCK,-1.219999999999998,0.3467826134901356,0.9930894964047126
MAOA,-1.2149999999999996,0.3531927735350684,0.9930894964047126
HECTD2,-1.1599999999999997,0.3489110556220868,0.9930894964047126
SS18L1,-1.125,0.3531927735350684,0.9930894964047126
ARMC5,-1.1000000000000005,0.3489110556220868,0.9930894964047126
SIRT5,-1.009999999999998,0.34255058457732734,0.9930894964047126
PANK1,-0.9900000000000002,0.34255058457732734,0.9930894964047126
CCDC74B,-0.9799999999999991,0.3489110556220868,0.9930894964047126
CLTCL1,-0.9500000000000015,0.34466245512879223,0.9930894964047126
XPR1,-0.8949999999999978,0.34255058457732734,0.9930894964047126
C12orf66,-0.8650000000000007,0.3489110556220868,0.9930894964047126
ATF3,-0.845000000000006,0.3531927735350684,0.9930894964047126
AHI1,-0.8450000000000015,0.3531927735350684,0.9930894964047126
FBXL20,-0.7899999999999996,0.34255058457732734,0.9930894964047126
TNK1,-0.7100000000000004,0.34466245512879223,0.9930894964047126
C7orf31,-0.6950000000000003,0.3467826134901356,0.9930894964047126
ANKRD13C,-0.6750000000000007,0.3531927735350684,0.9930894964047126
SIRPB1,-0.6549999999999999,0.34255058457732734,0.9930894964047126
OSCP1,-0.6399999999999988,0.3467826134901356,0.9930894964047126
DBT,-0.6349999999999998,0.3489110556220868,0.9930894964047126
IFT172,-0.6349999999999998,0.3467826134901356,0.9930894964047126
ELOVL4,-0.6299999999999999,0.34466245512879223,0.9930894964047126
ZNF205,-0.610000000000003,0.34466245512879223,0.9930894964047126
CPSF2,-0.5899999999999963,0.34466245512879223,0.9930894964047126
PMM1,-0.5899999999999928,0.34466245512879223,0.9930894964047126
FBXL16,-0.5499999999999998,0.3531927735350684,0.9930894964047126
ZNF614,-0.5300000000000011,0.3531927735350684,0.9930894964047126
KLHL15,-0.52,0.3510477771844326,0.9930894964047126
EPM2AIP1,-0.4900000000000002,0.34466245512879223,0.9930894964047126
ZGLP1,-0.38500000000000023,0.3489110556220868,0.9930894964047126
CCDC22,-0.3749999999999982,0.34466245512879223,0.9930894964047126
AVIL,-0.3600000000000001,0.3510477771844326,0.9930894964047126
LHX2,-0.33,0.3467826134901356,0.9930894964047126
ICOSLG,-0.32499999999999973,0.34255058457732734,0.9930894964047126
HECW1,-0.27999999999999986,0.34255058457732734,0.9930894964047126
EMID1,-0.2749999999999998,0.3531927735350684,0.9930894964047126
ZNF565,-0.25499999999999945,0.3467826134901356,0.9930894964047126
KCNK2,-0.22499999999999998,0.3510477771844326,0.9930894964047126
DRC3,-0.21499999999999986,0.3510477771844326,0.9930894964047126
EPM2A,-0.19499999999999984,0.3531927735350684,0.9930894964047126
MTCH2,-0.18999999999999773,0.3531927735350684,0.9930894964047126
ZNF500,-0.16999999999999993,0.3489110556220868,0.9930894964047126
PLEKHS1,-0.1699999999999999,0.3531927735350684,0.9930894964047126
PCDHB11,-0.15499999999999992,0.34466245512879223,0.9930894964047126
ADORA1,-0.15499999999999914,0.34466245512879223,0.9930894964047126
RBP7,-0.1499999999999999,0.3467826134901356,0.9930894964047126
CFAP91,-0.1399999999999999,0.34466245512879223,0.9930894964047126
BTBD16,-0.1349999999999999,0.3531927735350684,0.9930894964047126
CTAGE15,-0.12499999999999992,0.3510477771844326,0.9930894964047126
ATAD3C,-0.12499999999999989,0.3489110556220868,0.9930894964047126
KIAA1614,-0.10999999999999988,0.3531927735350684,0.9930894964047126
ZNF837,-0.10999999999999965,0.3510477771844326,0.9930894964047126
ALS2,-0.10000000000000497,0.3489110556220868,0.9930894964047126
ACRBP,-0.10000000000000012,0.34255058457732734,0.9930894964047126
ICAM2,-0.09500000000000011,0.3531927735350684,0.9930894964047126
KIF12,-0.0949999999999998,0.34255058457732734,0.9930894964047126
TEKT3,-0.0800000000000001,0.3510477771844326,0.9930894964047126
ZNF546,-0.07999999999999985,0.34255058457732734,0.9930894964047126
CCDC188,-0.0799999999999998,0.3467826134901356,0.9930894964047126
MSANTD1,-0.06999999999999991,0.3467826134901356,0.9930894964047126
GCNT4,-0.06999999999999981,0.3489110556220868,0.9930894964047126
CST1,-0.06000000000000011,0.3510477771844326,0.9930894964047126
B3GNT8,-0.06000000000000011,0.34466245512879223,0.9930894964047126
ITM2A,-0.059999999999999915,0.3531927735350684,0.9930894964047126
SLC39A5,-0.05999999999999989,0.34466245512879223,0.9930894964047126
TMPRSS3,-0.05500000000000005,0.3467826134901356,0.9930894964047126
GBGT1,-0.050000000000000044,0.3489110556220868,0.9930894964047126
DMBX1,-0.049999999999999795,0.3531927735350684,0.9930894964047126
ADRB1,-0.04500000000000001,0.3531927735350684,0.9930894964047126
CD48,-0.04,0.3489110556220868,0.9930894964047126
PPP1R3G,-0.039999999999999994,0.34466245512879223,0.9930894964047126
CTNNA2,-0.030000000000000002,0.3510477771844326,0.9930894964047126
VNN2,-0.030000000000000002,0.34466245512879223,0.9930894964047126
SUSD3,-0.029999999999999888,0.3531927735350684,0.9930894964047126
CAPNS2,-0.024999999999999998,0.3489110556220868,0.9930894964047126
RAB6D,-0.020000000000000004,0.3531927735350684,0.9930894964047126
MASP1,-0.02,0.3510477771844326,0.9930894964047126
FLT1,-0.019999999999999997,0.3531927735350684,0.9930894964047126
CARNS1,-0.010000000000000009,0.3510477771844326,0.9930894964047126
CAMK1G,-0.01,0.34255058457732734,0.9930894964047126
CDH19,-0.01,0.3467826134901356,0.9930894964047126
CERS3,-0.01,0.3467826134901356,0.9930894964047126
AQP4,-0.01,0.3531927735350684,0.9930894964047126
KCNK13,-0.009999999999999998,0.3510477771844326,0.9930894964047126
NR5A2,-0.009999999999999787,0.3510477771844326,0.9930894964047126
TRIM39-RPP21,-0.0050000000000000044,0.34466245512879223,0.9930894964047126
SEZ6,0.0,0.3531927735350684,0.9930894964047126
GUCY2C,0.0,0.3510477771844326,0.9930894964047126
HAO1,0.0,0.34466245512879223,0.9930894964047126
PDYN,0.0,0.3531927735350684,0.9930894964047126
PAGE4,0.0,0.34466245512879223,0.9930894964047126
TMIGD3,0.0,0.3531927735350684,0.9930894964047126
VRTN,0.0,0.3531927735350684,0.9930894964047126
IZUMO2,0.0,0.3489110556220868,0.9930894964047126
TMEM155,0.0,0.3489110556220868,0.9930894964047126
DNAI2,0.0,0.34466245512879223,0.9930894964047126
CCDC197,0.0,0.34255058457732734,0.9930894964047126
TCERG1L,0.0,0.3467826134901356,0.9930894964047126
CCDC185,0.0,0.3510477771844326,0.9930894964047126
IFNL2,0.0,0.3467826134901356,0.9930894964047126
NPY2R,0.0,0.3510477771844326,0.9930894964047126
SERPINB13,0.0,0.3531927735350684,0.9930894964047126
LDLRAD1,0.0,0.3531927735350684,0.9930894964047126
KRTAP2-1,0.0,0.34255058457732734,0.9930894964047126
LINGO4,0.0,0.3531927735350684,0.9930894964047126
PNMA6E,0.0,0.3489110556220868,0.9930894964047126
SUPT20HL2,0.0,0.3531927735350684,0.9930894964047126
ANKRD34C,0.0,0.3531927735350684,0.9930894964047126
NXF2,0.0,0.34466245512879223,0.9930894964047126
LYZL6,0.0,0.3510477771844326,0.9930894964047126
ELOA3B,0.0,0.34466245512879223,0.9930894964047126
TBC1D26,0.009999999999999998,0.34255058457732734,0.9930894964047126
KLRC1,0.02,0.3531927735350684,0.9930894964047126
TMEM213,0.02,0.34466245512879223,0.9930894964047126
CD3E,0.020000000000000004,0.3510477771844326,0.9930894964047126
FAM166A,0.029999999999999805,0.3510477771844326,0.9930894964047126
H2AC16,0.029999999999999805,0.3467826134901356,0.9930894964047126
ALG1L2,0.029999999999999888,0.3467826134901356,0.9930894964047126
NOX5,0.03,0.3489110556220868,0.9930894964047126
EXD1,0.04000000000000001,0.3531927735350684,0.9930894964047126
NPPA,0.05499999999999988,0.34466245512879223,0.9930894964047126
GOLGA8T,0.0700000000000001,0.3467826134901356,0.9930894964047126
GPR4,0.0999999999999999,0.3531927735350684,0.9930894964047126
MUCL1,0.1100000000000001,0.3510477771844326,0.9930894964047126
CTSW,0.1199999999999999,0.3489110556220868,0.9930894964047126
ATAD5,0.16500000000000004,0.3531927735350684,0.9930894964047126
LRRC45,0.1700000000000088,0.34466245512879223,0.9930894964047126
ZNF681,0.20500000000000002,0.3489110556220868,0.9930894964047126
ATP10D,0.20500000000000007,0.3510477771844326,0.9930894964047126
HACD4,0.22499999999999998,0.3467826134901356,0.9930894964047126
UGT1A10,0.23000000000000004,0.34255058457732734,0.9930894964047126
CYS1,0.24499999999999988,0.3510477771844326,0.9930894964047126
H3C11,0.2500000000000001,0.34466245512879223,0.9930894964047126
SLC7A7,0.37500000000000044,0.3531927735350684,0.9930894964047126
NMU,0.390000000000001,0.3531927735350684,0.9930894964047126
KCNQ4,0.52,0.34466245512879223,0.9930894964047126
PIK3AP1,0.7,0.3510477771844326,0.9930894964047126
ARHGEF39,1.0,0.3510477771844326,0.9930894964047126
DCBLD1,1.0399999999999938,0.3489110556220868,0.9930894964047126
CMTM1,1.0599999999999996,0.3531927735350684,0.9930894964047126
KCTD12,1.0949999999999989,0.3531927735350684,0.9930894964047126
IMPACT,1.244999999999994,0.3510477771844326,0.9930894964047126
DERPC,1.3249999999999993,0.34466245512879223,0.9930894964047126
IL1B,1.4849999999999999,0.3489110556220868,0.9930894964047126
H2AX,1.5799999999999912,0.3510477771844326,0.9930894964047126
SRGAP2C,1.674999999999998,0.3510477771844326,0.9930894964047126
ADAMTS6,1.7149999999999999,0.3467826134901356,0.9930894964047126
ZNF23,1.734999999999994,0.3489110556220868,0.9930894964047126
MAPK6,1.754999999999999,0.3489110556220868,0.9930894964047126
TRIM65,1.7949999999999982,0.3531927735350684,0.9930894964047126
NR1D1,1.8300000000000027,0.3467826134901356,0.9930894964047126
CFAP300,1.9899999999999995,0.34466245512879223,0.9930894964047126
CSNK1G3,2.2300000000000075,0.3489110556220868,0.9930894964047126
FAM133B,2.3500000000000014,0.34466245512879223,0.9930894964047126
SP2,2.4750000000000014,0.3467826134901356,0.9930894964047126
AKNA,2.589999999999997,0.34466245512879223,0.9930894964047126
DYRK4,2.8200000000000074,0.34255058457732734,0.9930894964047126
BIRC3,3.4350000000000023,0.34466245512879223,0.9930894964047126
PHF21A,3.84,0.3531927735350684,0.9930894964047126
CENPM,4.049999999999997,0.3489110556220868,0.9930894964047126
COA5,4.779999999999998,0.3489110556220868,0.9930894964047126
MRPL49,4.885000000000019,0.3489110556220868,0.9930894964047126
DGAT2,5.06,0.34466245512879223,0.9930894964047126
TWIST1,5.269999999999998,0.3531927735350684,0.9930894964047126
FHOD1,5.905000000000015,0.34466245512879223,0.9930894964047126
IFT43,5.945,0.34466245512879223,0.9930894964047126
KHNYN,6.309999999999988,0.3467826134901356,0.9930894964047126
IFTAP,6.9550000000000125,0.3467826134901356,0.9930894964047126
SLC25A37,7.300000000000011,0.34466245512879223,0.9930894964047126
PSIP1,8.415000000000006,0.3531927735350684,0.9930894964047126
NSMF,8.424999999999997,0.3531927735350684,0.9930894964047126
AP5Z1,9.214999999999996,0.34255058457732734,0.9930894964047126
RNASEH2C,10.994999999999997,0.3531927735350684,0.9930894964047126
MTAP,11.465000000000007,0.3489110556220868,0.9930894964047126
SEC14L1,12.75,0.3531927735350684,0.9930894964047126
H2AW,13.619999999999994,0.3489110556220868,0.9930894964047126
AZIN1,16.935000000000002,0.3489110556220868,0.9930894964047126
NOLC1,23.304999999999964,0.3531927735350684,0.9930894964047126
SRRM1,24.89500000000001,0.34466245512879223,0.9930894964047126
MARS1,29.42999999999998,0.3467826134901356,0.9930894964047126
IFI27L2,53.88999999999996,0.3531927735350684,0.9930894964047126
LGALS3,-78.77999999999996,0.3575075705177627,0.9944409856445535
SLC7A5,-43.314999999999955,0.3575075705177627,0.9944409856445535
LAPTM4B,-38.99499999999996,0.3575075705177627,0.9944409856445535
ICAM1,-12.695,0.3575075705177627,0.9944409856445535
ATP6V0B,-8.92500000000004,0.3575075705177627,0.9944409856445535
SH3YL1,-8.674999999999997,0.3575075705177627,0.9944409856445535
ESYT2,-7.935000000000006,0.3553460397290672,0.9944409856445535
USP7,-6.0149999999999935,0.3575075705177627,0.9944409856445535
ACAP3,-5.579999999999998,0.3553460397290672,0.9944409856445535
NAT9,-5.560000000000009,0.3575075705177627,0.9944409856445535
SLC35F5,-4.894999999999996,0.3575075705177627,0.9944409856445535
RNF13,-4.840000000000007,0.3575075705177627,0.9944409856445535
ERCC5,-4.690000000000001,0.3575075705177627,0.9944409856445535
NCOA7,-4.660000000000001,0.3575075705177627,0.9944409856445535
DIDO1,-4.489999999999998,0.3575075705177627,0.9944409856445535
C19orf12,-4.459999999999997,0.3575075705177627,0.9944409856445535
DMPK,-4.015000000000001,0.3553460397290672,0.9944409856445535
HSF2,-3.7849999999999966,0.3575075705177627,0.9944409856445535
TMEM203,-2.75,0.3575075705177627,0.9944409856445535
GRB7,-2.6000000000000005,0.3575075705177627,0.9944409856445535
ZNF618,-2.469999999999999,0.3553460397290672,0.9944409856445535
CPT1C,-2.27,0.3575075705177627,0.9944409856445535
CENPK,-1.9599999999999937,0.3575075705177627,0.9944409856445535
ATP5MPL,-1.7049999999999272,0.3575075705177627,0.9944409856445535
ZFAND5,-1.6700000000000017,0.3575075705177627,0.9944409856445535
CTAGE4,-1.3300000000000003,0.3575075705177627,0.9944409856445535
RECK,-1.1600000000000001,0.3575075705177627,0.9944409856445535
ZNF550,-1.1599999999999993,0.3553460397290672,0.9944409856445535
DCUN1D1,-1.0100000000000087,0.3575075705177627,0.9944409856445535
TRIM23,-0.7699999999999996,0.3575075705177627,0.9944409856445535
TMED7-TICAM2,-0.6149999999999998,0.3553460397290672,0.9944409856445535
ZNF611,-0.5600000000000014,0.3553460397290672,0.9944409856445535
FAM91A1,-0.46500000000000696,0.3575075705177627,0.9944409856445535
RFC5,-0.4500000000000135,0.3575075705177627,0.9944409856445535
MLXIPL,-0.42500000000000004,0.3575075705177627,0.9944409856445535
ZSCAN32,-0.4049999999999976,0.3575075705177627,0.9944409856445535
CAPN12,-0.1399999999999999,0.3553460397290672,0.9944409856445535
ZNF554,-0.04000000000000026,0.3575075705177627,0.9944409856445535
MATN4,-0.04,0.3575075705177627,0.9944409856445535
MUCL3,-0.03,0.3553460397290672,0.9944409856445535
PAX2,-0.02,0.3575075705177627,0.9944409856445535
TDRD12,-0.010000000000000002,0.3575075705177627,0.9944409856445535
MLNR,0.0,0.3553460397290672,0.9944409856445535
LRRTM1,0.0,0.3575075705177627,0.9944409856445535
FCRL4,0.0,0.3553460397290672,0.9944409856445535
KRT28,0.0,0.3575075705177627,0.9944409856445535
OTOP2,0.0,0.3575075705177627,0.9944409856445535
SATL1,0.0,0.3553460397290672,0.9944409856445535
KRTAP1-3,0.0,0.3575075705177627,0.9944409856445535
SIGLEC14,0.0,0.3553460397290672,0.9944409856445535
MMP13,0.009999999999999995,0.3553460397290672,0.9944409856445535
DHRS9,0.020000000000000004,0.3553460397290672,0.9944409856445535
ADGRG3,0.020000000000000004,0.3553460397290672,0.9944409856445535
SLC38A5,0.020000000000000018,0.3575075705177627,0.9944409856445535
AZU1,0.029999999999999805,0.3575075705177627,0.9944409856445535
TMCC2,0.0649999999999995,0.3575075705177627,0.9944409856445535
TSHZ3,0.31499999999999995,0.3553460397290672,0.9944409856445535
FPGT-TNNI3K,0.6600000000000001,0.3575075705177627,0.9944409856445535
RORA,1.0000000000000004,0.3553460397290672,0.9944409856445535
RNF139,1.5199999999999925,0.3575075705177627,0.9944409856445535
RNF113A,2.1150000000000038,0.3553460397290672,0.9944409856445535
KIN,2.365,0.3575075705177627,0.9944409856445535
FBF1,2.455,0.3553460397290672,0.9944409856445535
GPN1,2.7099999999999866,0.3553460397290672,0.9944409856445535
FAM120A,3.010000000000005,0.3575075705177627,0.9944409856445535
SHB,3.625000000000001,0.3575075705177627,0.9944409856445535
MRPS31,4.055,0.3553460397290672,0.9944409856445535
MANSC1,7.1149999999999975,0.3553460397290672,0.9944409856445535
EXOSC3,9.529999999999994,0.3575075705177627,0.9944409856445535
KLHDC2,9.895000000000003,0.3575075705177627,0.9944409856445535
SEPHS1,23.42500000000001,0.3575075705177627,0.9944409856445535
DLST,30.370000000000005,0.3575075705177627,0.9944409856445535
CAPN2,50.57999999999993,0.3575075705177627,0.9944409856445535
RPL7A,89.59999999999877,0.3575075705177627,0.9944409856445535
ATP5PF,-77.6099999999999,0.36185540336052524,0.9947136575048068
PRXL2A,-14.095,0.35967736034785425,0.9947136575048068
STK24,-11.925000000000018,0.36185540336052524,0.9947136575048068
FAM32A,-10.489999999999995,0.36185540336052524,0.9947136575048068
CHCHD1,-8.85499999999999,0.36185540336052524,0.9947136575048068
ATP13A1,-7.1549999999999905,0.36185540336052524,0.9947136575048068
IFT20,-6.785000000000004,0.36185540336052524,0.9947136575048068
SUGP2,-6.420000000000002,0.36185540336052524,0.9947136575048068
SUCLA2,-5.1249999999999964,0.36185540336052524,0.9947136575048068
CCDC14,-4.430000000000014,0.36185540336052524,0.9947136575048068
PSMC4,-4.345000000000056,0.35967736034785425,0.9947136575048068
SLC6A6,-4.079999999999995,0.36185540336052524,0.9947136575048068
CERS5,-4.0750000000000135,0.36185540336052524,0.9947136575048068
BICDL1,-3.595,0.35967736034785425,0.9947136575048068
ARHGEF35,-3.34,0.35967736034785425,0.9947136575048068
SMPD1,-2.7049999999999983,0.35967736034785425,0.9947136575048068
ERC1,-2.6850000000000023,0.36185540336052524,0.9947136575048068
SLC2A6,-2.5450000000000017,0.35967736034785425,0.9947136575048068
ZNF84,-2.440000000000003,0.35967736034785425,0.9947136575048068
AMFR,-2.0150000000000077,0.36185540336052524,0.9947136575048068
ZBED6CL,-1.8449999999999989,0.36185540336052524,0.9947136575048068
ALPK1,-1.6849999999999992,0.35967736034785425,0.9947136575048068
EXOC2,-1.6600000000000037,0.36185540336052524,0.9947136575048068
NFIA,-1.5450000000000002,0.36185540336052524,0.9947136575048068
TMEM8B,-1.4599999999999986,0.36185540336052524,0.9947136575048068
ULBP3,-1.25,0.35967736034785425,0.9947136575048068
ETAA1,-1.1900000000000022,0.36185540336052524,0.9947136575048068
OLFML2A,-0.8950000000000002,0.36185540336052524,0.9947136575048068
DNAJC12,-0.8800000000000001,0.36185540336052524,0.9947136575048068
APC,-0.754999999999999,0.36185540336052524,0.9947136575048068
NPIPA3,-0.5499999999999994,0.36185540336052524,0.9947136575048068
SPTY2D1,-0.5399999999999991,0.36185540336052524,0.9947136575048068
NOXA1,-0.4850000000000001,0.36185540336052524,0.9947136575048068
DZANK1,-0.2949999999999995,0.36185540336052524,0.9947136575048068
CCT6B,-0.21499999999999997,0.36185540336052524,0.9947136575048068
HESX1,-0.1100000000000001,0.36185540336052524,0.9947136575048068
C10orf95,-0.10999999999999979,0.36185540336052524,0.9947136575048068
CXXC4,-0.06,0.36185540336052524,0.9947136575048068
C5orf38,-0.045,0.35967736034785425,0.9947136575048068
KCNV2,-0.03000000000000011,0.35967736034785425,0.9947136575048068
CRHBP,-0.02,0.36185540336052524,0.9947136575048068
OTOGL,-0.02,0.35967736034785425,0.9947136575048068
RPRM,-0.010000000000000009,0.35967736034785425,0.9947136575048068
ANKUB1,-0.010000000000000002,0.36185540336052524,0.9947136575048068
P2RX3,-0.01,0.36185540336052524,0.9947136575048068
CCDC73,-0.01,0.35967736034785425,0.9947136575048068
SLC7A9,-0.009999999999999995,0.35967736034785425,0.9947136575048068
PRR35,0.0,0.36185540336052524,0.9947136575048068
SPAG11A,0.0,0.35967736034785425,0.9947136575048068
SIX6,0.0,0.36185540336052524,0.9947136575048068
TRPC5OS,0.0,0.35967736034785425,0.9947136575048068
FGB,0.020000000000000004,0.36185540336052524,0.9947136575048068
ZNF490,0.025000000000000133,0.36185540336052524,0.9947136575048068
IL17C,0.039999999999999994,0.36185540336052524,0.9947136575048068
SLC35F4,0.04,0.35967736034785425,0.9947136575048068
MSR1,0.07000000000000009,0.35967736034785425,0.9947136575048068
C11orf91,0.1399999999999999,0.35967736034785425,0.9947136575048068
KLK1,0.31,0.35967736034785425,0.9947136575048068
ASIC3,0.31000000000000005,0.35967736034785425,0.9947136575048068
EML6,0.4050000000000007,0.35967736034785425,0.9947136575048068
MDC1,0.9300000000000033,0.36185540336052524,0.9947136575048068
MXD1,1.6800000000000015,0.36185540336052524,0.9947136575048068
CKAP2L,1.7650000000000112,0.36185540336052524,0.9947136575048068
CHST15,2.2299999999999995,0.35967736034785425,0.9947136575048068
ZNF276,3.379999999999999,0.36185540336052524,0.9947136575048068
HOXA4,3.7800000000000002,0.36185540336052524,0.9947136575048068
DDX41,3.9750000000000085,0.36185540336052524,0.9947136575048068
NOP16,4.039999999999992,0.35967736034785425,0.9947136575048068
SMG6,4.474999999999994,0.35967736034785425,0.9947136575048068
TRIM8,4.964999999999996,0.36185540336052524,0.9947136575048068
RIPK2,5.620000000000001,0.35967736034785425,0.9947136575048068
BRMS1,6.7299999999999685,0.36185540336052524,0.9947136575048068
ERO1A,6.77000000000001,0.36185540336052524,0.9947136575048068
UHRF1,6.7849999999999895,0.36185540336052524,0.9947136575048068
TIMM10,9.944999999999993,0.36185540336052524,0.9947136575048068
FGFR1,11.615000000000002,0.36185540336052524,0.9947136575048068
ATXN2L,11.619999999999976,0.36185540336052524,0.9947136575048068
SPTAN1,12.925000000000011,0.36185540336052524,0.9947136575048068
TXLNA,14.61,0.36185540336052524,0.9947136575048068
CASP4,15.309999999999988,0.36185540336052524,0.9947136575048068
ZYX,31.070000000000064,0.36185540336052524,0.9947136575048068
EWSR1,43.74499999999995,0.36185540336052524,0.9947136575048068
TFG,-15.309999999999988,0.3662362239656073,0.9953514367844661
GATD3B,-10.650000000000006,0.3662362239656073,0.9953514367844661
PREB,-7.864999999999988,0.3662362239656073,0.9953514367844661
CARS2,-7.8600000000000065,0.3662362239656073,0.9953514367844661
BCAT2,-7.215000000000003,0.3662362239656073,0.9953514367844661
DDX49,-7.199999999999996,0.3662362239656073,0.9953514367844661
HEG1,-5.960000000000001,0.36404169339058157,0.9953514367844661
PABPC1L,-5.640000000000004,0.3662362239656073,0.9953514367844661
UBTD1,-5.4350000000000005,0.36404169339058157,0.9953514367844661
KRT80,-5.17,0.3662362239656073,0.9953514367844661
LYPLAL1,-4.255000000000001,0.36404169339058157,0.9953514367844661
PLEKHA2,-3.9849999999999994,0.3662362239656073,0.9953514367844661
NSUN5,-3.7200000000000095,0.3662362239656073,0.9953514367844661
INPP5K,-3.605000000000002,0.3662362239656073,0.9953514367844661
SLC38A9,-3.5000000000000018,0.3662362239656073,0.9953514367844661
ZNF513,-3.219999999999997,0.36404169339058157,0.9953514367844661
HS2ST1,-3.17,0.3662362239656073,0.9953514367844661
ALAD,-3.105000000000004,0.36404169339058157,0.9953514367844661
PHYKPL,-2.6250000000000036,0.3662362239656073,0.9953514367844661
OSGIN2,-2.5649999999999995,0.3662362239656073,0.9953514367844661
CCNJL,-2.3100000000000014,0.3662362239656073,0.9953514367844661
SYNM,-1.9350000000000023,0.3662362239656073,0.9953514367844661
PUDP,-1.7999999999999972,0.3662362239656073,0.9953514367844661
SPECC1,-1.6950000000000038,0.3662362239656073,0.9953514367844661
TSPAN12,-1.6500000000000017,0.36404169339058157,0.9953514367844661
ZNF260,-1.4999999999999982,0.3662362239656073,0.9953514367844661
ZNF320,-1.2049999999999983,0.3662362239656073,0.9953514367844661
RHOT1,-1.0449999999999982,0.3662362239656073,0.9953514367844661
MIER3,-1.0100000000000016,0.36404169339058157,0.9953514367844661
TTLL1,-0.9900000000000007,0.3662362239656073,0.9953514367844661
FZD5,-0.6450000000000005,0.3662362239656073,0.9953514367844661
GUF1,-0.4500000000000046,0.36404169339058157,0.9953514367844661
FMN1,-0.2900000000000009,0.36404169339058157,0.9953514367844661
CACNA1H,-0.285,0.36404169339058157,0.9953514367844661
SHROOM4,-0.27,0.36404169339058157,0.9953514367844661
RGL1,-0.20999999999999996,0.3662362239656073,0.9953514367844661
HES2,-0.20500000000000018,0.3662362239656073,0.9953514367844661
ALDH7A1,-0.2049999999999983,0.3662362239656073,0.9953514367844661
MTRNR2L12,-0.16999999999999993,0.36404169339058157,0.9953514367844661
PARG,-0.060000000000002274,0.36404169339058157,0.9953514367844661
SLC30A7,-0.03499999999999748,0.3662362239656073,0.9953514367844661
PTPRZ1,-0.03,0.3662362239656073,0.9953514367844661
KSR2,-0.03,0.3662362239656073,0.9953514367844661
DGKI,-0.02500000000000005,0.3662362239656073,0.9953514367844661
EID3,-0.025000000000000022,0.36404169339058157,0.9953514367844661
PTGER1,-0.024999999999999998,0.36404169339058157,0.9953514367844661
OR13A1,-0.01,0.3662362239656073,0.9953514367844661
ECRG4,0.0,0.3662362239656073,0.9953514367844661
SLITRK4,0.0,0.36404169339058157,0.9953514367844661
HOATZ,0.0,0.3662362239656073,0.9953514367844661
PSG11,0.0,0.36404169339058157,0.9953514367844661
TAS2R38,0.0,0.3662362239656073,0.9953514367844661
KRT3,0.01,0.3662362239656073,0.9953514367844661
VSTM1,0.015,0.36404169339058157,0.9953514367844661
SEPTIN12,0.04,0.3662362239656073,0.9953514367844661
RCSD1,0.0500000000000001,0.36404169339058157,0.9953514367844661
CNPY3,0.060000000000016485,0.3662362239656073,0.9953514367844661
IL1RL2,0.09000000000000001,0.36404169339058157,0.9953514367844661
KCNAB3,0.31000000000000005,0.36404169339058157,0.9953514367844661
GDA,0.39499999999999996,0.3662362239656073,0.9953514367844661
FANCM,0.6749999999999989,0.36404169339058157,0.9953514367844661
MECR,0.9150000000000063,0.3662362239656073,0.9953514367844661
FILIP1L,0.9550000000000005,0.3662362239656073,0.9953514367844661
CDK16,1.4150000000000063,0.3662362239656073,0.9953514367844661
MGA,1.7250000000000032,0.36404169339058157,0.9953514367844661
ZSCAN31,1.7549999999999981,0.3662362239656073,0.9953514367844661
SRM,1.7550000000000097,0.3662362239656073,0.9953514367844661
MCUB,2.664999999999999,0.36404169339058157,0.9953514367844661
AGO2,3.5500000000000043,0.3662362239656073,0.9953514367844661
NPR2,3.83,0.36404169339058157,0.9953514367844661
DYNC2H1,4.144999999999994,0.3662362239656073,0.9953514367844661
EPHB2,7.359999999999999,0.3662362239656073,0.9953514367844661
IRF9,7.540000000000003,0.3662362239656073,0.9953514367844661
PPIL1,7.720000000000006,0.3662362239656073,0.9953514367844661
WDR46,9.32500000000001,0.3662362239656073,0.9953514367844661
COPS5,11.804999999999993,0.3662362239656073,0.9953514367844661
UQCC2,16.514999999999986,0.3662362239656073,0.9953514367844661
POLD2,23.919999999999987,0.3662362239656073,0.9953514367844661
SDHB,25.144999999999982,0.36404169339058157,0.9953514367844661
PSMB5,53.610000000000156,0.3662362239656073,0.9953514367844661
CPEB4,-2.665,0.3684389883051381,0.9968211872766444
ALDH5A1,-1.4450000000000003,0.3684389883051381,0.9968211872766444
XPA,-0.9449999999999967,0.3684389883051381,0.9968211872766444
TMEM41A,-0.8549999999999986,0.3684389883051381,0.9968211872766444
APOL6,-0.7900000000000014,0.3684389883051381,0.9968211872766444
ARSL,-0.39500000000000046,0.3684389883051381,0.9968211872766444
BRAF,-0.134999999999998,0.3684389883051381,0.9968211872766444
MAP10,-0.049999999999999996,0.3684389883051381,0.9968211872766444
BARX1,-0.030000000000000002,0.3684389883051381,0.9968211872766444
CAPN6,-0.01,0.3684389883051381,0.9968211872766444
HAMP,-0.01,0.3684389883051381,0.9968211872766444
CLRN3,-0.01,0.3684389883051381,0.9968211872766444
TLR8,0.0,0.3684389883051381,0.9968211872766444
TAS2R8,0.0,0.3684389883051381,0.9968211872766444
TAS2R9,0.0,0.3684389883051381,0.9968211872766444
C1QL2,0.0,0.3684389883051381,0.9968211872766444
HK3,0.0,0.3684389883051381,0.9968211872766444
PPDPFL,0.0,0.3684389883051381,0.9968211872766444
DBX2,0.0,0.3684389883051381,0.9968211872766444
H2AP,0.0,0.3684389883051381,0.9968211872766444
AVPR1B,0.0,0.3684389883051381,0.9968211872766444
GAGE10,0.0,0.3684389883051381,0.9968211872766444
GAGE12F,0.0,0.3684389883051381,0.9968211872766444
OC90,0.0,0.3684389883051381,0.9968211872766444
HNRNPCL1,0.03,0.3684389883051381,0.9968211872766444
NHLH1,0.039999999999999813,0.3684389883051381,0.9968211872766444
SCARF1,0.20500000000000002,0.3684389883051381,0.9968211872766444
C18orf54,0.835,0.3684389883051381,0.9968211872766444
CHFR,3.425000000000008,0.3684389883051381,0.9968211872766444
CPVL,4.255000000000001,0.3684389883051381,0.9968211872766444
AKTIP,4.465,0.3684389883051381,0.9968211872766444
HADHB,15.574999999999989,0.3684389883051381,0.9968211872766444
PDIA3,-46.25499999999977,0.3706499793198532,0.9974600467030206
ADIPOR1,-15.704999999999984,0.3706499793198532,0.9974600467030206
POMZP3,-4.245000000000002,0.3706499793198532,0.9974600467030206
KDM5B,-4.089999999999998,0.3706499793198532,0.9974600467030206
RAB11B,-3.079999999999984,0.3706499793198532,0.9974600467030206
TGFBR1,-2.759999999999998,0.3706499793198532,0.9974600467030206
NUP35,-2.715000000000014,0.3706499793198532,0.9974600467030206
CDK12,-2.4249999999999936,0.3706499793198532,0.9974600467030206
SLC35E1,-2.2500000000000036,0.3706499793198532,0.9974600467030206
FAM229B,-1.125,0.3706499793198532,0.9974600467030206
KIAA1958,-0.9100000000000001,0.3706499793198532,0.9974600467030206
NMNAT3,-0.52,0.3706499793198532,0.9974600467030206
MKS1,-0.4200000000000017,0.3706499793198532,0.9974600467030206
CNNM2,-0.2200000000000002,0.3706499793198532,0.9974600467030206
MAGEA12,-0.06999999999999981,0.3706499793198532,0.9974600467030206
TNFAIP8L3,-0.045,0.3706499793198532,0.9974600467030206
LRRC2,-0.019999999999999997,0.3706499793198532,0.9974600467030206
STXBP5L,-0.010000000000000002,0.3706499793198532,0.9974600467030206
CPLX2,-0.010000000000000002,0.3706499793198532,0.9974600467030206
IHO1,-0.01,0.3706499793198532,0.9974600467030206
GBX1,0.0,0.3706499793198532,0.9974600467030206
GLYATL1B,0.0,0.3706499793198532,0.9974600467030206
SMLR1,0.0,0.3706499793198532,0.9974600467030206
FBXO48,0.09000000000000008,0.3706499793198532,0.9974600467030206
NDUFAF5,0.2049999999999983,0.3706499793198532,0.9974600467030206
H2BU1,0.24000000000000005,0.3706499793198532,0.9974600467030206
ZNF718,0.7600000000000011,0.3706499793198532,0.9974600467030206
GINS1,1.264999999999997,0.3706499793198532,0.9974600467030206
ICE1,1.3399999999999892,0.3706499793198532,0.9974600467030206
C10orf88,2.5450000000000035,0.3706499793198532,0.9974600467030206
NAA30,2.8049999999999997,0.3706499793198532,0.9974600467030206
AGFG1,3.7900000000000134,0.3706499793198532,0.9974600467030206
PCLAF,6.144999999999996,0.3706499793198532,0.9974600467030206
NEK9,6.655000000000012,0.3706499793198532,0.9974600467030206
CENPT,7.175000000000004,0.3706499793198532,0.9974600467030206
TOMM34,9.960000000000015,0.3706499793198532,0.9974600467030206
SLC25A3,98.67499999999927,0.3706499793198532,0.9974600467030206
TPI1,157.39000000000124,0.3706499793198532,0.9974600467030206
GABARAP,-45.680000000000035,0.3728691896107844,0.9990604029858172
EZR,-42.57000000000002,0.3750966114685458,0.9990604029858172
SERF2,-23.55999999999983,0.3750966114685458,0.9990604029858172
LAMC1,-18.29499999999996,0.3750966114685458,0.9990604029858172
GTF2A2,-12.090000000000018,0.3750966114685458,0.9990604029858172
SYTL2,-9.265,0.3750966114685458,0.9990604029858172
SLC35B1,-7.569999999999979,0.3750966114685458,0.9990604029858172
LMBR1L,-5.175000000000004,0.3750966114685458,0.9990604029858172
ZMIZ1,-4.955000000000002,0.3750966114685458,0.9990604029858172
LAMTOR2,-4.860000000000042,0.3750966114685458,0.9990604029858172
C5orf24,-4.810000000000002,0.3750966114685458,0.9990604029858172
ANAPC16,-4.3799999999999955,0.3750966114685458,0.9990604029858172
C1S,-4.270000000000001,0.3750966114685458,0.9990604029858172
RCAN1,-4.044999999999998,0.3750966114685458,0.9990604029858172
FAM156B,-3.164999999999999,0.3728691896107844,0.9990604029858172
HOOK1,-2.74,0.3750966114685458,0.9990604029858172
UBR3,-2.1850000000000023,0.3750966114685458,0.9990604029858172
IFT22,-1.6149999999999878,0.3750966114685458,0.9990604029858172
DMAC2,-1.5750000000000028,0.3750966114685458,0.9990604029858172
PITHD1,-1.4649999999999892,0.3750966114685458,0.9990604029858172
CISH,-1.1099999999999999,0.3750966114685458,0.9990604029858172
PPIC,-1.0900000000000105,0.3750966114685458,0.9990604029858172
CAMSAP3,-0.9050000000000002,0.3750966114685458,0.9990604029858172
MST1R,-0.745,0.3750966114685458,0.9990604029858172
NATD1,-0.6499999999999999,0.3728691896107844,0.9990604029858172
ZNF180,-0.34000000000000075,0.3728691896107844,0.9990604029858172
WDR37,-0.28999999999999915,0.3728691896107844,0.9990604029858172
AQP11,-0.26000000000000045,0.3728691896107844,0.9990604029858172
SLITRK5,-0.1499999999999999,0.3728691896107844,0.9990604029858172
DLGAP1,-0.09999999999999999,0.3750966114685458,0.9990604029858172
DNAH10,-0.09000000000000014,0.3728691896107844,0.9990604029858172
APOC2,-0.04,0.3750966114685458,0.9990604029858172
GPC5,-0.020000000000000004,0.3728691896107844,0.9990604029858172
MIXL1,-0.02,0.3728691896107844,0.9990604029858172
MCF2,-0.019999999999999997,0.3728691896107844,0.9990604029858172
HCAR3,-0.019999999999999997,0.3750966114685458,0.9990604029858172
C3orf70,-0.015000000000000001,0.3728691896107844,0.9990604029858172
TRIM72,-0.01,0.3750966114685458,0.9990604029858172
EPYC,0.0,0.3728691896107844,0.9990604029858172
UPK3A,0.0,0.3750966114685458,0.9990604029858172
PHOX2B,0.0,0.3750966114685458,0.9990604029858172
CACNA1B,0.0,0.3728691896107844,0.9990604029858172
ITGAD,0.0,0.3750966114685458,0.9990604029858172
HTR5A,0.0,0.3750966114685458,0.9990604029858172
SIGLEC7,0.0,0.3750966114685458,0.9990604029858172
PGPEP1L,0.0,0.3728691896107844,0.9990604029858172
PNLIPRP3,0.0,0.3750966114685458,0.9990604029858172
XKR4,0.0,0.3728691896107844,0.9990604029858172
MRC1,0.0,0.3728691896107844,0.9990604029858172
CD5L,0.01,0.3750966114685458,0.9990604029858172
UNC5D,0.01,0.3728691896107844,0.9990604029858172
BNC1,0.010000000000000002,0.3750966114685458,0.9990604029858172
CRYGN,0.019999999999999997,0.3728691896107844,0.9990604029858172
C9orf152,0.020000000000000004,0.3750966114685458,0.9990604029858172
AKR7A3,0.30000000000000004,0.3728691896107844,0.9990604029858172
SRFBP1,0.379999999999999,0.3750966114685458,0.9990604029858172
SYNE3,0.4149999999999997,0.3750966114685458,0.9990604029858172
INCA1,0.4449999999999995,0.3728691896107844,0.9990604029858172
CBLN3,0.5749999999999998,0.3728691896107844,0.9990604029858172
SLC43A1,0.6799999999999988,0.3750966114685458,0.9990604029858172
SOGA1,0.7000000000000028,0.3728691896107844,0.9990604029858172
FAAP24,1.379999999999999,0.3750966114685458,0.9990604029858172
NSUN4,1.6649999999999974,0.3750966114685458,0.9990604029858172
RAB2B,2.6000000000000014,0.3750966114685458,0.9990604029858172
NECAP1,4.145000000000003,0.3750966114685458,0.9990604029858172
NFYA,4.3549999999999915,0.3750966114685458,0.9990604029858172
SLC7A11,5.629999999999999,0.3750966114685458,0.9990604029858172
C1orf174,6.129999999999992,0.3750966114685458,0.9990604029858172
OSTF1,7.750000000000007,0.3728691896107844,0.9990604029858172
RSRP1,8.675000000000011,0.3750966114685458,0.9990604029858172
RANGAP1,11.375000000000085,0.3750966114685458,0.9990604029858172
IQGAP3,13.515000000000004,0.3750966114685458,0.9990604029858172
RPL39L,16.27499999999998,0.3750966114685458,0.9990604029858172
CDV3,32.05499999999995,0.3728691896107844,0.9990604029858172
MT-ATP8,-6354.000000000058,0.42615784298026116,1.0
MT-CO2,-2273.0000000000146,0.5286976420682703,1.0
MT-ND3,-1499.3000000000102,0.6306686675294741,1.0
MT-ND4L,-1001.7000000000171,0.384088249473852,1.0
TMSB4X,-700.4999999999982,0.9010451411117566,1.0
PKM,-614.1000000000008,0.534135262077375,1.0
MT-CO3,-588.5000000000091,0.6664324268587869,1.0
KRT8,-402.68500000000006,0.41658371785687753,1.0
ALDOA,-353.1899999999986,0.45563896523052283,1.0
FTL,-302.85000000000264,0.45064718510155777,1.0
RPS11,-248.15000000000146,0.7844300000516808,1.0
GAPDH,-238.14999999999964,0.7780661870680045,1.0
LGALS1,-228.9500000000021,0.9438275338976189,1.0
LDHA,-227.90499999999963,0.5286976420682703,1.0
MIF,-215.0000000000008,0.5701539825270272,1.0
KRT18,-213.4150000000002,0.6306686675294741,1.0
SPARC,-202.78500000000003,0.40013769753329187,1.0
RPL24,-147.69999999999845,0.9603323910593005,1.0
RPS19,-137.69999999999982,0.6072914543107184,1.0
MT-ND6,-115.94999999999482,0.696830597247795,1.0
HSPA8,-114.74999999999909,0.6604160308082985,1.0
SLC25A6,-113.95500000000004,0.4810591760941474,1.0
RPL13A,-108.400000000001,0.6424993873606966,1.0
LDHB,-100.35500000000036,0.5729719113688719,1.0
TPM1,-98.68500000000006,0.7215075408530456,1.0
OAZ1,-94.57499999999993,0.43585911500840513,1.0
PRDX1,-94.30500000000018,0.8487947368200934,1.0
RPL35A,-89.85000000000036,0.7653835124598296,1.0
MYL6,-86.35000000000036,0.7972005596761405,1.0
CD44,-84.32999999999993,0.672470358702386,1.0
RPS5,-79.94999999999959,0.9603323910593005,1.0
TMA7,-76.98999999999967,0.6664324268587869,1.0
NME1,-75.98499999999967,0.672470358702386,1.0
SRP14,-74.03999999999996,0.41658371785687753,1.0
FN1,-67.22999999999999,0.9867726179369976,1.0
APLP2,-67.11499999999992,0.7590654489309898,1.0
OST4,-66.81000000000006,0.5617400706970093,1.0
COX6B1,-66.60999999999916,0.5232883447117399,1.0
TBCA,-55.7150000000002,0.6072914543107184,1.0
RPN1,-54.78499999999991,0.3978205467559196,1.0
CSRP1,-54.13999999999999,0.5900167260288813,1.0
RPS26,-53.45500000000061,0.5786275093766506,1.0
S100A11,-52.78499999999974,0.4810591760941474,1.0
RPL22L1,-52.55000000000001,0.3978205467559196,1.0
CD151,-52.384999999999934,0.5072325853424271,1.0
TRIM28,-51.32500000000039,0.5072325853424271,1.0
ATP5IF1,-51.234999999999985,0.7653835124598296,1.0
PSMD2,-50.435000000000116,0.9669394958014216,1.0
S100A13,-50.13500000000002,0.5561643473205113,1.0
NDUFB2,-50.04000000000008,0.8879331364078507,1.0
POLR2L,-49.34499999999997,0.9471268043847221,1.0
SEM1,-49.1449999999997,0.636572443127301,1.0
RHOC,-48.89999999999989,0.7780661870680045,1.0
CSTB,-48.65000000000009,0.384088249473852,1.0
LAMB1,-46.54499999999996,0.42615784298026116,1.0
SKP1,-45.555000000000064,0.4707994763603818,1.0
COX7A2,-45.37999999999988,0.3978205467559196,1.0
SLC16A3,-44.584999999999994,0.41658371785687753,1.0
FKBP10,-43.51999999999998,0.5232883447117399,1.0
CCT7,-43.39500000000015,0.6015081344405899,1.0
DDX5,-42.81000000000006,0.6306686675294741,1.0
EIF4H,-42.809999999999775,0.48623432138829725,1.0
TUBB4B,-41.370000000000175,0.9273467583508952,1.0
CCT6A,-40.83500000000018,0.7339575177052757,1.0
ID3,-40.690000000000026,0.4606617114605923,1.0
TUBA1A,-40.210000000000036,0.4456865210409048,1.0
DDX17,-39.55000000000001,0.38635660260863647,1.0
EIF4G1,-38.94499999999991,0.636572443127301,1.0
PDIA4,-38.760000000000076,0.5900167260288813,1.0
TRIP6,-38.380000000000024,0.46571526862558976,1.0
PTGES3,-37.56999999999999,0.8229019354214293,1.0
EIF4G2,-37.53999999999985,0.8748517286674501,1.0
ATP5MF,-37.03500000000031,0.5729719113688719,1.0
NDUFB11,-36.28999999999999,0.7091309176902658,1.0
ASPH,-36.17999999999995,0.5286976420682703,1.0
COPS6,-35.97000000000004,0.5900167260288813,1.0
PSMA2,-35.265,0.534135262077375,1.0
SLC3A2,-35.20999999999995,0.7844300000516808,1.0
MAZ,-34.985000000000014,0.648449182304075,1.0
ARF5,-34.410000000000025,0.5179075922305545,1.0
ATP5MG,-34.07499999999993,0.40246294289693907,1.0
NQO1,-33.73999999999995,0.6247883740723336,1.0
PXN,-33.72500000000003,0.9207627671027185,1.0
GSTP1,-33.1749999999995,0.7215075408530456,1.0
HSPB1,-33.09000000000037,0.7339575177052757,1.0
KRT19,-33.045,0.794002680192762,1.0
MRPL33,-32.65000000000006,0.534135262077375,1.0
GPX4,-32.56500000000014,0.5450945558532493,1.0
PSMD13,-32.549999999999955,0.45563896523052283,1.0
CTTN,-32.33000000000001,0.5072325853424271,1.0
RPL35,-32.100000000002865,0.8455485934494391,1.0
GPRC5A,-31.899999999999988,0.6907099557705141,1.0
OCIAD2,-31.440000000000012,0.7402090762983753,1.0
TMEM14C,-31.07000000000002,0.6306686675294741,1.0
SDC4,-31.035000000000004,0.4213548269831777,1.0
FOS,-30.985000000000014,0.8100256403943001,1.0
GSTK1,-30.734999999999957,0.5561643473205113,1.0
CAPNS1,-30.58499999999981,0.8164575944411389,1.0
GSTO1,-30.180000000000007,0.9207627671027185,1.0
YIF1B,-29.659999999999975,0.45064718510155777,1.0
GPAA1,-29.04500000000003,0.4213548269831777,1.0
POLR2E,-28.94500000000002,0.5450945558532493,1.0
STT3A,-28.460000000000008,0.8944855348490495,1.0
LAPTM4A,-28.05000000000004,0.4309926469959029,1.0
PIGT,-27.984999999999985,0.8487947368200934,1.0
DAP,-27.890000000000015,0.6544215056598512,1.0
SET,-27.00500000000011,0.9735488709352259,1.0
SEC61G,-26.895000000000323,0.842305069932857,1.0
TXNRD1,-26.14500000000004,0.9207627671027185,1.0
PYGL,-26.1,0.6544215056598512,1.0
TFRC,-26.064999999999998,0.6306686675294741,1.0
PARK7,-25.985000000000014,0.8487947368200934,1.0
ATP5PB,-25.910000000000025,0.7029710376341284,1.0
CALM2,-25.525000000000432,0.8229019354214293,1.0
CCT8,-25.52499999999995,0.8552946682228153,1.0
GNB2,-25.410000000000025,0.8164575944411389,1.0
NDUFB4,-25.33999999999989,0.3978205467559196,1.0
TIMP2,-25.245000000000005,0.6189318717934644,1.0
PCBD1,-25.00500000000001,0.829358243536714,1.0
THBS1,-24.889999999999997,0.5368646222462607,1.0
RTF2,-24.735000000000028,0.5396009774503636,1.0
AP1M2,-24.37,0.7653835124598296,1.0
S100A4,-24.239999999999984,0.5396009774503636,1.0
DNAJA1,-24.08499999999998,0.7122180342879179,1.0
CAPZA2,-23.83999999999999,0.5673426777793709,1.0
SREBF1,-23.58,0.4914394238527241,1.0
CAPG,-23.51500000000003,0.8618044330490108,1.0
VDAC1,-23.484999999999957,0.5673426777793709,1.0
RPL19,-23.449999999999818,0.5072325853424271,1.0
FKBP8,-23.390000000000015,0.42615784298026116,1.0
ZNHIT1,-22.549999999999997,0.5957497963320737,1.0
CYB5A,-22.499999999999996,0.45064718510155777,1.0
C11orf58,-22.44999999999996,0.7402090762983753,1.0
NAA20,-21.905000000000058,0.6130994652172653,1.0
HSPA1B,-21.884999999999998,0.5396009774503636,1.0
ALCAM,-21.87000000000001,0.6907099557705141,1.0
BRK1,-21.845000000000027,0.7590654489309898,1.0
ISYNA1,-21.820000000000004,0.45064718510155777,1.0
PSMB3,-21.305000000000007,0.7527634281491498,1.0
MRPL32,-21.269999999999996,0.5179075922305545,1.0
EI24,-21.25499999999998,0.5019387498867459,1.0
MAP4,-21.21500000000001,0.5506157599288712,1.0
HRAS,-21.134999999999994,0.49667429717814027,1.0
PSMC2,-20.91500000000002,0.7277235466695502,1.0
LAMP2,-20.910000000000004,0.4456865210409048,1.0
SERINC3,-20.88499999999999,0.37957605749041823,1.0
AHCY,-20.835000000000036,0.46571526862558976,1.0
VPS29,-20.82499999999999,0.5045820072621465,1.0
ATP1B3,-20.750000000000014,0.7091309176902658,1.0
COMMD4,-20.74000000000001,0.858548348480541,1.0
TES,-20.715000000000014,0.7844300000516808,1.0
TSPAN4,-20.610000000000028,0.47591416910232376,1.0
WARS1,-20.545000000000016,0.5617400706970093,1.0
PLOD1,-20.44499999999998,0.5561643473205113,1.0
HLA-B,-20.340000000000117,0.8100256403943001,1.0
NME4,-20.269999999999982,0.6306686675294741,1.0
ROMO1,-20.269999999999868,0.42615784298026116,1.0
BOLA3,-20.260000000000034,0.43585911500840513,1.0
DKK1,-19.93,0.940529226774238,1.0
ETHE1,-19.579999999999984,0.4309926469959029,1.0
ANXA11,-19.524999999999984,0.8618044330490108,1.0
PPT1,-19.24000000000001,0.648449182304075,1.0
SPCS1,-18.735,0.5125556017624364,1.0
PSMD3,-18.629999999999924,0.5617400706970093,1.0
ANXA6,-18.59000000000001,0.8164575944411389,1.0
FDFT1,-18.389999999999986,0.7527634281491498,1.0
KPNB1,-18.279999999999916,0.4309926469959029,1.0
ZFAND6,-18.23999999999998,0.45563896523052283,1.0
ANAPC11,-18.094999999999914,0.8100256403943001,1.0
RHOA,-18.014999999999986,0.8100256403943001,1.0
DUS1L,-17.834999999999994,0.6247883740723336,1.0
LAMA5,-17.739999999999966,0.5205943866712266,1.0
SLC38A2,-17.62499999999997,0.6247883740723336,1.0
PFDN4,-17.42999999999998,0.47591416910232376,1.0
NDUFB5,-17.314999999999984,0.4071376698379916,1.0
SUCLG1,-17.290000000000006,0.41658371785687753,1.0
GTF3C6,-17.189999999999998,0.6072914543107184,1.0
PGRMC2,-16.955000000000013,0.4888331394973101,1.0
PIH1D1,-16.925000000000026,0.4407571178182137,1.0
LASP1,-16.914999999999992,0.5617400706970093,1.0
PLOD3,-16.894999999999982,0.4118446292938597,1.0
AURKAIP1,-16.88000000000001,0.5986258246782183,1.0
EIF1AX,-16.844999999999985,0.3886331144942722,1.0
MRPS33,-16.83999999999999,0.4309926469959029,1.0
TCEAL4,-16.710000000000008,0.9207627671027185,1.0
TGIF1,-16.670000000000023,0.9537280097577494,1.0
SNU13,-16.55000000000004,0.9207627671027185,1.0
TOMM5,-16.545000000000073,0.9339357280136042,1.0
USP5,-16.47,0.4071376698379916,1.0
EEF1A2,-16.465000000000007,0.41658371785687753,1.0
DDX3X,-16.455000000000013,0.5232883447117399,1.0
DHRS7,-16.40999999999999,0.6072914543107184,1.0
MGAT4B,-16.374999999999986,0.5232883447117399,1.0
TMBIM4,-16.265000000000008,0.3978205467559196,1.0
SPINT2,-16.25499999999998,0.9834661984477937,1.0
PSMB8,-16.174999999999997,0.4810591760941474,1.0
CTNNAL1,-16.040000000000006,0.9076115119079285,1.0
PSMA6,-15.90499999999983,0.9076115119079285,1.0
COA3,-15.78500000000001,0.5232883447117399,1.0
ILF3,-15.56499999999997,0.5843092048547895,1.0
USP22,-15.530000000000015,0.43585911500840513,1.0
GLRX,-15.440000000000005,0.5286976420682703,1.0
MCAM,-15.44,0.6395330389318583,1.0
RAI14,-15.390000000000004,0.5701539825270272,1.0
JUN,-15.224999999999987,0.8944855348490495,1.0
ETF1,-15.210000000000022,0.5729719113688719,1.0
BAD,-14.769999999999989,0.42615784298026116,1.0
TSTD1,-14.74,0.672470358702386,1.0
AGRN,-14.709999999999994,0.4118446292938597,1.0
SFN,-14.665000000000006,0.8196782427441914,1.0
AMZ2,-14.644999999999989,0.4309926469959029,1.0
SERP1,-14.599999999999987,0.5900167260288813,1.0
NARS1,-14.580000000000013,0.534135262077375,1.0
EPHA2,-14.54499999999998,0.9933860817420452,1.0
LSM4,-14.54000000000002,0.9537280097577494,1.0
EID1,-14.439999999999998,0.6277255661132192,1.0
AKR1A1,-14.429999999999993,0.5900167260288813,1.0
NDUFS4,-14.429999999999978,0.9735488709352259,1.0
HIGD1A,-14.380000000000024,0.7402090762983753,1.0
ANKH,-14.304999999999994,0.7464778413011777,1.0
EPS8,-14.295000000000016,0.45064718510155777,1.0
SREBF2,-14.235,0.43585911500840513,1.0
NFE2L2,-14.165,0.4407571178182137,1.0
DKK3,-14.164999999999997,0.8650628677291835,1.0
ELOVL5,-14.144999999999968,0.45563896523052283,1.0
POLR2J,-14.110000000000042,0.9076115119079285,1.0
ALDH3A2,-14.110000000000003,0.5645380297349106,1.0
MET,-14.06000000000001,0.40479627104040006,1.0
DIABLO,-14.055000000000007,0.5450945558532493,1.0
RAB1A,-14.01000000000002,0.3886331144942722,1.0
UBE2H,-13.969999999999999,0.5019387498867459,1.0
ECHDC2,-13.964999999999993,0.5286976420682703,1.0
CCDC124,-13.854999999999905,0.7527634281491498,1.0
AHNAK,-13.70499999999997,0.7527634281491498,1.0
VMP1,-13.649999999999977,0.9933860817420452,1.0
ALDH2,-13.63,0.38635660260863647,1.0
HNRNPH1,-13.529999999999859,0.829358243536714,1.0
SEC13,-13.459999999999951,0.6664324268587869,1.0
SPR,-13.440000000000005,0.8229019354214293,1.0
CLTC,-13.41500000000002,0.829358243536714,1.0
MRPL20,-13.409999999999968,0.8100256403943001,1.0
RAB7A,-13.260000000000076,0.648449182304075,1.0
PRDX3,-13.250000000000028,0.8748517286674501,1.0
UBA1,-13.204999999999927,0.37957605749041823,1.0
NPAS2,-13.130000000000006,0.6424993873606966,1.0
G6PD,-13.124999999999972,0.46571526862558976,1.0
NDUFA5,-13.104999999999976,0.5617400706970093,1.0
CIAO2A,-13.074999999999974,0.40479627104040006,1.0
FAM20C,-13.060000000000002,0.4707994763603818,1.0
KLF6,-12.980000000000011,0.7972005596761405,1.0
ABCC3,-12.945,0.5900167260288813,1.0
GLO1,-12.799999999999997,0.7215075408530456,1.0
CCN2,-12.750000000000004,0.39321057459276376,1.0
PPFIBP1,-12.715000000000018,0.5286976420682703,1.0
LOXL2,-12.710000000000022,0.7748898243174053,1.0
PCNA,-12.649999999999977,0.6247883740723336,1.0
GSN,-12.565000000000005,0.7277235466695502,1.0
CBR1,-12.459999999999908,0.6664324268587869,1.0
PMEPA1,-12.410000000000002,0.8487947368200934,1.0
CD81,-12.409999999999968,0.5900167260288813,1.0
RIC8A,-12.374999999999986,0.6785294870658231,1.0
ANXA3,-12.26499999999999,0.7972005596761405,1.0
NPDC1,-12.244999999999997,0.48623432138829725,1.0
LSM14B,-12.244999999999994,0.5843092048547895,1.0
P3H2,-12.195,0.5179075922305545,1.0
GRN,-12.160000000000082,0.4118446292938597,1.0
LRRC59,-12.100000000000037,0.5673426777793709,1.0
CHD4,-12.020000000000039,0.4606617114605923,1.0
NCOR2,-11.935000000000024,0.9933860817420452,1.0
ITGAV,-11.904999999999994,0.37957605749041823,1.0
OAT,-11.81000000000003,0.47591416910232376,1.0
RNF145,-11.780000000000008,0.7153098743639731,1.0
IMPDH1,-11.714999999999996,0.9076115119079285,1.0
EIF3C,-11.674999999999898,0.9471268043847221,1.0
MCRIP1,-11.630000000000006,0.4118446292938597,1.0
KANK2,-11.624999999999993,0.47591416910232376,1.0
GRSF1,-11.60499999999999,0.4914394238527241,1.0
MZT2B,-11.60000000000008,0.5286976420682703,1.0
CSNK1D,-11.584999999999994,0.5506157599288712,1.0
REEP5,-11.53500000000001,0.4309926469959029,1.0
BOLA2B,-11.47999999999999,0.39321057459276376,1.0
TRIP10,-11.475000000000005,0.842305069932857,1.0
DCXR,-11.465000000000032,0.7277235466695502,1.0
POMP,-11.430000000000007,0.7153098743639731,1.0
NDUFAF3,-11.424999999999997,0.7277235466695502,1.0
GNG12,-11.40500000000003,0.45563896523052283,1.0
MTPN,-11.364999999999995,0.9010451411117566,1.0
MAPKAP1,-11.300000000000004,0.8618044330490108,1.0
SSBP4,-11.29000000000001,0.6907099557705141,1.0
METAP2,-11.224999999999994,0.9339357280136042,1.0
SMIM30,-11.195,0.5286976420682703,1.0
ACLY,-11.180000000000007,0.5019387498867459,1.0
TNFRSF12A,-11.104999999999933,0.7215075408530456,1.0
DPYSL3,-11.024999999999997,0.547851719712373,1.0
SMARCD2,-10.985000000000014,0.40246294289693907,1.0
MELTF,-10.984999999999994,0.4810591760941474,1.0
VAMP3,-10.955000000000013,0.5814651118050964,1.0
ADAM9,-10.93500000000006,0.8813883875991326,1.0
ADAM15,-10.909999999999997,0.49667429717814027,1.0
BLOC1S1,-10.774999999999991,0.7339575177052757,1.0
GPRC5C,-10.769999999999992,0.4237523539300838,1.0
TUBB3,-10.679999999999993,0.8100256403943001,1.0
TIMM13,-10.650000000000013,0.8036064905718427,1.0
NIPSNAP1,-10.61999999999999,0.6846094685667796,1.0
PTPN6,-10.580000000000002,0.5928800850110119,1.0
ATXN10,-10.554999999999993,0.5506157599288712,1.0
CSNK2A1,-10.525000000000006,0.7780661870680045,1.0
TUBA1C,-10.51999999999964,0.5786275093766506,1.0
RAB32,-10.50500000000001,0.3978205467559196,1.0
SLC38A1,-10.5,0.45563896523052283,1.0
CCT3,-10.494999999999777,0.829358243536714,1.0
EEF1E1,-10.490000000000009,0.39321057459276376,1.0
CDK2,-10.449999999999996,0.5561643473205113,1.0
FKBP11,-10.420000000000005,0.384088249473852,1.0
UBE2N,-10.304999999999936,0.49667429717814027,1.0
RPS19BP1,-10.299999999999997,0.4914394238527241,1.0
TRAPPC6A,-10.295,0.4309926469959029,1.0
CNN2,-10.290000000000035,0.7464778413011777,1.0
GRINA,-10.169999999999973,0.6247883740723336,1.0
HPCAL1,-10.104999999999997,0.5900167260288813,1.0
CUTA,-10.090000000000003,0.9471268043847221,1.0
SDC1,-10.079999999999998,0.45064718510155777,1.0
DPP9,-9.995000000000001,0.6130994652172653,1.0
CCDC50,-9.980000000000004,0.5286976420682703,1.0
SON,-9.979999999999947,0.4407571178182137,1.0
UQCR10,-9.96499999999999,0.9801600629440878,1.0
SHMT2,-9.955000000000041,0.8358260965628809,1.0
ECM1,-9.935000000000002,0.47591416910232376,1.0
COX11,-9.875000000000014,0.384088249473852,1.0
JTB,-9.875,0.7277235466695502,1.0
MRPL54,-9.845000000000006,0.6247883740723336,1.0
WLS,-9.754999999999995,0.6846094685667796,1.0
ATP5F1E,-9.735,0.7339575177052757,1.0
PDAP1,-9.734999999999985,0.9867726179369976,1.0
RCN1,-9.734999999999957,0.4914394238527241,1.0
TIMM8B,-9.704999999999984,0.5396009774503636,1.0
MDH2,-9.685000000000002,0.9273467583508952,1.0
RNPEP,-9.68,0.5072325853424271,1.0
TRAPPC4,-9.66999999999998,0.648449182304075,1.0
BUD31,-9.629999999999981,0.9735488709352259,1.0
ERLIN1,-9.620000000000005,0.4071376698379916,1.0
TSG101,-9.61000000000002,0.43585911500840513,1.0
NDUFA4,-9.604999999999947,0.9801600629440878,1.0
CREG1,-9.580000000000016,0.384088249473852,1.0
PHLDA1,-9.570000000000007,0.7277235466695502,1.0
CYSTM1,-9.549999999999997,0.829358243536714,1.0
UQCRC2,-9.529999999999973,0.6907099557705141,1.0
CHP1,-9.505000000000017,0.5561643473205113,1.0
RAB13,-9.485,0.7339575177052757,1.0
UBE2G2,-9.469999999999999,0.5232883447117399,1.0
TMCO1,-9.42000000000003,0.5125556017624364,1.0
GPAT4,-9.400000000000013,0.6247883740723336,1.0
IQGAP1,-9.349999999999966,0.8748517286674501,1.0
MARCHF7,-9.344999999999999,0.8164575944411389,1.0
NIBAN2,-9.344999999999956,0.6306686675294741,1.0
PAIP2,-9.279999999999987,0.4456865210409048,1.0
PFDN6,-9.274999999999949,0.7590654489309898,1.0
ICMT,-9.225000000000009,0.5673426777793709,1.0
TMEM33,-9.205000000000005,0.7527634281491498,1.0
BTBD2,-9.170000000000002,0.4383041828410795,1.0
SLC9A3R2,-9.035000000000007,0.9010451411117566,1.0
RHOD,-9.030000000000003,0.5645380297349106,1.0
FBH1,-8.989999999999991,0.43585911500840513,1.0
ARL16,-8.985,0.7091309176902658,1.0
MMADHC,-8.934999999999988,0.5179075922305545,1.0
PALLD,-8.889999999999992,0.4118446292938597,1.0
ARL4C,-8.86,0.5450945558532493,1.0
FOSB,-8.799999999999999,0.7153098743639731,1.0
CLSTN1,-8.78499999999999,0.384088249473852,1.0
HYAL2,-8.780000000000008,0.5900167260288813,1.0
CLN6,-8.729999999999976,0.8813883875991326,1.0
SLC2A1,-8.72499999999998,0.8715865700317355,1.0
PKIG,-8.695000000000006,0.9801600629440878,1.0
BUD23,-8.68500000000006,0.5450945558532493,1.0
ACAT1,-8.665,0.8229019354214293,1.0
SKA2,-8.644999999999996,0.8229019354214293,1.0
C1orf43,-8.63000000000008,0.4606617114605923,1.0
STRAP,-8.619999999999962,0.7590654489309898,1.0
IL18,-8.614999999999998,0.5645380297349106,1.0
TAF10,-8.54000000000002,0.8650628677291835,1.0
POLR1D,-8.495000000000033,0.41658371785687753,1.0
ANAPC7,-8.490000000000016,0.636572443127301,1.0
RNF167,-8.465000000000003,0.7908082597408556,1.0
SLC25A11,-8.449999999999996,0.45814647715894785,1.0
NAA50,-8.430000000000035,0.8552946682228153,1.0
ALDH1A3,-8.424999999999997,0.9900792646321629,1.0
SAFB2,-8.420000000000002,0.47591416910232376,1.0
RING1,-8.395000000000003,0.6634215158168552,1.0
SIGMAR1,-8.384999999999977,0.7153098743639731,1.0
RBMS1,-8.33499999999999,0.7653835124598296,1.0
SRPRB,-8.239999999999995,0.5045820072621465,1.0
ANKLE2,-8.234999999999992,0.8164575944411389,1.0
NEDD8,-8.219999999999743,0.37957605749041823,1.0
PSMB9,-8.215000000000003,0.7876173493946396,1.0
SNAPIN,-8.199999999999989,0.5179075922305545,1.0
GET4,-8.18,0.4309926469959029,1.0
RFXANK,-8.155000000000001,0.8618044330490108,1.0
KPNA1,-8.145000000000003,0.5072325853424271,1.0
COASY,-8.140000000000008,0.4118446292938597,1.0
MRPL4,-8.134999999999977,0.6306686675294741,1.0
GUK1,-8.064999999999998,0.696830597247795,1.0
METRNL,-8.040000000000006,0.940529226774238,1.0
MYEOV,-8.029999999999998,0.8944855348490495,1.0
HNRNPC,-8.02000000000055,0.42615784298026116,1.0
NDUFC1,-8.019999999999982,0.6072914543107184,1.0
APLP1,-8.01,0.5729719113688719,1.0
RABGGTB,-7.984999999999999,0.7464778413011777,1.0
TWF2,-7.970000000000006,0.9669394958014216,1.0
ARFGAP2,-7.959999999999994,0.47591416910232376,1.0
SEPTIN10,-7.9450000000000145,0.6544215056598512,1.0
NRP2,-7.9399999999999995,0.6043966897165155,1.0
NDRG2,-7.925,0.4285712791158539,1.0
MCCC2,-7.920000000000023,0.43585911500840513,1.0
DNAJC17,-7.905000000000001,0.42615784298026116,1.0
MKRN1,-7.894999999999989,0.7464778413011777,1.0
CDK5RAP3,-7.885000000000019,0.4810591760941474,1.0
MTX2,-7.870000000000012,0.46571526862558976,1.0
TELO2,-7.844999999999988,0.42615784298026116,1.0
TMUB1,-7.839999999999996,0.7308383100563765,1.0
KCNK1,-7.8149999999999995,0.4836429926527509,1.0
XBP1,-7.755000000000003,1.0,1.0
PTPMT1,-7.744999999999997,0.8748517286674501,1.0
EIF6,-7.735000000000099,0.7717172243455237,1.0
BAIAP2L1,-7.724999999999996,0.37957605749041823,1.0
MRPL17,-7.690000000000005,0.6072914543107184,1.0
ELOVL1,-7.659999999999997,0.5019387498867459,1.0
TRIM16L,-7.6250000000000036,0.5450945558532493,1.0
NPLOC4,-7.6100000000000065,0.4213548269831777,1.0
TMEM97,-7.609999999999996,0.8358260965628809,1.0
COPE,-7.60499999999999,0.8036064905718427,1.0
PCID2,-7.60499999999999,0.9801600629440878,1.0
SHISA5,-7.589999999999975,0.6664324268587869,1.0
LACTB2,-7.570000000000007,0.8781190194469978,1.0
EBP,-7.560000000000002,0.45064718510155777,1.0
GGCT,-7.559999999999988,0.7277235466695502,1.0
MMAB,-7.540000000000003,0.4606617114605923,1.0
NAXE,-7.539999999999935,0.8229019354214293,1.0
MED4,-7.510000000000002,0.534135262077375,1.0
CARD19,-7.474999999999994,0.9669394958014216,1.0
RNPS1,-7.465000000000003,0.6306686675294741,1.0
MXD3,-7.464999999999996,0.49667429717814027,1.0
SQSTM1,-7.460000000000036,0.636572443127301,1.0
SQOR,-7.434999999999997,0.9603323910593005,1.0
IGF2BP3,-7.43000000000001,0.829358243536714,1.0
SRXN1,-7.41999999999998,0.7277235466695502,1.0
TMEM14B,-7.415000000000049,0.9867726179369976,1.0
PYCR1,-7.375000000000028,0.8813883875991326,1.0
PICALM,-7.3700000000000045,0.45563896523052283,1.0
NGRN,-7.289999999999978,0.6306686675294741,1.0
MRPL24,-7.260000000000005,0.9933860817420452,1.0
IMP3,-7.2299999999999685,0.7780661870680045,1.0
DNTTIP1,-7.219999999999995,0.7527634281491498,1.0
LAMTOR1,-7.215000000000046,0.9471268043847221,1.0
DNASE1L1,-7.17,0.47848289419213597,1.0
LSM10,-7.164999999999992,0.5617400706970093,1.0
MRPL19,-7.160000000000004,0.45563896523052283,1.0
WNK1,-7.154999999999994,0.6072914543107184,1.0
TNIP1,-7.149999999999984,0.7844300000516808,1.0
RSRC2,-7.144999999999982,0.8879331364078507,1.0
SLC25A13,-7.084999999999997,0.4285712791158539,1.0
CYB561A3,-7.084999999999997,0.4118446292938597,1.0
NDUFS5,-7.084999999999695,0.696830597247795,1.0
TNC,-7.079999999999999,0.5786275093766506,1.0
SLC1A5,-7.070000000000064,0.8036064905718427,1.0
TP53I11,-7.065,0.6907099557705141,1.0
PEA15,-7.055000000000035,0.6544215056598512,1.0
ACSF2,-7.05000000000001,0.4118446292938597,1.0
PTDSS1,-7.014999999999915,0.9207627671027185,1.0
CBX1,-7.004999999999981,0.5786275093766506,1.0
MXRA7,-6.990000000000016,0.6015081344405899,1.0
EHBP1,-6.93000000000001,0.7339575177052757,1.0
MRPL37,-6.925000000000026,0.9010451411117566,1.0
STX1A,-6.925000000000013,0.5871597544033558,1.0
PYCARD,-6.924999999999999,0.3818280646769783,1.0
TM9SF1,-6.920000000000009,0.7717172243455237,1.0
C2orf74,-6.909999999999995,0.40013769753329187,1.0
CCNL2,-6.909999999999982,0.4940531510041464,1.0
MBTPS1,-6.900000000000006,0.672470358702386,1.0
TMEM230,-6.889999999999986,0.6306686675294741,1.0
STMN3,-6.8700000000000045,0.4407571178182137,1.0
AP3S2,-6.870000000000001,0.4383041828410795,1.0
AKR7A2,-6.869999999999997,0.4606617114605923,1.0
ALG5,-6.869999999999997,0.5286976420682703,1.0
HNMT,-6.840000000000002,0.48623432138829725,1.0
SAMD4B,-6.825000000000017,0.8036064905718427,1.0
SBNO2,-6.805000000000003,0.5900167260288813,1.0
HLA-E,-6.780000000000015,0.7464778413011777,1.0
TSPAN17,-6.780000000000005,0.47591416910232376,1.0
ACY1,-6.770000000000007,0.4407571178182137,1.0
JAG1,-6.77,0.4456865210409048,1.0
COA1,-6.7549999999999955,0.8487947368200934,1.0
MID1IP1,-6.754999999999988,0.6907099557705141,1.0
SLC2A4RG,-6.740000000000002,0.8358260965628809,1.0
CENPF,-6.739999999999981,0.9933860817420452,1.0
NIPA2,-6.739999999999981,0.7717172243455237,1.0
PAM16,-6.7050000000000125,0.6015081344405899,1.0
R3HDM4,-6.690000000000005,0.3978205467559196,1.0
TIMM17B,-6.689999999999998,0.5286976420682703,1.0
MANBAL,-6.675000000000033,0.9471268043847221,1.0
UTP18,-6.655000000000008,0.737081122297987,1.0
CCAR2,-6.629999999999967,0.7590654489309898,1.0
CMC1,-6.605000000000004,0.7184063919514614,1.0
GNG11,-6.579999999999999,0.9933860817420452,1.0
UFM1,-6.579999999999998,0.7091309176902658,1.0
AP2A1,-6.579999999999998,0.4914394238527241,1.0
DHX15,-6.569999999999993,0.5729719113688719,1.0
TPST1,-6.540000000000001,0.5506157599288712,1.0
HARS2,-6.5350000000000215,0.5396009774503636,1.0
HIKESHI,-6.530000000000008,0.7527634281491498,1.0
ERBIN,-6.525000000000002,0.4407571178182137,1.0
DCAF7,-6.505000000000003,0.8229019354214293,1.0
FAM171A1,-6.489999999999998,0.9867726179369976,1.0
EXOSC5,-6.484999999999996,0.4606617114605923,1.0
PRPF6,-6.484999999999985,0.8944855348490495,1.0
TMEM134,-6.475000000000016,0.5900167260288813,1.0
SARNP,-6.465000000000018,0.41658371785687753,1.0
RBM47,-6.439999999999999,0.4606617114605923,1.0
TMEM126B,-6.430000000000007,0.6544215056598512,1.0
ATP5F1C,-6.415000000000191,0.5286976420682703,1.0
APTX,-6.414999999999999,0.8487947368200934,1.0
ACAA2,-6.39500000000001,0.7339575177052757,1.0
PCDHGC3,-6.375000000000002,0.47848289419213597,1.0
PTPRU,-6.374999999999999,0.4456865210409048,1.0
ARIH1,-6.355000000000011,0.5232883447117399,1.0
KAT8,-6.350000000000001,0.648449182304075,1.0
MRPL39,-6.339999999999989,0.5729719113688719,1.0
IFT27,-6.324999999999999,0.7339575177052757,1.0
NMB,-6.3,0.5617400706970093,1.0
UBE2Q1,-6.259999999999991,0.7091309176902658,1.0
PMPCB,-6.2549999999999955,0.5286976420682703,1.0
TMEM87A,-6.2450000000000045,0.42615784298026116,1.0
VPS35L,-6.244999999999996,0.41421016410043454,1.0
CD68,-6.230000000000004,0.940529226774238,1.0
CCNDBP1,-6.225000000000005,0.41658371785687753,1.0
MAL2,-6.200000000000003,0.7464778413011777,1.0
ATP2B1,-6.195000000000006,0.4071376698379916,1.0
ZMAT2,-6.180000000000035,0.6604160308082985,1.0
DSG2,-6.160000000000007,0.5072325853424271,1.0
URI1,-6.155000000000008,0.7780661870680045,1.0
DTX3,-6.155000000000001,0.9306406489398111,1.0
ORMDL3,-6.140000000000004,0.42615784298026116,1.0
MTDH,-6.090000000000018,0.9537280097577494,1.0
KRCC1,-6.040000000000006,0.6130994652172653,1.0
PPID,-6.030000000000001,0.829358243536714,1.0
NUP210,-6.009999999999998,0.5019387498867459,1.0
IRF2BPL,-5.995000000000001,0.7780661870680045,1.0
SAFB,-5.984999999999985,0.39321057459276376,1.0
CKAP2,-5.975000000000001,0.9801600629440878,1.0
MYLK,-5.974999999999996,0.621857129896537,1.0
PALM2AKAP2,-5.969999999999999,0.9801600629440878,1.0
GBA,-5.965000000000003,0.4071376698379916,1.0
RNF187,-5.955000000000005,0.7215075408530456,1.0
XPO6,-5.934999999999988,0.42615784298026116,1.0
NSL1,-5.930000000000003,0.5205943866712266,1.0
PHTF2,-5.909999999999998,0.47591416910232376,1.0
UPP1,-5.9099999999999895,0.8879331364078507,1.0
GBE1,-5.895,0.6247883740723336,1.0
LIMS1,-5.884999999999991,0.4383041828410795,1.0
ARPC3,-5.880000000000109,0.7908082597408556,1.0
CLPP,-5.875000000000014,0.5843092048547895,1.0
SAMM50,-5.875000000000007,0.4432179029796727,1.0
AIMP1,-5.8600000000000065,0.3978205467559196,1.0
PSMD8,-5.850000000000051,0.636572443127301,1.0
C1orf198,-5.850000000000003,0.47335302265608303,1.0
ADPRS,-5.844999999999988,0.5729719113688719,1.0
PDCD10,-5.8349999999999795,0.5843092048547895,1.0
SGSM2,-5.819999999999975,0.9207627671027185,1.0
CSRP2,-5.804999999999994,0.5506157599288712,1.0
TRIM16,-5.799999999999997,0.7717172243455237,1.0
PLAAT3,-5.799999999999994,0.8552946682228153,1.0
C7orf50,-5.785000000000025,0.7402090762983753,1.0
WDR90,-5.780000000000008,0.5673426777793709,1.0
NQO2,-5.775000000000006,0.4606617114605923,1.0
LRP12,-5.774999999999997,0.45563896523052283,1.0
CHCHD7,-5.769999999999996,0.6544215056598512,1.0
ERCC1,-5.769999999999989,0.6130994652172653,1.0
COPS2,-5.75500000000001,0.5019387498867459,1.0
TMEM120A,-5.7500000000000036,0.47591416910232376,1.0
PDLIM2,-5.745000000000012,0.9801600629440878,1.0
WBP2,-5.735000000000021,0.7153098743639731,1.0
CCDC90B,-5.729999999999997,0.4118446292938597,1.0
CBX4,-5.720000000000004,0.384088249473852,1.0
DDIT4,-5.719999999999985,0.9010451411117566,1.0
NECTIN2,-5.714999999999989,0.4914394238527241,1.0
MLLT6,-5.699999999999996,0.8846597782463905,1.0
KRR1,-5.6850000000000165,0.8552946682228153,1.0
SMAD4,-5.685000000000006,0.9076115119079285,1.0
SRC,-5.684999999999999,0.39321057459276376,1.0
SLAIN2,-5.679999999999996,0.384088249473852,1.0
FBLN1,-5.670000000000002,0.40948712684432786,1.0
TOP2B,-5.664999999999999,0.8229019354214293,1.0
CHMP4C,-5.660000000000001,0.8879331364078507,1.0
CTBP1,-5.659999999999968,0.47591416910232376,1.0
WWC1,-5.650000000000006,0.41658371785687753,1.0
ACSS2,-5.649999999999999,0.9669394958014216,1.0
TM9SF3,-5.640000000000001,0.41658371785687753,1.0
ITGA2,-5.625000000000002,0.40948712684432786,1.0
DDX23,-5.625,0.9933860817420452,1.0
TWSG1,-5.600000000000005,0.7876173493946396,1.0
ARL1,-5.579999999999991,0.636572443127301,1.0
DGAT1,-5.574999999999996,0.8100256403943001,1.0
PMP22,-5.559999999999999,0.9339357280136042,1.0
TXN2,-5.559999999999988,0.7653835124598296,1.0
TOLLIP,-5.550000000000008,0.5205943866712266,1.0
NAP1L4,-5.530000000000001,0.5179075922305545,1.0
SORD,-5.529999999999994,0.47591416910232376,1.0
SPOCK1,-5.510000000000001,0.8912084070019073,1.0
RALGAPB,-5.495000000000017,0.40948712684432786,1.0
GNAI1,-5.474999999999998,0.47591416910232376,1.0
QSOX1,-5.459999999999994,0.842305069932857,1.0
DPM3,-5.439999999999998,0.37957605749041823,1.0
PEMT,-5.430000000000003,0.8229019354214293,1.0
SERPINB6,-5.4150000000000205,0.7277235466695502,1.0
EIF3B,-5.414999999999964,0.6336176395507085,1.0
ALDH16A1,-5.409999999999993,0.384088249473852,1.0
TIMP1,-5.405000000000001,0.8944855348490495,1.0
TBCB,-5.375000000000028,0.6846094685667796,1.0
STAP2,-5.345000000000004,0.4707994763603818,1.0
EMB,-5.3450000000000015,0.547851719712373,1.0
CRIM1,-5.340000000000003,0.5617400706970093,1.0
ZC3H7B,-5.325000000000006,0.9900792646321629,1.0
WDR41,-5.324999999999992,0.4407571178182137,1.0
TPGS2,-5.320000000000007,0.5673426777793709,1.0
RAB20,-5.3100000000000005,0.39321057459276376,1.0
FUNDC1,-5.305000000000007,0.5286976420682703,1.0
ARHGAP1,-5.305000000000003,0.5286976420682703,1.0
CLIP4,-5.305,0.5843092048547895,1.0
DLC1,-5.29,0.5757964313912116,1.0
STK40,-5.285000000000002,0.6043966897165155,1.0
SNCA,-5.264999999999999,0.4606617114605923,1.0
STX5,-5.264999999999997,0.8781190194469978,1.0
EHBP1L1,-5.25,0.5286976420682703,1.0
PAXBP1,-5.2450000000000045,0.5019387498867459,1.0
EML4,-5.225000000000016,0.5786275093766506,1.0
TEX261,-5.224999999999994,0.5617400706970093,1.0
PAIP1,-5.219999999999949,0.43585911500840513,1.0
ENKD1,-5.210000000000003,0.7464778413011777,1.0
RAB4A,-5.205000000000002,0.47591416910232376,1.0
POLG,-5.199999999999999,0.5179075922305545,1.0
EIF4E,-5.1899999999999835,0.8100256403943001,1.0
SF3B1,-5.180000000000007,0.7527634281491498,1.0
SVIP,-5.164999999999999,0.5019387498867459,1.0
WWTR1,-5.160000000000004,0.47591416910232376,1.0
OSTC,-5.119999999999976,0.46571526862558976,1.0
HADH,-5.109999999999999,0.9471268043847221,1.0
SLC20A1,-5.090000000000003,0.8748517286674501,1.0
VARS2,-5.084999999999997,0.40013769753329187,1.0
GABARAPL2,-5.07999999999997,0.5843092048547895,1.0
BCAP31,-5.0750000000000455,0.9669394958014216,1.0
MGAT1,-5.075000000000003,0.4914394238527241,1.0
NOTCH2,-5.074999999999992,0.7527634281491498,1.0
TIA1,-5.074999999999989,0.5900167260288813,1.0
MAPKAPK2,-5.069999999999993,0.3978205467559196,1.0
LIF,-5.059999999999988,0.5125556017624364,1.0
MTG2,-5.055000000000014,0.7972005596761405,1.0
GPKOW,-5.040000000000006,0.4606617114605923,1.0
RASSF8,-5.034999999999998,0.8879331364078507,1.0
CD109,-5.025000000000002,0.5986258246782183,1.0
ACP6,-5.019999999999996,0.5045820072621465,1.0
ETV5,-5.0199999999999925,0.5673426777793709,1.0
TRAM2,-5.014999999999997,0.6072914543107184,1.0
EIF3CL,-5.010000000000012,0.4914394238527241,1.0
TAP2,-5.009999999999998,0.8879331364078507,1.0
FTSJ3,-5.0049999999999955,0.4118446292938597,1.0
CTDSPL,-4.994999999999999,0.9076115119079285,1.0
PDCD4,-4.99499999999998,0.9471268043847221,1.0
ATF6,-4.989999999999998,0.5617400706970093,1.0
HSF4,-4.985000000000001,0.6846094685667796,1.0
GYG1,-4.984999999999999,0.6160126376872717,1.0
GATA2,-4.965000000000002,0.6015081344405899,1.0
LYPLA2,-4.964999999999989,0.5561643473205113,1.0
KIAA1109,-4.934999999999995,0.5019387498867459,1.0
TANK,-4.934999999999992,0.41421016410043454,1.0
EHD2,-4.9300000000000015,0.8100256403943001,1.0
COPB1,-4.90000000000002,0.5125556017624364,1.0
CC2D1A,-4.899999999999993,0.4285712791158539,1.0
CTNND1,-4.880000000000003,0.5125556017624364,1.0
BACE2,-4.874999999999993,0.5533866460521025,1.0
CELSR1,-4.8700000000000045,0.4213548269831777,1.0
SNX2,-4.86999999999999,0.4118446292938597,1.0
MACROH2A2,-4.865000000000004,0.5786275093766506,1.0
OSBPL10,-4.860000000000001,0.37733223687257855,1.0
BNIP2,-4.855000000000004,0.9537280097577494,1.0
PAPSS1,-4.850000000000001,0.9537280097577494,1.0
RALGDS,-4.835000000000004,0.40246294289693907,1.0
GSTA4,-4.83,0.6424993873606966,1.0
FIP1L1,-4.814999999999976,0.4914394238527241,1.0
SPRY4,-4.810000000000006,0.8036064905718427,1.0
ANKRD13A,-4.780000000000005,0.40246294289693907,1.0
POP5,-4.775000000000006,0.9010451411117566,1.0
CYP51A1,-4.769999999999996,0.9603323910593005,1.0
PRMT2,-4.765000000000036,0.4456865210409048,1.0
PHC1,-4.764999999999999,0.8229019354214293,1.0
GPBP1,-4.759999999999998,0.384088249473852,1.0
PSPH,-4.755000000000006,0.45064718510155777,1.0
BRD2,-4.749999999999972,0.9735488709352259,1.0
TMX4,-4.744999999999999,0.4606617114605923,1.0
NT5C3B,-4.740000000000002,0.43585911500840513,1.0
CCDC130,-4.719999999999992,0.4940531510041464,1.0
AMOTL2,-4.710000000000001,0.6846094685667796,1.0
DENND10,-4.704999999999991,0.6015081344405899,1.0
ATP6AP1,-4.7000000000000455,0.5450945558532493,1.0
PKP2,-4.7,0.48623432138829725,1.0
FAM114A1,-4.695000000000007,0.7780661870680045,1.0
TAF11,-4.680000000000007,0.7685484371305833,1.0
SRSF8,-4.675000000000004,0.9834661984477937,1.0
CLDN4,-4.6750000000000025,0.48623432138829725,1.0
SNURF,-4.675,0.3978205467559196,1.0
ECHS1,-4.670000000000002,0.9735488709352259,1.0
ATP2B4,-4.639999999999997,0.9933860817420452,1.0
JAK1,-4.635000000000005,0.8813883875991326,1.0
PTS,-4.629999999999992,0.6514325482434398,1.0
ARHGAP5,-4.6149999999999896,0.4456865210409048,1.0
ZNF219,-4.605,0.4606617114605923,1.0
CDC34,-4.590000000000032,0.47848289419213597,1.0
PPP6R1,-4.585000000000008,0.5900167260288813,1.0
AJUBA,-4.585000000000001,0.7464778413011777,1.0
UCHL1,-4.58,0.5179075922305545,1.0
OSBPL9,-4.575000000000003,0.4071376698379916,1.0
DNAJC13,-4.570000000000004,0.6694487219140669,1.0
COX7C,-4.569999999999823,0.8944855348490495,1.0
EMC7,-4.564999999999998,0.5072325853424271,1.0
RYK,-4.564999999999998,0.6189318717934644,1.0
BPGM,-4.564999999999992,0.7029710376341284,1.0
FAH,-4.555000000000003,0.7339575177052757,1.0
IKBIP,-4.5499999999999865,0.4810591760941474,1.0
IL32,-4.515,0.8683235982021273,1.0
IRF1,-4.509999999999998,0.534135262077375,1.0
TEAD4,-4.4999999999999964,0.9603323910593005,1.0
PSME3,-4.495000000000019,0.5232883447117399,1.0
CNIH4,-4.4899999999999665,0.950426981824129,1.0
RAF1,-4.485000000000014,0.829358243536714,1.0
TMEM11,-4.484999999999999,0.45814647715894785,1.0
BET1L,-4.480000000000015,0.5589488326624473,1.0
SLC25A36,-4.480000000000004,0.4914394238527241,1.0
KDM5C,-4.470000000000013,0.45563896523052283,1.0
USP34,-4.469999999999985,0.5786275093766506,1.0
MPHOSPH10,-4.45500000000002,0.6072914543107184,1.0
TCEA2,-4.455000000000009,0.9339357280136042,1.0
KCNMA1,-4.449999999999999,0.7527634281491498,1.0
ADK,-4.444999999999986,0.5673426777793709,1.0
RINT1,-4.43,0.48623432138829725,1.0
KLC2,-4.424999999999997,0.7464778413011777,1.0
PTDSS2,-4.41,0.7122180342879179,1.0
PLPP2,-4.409999999999997,0.6130994652172653,1.0
XPO7,-4.390000000000015,0.5900167260288813,1.0
PCMTD2,-4.38999999999999,0.44816295439279763,1.0
SETD7,-4.379999999999999,0.6072914543107184,1.0
PAN2,-4.3700000000000045,0.6336176395507085,1.0
MED16,-4.3700000000000045,0.4407571178182137,1.0
DRAM2,-4.359999999999999,0.8068144389745125,1.0
ACSL1,-4.359999999999996,0.940529226774238,1.0
STIM1,-4.335000000000006,0.9735488709352259,1.0
MYH14,-4.335,0.6015081344405899,1.0
BABAM1,-4.325000000000003,0.6664324268587869,1.0
E2F6,-4.324999999999999,0.45563896523052283,1.0
ID2,-4.324999999999989,0.672470358702386,1.0
TMEM165,-4.319999999999993,0.4707994763603818,1.0
ATP5F1D,-4.314999999999941,0.9076115119079285,1.0
ESD,-4.309999999999945,0.9735488709352259,1.0
ATP6V1B2,-4.299999999999997,0.5179075922305545,1.0
GPSM1,-4.299999999999997,0.40013769753329187,1.0
ARL4D,-4.274999999999997,0.4407571178182137,1.0
LRP5,-4.274999999999995,0.6015081344405899,1.0
NCLN,-4.2749999999999915,0.7339575177052757,1.0
TAX1BP1,-4.27000000000001,0.45563896523052283,1.0
BTN3A2,-4.265000000000001,0.41896527683459084,1.0
SNRPB2,-4.260000000000019,0.4213548269831777,1.0
EGLN1,-4.260000000000012,0.5843092048547895,1.0
KIFC2,-4.260000000000007,0.47848289419213597,1.0
CHPF2,-4.260000000000005,0.5900167260288813,1.0
DVL1,-4.260000000000005,0.829358243536714,1.0
ZNF410,-4.244999999999987,0.7029710376341284,1.0
L3HYPDH,-4.22999999999999,0.7908082597408556,1.0
LYPLA1,-4.2150000000000105,0.9076115119079285,1.0
FBXW5,-4.205000000000005,0.4309926469959029,1.0
RARG,-4.190000000000001,0.6395330389318583,1.0
ATP9A,-4.1899999999999995,0.40246294289693907,1.0
PRPS2,-4.189999999999998,0.6189318717934644,1.0
USP32,-4.185000000000002,0.5125556017624364,1.0
PINK1,-4.18,0.5232883447117399,1.0
CHKB,-4.1749999999999865,0.749618556161363,1.0
ATP8B1,-4.165,0.5645380297349106,1.0
LFNG,-4.164999999999998,0.47335302265608303,1.0
MID1,-4.160000000000002,0.4407571178182137,1.0
PGM1,-4.159999999999982,0.5729719113688719,1.0
FUNDC2,-4.159999999999982,0.7153098743639731,1.0
MAGED4B,-4.155,0.4213548269831777,1.0
TLCD3A,-4.154999999999998,0.4071376698379916,1.0
FAM162A,-4.154999999999987,0.8229019354214293,1.0
ZFR,-4.15000000000002,0.7215075408530456,1.0
TBC1D20,-4.14999999999999,0.6072914543107184,1.0
ERGIC2,-4.145000000000003,0.7464778413011777,1.0
HMG20A,-4.145000000000003,0.4213548269831777,1.0
TNS3,-4.144999999999989,0.7908082597408556,1.0
FKBP9,-4.135000000000005,0.5396009774503636,1.0
ZMYND8,-4.13000000000001,0.5506157599288712,1.0
PFDN1,-4.114999999999995,0.9735488709352259,1.0
ETFA,-4.114999999999952,0.9735488709352259,1.0
MAPKAPK3,-4.105000000000011,0.5232883447117399,1.0
MPC2,-4.105,0.8036064905718427,1.0
MRPS15,-4.089999999999918,0.8552946682228153,1.0
DNM1L,-4.075000000000003,0.4383041828410795,1.0
PANK2,-4.074999999999996,0.636572443127301,1.0
UBE3A,-4.0650000000000155,0.39321057459276376,1.0
AK6,-4.059999999999995,0.9471268043847221,1.0
COMTD1,-4.059999999999995,0.4237523539300838,1.0
GSPT1,-4.059999999999988,0.7908082597408556,1.0
SUN2,-4.055000000000007,0.6664324268587869,1.0
MTUS1,-4.050000000000001,0.5423442984904308,1.0
FAM168B,-4.040000000000013,0.4456865210409048,1.0
STRADB,-4.04000000000001,0.5506157599288712,1.0
MMS19,-4.035000000000018,0.8813883875991326,1.0
PNISR,-4.035000000000011,0.7339575177052757,1.0
RHOF,-4.035000000000003,0.9471268043847221,1.0
PCNX1,-4.029999999999994,0.4432179029796727,1.0
ATG101,-4.025000000000006,0.4213548269831777,1.0
TP53I3,-4.024999999999988,0.9273467583508952,1.0
TLK2,-4.019999999999998,0.41658371785687753,1.0
MSMO1,-4.010000000000005,0.4810591760941474,1.0
TLCD1,-4.009999999999996,0.9900792646321629,1.0
FMNL2,-4.0049999999999955,0.4707994763603818,1.0
ECPAS,-4.000000000000028,0.6424993873606966,1.0
CDKN1B,-3.9999999999999893,0.4914394238527241,1.0
SDHAF2,-3.9950000000000117,0.8487947368200934,1.0
NINL,-3.9949999999999983,0.5396009774503636,1.0
STX12,-3.9949999999999974,0.5232883447117399,1.0
SFXN1,-3.990000000000009,0.7908082597408556,1.0
TMEM218,-3.9600000000000115,0.9603323910593005,1.0
KIFBP,-3.955000000000002,0.8358260965628809,1.0
PIGC,-3.954999999999984,0.7748898243174053,1.0
MOV10,-3.950000000000003,0.7215075408530456,1.0
STXBP3,-3.944999999999993,0.4334219309560736,1.0
SUGT1,-3.944999999999993,0.9141842025623018,1.0
LSM12,-3.944999999999986,0.9933860817420452,1.0
WIPI1,-3.940000000000005,0.7029710376341284,1.0
MEF2A,-3.9399999999999977,0.5957497963320737,1.0
UGDH,-3.934999999999995,0.8944855348490495,1.0
PPHLN1,-3.910000000000011,0.4810591760941474,1.0
SULT1A3,-3.909999999999995,0.6130994652172653,1.0
C17orf80,-3.900000000000002,0.534135262077375,1.0
C11orf24,-3.8999999999999986,0.7844300000516808,1.0
OSER1,-3.8950000000000102,0.4456865210409048,1.0
ACACA,-3.8949999999999925,0.41658371785687753,1.0
GTF3C5,-3.890000000000015,0.648449182304075,1.0
SNRNP27,-3.8900000000000077,0.829358243536714,1.0
H2AC18,-3.890000000000004,0.43585911500840513,1.0
CSTF1,-3.8849999999999945,0.9076115119079285,1.0
REEP6,-3.8800000000000043,0.5729719113688719,1.0
C6orf226,-3.88,0.45064718510155777,1.0
ZNF706,-3.8699999999999903,0.9735488709352259,1.0
CHSY1,-3.8550000000000146,0.7339575177052757,1.0
OSBPL1A,-3.8550000000000075,0.6454714485353458,1.0
NUDT2,-3.8550000000000004,0.7091309176902658,1.0
LPCAT3,-3.8549999999999933,0.7122180342879179,1.0
B4GALT5,-3.8549999999999827,0.48623432138829725,1.0
ABCF3,-3.8500000000000014,0.4213548269831777,1.0
DNAH14,-3.8499999999999996,0.749618556161363,1.0
KMT2C,-3.8149999999999977,0.6072914543107184,1.0
VPS72,-3.8149999999999977,0.8683235982021273,1.0
PSMG4,-3.8100000000000023,0.7590654489309898,1.0
BBS2,-3.8099999999999987,0.9933860817420452,1.0
RHPN1,-3.8000000000000003,0.5617400706970093,1.0
ST7,-3.799999999999997,0.4309926469959029,1.0
ALKBH5,-3.7950000000000017,0.9273467583508952,1.0
NUP153,-3.7949999999999946,0.4940531510041464,1.0
FOXK2,-3.7899999999999885,0.9273467583508952,1.0
IFNAR2,-3.775000000000004,0.41658371785687753,1.0
CASP3,-3.7700000000000067,0.9372319393764333,1.0
NDRG3,-3.759999999999998,0.4456865210409048,1.0
GUCD1,-3.740000000000002,0.6306686675294741,1.0
TRAF3IP2,-3.724999999999996,0.5843092048547895,1.0
SDHC,-3.7249999999999943,0.45064718510155777,1.0
WWC3,-3.7200000000000015,0.534135262077375,1.0
EPAS1,-3.719999999999999,0.8229019354214293,1.0
DPH2,-3.7150000000000034,0.6247883740723336,1.0
SMDT1,-3.710000000000008,0.9108970950967655,1.0
MRPS18A,-3.6999999999999957,0.4456865210409048,1.0
RHBDF2,-3.6950000000000056,0.6544215056598512,1.0
TBRG4,-3.6850000000000023,0.6130994652172653,1.0
FAM189B,-3.6849999999999987,0.996693012466618,1.0
MICALL2,-3.684999999999997,0.45064718510155777,1.0
CABYR,-3.6599999999999993,0.5645380297349106,1.0
RNF130,-3.650000000000013,0.5506157599288712,1.0
TACC2,-3.639999999999997,0.7091309176902658,1.0
RAB38,-3.6350000000000002,0.6395330389318583,1.0
MT1F,-3.6299999999999986,0.49930283827853317,1.0
MRPS7,-3.625000000000057,0.4914394238527241,1.0
THAP12,-3.620000000000008,0.5506157599288712,1.0
GOLIM4,-3.600000000000005,0.4682535513976369,1.0
MEAK7,-3.594999999999999,0.6907099557705141,1.0
KLHDC3,-3.5949999999999775,0.829358243536714,1.0
FUZ,-3.59,0.5152279883728814,1.0
VKORC1L1,-3.589999999999998,0.6424993873606966,1.0
AMACR,-3.580000000000002,0.41658371785687753,1.0
ITPK1,-3.57500000000001,0.7908082597408556,1.0
GTF2H4,-3.570000000000004,0.8196782427441914,1.0
ABLIM3,-3.570000000000001,0.5286976420682703,1.0
GCLC,-3.5699999999999967,0.6072914543107184,1.0
CHMP4B,-3.5600000000000023,0.7972005596761405,1.0
TBC1D15,-3.5500000000000007,0.4213548269831777,1.0
LRRFIP2,-3.5300000000000047,0.940529226774238,1.0
EVC,-3.5250000000000004,0.6998983649396864,1.0
PACC1,-3.524999999999995,0.37733223687257855,1.0
RAB15,-3.5200000000000085,0.4631846485772054,1.0
CMTM8,-3.515,0.6664324268587869,1.0
KIRREL1,-3.5149999999999935,0.5286976420682703,1.0
NEO1,-3.5049999999999955,0.41658371785687753,1.0
CD83,-3.500000000000001,0.4213548269831777,1.0
TMEM127,-3.4999999999999964,0.5900167260288813,1.0
PPP4R1,-3.495000000000008,0.4707994763603818,1.0
YKT6,-3.4950000000000045,0.41658371785687753,1.0
ASPSCR1,-3.4949999999999974,0.5645380297349106,1.0
MIB2,-3.489999999999995,0.4888331394973101,1.0
EIF1AD,-3.489999999999988,0.7780661870680045,1.0
RTL8B,-3.485,0.6937677793437123,1.0
NPM3,-3.480000000000004,0.696830597247795,1.0
SLC44A1,-3.475000000000005,0.5843092048547895,1.0
TMEM263,-3.475000000000005,0.3886331144942722,1.0
VAPB,-3.4650000000000105,0.6785294870658231,1.0
CD99L2,-3.4649999999999963,0.5450945558532493,1.0
STAT6,-3.4649999999999963,0.8036064905718427,1.0
JAG2,-3.459999999999999,0.47591416910232376,1.0
ACTR6,-3.4599999999999973,0.5450945558532493,1.0
ATF6B,-3.454999999999984,0.4071376698379916,1.0
GABBR1,-3.4499999999999975,0.6306686675294741,1.0
ZNF394,-3.449999999999994,0.5561643473205113,1.0
COMMD8,-3.444999999999993,0.5125556017624364,1.0
ATPAF2,-3.4399999999999995,0.4631846485772054,1.0
FHOD3,-3.4350000000000005,0.6277255661132192,1.0
SRP54,-3.434999999999988,0.7590654489309898,1.0
FUBP3,-3.430000000000014,0.7464778413011777,1.0
PLS1,-3.4300000000000033,0.8618044330490108,1.0
FAM53B,-3.4300000000000033,0.39091777522840465,1.0
RPL7L1,-3.4250000000000114,0.8358260965628809,1.0
SRD5A3,-3.425000000000006,0.6998983649396864,1.0
RPS6KA1,-3.4250000000000007,0.8552946682228153,1.0
ARAP3,-3.4250000000000007,0.7780661870680045,1.0
ARFGAP3,-3.4200000000000017,0.4606617114605923,1.0
LBR,-3.4099999999999895,0.6189318717934644,1.0
CCDC74A,-3.405000000000002,0.3818280646769783,1.0
NCK2,-3.4000000000000092,0.737081122297987,1.0
IRF7,-3.400000000000001,0.49930283827853317,1.0
MSRB2,-3.399999999999997,0.39321057459276376,1.0
SF3B6,-3.3999999999999773,0.8618044330490108,1.0
CDK4,-3.3949999999999534,0.7091309176902658,1.0
DDHD2,-3.385000000000005,0.737081122297987,1.0
AP1B1,-3.3750000000000213,0.7402090762983753,1.0
ELP2,-3.3700000000000045,0.5286976420682703,1.0
RSF1,-3.370000000000001,0.45563896523052283,1.0
ZFP36,-3.370000000000001,0.6514325482434398,1.0
STAT5B,-3.369999999999999,0.4071376698379916,1.0
LMCD1,-3.3699999999999974,0.37957605749041823,1.0
RAPGEF1,-3.365000000000002,0.8748517286674501,1.0
RAB6A,-3.3649999999999807,0.6247883740723336,1.0
CUL4B,-3.36000000000001,0.940529226774238,1.0
N4BP2L2,-3.3599999999999994,0.9735488709352259,1.0
HECTD3,-3.350000000000005,0.8487947368200934,1.0
ZNF720,-3.3499999999999996,0.40246294289693907,1.0
TREX1,-3.3499999999999996,0.9207627671027185,1.0
MDP1,-3.3450000000000024,0.8487947368200934,1.0
JARID2,-3.344999999999999,0.6395330389318583,1.0
ETFB,-3.3400000000000603,0.4914394238527241,1.0
RXYLT1,-3.3400000000000016,0.5871597544033558,1.0
MSH6,-3.335000000000008,0.996693012466618,1.0
ALKBH6,-3.3349999999999973,0.7559124086715863,1.0
IFT52,-3.3349999999999937,0.8358260965628809,1.0
GALNS,-3.33,0.8748517286674501,1.0
FRMD8,-3.3250000000000064,0.7908082597408556,1.0
NDUFB8,-3.32499999999996,0.842305069932857,1.0
JAGN1,-3.320000000000004,0.6664324268587869,1.0
POM121,-3.3100000000000094,0.47848289419213597,1.0
PKMYT1,-3.305000000000028,0.5617400706970093,1.0
SLC25A20,-3.3049999999999997,0.37957605749041823,1.0
BMERB1,-3.304999999999999,0.4888331394973101,1.0
MFSD1,-3.304999999999989,0.7464778413011777,1.0
TRUB2,-3.2950000000000017,0.4407571178182137,1.0
SLC35A3,-3.285000000000002,0.3978205467559196,1.0
TSPAN6,-3.285,0.8944855348490495,1.0
GRIPAP1,-3.285,0.5396009774503636,1.0
CRMP1,-3.285,0.7246132746430569,1.0
GLB1L2,-3.2800000000000016,0.4682535513976369,1.0
RNPEPL1,-3.2750000000000092,0.44816295439279763,1.0
ITCH,-3.274999999999995,0.6072914543107184,1.0
DONSON,-3.274999999999995,0.6544215056598512,1.0
OVCA2,-3.2700000000000067,0.8846597782463905,1.0
GPR108,-3.260000000000005,0.6160126376872717,1.0
INSIG2,-3.2550000000000097,0.45563896523052283,1.0
YTHDF3,-3.254999999999999,0.6634215158168552,1.0
CCDC137,-3.250000000000007,0.9603323910593005,1.0
ABRACL,-3.2450000000000117,0.5019387498867459,1.0
WIPI2,-3.2450000000000117,0.5757964313912116,1.0
MLLT3,-3.2449999999999974,0.6998983649396864,1.0
PGD,-3.244999999999976,0.6424993873606966,1.0
PSMA5,-3.2400000000000233,0.9471268043847221,1.0
TOR4A,-3.240000000000003,0.7277235466695502,1.0
PLTP,-3.240000000000002,0.8748517286674501,1.0
PPIP5K2,-3.2349999999999994,0.636572443127301,1.0
TMEM138,-3.230000000000018,0.6395330389318583,1.0
VAV2,-3.2300000000000004,0.648449182304075,1.0
DAPK1,-3.224999999999995,0.4707994763603818,1.0
FAM120AOS,-3.220000000000013,0.6189318717934644,1.0
ECHDC1,-3.2199999999999918,0.4836429926527509,1.0
CERCAM,-3.219999999999988,0.5561643473205113,1.0
PUM2,-3.2150000000000034,0.5450945558532493,1.0
CCDC106,-3.209999999999999,0.5314129258282958,1.0
NUS1,-3.2099999999999973,0.7277235466695502,1.0
SIRT7,-3.2099999999999937,0.6846094685667796,1.0
DERA,-3.1999999999999957,0.6604160308082985,1.0
KYAT3,-3.195000000000002,0.6072914543107184,1.0
FAM136A,-3.190000000000005,0.9735488709352259,1.0
WDR61,-3.1899999999999835,0.45563896523052283,1.0
EHMT1,-3.184999999999995,0.48623432138829725,1.0
TOMM20,-3.1799999999999926,0.9669394958014216,1.0
PDS5A,-3.1750000000000043,0.8552946682228153,1.0
SH2B3,-3.165000000000001,0.9273467583508952,1.0
NAB2,-3.1649999999999974,0.4213548269831777,1.0
OTUB1,-3.1599999999999966,0.5423442984904308,1.0
AHR,-3.1549999999999967,0.696830597247795,1.0
BET1,-3.1449999999999996,0.9306406489398111,1.0
ORC5,-3.1400000000000112,0.6189318717934644,1.0
ATG12,-3.1400000000000077,0.5179075922305545,1.0
TMEM39A,-3.1400000000000006,0.5871597544033558,1.0
POLI,-3.129999999999999,0.38635660260863647,1.0
MRPL38,-3.110000000000028,0.9768542681907831,1.0
ANO6,-3.109999999999996,0.648449182304075,1.0
SLC5A6,-3.105000000000018,0.9603323910593005,1.0
TRPM4,-3.104999999999997,0.5729719113688719,1.0
ACAD9,-3.104999999999997,0.9438275338976189,1.0
MOB2,-3.1000000000000068,0.7402090762983753,1.0
SMARCA1,-3.1000000000000014,0.8683235982021273,1.0
PPFIBP2,-3.0949999999999998,0.37957605749041823,1.0
RMI2,-3.094999999999997,0.858548348480541,1.0
DNAJC22,-3.0899999999999967,0.4914394238527241,1.0
CYRIB,-3.089999999999989,0.9537280097577494,1.0
TTL,-3.0849999999999866,0.8879331364078507,1.0
SUCLG2,-3.065000000000012,0.9801600629440878,1.0
SOX13,-3.0650000000000004,0.6907099557705141,1.0
ZSCAN18,-3.0649999999999995,0.5645380297349106,1.0
SLC18B1,-3.060000000000004,0.37957605749041823,1.0
ACVR1,-3.0600000000000023,0.4407571178182137,1.0
MPHOSPH8,-3.0600000000000023,0.5450945558532493,1.0
VPS36,-3.0500000000000043,0.39321057459276376,1.0
SMAD7,-3.045000000000001,0.46571526862558976,1.0
ZFP36L2,-3.0400000000000045,0.636572443127301,1.0
ITGB4,-3.040000000000001,0.6785294870658231,1.0
BCL7C,-3.0350000000000072,0.7908082597408556,1.0
PALM,-3.0300000000000002,0.3978205467559196,1.0
SYBU,-3.0300000000000002,0.4914394238527241,1.0
HUWE1,-3.0299999999999727,0.7908082597408556,1.0
GBP1,-3.0249999999999995,0.6604160308082985,1.0
METTL21A,-3.0150000000000006,0.6336176395507085,1.0
ZNF300,-3.014999999999999,0.5232883447117399,1.0
RANBP1,-3.010000000000133,0.842305069932857,1.0
RP9,-3.01,0.8912084070019073,1.0
BLOC1S6,-3.0099999999999945,0.6785294870658231,1.0
IDI1,-3.000000000000007,0.4914394238527241,1.0
EXOC5,-2.9900000000000055,0.9735488709352259,1.0
SAMHD1,-2.9800000000000004,0.5286976420682703,1.0
LYSMD2,-2.9800000000000004,0.40479627104040006,1.0
TRIM13,-2.9799999999999986,0.6785294870658231,1.0
ATG9A,-2.979999999999997,0.8846597782463905,1.0
CRAT,-2.979999999999995,0.6785294870658231,1.0
ELP1,-2.9700000000000095,0.4836429926527509,1.0
MAP3K7,-2.9700000000000024,0.6664324268587869,1.0
PHF8,-2.9700000000000015,0.4810591760941474,1.0
PRR14L,-2.969999999999999,0.40013769753329187,1.0
ST6GALNAC4,-2.965,0.696830597247795,1.0
KIAA1191,-2.960000000000022,0.8879331364078507,1.0
PHKB,-2.9600000000000044,0.5617400706970093,1.0
CLCN2,-2.9600000000000017,0.5757964313912116,1.0
IAH1,-2.9599999999999795,0.8552946682228153,1.0
RASA3,-2.9550000000000054,0.7972005596761405,1.0
TUSC3,-2.940000000000005,0.5368646222462607,1.0
INTS6,-2.9350000000000023,0.4118446292938597,1.0
FRMD5,-2.9300000000000015,0.45313919490861054,1.0
GLIS2,-2.925000000000003,0.49930283827853317,1.0
CD58,-2.924999999999997,0.8813883875991326,1.0
MTHFD1L,-2.9200000000000053,0.7717172243455237,1.0
MRPS16,-2.9199999999999875,0.5286976420682703,1.0
HDHD3,-2.9150000000000063,0.3978205467559196,1.0
RRP12,-2.91,0.8164575944411389,1.0
PHKA1,-2.91,0.7653835124598296,1.0
GPR160,-2.9099999999999993,0.37733223687257855,1.0
BMI1,-2.9099999999999966,0.6604160308082985,1.0
TCAF1,-2.900000000000013,0.5259894390505462,1.0
VANGL1,-2.9000000000000004,0.5125556017624364,1.0
TOP3B,-2.895000000000003,0.46571526862558976,1.0
DCTN4,-2.8949999999999996,0.5125556017624364,1.0
GRAMD2B,-2.8949999999999987,0.7402090762983753,1.0
BCL7A,-2.875000000000001,0.7339575177052757,1.0
PRUNE1,-2.8749999999999982,0.6277255661132192,1.0
ZDHHC3,-2.8700000000000188,0.7717172243455237,1.0
CTXN1,-2.8700000000000028,0.4707994763603818,1.0
TSNAX,-2.8699999999999903,0.3818280646769783,1.0
SPOP,-2.855000000000004,0.5701539825270272,1.0
BBIP1,-2.8549999999999933,0.6189318717934644,1.0
THUMPD3,-2.845000000000006,0.7215075408530456,1.0
SEZ6L2,-2.8450000000000006,0.5072325853424271,1.0
DPH7,-2.844999999999988,0.9076115119079285,1.0
GCA,-2.839999999999998,0.829358243536714,1.0
IFI35,-2.8399999999999963,0.5843092048547895,1.0
ZCCHC3,-2.8399999999999945,0.5286976420682703,1.0
ADGRL1,-2.8350000000000026,0.4836429926527509,1.0
COL16A1,-2.8350000000000004,0.6634215158168552,1.0
AIG1,-2.8349999999999973,0.6785294870658231,1.0
UNKL,-2.8200000000000003,0.5368646222462607,1.0
RAB5A,-2.819999999999993,0.648449182304075,1.0
WDFY3,-2.8199999999999914,0.3886331144942722,1.0
TTC13,-2.8149999999999995,0.384088249473852,1.0
KCTD20,-2.809999999999988,0.6306686675294741,1.0
NUMBL,-2.799999999999997,0.6015081344405899,1.0
BHLHE40,-2.799999999999997,0.5072325853424271,1.0
DESI1,-2.79999999999999,0.9801600629440878,1.0
TIAM1,-2.7950000000000013,0.7433413319545803,1.0
SLC27A3,-2.795000000000001,0.49930283827853317,1.0
BTN3A3,-2.794999999999999,0.39091777522840465,1.0
LRWD1,-2.7949999999999946,0.5019387498867459,1.0
GTF2H5,-2.790000000000001,0.8944855348490495,1.0
CLDN12,-2.789999999999992,0.4334219309560736,1.0
BCAS4,-2.7849999999999966,0.6604160308082985,1.0
RHBDD2,-2.780000000000001,0.9207627671027185,1.0
MAGT1,-2.7750000000000057,0.8068144389745125,1.0
TNS2,-2.7750000000000057,0.46571526862558976,1.0
TBL2,-2.770000000000003,0.49667429717814027,1.0
EIF4E2,-2.7699999999999676,0.8813883875991326,1.0
PPP4R2,-2.765000000000004,0.5286976420682703,1.0
MYO5C,-2.7649999999999997,0.3818280646769783,1.0
EPN2,-2.764999999999999,0.8683235982021273,1.0
DHDDS,-2.7600000000000087,0.6754972946848711,1.0
ITSN1,-2.759999999999991,0.4606617114605923,1.0
D2HGDH,-2.755000000000006,0.6189318717934644,1.0
TRIM56,-2.755000000000001,0.45563896523052283,1.0
SUGP1,-2.7450000000000045,0.9537280097577494,1.0
SELENBP1,-2.7400000000000007,0.5019387498867459,1.0
ZNF330,-2.7350000000000136,0.7559124086715863,1.0
CRELD2,-2.730000000000011,0.4407571178182137,1.0
CDYL,-2.7300000000000004,0.6454714485353458,1.0
DHX57,-2.724999999999998,0.6604160308082985,1.0
AGPAT1,-2.72000000000002,0.534135262077375,1.0
SHC1,-2.7100000000000364,0.4914394238527241,1.0
HSCB,-2.7050000000000054,0.7464778413011777,1.0
CTTNBP2NL,-2.705000000000001,0.5019387498867459,1.0
TMOD3,-2.700000000000008,0.842305069932857,1.0
GBP3,-2.700000000000001,0.5617400706970093,1.0
SSX2IP,-2.6899999999999924,0.4940531510041464,1.0
ZFP91,-2.6899999999999906,0.648449182304075,1.0
USP9X,-2.685000000000006,0.45313919490861054,1.0
SH3BP5,-2.6800000000000015,0.8261286199203182,1.0
THNSL2,-2.6799999999999997,0.4836429926527509,1.0
ZNF528,-2.6799999999999997,0.5533866460521025,1.0
GSDME,-2.6750000000000043,0.9570298316837188,1.0
FBXO17,-2.670000000000009,0.6336176395507085,1.0
AP2B1,-2.6700000000000017,0.6664324268587869,1.0
SPCS3,-2.664999999999985,0.9471268043847221,1.0
CUL1,-2.6649999999999707,0.8004018469425622,1.0
MICA,-2.660000000000011,0.7972005596761405,1.0
CHCHD2,-2.6550000000002,0.7972005596761405,1.0
SLC25A46,-2.6550000000000047,0.547851719712373,1.0
EXD2,-2.6449999999999996,0.4383041828410795,1.0
SPATA13,-2.6399999999999992,0.45064718510155777,1.0
OPN3,-2.639999999999998,0.5259894390505462,1.0
ARAF,-2.6399999999999935,0.829358243536714,1.0
CAMLG,-2.6350000000000016,0.7153098743639731,1.0
TASOR2,-2.625,0.8552946682228153,1.0
CISD2,-2.625,0.7908082597408556,1.0
BAZ1B,-2.624999999999993,0.9801600629440878,1.0
DGCR8,-2.614999999999995,0.4071376698379916,1.0
QTRT2,-2.614999999999995,0.6130994652172653,1.0
EIF2B5,-2.6100000000000065,0.8229019354214293,1.0
MINDY1,-2.610000000000003,0.5259894390505462,1.0
GLDC,-2.609999999999999,0.3886331144942722,1.0
AKAP9,-2.605000000000004,0.5259894390505462,1.0
MOB4,-2.6000000000000227,0.9537280097577494,1.0
NRAS,-2.600000000000019,0.8358260965628809,1.0
TRIM5,-2.5999999999999996,0.6424993873606966,1.0
SPTLC1,-2.5949999999999847,0.6424993873606966,1.0
LYRM2,-2.5900000000000105,0.4118446292938597,1.0
KDM3B,-2.5900000000000034,0.41658371785687753,1.0
MRM1,-2.5900000000000016,0.5957497963320737,1.0
CAMK2G,-2.59,0.6306686675294741,1.0
GLYR1,-2.589999999999982,0.6015081344405899,1.0
CIR1,-2.585000000000008,0.547851719712373,1.0
KIF13B,-2.585000000000001,0.7029710376341284,1.0
KHDRBS3,-2.584999999999998,0.45563896523052283,1.0
IFITM2,-2.5849999999999937,0.842305069932857,1.0
CORO1C,-2.5800000000000125,0.6664324268587869,1.0
CFLAR,-2.5799999999999947,0.6754972946848711,1.0
PLEKHA6,-2.575,0.5900167260288813,1.0
HOXC9,-2.5749999999999997,0.6395330389318583,1.0
MYL6B,-2.5749999999999957,0.5450945558532493,1.0
ENOSF1,-2.5700000000000003,0.940529226774238,1.0
C4orf48,-2.5600000000000094,0.39321057459276376,1.0
PDK2,-2.5600000000000076,0.37957605749041823,1.0
APIP,-2.5599999999999987,0.8229019354214293,1.0
ABHD3,-2.5550000000000015,0.41896527683459084,1.0
ATF1,-2.5549999999999997,0.7717172243455237,1.0
PIGP,-2.554999999999996,0.5506157599288712,1.0
FKBP4,-2.55000000000004,0.7402090762983753,1.0
NIPAL3,-2.5500000000000043,0.6015081344405899,1.0
TMEM243,-2.5500000000000007,0.9933860817420452,1.0
CHD1,-2.5450000000000053,0.6424993873606966,1.0
SEL1L,-2.5400000000000063,0.9669394958014216,1.0
TTC1,-2.5349999999999966,0.6785294870658231,1.0
GRPEL1,-2.5250000000000057,0.534135262077375,1.0
ZSCAN9,-2.51,0.3886331144942722,1.0
GOLGA4,-2.509999999999998,0.6907099557705141,1.0
TLE1,-2.509999999999991,0.8846597782463905,1.0
MSL3,-2.505000000000001,0.8358260965628809,1.0
LPIN1,-2.505000000000001,0.39321057459276376,1.0
MICU1,-2.5049999999999883,0.5957497963320737,1.0
PYCR3,-2.4950000000000028,0.9603323910593005,1.0
COG3,-2.4949999999999903,0.48623432138829725,1.0
USF2,-2.4850000000000136,0.6072914543107184,1.0
RHOQ,-2.484999999999996,0.39321057459276376,1.0
OS9,-2.484999999999957,0.5125556017624364,1.0
IRF2,-2.480000000000002,0.41658371785687753,1.0
MAP9,-2.480000000000001,0.47591416910232376,1.0
UTP20,-2.4800000000000004,0.8879331364078507,1.0
SYNE2,-2.4799999999999986,0.5900167260288813,1.0
PRRG1,-2.4700000000000006,0.4940531510041464,1.0
CYLD,-2.469999999999999,0.8036064905718427,1.0
ZMYM2,-2.469999999999999,0.9010451411117566,1.0
COMMD6,-2.4650000000000034,0.829358243536714,1.0
RIPK4,-2.4600000000000044,0.37957605749041823,1.0
B4GALT7,-2.460000000000001,0.4940531510041464,1.0
CD40,-2.4549999999999996,0.5957497963320737,1.0
RB1,-2.450000000000008,0.8068144389745125,1.0
RB1CC1,-2.4500000000000046,0.6544215056598512,1.0
GET3,-2.4450000000000074,0.7844300000516808,1.0
PLA2G15,-2.4450000000000056,0.42615784298026116,1.0
PPCS,-2.444999999999979,0.5396009774503636,1.0
TNFSF13,-2.440000000000001,0.5205943866712266,1.0
ATPAF1,-2.439999999999987,0.5125556017624364,1.0
MED14,-2.4299999999999997,0.5957497963320737,1.0
ZNF512,-2.429999999999996,0.8390642198295792,1.0
WEE1,-2.4250000000000114,0.46571526862558976,1.0
CHD2,-2.4250000000000114,0.7091309176902658,1.0
CARMIL1,-2.4250000000000043,0.7464778413011777,1.0
HDAC7,-2.4250000000000007,0.5561643473205113,1.0
GTPBP3,-2.4250000000000007,0.7559124086715863,1.0
ZKSCAN1,-2.424999999999999,0.4940531510041464,1.0
MYCBP2,-2.4200000000000053,0.7464778413011777,1.0
CCDC25,-2.4200000000000053,0.8164575944411389,1.0
NDE1,-2.4199999999999946,0.829358243536714,1.0
ATMIN,-2.4150000000000063,0.4383041828410795,1.0
C11orf54,-2.4150000000000027,0.4456865210409048,1.0
TBC1D22A,-2.414999999999999,0.547851719712373,1.0
YIPF5,-2.410000000000011,0.7780661870680045,1.0
YIPF4,-2.4100000000000037,0.5368646222462607,1.0
C9orf116,-2.41,0.3886331144942722,1.0
EXD3,-2.4099999999999993,0.6043966897165155,1.0
LLGL2,-2.4099999999999984,0.3886331144942722,1.0
AK3,-2.4099999999999895,0.621857129896537,1.0
DIP2B,-2.4049999999999994,0.384088249473852,1.0
CD70,-2.4049999999999994,0.38635660260863647,1.0
FBXO21,-2.4049999999999976,0.5286976420682703,1.0
ARHGEF1,-2.404999999999994,0.9207627671027185,1.0
HEATR6,-2.3900000000000023,0.45064718510155777,1.0
PTPRH,-2.3899999999999997,0.8325907534174406,1.0
SGCB,-2.385,0.7246132746430569,1.0
NUP43,-2.380000000000006,0.657416013591166,1.0
PLEKHF1,-2.375000000000001,0.41658371785687753,1.0
CYTH3,-2.3700000000000045,0.7122180342879179,1.0
TSC22D4,-2.370000000000001,0.7464778413011777,1.0
ABCD3,-2.365000000000009,0.9339357280136042,1.0
RPTOR,-2.3650000000000055,0.7339575177052757,1.0
LSM3,-2.365000000000002,0.940529226774238,1.0
NUDT4,-2.3649999999999984,0.5450945558532493,1.0
SLC20A2,-2.364999999999995,0.9603323910593005,1.0
EVA1B,-2.3599999999999994,0.7464778413011777,1.0
CTDNEP1,-2.3550000000000466,0.7464778413011777,1.0
COQ9,-2.355000000000018,0.8100256403943001,1.0
CLPX,-2.355000000000004,0.5179075922305545,1.0
ENOPH1,-2.3549999999999898,0.7339575177052757,1.0
KMT5A,-2.3500000000000156,0.9933860817420452,1.0
HSD3B7,-2.3500000000000005,0.636572443127301,1.0
MEIS2,-2.344999999999999,0.7029710376341284,1.0
HUS1,-2.344999999999999,0.9141842025623018,1.0
KMT2A,-2.34,0.6846094685667796,1.0
ABHD5,-2.3350000000000026,0.8068144389745125,1.0
TMEM177,-2.3349999999999973,0.45814647715894785,1.0
PFKL,-2.329999999999984,0.8650628677291835,1.0
FBXO38,-2.325000000000003,0.4213548269831777,1.0
PCCA,-2.325000000000003,0.7653835124598296,1.0
MARCHF5,-2.324999999999992,0.547851719712373,1.0
COG8,-2.324999999999992,0.6454714485353458,1.0
COQ5,-2.3200000000000003,0.5757964313912116,1.0
INTS14,-2.315000000000005,0.6072914543107184,1.0
DPP8,-2.3149999999999995,0.7246132746430569,1.0
PRR14,-2.3149999999999977,0.9010451411117566,1.0
EEPD1,-2.310000000000001,0.6072914543107184,1.0
CHERP,-2.299999999999997,0.7527634281491498,1.0
VPS37A,-2.2999999999999865,0.7908082597408556,1.0
CCNL1,-2.2900000000000347,0.6130994652172653,1.0
TCF20,-2.289999999999999,0.9076115119079285,1.0
BAG2,-2.285000000000001,0.47335302265608303,1.0
UBE3C,-2.2849999999999824,0.8100256403943001,1.0
TSKU,-2.2799999999999905,0.6160126376872717,1.0
CES2,-2.2750000000000057,0.9603323910593005,1.0
SLC44A3,-2.275000000000001,0.4071376698379916,1.0
MREG,-2.2700000000000022,0.5396009774503636,1.0
CROCC,-2.2650000000000023,0.5098904587440031,1.0
EVPL,-2.2649999999999997,0.6664324268587869,1.0
POLB,-2.2600000000000016,0.6189318717934644,1.0
FNDC3A,-2.2600000000000016,0.4237523539300838,1.0
LAMTOR3,-2.2600000000000016,0.940529226774238,1.0
LPAR1,-2.2600000000000002,0.7844300000516808,1.0
IPO8,-2.255000000000006,0.4285712791158539,1.0
HPS4,-2.2550000000000026,0.4118446292938597,1.0
UFD1,-2.250000000000014,0.672470358702386,1.0
STK39,-2.244999999999999,0.9108970950967655,1.0
ATG13,-2.23500000000001,0.7091309176902658,1.0
TRAPPC2B,-2.229999999999997,0.4631846485772054,1.0
EVL,-2.2249999999999996,0.49930283827853317,1.0
RSKR,-2.2200000000000024,0.737081122297987,1.0
POLR2K,-2.219999999999999,0.7464778413011777,1.0
KLHL23,-2.215,0.8164575944411389,1.0
CLEC16A,-2.2100000000000044,0.42615784298026116,1.0
RNF6,-2.210000000000001,0.39091777522840465,1.0
SETX,-2.205000000000002,0.5450945558532493,1.0
LRRC58,-2.205,0.37957605749041823,1.0
BTD,-2.200000000000001,0.5072325853424271,1.0
ACBD3,-2.195000000000004,0.4940531510041464,1.0
HIRA,-2.1949999999999896,0.9603323910593005,1.0
C8orf58,-2.190000000000005,0.9010451411117566,1.0
SLC23A2,-2.190000000000003,0.4606617114605923,1.0
LPCAT4,-2.1899999999999977,0.8683235982021273,1.0
SFI1,-2.1899999999999924,0.5900167260288813,1.0
MPDZ,-2.1850000000000005,0.7653835124598296,1.0
MDM4,-2.1849999999999987,0.39551150205256314,1.0
IMMP2L,-2.184999999999997,0.4309926469959029,1.0
FYN,-2.180000000000007,0.8164575944411389,1.0
SMARCA2,-2.180000000000007,0.7844300000516808,1.0
LNPK,-2.180000000000005,0.40246294289693907,1.0
CUEDC2,-2.1799999999999997,0.4606617114605923,1.0
SPATS2,-2.1799999999999926,0.6785294870658231,1.0
NPIPB3,-2.175000000000006,0.6785294870658231,1.0
TRAPPC3,-2.1700000000000372,0.5786275093766506,1.0
GTF3C3,-2.1700000000000017,0.950426981824129,1.0
SCAMP1,-2.16500000000001,0.384088249473852,1.0
CYB5R2,-2.164999999999999,0.9801600629440878,1.0
RNF123,-2.1649999999999956,0.7122180342879179,1.0
CRABP2,-2.160000000000003,0.8781190194469978,1.0
ABCF2,-2.16,0.8879331364078507,1.0
ABTB1,-2.16,0.4631846485772054,1.0
DGKA,-2.159999999999993,0.8229019354214293,1.0
PGM3,-2.1550000000000153,0.47591416910232376,1.0
GALNT14,-2.155,0.4407571178182137,1.0
DZIP1L,-2.1549999999999994,0.5072325853424271,1.0
IGF2R,-2.154999999999987,0.384088249473852,1.0
TOPORS,-2.1500000000000004,0.5786275093766506,1.0
MFSD14A,-2.149999999999995,0.40013769753329187,1.0
SEPTIN11,-2.1450000000000102,0.7780661870680045,1.0
PBX1,-2.144999999999999,0.7780661870680045,1.0
METTL2B,-2.1449999999999925,0.8748517286674501,1.0
LRCH4,-2.140000000000004,0.7029710376341284,1.0
MRPL48,-2.140000000000004,0.6015081344405899,1.0
BEND7,-2.14,0.7527634281491498,1.0
FAM149B1,-2.139999999999997,0.9306406489398111,1.0
GATD1,-2.135000000000005,0.7091309176902658,1.0
B3GNT2,-2.135,0.7844300000516808,1.0
CDC42SE1,-2.1349999999999767,0.4606617114605923,1.0
TMEM167A,-2.1300000000000097,0.5019387498867459,1.0
MANEAL,-2.129999999999999,0.5843092048547895,1.0
ARAP1,-2.125000000000007,0.9141842025623018,1.0
LATS2,-2.1249999999999973,0.7215075408530456,1.0
WRAP73,-2.1150000000000055,0.534135262077375,1.0
TMEM268,-2.115000000000003,0.6937677793437123,1.0
SNX5,-2.114999999999995,0.8813883875991326,1.0
KLHDC10,-2.114999999999993,0.829358243536714,1.0
PDE9A,-2.1099999999999994,0.5205943866712266,1.0
SPAG16,-2.1099999999999977,0.9537280097577494,1.0
MOAP1,-2.1099999999999905,0.3886331144942722,1.0
MRPS36,-2.104999999999997,0.7029710376341284,1.0
POLM,-2.1000000000000014,0.8977644646746489,1.0
SCO2,-2.0950000000000095,0.6544215056598512,1.0
SLC66A3,-2.0950000000000024,0.40246294289693907,1.0
FBXO46,-2.0950000000000015,0.45814647715894785,1.0
AP1S2,-2.094999999999999,0.4707994763603818,1.0
SMIM13,-2.094999999999999,0.4407571178182137,1.0
IL1R1,-2.089999999999999,0.737081122297987,1.0
PCSK7,-2.0849999999999937,0.5232883447117399,1.0
FAM177A1,-2.0800000000000054,0.8618044330490108,1.0
RAB18,-2.079999999999977,0.8552946682228153,1.0
RHBDD3,-2.075000000000017,0.6306686675294741,1.0
DCTN3,-2.075000000000017,0.9076115119079285,1.0
OTUD6B,-2.0750000000000046,0.6247883740723336,1.0
KAT6A,-2.0749999999999993,0.842305069932857,1.0
ZBTB18,-2.0749999999999993,0.6072914543107184,1.0
THAP8,-2.0749999999999975,0.4456865210409048,1.0
KIAA1671,-2.0749999999999966,0.6306686675294741,1.0
NUDCD3,-2.069999999999986,0.5396009774503636,1.0
AXIN1,-2.0650000000000013,0.950426981824129,1.0
GFUS,-2.0649999999999977,0.6544215056598512,1.0
ALG2,-2.0649999999999977,0.9603323910593005,1.0
PIK3CB,-2.054999999999996,0.6247883740723336,1.0
PRMT7,-2.049999999999997,0.5957497963320737,1.0
PCNX3,-2.0449999999999946,0.9043275087039068,1.0
ACOT8,-2.039999999999999,0.7972005596761405,1.0
SPRY2,-2.039999999999994,0.648449182304075,1.0
ATP11B,-2.0350000000000072,0.39321057459276376,1.0
FBXO9,-2.0300000000000082,0.47848289419213597,1.0
NTPCR,-2.0300000000000082,0.9933860817420452,1.0
OGFRL1,-2.0299999999999985,0.672470358702386,1.0
SFT2D1,-2.029999999999994,0.8358260965628809,1.0
UQCRFS1,-2.0250000000000057,0.9207627671027185,1.0
AARSD1,-2.0250000000000057,0.37733223687257855,1.0
SLC35G1,-2.0249999999999986,0.4456865210409048,1.0
ZCCHC10,-2.024999999999995,0.8036064905718427,1.0
DCTD,-2.019999999999996,0.8036064905718427,1.0
CHKA,-2.014999999999997,0.8068144389745125,1.0
WTIP,-2.009999999999999,0.9702439279042832,1.0
ABHD16A,-2.0050000000000097,0.9010451411117566,1.0
RPA1,-2.0049999999999812,0.7464778413011777,1.0
FBXW2,-2.000000000000007,0.38635660260863647,1.0
HELZ2,-1.9999999999999964,0.9669394958014216,1.0
MED28,-1.995000000000008,0.6604160308082985,1.0
MBD6,-1.9949999999999992,0.5957497963320737,1.0
PRPF18,-1.9949999999999974,0.7972005596761405,1.0
FAIM,-1.9899999999999913,0.9669394958014216,1.0
UBXN8,-1.9849999999999977,0.842305069932857,1.0
ACOX1,-1.980000000000011,0.3886331144942722,1.0
ZNF714,-1.9749999999999988,0.40013769753329187,1.0
FAXC,-1.9700000000000006,0.9339357280136042,1.0
ZNF559,-1.9699999999999998,0.384088249473852,1.0
VPS45,-1.9650000000000034,0.5928800850110119,1.0
HDAC6,-1.9649999999999999,0.7908082597408556,1.0
CHST11,-1.9649999999999999,0.5645380297349106,1.0
SDC3,-1.9649999999999963,0.5786275093766506,1.0
WWC2,-1.9600000000000009,0.6247883740723336,1.0
SDHD,-1.9599999999999937,0.5957497963320737,1.0
PSD3,-1.955000000000001,0.4383041828410795,1.0
RAB3IP,-1.9499999999999922,0.8618044330490108,1.0
DDB1,-1.9450000000000358,0.6785294870658231,1.0
DHX29,-1.9449999999999967,0.9834661984477937,1.0
TAF9B,-1.940000000000003,0.9735488709352259,1.0
SCO1,-1.9350000000000094,0.9933860817420452,1.0
CEBPD,-1.9349999999999987,0.39551150205256314,1.0
MAP3K13,-1.9300000000000033,0.5450945558532493,1.0
KLHL21,-1.9299999999999997,0.7060485703056018,1.0
DDX31,-1.9299999999999962,0.5232883447117399,1.0
FRMD4B,-1.9249999999999998,0.842305069932857,1.0
APPBP2,-1.9199999999999982,0.5098904587440031,1.0
CSPP1,-1.9199999999999982,0.8520434463522804,1.0
XPNPEP1,-1.9199999999999804,0.5072325853424271,1.0
WDR83,-1.9150000000000027,0.9471268043847221,1.0
SEMA4D,-1.9149999999999996,0.4213548269831777,1.0
MCU,-1.9149999999999991,0.6424993873606966,1.0
TRAPPC11,-1.9149999999999991,0.6101923917365532,1.0
CNOT11,-1.9050000000000011,0.7844300000516808,1.0
DMTF1,-1.8999999999999773,0.6544215056598512,1.0
MARS2,-1.8950000000000022,0.5286976420682703,1.0
ZNF608,-1.8950000000000005,0.4334219309560736,1.0
MCC,-1.8949999999999996,0.4407571178182137,1.0
ANKFY1,-1.8949999999999996,0.8748517286674501,1.0
XRCC4,-1.8949999999999978,0.8879331364078507,1.0
IMMP1L,-1.8900000000000041,0.8358260965628809,1.0
MFSD11,-1.8849999999999998,0.5396009774503636,1.0
TYSND1,-1.884999999999998,0.4836429926527509,1.0
ABTB2,-1.8800000000000008,0.9801600629440878,1.0
NUP62CL,-1.88,0.45064718510155777,1.0
BNIP1,-1.879999999999999,0.621857129896537,1.0
RAPGEF2,-1.8799999999999972,0.636572443127301,1.0
KRT7,-1.8799999999999972,0.9900792646321629,1.0
NFE2L3,-1.875000000000007,0.5617400706970093,1.0
MEX3D,-1.875,0.5125556017624364,1.0
PHYH,-1.8749999999999964,0.9768542681907831,1.0
MEX3C,-1.869999999999994,0.8552946682228153,1.0
MAP2K3,-1.8699999999999903,0.6247883740723336,1.0
CLASP2,-1.8600000000000012,0.636572443127301,1.0
WNK2,-1.8599999999999997,0.5396009774503636,1.0
PLAAT4,-1.8599999999999994,0.9900792646321629,1.0
BIN3,-1.8550000000000075,0.5232883447117399,1.0
VPS13A,-1.8550000000000022,0.4810591760941474,1.0
ECD,-1.8549999999999969,0.6015081344405899,1.0
MRNIP,-1.8549999999999898,0.48623432138829725,1.0
CRY1,-1.8500000000000032,0.5589488326624473,1.0
NR1H3,-1.8500000000000014,0.9438275338976189,1.0
RIOX2,-1.8500000000000014,0.9933860817420452,1.0
DHX58,-1.8499999999999996,0.4456865210409048,1.0
OSBPL3,-1.8499999999999979,0.737081122297987,1.0
AASDHPPT,-1.8499999999999943,0.6424993873606966,1.0
FAM204A,-1.8499999999999872,0.9603323910593005,1.0
ARMH3,-1.8450000000000006,0.45313919490861054,1.0
GTF3C4,-1.8450000000000006,0.4836429926527509,1.0
PPM1B,-1.8449999999999989,0.6846094685667796,1.0
TARS2,-1.8449999999999989,0.9043275087039068,1.0
MPDU1,-1.8400000000000034,0.9273467583508952,1.0
TRIM24,-1.8400000000000016,0.4914394238527241,1.0
MIGA2,-1.839999999999998,0.384088249473852,1.0
GPR89A,-1.835000000000008,0.45064718510155777,1.0
PDZD8,-1.834999999999999,0.41421016410043454,1.0
ARHGEF3,-1.8349999999999982,0.5179075922305545,1.0
STK17A,-1.8349999999999937,0.8358260965628809,1.0
WDFY2,-1.8300000000000036,0.5786275093766506,1.0
PPP2R3B,-1.8299999999999965,0.5729719113688719,1.0
TRIM44,-1.819999999999986,0.5617400706970093,1.0
PPP2R2A,-1.815000000000012,0.47848289419213597,1.0
TFIP11,-1.8150000000000048,0.7590654489309898,1.0
CISD3,-1.8150000000000048,0.7908082597408556,1.0
THSD4,-1.8150000000000017,0.842305069932857,1.0
SH2D3A,-1.8150000000000004,0.4682535513976369,1.0
TBP,-1.8149999999999977,0.7844300000516808,1.0
NAAA,-1.8100000000000014,0.5928800850110119,1.0
COL1A1,-1.8100000000000005,0.940529226774238,1.0
DPH1,-1.8050000000000104,0.6189318717934644,1.0
ARSJ,-1.8050000000000006,0.8944855348490495,1.0
SGMS2,-1.8000000000000016,0.7780661870680045,1.0
AHRR,-1.7999999999999998,0.4836429926527509,1.0
NR1D2,-1.7950000000000035,0.7876173493946396,1.0
ARHGAP42,-1.79,0.7812462624304687,1.0
DUSP16,-1.7899999999999983,0.5125556017624364,1.0
LDLRAP1,-1.7850000000000001,0.5232883447117399,1.0
ZDHHC11,-1.7850000000000001,0.7717172243455237,1.0
AKIRIN2,-1.784999999999993,0.8100256403943001,1.0
GK5,-1.7750000000000012,0.5072325853424271,1.0
ACTR1A,-1.7700000000000031,0.45814647715894785,1.0
KLHL9,-1.7700000000000014,0.534135262077375,1.0
AACS,-1.7600000000000016,0.5506157599288712,1.0
ALDH1A1,-1.7600000000000007,0.8748517286674501,1.0
CD163L1,-1.7600000000000002,0.5729719113688719,1.0
PSMD5,-1.7500000000000036,0.8164575944411389,1.0
ECE1,-1.75,0.7653835124598296,1.0
EFNA4,-1.75,0.8552946682228153,1.0
TCEAL3,-1.7499999999999822,0.6247883740723336,1.0
SLC25A32,-1.745000000000001,0.6785294870658231,1.0
METTL7B,-1.7449999999999992,0.5871597544033558,1.0
ARL5A,-1.7449999999999903,0.8781190194469978,1.0
SOAT1,-1.7400000000000126,0.7153098743639731,1.0
LHPP,-1.739999999999994,0.696830597247795,1.0
ACTR3,-1.7399999999999807,0.7339575177052757,1.0
SPG21,-1.730000000000004,0.5757964313912116,1.0
ANKRD37,-1.7299999999999995,0.7277235466695502,1.0
SH3PXD2A,-1.7299999999999986,0.8229019354214293,1.0
SLC8B1,-1.725000000000004,0.8618044330490108,1.0
OTUD4,-1.7250000000000014,0.7812462624304687,1.0
UBN1,-1.7249999999999908,0.47848289419213597,1.0
CACYBP,-1.7200000000000273,0.6907099557705141,1.0
FAM102B,-1.7200000000000006,0.5286976420682703,1.0
JAM3,-1.72,0.8781190194469978,1.0
AGAP9,-1.7199999999999989,0.7060485703056018,1.0
TFB1M,-1.7150000000000034,0.6846094685667796,1.0
PPP2R5A,-1.7149999999999999,0.6189318717934644,1.0
PPP1R26,-1.7149999999999999,0.39321057459276376,1.0
PRDM5,-1.7149999999999996,0.40479627104040006,1.0
MTMR14,-1.7100000000000009,0.7653835124598296,1.0
ZFP28,-1.71,0.40246294289693907,1.0
UTP6,-1.7099999999999866,0.4810591760941474,1.0
RAB12,-1.7000000000000028,0.9306406489398111,1.0
MORC3,-1.6999999999999975,0.7277235466695502,1.0
UTP11,-1.6999999999999957,0.8229019354214293,1.0
TMSB15B,-1.6950000000000003,0.9207627671027185,1.0
PHF3,-1.6949999999999967,0.8879331364078507,1.0
SMG8,-1.6949999999999967,0.6336176395507085,1.0
UBALD1,-1.6949999999999932,0.5757964313912116,1.0
PDCD2,-1.694999999999986,0.8748517286674501,1.0
U2SURP,-1.690000000000019,0.49667429717814027,1.0
BSCL2,-1.6900000000000048,0.6846094685667796,1.0
CDH2,-1.6900000000000013,0.7402090762983753,1.0
MCTP1,-1.6899999999999995,0.5450945558532493,1.0
ZNF783,-1.6850000000000005,0.41658371785687753,1.0
LTA4H,-1.6799999999999997,0.6907099557705141,1.0
PCMTD1,-1.6799999999999997,0.6424993873606966,1.0
ISG20,-1.6799999999999997,0.9933860817420452,1.0
INO80C,-1.6799999999999962,0.6306686675294741,1.0
ZUP1,-1.6750000000000007,0.6937677793437123,1.0
ZNF770,-1.6750000000000007,0.47591416910232376,1.0
SNX24,-1.6700000000000106,0.9603323910593005,1.0
ALG8,-1.6700000000000088,0.7091309176902658,1.0
NT5DC3,-1.6700000000000026,0.43585911500840513,1.0
TMEM64,-1.67,0.7972005596761405,1.0
DYNC2I1,-1.6699999999999982,0.4888331394973101,1.0
RAB11FIP1,-1.665,0.6189318717934644,1.0
CBX2,-1.660000000000001,0.6876571708271936,1.0
TEX2,-1.659999999999993,0.547851719712373,1.0
MYO1E,-1.6599999999999895,0.5232883447117399,1.0
NABP2,-1.6599999999999682,0.6130994652172653,1.0
PRR7,-1.655000000000002,0.5205943866712266,1.0
MATN3,-1.6549999999999996,0.38635660260863647,1.0
STX6,-1.6549999999999994,0.47591416910232376,1.0
ST20-MTHFS,-1.6549999999999994,0.5673426777793709,1.0
ACSS1,-1.6549999999999985,0.7091309176902658,1.0
FAM13A,-1.6549999999999976,0.8100256403943001,1.0
AIFM2,-1.650000000000011,0.5617400706970093,1.0
AKR1C1,-1.6499999999999995,0.9933860817420452,1.0
KATNBL1,-1.6450000000000031,0.9867726179369976,1.0
PKDCC,-1.6450000000000005,0.5561643473205113,1.0
NDST2,-1.6449999999999996,0.41896527683459084,1.0
PDE12,-1.6449999999999978,0.7527634281491498,1.0
RAB5IF,-1.6399999999999295,0.8879331364078507,1.0
PYCR2,-1.6350000000000051,0.9207627671027185,1.0
LRSAM1,-1.6349999999999998,0.4237523539300838,1.0
MAPK12,-1.6300000000000203,0.8358260965628809,1.0
TMEM209,-1.6300000000000043,0.9273467583508952,1.0
PACS1,-1.6300000000000026,0.8390642198295792,1.0
EIPR1,-1.629999999999992,0.8100256403943001,1.0
PITPNM1,-1.6249999999999964,0.7653835124598296,1.0
SLC29A4,-1.620000000000001,0.39091777522840465,1.0
SLC19A1,-1.6199999999999992,0.9108970950967655,1.0
MOSPD3,-1.6199999999999957,0.8683235982021273,1.0
TOMM40,-1.6199999999999903,0.8748517286674501,1.0
GNG10,-1.615000000000009,0.7091309176902658,1.0
VAMP1,-1.6149999999999975,0.6514325482434398,1.0
KRIT1,-1.6149999999999949,0.7812462624304687,1.0
WWP1,-1.6149999999999913,0.6664324268587869,1.0
NF1,-1.6149999999999913,0.4836429926527509,1.0
PMS1,-1.6149999999999878,0.8879331364078507,1.0
ARRB1,-1.6100000000000012,0.7339575177052757,1.0
ZNF266,-1.6100000000000012,0.5617400706970093,1.0
SLC29A2,-1.6100000000000003,0.8036064905718427,1.0
SEMA3F,-1.609999999999998,0.4285712791158539,1.0
SNAP23,-1.6099999999999852,0.8358260965628809,1.0
EXOC4,-1.6099999999999852,0.8683235982021273,1.0
ANAPC2,-1.6050000000000075,0.5561643473205113,1.0
TTC4,-1.6050000000000004,0.8487947368200934,1.0
LEPROTL1,-1.6049999999999827,0.996693012466618,1.0
CBX7,-1.6000000000000036,0.5368646222462607,1.0
MAP3K3,-1.5999999999999979,0.42615784298026116,1.0
RCC1L,-1.595000000000013,0.6306686675294741,1.0
SLC39A8,-1.5950000000000006,0.5561643473205113,1.0
LYSMD3,-1.5950000000000006,0.7685484371305833,1.0
BDH2,-1.5899999999999945,0.6424993873606966,1.0
UQCRQ,-1.589999999999975,0.8944855348490495,1.0
SBDS,-1.5850000000000222,0.7402090762983753,1.0
TLE4,-1.5850000000000035,0.9108970950967655,1.0
FYCO1,-1.5749999999999993,0.4383041828410795,1.0
SPIDR,-1.5749999999999993,0.5019387498867459,1.0
ZNF621,-1.5749999999999993,0.7091309176902658,1.0
ZNF468,-1.5749999999999993,0.45064718510155777,1.0
ALKBH4,-1.570000000000002,0.8164575944411389,1.0
H4C12,-1.5700000000000003,0.4071376698379916,1.0
KIFAP3,-1.5650000000000013,0.6189318717934644,1.0
TRMU,-1.5649999999999977,0.6754972946848711,1.0
CCDC115,-1.5649999999999942,0.6189318717934644,1.0
SLC27A4,-1.5649999999999942,0.7908082597408556,1.0
ZGPAT,-1.5600000000000094,0.6846094685667796,1.0
MEGF6,-1.5599999999999992,0.5871597544033558,1.0
CD164,-1.559999999999917,0.9801600629440878,1.0
WSB2,-1.5550000000000281,0.636572443127301,1.0
TIPARP,-1.555000000000005,0.5396009774503636,1.0
BCOR,-1.5550000000000033,0.6454714485353458,1.0
CASP8,-1.5500000000000114,0.7780661870680045,1.0
ANKRD13D,-1.5450000000000124,0.5396009774503636,1.0
TTC31,-1.5450000000000017,0.6604160308082985,1.0
CBLB,-1.5450000000000008,0.4456865210409048,1.0
WIPF1,-1.5450000000000008,0.5843092048547895,1.0
RECQL5,-1.5400000000000027,0.6306686675294741,1.0
ZNF362,-1.54,0.648449182304075,1.0
CMIP,-1.5399999999999991,0.7402090762983753,1.0
GNPDA2,-1.535000000000002,0.6846094685667796,1.0
SHROOM1,-1.5350000000000015,0.8358260965628809,1.0
AKR1C2,-1.5349999999999997,0.7812462624304687,1.0
DCAF17,-1.5349999999999984,0.48623432138829725,1.0
PDRG1,-1.5349999999999966,0.5368646222462607,1.0
MLLT11,-1.5349999999999948,0.37733223687257855,1.0
ZSCAN2,-1.530000000000002,0.8944855348490495,1.0
SPIRE2,-1.5300000000000011,0.6998983649396864,1.0
GBP2,-1.5299999999999994,0.4432179029796727,1.0
SSH3,-1.529999999999994,0.9339357280136042,1.0
NUB1,-1.5250000000000057,0.842305069932857,1.0
SIK1B,-1.5249999999999977,0.5205943866712266,1.0
SAR1B,-1.5249999999999773,0.7653835124598296,1.0
HARS1,-1.5200000000000102,0.829358243536714,1.0
ZNF740,-1.5200000000000014,0.858548348480541,1.0
RNF20,-1.5150000000000077,0.9306406489398111,1.0
DENND5B,-1.5149999999999988,0.8944855348490495,1.0
PI4KA,-1.51499999999999,0.6072914543107184,1.0
C19orf54,-1.5100000000000016,0.49930283827853317,1.0
TMEM41B,-1.505000000000006,0.8100256403943001,1.0
SREK1,-1.5050000000000026,0.5843092048547895,1.0
DENND4C,-1.5050000000000008,0.5232883447117399,1.0
UBE4A,-1.504999999999999,0.7748898243174053,1.0
UBE2V1,-1.5049999999999812,0.8552946682228153,1.0
TBC1D10B,-1.5,0.6306686675294741,1.0
RCOR3,-1.4950000000000045,0.8748517286674501,1.0
ZCCHC9,-1.4950000000000045,0.9273467583508952,1.0
RAB22A,-1.4950000000000019,0.8944855348490495,1.0
PTCD1,-1.495000000000001,0.7277235466695502,1.0
NT5DC1,-1.4949999999999974,0.9702439279042832,1.0
PRADC1,-1.4900000000000144,0.4707994763603818,1.0
CCSAP,-1.490000000000001,0.47591416910232376,1.0
FBXL14,-1.490000000000001,0.4456865210409048,1.0
PDZD4,-1.49,0.5701539825270272,1.0
ERF,-1.4899999999999807,0.7844300000516808,1.0
RTL8C,-1.4800000000000466,0.9669394958014216,1.0
DHRS3,-1.480000000000004,0.5125556017624364,1.0
FAM193B,-1.4800000000000004,0.5506157599288712,1.0
ANKRD18A,-1.48,0.39091777522840465,1.0
ARHGAP4,-1.4799999999999995,0.950426981824129,1.0
WASF1,-1.4799999999999986,0.6424993873606966,1.0
MYO9B,-1.4799999999999969,0.4309926469959029,1.0
EP400,-1.4750000000000014,0.9471268043847221,1.0
AC055839.2,-1.475,0.46571526862558976,1.0
NEPRO,-1.470000000000013,0.7308383100563765,1.0
UBTD2,-1.4700000000000024,0.9438275338976189,1.0
ARHGEF19,-1.4699999999999998,0.9108970950967655,1.0
SEC22A,-1.469999999999997,0.4606617114605923,1.0
GTF2E2,-1.4650000000000105,0.9010451411117566,1.0
WDR91,-1.4649999999999999,0.38635660260863647,1.0
CDC42SE2,-1.464999999999998,0.8813883875991326,1.0
MYSM1,-1.4649999999999963,0.9339357280136042,1.0
TENT4A,-1.4649999999999928,0.9702439279042832,1.0
MRPS18B,-1.4600000000000506,0.7433413319545803,1.0
PTPN11,-1.4600000000000293,0.9141842025623018,1.0
OSBP,-1.4600000000000115,0.9735488709352259,1.0
ARL8B,-1.460000000000008,0.9141842025623018,1.0
MBD4,-1.4600000000000044,0.672470358702386,1.0
RALBP1,-1.4600000000000009,0.7653835124598296,1.0
PIAS4,-1.4599999999999937,0.5617400706970093,1.0
CHUK,-1.4599999999999937,0.4407571178182137,1.0
EFTUD2,-1.4550000000000125,0.9801600629440878,1.0
ATP6V1C1,-1.4550000000000054,0.9801600629440878,1.0
GPRASP2,-1.455000000000001,0.41421016410043454,1.0
ZNF121,-1.455000000000001,0.6514325482434398,1.0
ETV6,-1.455,0.9273467583508952,1.0
NCKAP1,-1.4549999999999983,0.9834661984477937,1.0
WIZ,-1.4549999999999965,0.7464778413011777,1.0
RNF114,-1.4500000000000028,0.8944855348490495,1.0
WDSUB1,-1.450000000000001,0.648449182304075,1.0
EFNB3,-1.4500000000000004,0.4940531510041464,1.0
SPIN3,-1.4499999999999993,0.8650628677291835,1.0
AAK1,-1.4499999999999966,0.6998983649396864,1.0
ARFIP1,-1.4499999999999886,0.940529226774238,1.0
PHF10,-1.4450000000000038,0.6664324268587869,1.0
ZNF346,-1.4450000000000003,0.5019387498867459,1.0
RNF24,-1.4449999999999994,0.7308383100563765,1.0
B3GALNT2,-1.4400000000000102,0.6101923917365532,1.0
HCN3,-1.44,0.6514325482434398,1.0
TTLL3,-1.4399999999999906,0.41421016410043454,1.0
SENP2,-1.4350000000000094,0.534135262077375,1.0
CEP89,-1.434999999999997,1.0,1.0
DGUOK,-1.4300000000000068,0.9207627671027185,1.0
MALSU1,-1.4300000000000068,0.8912084070019073,1.0
CDC6,-1.4299999999999997,0.9076115119079285,1.0
BZW2,-1.4299999999999642,0.8879331364078507,1.0
AP1G2,-1.4250000000000185,0.842305069932857,1.0
POLR3G,-1.4250000000000025,0.6998983649396864,1.0
MED9,-1.4200000000000053,0.41896527683459084,1.0
UHRF1BP1,-1.4200000000000017,0.8748517286674501,1.0
GATB,-1.42,0.8944855348490495,1.0
ABCB10,-1.42,0.5645380297349106,1.0
SAMD12,-1.42,0.6072914543107184,1.0
DMXL2,-1.4199999999999946,0.6634215158168552,1.0
GNA12,-1.4150000000000205,0.6907099557705141,1.0
MFAP2,-1.4149999999999996,0.9900792646321629,1.0
MAP3K6,-1.4149999999999991,1.0,1.0
HDAC2,-1.4149999999999778,0.9603323910593005,1.0
DYM,-1.4100000000000072,0.6277255661132192,1.0
PIMREG,-1.4050000000000118,0.7844300000516808,1.0
EPB41L4B,-1.4049999999999998,0.48623432138829725,1.0
CCDC71,-1.404999999999994,0.4914394238527241,1.0
QRICH1,-1.404999999999987,0.8004018469425622,1.0
RABGAP1,-1.399999999999995,0.7717172243455237,1.0
RBPMS2,-1.3950000000000002,0.49667429717814027,1.0
PHRF1,-1.3949999999999996,0.7091309176902658,1.0
TRIM4,-1.3949999999999996,0.4071376698379916,1.0
HFE,-1.3900000000000006,0.6336176395507085,1.0
H4C14,-1.3900000000000006,0.4456865210409048,1.0
GPX3,-1.3899999999999992,0.42615784298026116,1.0
OSGEPL1,-1.38,0.6130994652172653,1.0
CLK1,-1.375000000000007,0.42615784298026116,1.0
HACD1,-1.3750000000000036,0.7464778413011777,1.0
SERTAD2,-1.3749999999999964,0.4213548269831777,1.0
LTV1,-1.3700000000000045,0.8325907534174406,1.0
ARHGAP45,-1.3700000000000045,0.8748517286674501,1.0
SNTB1,-1.37,0.5506157599288712,1.0
HEBP2,-1.3699999999999957,0.9801600629440878,1.0
WAC,-1.365000000000009,0.636572443127301,1.0
MPV17L2,-1.365000000000002,0.45814647715894785,1.0
CCP110,-1.3650000000000002,0.5900167260288813,1.0
ANK2,-1.365,0.5900167260288813,1.0
IFIT2,-1.3649999999999998,0.547851719712373,1.0
ZNF512B,-1.3649999999999949,0.7972005596761405,1.0
GOLPH3L,-1.3649999999999913,0.4118446292938597,1.0
SPTSSA,-1.3600000000000172,0.6424993873606966,1.0
ENPP4,-1.3599999999999999,0.4118446292938597,1.0
LIMK1,-1.3599999999999994,0.8358260965628809,1.0
ATM,-1.3599999999999994,0.48623432138829725,1.0
PPP3R1,-1.3550000000000146,0.9867726179369976,1.0
UPF3A,-1.3500000000000085,0.8715865700317355,1.0
WWP2,-1.3500000000000085,0.7464778413011777,1.0
SUPT7L,-1.350000000000005,0.6015081344405899,1.0
RAB11FIP5,-1.350000000000005,0.7464778413011777,1.0
CDC14B,-1.3500000000000014,0.6101923917365532,1.0
HID1,-1.35,0.6634215158168552,1.0
ULK1,-1.3449999999999989,0.40246294289693907,1.0
TMEM139,-1.3399999999999999,0.4810591760941474,1.0
SLC35E3,-1.3399999999999963,0.48623432138829725,1.0
MED31,-1.3350000000000026,0.7780661870680045,1.0
PDCL,-1.3350000000000026,0.8004018469425622,1.0
TBC1D9,-1.3350000000000017,0.47591416910232376,1.0
YTHDF1,-1.3350000000000009,0.829358243536714,1.0
ZNF653,-1.334999999999999,0.5098904587440031,1.0
RBFA,-1.3349999999999973,0.8229019354214293,1.0
KLHL24,-1.3300000000000027,0.5045820072621465,1.0
HSD17B7,-1.3300000000000018,0.842305069932857,1.0
SEC61A2,-1.3299999999999992,0.44816295439279763,1.0
EMC4,-1.3299999999999983,0.8036064905718427,1.0
STX2,-1.3250000000000028,0.8813883875991326,1.0
DIRAS1,-1.3250000000000002,0.4810591760941474,1.0
FOXF2,-1.325,0.696830597247795,1.0
NFYB,-1.3249999999999993,0.48623432138829725,1.0
TACO1,-1.3249999999999993,0.7153098743639731,1.0
IDH2,-1.3249999999999957,0.5957497963320737,1.0
SYNGAP1,-1.320000000000003,0.5232883447117399,1.0
PEPD,-1.3199999999999932,0.8358260965628809,1.0
GBF1,-1.319999999999979,0.9471268043847221,1.0
TTC38,-1.3150000000000048,0.8683235982021273,1.0
MNT,-1.3150000000000013,0.9933860817420452,1.0
MSH3,-1.3150000000000013,0.5645380297349106,1.0
KLHL8,-1.3150000000000004,0.8683235982021273,1.0
MAGED4,-1.315,0.47335302265608303,1.0
TBCEL,-1.3149999999999986,0.534135262077375,1.0
OPLAH,-1.3099999999999996,0.7277235466695502,1.0
SNX33,-1.3099999999999987,0.37733223687257855,1.0
PAQR3,-1.3050000000000033,0.37733223687257855,1.0
CCDC107,-1.3050000000000015,0.5928800850110119,1.0
FAM50B,-1.304999999999998,0.6247883740723336,1.0
TTC19,-1.3000000000000078,0.8944855348490495,1.0
GABPA,-1.3000000000000043,0.8261286199203182,1.0
NAA35,-1.3000000000000025,0.6785294870658231,1.0
DYRK3,-1.3000000000000007,0.5843092048547895,1.0
PTCH1,-1.2999999999999998,0.5701539825270272,1.0
FBXL19,-1.2950000000000017,0.5286976420682703,1.0
TEDC2,-1.2950000000000017,0.49667429717814027,1.0
UBE2D1,-1.2899999999999991,0.9669394958014216,1.0
DIP2A,-1.2899999999999991,0.6015081344405899,1.0
PEX19,-1.285000000000018,0.7091309176902658,1.0
MDM1,-1.285000000000001,0.4682535513976369,1.0
CASP7,-1.2850000000000001,0.7844300000516808,1.0
COIL,-1.2849999999999966,0.37733223687257855,1.0
RPF2,-1.2800000000000082,0.8487947368200934,1.0
LIAS,-1.280000000000003,0.6846094685667796,1.0
PPP5C,-1.2800000000000011,0.7153098743639731,1.0
ANKIB1,-1.279999999999994,0.5729719113688719,1.0
DDX56,-1.27500000000002,0.7748898243174053,1.0
AKT3,-1.2750000000000057,0.8164575944411389,1.0
MAPKBP1,-1.2750000000000004,0.7153098743639731,1.0
TMEM38B,-1.2749999999999986,0.6277255661132192,1.0
GET1,-1.2749999999999986,0.6306686675294741,1.0
AKT1S1,-1.2700000000000102,0.5232883447117399,1.0
MRPL44,-1.269999999999996,0.8164575944411389,1.0
TUBGCP3,-1.2650000000000077,0.8715865700317355,1.0
DCAF6,-1.2650000000000077,0.6247883740723336,1.0
ACAD10,-1.265000000000006,0.8164575944411389,1.0
MAGI1,-1.2650000000000006,0.5928800850110119,1.0
CRISPLD1,-1.265,0.4456865210409048,1.0
PIAS2,-1.264999999999998,0.5900167260288813,1.0
ZNF395,-1.264999999999997,0.9471268043847221,1.0
CACNB3,-1.2600000000000033,0.9141842025623018,1.0
KLHL2,-1.2599999999999998,0.842305069932857,1.0
C6orf132,-1.2599999999999996,0.8813883875991326,1.0
SH3BGRL,-1.2550000000000097,0.8036064905718427,1.0
EIF4ENIF1,-1.2550000000000008,0.5179075922305545,1.0
VPS33A,-1.2549999999999972,0.648449182304075,1.0
LEO1,-1.2500000000000107,0.657416013591166,1.0
ASCC2,-1.25,0.9537280097577494,1.0
KIAA1586,-1.2499999999999991,0.6247883740723336,1.0
MUC1,-1.2499999999999991,0.9834661984477937,1.0
CINP,-1.249999999999993,0.8552946682228153,1.0
ARHGEF10L,-1.2449999999999992,0.44816295439279763,1.0
HMGXB4,-1.2449999999999974,0.9933860817420452,1.0
CRYL1,-1.2449999999999974,0.9273467583508952,1.0
COQ7,-1.2449999999999957,0.4309926469959029,1.0
STN1,-1.2400000000000038,0.8229019354214293,1.0
RNF126,-1.240000000000002,0.7717172243455237,1.0
VDR,-1.2399999999999993,0.8068144389745125,1.0
POLR3D,-1.2399999999999913,0.7277235466695502,1.0
AP4E1,-1.2350000000000003,0.6277255661132192,1.0
PEX1,-1.2349999999999994,0.39551150205256314,1.0
CLINT1,-1.2349999999999781,0.8944855348490495,1.0
TNKS2,-1.230000000000011,0.4071376698379916,1.0
GNL3L,-1.230000000000004,0.8229019354214293,1.0
KAT14,-1.2300000000000004,0.47848289419213597,1.0
SH3RF1,-1.2299999999999995,0.6336176395507085,1.0
DOHH,-1.2299999999999969,0.9273467583508952,1.0
TRRAP,-1.2299999999999969,0.950426981824129,1.0
ANAPC4,-1.225000000000005,0.8164575944411389,1.0
METTL15,-1.2250000000000032,0.6876571708271936,1.0
VPS50,-1.2249999999999996,0.8552946682228153,1.0
DNAJC19,-1.2249999999999943,0.4383041828410795,1.0
NPHP4,-1.2200000000000015,0.6160126376872717,1.0
NLRP1,-1.22,0.6072914543107184,1.0
PBX3,-1.219999999999997,0.940529226774238,1.0
GMDS,-1.2199999999999918,0.7464778413011777,1.0
PRRC1,-1.2149999999999679,0.9141842025623018,1.0
MTRF1L,-1.2100000000000026,0.5423442984904308,1.0
EPB41L5,-1.21,0.5757964313912116,1.0
FGD1,-1.209999999999999,0.8196782427441914,1.0
PPP1R9B,-1.2050000000000125,0.7215075408530456,1.0
MAP2K4,-1.2050000000000018,0.49667429717814027,1.0
FAM219A,-1.2050000000000018,0.6277255661132192,1.0
LYN,-1.2050000000000018,0.8004018469425622,1.0
ZNF18,-1.205,0.3886331144942722,1.0
ZNF605,-1.205,0.6937677793437123,1.0
LZTFL1,-1.2049999999999974,0.3886331144942722,1.0
SNRNP70,-1.2049999999998704,0.940529226774238,1.0
PIGB,-1.2000000000000028,0.5152279883728814,1.0
ITPR2,-1.2000000000000002,0.5368646222462607,1.0
B3GNT9,-1.2000000000000002,0.41896527683459084,1.0
RNF207,-1.1999999999999993,0.8100256403943001,1.0
STAM2,-1.1999999999999975,0.5423442984904308,1.0
NRG1,-1.1999999999999975,0.8846597782463905,1.0
TRMT10C,-1.1999999999999957,0.7972005596761405,1.0
ZNF195,-1.1950000000000003,0.8618044330490108,1.0
PSD4,-1.1900000000000013,0.5152279883728814,1.0
CAAP1,-1.1899999999999977,0.9537280097577494,1.0
C2CD2L,-1.1899999999999968,0.49930283827853317,1.0
ASH2L,-1.1850000000000058,0.8552946682228153,1.0
SMIM4,-1.1850000000000023,0.7277235466695502,1.0
ACSF3,-1.1850000000000005,0.657416013591166,1.0
MKRN3,-1.1849999999999998,0.7339575177052757,1.0
SYNJ2BP,-1.184999999999997,0.7029710376341284,1.0
UNG,-1.180000000000014,0.9372319393764333,1.0
CASK,-1.1800000000000033,0.7622224999271966,1.0
VPS18,-1.1800000000000015,0.39551150205256314,1.0
HOXC6,-1.1800000000000006,0.8618044330490108,1.0
BOD1L1,-1.1799999999999997,0.5589488326624473,1.0
ASRGL1,-1.1799999999999997,0.9867726179369976,1.0
R3HCC1L,-1.179999999999998,0.37957605749041823,1.0
EDRF1,-1.175000000000006,0.6160126376872717,1.0
FER,-1.1750000000000016,0.45563896523052283,1.0
EFNB1,-1.1749999999999998,0.6160126376872717,1.0
PDE4B,-1.1749999999999998,0.5045820072621465,1.0
VPS33B,-1.174999999999999,0.4118446292938597,1.0
ZNF593,-1.1700000000000017,0.9537280097577494,1.0
RAB8A,-1.1700000000000017,0.6247883740723336,1.0
ZNF333,-1.1700000000000008,0.39091777522840465,1.0
ZBTB7A,-1.17,0.8390642198295792,1.0
TCF7L1,-1.1699999999999995,0.7653835124598296,1.0
C5orf22,-1.1699999999999982,0.6604160308082985,1.0
SLC35E2B,-1.1650000000000027,0.8229019354214293,1.0
EEF1AKMT1,-1.165,0.41421016410043454,1.0
SLC25A42,-1.1649999999999996,0.5957497963320737,1.0
SELENOK,-1.164999999999992,0.9735488709352259,1.0
PAN3,-1.1600000000000037,0.7091309176902658,1.0
CEMIP,-1.1600000000000001,0.6694487219140669,1.0
MBOAT1,-1.1599999999999984,0.534135262077375,1.0
KIAA0753,-1.1599999999999984,0.8683235982021273,1.0
VPS37B,-1.1550000000000082,0.7812462624304687,1.0
MTO1,-1.155000000000003,0.7091309176902658,1.0
DPAGT1,-1.1550000000000011,0.48623432138829725,1.0
GCC1,-1.1550000000000011,0.39091777522840465,1.0
ARMC9,-1.1549999999999958,0.47335302265608303,1.0
TNRC18,-1.1549999999999798,0.8748517286674501,1.0
CHMP7,-1.1500000000000057,0.8748517286674501,1.0
SLC43A2,-1.1499999999999995,0.6907099557705141,1.0
TAF13,-1.1450000000000315,0.9339357280136042,1.0
RANGRF,-1.1450000000000031,0.4309926469959029,1.0
SPOPL,-1.1450000000000022,0.4071376698379916,1.0
PLEKHG5,-1.1450000000000014,0.8683235982021273,1.0
CALHM2,-1.1450000000000005,0.5179075922305545,1.0
SLC1A1,-1.1449999999999998,0.5589488326624473,1.0
ZNF326,-1.1400000000000006,0.8004018469425622,1.0
SNAI1,-1.1399999999999997,0.7246132746430569,1.0
ZBTB4,-1.1399999999999952,0.37733223687257855,1.0
BCR,-1.1350000000000051,0.5019387498867459,1.0
MFSD13A,-1.1349999999999993,0.9900792646321629,1.0
TAB2,-1.130000000000006,0.648449182304075,1.0
CNTNAP1,-1.1300000000000008,0.9207627671027185,1.0
SPICE1,-1.1300000000000008,0.41658371785687753,1.0
IFFO2,-1.1300000000000008,0.9339357280136042,1.0
NAA25,-1.1250000000000107,0.3818280646769783,1.0
GDAP1,-1.1250000000000018,0.950426981824129,1.0
APAF1,-1.125,0.4456865210409048,1.0
EPHB3,-1.125,0.4888331394973101,1.0
ZNF33A,-1.125,0.45814647715894785,1.0
MGMT,-1.1249999999999964,0.5928800850110119,1.0
PRPF39,-1.124999999999993,0.5928800850110119,1.0
NAPG,-1.120000000000001,0.8748517286674501,1.0
PXYLP1,-1.1199999999999983,0.5286976420682703,1.0
ZFYVE21,-1.1199999999999974,0.7972005596761405,1.0
GTF2F1,-1.115000000000009,0.5450945558532493,1.0
NAA15,-1.115000000000009,0.829358243536714,1.0
FIG4,-1.115000000000001,0.46571526862558976,1.0
ERAP1,-1.1150000000000002,0.4940531510041464,1.0
PLEKHG2,-1.1100000000000065,0.9438275338976189,1.0
ZNF28,-1.1100000000000012,0.7780661870680045,1.0
KITLG,-1.1100000000000003,0.5673426777793709,1.0
C5orf63,-1.1100000000000003,0.9240541123816033,1.0
TMEM265,-1.11,0.940529226774238,1.0
ECHDC3,-1.1099999999999999,0.8650628677291835,1.0
H2BC5,-1.1099999999999994,0.9933860817420452,1.0
FBXL8,-1.1099999999999959,0.7717172243455237,1.0
ZC3HAV1,-1.1050000000000022,0.7184063919514614,1.0
ZNF649,-1.1050000000000004,0.45313919490861054,1.0
CDC37L1,-1.1049999999999986,0.6101923917365532,1.0
MATN2,-1.1049999999999969,0.4213548269831777,1.0
ZNF675,-1.0999999999999988,0.5179075922305545,1.0
OGFOD2,-1.0999999999999908,0.46571526862558976,1.0
OXLD1,-1.095000000000006,0.9801600629440878,1.0
ARHGAP10,-1.0950000000000006,0.636572443127301,1.0
ENGASE,-1.0900000000000105,0.7780661870680045,1.0
TMEM65,-1.0900000000000007,0.8390642198295792,1.0
SV2A,-1.09,0.6544215056598512,1.0
NELFA,-1.0899999999999999,0.5561643473205113,1.0
PPCDC,-1.089999999999998,0.9702439279042832,1.0
UGP2,-1.0899999999999892,0.8813883875991326,1.0
NBEA,-1.085,0.4213548269831777,1.0
ANO10,-1.084999999999999,0.7527634281491498,1.0
WDR77,-1.0849999999999866,0.9669394958014216,1.0
SURF2,-1.084999999999983,0.8196782427441914,1.0
CTR9,-1.084999999999983,0.5617400706970093,1.0
PNKD,-1.0849999999999795,0.7590654489309898,1.0
EFCAB7,-1.0800000000000018,0.37733223687257855,1.0
TPRG1L,-1.08,0.5019387498867459,1.0
SNX18,-1.0799999999999992,0.4914394238527241,1.0
CDR2,-1.0750000000000064,0.43585911500840513,1.0
CEBPA,-1.0749999999999997,0.46571526862558976,1.0
TGIF2,-1.0749999999999993,0.696830597247795,1.0
TIMM23B,-1.0700000000000056,0.648449182304075,1.0
ZNF574,-1.070000000000002,0.4383041828410795,1.0
IL17D,-1.0700000000000003,0.9240541123816033,1.0
MAFG,-1.0700000000000003,0.9471268043847221,1.0
ARID2,-1.0650000000000013,0.7184063919514614,1.0
HES6,-1.0649999999999977,0.49930283827853317,1.0
FBXL6,-1.0599999999999987,0.45814647715894785,1.0
MIER2,-1.0550000000000015,0.5900167260288813,1.0
C15orf39,-1.0550000000000015,0.5368646222462607,1.0
LMBRD2,-1.055000000000001,0.6514325482434398,1.0
FZD1,-1.0550000000000006,0.8358260965628809,1.0
CCL2,-1.0550000000000002,0.6072914543107184,1.0
UEVLD,-1.0549999999999997,0.5871597544033558,1.0
PCGF1,-1.0500000000000114,0.9108970950967655,1.0
BMF,-1.0499999999999998,0.45064718510155777,1.0
TSPAN1,-1.0499999999999998,0.6907099557705141,1.0
ZNF493,-1.0499999999999998,0.5072325853424271,1.0
AP5S1,-1.049999999999999,0.9603323910593005,1.0
INPP1,-1.0450000000000035,0.6306686675294741,1.0
GTPBP8,-1.0450000000000035,0.7153098743639731,1.0
ACO1,-1.0450000000000017,0.46571526862558976,1.0
C1D,-1.0450000000000017,0.8552946682228153,1.0
PRKAR2B,-1.045,0.4707994763603818,1.0
TOMM40L,-1.045,0.7844300000516808,1.0
SIM2,-1.045,0.6754972946848711,1.0
SEC22C,-1.0449999999999982,0.8164575944411389,1.0
TMEM164,-1.0449999999999982,0.636572443127301,1.0
ADAM22,-1.0399999999999991,0.9669394958014216,1.0
HIBADH,-1.0399999999999991,0.9010451411117566,1.0
PTPRJ,-1.0399999999999974,0.6043966897165155,1.0
AATF,-1.035000000000025,0.8618044330490108,1.0
SOCS4,-1.035000000000002,0.5205943866712266,1.0
HIRIP3,-1.0350000000000001,0.7339575177052757,1.0
ISCA2,-1.0349999999999966,0.6189318717934644,1.0
BRWD3,-1.030000000000002,0.7812462624304687,1.0
NAA80,-1.0300000000000002,0.8650628677291835,1.0
POLR3B,-1.0299999999999985,0.8912084070019073,1.0
CCNG2,-1.0299999999999976,0.5045820072621465,1.0
COQ8A,-1.0299999999999976,0.9471268043847221,1.0
MAPK9,-1.0249999999999986,0.829358243536714,1.0
FAR1,-1.0249999999999986,0.829358243536714,1.0
TRAPPC5,-1.024999999999956,0.534135262077375,1.0
RGS20,-1.0200000000000031,0.7717172243455237,1.0
ZKSCAN5,-1.0200000000000022,0.5072325853424271,1.0
TP53RK,-1.0200000000000014,0.8520434463522804,1.0
CWC25,-1.0199999999999996,0.5757964313912116,1.0
NDUFC2-KCTD14,-1.0199999999999987,0.4383041828410795,1.0
TSC1,-1.015000000000006,0.49667429717814027,1.0
ATG4A,-1.0150000000000006,0.672470358702386,1.0
PNPLA6,-1.0149999999999864,0.6664324268587869,1.0
LCOR,-1.0100000000000033,0.43585911500840513,1.0
WDCP,-1.0100000000000016,0.47591416910232376,1.0
RRAGC,-1.0099999999999998,0.9867726179369976,1.0
APOOL,-1.0099999999999998,0.6189318717934644,1.0
RPP30,-1.0099999999999838,0.43585911500840513,1.0
TBK1,-1.005000000000006,0.8748517286674501,1.0
ZNF419,-1.0050000000000012,0.4118446292938597,1.0
ST7L,-1.0050000000000008,0.6604160308082985,1.0
ARID5B,-1.004999999999999,0.4836429926527509,1.0
ZZZ3,-1.0000000000000018,0.648449182304075,1.0
FBXO8,-1.0000000000000018,0.9174727785181955,1.0
CASKIN2,-1.0000000000000018,0.8879331364078507,1.0
DEPDC5,-1.0000000000000009,0.9010451411117566,1.0
ITGB3,-1.0,0.4456865210409048,1.0
IFT122,-0.9999999999999982,0.9339357280136042,1.0
NICN1,-0.9950000000000019,0.4118446292938597,1.0
HCCS,-0.995000000000001,0.9603323910593005,1.0
TENT5B,-0.9950000000000001,0.5928800850110119,1.0
PLCL2,-0.9949999999999999,0.3886331144942722,1.0
UGGT1,-0.9949999999999939,0.9339357280136042,1.0
SEC23IP,-0.9900000000000055,0.829358243536714,1.0
RPRD1A,-0.990000000000002,0.49667429717814027,1.0
PLCB4,-0.9900000000000011,0.829358243536714,1.0
TPST2,-0.9900000000000002,0.8100256403943001,1.0
BPHL,-0.9900000000000002,0.9603323910593005,1.0
CRISPLD2,-0.99,0.4456865210409048,1.0
CPNE8,-0.9899999999999993,0.6247883740723336,1.0
ELAC1,-0.9850000000000021,0.40246294289693907,1.0
TXNRD3,-0.9850000000000003,0.4456865210409048,1.0
PUS3,-0.9849999999999994,0.7277235466695502,1.0
FBXW8,-0.9849999999999985,0.6664324268587869,1.0
MAP2K5,-0.9800000000000004,0.49667429717814027,1.0
POLR3A,-0.9800000000000004,0.49667429717814027,1.0
CCDC169,-0.98,0.5701539825270272,1.0
MBLAC2,-0.9799999999999986,0.37957605749041823,1.0
GMPPB,-0.9799999999999898,0.49667429717814027,1.0
MORN2,-0.9799999999999827,0.534135262077375,1.0
CDK9,-0.9750000000000156,0.7527634281491498,1.0
DPCD,-0.9750000000000085,0.5617400706970093,1.0
BBOF1,-0.9749999999999996,0.6815668927944767,1.0
ARL2BP,-0.9749999999999943,0.4407571178182137,1.0
PARP6,-0.9700000000000024,0.9043275087039068,1.0
TMEM17,-0.9700000000000006,0.4631846485772054,1.0
MAP3K9,-0.9699999999999989,0.6189318717934644,1.0
RILPL1,-0.9699999999999989,0.4071376698379916,1.0
THTPA,-0.9699999999999989,0.4631846485772054,1.0
RGS14,-0.9699999999999971,0.4071376698379916,1.0
MPZL1,-0.9650000000000176,0.7091309176902658,1.0
DHX35,-0.9650000000000016,0.6043966897165155,1.0
MAP3K5,-0.9650000000000012,0.4914394238527241,1.0
SIK2,-0.9650000000000007,0.5232883447117399,1.0
MIF4GD,-0.9600000000000044,0.672470358702386,1.0
LOXL3,-0.9600000000000013,0.4914394238527241,1.0
C9orf72,-0.9599999999999982,0.6395330389318583,1.0
DOT1L,-0.9599999999999973,0.8004018469425622,1.0
TMEM216,-0.9550000000000036,0.8068144389745125,1.0
SLC12A2,-0.9550000000000018,0.9076115119079285,1.0
HIPK3,-0.9550000000000018,0.5506157599288712,1.0
TMEM38A,-0.9550000000000005,0.4071376698379916,1.0
ZNF76,-0.9549999999999983,0.9933860817420452,1.0
DICER1,-0.9549999999999983,0.9669394958014216,1.0
DNAJC4,-0.9549999999999983,0.9076115119079285,1.0
STRA6,-0.95,0.47335302265608303,1.0
PWWP2B,-0.9499999999999993,0.5152279883728814,1.0
ADCK5,-0.9499999999999993,0.8912084070019073,1.0
TIGD2,-0.9499999999999993,0.5533866460521025,1.0
USP53,-0.9499999999999975,0.9669394958014216,1.0
HAUS5,-0.9450000000000021,0.648449182304075,1.0
PDGFRL,-0.9449999999999998,0.672470358702386,1.0
RREB1,-0.9449999999999976,0.8164575944411389,1.0
MTMR6,-0.944999999999995,0.4940531510041464,1.0
ZNF738,-0.9400000000000022,0.9141842025623018,1.0
F12,-0.9399999999999995,0.8912084070019073,1.0
ANKRD39,-0.939999999999996,0.6604160308082985,1.0
MTFMT,-0.9399999999999942,0.4309926469959029,1.0
MEPCE,-0.9350000000000094,0.7590654489309898,1.0
UBE2R2,-0.9350000000000023,0.9471268043847221,1.0
SNX29,-0.9350000000000005,0.4383041828410795,1.0
LAMA3,-0.9349999999999996,0.5259894390505462,1.0
SLCO4A1,-0.9349999999999952,0.842305069932857,1.0
USP14,-0.9300000000000068,0.9834661984477937,1.0
ZNF559-ZNF177,-0.9299999999999999,0.41421016410043454,1.0
ZNF532,-0.9299999999999997,0.5179075922305545,1.0
XRN1,-0.9299999999999988,0.7908082597408556,1.0
COX10,-0.9299999999999979,0.636572443127301,1.0
CREB3L4,-0.9299999999999979,0.7748898243174053,1.0
LMBR1,-0.9299999999999784,0.9076115119079285,1.0
POLG2,-0.9250000000000078,0.7433413319545803,1.0
ZSCAN12,-0.9250000000000003,0.5986258246782183,1.0
BVES,-0.9249999999999998,0.5701539825270272,1.0
SLC9A8,-0.9249999999999989,0.5757964313912116,1.0
PDHX,-0.9249999999999936,0.7876173493946396,1.0
AP1AR,-0.9249999999999936,0.7215075408530456,1.0
UBAC1,-0.92499999999999,0.534135262077375,1.0
PAK1,-0.92499999999999,0.9867726179369976,1.0
PTCD2,-0.9200000000000017,0.9768542681907831,1.0
FHIT,-0.9200000000000002,0.5928800850110119,1.0
FKBP14,-0.9199999999999999,0.7908082597408556,1.0
WDTC1,-0.9199999999999999,0.9933860817420452,1.0
ERCC2,-0.9150000000000063,0.42615784298026116,1.0
TTC7A,-0.9150000000000009,0.5072325853424271,1.0
KBTBD6,-0.9150000000000009,0.45064718510155777,1.0
PPP1R12B,-0.9149999999999996,0.5152279883728814,1.0
CROT,-0.9149999999999991,0.45313919490861054,1.0
DHX8,-0.9149999999999991,0.8748517286674501,1.0
IMPA1,-0.9149999999999991,0.9207627671027185,1.0
TMEM231,-0.9149999999999991,0.6130994652172653,1.0
TP53INP2,-0.9149999999999983,0.3978205467559196,1.0
SLC41A2,-0.9149999999999983,0.6160126376872717,1.0
PMS2,-0.9149999999999956,0.5757964313912116,1.0
PARP16,-0.9100000000000037,0.40013769753329187,1.0
UCN2,-0.9099999999999997,0.5368646222462607,1.0
BORCS5,-0.9099999999999993,0.5957497963320737,1.0
UBE2D4,-0.9099999999999984,0.8196782427441914,1.0
GPATCH4,-0.9099999999999966,0.9207627671027185,1.0
UBE2J1,-0.909999999999993,0.5450945558532493,1.0
DAZAP1,-0.9050000000000011,0.829358243536714,1.0
KPNA3,-0.9050000000000011,0.996693012466618,1.0
CHMP4A,-0.9050000000000011,0.8164575944411389,1.0
MINDY3,-0.9049999999999994,0.5786275093766506,1.0
CSK,-0.9049999999999869,0.8683235982021273,1.0
L3MBTL3,-0.8999999999999999,0.6454714485353458,1.0
GALNT4,-0.8999999999999999,0.6907099557705141,1.0
RBL2,-0.899999999999995,0.9933860817420452,1.0
ZNF646,-0.8950000000000022,0.9603323910593005,1.0
MACO1,-0.8950000000000014,0.3818280646769783,1.0
HOXA5,-0.8950000000000005,0.8390642198295792,1.0
ZNF93,-0.895,0.5506157599288712,1.0
ACAD11,-0.8949999999999996,0.43585911500840513,1.0
ADPRM,-0.8949999999999987,0.46571526862558976,1.0
FZR1,-0.8900000000000112,0.44816295439279763,1.0
PPOX,-0.8900000000000059,0.8912084070019073,1.0
ZBTB9,-0.889999999999997,0.7908082597408556,1.0
TMEM250,-0.889999999999997,0.5368646222462607,1.0
SNX13,-0.8899999999999935,0.9076115119079285,1.0
MAD2L1BP,-0.8850000000000122,0.5423442984904308,1.0
MROH1,-0.8850000000000051,0.6189318717934644,1.0
MCOLN3,-0.8849999999999998,0.47848289419213597,1.0
PARP12,-0.8849999999999998,0.7402090762983753,1.0
KCNAB2,-0.8849999999999998,0.5843092048547895,1.0
AHNAK2,-0.884999999999998,0.6101923917365532,1.0
METTL14,-0.8799999999999937,0.9010451411117566,1.0
NBAS,-0.8750000000000036,0.7091309176902658,1.0
GCFC2,-0.8750000000000018,0.5814651118050964,1.0
ZNF343,-0.8750000000000009,0.6785294870658231,1.0
ADSS1,-0.8750000000000004,0.940529226774238,1.0
IGF2BP1,-0.875,0.9702439279042832,1.0
FHL3,-0.8749999999999982,0.8846597782463905,1.0
NEDD4L,-0.8749999999999964,0.9339357280136042,1.0
NIPBL,-0.8700000000000028,0.8618044330490108,1.0
SLC1A4,-0.870000000000001,0.5396009774503636,1.0
C8orf82,-0.870000000000001,0.7908082597408556,1.0
ZBTB26,-0.8700000000000001,0.4940531510041464,1.0
ANKRD17,-0.8650000000000055,0.6043966897165155,1.0
TMEM144,-0.8650000000000011,0.4213548269831777,1.0
MAP3K21,-0.8650000000000002,0.3818280646769783,1.0
CLMP,-0.8650000000000002,0.9010451411117566,1.0
GPC6,-0.8650000000000002,0.41658371785687753,1.0
ZBTB12,-0.8649999999999993,0.6454714485353458,1.0
PRR13,-0.8600000000000136,0.7653835124598296,1.0
TMEM35B,-0.8600000000000065,0.46571526862558976,1.0
ANKRD54,-0.860000000000003,0.384088249473852,1.0
ABCA2,-0.860000000000003,0.4682535513976369,1.0
GORAB,-0.8600000000000012,0.5450945558532493,1.0
ALDH6A1,-0.8600000000000003,0.8325907534174406,1.0
ALKBH8,-0.8600000000000003,0.9372319393764333,1.0
TRNP1,-0.8599999999999994,0.5561643473205113,1.0
PMVK,-0.8550000000000182,0.940529226774238,1.0
MCM3AP,-0.855000000000004,1.0,1.0
METTL6,-0.855000000000004,0.636572443127301,1.0
UNC13D,-0.8550000000000002,0.41658371785687753,1.0
DERL3,-0.8549999999999999,0.8196782427441914,1.0
GOLGA1,-0.8549999999999986,0.5205943866712266,1.0
ZNF33B,-0.8549999999999986,0.749618556161363,1.0
INTS5,-0.8500000000000032,0.8813883875991326,1.0
SFT2D2,-0.8499999999999996,0.45814647715894785,1.0
ZNF865,-0.8499999999999979,0.4407571178182137,1.0
PYGO2,-0.8450000000000024,0.4071376698379916,1.0
OXNAD1,-0.8450000000000006,0.5786275093766506,1.0
RNF214,-0.8449999999999971,0.8229019354214293,1.0
ZMPSTE24,-0.8400000000000034,0.7590654489309898,1.0
ZNF506,-0.8400000000000012,0.534135262077375,1.0
CPS1,-0.8400000000000007,0.6998983649396864,1.0
LIN52,-0.8399999999999999,0.6247883740723336,1.0
EDN1,-0.8399999999999994,0.8683235982021273,1.0
C1orf159,-0.8399999999999981,0.4606617114605923,1.0
RRP1B,-0.8399999999999963,0.6424993873606966,1.0
POR,-0.835000000000008,0.5561643473205113,1.0
ANKRD26,-0.8350000000000017,0.9438275338976189,1.0
RWDD4,-0.8350000000000009,0.8813883875991326,1.0
ITPKB,-0.8350000000000004,0.7433413319545803,1.0
ZBTB10,-0.835,0.6604160308082985,1.0
RHBDL2,-0.8349999999999997,0.5098904587440031,1.0
CDK8,-0.8349999999999991,0.7685484371305833,1.0
PCNX2,-0.8349999999999991,0.6395330389318583,1.0
TSNARE1,-0.8349999999999991,0.4606617114605923,1.0
GADD45B,-0.8349999999999973,0.9735488709352259,1.0
IGF2BP2,-0.8349999999999866,0.7653835124598296,1.0
CORO1B,-0.8300000000000125,0.6072914543107184,1.0
TTC21B,-0.8300000000000027,0.4631846485772054,1.0
TTC39C,-0.8300000000000001,0.5617400706970093,1.0
MPZL3,-0.8299999999999998,0.950426981824129,1.0
LDAH,-0.8299999999999983,0.9636356313037896,1.0
CNOT4,-0.8250000000000028,0.794002680192762,1.0
URGCP,-0.8250000000000028,0.5259894390505462,1.0
ZMYM5,-0.8250000000000011,0.813240042910631,1.0
PRR5L,-0.825,0.6998983649396864,1.0
GRK5,-0.8249999999999995,0.43585911500840513,1.0
ZCCHC2,-0.8249999999999984,0.5617400706970093,1.0
COG4,-0.8249999999999957,0.5179075922305545,1.0
TICAM1,-0.8249999999999957,0.621857129896537,1.0
TFPT,-0.8249999999999851,0.9043275087039068,1.0
OTUD3,-0.8200000000000012,0.4237523539300838,1.0
ESRP1,-0.8200000000000001,0.47848289419213597,1.0
LIPG,-0.8199999999999998,0.49667429717814027,1.0
CBSL,-0.8199999999999998,0.5589488326624473,1.0
STK32C,-0.8150000000000013,0.7246132746430569,1.0
ZHX2,-0.8149999999999995,0.8944855348490495,1.0
ZSCAN30,-0.8149999999999995,0.384088249473852,1.0
GOLGA3,-0.8100000000000129,0.8100256403943001,1.0
PBX2,-0.8100000000000094,0.8813883875991326,1.0
ZNF107,-0.810000000000004,0.9339357280136042,1.0
DCUN1D3,-0.8050000000000006,0.8036064905718427,1.0
ARFGEF1,-0.8049999999999962,0.4606617114605923,1.0
MCAT,-0.8049999999999962,0.5757964313912116,1.0
FP565260.1,-0.8000000000000043,0.8977644646746489,1.0
PRR22,-0.8,0.5871597544033558,1.0
MAPK13,-0.7999999999999998,0.737081122297987,1.0
XKR6,-0.7999999999999998,0.6160126376872717,1.0
ZMYND11,-0.7950000000000053,0.950426981824129,1.0
UBXN2B,-0.7950000000000035,0.9240541123816033,1.0
KDM6A,-0.7950000000000017,0.6785294870658231,1.0
CFAP44,-0.7949999999999999,0.3818280646769783,1.0
AADAT,-0.794999999999999,0.737081122297987,1.0
PAFAH1B2,-0.7900000000000063,0.6424993873606966,1.0
IQCE,-0.7900000000000027,0.6306686675294741,1.0
COL27A1,-0.7900000000000009,0.5286976420682703,1.0
ANKRD50,-0.79,0.47848289419213597,1.0
CTAGE8,-0.79,0.42615784298026116,1.0
FOXA1,-0.7899999999999998,0.9669394958014216,1.0
TMEM116,-0.785000000000001,0.8846597782463905,1.0
HKDC1,-0.7850000000000001,0.5673426777793709,1.0
THAP6,-0.7850000000000001,0.4407571178182137,1.0
CRTC1,-0.7849999999999984,0.7060485703056018,1.0
HSBP1L1,-0.7849999999999984,0.749618556161363,1.0
PGGT1B,-0.7849999999999966,0.6247883740723336,1.0
WAPL,-0.7800000000000047,0.45563896523052283,1.0
CBARP,-0.7799999999999998,0.8650628677291835,1.0
MYRF,-0.7799999999999994,0.8487947368200934,1.0
KTI12,-0.7799999999999976,0.7215075408530456,1.0
LRRC14,-0.779999999999994,0.7876173493946396,1.0
MRRF,-0.7799999999999869,0.8813883875991326,1.0
TRUB1,-0.7750000000000039,0.40013769753329187,1.0
RBM4B,-0.7750000000000021,0.5900167260288813,1.0
NSUN3,-0.7750000000000012,0.48623432138829725,1.0
ZNF100,-0.7750000000000006,0.7717172243455237,1.0
ZNF607,-0.7750000000000004,0.4836429926527509,1.0
PLAGL1,-0.774999999999999,0.7339575177052757,1.0
ZCCHC7,-0.7749999999999986,0.9207627671027185,1.0
MSL2,-0.7749999999999986,0.6189318717934644,1.0
FNTB,-0.7700000000000014,0.6130994652172653,1.0
GASK1B,-0.7700000000000009,0.5729719113688719,1.0
ZNF398,-0.7700000000000005,0.636572443127301,1.0
ZNF577,-0.77,0.8879331364078507,1.0
ANO7,-0.7699999999999996,0.47591416910232376,1.0
BDP1,-0.7699999999999978,0.9339357280136042,1.0
PTPN9,-0.7650000000000041,0.6247883740723336,1.0
F2R,-0.7650000000000041,0.9603323910593005,1.0
MAP2K7,-0.7650000000000006,0.621857129896537,1.0
NAIP,-0.7650000000000001,0.39551150205256314,1.0
SLC9A3,-0.7649999999999999,0.5098904587440031,1.0
CRTC3,-0.7600000000000051,0.5617400706970093,1.0
LCN2,-0.7600000000000002,0.7748898243174053,1.0
LCP1,-0.7599999999999998,0.5757964313912116,1.0
NANOS1,-0.7599999999999998,0.4888331394973101,1.0
ASB7,-0.7599999999999989,0.9141842025623018,1.0
TECPR2,-0.7599999999999971,0.5368646222462607,1.0
PPP2R1A,-0.7599999999999767,0.696830597247795,1.0
SMC6,-0.7550000000000061,0.636572443127301,1.0
DOP1B,-0.7550000000000026,0.7717172243455237,1.0
HNRNPLL,-0.7550000000000026,0.8879331364078507,1.0
ADM,-0.7550000000000026,0.6907099557705141,1.0
SEPTIN3,-0.7549999999999999,0.43585911500840513,1.0
ADAM23,-0.7549999999999999,0.7433413319545803,1.0
SNX30,-0.7549999999999999,0.38635660260863647,1.0
ZNF470,-0.7549999999999999,0.4810591760941474,1.0
KLHL42,-0.754999999999999,0.9207627671027185,1.0
SMU1,-0.7549999999999866,0.8036064905718427,1.0
GNB4,-0.7500000000000018,0.8325907534174406,1.0
ZNF606,-0.7500000000000009,0.7717172243455237,1.0
SUSD6,-0.75,0.47335302265608303,1.0
PLSCR4,-0.75,0.7908082597408556,1.0
TMEM67,-0.75,0.40246294289693907,1.0
ARL17A,-0.75,0.6130994652172653,1.0
TMEM143,-0.7499999999999978,0.4383041828410795,1.0
FAM160B2,-0.7499999999999964,0.7590654489309898,1.0
SEPTIN7,-0.7499999999998295,0.9471268043847221,1.0
PRKCI,-0.7450000000000081,0.950426981824129,1.0
PDP2,-0.7450000000000001,0.45563896523052283,1.0
TMEM86B,-0.7449999999999999,0.43585911500840513,1.0
RAPGEFL1,-0.7449999999999997,0.6846094685667796,1.0
B3GALT6,-0.7449999999999939,0.5533866460521025,1.0
ZNF385A,-0.7400000000000002,0.5098904587440031,1.0
CATSPER1,-0.7400000000000002,0.9933860817420452,1.0
ZBTB14,-0.7400000000000002,0.9867726179369976,1.0
CYTH2,-0.7350000000000065,0.47335302265608303,1.0
PEX10,-0.7350000000000048,0.8455485934494391,1.0
ZNF625,-0.7350000000000003,0.3818280646769783,1.0
RFX7,-0.7349999999999994,0.5533866460521025,1.0
RFC2,-0.730000000000004,0.696830597247795,1.0
SNRK,-0.7300000000000013,0.8229019354214293,1.0
TBC1D12,-0.73,0.621857129896537,1.0
ZNF529,-0.73,0.9867726179369976,1.0
TUBGCP4,-0.7299999999999986,0.8196782427441914,1.0
TIMELESS,-0.7250000000000085,0.996693012466618,1.0
SMARCA5,-0.7250000000000085,0.8358260965628809,1.0
VARS1,-0.7250000000000085,0.5396009774503636,1.0
WASHC1,-0.7250000000000014,0.9339357280136042,1.0
SLC24A1,-0.7250000000000005,0.45313919490861054,1.0
FZD8,-0.7250000000000003,0.6664324268587869,1.0
OTUB2,-0.7249999999999999,0.7153098743639731,1.0
C19orf57,-0.7249999999999999,0.5786275093766506,1.0
KIF9,-0.7249999999999979,0.8552946682228153,1.0
IFT88,-0.7200000000000033,0.940529226774238,1.0
TRIM38,-0.7200000000000015,0.5786275093766506,1.0
ZNF148,-0.7200000000000006,0.657416013591166,1.0
REXO5,-0.7199999999999998,0.7091309176902658,1.0
FSD1,-0.7199999999999998,0.7122180342879179,1.0
CCDC174,-0.7199999999999989,0.5368646222462607,1.0
ELF2,-0.7199999999999935,0.4707994763603818,1.0
SURF6,-0.7150000000000034,0.9076115119079285,1.0
RNF213,-0.7150000000000034,0.40479627104040006,1.0
PARP8,-0.7150000000000025,0.5286976420682703,1.0
HOXC10,-0.7150000000000016,0.9438275338976189,1.0
INTS6L,-0.7150000000000007,0.8748517286674501,1.0
PEX16,-0.7149999999999999,0.9603323910593005,1.0
RAE1,-0.7149999999999963,0.8358260965628809,1.0
COMMD7,-0.7149999999999963,0.8164575944411389,1.0
VTI1A,-0.7149999999999963,0.8196782427441914,1.0
TGFB1I1,-0.714999999999991,0.45563896523052283,1.0
ACO2,-0.7149999999999892,0.4836429926527509,1.0
SNPH,-0.7100000000000004,0.794002680192762,1.0
RALGPS1,-0.7100000000000004,0.5701539825270272,1.0
TMEM25,-0.7100000000000004,0.5072325853424271,1.0
PPP1R13B,-0.7050000000000018,0.7308383100563765,1.0
ABCC10,-0.7050000000000018,0.842305069932857,1.0
PIK3R1,-0.7050000000000018,0.6189318717934644,1.0
SECTM1,-0.7050000000000005,0.5617400706970093,1.0
PAQR8,-0.7050000000000001,0.6454714485353458,1.0
NUTM2D,-0.7050000000000001,0.534135262077375,1.0
ZIK1,-0.7049999999999998,0.5871597544033558,1.0
C1GALT1,-0.7049999999999983,0.696830597247795,1.0
FAN1,-0.7000000000000082,0.45814647715894785,1.0
RDM1,-0.7000000000000006,0.8325907534174406,1.0
CARF,-0.7000000000000002,0.4383041828410795,1.0
PRR16,-0.6999999999999997,0.648449182304075,1.0
MIEF1,-0.6999999999999993,0.9207627671027185,1.0
MINDY2,-0.6950000000000012,0.4213548269831777,1.0
NARS2,-0.6950000000000003,0.6424993873606966,1.0
PDE3B,-0.6950000000000001,0.47335302265608303,1.0
ANKRD44,-0.6949999999999998,0.46571526862558976,1.0
AMOT,-0.6949999999999998,0.6101923917365532,1.0
STAT5A,-0.6949999999999998,0.6604160308082985,1.0
GLI2,-0.6949999999999994,0.4606617114605923,1.0
LINS1,-0.6949999999999985,0.8846597782463905,1.0
TYMP,-0.6949999999999967,0.5286976420682703,1.0
ILRUN,-0.6949999999999932,0.7402090762983753,1.0
PRPF40A,-0.6900000000000119,0.8196782427441914,1.0
ABHD14A,-0.6900000000000013,0.8100256403943001,1.0
VIRMA,-0.6899999999999942,0.5673426777793709,1.0
NOCT,-0.6850000000000014,0.46571526862558976,1.0
FBXL7,-0.6849999999999999,0.6101923917365532,1.0
SIMC1,-0.6849999999999996,0.7972005596761405,1.0
E2F3,-0.6849999999999987,0.9076115119079285,1.0
RP2,-0.684999999999997,0.737081122297987,1.0
UBE4B,-0.6800000000000068,0.8552946682228153,1.0
PACRGL,-0.6800000000000033,0.5957497963320737,1.0
ZNF592,-0.6800000000000033,0.45814647715894785,1.0
HOMEZ,-0.6800000000000006,0.8813883875991326,1.0
ATAT1,-0.6799999999999997,0.9537280097577494,1.0
METAP1D,-0.6799999999999997,0.7653835124598296,1.0
DENND6B,-0.6799999999999997,0.4810591760941474,1.0
RNLS,-0.6799999999999993,0.5205943866712266,1.0
WNT7B,-0.6799999999999993,0.5533866460521025,1.0
USP25,-0.6799999999999979,0.858548348480541,1.0
CHMP2B,-0.6799999999999855,0.5506157599288712,1.0
WBP11,-0.6750000000000043,0.9207627671027185,1.0
QRSL1,-0.6750000000000025,0.5450945558532493,1.0
PEDS1,-0.6750000000000007,0.9471268043847221,1.0
TIGD5,-0.6750000000000003,0.5645380297349106,1.0
MCM9,-0.6749999999999998,0.8455485934494391,1.0
UBR1,-0.6749999999999972,0.6694487219140669,1.0
PRKACB,-0.6700000000000017,0.7402090762983753,1.0
BLOC1S3,-0.6700000000000008,0.9339357280136042,1.0
SMIM10,-0.6700000000000004,0.9603323910593005,1.0
PIAS1,-0.665000000000008,0.621857129896537,1.0
ELMOD3,-0.6650000000000027,0.9933860817420452,1.0
SERTAD1,-0.6649999999999991,0.7402090762983753,1.0
NIPSNAP3A,-0.6649999999999974,0.7339575177052757,1.0
BAIAP2,-0.664999999999992,0.7091309176902658,1.0
SART3,-0.6600000000000037,0.8813883875991326,1.0
ZBED8,-0.6600000000000006,0.40479627104040006,1.0
RASSF4,-0.6599999999999997,0.3978205467559196,1.0
CCDC88B,-0.6599999999999993,0.7876173493946396,1.0
STEAP3,-0.6550000000000047,0.8944855348490495,1.0
KATNAL1,-0.6550000000000011,0.9372319393764333,1.0
NUAK2,-0.6550000000000002,0.37957605749041823,1.0
KBTBD7,-0.6549999999999998,0.45563896523052283,1.0
RAP2B,-0.6549999999999976,0.7339575177052757,1.0
CUL7,-0.654999999999994,0.3978205467559196,1.0
C16orf91,-0.6500000000000057,0.7844300000516808,1.0
ZNF222,-0.6500000000000008,0.384088249473852,1.0
NIPAL1,-0.6499999999999999,0.858548348480541,1.0
SRCIN1,-0.6499999999999999,0.4309926469959029,1.0
HSD17B4,-0.6450000000000102,0.7029710376341284,1.0
PUS7L,-0.6450000000000022,0.7812462624304687,1.0
ZBTB21,-0.6450000000000022,0.547851719712373,1.0
CCDC136,-0.645,0.696830597247795,1.0
RC3H1,-0.6449999999999996,0.4309926469959029,1.0
TSEN2,-0.6449999999999996,0.6846094685667796,1.0
OXSR1,-0.644999999999996,0.858548348480541,1.0
TMEM179B,-0.644999999999996,0.6785294870658231,1.0
PRKCE,-0.6400000000000032,0.6664324268587869,1.0
ZNF319,-0.6400000000000019,0.7653835124598296,1.0
CDC5L,-0.6400000000000006,0.5450945558532493,1.0
SRGN,-0.6400000000000001,0.8618044330490108,1.0
MCOLN2,-0.6400000000000001,0.8358260965628809,1.0
PARD6A,-0.6350000000000002,0.8618044330490108,1.0
ISL2,-0.635,0.7153098743639731,1.0
SPSB2,-0.6349999999999998,0.8748517286674501,1.0
RBM18,-0.6349999999999998,0.8100256403943001,1.0
YBEY,-0.6349999999999962,0.5561643473205113,1.0
FOXN2,-0.6300000000000026,0.8325907534174406,1.0
ITSN2,-0.6300000000000008,0.737081122297987,1.0
TM4SF18,-0.6299999999999999,0.7590654489309898,1.0
TMEM106A,-0.6299999999999994,0.5098904587440031,1.0
NUP62,-0.6250000000000284,0.7590654489309898,1.0
AMER1,-0.625,0.6937677793437123,1.0
NHLRC1,-0.6249999999999999,0.6277255661132192,1.0
EPCAM,-0.6249999999999987,0.950426981824129,1.0
CTBS,-0.6249999999999982,0.8618044330490108,1.0
IFNGR1,-0.6249999999999964,0.7464778413011777,1.0
TAF1,-0.6200000000000045,0.43585911500840513,1.0
AP001453.3,-0.6200000000000019,0.8813883875991326,1.0
CREBZF,-0.620000000000001,0.5396009774503636,1.0
SLC2A10,-0.6199999999999997,0.8004018469425622,1.0
PLEKHO1,-0.6199999999999992,0.9537280097577494,1.0
NEDD4,-0.6199999999999992,0.8879331364078507,1.0
USP54,-0.6199999999999992,0.6785294870658231,1.0
CRADD,-0.6199999999999992,0.5423442984904308,1.0
PTGR2,-0.6199999999999957,0.8552946682228153,1.0
ZNF32,-0.6150000000000091,0.8390642198295792,1.0
ZNF841,-0.6150000000000029,0.4285712791158539,1.0
HOXC4,-0.6150000000000002,0.4071376698379916,1.0
OCEL1,-0.6149999999999984,0.3978205467559196,1.0
ZDHHC13,-0.6149999999999984,0.672470358702386,1.0
CMTM3,-0.6149999999999949,0.9669394958014216,1.0
ZFYVE19,-0.6149999999999949,0.4682535513976369,1.0
ZNF790,-0.6099999999999999,0.5423442984904308,1.0
MAN1A1,-0.6099999999999997,0.7972005596761405,1.0
CRBN,-0.6099999999999994,0.9339357280136042,1.0
SAC3D1,-0.6099999999999994,0.6664324268587869,1.0
SETD6,-0.6050000000000058,0.45563896523052283,1.0
TBC1D30,-0.6050000000000002,0.49667429717814027,1.0
CSTF2T,-0.6049999999999969,0.7153098743639731,1.0
NEK1,-0.6000000000000005,0.8650628677291835,1.0
PLLP,-0.6000000000000001,0.621857129896537,1.0
FAM110C,-0.6,0.3978205467559196,1.0
DEPP1,-0.5999999999999994,0.40479627104040006,1.0
ANKRD12,-0.5999999999999988,0.737081122297987,1.0
LARP6,-0.5950000000000095,0.44816295439279763,1.0
OPHN1,-0.5950000000000002,0.42615784298026116,1.0
PIK3IP1,-0.5950000000000002,0.5396009774503636,1.0
MISP3,-0.5950000000000002,0.7246132746430569,1.0
KCNC4,-0.5949999999999998,0.4432179029796727,1.0
SLC10A7,-0.594999999999998,0.7622224999271966,1.0
NEIL1,-0.594999999999998,0.41896527683459084,1.0
HAUS4,-0.5949999999999918,0.9603323910593005,1.0
SUPT5H,-0.5900000000000176,0.8715865700317355,1.0
ST3GAL6,-0.5900000000000021,0.5729719113688719,1.0
CLK4,-0.5900000000000016,0.6015081344405899,1.0
NPHP1,-0.5900000000000007,0.6634215158168552,1.0
SNCG,-0.5900000000000007,0.38635660260863647,1.0
CCDC77,-0.5899999999999999,0.9010451411117566,1.0
ATG4C,-0.5899999999999999,0.6189318717934644,1.0
MEX3B,-0.5899999999999996,0.8879331364078507,1.0
RASA1,-0.5899999999999928,0.6604160308082985,1.0
PIGK,-0.5899999999999892,0.5396009774503636,1.0
MAN2A1,-0.5850000000000026,0.6043966897165155,1.0
EPS15L1,-0.5850000000000009,0.6424993873606966,1.0
BRD3,-0.5850000000000009,0.9603323910593005,1.0
LRRC75B,-0.5850000000000009,0.6664324268587869,1.0
ASAH2B,-0.5850000000000009,0.4940531510041464,1.0
ZNF587B,-0.5850000000000009,0.657416013591166,1.0
ZNF354C,-0.5850000000000001,0.8261286199203182,1.0
ZNF701,-0.585,0.7748898243174053,1.0
ZNF570,-0.5849999999999995,0.5019387498867459,1.0
XRN2,-0.5800000000000196,0.8618044330490108,1.0
ANKRD42,-0.5800000000000027,0.49667429717814027,1.0
TOR1AIP2,-0.5800000000000018,0.5900167260288813,1.0
TSGA10,-0.580000000000001,0.7339575177052757,1.0
HLX,-0.5800000000000001,0.5019387498867459,1.0
NCAM1,-0.5800000000000001,0.5098904587440031,1.0
PDLIM3,-0.5800000000000001,0.5179075922305545,1.0
CASP10,-0.5799999999999996,0.7246132746430569,1.0
VSIG10L,-0.5799999999999996,0.858548348480541,1.0
NT5M,-0.5799999999999994,0.7844300000516808,1.0
ZNF766,-0.5799999999999992,0.5045820072621465,1.0
PRICKLE3,-0.5799999999999965,0.9076115119079285,1.0
ATXN2,-0.5799999999999912,0.940529226774238,1.0
LCA5,-0.5749999999999997,0.37733223687257855,1.0
TRIM35,-0.5749999999999993,0.41896527683459084,1.0
PNO1,-0.5749999999999922,0.5814651118050964,1.0
RBBP6,-0.5749999999999851,0.9076115119079285,1.0
CCDC58,-0.5700000000000358,0.996693012466618,1.0
TSEN54,-0.5700000000000074,0.8781190194469978,1.0
ARL5B,-0.5700000000000021,0.5423442984904308,1.0
SPACA9,-0.5700000000000003,0.5396009774503636,1.0
SYMPK,-0.565000000000019,0.6424993873606966,1.0
POLE4,-0.5650000000000119,0.5729719113688719,1.0
YPEL2,-0.5650000000000004,0.6604160308082985,1.0
MBNL3,-0.565,0.6754972946848711,1.0
BFSP1,-0.565,0.6043966897165155,1.0
GLRB,-0.5600000000000005,0.8944855348490495,1.0
ZNF879,-0.56,0.648449182304075,1.0
CPEB1,-0.5599999999999996,0.5045820072621465,1.0
HDAC10,-0.5599999999999987,0.5098904587440031,1.0
NAGPA,-0.5599999999999987,0.5125556017624364,1.0
RNF111,-0.5599999999999987,0.9043275087039068,1.0
NUDT15,-0.5550000000000068,0.5871597544033558,1.0
MTF1,-0.5550000000000006,0.4888331394973101,1.0
TET3,-0.5549999999999997,0.5928800850110119,1.0
RRP8,-0.5549999999999979,0.5232883447117399,1.0
PACSIN3,-0.5549999999999891,0.8100256403943001,1.0
TXNL1,-0.5549999999999784,0.8100256403943001,1.0
PTPN14,-0.5500000000000025,0.8748517286674501,1.0
FITM2,-0.5500000000000007,0.4888331394973101,1.0
CLHC1,-0.5499999999999998,0.4213548269831777,1.0
USPL1,-0.5499999999999963,0.5125556017624364,1.0
RAB43,-0.5499999999999963,0.5368646222462607,1.0
EHD4,-0.5499999999999954,0.7685484371305833,1.0
RHOBTB3,-0.5499999999999936,0.9339357280136042,1.0
ATP6V0E1,-0.5450000000000159,0.8036064905718427,1.0
ITGA6,-0.5450000000000017,0.9207627671027185,1.0
KHK,-0.5450000000000008,0.9010451411117566,1.0
ZNF749,-0.5449999999999999,0.5506157599288712,1.0
SMAD6,-0.5400000000000009,0.4237523539300838,1.0
ING1,-0.5400000000000009,0.8036064905718427,1.0
MFSD2A,-0.54,0.5673426777793709,1.0
DSEL,-0.54,0.5098904587440031,1.0
INTS4,-0.5399999999999991,0.696830597247795,1.0
KBTBD2,-0.5399999999999991,0.9933860817420452,1.0
STK38,-0.5399999999999885,0.8683235982021273,1.0
ALMS1,-0.5350000000000019,0.621857129896537,1.0
IBA57,-0.535000000000001,0.7308383100563765,1.0
TPCN2,-0.5350000000000001,0.5205943866712266,1.0
FAM111B,-0.5350000000000001,0.8813883875991326,1.0
SAMD5,-0.5349999999999999,0.8618044330490108,1.0
TRIM45,-0.5349999999999997,0.41421016410043454,1.0
ARHGEF37,-0.53,0.7091309176902658,1.0
ZNF41,-0.5299999999999994,0.7091309176902658,1.0
NOTCH2NLB,-0.529999999999998,0.5506157599288712,1.0
BTBD1,-0.5250000000000199,0.5589488326624473,1.0
ADGRA2,-0.5250000000000001,0.39551150205256314,1.0
VASH1,-0.5250000000000001,0.5125556017624364,1.0
MAMLD1,-0.5249999999999999,0.9240541123816033,1.0
BMT2,-0.5249999999999986,0.4606617114605923,1.0
RABL3,-0.524999999999995,0.9141842025623018,1.0
PCF11,-0.5200000000000067,0.9801600629440878,1.0
PIKFYVE,-0.5200000000000014,0.8358260965628809,1.0
GARRE1,-0.5200000000000005,0.6754972946848711,1.0
DUSP8,-0.5200000000000005,0.45563896523052283,1.0
ZNF583,-0.52,0.5152279883728814,1.0
APOBEC3G,-0.52,0.5757964313912116,1.0
LGALS9,-0.5199999999999999,0.5843092048547895,1.0
ICAM3,-0.5199999999999987,0.940529226774238,1.0
FRAT2,-0.5199999999999987,0.7812462624304687,1.0
NR2F2,-0.519999999999996,0.7780661870680045,1.0
PIGF,-0.5199999999999818,0.9867726179369976,1.0
TMEM126A,-0.5199999999999747,0.8879331364078507,1.0
TXNDC16,-0.515000000000001,0.5786275093766506,1.0
APBA3,-0.5150000000000006,0.621857129896537,1.0
H2BC21,-0.5150000000000006,0.9933860817420452,1.0
LRRC6,-0.5149999999999999,0.6015081344405899,1.0
STON1,-0.5149999999999999,0.737081122297987,1.0
GPR162,-0.5149999999999999,0.6907099557705141,1.0
FSBP,-0.5149999999999999,0.46571526862558976,1.0
DIPK2A,-0.5149999999999997,0.7308383100563765,1.0
H4-16,-0.5149999999999997,0.5645380297349106,1.0
NEURL1B,-0.5149999999999997,0.996693012466618,1.0
IKZF4,-0.5149999999999995,0.42615784298026116,1.0
SHLD3,-0.5149999999999992,0.8068144389745125,1.0
DHX30,-0.5149999999999793,0.9735488709352259,1.0
HEMK1,-0.5100000000000069,0.41421016410043454,1.0
NUDT13,-0.5100000000000016,0.8520434463522804,1.0
GDPD3,-0.5100000000000002,0.4118446292938597,1.0
PRKAB2,-0.5099999999999998,0.6101923917365532,1.0
HSF2BP,-0.5099999999999998,0.41421016410043454,1.0
TRIM68,-0.5099999999999989,0.6336176395507085,1.0
HBS1L,-0.509999999999998,0.5561643473205113,1.0
UXT,-0.5099999999999625,0.7559124086715863,1.0
PISD,-0.5050000000000097,0.47591416910232376,1.0
TVP23C-CDRT4,-0.5050000000000017,0.5072325853424271,1.0
TOP3A,-0.5050000000000008,0.5423442984904308,1.0
PRRT3,-0.5049999999999999,0.6306686675294741,1.0
CNIH2,-0.5049999999999997,0.6277255661132192,1.0
CNNM4,-0.5049999999999972,0.8358260965628809,1.0
AKAP8,-0.5049999999999955,0.9570298316837188,1.0
POT1,-0.5049999999999937,0.9735488709352259,1.0
C16orf95,-0.5000000000000013,0.657416013591166,1.0
TBKBP1,-0.5000000000000009,0.5645380297349106,1.0
SERPINI1,-0.5000000000000004,0.6454714485353458,1.0
HSD17B14,-0.5,0.5045820072621465,1.0
TSPAN7,-0.5,0.4285712791158539,1.0
SETMAR,-0.5,0.7464778413011777,1.0
YJEFN3,-0.5,0.9174727785181955,1.0
FICD,-0.49999999999999956,0.42615784298026116,1.0
ZSWIM6,-0.4999999999999991,0.9834661984477937,1.0
PSMD9,-0.4999999999999929,0.6072914543107184,1.0
ASCC1,-0.49500000000000455,0.9043275087039068,1.0
GPAM,-0.495000000000001,0.7748898243174053,1.0
KLF7,-0.4950000000000001,0.9603323910593005,1.0
SPATA6,-0.4950000000000001,0.4456865210409048,1.0
FZD2,-0.4950000000000001,0.5673426777793709,1.0
IL7R,-0.495,0.8229019354214293,1.0
BRSK2,-0.4949999999999999,0.5729719113688719,1.0
TLE6,-0.49499999999999966,0.9636356313037896,1.0
ZNF746,-0.4949999999999992,0.749618556161363,1.0
RANBP6,-0.49499999999999744,0.8618044330490108,1.0
ZNF232,-0.4900000000000011,0.9043275087039068,1.0
ZFHX4,-0.49000000000000016,0.45313919490861054,1.0
IRX5,-0.48999999999999977,0.9438275338976189,1.0
FTCDNL1,-0.48999999999999977,0.8846597782463905,1.0
SPEG,-0.4899999999999993,0.9702439279042832,1.0
RNPC3,-0.4850000000000012,0.9867726179369976,1.0
NTN1,-0.4850000000000001,0.6754972946848711,1.0
TRPV2,-0.4849999999999999,0.8229019354214293,1.0
ST3GAL1,-0.48499999999999943,0.7464778413011777,1.0
KCTD18,-0.48499999999999943,0.4456865210409048,1.0
MKNK1,-0.4849999999999959,0.7091309176902658,1.0
TIMM21,-0.4800000000000111,0.6424993873606966,1.0
MBD2,-0.48000000000000753,0.7060485703056018,1.0
VSIG10,-0.4800000000000004,0.8879331364078507,1.0
ZFPM1,-0.4800000000000004,0.4334219309560736,1.0
PCDHB14,-0.48000000000000026,0.45563896523052283,1.0
S1PR5,-0.48000000000000004,0.9669394958014216,1.0
SLIT3,-0.48000000000000004,0.49667429717814027,1.0
XYLB,-0.47999999999999954,0.6101923917365532,1.0
ZBTB46,-0.4799999999999993,0.4606617114605923,1.0
CCDC186,-0.4799999999999969,0.4836429926527509,1.0
ZFYVE28,-0.4750000000000014,0.4334219309560736,1.0
ZNF665,-0.47500000000000003,0.8261286199203182,1.0
TRAF5,-0.47499999999999964,0.9207627671027185,1.0
DNMT3B,-0.47499999999999964,1.0,1.0
TBC1D2,-0.47499999999999964,0.8683235982021273,1.0
CILK1,-0.47499999999999964,0.4285712791158539,1.0
C3orf33,-0.4749999999999992,0.40479627104040006,1.0
ZNF37A,-0.47499999999999876,0.5645380297349106,1.0
PANX1,-0.47499999999999787,0.6634215158168552,1.0
SETD4,-0.47499999999999787,0.9306406489398111,1.0
DYNC1I2,-0.4700000000000273,0.6907099557705141,1.0
PPP1CB,-0.47000000000000597,0.5617400706970093,1.0
UNC13B,-0.4700000000000015,0.40479627104040006,1.0
TIGD6,-0.4700000000000011,0.9010451411117566,1.0
NBEAL1,-0.47000000000000064,0.9240541123816033,1.0
MAP6D1,-0.4700000000000003,0.4631846485772054,1.0
PTPRB,-0.47000000000000003,0.7972005596761405,1.0
LY96,-0.47,0.4914394238527241,1.0
CASP2,-0.46999999999999176,0.6815668927944767,1.0
MED1,-0.4650000000000034,0.8487947368200934,1.0
HK2,-0.4650000000000034,0.40948712684432786,1.0
XPO4,-0.46500000000000163,0.8036064905718427,1.0
ZNF785,-0.46500000000000163,0.9669394958014216,1.0
S100A3,-0.4650000000000003,0.6336176395507085,1.0
PNMA6A,-0.465,0.5757964313912116,1.0
WFDC3,-0.46499999999999997,0.794002680192762,1.0
RALGPS2,-0.46499999999999986,0.3978205467559196,1.0
SLC27A2,-0.46499999999999986,0.8196782427441914,1.0
NANP,-0.46499999999999986,0.5423442984904308,1.0
SCYL3,-0.4649999999999994,0.5900167260288813,1.0
FAM217B,-0.4649999999999981,0.5072325853424271,1.0
NGDN,-0.46000000000001506,0.42615784298026116,1.0
HDAC5,-0.46000000000000263,0.6072914543107184,1.0
TIMM22,-0.46000000000000263,0.9933860817420452,1.0
DUSP15,-0.4600000000000001,0.6043966897165155,1.0
PKIB,-0.45999999999999996,0.5232883447117399,1.0
CCDC127,-0.45999999999999996,0.40013769753329187,1.0
LAT,-0.45999999999999996,0.9834661984477937,1.0
ZSWIM3,-0.4599999999999995,0.6815668927944767,1.0
TRPC1,-0.4599999999999995,0.8455485934494391,1.0
NHLRC2,-0.4599999999999991,0.4810591760941474,1.0
MOB1A,-0.45999999999999375,0.8455485934494391,1.0
ICE2,-0.4550000000000054,0.7876173493946396,1.0
RBM48,-0.45500000000000274,0.8552946682228153,1.0
AASDH,-0.45500000000000274,0.7748898243174053,1.0
TESMIN,-0.45500000000000096,1.0,1.0
CRACD,-0.45500000000000007,0.7908082597408556,1.0
SLC46A3,-0.45500000000000007,0.47335302265608303,1.0
SHQ1,-0.45500000000000007,0.9603323910593005,1.0
LRRC3,-0.45500000000000007,0.5450945558532493,1.0
THAP9,-0.45500000000000007,0.3978205467559196,1.0
AATK,-0.455,0.6101923917365532,1.0
IL17RA,-0.4549999999999992,0.5450945558532493,1.0
FKBP1B,-0.4549999999999983,0.7122180342879179,1.0
CERK,-0.4549999999999912,0.9471268043847221,1.0
UBE2W,-0.45000000000000284,0.9867726179369976,1.0
CCDC121,-0.4500000000000002,0.5561643473205113,1.0
CPLX1,-0.44999999999999984,0.7527634281491498,1.0
ERAL1,-0.4450000000000074,0.7972005596761405,1.0
CTSK,-0.44500000000000073,0.9076115119079285,1.0
AKAP11,-0.4450000000000003,0.6395330389318583,1.0
SPRYD3,-0.4450000000000003,0.5957497963320737,1.0
PIGBOS1,-0.4450000000000003,0.8455485934494391,1.0
PRRT1,-0.44499999999999984,0.39091777522840465,1.0
STARD8,-0.44499999999999973,0.858548348480541,1.0
ARHGAP32,-0.4449999999999985,0.9933860817420452,1.0
PTBP3,-0.44000000000000483,0.9867726179369976,1.0
TARS3,-0.4400000000000004,0.40479627104040006,1.0
AOC2,-0.44000000000000017,0.3886331144942722,1.0
GPRC5D,-0.44,0.5506157599288712,1.0
OTULINL,-0.43999999999999995,0.5900167260288813,1.0
FCMR,-0.4399999999999997,0.5673426777793709,1.0
USP4,-0.4399999999999977,0.9537280097577494,1.0
SYT11,-0.43499999999999983,0.7029710376341284,1.0
SLX1B,-0.4349999999999996,0.5396009774503636,1.0
BRAP,-0.43499999999999517,0.8261286199203182,1.0
PRCC,-0.43499999999999517,0.7653835124598296,1.0
DUSP3,-0.4349999999999916,0.7780661870680045,1.0
ARHGAP17,-0.43000000000000327,0.829358243536714,1.0
CARNMT1,-0.4300000000000015,0.7091309176902658,1.0
CLCN4,-0.4300000000000006,0.39091777522840465,1.0
RAB3B,-0.43000000000000016,0.7844300000516808,1.0
GOLT1A,-0.43000000000000005,0.5986258246782183,1.0
ZNF813,-0.43000000000000005,0.6604160308082985,1.0
TMEM255B,-0.42999999999999994,0.6754972946848711,1.0
SCAMP3,-0.42500000000001137,0.9339357280136042,1.0
MICAL1,-0.4250000000000096,0.4237523539300838,1.0
AFG1L,-0.4250000000000007,0.45814647715894785,1.0
SMIM10L1,-0.4250000000000007,0.940529226774238,1.0
KBTBD11,-0.4250000000000001,0.47335302265608303,1.0
SLC7A8,-0.42500000000000004,0.6101923917365532,1.0
OLFML3,-0.425,0.8261286199203182,1.0
ZNF296,-0.4249999999999998,0.8748517286674501,1.0
ZNF124,-0.4249999999999998,0.621857129896537,1.0
KCTD6,-0.42499999999999893,0.6634215158168552,1.0
POMK,-0.42499999999999716,0.9735488709352259,1.0
PUS10,-0.4200000000000008,0.6395330389318583,1.0
ZSWIM1,-0.4200000000000008,0.7402090762983753,1.0
SLC25A21,-0.42000000000000004,0.4285712791158539,1.0
PAK6,-0.42,0.49667429717814027,1.0
CFH,-0.41999999999999993,0.5205943866712266,1.0
CAMK1,-0.41999999999999993,0.8683235982021273,1.0
DENND11,-0.41999999999999904,0.7091309176902658,1.0
USP40,-0.41999999999999815,0.8879331364078507,1.0
RFX5,-0.4199999999999875,0.8358260965628809,1.0
PITPNM3,-0.4150000000000001,0.6101923917365532,1.0
DTX4,-0.41500000000000004,0.5645380297349106,1.0
CCL28,-0.4149999999999999,0.40246294289693907,1.0
PLCD1,-0.41499999999999826,0.5396009774503636,1.0
CTNS,-0.4100000000000037,0.5757964313912116,1.0
TIGD7,-0.41000000000000014,0.4810591760941474,1.0
SLC16A14,-0.41000000000000003,0.5617400706970093,1.0
PCDHGB2,-0.41,0.829358243536714,1.0
NRG2,-0.4099999999999999,0.8229019354214293,1.0
CNIH3,-0.4099999999999997,0.9570298316837188,1.0
UHRF1BP1L,-0.4099999999999966,0.6424993873606966,1.0
CCNT2,-0.40999999999999304,0.6846094685667796,1.0
RERE,-0.40999999999999304,0.842305069932857,1.0
INTU,-0.40500000000000025,0.8487947368200934,1.0
TMEM238,-0.40499999999999997,0.8650628677291835,1.0
GIPR,-0.4049999999999998,0.5179075922305545,1.0
ZNF182,-0.4049999999999998,0.5286976420682703,1.0
SAMD8,-0.40499999999999936,0.39091777522840465,1.0
CFAP97,-0.40499999999999936,0.6306686675294741,1.0
RXRB,-0.4049999999999976,0.9933860817420452,1.0
RANBP2,-0.40499999999999403,0.45563896523052283,1.0
GTF2IRD2,-0.40000000000000213,0.8358260965628809,1.0
ZNF467,-0.39999999999999997,0.6604160308082985,1.0
RHBDL1,-0.3999999999999999,0.4118446292938597,1.0
DLX5,-0.3999999999999999,0.45563896523052283,1.0
ACOT11,-0.3999999999999997,0.9174727785181955,1.0
NEK11,-0.39999999999999947,0.39551150205256314,1.0
CEP19,-0.399999999999999,0.5843092048547895,1.0
TMEM223,-0.3999999999999986,0.829358243536714,1.0
KLHL26,-0.39500000000000135,0.40948712684432786,1.0
KRT15,-0.39500000000000046,0.8325907534174406,1.0
CRB3,-0.395,0.5125556017624364,1.0
MYORG,-0.395,0.6101923917365532,1.0
H6PD,-0.3949999999999996,0.6015081344405899,1.0
LNPEP,-0.3949999999999987,0.8261286199203182,1.0
LRRC47,-0.3900000000000041,0.7060485703056018,1.0
SELENOI,-0.39000000000000057,0.4707994763603818,1.0
ZBTB42,-0.39000000000000035,0.6424993873606966,1.0
CEP85L,-0.3900000000000001,0.45814647715894785,1.0
LHX1,-0.3900000000000001,0.5843092048547895,1.0
CYTH1,-0.389999999999997,0.7402090762983753,1.0
SESTD1,-0.389999999999997,0.842305069932857,1.0
MRPL30,-0.38999999999998636,0.8036064905718427,1.0
RTL8A,-0.38999999999997215,0.45064718510155777,1.0
REXO1,-0.3850000000000051,0.9174727785181955,1.0
HACL1,-0.3850000000000051,0.6160126376872717,1.0
DCLK2,-0.38500000000000023,0.6694487219140669,1.0
YBX2,-0.385,0.737081122297987,1.0
PTER,-0.3849999999999998,0.7277235466695502,1.0
FAM169A,-0.3849999999999998,0.47848289419213597,1.0
ZBTB24,-0.38499999999999934,0.5152279883728814,1.0
WDR81,-0.38499999999999623,0.8912084070019073,1.0
EMC6,-0.3849999999999909,0.7717172243455237,1.0
PPM1F,-0.3800000000000079,0.6604160308082985,1.0
MKLN1,-0.38000000000000256,0.7780661870680045,1.0
MYH3,-0.3800000000000001,0.8944855348490495,1.0
MMP11,-0.37999999999999967,0.6514325482434398,1.0
TMEM201,-0.379999999999999,0.621857129896537,1.0
MAPK8,-0.37999999999999545,0.9207627671027185,1.0
PRPF31,-0.37999999999996703,0.8813883875991326,1.0
RNGTT,-0.37500000000000266,0.45064718510155777,1.0
IFIT3,-0.3750000000000018,0.8164575944411389,1.0
CEACAM1,-0.3750000000000002,0.47335302265608303,1.0
VASH2,-0.3750000000000001,0.7246132746430569,1.0
FGF13,-0.37500000000000006,0.6101923917365532,1.0
ANKLE1,-0.37500000000000006,0.43585911500840513,1.0
ZNF610,-0.37500000000000006,0.5396009774503636,1.0
TRMT1L,-0.375,0.8325907534174406,1.0
STK36,-0.375,0.7215075408530456,1.0
P2RY2,-0.37499999999999994,0.45814647715894785,1.0
TMPPE,-0.3749999999999998,0.7527634281491498,1.0
NEURL2,-0.37499999999999956,0.794002680192762,1.0
DIAPH2,-0.37499999999999956,0.8683235982021273,1.0
CCNE2,-0.3749999999999982,0.9735488709352259,1.0
EP300,-0.3749999999999929,0.9339357280136042,1.0
MIA3,-0.3700000000000152,0.9076115119079285,1.0
NCBP3,-0.37000000000001165,0.38635660260863647,1.0
PPP1R35,-0.37000000000001165,0.9010451411117566,1.0
WDR55,-0.37000000000000455,0.8879331364078507,1.0
PRPF38A,-0.37000000000000455,0.829358243536714,1.0
FAM98B,-0.37000000000000277,0.8261286199203182,1.0
GINS4,-0.370000000000001,0.6306686675294741,1.0
ADPRHL1,-0.37000000000000033,0.9372319393764333,1.0
RGPD8,-0.3699999999999992,0.4383041828410795,1.0
WDR47,-0.36999999999999833,0.44816295439279763,1.0
RNF115,-0.36999999999999833,0.9240541123816033,1.0
VHL,-0.36999999999999744,0.829358243536714,1.0
TRMT13,-0.365000000000002,0.4810591760941474,1.0
ORAI2,-0.365000000000002,0.42615784298026116,1.0
ABCF2-H2BE1,-0.365000000000002,0.5957497963320737,1.0
CREBRF,-0.36500000000000066,0.6785294870658231,1.0
PIBF1,-0.3650000000000002,0.7433413319545803,1.0
ARPC4-TTLL3,-0.3650000000000002,0.4914394238527241,1.0
FGF11,-0.365,0.6101923917365532,1.0
GOLGA6L10,-0.365,0.8748517286674501,1.0
DLX4,-0.3649999999999999,0.5757964313912116,1.0
GANAB,-0.36499999999995225,0.4118446292938597,1.0
TBC1D23,-0.36000000000001187,0.5314129258282958,1.0
ATRX,-0.360000000000003,0.5450945558532493,1.0
CLBA1,-0.3600000000000012,0.7590654489309898,1.0
MID2,-0.3600000000000003,0.8781190194469978,1.0
MSC,-0.3599999999999999,1.0,1.0
ACOT2,-0.35999999999999943,0.9076115119079285,1.0
LRCH1,-0.35999999999999943,0.8036064905718427,1.0
SPATA5,-0.359999999999999,0.696830597247795,1.0
ZZEF1,-0.355000000000004,0.8813883875991326,1.0
TEX9,-0.35500000000000087,0.5533866460521025,1.0
ARHGEF26,-0.3550000000000004,0.9603323910593005,1.0
MFHAS1,-0.3550000000000004,0.6544215056598512,1.0
HOMER1,-0.3550000000000004,0.4237523539300838,1.0
SLC4A8,-0.3550000000000002,0.858548348480541,1.0
ANKRD23,-0.3550000000000002,0.41896527683459084,1.0
COL6A3,-0.355,0.45064718510155777,1.0
HSD17B1,-0.35499999999999976,0.37957605749041823,1.0
VWA8,-0.35499999999999954,0.9900792646321629,1.0
ZDHHC23,-0.35499999999999865,0.46571526862558976,1.0
TTC8,-0.3549999999999969,0.5561643473205113,1.0
CAP2,-0.35499999999998977,0.49667429717814027,1.0
EOGT,-0.350000000000005,0.9603323910593005,1.0
MAFF,-0.3500000000000014,0.6424993873606966,1.0
SLC25A53,-0.3500000000000014,0.4456865210409048,1.0
CCDC183,-0.35000000000000014,0.4407571178182137,1.0
FAM161B,-0.3500000000000001,0.6043966897165155,1.0
AIFM3,-0.3499999999999999,0.5645380297349106,1.0
FLVCR2,-0.34999999999999987,0.384088249473852,1.0
FSD1L,-0.34999999999999964,0.6876571708271936,1.0
TRMT10B,-0.34999999999999964,0.6544215056598512,1.0
MTURN,-0.34999999999999964,0.7717172243455237,1.0
MSX1,-0.3499999999999983,0.9339357280136042,1.0
DEF8,-0.3499999999999801,0.9537280097577494,1.0
ATP5F1A,-0.34999999999979536,0.5506157599288712,1.0
RABEP1,-0.34500000000000597,0.5232883447117399,1.0
ZNF789,-0.34500000000000597,0.9735488709352259,1.0
RAB40B,-0.3450000000000042,0.7908082597408556,1.0
TRPM7,-0.3450000000000024,0.4309926469959029,1.0
PUSL1,-0.3450000000000024,0.7590654489309898,1.0
RAD51D,-0.3450000000000024,0.648449182304075,1.0
CABLES2,-0.3450000000000015,0.9076115119079285,1.0
NEGR1,-0.3450000000000001,0.5757964313912116,1.0
ATP8A1,-0.34500000000000003,0.6306686675294741,1.0
DISC1,-0.345,0.5286976420682703,1.0
SAA1,-0.345,0.6754972946848711,1.0
CADPS2,-0.34499999999999975,0.5286976420682703,1.0
JAK2,-0.34499999999999975,0.7153098743639731,1.0
FGFBP3,-0.34499999999999975,0.5506157599288712,1.0
LMTK2,-0.3449999999999962,0.7685484371305833,1.0
MED26,-0.3400000000000025,0.7844300000516808,1.0
CDH24,-0.34000000000000075,0.8325907534174406,1.0
GDPD5,-0.34000000000000075,0.4118446292938597,1.0
EHF,-0.34000000000000014,0.5423442984904308,1.0
MISP,-0.3400000000000001,0.5843092048547895,1.0
CFB,-0.3400000000000001,0.7060485703056018,1.0
FABP6,-0.33999999999999997,0.5045820072621465,1.0
CAVIN2,-0.3399999999999999,0.5533866460521025,1.0
LRRC20,-0.33999999999999986,0.9076115119079285,1.0
RBMXL1,-0.33999999999999986,0.9933860817420452,1.0
ZBTB22,-0.33999999999999986,0.7122180342879179,1.0
ACTR3C,-0.3399999999999994,0.9372319393764333,1.0
GLIS3,-0.33999999999999897,0.940529226774238,1.0
ZNF585A,-0.3350000000000053,0.657416013591166,1.0
SBNO1,-0.33500000000000263,0.8618044330490108,1.0
ZC2HC1A,-0.33500000000000085,0.9867726179369976,1.0
SEMA6C,-0.3350000000000004,0.6876571708271936,1.0
RAPGEF5,-0.3350000000000002,0.696830597247795,1.0
CDHR3,-0.33499999999999996,0.8748517286674501,1.0
RAB3IL1,-0.33499999999999996,0.7339575177052757,1.0
PTRH1,-0.3349999999999973,0.8358260965628809,1.0
SMYD3,-0.33000000000000895,0.48623432138829725,1.0
PPP2R1B,-0.3300000000000072,0.9900792646321629,1.0
USF3,-0.33000000000000274,0.4810591760941474,1.0
HOOK3,-0.33000000000000096,0.9537280097577494,1.0
UVRAG,-0.33000000000000096,0.9339357280136042,1.0
H2AC13,-0.3300000000000003,0.9010451411117566,1.0
FAM184A,-0.33000000000000007,0.6189318717934644,1.0
ATP10A,-0.32999999999999996,0.6336176395507085,1.0
MTMR8,-0.32999999999999985,0.8455485934494391,1.0
GPATCH11,-0.3299999999999992,0.9537280097577494,1.0
EXOC8,-0.3299999999999983,0.9240541123816033,1.0
WDR25,-0.3299999999999983,0.5900167260288813,1.0
PHOSPHO2,-0.3299999999999974,0.7339575177052757,1.0
CRIPT,-0.32500000000000107,0.7402090762983753,1.0
REP15,-0.3250000000000001,0.4914394238527241,1.0
ZNF582,-0.32500000000000007,0.9702439279042832,1.0
C8orf88,-0.32499999999999973,0.9273467583508952,1.0
TENT4B,-0.3249999999999993,0.9570298316837188,1.0
GATAD2B,-0.3249999999999993,0.7277235466695502,1.0
MAP3K8,-0.32499999999999574,0.9273467583508952,1.0
PTRHD1,-0.32000000000001094,0.9141842025623018,1.0
DHX34,-0.32000000000000384,0.6306686675294741,1.0
HOXC8,-0.3200000000000003,0.4606617114605923,1.0
HBG2,-0.3200000000000001,0.6514325482434398,1.0
CCDC191,-0.32000000000000006,0.5232883447117399,1.0
ZMAT1,-0.32000000000000006,0.950426981824129,1.0
SNED1,-0.31999999999999984,0.6247883740723336,1.0
ATP8B3,-0.3199999999999994,0.9603323910593005,1.0
ZNF213,-0.3199999999999985,0.5019387498867459,1.0
SLC4A7,-0.3150000000000013,1.0,1.0
CDC42BPA,-0.3150000000000013,0.9240541123816033,1.0
MTCP1,-0.3150000000000004,0.5814651118050964,1.0
CITED1,-0.315,0.9636356313037896,1.0
MPZL2,-0.315,0.8068144389745125,1.0
HELB,-0.31499999999999995,0.5617400706970093,1.0
RGS16,-0.31499999999999995,0.4810591760941474,1.0
FRAT1,-0.31499999999999995,0.8164575944411389,1.0
LINGO1,-0.31499999999999995,0.5125556017624364,1.0
PPIL6,-0.31499999999999995,0.5396009774503636,1.0
MAML3,-0.31499999999999995,0.7748898243174053,1.0
PEX11G,-0.3149999999999993,0.4836429926527509,1.0
ZNRF3,-0.3149999999999986,0.7184063919514614,1.0
CTDP1,-0.3149999999999942,0.41421016410043454,1.0
NAGA,-0.3100000000000058,0.5072325853424271,1.0
SPTBN4,-0.3100000000000001,0.4606617114605923,1.0
CYP2D6,-0.3099999999999999,0.41896527683459084,1.0
ASB16,-0.30999999999999983,0.39091777522840465,1.0
PPP1R15B,-0.3050000000000068,0.5673426777793709,1.0
ALG10B,-0.30500000000000105,0.4407571178182137,1.0
STARD13,-0.3050000000000006,0.8552946682228153,1.0
ZNF844,-0.30500000000000005,0.8455485934494391,1.0
ITGB6,-0.305,0.38635660260863647,1.0
TGFBR3L,-0.30499999999999994,0.940529226774238,1.0
ZMIZ2,-0.3049999999999997,0.8813883875991326,1.0
JUND,-0.3049999999999997,0.47591416910232376,1.0
GCSH,-0.3049999999999997,0.5125556017624364,1.0
MFSD9,-0.3000000000000034,0.5423442984904308,1.0
PLPPR2,-0.3000000000000007,0.4071376698379916,1.0
PEX11A,-0.3000000000000007,0.6043966897165155,1.0
LHB,-0.3000000000000001,0.7527634281491498,1.0
HNF4G,-0.3000000000000001,0.8164575944411389,1.0
RNF152,-0.3000000000000001,0.8846597782463905,1.0
RTL5,-0.3000000000000001,0.6130994652172653,1.0
CLDN3,-0.30000000000000004,0.5701539825270272,1.0
SYCP2,-0.30000000000000004,0.7908082597408556,1.0
NAP1L3,-0.29999999999999993,0.5617400706970093,1.0
NRIP2,-0.2999999999999998,0.4914394238527241,1.0
GID4,-0.2999999999999998,0.9867726179369976,1.0
PRRT2,-0.2999999999999998,0.5589488326624473,1.0
ADAL,-0.29999999999999893,0.4456865210409048,1.0
PIM3,-0.29999999999999005,0.9702439279042832,1.0
RTCA,-0.2950000000000159,0.7653835124598296,1.0
PM20D2,-0.2950000000000035,0.7812462624304687,1.0
ZC3HAV1L,-0.2950000000000026,0.9471268043847221,1.0
LHFPL6,-0.2950000000000017,0.8100256403943001,1.0
ZXDB,-0.29499999999999993,0.8715865700317355,1.0
ZNF888,-0.29499999999999993,0.8487947368200934,1.0
TMEM74B,-0.2949999999999998,0.4682535513976369,1.0
MED18,-0.29499999999999815,0.8520434463522804,1.0
UBE2L6,-0.2949999999999875,0.5617400706970093,1.0
LLPH,-0.2949999999999804,0.9471268043847221,1.0
FXR1,-0.29000000000000625,0.8748517286674501,1.0
NFX1,-0.2900000000000027,0.8879331364078507,1.0
FAM120C,-0.2900000000000018,0.8846597782463905,1.0
PCSK6,-0.2900000000000005,0.4914394238527241,1.0
TJP3,-0.29000000000000004,0.5045820072621465,1.0
ZNF304,-0.29000000000000004,0.48623432138829725,1.0
FAM43A,-0.29000000000000004,0.45563896523052283,1.0
HRCT1,-0.29000000000000004,0.9174727785181955,1.0
COLGALT2,-0.29000000000000004,0.6815668927944767,1.0
TESK2,-0.2899999999999998,0.4810591760941474,1.0
GSE1,-0.28999999999999915,0.9801600629440878,1.0
TBC1D3L,-0.28999999999999737,0.7527634281491498,1.0
ZNHIT2,-0.2899999999999938,0.7402090762983753,1.0
ADAR,-0.28999999999997783,0.7653835124598296,1.0
GNAQ,-0.2850000000000126,0.41896527683459084,1.0
KLHL7,-0.28500000000000725,0.7277235466695502,1.0
ZNF473,-0.28500000000000103,0.39091777522840465,1.0
FMN2,-0.2850000000000001,0.46571526862558976,1.0
KATNAL2,-0.2849999999999997,0.7622224999271966,1.0
OPTN,-0.28000000000000114,0.39321057459276376,1.0
IQCH,-0.28000000000000025,0.45064718510155777,1.0
GK,-0.28000000000000025,0.9240541123816033,1.0
LIMS2,-0.2800000000000001,0.5814651118050964,1.0
SALL1,-0.28,0.8683235982021273,1.0
GATA4,-0.28,0.6101923917365532,1.0
SNX32,-0.28,0.43585911500840513,1.0
TTBK2,-0.27999999999999936,0.47335302265608303,1.0
SPACA6,-0.27999999999999936,0.8683235982021273,1.0
MKKS,-0.27500000000000924,0.8487947368200934,1.0
BBS9,-0.27500000000000036,0.5900167260288813,1.0
PPTC7,-0.27500000000000036,0.5045820072621465,1.0
LNX1,-0.2749999999999999,0.5286976420682703,1.0
MFNG,-0.2749999999999999,0.5179075922305545,1.0
CRYBG2,-0.2749999999999999,0.7653835124598296,1.0
LENG9,-0.2749999999999999,0.9669394958014216,1.0
ANKRD34A,-0.2749999999999997,0.8390642198295792,1.0
ZNF407,-0.27499999999999947,0.5701539825270272,1.0
FBRS,-0.2749999999999915,0.8748517286674501,1.0
CCDC6,-0.2700000000000031,0.749618556161363,1.0
RWDD3,-0.27000000000000135,0.6544215056598512,1.0
RNF122,-0.27000000000000046,0.9174727785181955,1.0
MMP19,-0.27,0.7559124086715863,1.0
ZNF230,-0.27,0.6160126376872717,1.0
PRR15,-0.26999999999999996,0.7277235466695502,1.0
PTPRN2,-0.2699999999999999,0.9867726179369976,1.0
HINFP,-0.2699999999999996,0.49930283827853317,1.0
AGPAT2,-0.2650000000000148,0.9273467583508952,1.0
CENPJ,-0.2650000000000041,0.9141842025623018,1.0
RHBDD1,-0.26500000000000323,0.8004018469425622,1.0
MTR,-0.26500000000000234,0.621857129896537,1.0
RDH5,-0.2650000000000001,0.6277255661132192,1.0
ZNF711,-0.2650000000000001,0.9306406489398111,1.0
LARGE2,-0.265,0.4071376698379916,1.0
PLAC1,-0.26499999999999996,0.6937677793437123,1.0
WDPCP,-0.2649999999999997,0.5986258246782183,1.0
ZNF267,-0.2649999999999997,0.9933860817420452,1.0
ZNF599,-0.264999999999997,0.6247883740723336,1.0
TMEM120B,-0.264999999999997,0.384088249473852,1.0
RTN2,-0.2600000000000007,0.5152279883728814,1.0
GCH1,-0.2600000000000007,0.8748517286674501,1.0
OXTR,-0.26000000000000023,0.4237523539300838,1.0
GOLGA7B,-0.2600000000000001,0.7527634281491498,1.0
PLEKHG6,-0.26,0.47591416910232376,1.0
ST8SIA1,-0.26,0.6247883740723336,1.0
TDO2,-0.26,0.8520434463522804,1.0
C1QTNF1,-0.26,0.4940531510041464,1.0
FAAH,-0.2599999999999998,0.5179075922305545,1.0
SYNJ1,-0.2599999999999998,0.8552946682228153,1.0
ZNF461,-0.25999999999999845,0.6544215056598512,1.0
RUFY2,-0.25500000000000167,0.6998983649396864,1.0
ACCS,-0.2550000000000008,0.636572443127301,1.0
NLRC5,-0.2550000000000008,0.8520434463522804,1.0
B3GALT5,-0.25500000000000017,0.9801600629440878,1.0
CTHRC1,-0.2550000000000001,0.5533866460521025,1.0
EML5,-0.255,0.5205943866712266,1.0
HS3ST1,-0.2549999999999999,0.5729719113688719,1.0
ARL6,-0.25499999999999945,0.7029710376341284,1.0
SUN1,-0.2500000000000142,0.8164575944411389,1.0
TNRC6B,-0.2500000000000018,0.996693012466618,1.0
MYCL,-0.2500000000000002,0.9207627671027185,1.0
CCDC200,-0.2500000000000002,0.6907099557705141,1.0
ARHGEF6,-0.25000000000000017,0.5205943866712266,1.0
WDR17,-0.25000000000000006,0.8748517286674501,1.0
FOXO3,-0.25,0.8196782427441914,1.0
VSTM2L,-0.25,0.4334219309560736,1.0
GOLGA6L4,-0.25,0.7433413319545803,1.0
MARK4,-0.24999999999999467,0.4118446292938597,1.0
MRPS27,-0.2499999999999929,0.5396009774503636,1.0
FGFR1OP2,-0.24999999999998934,0.8748517286674501,1.0
NSUN6,-0.24500000000000188,0.8520434463522804,1.0
ZNF445,-0.24500000000000144,0.4606617114605923,1.0
NISCH,-0.245000000000001,0.9174727785181955,1.0
MCEE,-0.245000000000001,0.9636356313037896,1.0
TCAIM,-0.245000000000001,0.7527634281491498,1.0
ATP6V1G2,-0.24500000000000022,0.7060485703056018,1.0
C8orf48,-0.2450000000000001,0.4888331394973101,1.0
ZNF628,-0.2450000000000001,0.45313919490861054,1.0
SLC6A16,-0.24500000000000005,0.5843092048547895,1.0
TMEM59L,-0.24499999999999988,0.5900167260288813,1.0
ZNF547,-0.24499999999999988,0.5617400706970093,1.0
KIF24,-0.24499999999999966,0.8618044330490108,1.0
CBR3,-0.24000000000000732,0.7122180342879179,1.0
PLCD4,-0.24000000000000027,0.7060485703056018,1.0
LRP4,-0.2400000000000002,0.9141842025623018,1.0
CCDC120,-0.2400000000000002,0.7653835124598296,1.0
BBS12,-0.2400000000000002,0.4888331394973101,1.0
PRR19,-0.2400000000000002,0.9339357280136042,1.0
C19orf73,-0.2400000000000002,0.7972005596761405,1.0
XK,-0.24000000000000002,0.6336176395507085,1.0
ZNF415,-0.23999999999999988,0.8229019354214293,1.0
ZNF620,-0.23999999999999932,0.6015081344405899,1.0
GID8,-0.23999999999999844,0.696830597247795,1.0
PRKCD,-0.2350000000000101,0.5786275093766506,1.0
GTF2IRD2B,-0.23500000000000476,0.9010451411117566,1.0
DCLRE1A,-0.2350000000000021,0.8261286199203182,1.0
ZNF184,-0.2350000000000012,0.636572443127301,1.0
MCPH1,-0.2350000000000012,0.6306686675294741,1.0
LTN1,-0.2350000000000012,0.6664324268587869,1.0
GDPD1,-0.23500000000000076,0.636572443127301,1.0
KIAA0825,-0.23500000000000013,0.45313919490861054,1.0
CEL,-0.2350000000000001,0.5645380297349106,1.0
NKX6-1,-0.23500000000000001,0.7590654489309898,1.0
SNAP25,-0.235,0.657416013591166,1.0
OTUD1,-0.23499999999999988,0.45563896523052283,1.0
ZNF44,-0.23499999999999988,0.5871597544033558,1.0
DDX59,-0.23499999999999766,0.47591416910232376,1.0
LMO7,-0.23000000000001108,0.8261286199203182,1.0
USP49,-0.23000000000000043,0.9372319393764333,1.0
HRH1,-0.23000000000000043,0.5259894390505462,1.0
SYCE2,-0.2300000000000001,0.6072914543107184,1.0
MPP7,-0.23000000000000004,0.7246132746430569,1.0
FUT1,-0.23000000000000004,0.4237523539300838,1.0
TMEM253,-0.23000000000000004,0.5286976420682703,1.0
KISS1,-0.23,0.40479627104040006,1.0
S100P,-0.22999999999999998,0.7277235466695502,1.0
CCBE1,-0.22999999999999998,0.7246132746430569,1.0
C10orf143,-0.22999999999999998,0.6160126376872717,1.0
MIA,-0.22999999999999998,0.45064718510155777,1.0
MICU3,-0.22999999999999976,0.4707994763603818,1.0
SERAC1,-0.22999999999999954,0.5314129258282958,1.0
PTPRE,-0.2299999999999991,0.9900792646321629,1.0
TET2,-0.2299999999999991,0.8650628677291835,1.0
DNAJC25-GNG10,-0.22999999999999865,0.8004018469425622,1.0
CLPB,-0.22999999999999687,0.657416013591166,1.0
U2AF2,-0.22999999999996135,0.7402090762983753,1.0
DLL3,-0.2250000000000003,0.4407571178182137,1.0
HOXA6,-0.2250000000000001,0.9900792646321629,1.0
TSPAN8,-0.2250000000000001,0.5843092048547895,1.0
FAAH2,-0.2250000000000001,0.7590654489309898,1.0
ALDH3A1,-0.22500000000000003,0.45563896523052283,1.0
ZNF418,-0.22500000000000003,0.7653835124598296,1.0
HUNK,-0.225,0.7464778413011777,1.0
ZNF214,-0.22499999999999998,0.6160126376872717,1.0
RTN4RL1,-0.22499999999999998,0.8004018469425622,1.0
DACT3,-0.22499999999999998,0.5814651118050964,1.0
SAMD13,-0.22499999999999987,0.44816295439279763,1.0
APOL3,-0.22499999999999964,0.48623432138829725,1.0
SETD2,-0.2249999999999961,0.5645380297349106,1.0
CASP9,-0.22000000000000064,0.7717172243455237,1.0
ZNF282,-0.22000000000000064,0.7060485703056018,1.0
KPNA5,-0.22000000000000064,0.6815668927944767,1.0
ARHGAP28,-0.21999999999999997,0.5152279883728814,1.0
KCNH3,-0.21999999999999997,0.4707994763603818,1.0
ITIH4,-0.21999999999999975,0.4631846485772054,1.0
MAST4,-0.21999999999999975,0.6754972946848711,1.0
IL12A,-0.21999999999999975,0.4888331394973101,1.0
H3C6,-0.21999999999999975,0.6247883740723336,1.0
ZNF34,-0.21999999999999953,0.6694487219140669,1.0
LIME1,-0.21999999999999886,0.6604160308082985,1.0
TNFRSF1A,-0.21999999999998465,0.5506157599288712,1.0
AGO4,-0.21500000000000163,0.8455485934494391,1.0
PTK2B,-0.21500000000000075,0.9273467583508952,1.0
SPDYE6,-0.2150000000000002,0.6998983649396864,1.0
ABLIM2,-0.2150000000000001,0.7308383100563765,1.0
TRAF1,-0.21500000000000008,0.5645380297349106,1.0
NFE2,-0.21500000000000002,0.3886331144942722,1.0
PDE2A,-0.21500000000000002,0.858548348480541,1.0
P2RY1,-0.215,0.45313919490861054,1.0
ENTPD2,-0.21499999999999997,0.37733223687257855,1.0
IQCG,-0.21499999999999986,0.648449182304075,1.0
TLR3,-0.21499999999999986,0.534135262077375,1.0
MESP1,-0.21499999999999986,0.9537280097577494,1.0
RNF227,-0.21499999999999986,0.7153098743639731,1.0
C2orf81,-0.21499999999999897,0.858548348480541,1.0
SLC31A2,-0.21499999999999853,0.8196782427441914,1.0
COQ3,-0.21499999999999808,0.8229019354214293,1.0
ZNF830,-0.21499999999999808,0.6160126376872717,1.0
SDHAF1,-0.2149999999999963,0.9043275087039068,1.0
SOX4,-0.2100000000000044,0.940529226774238,1.0
RMDN2,-0.2100000000000013,0.9537280097577494,1.0
PTPDC1,-0.21000000000000085,0.9570298316837188,1.0
TNKS,-0.21000000000000085,0.6043966897165155,1.0
XAF1,-0.21000000000000024,0.648449182304075,1.0
C2orf15,-0.2100000000000002,0.621857129896537,1.0
KCNMB4,-0.21000000000000002,0.657416013591166,1.0
SUSD4,-0.21000000000000002,0.6785294870658231,1.0
CCSER1,-0.21,0.547851719712373,1.0
CFAP251,-0.20999999999999996,0.6754972946848711,1.0
INPP5J,-0.20999999999999996,0.47848289419213597,1.0
LEAP2,-0.20999999999999952,0.9603323910593005,1.0
C21orf91,-0.20999999999999908,0.7433413319545803,1.0
AP5M1,-0.20500000000000185,0.7277235466695502,1.0
ADAT1,-0.20500000000000185,0.7339575177052757,1.0
ANKRD36,-0.20500000000000185,0.6072914543107184,1.0
EXO1,-0.20500000000000185,0.7464778413011777,1.0
C16orf87,-0.20500000000000007,0.6785294870658231,1.0
ZNF383,-0.20500000000000007,0.737081122297987,1.0
ZNF181,-0.20500000000000007,0.5617400706970093,1.0
CLUL1,-0.20500000000000002,0.3818280646769783,1.0
HBQ1,-0.2049999999999999,0.4432179029796727,1.0
KRT86,-0.2049999999999999,0.8650628677291835,1.0
RASL11A,-0.20499999999999985,0.5729719113688719,1.0
TMEM91,-0.20499999999999985,0.7844300000516808,1.0
RHOU,-0.20499999999999963,0.8650628677291835,1.0
RBMS3,-0.20499999999999963,0.8846597782463905,1.0
PGBD2,-0.20499999999999918,0.4407571178182137,1.0
DUSP5,-0.20000000000000107,0.8552946682228153,1.0
PSD,-0.2000000000000004,0.5205943866712266,1.0
ELMO3,-0.2000000000000004,0.9010451411117566,1.0
FAM227A,-0.20000000000000018,0.9010451411117566,1.0
AMY2B,-0.20000000000000018,0.6072914543107184,1.0
CFAP157,-0.20000000000000007,0.5506157599288712,1.0
HSPA6,-0.2,0.4383041828410795,1.0
SORCS2,-0.2,0.5072325853424271,1.0
KRT16,-0.2,0.4118446292938597,1.0
RAB42,-0.2,0.9108970950967655,1.0
TMEFF1,-0.19999999999999998,0.4836429926527509,1.0
SYP,-0.19999999999999996,0.7060485703056018,1.0
CACNB4,-0.1999999999999999,0.4836429926527509,1.0
PRSS27,-0.19999999999999973,0.6424993873606966,1.0
EHHADH,-0.1999999999999993,0.5179075922305545,1.0
EPOP,-0.19500000000000117,1.0,1.0
SPAG8,-0.19500000000000017,0.47591416910232376,1.0
GGN,-0.19500000000000017,0.45313919490861054,1.0
CDKN2B,-0.1950000000000001,0.737081122297987,1.0
ZNF575,-0.19500000000000006,0.3818280646769783,1.0
H2AC17,-0.19500000000000006,0.9867726179369976,1.0
NOVA1,-0.195,0.9174727785181955,1.0
OTX1,-0.19499999999999984,0.8879331364078507,1.0
TTC21A,-0.19499999999999984,0.6424993873606966,1.0
FSCN2,-0.19499999999999984,0.950426981824129,1.0
ZFP14,-0.19499999999999962,0.4285712791158539,1.0
ZNF8,-0.19499999999999962,0.39091777522840465,1.0
BCORL1,-0.1949999999999994,0.5152279883728814,1.0
STK35,-0.1949999999999985,0.7277235466695502,1.0
BRIP1,-0.1949999999999985,0.9043275087039068,1.0
TFDP2,-0.19499999999999673,0.8879331364078507,1.0
QSOX2,-0.19499999999999673,0.9669394958014216,1.0
EIF2AK2,-0.19499999999998785,0.6189318717934644,1.0
IGFLR1,-0.1900000000000004,0.4309926469959029,1.0
ANO9,-0.1900000000000002,0.858548348480541,1.0
P2RX5,-0.19000000000000017,0.7876173493946396,1.0
COL5A2,-0.19000000000000017,0.7433413319545803,1.0
RPS6KA5,-0.18999999999999995,0.8261286199203182,1.0
LDHD,-0.18999999999999995,0.45313919490861054,1.0
H2AC14,-0.18999999999999995,0.5928800850110119,1.0
SAA2,-0.18999999999999992,0.4285712791158539,1.0
SYDE2,-0.1850000000000005,0.39321057459276376,1.0
AGFG2,-0.1850000000000005,0.8715865700317355,1.0
SESN2,-0.1850000000000005,0.6072914543107184,1.0
ZNF354B,-0.1850000000000005,0.6306686675294741,1.0
CCDC69,-0.18500000000000016,0.9570298316837188,1.0
SPTBN5,-0.1850000000000001,0.858548348480541,1.0
GPR158,-0.1850000000000001,0.6544215056598512,1.0
RASL10B,-0.18500000000000008,0.4631846485772054,1.0
BMPR1B,-0.18500000000000005,0.5045820072621465,1.0
DGKE,-0.18500000000000005,0.6514325482434398,1.0
CYP2S1,-0.18500000000000005,0.7685484371305833,1.0
GOLGA8O,-0.18500000000000005,0.6846094685667796,1.0
REPS2,-0.18499999999999994,0.5205943866712266,1.0
ARSI,-0.18499999999999994,0.5589488326624473,1.0
CDH11,-0.18499999999999991,0.8358260965628809,1.0
ZFP3,-0.18499999999999991,0.3978205467559196,1.0
PLCH1,-0.1849999999999999,0.45563896523052283,1.0
RSPH1,-0.1849999999999999,0.6937677793437123,1.0
IGFN1,-0.1849999999999999,0.4606617114605923,1.0
TPPP3,-0.18499999999999983,0.46571526862558976,1.0
VWCE,-0.18499999999999983,0.858548348480541,1.0
USP31,-0.1849999999999996,0.6815668927944767,1.0
ATP6V1C2,-0.1849999999999996,0.5757964313912116,1.0
SLC9A7,-0.18000000000000238,0.8618044330490108,1.0
CHDH,-0.18000000000000022,0.8455485934494391,1.0
NR6A1,-0.18000000000000016,0.9174727785181955,1.0
MBLAC1,-0.18000000000000016,0.9471268043847221,1.0
NECAB2,-0.1800000000000001,0.45563896523052283,1.0
INKA1,-0.18000000000000005,0.5900167260288813,1.0
GJB3,-0.18000000000000005,0.7653835124598296,1.0
PHYHIP,-0.18,0.4606617114605923,1.0
SFMBT2,-0.17999999999999994,0.8618044330490108,1.0
PLXDC2,-0.1799999999999999,0.4631846485772054,1.0
WNT11,-0.17999999999999988,0.4407571178182137,1.0
ZSWIM5,-0.17999999999999988,0.384088249473852,1.0
DAPK2,-0.17999999999999972,0.7091309176902658,1.0
CYB5R4,-0.17999999999999972,0.8036064905718427,1.0
TRPS1,-0.17999999999999838,0.5098904587440031,1.0
CTU1,-0.17999999999999838,0.49930283827853317,1.0
C5orf51,-0.17999999999999616,0.9306406489398111,1.0
ZFHX3,-0.17500000000000115,0.6247883740723336,1.0
RAB3GAP1,-0.1750000000000007,0.9537280097577494,1.0
EFNA2,-0.17500000000000018,0.829358243536714,1.0
GDF1,-0.17500000000000018,0.4888331394973101,1.0
TLR5,-0.17500000000000002,0.6907099557705141,1.0
BST1,-0.17499999999999993,0.5957497963320737,1.0
FBXO2,-0.17499999999999938,0.4836429926527509,1.0
OBI1,-0.1749999999999936,0.5450945558532493,1.0
TUBGCP6,-0.1749999999999865,0.7277235466695502,1.0
RRAGB,-0.17000000000000348,0.8813883875991326,1.0
SP110,-0.1700000000000017,0.7653835124598296,1.0
EPHB6,-0.17000000000000018,0.4707994763603818,1.0
CCNB3,-0.17000000000000015,0.737081122297987,1.0
SPDYE2,-0.17000000000000015,0.6130994652172653,1.0
PDE1C,-0.17000000000000012,0.6514325482434398,1.0
KCNH2,-0.1700000000000001,0.41658371785687753,1.0
HOXA7,-0.16999999999999998,0.8912084070019073,1.0
SSC5D,-0.16999999999999998,0.40948712684432786,1.0
H3C12,-0.16999999999999998,0.7215075408530456,1.0
GLI1,-0.16999999999999993,0.8261286199203182,1.0
MEIS1,-0.16999999999999993,0.9834661984477937,1.0
DUSP19,-0.16999999999999993,0.7184063919514614,1.0
MSANTD3-TMEFF1,-0.16999999999999993,0.5589488326624473,1.0
H3C2,-0.16999999999999993,0.9834661984477937,1.0
GPR155,-0.16999999999999948,0.41421016410043454,1.0
MOB3A,-0.16999999999999815,0.7717172243455237,1.0
TAMM41,-0.16500000000000625,0.6907099557705141,1.0
IGSF9,-0.16500000000000017,0.8846597782463905,1.0
KIF5A,-0.16500000000000015,0.5205943866712266,1.0
AK8,-0.1650000000000001,0.5589488326624473,1.0
MOB3B,-0.16500000000000004,0.7527634281491498,1.0
SPRYD4,-0.16500000000000004,0.842305069932857,1.0
HSPE1-MOB4,-0.16500000000000004,0.8261286199203182,1.0
TET1,-0.16499999999999992,0.749618556161363,1.0
C8G,-0.16499999999999992,0.5533866460521025,1.0
KIF17,-0.16499999999999987,0.40013769753329187,1.0
BIK,-0.1649999999999996,0.813240042910631,1.0
TMEM254,-0.16499999999999915,0.8879331364078507,1.0
BACH1,-0.16499999999999915,0.636572443127301,1.0
MAK16,-0.16499999999999915,0.5314129258282958,1.0
JMJD7,-0.16499999999999915,0.5259894390505462,1.0
ZRANB1,-0.16499999999999826,0.794002680192762,1.0
PORCN,-0.1649999999999956,0.8650628677291835,1.0
PPIL3,-0.16499999999999204,0.5019387498867459,1.0
RBMS2,-0.1649999999999885,0.7908082597408556,1.0
CTNNBIP1,-0.1600000000000037,0.4914394238527241,1.0
ZNF845,-0.16000000000000103,0.7748898243174053,1.0
MEX3A,-0.1600000000000006,0.9603323910593005,1.0
PRSS8,-0.16000000000000017,0.7812462624304687,1.0
HEXD,-0.16000000000000014,0.8261286199203182,1.0
LCLAT1,-0.16000000000000014,0.5843092048547895,1.0
KLHDC1,-0.16000000000000014,0.9174727785181955,1.0
PRCD,-0.16000000000000014,0.6336176395507085,1.0
SAMD15,-0.15999999999999992,0.8944855348490495,1.0
RARRES2,-0.15999999999999992,0.8977644646746489,1.0
ARTN,-0.15999999999999992,0.7464778413011777,1.0
SLC40A1,-0.15999999999999992,0.6160126376872717,1.0
LRRC75A,-0.15999999999999992,0.5232883447117399,1.0
CDKN1C,-0.1599999999999997,0.7812462624304687,1.0
IL18BP,-0.15999999999999925,0.7748898243174053,1.0
HIP1R,-0.1550000000000047,0.4285712791158539,1.0
CDAN1,-0.1550000000000047,0.7622224999271966,1.0
IFT80,-0.15500000000000114,0.829358243536714,1.0
ACACB,-0.15500000000000025,0.8618044330490108,1.0
ZNF25,-0.15500000000000025,0.7653835124598296,1.0
HOXA13,-0.1550000000000001,0.6130994652172653,1.0
FBLN7,-0.15500000000000008,0.6306686675294741,1.0
MMP21,-0.15500000000000003,0.37733223687257855,1.0
KRTCAP3,-0.15500000000000003,0.8455485934494391,1.0
ZKSCAN7,-0.15500000000000003,0.8261286199203182,1.0
ACOT4,-0.15499999999999994,0.7527634281491498,1.0
KCNJ2,-0.15499999999999992,0.5259894390505462,1.0
SLC23A3,-0.15499999999999992,0.9043275087039068,1.0
GPR1,-0.1549999999999999,0.7527634281491498,1.0
N4BP2L1,-0.1549999999999998,0.8813883875991326,1.0
PFKM,-0.15499999999997272,0.4456865210409048,1.0
UPK3BL1,-0.15000000000000568,0.6937677793437123,1.0
FAM171A2,-0.15000000000000036,0.6130994652172653,1.0
EIF5AL1,-0.15000000000000036,0.4383041828410795,1.0
RGPD2,-0.1500000000000002,0.40013769753329187,1.0
GP1BA,-0.15000000000000013,0.6694487219140669,1.0
ZNF563,-0.15000000000000013,0.7060485703056018,1.0
RAB7B,-0.15000000000000013,0.9471268043847221,1.0
SERPINB9,-0.15,0.9900792646321629,1.0
MMP25,-0.14999999999999997,0.3818280646769783,1.0
GALNT5,-0.1499999999999999,0.6694487219140669,1.0
TMEM169,-0.1499999999999999,0.5673426777793709,1.0
EXOC3L4,-0.1499999999999999,0.3978205467559196,1.0
PCDHB5,-0.14999999999999988,0.5396009774503636,1.0
CTSE,-0.14999999999999988,0.8325907534174406,1.0
ZNF14,-0.14999999999999947,0.749618556161363,1.0
WDR31,-0.14999999999999947,0.7402090762983753,1.0
ADM2,-0.14999999999999925,0.794002680192762,1.0
ZBTB44,-0.14500000000000135,0.8455485934494391,1.0
DHRS2,-0.14500000000000046,0.8683235982021273,1.0
C6orf52,-0.14500000000000024,0.4707994763603818,1.0
PRPH,-0.14500000000000018,0.5871597544033558,1.0
NR3C2,-0.14500000000000018,0.657416013591166,1.0
TLR4,-0.14500000000000013,0.40013769753329187,1.0
MSI1,-0.1450000000000001,0.8520434463522804,1.0
ARHGAP44,-0.14500000000000007,0.47591416910232376,1.0
GFAP,-0.14500000000000007,0.4309926469959029,1.0
ZMYND10,-0.14500000000000002,0.4213548269831777,1.0
RSPH3,-0.14500000000000002,0.696830597247795,1.0
CAMK1D,-0.14500000000000002,0.9801600629440878,1.0
AFP,-0.1449999999999999,0.46571526862558976,1.0
LMX1B,-0.1449999999999999,0.40948712684432786,1.0
SH3RF3,-0.1449999999999999,0.842305069932857,1.0
PDIA2,-0.1449999999999999,0.6998983649396864,1.0
TMEM232,-0.1449999999999999,0.37733223687257855,1.0
PCDHGA6,-0.1449999999999999,0.8912084070019073,1.0
INSYN2B,-0.14499999999999988,0.8004018469425622,1.0
AL162231.1,-0.14499999999999957,0.7717172243455237,1.0
SLC38A7,-0.14499999999999602,0.8036064905718427,1.0
TULP3,-0.14000000000000412,0.6694487219140669,1.0
ZNF236,-0.140000000000001,0.5645380297349106,1.0
ABHD14B,-0.14000000000000057,0.940529226774238,1.0
MAPK11,-0.14000000000000057,0.9735488709352259,1.0
ANO1,-0.14000000000000018,0.8781190194469978,1.0
SYT7,-0.14000000000000012,0.842305069932857,1.0
TC2N,-0.14000000000000012,0.7277235466695502,1.0
NPNT,-0.14000000000000012,0.5396009774503636,1.0
LAMA2,-0.14000000000000007,0.9141842025623018,1.0
KRT6A,-0.13999999999999996,0.7246132746430569,1.0
TM4SF19,-0.1399999999999999,0.6043966897165155,1.0
KIF27,-0.1399999999999999,0.8912084070019073,1.0
CCDC61,-0.1399999999999988,0.7972005596761405,1.0
CDK7,-0.13500000000000512,0.9339357280136042,1.0
ATF7IP,-0.13500000000000156,0.7153098743639731,1.0
TGFBR3,-0.13500000000000023,0.8944855348490495,1.0
C19orf44,-0.13500000000000023,0.7184063919514614,1.0
AGBL3,-0.13500000000000023,0.794002680192762,1.0
ITGA10,-0.13500000000000018,0.8618044330490108,1.0
LRATD1,-0.13500000000000015,0.4707994763603818,1.0
PRX,-0.135,0.6454714485353458,1.0
TMEM81,-0.135,0.6247883740723336,1.0
ZNF471,-0.135,0.8487947368200934,1.0
BMP7,-0.13499999999999993,0.9010451411117566,1.0
GPR87,-0.1349999999999999,0.8358260965628809,1.0
PINLYP,-0.1349999999999999,0.4213548269831777,1.0
GIN1,-0.13000000000000167,0.9900792646321629,1.0
EPG5,-0.13000000000000078,0.8004018469425622,1.0
HIC2,-0.13000000000000034,0.5814651118050964,1.0
FGD6,-0.13000000000000034,0.9043275087039068,1.0
PCDHB8,-0.1300000000000002,0.49930283827853317,1.0
CTRL,-0.13000000000000012,0.9735488709352259,1.0
PTGES3L,-0.13000000000000012,0.8261286199203182,1.0
TCN1,-0.1300000000000001,0.636572443127301,1.0
ANXA8,-0.1300000000000001,0.9900792646321629,1.0
ETV2,-0.13,0.7308383100563765,1.0
PCDHB4,-0.1299999999999999,0.7717172243455237,1.0
RERG,-0.1299999999999999,0.648449182304075,1.0
HS3ST3A1,-0.1299999999999999,0.9141842025623018,1.0
LSM11,-0.1299999999999999,0.46571526862558976,1.0
MUC3A,-0.1299999999999999,0.4606617114605923,1.0
SLC22A1,-0.1299999999999999,0.5506157599288712,1.0
LSAMP,-0.1299999999999999,0.842305069932857,1.0
UBXN2A,-0.129999999999999,0.9834661984477937,1.0
ALG12,-0.12999999999999368,0.8748517286674501,1.0
HMGCL,-0.12500000000000355,0.8879331364078507,1.0
EMSY,-0.12500000000000178,0.940529226774238,1.0
SLC45A3,-0.1250000000000009,0.8944855348490495,1.0
PLXDC1,-0.12500000000000017,0.5259894390505462,1.0
PODNL1,-0.1250000000000001,0.4334219309560736,1.0
BTBD8,-0.1250000000000001,0.9537280097577494,1.0
ELFN1,-0.1250000000000001,0.749618556161363,1.0
SH3BP1,-0.125,0.9801600629440878,1.0
DNAJB14,-0.125,0.9867726179369976,1.0
OCLN,-0.125,0.4810591760941474,1.0
OVOL2,-0.12499999999999992,0.9537280097577494,1.0
ST6GALNAC5,-0.1249999999999999,0.6189318717934644,1.0
CNGA1,-0.1249999999999999,0.534135262077375,1.0
PHACTR1,-0.12499999999999989,0.9141842025623018,1.0
FGF5,-0.12499999999999989,0.7122180342879179,1.0
CDH13,-0.12499999999999983,0.6189318717934644,1.0
ZNF713,-0.12499999999999933,0.49930283827853317,1.0
RFXAP,-0.12499999999999911,0.996693012466618,1.0
HELQ,-0.12499999999999911,0.4940531510041464,1.0
QTRT1,-0.1249999999999929,0.6815668927944767,1.0
KIF16B,-0.120000000000001,0.7972005596761405,1.0
SLC25A19,-0.120000000000001,0.5814651118050964,1.0
ERCC6L2,-0.120000000000001,0.5561643473205113,1.0
PRSS3,-0.1200000000000001,0.6876571708271936,1.0
MMAA,-0.1200000000000001,0.8912084070019073,1.0
BATF2,-0.1200000000000001,0.6664324268587869,1.0
TMEM217,-0.1200000000000001,0.37957605749041823,1.0
ZNF404,-0.1200000000000001,0.9603323910593005,1.0
ARC,-0.1200000000000001,0.4237523539300838,1.0
MAP7D2,-0.12000000000000005,0.4606617114605923,1.0
FABP1,-0.12,0.6876571708271936,1.0
RUNDC3A,-0.11999999999999994,0.7559124086715863,1.0
NGF,-0.1199999999999999,0.9867726179369976,1.0
TSPAN18,-0.1199999999999999,0.7717172243455237,1.0
ABCC6,-0.11999999999999988,0.5072325853424271,1.0
EREG,-0.11999999999999988,0.6043966897165155,1.0
LEMD1,-0.11999999999999988,0.8520434463522804,1.0
IFT74,-0.11999999999999922,0.8100256403943001,1.0
CHML,-0.11500000000000199,0.672470358702386,1.0
AKAP7,-0.11500000000000021,0.5506157599288712,1.0
TSPYL1,-0.11500000000000021,0.696830597247795,1.0
ZNF805,-0.11500000000000021,0.3818280646769783,1.0
ZNF345,-0.11500000000000021,0.5957497963320737,1.0
NPIPB9,-0.11500000000000019,0.4914394238527241,1.0
EDARADD,-0.1150000000000001,0.9801600629440878,1.0
SCIN,-0.11500000000000007,0.5673426777793709,1.0
CYP39A1,-0.11499999999999999,0.940529226774238,1.0
ANGPT1,-0.11499999999999999,0.940529226774238,1.0
CYP24A1,-0.11499999999999991,0.4213548269831777,1.0
NPAT,-0.11499999999999932,0.8196782427441914,1.0
C18orf21,-0.11499999999999488,0.4810591760941474,1.0
APOLD1,-0.11000000000000032,0.43585911500840513,1.0
RARB,-0.11000000000000015,0.9471268043847221,1.0
TLDC2,-0.11000000000000013,0.5286976420682703,1.0
REM2,-0.11000000000000013,0.5589488326624473,1.0
SYT8,-0.11000000000000013,0.5098904587440031,1.0
SERPING1,-0.1100000000000001,0.6454714485353458,1.0
RRAD,-0.1100000000000001,0.9240541123816033,1.0
WBP2NL,-0.1100000000000001,0.45313919490861054,1.0
SYT3,-0.1100000000000001,0.4213548269831777,1.0
TNFAIP6,-0.1099999999999999,0.737081122297987,1.0
RTBDN,-0.1099999999999999,0.4285712791158539,1.0
RASGEF1B,-0.1099999999999999,0.6424993873606966,1.0
CPAMD8,-0.1099999999999999,0.7122180342879179,1.0
A2M,-0.1099999999999999,0.5900167260288813,1.0
EYA1,-0.10999999999999988,0.672470358702386,1.0
ADAM12,-0.10999999999999988,0.9603323910593005,1.0
SLC52A3,-0.10999999999999979,0.6247883740723336,1.0
VILL,-0.10999999999999943,0.5232883447117399,1.0
TRAPPC6B,-0.10999999999999943,0.6694487219140669,1.0
CCM2,-0.10999999999999588,0.996693012466618,1.0
VPS35,-0.10999999999999233,0.7308383100563765,1.0
ACTR5,-0.10500000000000043,0.9174727785181955,1.0
ZNF497,-0.10500000000000043,0.8390642198295792,1.0
CHGB,-0.10500000000000012,0.4334219309560736,1.0
VIPR1,-0.10500000000000012,0.6604160308082985,1.0
LAYN,-0.10500000000000012,0.8977644646746489,1.0
VWDE,-0.1050000000000001,0.829358243536714,1.0
KCNJ11,-0.1050000000000001,0.9702439279042832,1.0
INSYN1,-0.10500000000000001,0.4456865210409048,1.0
ANK1,-0.10499999999999998,0.6015081344405899,1.0
CLEC11A,-0.10499999999999998,0.7812462624304687,1.0
TCAP,-0.10499999999999993,0.749618556161363,1.0
LMO1,-0.10499999999999991,0.5617400706970093,1.0
LYL1,-0.1049999999999999,0.6454714485353458,1.0
LRAT,-0.1049999999999999,0.6785294870658231,1.0
SLCO2B1,-0.1049999999999999,0.37957605749041823,1.0
PRRX2,-0.1049999999999999,0.9043275087039068,1.0
WSCD1,-0.10499999999999989,0.4213548269831777,1.0
RALGAPA2,-0.10499999999999954,0.5152279883728814,1.0
AGAP5,-0.10499999999999865,0.6306686675294741,1.0
THAP2,-0.1049999999999982,0.6815668927944767,1.0
TUT1,-0.10499999999999687,0.7277235466695502,1.0
RFLNB,-0.1049999999999951,0.9273467583508952,1.0
PROSER3,-0.10499999999999332,0.8036064905718427,1.0
FNBP1L,-0.10499999999998977,0.9471268043847221,1.0
IGSF6,-0.10000000000000012,0.4118446292938597,1.0
ZFPM2,-0.10000000000000012,0.9867726179369976,1.0
CATSPERZ,-0.10000000000000012,0.8879331364078507,1.0
ISLR,-0.1000000000000001,0.4836429926527509,1.0
ZNF469,-0.1000000000000001,0.40948712684432786,1.0
SLC7A2,-0.10000000000000009,0.7464778413011777,1.0
SP140,-0.10000000000000009,0.4810591760941474,1.0
KCNIP2,-0.10000000000000009,0.8552946682228153,1.0
MMP23B,-0.10000000000000009,0.7622224999271966,1.0
H3C1,-0.10000000000000009,0.9702439279042832,1.0
IRAG2,-0.1,0.5396009774503636,1.0
ADGRF1,-0.1,0.7876173493946396,1.0
GRPR,-0.0999999999999999,0.6907099557705141,1.0
ACKR3,-0.0999999999999999,0.9273467583508952,1.0
DPYSL5,-0.0999999999999999,0.5645380297349106,1.0
SERPINB5,-0.0999999999999999,0.8068144389745125,1.0
ZNF878,-0.0999999999999999,0.6101923917365532,1.0
H2BC6,-0.0999999999999999,0.4810591760941474,1.0
ARMC2,-0.09999999999999987,0.6015081344405899,1.0
USP50,-0.09999999999999987,0.636572443127301,1.0
NLGN3,-0.09999999999999987,0.6634215158168552,1.0
TFF3,-0.09999999999999978,0.813240042910631,1.0
HMGN1,-0.09999999999979536,0.5125556017624364,1.0
EBPL,-0.09500000000000597,0.6846094685667796,1.0
E4F1,-0.09500000000000597,0.5506157599288712,1.0
PXK,-0.09500000000000153,0.8455485934494391,1.0
CORO1A,-0.09500000000000064,0.8748517286674501,1.0
MAP1A,-0.09500000000000014,0.4285712791158539,1.0
AGMAT,-0.09500000000000011,0.8552946682228153,1.0
PDE6G,-0.09500000000000011,0.6846094685667796,1.0
CCDC39,-0.09500000000000008,0.39321057459276376,1.0
CACNB2,-0.09500000000000003,0.5286976420682703,1.0
ADGRE2,-0.09500000000000001,0.6395330389318583,1.0
SYN1,-0.095,0.6876571708271936,1.0
ASPRV1,-0.09499999999999992,0.696830597247795,1.0
C17orf113,-0.09499999999999992,0.5957497963320737,1.0
CHGA,-0.09499999999999989,0.7685484371305833,1.0
TLR2,-0.09499999999999989,0.5957497963320737,1.0
SPATA12,-0.09499999999999989,0.8455485934494391,1.0
SBK1,-0.09499999999999986,0.3818280646769783,1.0
LAT2,-0.09499999999999975,0.621857129896537,1.0
CYP27B1,-0.09499999999999975,0.6043966897165155,1.0
ZNF674,-0.09499999999999953,0.9043275087039068,1.0
SETDB2,-0.09499999999999931,0.41658371785687753,1.0
SETD9,-0.09499999999999886,0.9471268043847221,1.0
PITPNM2,-0.09499999999999797,0.4334219309560736,1.0
MTMR9,-0.09499999999999709,0.5019387498867459,1.0
SLFN5,-0.09000000000000252,0.9141842025623018,1.0
DOLPP1,-0.09000000000000163,0.5179075922305545,1.0
NAPSA,-0.09000000000000014,0.7685484371305833,1.0
ENTPD8,-0.09000000000000011,0.39321057459276376,1.0
GABRA3,-0.0900000000000001,0.534135262077375,1.0
GRHL3,-0.0900000000000001,0.39321057459276376,1.0
CD160,-0.09000000000000008,0.3978205467559196,1.0
CEND1,-0.09000000000000008,0.6336176395507085,1.0
C15orf62,-0.09000000000000008,0.8748517286674501,1.0
HLA-DRB1,-0.09000000000000008,0.6998983649396864,1.0
ZNF682,-0.09000000000000008,0.9933860817420452,1.0
C1orf116,-0.09000000000000002,0.737081122297987,1.0
PCBP3,-0.09,0.9010451411117566,1.0
FBLN2,-0.0899999999999999,0.47591416910232376,1.0
LAMC3,-0.08999999999999989,0.49930283827853317,1.0
GBP4,-0.08999999999999989,0.6514325482434398,1.0
GLS2,-0.08999999999999986,0.9636356313037896,1.0
RASEF,-0.08999999999999986,0.9043275087039068,1.0
ESPN,-0.08999999999999986,0.5533866460521025,1.0
SCUBE3,-0.0899999999999998,0.4940531510041464,1.0
PCDH18,-0.0899999999999998,0.8004018469425622,1.0
FAM221A,-0.08999999999999897,0.7590654489309898,1.0
SIN3B,-0.0899999999999963,0.5561643473205113,1.0
NDUFV2,-0.08500000000000796,0.7029710376341284,1.0
TTC33,-0.08500000000000174,0.8358260965628809,1.0
WDR53,-0.08500000000000085,0.8683235982021273,1.0
PPP1R3E,-0.08500000000000085,0.45563896523052283,1.0
FAM183A,-0.0850000000000001,0.5152279883728814,1.0
RCOR2,-0.08500000000000008,0.8715865700317355,1.0
AP000812.4,-0.08500000000000008,0.7464778413011777,1.0
KCNK3,-0.08500000000000005,0.44816295439279763,1.0
CEACAM6,-0.08500000000000002,0.6754972946848711,1.0
ABHD16B,-0.08500000000000002,0.6277255661132192,1.0
PLAAT2,-0.085,0.8846597782463905,1.0
LSP1,-0.08499999999999996,0.9043275087039068,1.0
KLRG1,-0.08499999999999996,0.8879331364078507,1.0
DNER,-0.08499999999999996,0.7122180342879179,1.0
LCTL,-0.08499999999999996,0.6160126376872717,1.0
AC098582.1,-0.08499999999999996,0.39321057459276376,1.0
TM4SF4,-0.08499999999999992,0.8100256403943001,1.0
NR1I3,-0.0849999999999998,0.8977644646746489,1.0
ZNF426,-0.08499999999999952,0.7153098743639731,1.0
AGER,-0.08499999999999952,0.8004018469425622,1.0
RPP25,-0.08499999999999908,0.5423442984904308,1.0
SPIRE1,-0.08499999999999197,0.6072914543107184,1.0
POLQ,-0.08000000000000185,0.9570298316837188,1.0
EDEM3,-0.08000000000000185,0.8879331364078507,1.0
ACER3,-0.08000000000000096,0.696830597247795,1.0
TCTE3,-0.0800000000000003,0.7844300000516808,1.0
CCDC110,-0.08000000000000013,0.8813883875991326,1.0
MKRN2OS,-0.08000000000000013,0.39091777522840465,1.0
C4BPB,-0.0800000000000001,0.4836429926527509,1.0
CFP,-0.0800000000000001,0.41896527683459084,1.0
SHC3,-0.0800000000000001,0.5757964313912116,1.0
CACNA1C,-0.0800000000000001,0.794002680192762,1.0
FLACC1,-0.0800000000000001,0.7122180342879179,1.0
VSNL1,-0.0800000000000001,0.6694487219140669,1.0
PPP1R14A,-0.0800000000000001,0.5757964313912116,1.0
SOBP,-0.08000000000000007,0.9240541123816033,1.0
PCDHB3,-0.08000000000000007,0.5396009774503636,1.0
FTCD,-0.08000000000000007,0.9273467583508952,1.0
ATXN7L2,-0.08000000000000007,0.9636356313037896,1.0
DEFB1,-0.08000000000000007,0.9603323910593005,1.0
DFFB,-0.08000000000000007,0.8912084070019073,1.0
MEGF11,-0.08000000000000002,0.5152279883728814,1.0
SLC38A3,-0.08,0.5957497963320737,1.0
EDNRB,-0.07999999999999999,0.384088249473852,1.0
UNC5CL,-0.0799999999999999,0.48623432138829725,1.0
RAB37,-0.0799999999999999,0.9141842025623018,1.0
HSPB9,-0.0799999999999999,0.6876571708271936,1.0
CXCL14,-0.07999999999999989,0.8944855348490495,1.0
SLC9B1,-0.0799999999999998,0.8358260965628809,1.0
NRROS,-0.0799999999999998,0.8552946682228153,1.0
TMC4,-0.0799999999999994,0.8261286199203182,1.0
C1orf50,-0.07999999999999918,0.7622224999271966,1.0
STK10,-0.07500000000000284,0.737081122297987,1.0
ARNTL,-0.07500000000000284,0.9570298316837188,1.0
NFATC3,-0.07500000000000195,0.8846597782463905,1.0
TBC1D2B,-0.07500000000000107,0.5673426777793709,1.0
RAB30,-0.07500000000000062,0.9603323910593005,1.0
PRMT9,-0.07500000000000018,0.6815668927944767,1.0
SLC45A1,-0.07500000000000012,0.7653835124598296,1.0
SLC9A2,-0.0750000000000001,0.8196782427441914,1.0
NPM2,-0.07500000000000007,0.5561643473205113,1.0
HOXC5,-0.07500000000000007,0.4606617114605923,1.0
H3C13,-0.07500000000000007,0.6072914543107184,1.0
LDLRAD2,-0.07500000000000007,0.7091309176902658,1.0
MYT1,-0.07500000000000005,0.696830597247795,1.0
LHX6,-0.07500000000000001,0.621857129896537,1.0
ACVRL1,-0.07500000000000001,0.547851719712373,1.0
CHST1,-0.075,0.9010451411117566,1.0
FAM131C,-0.07499999999999996,0.8390642198295792,1.0
CDRT4,-0.07499999999999996,0.8068144389745125,1.0
TMEM176B,-0.07499999999999991,0.7527634281491498,1.0
DRD4,-0.07499999999999979,0.7748898243174053,1.0
FAM131B,-0.07499999999999979,0.9174727785181955,1.0
GLTPD2,-0.07499999999999979,0.5757964313912116,1.0
ZNF624,-0.07499999999999973,0.6846094685667796,1.0
C15orf61,-0.07499999999999951,0.9834661984477937,1.0
IL15RA,-0.07499999999999929,0.950426981824129,1.0
NFKBIE,-0.07499999999999929,0.9735488709352259,1.0
AGAP4,-0.07499999999999929,0.6189318717934644,1.0
CEP43,-0.07499999999999396,0.9636356313037896,1.0
PARP3,-0.07000000000000917,0.7780661870680045,1.0
ABRAXAS2,-0.07000000000000206,0.6937677793437123,1.0
NAIF1,-0.07000000000000206,0.39321057459276376,1.0
ZNF808,-0.07000000000000073,0.648449182304075,1.0
ALG9,-0.07000000000000028,0.950426981824129,1.0
JCHAIN,-0.07000000000000028,0.9471268043847221,1.0
NAGS,-0.07000000000000028,0.4285712791158539,1.0
SENP8,-0.07000000000000028,0.5561643473205113,1.0
CLEC4A,-0.07000000000000012,0.7029710376341284,1.0
RBM24,-0.07000000000000012,0.5533866460521025,1.0
ESR2,-0.07000000000000012,0.5701539825270272,1.0
ROPN1L,-0.07000000000000012,0.9141842025623018,1.0
NTNG2,-0.07000000000000012,0.7972005596761405,1.0
FYB1,-0.0700000000000001,0.7215075408530456,1.0
ADAMTS2,-0.07000000000000009,0.9438275338976189,1.0
SLC22A31,-0.07000000000000009,0.8846597782463905,1.0
PRKG2,-0.07000000000000005,0.6130994652172653,1.0
B3GALT1,-0.07000000000000005,0.534135262077375,1.0
SPINK4,-0.07,0.8846597782463905,1.0
NTRK2,-0.07,0.4071376698379916,1.0
ADAMTSL3,-0.07,0.6634215158168552,1.0
AZGP1,-0.07,0.5396009774503636,1.0
FAT3,-0.07,0.40479627104040006,1.0
GRIN1,-0.07,0.6694487219140669,1.0
THBD,-0.07,0.9174727785181955,1.0
NUTM2A,-0.07,0.9933860817420452,1.0
ROBO2,-0.07,0.4334219309560736,1.0
ELANE,-0.07,0.384088249473852,1.0
EPHA5,-0.06999999999999999,0.7876173493946396,1.0
CERKL,-0.06999999999999999,0.6130994652172653,1.0
C2CD4D,-0.06999999999999999,0.8813883875991326,1.0
BCL2L15,-0.06999999999999998,0.9438275338976189,1.0
CXCR4,-0.06999999999999995,0.7246132746430569,1.0
ABCA13,-0.06999999999999991,0.5757964313912116,1.0
SH2D3C,-0.0699999999999999,0.8977644646746489,1.0
CDK15,-0.0699999999999999,0.621857129896537,1.0
NRN1L,-0.0699999999999999,0.42615784298026116,1.0
PRSS36,-0.06999999999999984,0.6754972946848711,1.0
TTLL6,-0.06999999999999981,0.47591416910232376,1.0
HAP1,-0.06999999999999978,0.813240042910631,1.0
GNPDA1,-0.06999999999999318,0.9867726179369976,1.0
MAP4K5,-0.06999999999998963,0.7402090762983753,1.0
BLVRB,-0.06999999999997897,0.8164575944411389,1.0
IMPA2,-0.06500000000000838,0.9471268043847221,1.0
SBF2,-0.06500000000000661,0.5450945558532493,1.0
ZDHHC18,-0.06500000000000661,0.9900792646321629,1.0
ASB3,-0.06500000000000306,0.5396009774503636,1.0
ZNF35,-0.06500000000000039,0.8813883875991326,1.0
DNAI4,-0.06500000000000028,0.8229019354214293,1.0
PIANP,-0.06500000000000011,0.5843092048547895,1.0
C2orf88,-0.06500000000000011,0.7308383100563765,1.0
SHISAL1,-0.0650000000000001,0.8748517286674501,1.0
MEIG1,-0.06500000000000009,0.6634215158168552,1.0
MASP2,-0.06500000000000006,0.6754972946848711,1.0
PALMD,-0.06500000000000006,0.8813883875991326,1.0
HOXD10,-0.06500000000000006,0.7339575177052757,1.0
LRRN2,-0.06500000000000006,0.4456865210409048,1.0
DES,-0.06500000000000006,0.5205943866712266,1.0
RAET1E,-0.06500000000000002,0.6247883740723336,1.0
PGLYRP1,-0.065,0.4334219309560736,1.0
COL11A1,-0.065,0.6101923917365532,1.0
SLC5A2,-0.065,0.5729719113688719,1.0
PCDHGA12,-0.065,0.4682535513976369,1.0
OR1F1,-0.06499999999999999,0.8261286199203182,1.0
ZIC2,-0.06499999999999995,0.384088249473852,1.0
SEMA4A,-0.06499999999999995,0.636572443127301,1.0
OLFM2,-0.0649999999999995,0.7844300000516808,1.0
GAREM2,-0.0649999999999995,0.9174727785181955,1.0
C3orf62,-0.0649999999999995,0.4888331394973101,1.0
ZNF836,-0.0649999999999995,0.7653835124598296,1.0
LETMD1,-0.06499999999999773,0.9735488709352259,1.0
TUBD1,-0.06499999999999595,0.8036064905718427,1.0
EXOSC6,-0.060000000000002274,0.6754972946848711,1.0
MPLKIP,-0.0600000000000005,0.9141842025623018,1.0
LIMS4,-0.060000000000000275,0.6395330389318583,1.0
SLIT2,-0.060000000000000164,0.9603323910593005,1.0
NAALAD2,-0.06000000000000014,0.5396009774503636,1.0
SPATA6L,-0.06000000000000011,0.9372319393764333,1.0
NECAB1,-0.06000000000000011,0.8358260965628809,1.0
MZB1,-0.06000000000000011,0.7653835124598296,1.0
RHCE,-0.06000000000000011,0.648449182304075,1.0
RBM20,-0.06000000000000011,0.5232883447117399,1.0
CCER2,-0.06000000000000011,0.7717172243455237,1.0
ST6GALNAC1,-0.060000000000000095,0.7122180342879179,1.0
SYNGR4,-0.060000000000000095,0.6043966897165155,1.0
IL34,-0.060000000000000095,0.5098904587440031,1.0
HSD17B6,-0.06000000000000005,0.6101923917365532,1.0
RNF32,-0.06000000000000005,0.5589488326624473,1.0
ETFBKMT,-0.06000000000000005,0.49667429717814027,1.0
SPRED3,-0.06000000000000005,0.9801600629440878,1.0
NOTCH4,-0.06000000000000005,0.8325907534174406,1.0
RNF39,-0.06000000000000005,0.9174727785181955,1.0
H4C5,-0.06000000000000005,0.7029710376341284,1.0
SOWAHD,-0.060000000000000026,0.45313919490861054,1.0
ARHGDIG,-0.060000000000000026,0.7748898243174053,1.0
SOHLH2,-0.06,0.41421016410043454,1.0
USP44,-0.06,0.5098904587440031,1.0
LRRC32,-0.06,0.5729719113688719,1.0
DAPL1,-0.06,0.7908082597408556,1.0
PPP1R36,-0.06,0.9207627671027185,1.0
VMO1,-0.06,0.5757964313912116,1.0
STK31,-0.06,0.39091777522840465,1.0
VSTM5,-0.06,0.9570298316837188,1.0
TPTEP2-CSNK1E,-0.06,0.9043275087039068,1.0
TPH1,-0.05999999999999989,0.8977644646746489,1.0
TMEM45B,-0.05999999999999989,0.8358260965628809,1.0
ADAMTS10,-0.05999999999999983,0.996693012466618,1.0
TLL2,-0.059999999999999803,0.5045820072621465,1.0
IL13RA2,-0.059999999999999803,0.9108970950967655,1.0
HIGD1B,-0.059999999999999803,0.9372319393764333,1.0
VWA5B2,-0.059999999999999803,0.40246294289693907,1.0
BSN,-0.059999999999999803,0.4309926469959029,1.0
LAMP3,-0.059999999999999776,0.813240042910631,1.0
MNS1,-0.05999999999999961,0.9207627671027185,1.0
NMNAT1,-0.05999999999999872,0.672470358702386,1.0
EIF2B3,-0.05500000000000327,0.8683235982021273,1.0
RTN4IP1,-0.055000000000000604,0.47591416910232376,1.0
NAT1,-0.055000000000000604,0.6395330389318583,1.0
YPEL1,-0.05500000000000027,0.9636356313037896,1.0
IL1R2,-0.055000000000000104,0.9900792646321629,1.0
MYB,-0.05500000000000005,0.9438275338976189,1.0
PLPP7,-0.05500000000000005,0.7972005596761405,1.0
PRKG1,-0.05500000000000002,0.813240042910631,1.0
ANXA13,-0.05500000000000001,0.3978205467559196,1.0
UNC5C,-0.05500000000000001,0.5928800850110119,1.0
CARD11,-0.05500000000000001,0.6937677793437123,1.0
CYP2W1,-0.055,0.9867726179369976,1.0
IL1RN,-0.05499999999999999,0.9933860817420452,1.0
MUC4,-0.05499999999999999,0.5179075922305545,1.0
M1AP,-0.05499999999999999,0.672470358702386,1.0
GPR85,-0.05499999999999999,0.4888331394973101,1.0
PCSK9,-0.05499999999999999,0.636572443127301,1.0
SYT12,-0.05499999999999999,0.38635660260863647,1.0
NPW,-0.05499999999999999,0.8004018469425622,1.0
HPGD,-0.05499999999999994,0.8358260965628809,1.0
CCNA1,-0.0549999999999998,0.7653835124598296,1.0
ABCA10,-0.0549999999999998,0.829358243536714,1.0
NTNG1,-0.0549999999999998,0.996693012466618,1.0
CARMIL3,-0.0549999999999998,0.9801600629440878,1.0
RGS17,-0.05499999999999977,0.6846094685667796,1.0
TPK1,-0.05499999999999927,0.8552946682228153,1.0
PDIA5,-0.05499999999999261,0.39321057459276376,1.0
RAP1B,-0.05000000000001137,0.7277235466695502,1.0
APLF,-0.05000000000000049,0.9933860817420452,1.0
RPS4Y1,-0.050000000000000266,0.6785294870658231,1.0
TAFA2,-0.050000000000000266,0.7685484371305833,1.0
C20orf144,-0.05000000000000013,0.37957605749041823,1.0
HSD17B2,-0.0500000000000001,0.829358243536714,1.0
TMPRSS5,-0.0500000000000001,0.5533866460521025,1.0
ZCCHC18,-0.0500000000000001,1.0,1.0
CSRNP3,-0.0500000000000001,0.6846094685667796,1.0
ENO4,-0.0500000000000001,0.47848289419213597,1.0
CAPN8,-0.0500000000000001,0.7433413319545803,1.0
SPANXB1,-0.0500000000000001,0.657416013591166,1.0
PCDHGC4,-0.0500000000000001,0.43585911500840513,1.0
PRSS22,-0.050000000000000044,0.813240042910631,1.0
AGT,-0.050000000000000044,0.45313919490861054,1.0
GYPC,-0.050000000000000044,0.40246294289693907,1.0
SLC4A5,-0.050000000000000044,0.8683235982021273,1.0
PRKCG,-0.05000000000000002,0.7972005596761405,1.0
AMPH,-0.05,0.5871597544033558,1.0
SMPX,-0.05,0.4407571178182137,1.0
ZNF423,-0.05,0.40948712684432786,1.0
KCNJ8,-0.05,0.38635660260863647,1.0
SRMS,-0.05,0.5019387498867459,1.0
FEZF1,-0.05,0.4682535513976369,1.0
HOXD11,-0.05,0.7339575177052757,1.0
CYP19A1,-0.05,0.4940531510041464,1.0
NPPC,-0.05,0.4707994763603818,1.0
BAALC,-0.05,0.4237523539300838,1.0
ZBTB7C,-0.05,0.8683235982021273,1.0
ARL9,-0.05,0.8487947368200934,1.0
PAGE2,-0.05,0.5019387498867459,1.0
GSTA1,-0.05,0.4383041828410795,1.0
PCDHGA8,-0.05,0.4631846485772054,1.0
SOX8,-0.049999999999999996,0.5617400706970093,1.0
LRRC4,-0.049999999999999996,0.45064718510155777,1.0
CA1,-0.049999999999999996,0.5561643473205113,1.0
ANKRD31,-0.049999999999999996,0.8229019354214293,1.0
DRD2,-0.049999999999999996,0.7339575177052757,1.0
CD226,-0.049999999999999996,0.5179075922305545,1.0
EN1,-0.049999999999999996,0.672470358702386,1.0
CAMKV,-0.049999999999999996,0.4940531510041464,1.0
SOSTDC1,-0.049999999999999996,0.37957605749041823,1.0
MAP6,-0.049999999999999996,0.4810591760941474,1.0
MACC1,-0.049999999999999996,0.7308383100563765,1.0
IGLL5,-0.049999999999999996,0.38635660260863647,1.0
XKR5,-0.049999999999999996,0.648449182304075,1.0
SALL4,-0.04999999999999999,0.8748517286674501,1.0
PDE8B,-0.04999999999999999,0.9801600629440878,1.0
ADGRF3,-0.04999999999999999,0.9702439279042832,1.0
PIPOX,-0.04999999999999999,0.5098904587440031,1.0
MPO,-0.049999999999999906,0.9174727785181955,1.0
ITGAL,-0.049999999999999906,0.4682535513976369,1.0
PROM1,-0.049999999999999906,0.4888331394973101,1.0
RPA4,-0.049999999999999906,0.45064718510155777,1.0
PRRG2,-0.04999999999999982,0.7590654489309898,1.0
CD36,-0.049999999999999795,0.6160126376872717,1.0
DIRAS3,-0.049999999999999795,0.6015081344405899,1.0
RBBP5,-0.049999999999998934,0.9240541123816033,1.0
MBIP,-0.049999999999998934,0.9141842025623018,1.0
DHX40,-0.04999999999999005,0.7215075408530456,1.0
UBR5,-0.045000000000001705,0.5072325853424271,1.0
ATAD2B,-0.045000000000001705,0.6815668927944767,1.0
SHF,-0.04500000000000037,0.6998983649396864,1.0
RTN4RL2,-0.04500000000000037,0.8390642198295792,1.0
SPTY2D1OS,-0.04500000000000015,0.8944855348490495,1.0
CD79A,-0.045000000000000095,0.5450945558532493,1.0
PPFIA2,-0.045000000000000095,0.7653835124598296,1.0
PCDHB12,-0.04500000000000004,0.47848289419213597,1.0
GOLGA8R,-0.04500000000000004,0.9537280097577494,1.0
MYO15A,-0.04500000000000001,0.6189318717934644,1.0
NKX3-2,-0.04500000000000001,0.3978205467559196,1.0
BCO1,-0.04500000000000001,0.4383041828410795,1.0
ENPP2,-0.04500000000000001,0.9735488709352259,1.0
COL22A1,-0.04500000000000001,0.5152279883728814,1.0
TTC9B,-0.04500000000000001,0.4237523539300838,1.0
GPRIN3,-0.04500000000000001,0.5506157599288712,1.0
CYP27C1,-0.04500000000000001,0.9636356313037896,1.0
ZCWPW2,-0.04500000000000001,0.47591416910232376,1.0
CFTR,-0.045,0.6815668927944767,1.0
KLF8,-0.045,0.7433413319545803,1.0
SLC38A4,-0.045,0.5450945558532493,1.0
GALNT13,-0.045,0.5617400706970093,1.0
MMP3,-0.045,0.4682535513976369,1.0
PLD4,-0.045,0.5286976420682703,1.0
NIBAN3,-0.045,0.4334219309560736,1.0
ANKRD45,-0.045,0.43585911500840513,1.0
SFTA2,-0.045,0.8781190194469978,1.0
IGFL4,-0.045,0.4888331394973101,1.0
USH1C,-0.04499999999999999,0.38635660260863647,1.0
BLNK,-0.04499999999999999,0.547851719712373,1.0
ACTBL2,-0.04499999999999999,0.6336176395507085,1.0
MADCAM1,-0.044999999999999984,0.7844300000516808,1.0
SMIM5,-0.044999999999999984,0.40479627104040006,1.0
PCDHB10,-0.04499999999999993,0.7184063919514614,1.0
DOC2A,-0.04499999999999993,0.7559124086715863,1.0
IQCD,-0.04499999999999993,0.858548348480541,1.0
SPDYE5,-0.04499999999999993,0.8846597782463905,1.0
CDH6,-0.04499999999999982,0.43585911500840513,1.0
ZNF154,-0.04499999999999979,0.4285712791158539,1.0
ADAMTS13,-0.04499999999999926,0.5019387498867459,1.0
AFAP1,-0.04499999999999815,0.950426981824129,1.0
NBN,-0.0400000000000027,0.8781190194469978,1.0
FBXO10,-0.040000000000000924,0.6160126376872717,1.0
RSBN1L,-0.040000000000000924,0.7844300000516808,1.0
ASPHD2,-0.04000000000000026,0.7717172243455237,1.0
MYH7B,-0.04000000000000012,0.5533866460521025,1.0
TMEM151A,-0.04000000000000012,0.9076115119079285,1.0
LIPC,-0.040000000000000105,0.8229019354214293,1.0
SLC11A1,-0.04000000000000009,0.7029710376341284,1.0
TG,-0.04000000000000009,0.47591416910232376,1.0
KIF26A,-0.04000000000000009,0.7122180342879179,1.0
MARVELD3,-0.04000000000000009,0.9735488709352259,1.0
PRDM16,-0.04000000000000009,0.6694487219140669,1.0
GTSF1,-0.04000000000000009,0.5125556017624364,1.0
PGAM4,-0.04000000000000009,0.4707994763603818,1.0
MTMR7,-0.040000000000000036,0.8683235982021273,1.0
NKX3-1,-0.040000000000000036,0.6634215158168552,1.0
BGN,-0.040000000000000036,0.9010451411117566,1.0
PPARA,-0.040000000000000036,0.9010451411117566,1.0
TMEM176A,-0.04000000000000001,0.49930283827853317,1.0
SOX10,-0.04000000000000001,0.384088249473852,1.0
TYRP1,-0.04000000000000001,0.8164575944411389,1.0
ALDH8A1,-0.04000000000000001,0.7246132746430569,1.0
IRF8,-0.04000000000000001,0.8036064905718427,1.0
AXDND1,-0.04000000000000001,0.6754972946848711,1.0
SVEP1,-0.04000000000000001,0.5286976420682703,1.0
TMEM130,-0.04000000000000001,0.40479627104040006,1.0
GPR27,-0.04000000000000001,0.4606617114605923,1.0
FUT3,-0.04000000000000001,0.9570298316837188,1.0
MAP3K15,-0.04000000000000001,0.9076115119079285,1.0
TTC23L,-0.04000000000000001,0.40013769753329187,1.0
ARHGEF38,-0.04000000000000001,0.9471268043847221,1.0
LGALS2,-0.04,0.9438275338976189,1.0
SULT4A1,-0.04,0.8261286199203182,1.0
IQCA1,-0.04,0.5645380297349106,1.0
GPR55,-0.04,0.6664324268587869,1.0
CCDC33,-0.04,0.950426981824129,1.0
RNF175,-0.04,0.6937677793437123,1.0
CNDP1,-0.04,0.41658371785687753,1.0
SLAMF8,-0.04,0.9108970950967655,1.0
GLYATL1,-0.04,0.8618044330490108,1.0
SPRR1B,-0.04,0.7748898243174053,1.0
KDF1,-0.04,0.7685484371305833,1.0
SSTR2,-0.04,0.5205943866712266,1.0
TMEM89,-0.04,0.7402090762983753,1.0
CPSF4L,-0.04,0.5729719113688719,1.0
RASSF9,-0.04,0.9735488709352259,1.0
ERFL,-0.04,0.648449182304075,1.0
FOLH1,-0.039999999999999994,0.5396009774503636,1.0
KIRREL2,-0.039999999999999994,0.5179075922305545,1.0
GDNF,-0.039999999999999994,0.8487947368200934,1.0
CALCB,-0.039999999999999994,0.384088249473852,1.0
GALNT16,-0.03999999999999998,0.8358260965628809,1.0
TMPRSS4,-0.03999999999999998,0.4383041828410795,1.0
IL2RG,-0.03999999999999998,0.6424993873606966,1.0
B3GNT3,-0.03999999999999998,0.657416013591166,1.0
PCDHGA5,-0.03999999999999998,0.9603323910593005,1.0
KCNQ2,-0.0399999999999999,0.6998983649396864,1.0
ACY3,-0.039999999999999813,0.8229019354214293,1.0
IL16,-0.039999999999999813,0.6754972946848711,1.0
SCN5A,-0.039999999999999813,0.5561643473205113,1.0
MTRNR2L8,-0.039999999999999813,0.5179075922305545,1.0
STARD9,-0.03999999999999959,0.940529226774238,1.0
CEP70,-0.03999999999999915,0.8781190194469978,1.0
ATRIP,-0.03999999999999915,0.9010451411117566,1.0
IL17RB,-0.03500000000000014,0.672470358702386,1.0
FBXO30,-0.03500000000000014,0.7908082597408556,1.0
FOXK1,-0.03500000000000014,0.6785294870658231,1.0
TSHZ1,-0.03500000000000014,0.41421016410043454,1.0
MYLPF,-0.03500000000000014,0.8325907534174406,1.0
MSS51,-0.03500000000000003,0.5729719113688719,1.0
SERPIND1,-0.03500000000000001,0.8944855348490495,1.0
LRRC71,-0.03500000000000001,0.5396009774503636,1.0
EPHA3,-0.035,0.5617400706970093,1.0
HAL,-0.035,0.9076115119079285,1.0
TOX3,-0.035,0.4213548269831777,1.0
GCK,-0.035,0.829358243536714,1.0
CYTIP,-0.035,0.43585911500840513,1.0
WFIKKN1,-0.035,0.39321057459276376,1.0
MRO,-0.035,0.9076115119079285,1.0
ZMYND15,-0.035,0.5701539825270272,1.0
EPHB1,-0.035,0.5900167260288813,1.0
TMC1,-0.035,0.749618556161363,1.0
POTEE,-0.035,0.4118446292938597,1.0
AARD,-0.035,1.0,1.0
FOXD4L6,-0.035,0.4456865210409048,1.0
BCL2L14,-0.034999999999999996,0.6395330389318583,1.0
MDGA2,-0.034999999999999996,0.4213548269831777,1.0
MEGF10,-0.034999999999999996,0.5179075922305545,1.0
BTK,-0.03499999999999999,0.6160126376872717,1.0
TRPA1,-0.03499999999999999,0.9636356313037896,1.0
TMEM108,-0.03499999999999999,0.9306406489398111,1.0
ANKRD65,-0.03499999999999999,0.37957605749041823,1.0
SPATA1,-0.03499999999999992,0.5843092048547895,1.0
RAB25,-0.03499999999999992,0.8229019354214293,1.0
CUZD1,-0.03499999999999992,0.6189318717934644,1.0
CHRFAM7A,-0.03499999999999992,0.8977644646746489,1.0
SERPINA5,-0.03499999999999992,0.5179075922305545,1.0
ALB,-0.03499999999999981,0.7780661870680045,1.0
TLNRD1,-0.034999999999998366,0.8977644646746489,1.0
TAB1,-0.03499999999998593,0.9240541123816033,1.0
NFKBIZ,-0.030000000000001137,0.5729719113688719,1.0
DNAJB7,-0.03000000000000011,0.6277255661132192,1.0
C11orf94,-0.03000000000000011,0.8715865700317355,1.0
FAM243B,-0.03000000000000011,0.5098904587440031,1.0
DLEC1,-0.030000000000000096,0.6454714485353458,1.0
SCEL,-0.030000000000000096,0.7339575177052757,1.0
ALPP,-0.030000000000000096,0.7622224999271966,1.0
CYTL1,-0.030000000000000096,0.45313919490861054,1.0
ZBED2,-0.030000000000000096,0.7685484371305833,1.0
COLCA2,-0.030000000000000096,0.6306686675294741,1.0
FHAD1,-0.030000000000000082,0.6604160308082985,1.0
MFAP5,-0.030000000000000082,0.7653835124598296,1.0
CCNI2,-0.030000000000000082,0.9141842025623018,1.0
MMP24,-0.030000000000000027,0.39321057459276376,1.0
RAD9B,-0.030000000000000027,0.9438275338976189,1.0
USP51,-0.030000000000000027,0.6815668927944767,1.0
DAPP1,-0.030000000000000006,0.648449182304075,1.0
RLN1,-0.030000000000000006,0.7091309176902658,1.0
SLCO1B3,-0.030000000000000006,0.813240042910631,1.0
HAVCR1,-0.030000000000000006,0.4631846485772054,1.0
CACNG6,-0.030000000000000006,0.4285712791158539,1.0
LDHAL6B,-0.030000000000000006,0.45814647715894785,1.0
NPTX2,-0.030000000000000002,0.5259894390505462,1.0
FOXA2,-0.030000000000000002,0.5957497963320737,1.0
RAET1L,-0.030000000000000002,0.9471268043847221,1.0
ADRA1D,-0.030000000000000002,0.8748517286674501,1.0
EMILIN3,-0.030000000000000002,0.950426981824129,1.0
KRT6B,-0.030000000000000002,0.996693012466618,1.0
FOXD3,-0.030000000000000002,0.5589488326624473,1.0
HLA-DOA,-0.030000000000000002,0.5045820072621465,1.0
ADH1C,-0.030000000000000002,0.6101923917365532,1.0
SYT13,-0.03,0.7215075408530456,1.0
LTK,-0.03,0.6785294870658231,1.0
CNGB1,-0.03,0.5561643473205113,1.0
APBB1IP,-0.03,0.4631846485772054,1.0
HEPH,-0.03,0.9933860817420452,1.0
IL2RB,-0.03,0.39551150205256314,1.0
ASB2,-0.03,0.3818280646769783,1.0
NOL4,-0.03,0.4631846485772054,1.0
IL21R,-0.03,0.7559124086715863,1.0
SHD,-0.03,0.4682535513976369,1.0
ECM2,-0.03,0.7402090762983753,1.0
VWF,-0.03,0.5757964313912116,1.0
PTGIS,-0.03,0.621857129896537,1.0
H1-3,-0.03,0.6277255661132192,1.0
TCP11,-0.03,0.8846597782463905,1.0
PROZ,-0.03,0.6907099557705141,1.0
TAS2R3,-0.03,0.8455485934494391,1.0
KDR,-0.03,0.8683235982021273,1.0
ATP1B2,-0.03,0.5368646222462607,1.0
TNNT3,-0.03,0.40948712684432786,1.0
RGN,-0.03,0.5957497963320737,1.0
TESPA1,-0.03,0.5533866460521025,1.0
CHST5,-0.03,0.47335302265608303,1.0
SPDYE1,-0.03,0.6101923917365532,1.0
MYO1G,-0.03,0.4118446292938597,1.0
BLK,-0.03,0.5814651118050964,1.0
BTG4,-0.03,0.41896527683459084,1.0
NTRK3,-0.03,0.45313919490861054,1.0
PNMT,-0.03,0.41896527683459084,1.0
BEST4,-0.03,0.41896527683459084,1.0
MS4A3,-0.03,0.43585911500840513,1.0
NCAM2,-0.03,0.9174727785181955,1.0
BICDL2,-0.03,0.8520434463522804,1.0
SPRR2D,-0.03,0.5259894390505462,1.0
TMEM200A,-0.03,0.8068144389745125,1.0
MYOZ3,-0.03,0.6277255661132192,1.0
ARMC3,-0.03,0.5450945558532493,1.0
PRAP1,-0.03,0.621857129896537,1.0
SFTPC,-0.03,0.5045820072621465,1.0
NR0B1,-0.03,0.4334219309560736,1.0
RGS7,-0.03,0.5814651118050964,1.0
FOXD4L4,-0.03,0.8487947368200934,1.0
SLC51B,-0.03,0.6998983649396864,1.0
GABRD,-0.03,0.6454714485353458,1.0
RASSF10,-0.03,0.8487947368200934,1.0
HLA-DRB5,-0.03,0.5125556017624364,1.0
EIF1AY,-0.03,0.6664324268587869,1.0
COL15A1,-0.03,0.636572443127301,1.0
MPIG6B,-0.03,0.621857129896537,1.0
TP53TG3D,-0.03,0.40948712684432786,1.0
AKR1B15,-0.03,0.4631846485772054,1.0
ASB14,-0.03,0.749618556161363,1.0
PCDHA3,-0.03,0.5179075922305545,1.0
ANXA8L1,-0.03,0.9141842025623018,1.0
AL160269.1,-0.03,0.5814651118050964,1.0
WAS,-0.02999999999999997,0.7184063919514614,1.0
SLC2A12,-0.02999999999999997,0.8520434463522804,1.0
KLK6,-0.02999999999999997,0.8879331364078507,1.0
TSPOAP1,-0.029999999999999888,0.9207627671027185,1.0
RSPH4A,-0.029999999999999888,0.8358260965628809,1.0
WDR93,-0.029999999999999888,0.4407571178182137,1.0
SLC6A12,-0.029999999999999805,0.7246132746430569,1.0
HVCN1,-0.029999999999999805,0.9207627671027185,1.0
MYCBPAP,-0.029999999999999805,0.9933860817420452,1.0
KIAA1328,-0.029999999999999805,0.9834661984477937,1.0
GKAP1,-0.029999999999999805,0.9174727785181955,1.0
ZNF443,-0.029999999999999805,0.9900792646321629,1.0
TAS2R20,-0.029999999999999805,0.40246294289693907,1.0
CEP112,-0.02999999999999936,0.6876571708271936,1.0
RPP25L,-0.025000000000005684,0.9339357280136042,1.0
RBM41,-0.025000000000000355,0.9076115119079285,1.0
GPR146,-0.025000000000000355,0.7590654489309898,1.0
CEP135,-0.025000000000000355,0.7972005596761405,1.0
CHRNA10,-0.025000000000000133,0.8813883875991326,1.0
ZG16B,-0.025000000000000078,0.6664324268587869,1.0
IGSF1,-0.02500000000000005,0.8650628677291835,1.0
C11orf96,-0.02500000000000005,0.5045820072621465,1.0
ATP6V1FNB,-0.025000000000000022,0.6043966897165155,1.0
RNF148,-0.02500000000000001,0.696830597247795,1.0
TEX12,-0.025,0.7972005596761405,1.0
NAT2,-0.025,0.6846094685667796,1.0
CCR1,-0.025,0.4213548269831777,1.0
APCDD1L,-0.025,0.37733223687257855,1.0
LANCL3,-0.024999999999999998,0.44816295439279763,1.0
KCNN1,-0.024999999999999994,0.8552946682228153,1.0
UPK1A,-0.024999999999999994,0.950426981824129,1.0
OMG,-0.024999999999999994,0.45814647715894785,1.0
GABBR2,-0.024999999999999994,0.5673426777793709,1.0
ITGAX,-0.024999999999999994,0.636572443127301,1.0
TAGLN3,-0.024999999999999994,0.8164575944411389,1.0
SYTL5,-0.024999999999999994,0.5368646222462607,1.0
DYNLRB2,-0.024999999999999994,0.42615784298026116,1.0
CSDC2,-0.024999999999999994,0.7060485703056018,1.0
IQCN,-0.024999999999999967,0.48623432138829725,1.0
CHD5,-0.02499999999999991,0.7091309176902658,1.0
KLK10,-0.02499999999999991,0.7122180342879179,1.0
GMPR,-0.02499999999999991,0.5098904587440031,1.0
GPR132,-0.02499999999999991,0.7876173493946396,1.0
PROSER2,-0.024999999999999467,0.8229019354214293,1.0
LRRC8B,-0.024999999999999467,0.7908082597408556,1.0
METTL27,-0.02499999999999858,0.8229019354214293,1.0
UNC119B,-0.02000000000000668,0.8618044330490108,1.0
TNFRSF9,-0.0200000000000001,0.5589488326624473,1.0
EPHA6,-0.0200000000000001,0.672470358702386,1.0
KLK8,-0.0200000000000001,0.8912084070019073,1.0
NPR1,-0.0200000000000001,0.7060485703056018,1.0
PPP1R27,-0.0200000000000001,0.9339357280136042,1.0
SPEGNB,-0.0200000000000001,0.4914394238527241,1.0
FABP3,-0.020000000000000073,0.49930283827853317,1.0
SLC9A9,-0.020000000000000073,0.9372319393764333,1.0
SPATA46,-0.02000000000000006,0.40479627104040006,1.0
CFAP61,-0.020000000000000018,0.46571526862558976,1.0
FAM186B,-0.020000000000000018,0.8650628677291835,1.0
LMTK3,-0.020000000000000018,0.9537280097577494,1.0
SPIN2A,-0.020000000000000018,0.7653835124598296,1.0
LGI4,-0.020000000000000018,0.9537280097577494,1.0
FGF18,-0.020000000000000018,0.9471268043847221,1.0
SHANK1,-0.020000000000000018,0.6424993873606966,1.0
CCDC171,-0.020000000000000018,0.7780661870680045,1.0
MFAP4,-0.020000000000000018,0.5701539825270272,1.0
SERPINF2,-0.020000000000000018,0.6101923917365532,1.0
FOXD4,-0.020000000000000018,0.9174727785181955,1.0
KCNK7,-0.020000000000000018,0.9273467583508952,1.0
CCDC87,-0.020000000000000018,0.6846094685667796,1.0
NT5C1B,-0.020000000000000018,0.8068144389745125,1.0
SCX,-0.020000000000000018,0.7748898243174053,1.0
H2BC10,-0.020000000000000018,0.9867726179369976,1.0
HGF,-0.020000000000000004,0.7433413319545803,1.0
DLX3,-0.020000000000000004,0.9867726179369976,1.0
ASIC4,-0.020000000000000004,0.9801600629440878,1.0
SIDT1,-0.020000000000000004,0.7433413319545803,1.0
DCT,-0.020000000000000004,0.6907099557705141,1.0
AQP6,-0.020000000000000004,0.4888331394973101,1.0
NCF4,-0.020000000000000004,0.737081122297987,1.0
FOXF1,-0.020000000000000004,0.6815668927944767,1.0
ATP8B4,-0.020000000000000004,0.6247883740723336,1.0
NEFM,-0.020000000000000004,0.5125556017624364,1.0
PON3,-0.020000000000000004,0.9768542681907831,1.0
CLIC5,-0.020000000000000004,0.7029710376341284,1.0
PRLR,-0.020000000000000004,0.8004018469425622,1.0
SERPINC1,-0.020000000000000004,0.6664324268587869,1.0
TP53AIP1,-0.020000000000000004,0.8683235982021273,1.0
FMOD,-0.020000000000000004,0.5986258246782183,1.0
S1PR4,-0.020000000000000004,0.5986258246782183,1.0
USP6,-0.020000000000000004,0.5368646222462607,1.0
FBP2,-0.020000000000000004,0.9867726179369976,1.0
LGR6,-0.020000000000000004,0.6454714485353458,1.0
REG4,-0.020000000000000004,0.7464778413011777,1.0
FGFBP2,-0.020000000000000004,0.5205943866712266,1.0
SLC2A5,-0.020000000000000004,0.7622224999271966,1.0
GPR17,-0.020000000000000004,0.636572443127301,1.0
ZP1,-0.020000000000000004,0.9702439279042832,1.0
GRIA4,-0.020000000000000004,0.5286976420682703,1.0
PGM5,-0.020000000000000004,0.8261286199203182,1.0
CYBB,-0.020000000000000004,0.5506157599288712,1.0
MYO1A,-0.020000000000000004,0.7184063919514614,1.0
AR,-0.020000000000000004,0.5368646222462607,1.0
CHST13,-0.020000000000000004,0.4914394238527241,1.0
C11orf42,-0.020000000000000004,0.9669394958014216,1.0
LRIT3,-0.020000000000000004,0.8781190194469978,1.0
SOWAHB,-0.020000000000000004,0.6604160308082985,1.0
DRICH1,-0.020000000000000004,0.8229019354214293,1.0
SPOCK3,-0.020000000000000004,0.7339575177052757,1.0
SPN,-0.020000000000000004,0.6998983649396864,1.0
GPRIN2,-0.020000000000000004,0.5314129258282958,1.0
LEFTY1,-0.020000000000000004,0.7184063919514614,1.0
RTL9,-0.020000000000000004,0.5757964313912116,1.0
TUBB8,-0.020000000000000004,0.45313919490861054,1.0
BIVM-ERCC5,-0.020000000000000004,0.5396009774503636,1.0
CALCR,-0.02,0.6336176395507085,1.0
TENM1,-0.02,0.9108970950967655,1.0
LRP2,-0.02,0.40948712684432786,1.0
RPGRIP1,-0.02,0.7685484371305833,1.0
MXRA5,-0.02,0.4606617114605923,1.0
FAM189A1,-0.02,0.9372319393764333,1.0
SH3GL2,-0.02,1.0,1.0
INSL6,-0.02,0.45064718510155777,1.0
ZBP1,-0.02,0.384088249473852,1.0
PYY,-0.02,0.996693012466618,1.0
CATSPERB,-0.02,0.39551150205256314,1.0
UNC13C,-0.02,0.5152279883728814,1.0
NAT8,-0.02,0.5179075922305545,1.0
CPO,-0.02,0.6907099557705141,1.0
TTBK1,-0.02,0.6876571708271936,1.0
INA,-0.02,0.9010451411117566,1.0
TUBA3E,-0.02,0.45064718510155777,1.0
CFAP161,-0.02,0.6785294870658231,1.0
ART3,-0.02,0.6815668927944767,1.0
ALPG,-0.02,0.829358243536714,1.0
PKNOX2,-0.02,0.6130994652172653,1.0
SGSM1,-0.02,0.7812462624304687,1.0
NOD2,-0.02,0.8261286199203182,1.0
MTNR1A,-0.02,0.4118446292938597,1.0
GPR37L1,-0.02,0.39321057459276376,1.0
LGALS9B,-0.02,0.636572443127301,1.0
ZNF804A,-0.02,0.7653835124598296,1.0
PURG,-0.02,0.8879331364078507,1.0
CDH5,-0.02,0.5786275093766506,1.0
C12orf56,-0.02,0.6907099557705141,1.0
SPATC1,-0.02,0.38635660260863647,1.0
QRFPR,-0.02,0.8748517286674501,1.0
CDHR4,-0.02,0.4071376698379916,1.0
GRAPL,-0.02,0.6247883740723336,1.0
SH2D1B,-0.02,0.5286976420682703,1.0
ASB12,-0.02,0.8325907534174406,1.0
RNF223,-0.02,0.5314129258282958,1.0
PCDHA13,-0.02,0.41658371785687753,1.0
CYP2A6,-0.02,0.384088249473852,1.0
BARX2,-0.019999999999999997,0.7277235466695502,1.0
CAMK2A,-0.019999999999999997,0.6189318717934644,1.0
TMPRSS11E,-0.019999999999999997,0.5450945558532493,1.0
TEKT2,-0.019999999999999997,0.5125556017624364,1.0
TGM5,-0.019999999999999997,0.46571526862558976,1.0
SLC4A9,-0.019999999999999997,0.5179075922305545,1.0
TACR1,-0.019999999999999997,0.6907099557705141,1.0
CHRNB4,-0.019999999999999997,0.37733223687257855,1.0
CBFA2T3,-0.019999999999999997,0.6937677793437123,1.0
KRT34,-0.019999999999999997,0.8977644646746489,1.0
GPR84,-0.019999999999999997,0.41896527683459084,1.0
ST8SIA2,-0.019999999999999997,0.44816295439279763,1.0
CBLC,-0.019999999999999997,0.41896527683459084,1.0
KCNN3,-0.019999999999999997,0.7122180342879179,1.0
SLC4A10,-0.019999999999999997,0.4334219309560736,1.0
RAB19,-0.019999999999999997,0.8036064905718427,1.0
TEKT5,-0.019999999999999997,0.5125556017624364,1.0
ENPP3,-0.019999999999999997,0.4606617114605923,1.0
FGF19,-0.019999999999999997,0.5506157599288712,1.0
CADM3,-0.019999999999999997,0.39321057459276376,1.0
TRIM58,-0.019999999999999997,0.6664324268587869,1.0
OXER1,-0.019999999999999997,0.45313919490861054,1.0
RNF183,-0.019999999999999997,0.5561643473205113,1.0
IL13,-0.019999999999999997,0.384088249473852,1.0
CLEC7A,-0.019999999999999997,0.7277235466695502,1.0
KLHL38,-0.019999999999999997,0.5314129258282958,1.0
C9orf50,-0.019999999999999997,0.7091309176902658,1.0
RRH,-0.019999999999999997,0.9669394958014216,1.0
USH1G,-0.019999999999999997,0.5098904587440031,1.0
OLFML1,-0.019999999999999997,0.40013769753329187,1.0
TMPRSS6,-0.019999999999999997,0.5232883447117399,1.0
KLRG2,-0.019999999999999997,0.45563896523052283,1.0
ANKRD63,-0.019999999999999997,0.47848289419213597,1.0
NFAM1,-0.019999999999999997,0.5098904587440031,1.0
GABRQ,-0.019999999999999997,0.40013769753329187,1.0
TRAF3IP3,-0.01999999999999999,0.47591416910232376,1.0
TP63,-0.01999999999999999,0.547851719712373,1.0
PTPRC,-0.01999999999999999,0.48623432138829725,1.0
CHRD,-0.01999999999999999,0.8781190194469978,1.0
LAMB4,-0.01999999999999999,0.7812462624304687,1.0
SLC17A9,-0.01999999999999999,0.5986258246782183,1.0
NR4A3,-0.01999999999999999,0.9010451411117566,1.0
SSUH2,-0.01999999999999999,0.8455485934494391,1.0
DLL4,-0.01999999999999999,0.8977644646746489,1.0
SHBG,-0.01999999999999999,0.9867726179369976,1.0
ENKUR,-0.01999999999999999,0.648449182304075,1.0
TMEM190,-0.01999999999999999,0.8196782427441914,1.0
KCNJ12,-0.01999999999999999,0.9702439279042832,1.0
NTRK1,-0.01999999999999999,0.9339357280136042,1.0
GOLGA8K,-0.01999999999999999,0.7908082597408556,1.0
SLC10A5,-0.01999999999999999,0.3978205467559196,1.0
CHRNA3,-0.019999999999999962,0.40948712684432786,1.0
TP53TG5,-0.019999999999999962,0.9669394958014216,1.0
C1orf162,-0.019999999999999962,0.813240042910631,1.0
UNC5A,-0.019999999999999907,0.8455485934494391,1.0
ITGA4,-0.019999999999999796,0.5701539825270272,1.0
DDIT4L,-0.019999999999999796,0.9801600629440878,1.0
DAAM2,-0.019999999999999796,0.8715865700317355,1.0
GCNA,-0.019999999999999796,0.6454714485353458,1.0
ARMC12,-0.019999999999999796,0.5986258246782183,1.0
HSFX1,-0.019999999999999796,0.5205943866712266,1.0
MAGI2,-0.019999999999999796,0.8715865700317355,1.0
CALHM6,-0.019999999999999796,0.4888331394973101,1.0
ZNF165,-0.019999999999999796,0.8325907534174406,1.0
NPIPB6,-0.019999999999999796,1.0,1.0
KLHL41,-0.019999999999999796,0.5286976420682703,1.0
LHX4,-0.019999999999999574,0.9669394958014216,1.0
GPALPP1,-0.019999999999999574,0.8358260965628809,1.0
ZNF852,-0.019999999999999574,0.8455485934494391,1.0
HEY1,-0.01999999999999913,0.6336176395507085,1.0
ZSWIM9,-0.019999999999998685,0.8196782427441914,1.0
IPP,-0.019999999999997797,0.5814651118050964,1.0
ZNF106,-0.015000000000005898,0.7308383100563765,1.0
POLR1B,-0.015000000000005898,0.8358260965628809,1.0
EGFR,-0.015000000000004121,0.8358260965628809,1.0
SEC31B,-0.015000000000001013,0.8715865700317355,1.0
VWA5A,-0.015000000000000568,0.3978205467559196,1.0
EPC2,-0.015000000000000568,0.6247883740723336,1.0
NPR3,-0.015000000000000124,0.8520434463522804,1.0
B3GNT4,-0.015000000000000124,0.4914394238527241,1.0
ZNF329,-0.015000000000000124,0.4810591760941474,1.0
UBE2L5,-0.015000000000000124,0.47848289419213597,1.0
HFM1,-0.015000000000000097,0.5179075922305545,1.0
NYAP1,-0.015000000000000069,0.8196782427441914,1.0
PTPN7,-0.015000000000000055,0.4836429926527509,1.0
RASGRP2,-0.015000000000000013,0.5561643473205113,1.0
PCDHB15,-0.015000000000000013,0.4682535513976369,1.0
IL18R1,-0.015000000000000013,0.813240042910631,1.0
SLC26A7,-0.015000000000000013,0.8520434463522804,1.0
CELF5,-0.015000000000000013,0.858548348480541,1.0
PTAFR,-0.015000000000000013,0.636572443127301,1.0
TNFRSF10C,-0.015000000000000013,0.8650628677291835,1.0
CD7,-0.015000000000000013,0.8487947368200934,1.0
SLCO2A1,-0.015000000000000013,0.45064718510155777,1.0
WDR86,-0.015000000000000013,0.7685484371305833,1.0
PRICKLE4,-0.015000000000000013,0.5729719113688719,1.0
FRMPD3,-0.015000000000000003,0.384088249473852,1.0
HOXD12,-0.015000000000000003,0.9471268043847221,1.0
MUC16,-0.015000000000000003,0.672470358702386,1.0
TNFRSF4,-0.015000000000000003,0.5617400706970093,1.0
PTGER3,-0.015000000000000001,0.6754972946848711,1.0
COL23A1,-0.015000000000000001,0.5259894390505462,1.0
ADGRG5,-0.015000000000000001,0.4432179029796727,1.0
DLEU7,-0.015000000000000001,0.8748517286674501,1.0
FRG2,-0.015000000000000001,0.3818280646769783,1.0
OR2A42,-0.015000000000000001,0.39551150205256314,1.0
STMN4,-0.015,0.940529226774238,1.0
GABRP,-0.015,0.39321057459276376,1.0
ANGPTL1,-0.015,0.7876173493946396,1.0
MAGEA10,-0.015,0.5673426777793709,1.0
ZIC1,-0.015,0.7122180342879179,1.0
KCNT2,-0.015,0.5179075922305545,1.0
CADPS,-0.015,0.5450945558532493,1.0
LDHC,-0.015,0.42615784298026116,1.0
SLN,-0.015,0.6072914543107184,1.0
COL24A1,-0.015,0.6754972946848711,1.0
ANO5,-0.015,0.8068144389745125,1.0
LGALS9C,-0.015,0.7748898243174053,1.0
C11orf86,-0.015,0.9108970950967655,1.0
CNTNAP2,-0.015,0.9867726179369976,1.0
LSMEM2,-0.015,0.5232883447117399,1.0
NLRP11,-0.015,0.7717172243455237,1.0
PRG2,-0.015,0.5072325853424271,1.0
CCK,-0.015,0.5786275093766506,1.0
AL353579.1,-0.015,0.5843092048547895,1.0
POSTN,-0.014999999999999986,0.9339357280136042,1.0
SUN3,-0.014999999999999986,0.950426981824129,1.0
TMEM151B,-0.014999999999999986,0.8229019354214293,1.0
HUS1B,-0.014999999999999986,0.8520434463522804,1.0
PHACTR3,-0.014999999999999902,0.6544215056598512,1.0
CDH26,-0.014999999999999902,0.8618044330490108,1.0
FNDC5,-0.014999999999999902,0.49930283827853317,1.0
LIPT2,-0.014999999999999902,0.9603323910593005,1.0
CSF1R,-0.014999999999999902,0.7091309176902658,1.0
ALPL,-0.014999999999999819,0.8068144389745125,1.0
SETSIP,-0.014999999999999791,0.5729719113688719,1.0
OPA3,-0.014999999999997016,0.8618044330490108,1.0
TMBIM1,-0.014999999999986358,0.8912084070019073,1.0
RAD18,-0.010000000000005116,0.9669394958014216,1.0
PAG1,-0.010000000000000231,0.43585911500840513,1.0
SPATA32,-0.010000000000000203,0.5152279883728814,1.0
RPEL1,-0.010000000000000203,0.4309926469959029,1.0
EDDM13,-0.010000000000000203,0.4888331394973101,1.0
CCDC81,-0.010000000000000092,0.8325907534174406,1.0
OLR1,-0.010000000000000092,0.7029710376341284,1.0
CLDN6,-0.010000000000000092,0.8879331364078507,1.0
SOGA3,-0.010000000000000092,0.9306406489398111,1.0
ASCL5,-0.010000000000000092,0.5843092048547895,1.0
STPG4,-0.010000000000000092,0.9636356313037896,1.0
CACNA1G,-0.010000000000000009,1.0,1.0
SPI1,-0.010000000000000009,0.6336176395507085,1.0
LAG3,-0.010000000000000009,0.4456865210409048,1.0
ADA2,-0.010000000000000009,0.7653835124598296,1.0
FAM83E,-0.010000000000000009,0.9570298316837188,1.0
RLN2,-0.010000000000000009,0.7402090762983753,1.0
POU2AF1,-0.010000000000000009,0.4707994763603818,1.0
APOA1,-0.010000000000000009,0.9141842025623018,1.0
ABCG2,-0.010000000000000009,0.8196782427441914,1.0
NRL,-0.010000000000000009,0.8683235982021273,1.0
ABHD12B,-0.010000000000000009,0.6907099557705141,1.0
GSTM1,-0.010000000000000009,0.5125556017624364,1.0
TTPA,-0.010000000000000009,0.8879331364078507,1.0
POU2F3,-0.010000000000000009,0.8715865700317355,1.0
SYCP3,-0.010000000000000009,0.7277235466695502,1.0
CORIN,-0.010000000000000009,0.3818280646769783,1.0
TRIM74,-0.010000000000000009,0.47591416910232376,1.0
FGF17,-0.010000000000000009,0.8358260965628809,1.0
CRYBA2,-0.010000000000000009,0.7876173493946396,1.0
AIM2,-0.010000000000000009,0.8520434463522804,1.0
NOXRED1,-0.010000000000000009,0.7339575177052757,1.0
H3-4,-0.010000000000000009,0.940529226774238,1.0
KRT20,-0.010000000000000009,0.4407571178182137,1.0
ABCG4,-0.010000000000000009,0.8036064905718427,1.0
MRGPRF,-0.010000000000000009,0.4456865210409048,1.0
TMEM125,-0.010000000000000009,0.8912084070019073,1.0
TBX1,-0.010000000000000009,0.9669394958014216,1.0
SPDYE17,-0.010000000000000009,0.4432179029796727,1.0
ARMH1,-0.010000000000000009,0.6907099557705141,1.0
CD247,-0.010000000000000009,0.7308383100563765,1.0
SLC44A4,-0.010000000000000009,0.8164575944411389,1.0
CRPPA,-0.010000000000000009,0.9438275338976189,1.0
CCL3,-0.010000000000000009,0.9933860817420452,1.0
WNT8B,-0.010000000000000002,0.9867726179369976,1.0
TYR,-0.010000000000000002,0.7308383100563765,1.0
CPXM1,-0.010000000000000002,0.6514325482434398,1.0
IRAK3,-0.010000000000000002,0.6907099557705141,1.0
ANGPT2,-0.010000000000000002,0.737081122297987,1.0
IL12RB1,-0.010000000000000002,0.621857129896537,1.0
HNF4A,-0.010000000000000002,0.9010451411117566,1.0
DNTT,-0.010000000000000002,0.9669394958014216,1.0
EBF3,-0.010000000000000002,0.49930283827853317,1.0
FOLR3,-0.010000000000000002,0.8781190194469978,1.0
KISS1R,-0.010000000000000002,0.6937677793437123,1.0
DLGAP3,-0.010000000000000002,0.7060485703056018,1.0
MYOT,-0.010000000000000002,0.6604160308082985,1.0
APOBEC2,-0.010000000000000002,0.9372319393764333,1.0
COL21A1,-0.010000000000000002,0.9108970950967655,1.0
CALY,-0.010000000000000002,0.41421016410043454,1.0
IDO1,-0.010000000000000002,0.6634215158168552,1.0
MTUS2,-0.010000000000000002,0.737081122297987,1.0
TRPC4,-0.010000000000000002,0.4810591760941474,1.0
ERN2,-0.010000000000000002,0.7464778413011777,1.0
EPHA7,-0.010000000000000002,0.696830597247795,1.0
TMPRSS13,-0.010000000000000002,0.6015081344405899,1.0
CYP2C8,-0.010000000000000002,0.7060485703056018,1.0
RPL3L,-0.010000000000000002,0.9537280097577494,1.0
ADCY10,-0.010000000000000002,0.49667429717814027,1.0
CASQ1,-0.010000000000000002,0.6015081344405899,1.0
TMEFF2,-0.010000000000000002,0.6514325482434398,1.0
GSDMC,-0.010000000000000002,0.4334219309560736,1.0
GUCY1A2,-0.010000000000000002,0.5098904587440031,1.0
CD8A,-0.010000000000000002,0.9141842025623018,1.0
SLA,-0.010000000000000002,0.829358243536714,1.0
DRC1,-0.010000000000000002,0.8650628677291835,1.0
ACTC1,-0.010000000000000002,0.6876571708271936,1.0
MEIOB,-0.010000000000000002,0.9174727785181955,1.0
NDST3,-0.010000000000000002,0.9867726179369976,1.0
SHH,-0.010000000000000002,0.5786275093766506,1.0
SHOC1,-0.010000000000000002,0.8487947368200934,1.0
SLC39A2,-0.010000000000000002,0.8813883875991326,1.0
IL1RAPL1,-0.010000000000000002,0.5757964313912116,1.0
GPR183,-0.010000000000000002,0.9141842025623018,1.0
NDNF,-0.010000000000000002,0.9834661984477937,1.0
AGR3,-0.010000000000000002,0.7876173493946396,1.0
ZCCHC12,-0.010000000000000002,0.6876571708271936,1.0
PLEKHD1,-0.010000000000000002,0.648449182304075,1.0
YIPF7,-0.010000000000000002,0.6754972946848711,1.0
FAM133A,-0.010000000000000002,0.4309926469959029,1.0
CFAP65,-0.010000000000000002,0.950426981824129,1.0
VCX,-0.010000000000000002,0.47591416910232376,1.0
MAFA,-0.010000000000000002,0.5450945558532493,1.0
CABCOCO1,-0.010000000000000002,0.6634215158168552,1.0
PRSS57,-0.010000000000000002,0.45313919490861054,1.0
SLIT1,-0.010000000000000002,0.8748517286674501,1.0
PLA2G2A,-0.010000000000000002,0.5423442984904308,1.0
SLC24A5,-0.010000000000000002,0.7402090762983753,1.0
PRELP,-0.010000000000000002,0.8879331364078507,1.0
CXCL17,-0.010000000000000002,0.4888331394973101,1.0
ARID3C,-0.010000000000000002,0.6754972946848711,1.0
GRID2IP,-0.010000000000000002,0.3886331144942722,1.0
AC013470.2,-0.010000000000000002,0.7559124086715863,1.0
PTTG2,-0.010000000000000002,0.8781190194469978,1.0
CALR3,-0.010000000000000002,0.5871597544033558,1.0
ARX,-0.01,0.5561643473205113,1.0
SLC18A1,-0.01,0.648449182304075,1.0
BEST2,-0.01,0.829358243536714,1.0
CHRDL2,-0.01,0.6424993873606966,1.0
CREB3L3,-0.01,0.9735488709352259,1.0
ATP2B3,-0.01,0.43585911500840513,1.0
FRMPD1,-0.01,0.384088249473852,1.0
SLC12A1,-0.01,0.5986258246782183,1.0
ATP12A,-0.01,0.7215075408530456,1.0
BRINP1,-0.01,0.6514325482434398,1.0
OSM,-0.01,0.9273467583508952,1.0
CDH20,-0.01,0.3886331144942722,1.0
MEDAG,-0.01,0.5701539825270272,1.0
RASL12,-0.01,0.9174727785181955,1.0
SLC1A6,-0.01,0.8036064905718427,1.0
OGN,-0.01,0.696830597247795,1.0
TLX1,-0.01,0.5259894390505462,1.0
ASIC2,-0.01,0.4914394238527241,1.0
NR2E1,-0.01,0.5786275093766506,1.0
C6orf118,-0.01,0.4213548269831777,1.0
PRPH2,-0.01,0.6604160308082985,1.0
GRK7,-0.01,0.648449182304075,1.0
TPSG1,-0.01,0.8650628677291835,1.0
CASQ2,-0.01,0.40246294289693907,1.0
SFRP5,-0.01,0.534135262077375,1.0
TNN,-0.01,0.6664324268587869,1.0
NXPH1,-0.01,0.4285712791158539,1.0
TNFSF14,-0.01,0.5957497963320737,1.0
RGS13,-0.01,0.5152279883728814,1.0
OMD,-0.01,0.3978205467559196,1.0
MCHR1,-0.01,0.47591416910232376,1.0
SLC14A2,-0.01,0.9043275087039068,1.0
MYO18B,-0.01,0.4631846485772054,1.0
SLCO1B1,-0.01,0.9834661984477937,1.0
PPP1R1A,-0.01,0.9306406489398111,1.0
FAIM2,-0.01,0.5786275093766506,1.0
NR5A1,-0.01,0.6937677793437123,1.0
GOLGA6D,-0.01,0.3978205467559196,1.0
MEP1B,-0.01,0.7685484371305833,1.0
PKLR,-0.01,0.4407571178182137,1.0
TCTE1,-0.01,0.7972005596761405,1.0
LPAR4,-0.01,0.6544215056598512,1.0
RSPO2,-0.01,0.8650628677291835,1.0
CNTN5,-0.01,0.45064718510155777,1.0
ITIH2,-0.01,0.5533866460521025,1.0
GLT1D1,-0.01,0.37957605749041823,1.0
NRSN1,-0.01,0.3886331144942722,1.0
WNT7A,-0.01,0.5645380297349106,1.0
NAA11,-0.01,0.41421016410043454,1.0
LHFPL4,-0.01,0.7527634281491498,1.0
HTR6,-0.01,0.9076115119079285,1.0
IRX6,-0.01,0.5645380297349106,1.0
JAML,-0.01,0.6998983649396864,1.0
CXCR5,-0.01,0.47591416910232376,1.0
CYP3A4,-0.01,0.45064718510155777,1.0
KASH5,-0.01,0.7717172243455237,1.0
ALOX15,-0.01,0.9240541123816033,1.0
ELAVL4,-0.01,0.6846094685667796,1.0
FAM151A,-0.01,0.7748898243174053,1.0
DRAXIN,-0.01,0.41658371785687753,1.0
LHX8,-0.01,0.6694487219140669,1.0
SLAMF6,-0.01,0.8650628677291835,1.0
NEUROD1,-0.01,0.7590654489309898,1.0
STPG2,-0.01,0.4118446292938597,1.0
IVL,-0.01,0.46571526862558976,1.0
GRIK3,-0.01,0.4836429926527509,1.0
CLDN19,-0.01,0.5673426777793709,1.0
ETNPPL,-0.01,0.4071376698379916,1.0
ADGRF2,-0.01,0.696830597247795,1.0
PI16,-0.01,0.7060485703056018,1.0
SOX17,-0.01,0.38635660260863647,1.0
CPA6,-0.01,0.39091777522840465,1.0
PCDH19,-0.01,0.6189318717934644,1.0
VSTM4,-0.01,0.737081122297987,1.0
NETO1,-0.01,0.40948712684432786,1.0
ACSM1,-0.01,0.5450945558532493,1.0
PLAAT5,-0.01,0.5589488326624473,1.0
ENTPD3,-0.01,0.813240042910631,1.0
INSM2,-0.01,0.8325907534174406,1.0
TM4SF20,-0.01,0.8390642198295792,1.0
ZPLD1,-0.01,0.8196782427441914,1.0
KRT83,-0.01,0.8618044330490108,1.0
LMOD2,-0.01,0.5396009774503636,1.0
KRT9,-0.01,0.5729719113688719,1.0
VAT1L,-0.01,0.39551150205256314,1.0
KLF17,-0.01,0.8618044330490108,1.0
FUT9,-0.01,0.5900167260288813,1.0
XKR3,-0.01,0.6277255661132192,1.0
CYSLTR1,-0.01,0.45563896523052283,1.0
INSM1,-0.01,0.7908082597408556,1.0
KCNH6,-0.01,0.384088249473852,1.0
WDR49,-0.01,0.9768542681907831,1.0
NLRP6,-0.01,0.5072325853424271,1.0
ZIC4,-0.01,0.8100256403943001,1.0
ANKS4B,-0.01,0.7527634281491498,1.0
C11orf16,-0.01,0.5450945558532493,1.0
MAP3K19,-0.01,0.41421016410043454,1.0
DSCAML1,-0.01,0.37733223687257855,1.0
FAM9B,-0.01,0.9372319393764333,1.0
KCNA2,-0.01,0.4071376698379916,1.0
ZNF454,-0.01,0.6130994652172653,1.0
C14orf39,-0.01,0.829358243536714,1.0
TDRD6,-0.01,0.5019387498867459,1.0
PLD5,-0.01,0.672470358702386,1.0
MAB21L2,-0.01,0.8164575944411389,1.0
KCNK4,-0.01,0.5423442984904308,1.0
RGS6,-0.01,0.940529226774238,1.0
SLC35D3,-0.01,0.813240042910631,1.0
GBP6,-0.01,0.4682535513976369,1.0
GRIN2A,-0.01,0.6815668927944767,1.0
TP53TG3,-0.01,0.7246132746430569,1.0
PNMA3,-0.01,0.7653835124598296,1.0
UTY,-0.01,0.5072325853424271,1.0
SDR42E2,-0.01,0.40948712684432786,1.0
MROH7,-0.01,0.49930283827853317,1.0
LRRC14B,-0.01,0.5506157599288712,1.0
SLC24A3,-0.01,0.6634215158168552,1.0
C5orf47,-0.01,0.5259894390505462,1.0
SV2B,-0.01,0.5506157599288712,1.0
DLK1,-0.01,0.5396009774503636,1.0
KRT79,-0.01,0.9141842025623018,1.0
FFAR4,-0.01,0.5179075922305545,1.0
HAPLN4,-0.01,0.648449182304075,1.0
LIN28B,-0.01,0.7029710376341284,1.0
SHISA7,-0.01,0.5368646222462607,1.0
C19orf67,-0.01,0.5179075922305545,1.0
PLA2G4E,-0.01,0.5843092048547895,1.0
IL17REL,-0.01,0.42615784298026116,1.0
RUFY4,-0.01,0.6130994652172653,1.0
CFAP77,-0.01,0.45313919490861054,1.0
CYP2B6,-0.01,0.4407571178182137,1.0
PEG3,-0.01,0.9438275338976189,1.0
ANKRD35,-0.01,0.7122180342879179,1.0
B3GNT6,-0.01,0.37957605749041823,1.0
STYXL2,-0.01,0.8487947368200934,1.0
PNMA5,-0.01,0.4914394238527241,1.0
STUM,-0.01,0.4810591760941474,1.0
SLFN12L,-0.01,0.45064718510155777,1.0
CDKL4,-0.01,0.48623432138829725,1.0
KRTAP5-2,-0.01,0.3886331144942722,1.0
MS4A4E,-0.01,0.6336176395507085,1.0
UBE2QL1,-0.01,0.41896527683459084,1.0
LINGO3,-0.01,0.621857129896537,1.0
USP17L2,-0.01,0.6785294870658231,1.0
PVALEF,-0.01,0.8068144389745125,1.0
STMND1,-0.01,0.534135262077375,1.0
PATE4,-0.01,0.9010451411117566,1.0
TEX35,-0.01,0.6160126376872717,1.0
TUBA4B,-0.01,0.5786275093766506,1.0
C4orf54,-0.01,0.6876571708271936,1.0
ZNF578,-0.01,0.7748898243174053,1.0
TBC1D3G,-0.01,0.45814647715894785,1.0
SSX4,-0.01,0.4407571178182137,1.0
GAS2L2,-0.01,0.40948712684432786,1.0
GRIN2B,-0.01,0.4407571178182137,1.0
C17orf78,-0.01,0.7590654489309898,1.0
NPC1L1,-0.009999999999999998,0.5423442984904308,1.0
RIMBP2,-0.009999999999999998,0.5957497963320737,1.0
MYO3B,-0.009999999999999998,0.4407571178182137,1.0
CPB2,-0.009999999999999998,0.43585911500840513,1.0
KCNT1,-0.009999999999999998,0.39321057459276376,1.0
SLC6A4,-0.009999999999999998,0.5957497963320737,1.0
ENDOU,-0.009999999999999998,0.7685484371305833,1.0
USP9Y,-0.009999999999999998,0.40013769753329187,1.0
GDF5,-0.009999999999999998,0.858548348480541,1.0
STEAP4,-0.009999999999999998,0.9174727785181955,1.0
ANGPTL8,-0.009999999999999998,0.4606617114605923,1.0
CRB1,-0.009999999999999998,0.6754972946848711,1.0
STAC2,-0.009999999999999998,0.9240541123816033,1.0
GPA33,-0.009999999999999998,0.6664324268587869,1.0
SLC25A48,-0.009999999999999998,0.6604160308082985,1.0
CRB2,-0.009999999999999998,0.6395330389318583,1.0
CHODL,-0.009999999999999998,0.6846094685667796,1.0
ALAS2,-0.009999999999999998,0.7559124086715863,1.0
CAPN13,-0.009999999999999998,0.8846597782463905,1.0
IHH,-0.009999999999999998,0.45064718510155777,1.0
SLC6A20,-0.009999999999999998,0.648449182304075,1.0
SLC18A2,-0.009999999999999998,0.5843092048547895,1.0
PPP1R14D,-0.009999999999999998,0.940529226774238,1.0
CTRB1,-0.009999999999999998,0.9834661984477937,1.0
ROR2,-0.009999999999999998,0.7308383100563765,1.0
CCDC8,-0.009999999999999998,0.5179075922305545,1.0
ARPP21,-0.009999999999999998,0.6101923917365532,1.0
LINGO2,-0.009999999999999998,0.9273467583508952,1.0
IGDCC3,-0.009999999999999998,0.5957497963320737,1.0
ACP7,-0.009999999999999998,0.5957497963320737,1.0
NTF3,-0.009999999999999998,0.5729719113688719,1.0
P2RX2,-0.009999999999999998,0.7029710376341284,1.0
LCN10,-0.009999999999999998,0.5843092048547895,1.0
INSYN2A,-0.009999999999999998,0.8846597782463905,1.0
TAS2R13,-0.009999999999999998,0.6664324268587869,1.0
CDC14C,-0.009999999999999998,0.996693012466618,1.0
ORM1,-0.009999999999999998,0.5286976420682703,1.0
CTAGE9,-0.009999999999999998,0.9273467583508952,1.0
TNFRSF13B,-0.009999999999999998,0.4836429926527509,1.0
KRTAP5-9,-0.009999999999999998,0.6664324268587869,1.0
RHEX,-0.009999999999999998,0.7527634281491498,1.0
MAGEA9B,-0.009999999999999998,0.7812462624304687,1.0
ARL14EPL,-0.009999999999999998,0.8358260965628809,1.0
CCL3L3,-0.009999999999999998,0.45313919490861054,1.0
THSD7A,-0.009999999999999995,0.8944855348490495,1.0
ANO2,-0.009999999999999995,0.9372319393764333,1.0
LY75,-0.009999999999999995,0.7308383100563765,1.0
TSPAN32,-0.009999999999999995,0.696830597247795,1.0
RGS1,-0.009999999999999995,0.5125556017624364,1.0
UPK1B,-0.009999999999999995,0.5757964313912116,1.0
PACSIN1,-0.009999999999999995,0.9867726179369976,1.0
MIP,-0.009999999999999995,0.5786275093766506,1.0
SLC14A1,-0.009999999999999995,0.49667429717814027,1.0
NCF1,-0.009999999999999995,0.4606617114605923,1.0
CLDN14,-0.009999999999999995,0.7876173493946396,1.0
RGL4,-0.009999999999999995,0.48623432138829725,1.0
TFF2,-0.009999999999999995,0.5673426777793709,1.0
PDPN,-0.009999999999999995,0.5259894390505462,1.0
LENEP,-0.009999999999999995,0.6454714485353458,1.0
GRM2,-0.009999999999999995,0.7153098743639731,1.0
EGFLAM,-0.009999999999999995,0.9339357280136042,1.0
LAIR1,-0.009999999999999995,0.5072325853424271,1.0
FAM90A1,-0.009999999999999995,0.534135262077375,1.0
UBQLNL,-0.009999999999999995,0.8390642198295792,1.0
CLVS1,-0.009999999999999995,0.9240541123816033,1.0
C5orf46,-0.009999999999999995,0.5786275093766506,1.0
UTS2R,-0.009999999999999995,0.8781190194469978,1.0
LCK,-0.009999999999999995,0.7215075408530456,1.0
SKOR1,-0.009999999999999995,0.41658371785687753,1.0
GP1BB,-0.009999999999999995,0.9438275338976189,1.0
AIF1,-0.009999999999999995,0.8100256403943001,1.0
SPDYE3,-0.009999999999999995,0.7908082597408556,1.0
ARHGEF33,-0.009999999999999995,0.9801600629440878,1.0
TAS2R46,-0.009999999999999995,0.7029710376341284,1.0
SPAAR,-0.009999999999999995,0.7972005596761405,1.0
OLFM1,-0.009999999999999981,0.6998983649396864,1.0
HEY2,-0.009999999999999981,0.7339575177052757,1.0
SLAMF7,-0.009999999999999815,0.8164575944411389,1.0
FXYD7,-0.009999999999999787,0.7464778413011777,1.0
ZNF487,-0.009999999999999787,0.7972005596761405,1.0
SPRYD7,-0.00999999999999801,0.648449182304075,1.0
IL10RB,-0.005000000000006111,0.8036064905718427,1.0
DTD2,-0.005000000000000782,0.9240541123816033,1.0
ZFP37,-0.0050000000000001155,0.8879331364078507,1.0
GPBAR1,-0.0050000000000001155,0.5843092048547895,1.0
TNFAIP8L2,-0.005000000000000046,0.950426981824129,1.0
GLP2R,-0.0050000000000000044,0.9603323910593005,1.0
PYGM,-0.0050000000000000044,0.940529226774238,1.0
TAF7L,-0.0050000000000000044,0.4810591760941474,1.0
SLC8A2,-0.0050000000000000044,0.8552946682228153,1.0
CNN1,-0.0050000000000000044,0.7717172243455237,1.0
HSPA12B,-0.0050000000000000044,0.9867726179369976,1.0
CHRM3,-0.0050000000000000044,0.6277255661132192,1.0
GNAT2,-0.0050000000000000044,0.7972005596761405,1.0
VAV1,-0.0050000000000000044,0.6247883740723336,1.0
MLIP,-0.0050000000000000044,0.5589488326624473,1.0
GAL3ST2,-0.0050000000000000044,0.49930283827853317,1.0
RNASE7,-0.0050000000000000044,0.49667429717814027,1.0
KLK7,-0.0050000000000000044,0.8487947368200934,1.0
OTUD7A,-0.0050000000000000044,0.813240042910631,1.0
FAM110D,-0.0050000000000000044,0.9636356313037896,1.0
ZNF667,-0.0050000000000000044,0.9867726179369976,1.0
DIO2,-0.0050000000000000044,0.749618556161363,1.0
EFCAB8,-0.0050000000000000044,0.8813883875991326,1.0
PECAM1,-0.0050000000000000044,0.9273467583508952,1.0
HSFX2,-0.0050000000000000044,0.813240042910631,1.0
SLC7A4,-0.005000000000000001,0.7972005596761405,1.0
PRSS33,-0.005000000000000001,0.6336176395507085,1.0
RHAG,-0.005000000000000001,0.45313919490861054,1.0
REN,-0.005000000000000001,0.8100256403943001,1.0
FOXE3,-0.005000000000000001,0.7908082597408556,1.0
TPBGL,-0.005000000000000001,0.5072325853424271,1.0
FBN3,-0.005,0.5368646222462607,1.0
DPYS,-0.005,0.40948712684432786,1.0
GRID2,-0.005,0.49667429717814027,1.0
PRSS37,-0.005,0.8520434463522804,1.0
SLC6A19,-0.005,0.9372319393764333,1.0
PABPC5,-0.005,0.3886331144942722,1.0
SEC14L6,-0.005,0.6189318717934644,1.0
CTAGE6,-0.005,0.45313919490861054,1.0
OLFM4,-0.004999999999999999,0.5152279883728814,1.0
ALOX15B,-0.004999999999999999,0.5617400706970093,1.0
CRTAC1,-0.0049999999999999975,0.737081122297987,1.0
NEFH,-0.0049999999999999975,0.5729719113688719,1.0
RIPK3,-0.0049999999999999975,0.7122180342879179,1.0
TIMP4,-0.0049999999999999975,0.636572443127301,1.0
LRRC43,-0.0049999999999999975,0.40246294289693907,1.0
SOWAHA,-0.0049999999999999975,0.5259894390505462,1.0
POF1B,-0.0049999999999999906,0.9702439279042832,1.0
SLC10A4,-0.0049999999999999906,0.7029710376341284,1.0
LRRC66,-0.0049999999999999906,0.6604160308082985,1.0
PRTN3,-0.004999999999999921,0.8552946682228153,1.0
PADI1,-0.004999999999999893,0.8912084070019073,1.0
TIGD4,-0.004999999999999893,0.5423442984904308,1.0
CYP1A1,-0.004999999999999782,0.5232883447117399,1.0
ELP6,-0.0049999999999954525,0.5673426777793709,1.0
TRMT10A,-1.7763568394002505e-15,0.5232883447117399,1.0
RPGRIP1L,-8.881784197001252e-16,0.7464778413011777,1.0
TNMD,0.0,0.7060485703056018,1.0
FGR,0.0,0.8944855348490495,1.0
SLC4A1,0.0,0.8487947368200934,1.0
KRT33A,0.0,0.40013769753329187,1.0
CACNG3,0.0,0.7277235466695502,1.0
TAC1,0.0,0.5045820072621465,1.0
TTC22,0.0,0.5259894390505462,1.0
LGALS14,0.0,0.621857129896537,1.0
MYH13,0.0,0.8196782427441914,1.0
CEACAM21,0.0,0.5098904587440031,1.0
SLC13A2,0.0,0.5098904587440031,1.0
SCN4A,0.0,0.8390642198295792,1.0
FMO3,0.0,0.9339357280136042,1.0
NOX1,0.0,0.6876571708271936,1.0
TFAP2B,0.0,0.7060485703056018,1.0
TFAP2D,0.0,0.7844300000516808,1.0
PAX7,0.0,0.8100256403943001,1.0
FMO1,0.0,0.5286976420682703,1.0
SLC7A14,0.0,0.8068144389745125,1.0
DPEP1,0.0,0.7653835124598296,1.0
CLCA4,0.0,0.40479627104040006,1.0
CYP3A43,0.0,0.5205943866712266,1.0
C8B,0.0,0.9471268043847221,1.0
GABRA1,0.0,0.8261286199203182,1.0
MYOC,0.0,0.7464778413011777,1.0
OTC,0.0,0.8748517286674501,1.0
CASR,0.0,0.40013769753329187,1.0
FLT4,0.0,0.7780661870680045,1.0
C6,0.0,0.41658371785687753,1.0
SOX30,0.0,0.47335302265608303,1.0
ZPBP,0.0,0.7277235466695502,1.0
LCP2,0.0,0.6277255661132192,1.0
GUCA2B,0.0,0.5045820072621465,1.0
MAGEC2,0.0,0.8100256403943001,1.0
GUCA1A,0.0,0.940529226774238,1.0
NEXMIF,0.0,0.39321057459276376,1.0
METTL24,0.0,0.39321057459276376,1.0
SPO11,0.0,0.8846597782463905,1.0
CBLN4,0.0,0.4682535513976369,1.0
SERPINB3,0.0,0.8552946682228153,1.0
MSH4,0.0,0.7339575177052757,1.0
WNT8A,0.0,0.621857129896537,1.0
ARSF,0.0,0.4682535513976369,1.0
GSC2,0.0,0.5396009774503636,1.0
DMRT3,0.0,0.9570298316837188,1.0
POU1F1,0.0,0.9010451411117566,1.0
SNAP91,0.0,0.6754972946848711,1.0
CD84,0.0,0.5045820072621465,1.0
ACSM2B,0.0,0.8912084070019073,1.0
ADAM7,0.0,0.9438275338976189,1.0
ABCC9,0.0,0.950426981824129,1.0
SCT,0.0,0.42615784298026116,1.0
FGF10,0.0,0.41658371785687753,1.0
CHAT,0.0,0.9306406489398111,1.0
MS4A12,0.0,0.5232883447117399,1.0
PRLH,0.0,0.5617400706970093,1.0
TRPC5,0.0,0.45064718510155777,1.0
FCGR2B,0.0,0.6336176395507085,1.0
ABCB11,0.0,0.6785294870658231,1.0
TBX21,0.0,0.9339357280136042,1.0
SNCB,0.0,0.7844300000516808,1.0
IPCEF1,0.0,0.4309926469959029,1.0
NOX3,0.0,0.40246294289693907,1.0
WSCD2,0.0,0.9900792646321629,1.0
FGF4,0.0,0.8487947368200934,1.0
CACNG5,0.0,0.8879331364078507,1.0
DCX,0.0,0.9702439279042832,1.0
ITGA8,0.0,0.9471268043847221,1.0
ADCYAP1R1,0.0,0.7527634281491498,1.0
P2RY10,0.0,0.41658371785687753,1.0
PKD2L2,0.0,0.7091309176902658,1.0
BPIFB2,0.0,0.7091309176902658,1.0
RIMS1,0.0,0.8879331364078507,1.0
RDH8,0.0,0.6937677793437123,1.0
DNAAF6,0.0,0.829358243536714,1.0
CFHR2,0.0,0.749618556161363,1.0
SLC13A1,0.0,0.6634215158168552,1.0
PGR,0.0,0.8100256403943001,1.0
COL19A1,0.0,0.8781190194469978,1.0
OPRK1,0.0,0.9043275087039068,1.0
FCN1,0.0,0.8164575944411389,1.0
NME8,0.0,0.7780661870680045,1.0
CETP,0.0,0.4914394238527241,1.0
MT3,0.0,0.7653835124598296,1.0
CASS4,0.0,0.7748898243174053,1.0
REM1,0.0,0.9834661984477937,1.0
DEFB127,0.0,1.0,1.0
SIGLEC1,0.0,0.9306406489398111,1.0
F11,0.0,0.5871597544033558,1.0
SIRPG,0.0,0.858548348480541,1.0
TBX5,0.0,0.8004018469425622,1.0
NOS1,0.0,0.9768542681907831,1.0
SI,0.0,0.8358260965628809,1.0
THPO,0.0,0.5152279883728814,1.0
CD209,0.0,0.9570298316837188,1.0
IL5RA,0.0,0.6937677793437123,1.0
SLC17A6,0.0,0.534135262077375,1.0
CPA1,0.0,0.7685484371305833,1.0
CMA1,0.0,0.5179075922305545,1.0
MYH7,0.0,0.9372319393764333,1.0
CEBPE,0.0,0.672470358702386,1.0
TBL1Y,0.0,0.5045820072621465,1.0
OR1I1,0.0,0.5232883447117399,1.0
KRT31,0.0,0.39091777522840465,1.0
NXPE1,0.0,0.45064718510155777,1.0
TDRD1,0.0,0.4309926469959029,1.0
MYO3A,0.0,0.8164575944411389,1.0
TPSD1,0.0,0.5533866460521025,1.0
KCNK16,0.0,0.6634215158168552,1.0
CRISP3,0.0,0.657416013591166,1.0
NCR2,0.0,0.8846597782463905,1.0
MLN,0.0,0.8618044330490108,1.0
PCDH11Y,0.0,0.40013769753329187,1.0
AMELY,0.0,0.9537280097577494,1.0
PLA2G3,0.0,0.7748898243174053,1.0
SEZ6L,0.0,0.7029710376341284,1.0
GGTLC2,0.0,0.6072914543107184,1.0
CRYBB1,0.0,0.6754972946848711,1.0
C22orf31,0.0,0.5259894390505462,1.0
APOL4,0.0,0.9010451411117566,1.0
PNPLA5,0.0,0.9207627671027185,1.0
PVALB,0.0,0.9900792646321629,1.0
MLC1,0.0,0.8552946682228153,1.0
KCNK10,0.0,0.37733223687257855,1.0
GZMH,0.0,0.9076115119079285,1.0
LRRC74A,0.0,0.7246132746430569,1.0
SLC10A1,0.0,0.6846094685667796,1.0
SERPINA4,0.0,0.6815668927944767,1.0
SLC8A3,0.0,0.5786275093766506,1.0
R3HDML,0.0,0.9010451411117566,1.0
SLA2,0.0,0.842305069932857,1.0
AVP,0.0,0.7215075408530456,1.0
CHRNA4,0.0,0.9768542681907831,1.0
SEL1L2,0.0,0.9702439279042832,1.0
ANGPT4,0.0,0.9768542681907831,1.0
RSPO4,0.0,0.9471268043847221,1.0
PROKR2,0.0,0.45064718510155777,1.0
OXT,0.0,0.4432179029796727,1.0
BPI,0.0,0.8068144389745125,1.0
CST9L,0.0,0.7717172243455237,1.0
SLC32A1,0.0,0.9867726179369976,1.0
CST4,0.0,0.6424993873606966,1.0
SPINT3,0.0,0.9537280097577494,1.0
EPPIN,0.0,0.6189318717934644,1.0
H2BW2,0.0,0.5423442984904308,1.0
GUCY2F,0.0,0.5396009774503636,1.0
ATP1B4,0.0,0.7717172243455237,1.0
GLRA2,0.0,0.40479627104040006,1.0
F9,0.0,0.9768542681907831,1.0
CACNA1F,0.0,0.6015081344405899,1.0
PPP1R2C,0.0,0.636572443127301,1.0
OPN1LW,0.0,0.9537280097577494,1.0
RS1,0.0,0.40013769753329187,1.0
GATA1,0.0,0.6306686675294741,1.0
BRS3,0.0,0.9438275338976189,1.0
CD40LG,0.0,0.7559124086715863,1.0
PCDH11X,0.0,0.5843092048547895,1.0
HTR2A,0.0,0.40948712684432786,1.0
ACOD1,0.0,0.9537280097577494,1.0
MT4,0.0,0.6130994652172653,1.0
CCL22,0.0,0.547851719712373,1.0
PRSS54,0.0,0.5423442984904308,1.0
ZP2,0.0,0.8781190194469978,1.0
MEFV,0.0,0.6424993873606966,1.0
AQP8,0.0,0.7464778413011777,1.0
SLC6A2,0.0,0.6876571708271936,1.0
AQP9,0.0,0.4606617114605923,1.0
OCA2,0.0,0.7433413319545803,1.0
GML,0.0,0.8390642198295792,1.0
ADAM2,0.0,0.7685484371305833,1.0
FGL1,0.0,0.5729719113688719,1.0
TULP2,0.0,0.5617400706970093,1.0
CGB3,0.0,0.9306406489398111,1.0
KCNA7,0.0,0.8068144389745125,1.0
CKM,0.0,0.6247883740723336,1.0
FCER2,0.0,0.6876571708271936,1.0
CLEC4M,0.0,0.9570298316837188,1.0
LILRA1,0.0,0.40013769753329187,1.0
RASAL3,0.0,0.9372319393764333,1.0
CASP14,0.0,0.9438275338976189,1.0
LGALS13,0.0,0.9768542681907831,1.0
CLC,0.0,0.737081122297987,1.0
ZFR2,0.0,0.6937677793437123,1.0
CEACAM4,0.0,0.7464778413011777,1.0
SIGLEC8,0.0,0.8813883875991326,1.0
LIM2,0.0,0.7590654489309898,1.0
CRX,0.0,0.8487947368200934,1.0
SULT2A1,0.0,0.6876571708271936,1.0
ZNRF4,0.0,0.6846094685667796,1.0
SIGLEC6,0.0,0.7029710376341284,1.0
SIGLEC5,0.0,0.9438275338976189,1.0
CABP5,0.0,0.41421016410043454,1.0
THEG,0.0,0.6072914543107184,1.0
FGF21,0.0,0.5125556017624364,1.0
LILRB5,0.0,0.813240042910631,1.0
SLC5A5,0.0,0.7122180342879179,1.0
ATP4A,0.0,0.6101923917365532,1.0
GAPDHS,0.0,0.6043966897165155,1.0
PIK3CG,0.0,0.4383041828410795,1.0
NPVF,0.0,0.794002680192762,1.0
GHRHR,0.0,0.7029710376341284,1.0
SPAM1,0.0,0.7527634281491498,1.0
PAX4,0.0,0.621857129896537,1.0
PPP1R17,0.0,0.749618556161363,1.0
MOGAT3,0.0,0.5179075922305545,1.0
NOBOX,0.0,0.794002680192762,1.0
MYL10,0.0,0.4285712791158539,1.0
GALNTL5,0.0,0.7590654489309898,1.0
ASPN,0.0,0.7748898243174053,1.0
TNFSF8,0.0,0.4456865210409048,1.0
LHX3,0.0,0.696830597247795,1.0
P2RX1,0.0,0.9108970950967655,1.0
CCL7,0.0,0.8912084070019073,1.0
CCL8,0.0,0.4432179029796727,1.0
CCL1,0.0,0.7527634281491498,1.0
PPY,0.0,0.5072325853424271,1.0
CACNG1,0.0,0.5729719113688719,1.0
RCVRN,0.0,0.9010451411117566,1.0
MYH1,0.0,0.6634215158168552,1.0
GABRA4,0.0,0.737081122297987,1.0
UGT2B10,0.0,0.8487947368200934,1.0
CWH43,0.0,0.7277235466695502,1.0
SULT1E1,0.0,0.47591416910232376,1.0
SMR3A,0.0,0.9537280097577494,1.0
PF4V1,0.0,0.5986258246782183,1.0
IL2,0.0,0.8390642198295792,1.0
DBX1,0.0,0.6634215158168552,1.0
ZBTB16,0.0,0.49930283827853317,1.0
MS4A6A,0.0,0.7184063919514614,1.0
MS4A4A,0.0,0.9669394958014216,1.0
APOA5,0.0,0.6815668927944767,1.0
APOA4,0.0,0.4682535513976369,1.0
APOC3,0.0,0.8520434463522804,1.0
IL10RA,0.0,0.6785294870658231,1.0
SLC1A2,0.0,0.5729719113688719,1.0
CD5,0.0,0.4071376698379916,1.0
SYT10,0.0,0.9207627671027185,1.0
MYF6,0.0,0.7122180342879179,1.0
MYF5,0.0,0.9306406489398111,1.0
PRMT8,0.0,0.7685484371305833,1.0
FGF6,0.0,0.7277235466695502,1.0
CUX2,0.0,0.7527634281491498,1.0
ART4,0.0,0.9537280097577494,1.0
RERGL,0.0,0.8912084070019073,1.0
FZD10,0.0,0.813240042910631,1.0
IL26,0.0,0.8520434463522804,1.0
IFNG,0.0,0.6277255661132192,1.0
APOBEC1,0.0,0.4383041828410795,1.0
NANOG,0.0,0.43585911500840513,1.0
GYS2,0.0,0.5396009774503636,1.0
RFX4,0.0,0.6072914543107184,1.0
OPRM1,0.0,0.9801600629440878,1.0
IL17A,0.0,0.9306406489398111,1.0
IL17F,0.0,0.8781190194469978,1.0
TREML2,0.0,0.7091309176902658,1.0
FHL5,0.0,0.8164575944411389,1.0
KHDRBS2,0.0,0.5561643473205113,1.0
HDGFL1,0.0,0.547851719712373,1.0
SLC17A2,0.0,0.9933860817420452,1.0
OR12D3,0.0,0.9076115119079285,1.0
CCR6,0.0,0.5645380297349106,1.0
UNC93A,0.0,0.7844300000516808,1.0
SLC22A2,0.0,0.4631846485772054,1.0
SMOC2,0.0,0.8520434463522804,1.0
LY86,0.0,0.4237523539300838,1.0
MEP1A,0.0,0.6454714485353458,1.0
GZMK,0.0,0.8846597782463905,1.0
CDH9,0.0,0.9735488709352259,1.0
GRM6,0.0,0.5561643473205113,1.0
ITK,0.0,0.48623432138829725,1.0
IRX4,0.0,0.9867726179369976,1.0
IL4,0.0,0.41658371785687753,1.0
IL5,0.0,0.9834661984477937,1.0
C9,0.0,0.47591416910232376,1.0
CDX1,0.0,0.6604160308082985,1.0
KNG1,0.0,0.8846597782463905,1.0
HRG,0.0,0.940529226774238,1.0
RBP2,0.0,0.7153098743639731,1.0
SERPINI2,0.0,0.6306686675294741,1.0
LRRC31,0.0,0.8004018469425622,1.0
GNAT1,0.0,0.45563896523052283,1.0
HHLA2,0.0,0.9076115119079285,1.0
POMC,0.0,0.9207627671027185,1.0
PDE1A,0.0,0.5986258246782183,1.0
NEU2,0.0,0.8068144389745125,1.0
PRKAG3,0.0,0.636572443127301,1.0
SMYD1,0.0,0.7653835124598296,1.0
IL18RAP,0.0,0.9043275087039068,1.0
SLC5A7,0.0,0.8164575944411389,1.0
TPO,0.0,0.8036064905718427,1.0
LCT,0.0,0.5019387498867459,1.0
PLEK,0.0,0.6937677793437123,1.0
TNR,0.0,0.9900792646321629,1.0
NPHS2,0.0,0.44816295439279763,1.0
RPE65,0.0,0.7215075408530456,1.0
CD2,0.0,0.7812462624304687,1.0
NT5C1A,0.0,0.45313919490861054,1.0
ZP4,0.0,0.8100256403943001,1.0
IGSF21,0.0,0.5673426777793709,1.0
PLPPR4,0.0,0.7308383100563765,1.0
ZNF541,0.0,0.534135262077375,1.0
CRYGD,0.0,0.7717172243455237,1.0
TNP1,0.0,0.7060485703056018,1.0
SPACA1,0.0,0.794002680192762,1.0
ZC2HC1B,0.0,0.8455485934494391,1.0
GHRH,0.0,0.621857129896537,1.0
OLFM3,0.0,0.9471268043847221,1.0
FGF23,0.0,0.6694487219140669,1.0
PROX2,0.0,0.9735488709352259,1.0
VSX2,0.0,0.7091309176902658,1.0
PRLHR,0.0,0.8879331364078507,1.0
HOXB1,0.0,0.5450945558532493,1.0
EQTN,0.0,0.8977644646746489,1.0
IFNA8,0.0,0.5423442984904308,1.0
CXorf21,0.0,0.5072325853424271,1.0
MAGEB4,0.0,0.737081122297987,1.0
SLC25A2,0.0,0.7653835124598296,1.0
TTLL2,0.0,0.8748517286674501,1.0
TEX11,0.0,0.41658371785687753,1.0
LYZL1,0.0,0.5617400706970093,1.0
IQSEC3,0.0,0.7215075408530456,1.0
TNFSF11,0.0,0.48623432138829725,1.0
ADRA1A,0.0,0.40013769753329187,1.0
PRAMEF2,0.0,0.40013769753329187,1.0
PRB2,0.0,0.9867726179369976,1.0
IAPP,0.0,0.3978205467559196,1.0
TAS2R7,0.0,0.7029710376341284,1.0
RGSL1,0.0,0.43585911500840513,1.0
DPPA4,0.0,0.9735488709352259,1.0
CD80,0.0,0.6160126376872717,1.0
GJA8,0.0,0.794002680192762,1.0
GJB6,0.0,0.39551150205256314,1.0
HCRTR1,0.0,0.6072914543107184,1.0
CCR2,0.0,0.6514325482434398,1.0
FLT3,0.0,0.48623432138829725,1.0
XPNPEP2,0.0,0.7464778413011777,1.0
OBP2A,0.0,0.9603323910593005,1.0
MYOG,0.0,0.6907099557705141,1.0
HS3ST2,0.0,0.8781190194469978,1.0
PRM2,0.0,0.6604160308082985,1.0
OPN4,0.0,0.8618044330490108,1.0
OCM,0.0,0.8068144389745125,1.0
SFTPA1,0.0,0.5843092048547895,1.0
NEUROG3,0.0,0.9834661984477937,1.0
ACTRT1,0.0,0.7464778413011777,1.0
CCDC70,0.0,0.42615784298026116,1.0
NEUROD4,0.0,0.9240541123816033,1.0
SERPINA7,0.0,0.7060485703056018,1.0
H2BW1,0.0,0.7060485703056018,1.0
ESX1,0.0,0.7780661870680045,1.0
MAGEA9,0.0,0.4606617114605923,1.0
ATXN3L,0.0,0.6015081344405899,1.0
C4BPA,0.0,0.9669394958014216,1.0
GPR83,0.0,0.7812462624304687,1.0
FAM124B,0.0,0.8004018469425622,1.0
MC3R,0.0,0.9834661984477937,1.0
CTCFL,0.0,0.8325907534174406,1.0
SEMG2,0.0,0.5814651118050964,1.0
ZNF831,0.0,0.6634215158168552,1.0
ANKRD60,0.0,0.794002680192762,1.0
RBPJL,0.0,0.8715865700317355,1.0
SEMG1,0.0,0.794002680192762,1.0
C20orf85,0.0,0.8390642198295792,1.0
PCK1,0.0,0.8650628677291835,1.0
IRGC,0.0,0.8358260965628809,1.0
CEACAM8,0.0,0.8261286199203182,1.0
CRISP2,0.0,0.9010451411117566,1.0
BTN1A1,0.0,0.648449182304075,1.0
SLC17A1,0.0,0.5072325853424271,1.0
DNAH8,0.0,0.6043966897165155,1.0
KCNK17,0.0,0.7184063919514614,1.0
CRISP1,0.0,0.8487947368200934,1.0
GCM2,0.0,0.9306406489398111,1.0
TRIM51,0.0,0.38635660260863647,1.0
SCGB2A1,0.0,0.996693012466618,1.0
WNT1,0.0,0.6998983649396864,1.0
PIWIL1,0.0,0.7590654489309898,1.0
GPR18,0.0,0.5928800850110119,1.0
SLC10A2,0.0,0.6694487219140669,1.0
AMELX,0.0,0.39551150205256314,1.0
MYH2,0.0,0.9438275338976189,1.0
KIR2DL1,0.0,0.5900167260288813,1.0
NPBWR2,0.0,0.5843092048547895,1.0
BHLHE23,0.0,0.749618556161363,1.0
TGM3,0.0,0.672470358702386,1.0
DEFB126,0.0,0.8100256403943001,1.0
PAX1,0.0,0.6277255661132192,1.0
CST8,0.0,0.9768542681907831,1.0
NKX2-4,0.0,0.6043966897165155,1.0
CSTL1,0.0,0.696830597247795,1.0
CST11,0.0,0.7029710376341284,1.0
PCSK2,0.0,0.40948712684432786,1.0
GFRA4,0.0,0.7060485703056018,1.0
TCF15,0.0,0.5125556017624364,1.0
OTOR,0.0,0.858548348480541,1.0
BANF2,0.0,0.7717172243455237,1.0
SIRPD,0.0,0.8552946682228153,1.0
DEFB129,0.0,1.0,1.0
C20orf173,0.0,0.9834661984477937,1.0
SLURP1,0.0,0.6306686675294741,1.0
GPR42,0.0,0.6846094685667796,1.0
FFAR2,0.0,0.47848289419213597,1.0
FFAR1,0.0,0.648449182304075,1.0
TSKS,0.0,0.9900792646321629,1.0
STATH,0.0,0.621857129896537,1.0
HTN1,0.0,0.4682535513976369,1.0
DACH2,0.0,0.5232883447117399,1.0
PZP,0.0,0.696830597247795,1.0
NXF5,0.0,0.8748517286674501,1.0
IL22,0.0,0.8229019354214293,1.0
PLA2G5,0.0,0.9834661984477937,1.0
OR7A10,0.0,0.9537280097577494,1.0
OR7C2,0.0,0.9768542681907831,1.0
F2RL3,0.0,0.41658371785687753,1.0
OR1E2,0.0,0.7717172243455237,1.0
ZNF835,0.0,0.7029710376341284,1.0
RFPL1,0.0,0.8552946682228153,1.0
APOL5,0.0,0.813240042910631,1.0
IGLL1,0.0,0.7215075408530456,1.0
TAS2R16,0.0,1.0,1.0
MYOD1,0.0,0.7277235466695502,1.0
CSRP3,0.0,0.47848289419213597,1.0
AIPL1,0.0,0.8781190194469978,1.0
ART1,0.0,0.648449182304075,1.0
VCY1B,0.0,0.5045820072621465,1.0
VCY,0.0,0.636572443127301,1.0
CDY2B,0.0,0.9768542681907831,1.0
INS-IGF2,0.0,1.0,1.0
PRRG3,0.0,0.45064718510155777,1.0
KCNA5,0.0,0.5423442984904308,1.0
TSPAN16,0.0,0.547851719712373,1.0
ZSCAN10,0.0,0.6160126376872717,1.0
DPP6,0.0,0.8229019354214293,1.0
ACE2,0.0,0.8879331364078507,1.0
NCAN,0.0,0.6815668927944767,1.0
PLVAP,0.0,0.7622224999271966,1.0
MAS1,0.0,0.8618044330490108,1.0
ACSBG2,0.0,0.40948712684432786,1.0
FUT5,0.0,0.9273467583508952,1.0
BMP15,0.0,0.8164575944411389,1.0
KLHDC7B,0.0,0.829358243536714,1.0
OR11H1,0.0,0.8004018469425622,1.0
SAG,0.0,0.5019387498867459,1.0
GATA5,0.0,0.4707994763603818,1.0
SLC7A10,0.0,0.9636356313037896,1.0
LILRB2,0.0,0.9933860817420452,1.0
COX4I2,0.0,0.48623432138829725,1.0
BPIFA3,0.0,0.9768542681907831,1.0
DEFB118,0.0,1.0,1.0
TEX101,0.0,0.42615784298026116,1.0
CCL25,0.0,0.7091309176902658,1.0
CDX4,0.0,0.9076115119079285,1.0
ADGRE3,0.0,0.8618044330490108,1.0
C3orf20,0.0,0.8261286199203182,1.0
G6PC,0.0,0.8813883875991326,1.0
CA6,0.0,0.5786275093766506,1.0
RHOXF2,0.0,0.8748517286674501,1.0
FSHB,0.0,0.8846597782463905,1.0
USP29,0.0,0.4682535513976369,1.0
NR0B2,0.0,0.6130994652172653,1.0
LRRC9,0.0,0.4334219309560736,1.0
HHLA1,0.0,0.7812462624304687,1.0
FTHL17,0.0,0.8618044330490108,1.0
ENAM,0.0,0.858548348480541,1.0
GUCY2D,0.0,0.950426981824129,1.0
RGS22,0.0,0.6937677793437123,1.0
SCP2D1,0.0,1.0,1.0
SSTR4,0.0,0.5232883447117399,1.0
CRP,0.0,0.4682535513976369,1.0
APCS,0.0,0.48623432138829725,1.0
FCRL2,0.0,0.842305069932857,1.0
SYT4,0.0,0.9043275087039068,1.0
NMUR2,0.0,0.6785294870658231,1.0
TPTE2,0.0,0.7559124086715863,1.0
MYH8,0.0,0.648449182304075,1.0
RXFP2,0.0,0.40013769753329187,1.0
STOML3,0.0,0.6336176395507085,1.0
LGALS12,0.0,0.9339357280136042,1.0
FAM83F,0.0,0.8520434463522804,1.0
GIMAP6,0.0,0.9240541123816033,1.0
GIMAP4,0.0,0.8164575944411389,1.0
LYVE1,0.0,0.9801600629440878,1.0
UNC79,0.0,0.5368646222462607,1.0
PEBP4,0.0,0.3886331144942722,1.0
ADAMDEC1,0.0,0.7060485703056018,1.0
TRPM1,0.0,0.940529226774238,1.0
TSHB,0.0,0.7060485703056018,1.0
CHIA,0.0,0.6424993873606966,1.0
HMGCS2,0.0,0.6015081344405899,1.0
ADAM30,0.0,0.6015081344405899,1.0
CFHR5,0.0,0.5617400706970093,1.0
RAX,0.0,0.6454714485353458,1.0
HRH4,0.0,0.7277235466695502,1.0
KLRD1,0.0,0.5533866460521025,1.0
USP26,0.0,0.6160126376872717,1.0
SOX3,0.0,0.41658371785687753,1.0
MTNR1B,0.0,0.48623432138829725,1.0
CBLIF,0.0,0.636572443127301,1.0
APLNR,0.0,0.5019387498867459,1.0
OCM2,0.0,0.5871597544033558,1.0
CSN2,0.0,0.5957497963320737,1.0
UGT2B28,0.0,0.9273467583508952,1.0
FAM71F1,0.0,0.696830597247795,1.0
HTR1B,0.0,0.9240541123816033,1.0
GJA10,0.0,0.8487947368200934,1.0
LACRT,0.0,0.9537280097577494,1.0
KRT85,0.0,0.7844300000516808,1.0
TAAR5,0.0,0.9768542681907831,1.0
NMBR,0.0,0.5019387498867459,1.0
CAPN9,0.0,0.813240042910631,1.0
RGS8,0.0,0.5286976420682703,1.0
CHRND,0.0,0.9537280097577494,1.0
CNMD,0.0,0.9801600629440878,1.0
MMD2,0.0,0.9702439279042832,1.0
GH2,0.0,0.7060485703056018,1.0
CSH1,0.0,0.9867726179369976,1.0
IL36A,0.0,0.9867726179369976,1.0
IL36B,0.0,0.7153098743639731,1.0
IL1F10,0.0,0.6937677793437123,1.0
CFC1,0.0,0.6424993873606966,1.0
GAD2,0.0,0.41658371785687753,1.0
OR13C9,0.0,0.5673426777793709,1.0
OR1L4,0.0,0.842305069932857,1.0
CCL21,0.0,0.6015081344405899,1.0
IFNA21,0.0,0.46571526862558976,1.0
TINAG,0.0,0.9207627671027185,1.0
IRF4,0.0,0.9537280097577494,1.0
CLPS,0.0,0.7339575177052757,1.0
TTC29,0.0,0.9537280097577494,1.0
TRPC6,0.0,0.8196782427441914,1.0
MMP20,0.0,0.4309926469959029,1.0
MMP27,0.0,0.5814651118050964,1.0
FXYD2,0.0,0.6189318717934644,1.0
BCL2L10,0.0,0.9306406489398111,1.0
DNASE2B,0.0,0.9669394958014216,1.0
LHCGR,0.0,0.7029710376341284,1.0
SULT6B1,0.0,0.996693012466618,1.0
ABCG5,0.0,0.5701539825270272,1.0
CYP2C9,0.0,0.45814647715894785,1.0
LBX1,0.0,0.42615784298026116,1.0
PLA2G12B,0.0,0.547851719712373,1.0
GUCA1C,0.0,0.5786275093766506,1.0
CCDC54,0.0,0.7780661870680045,1.0
IL21,0.0,0.8618044330490108,1.0
MMRN1,0.0,0.44816295439279763,1.0
C4orf17,0.0,0.9933860817420452,1.0
MTTP,0.0,0.49930283827853317,1.0
TTLL8,0.0,0.8748517286674501,1.0
PARVG,0.0,0.3818280646769783,1.0
PDE6H,0.0,0.4914394238527241,1.0
PIK3C2G,0.0,0.4836429926527509,1.0
PLCZ1,0.0,0.5125556017624364,1.0
SLCO1C1,0.0,0.8683235982021273,1.0
TPH2,0.0,0.636572443127301,1.0
PTPRQ,0.0,0.9867726179369976,1.0
PDX1,0.0,0.6998983649396864,1.0
DHH,0.0,0.9570298316837188,1.0
CELA1,0.0,0.8100256403943001,1.0
KRT71,0.0,0.7908082597408556,1.0
METTL21C,0.0,0.4456865210409048,1.0
SSTR1,0.0,0.5450945558532493,1.0
GPR65,0.0,0.6754972946848711,1.0
FAM181A,0.0,0.9207627671027185,1.0
SLC24A4,0.0,0.8455485934494391,1.0
SLC25A47,0.0,0.7527634281491498,1.0
CYP1A2,0.0,0.996693012466618,1.0
LMAN1L,0.0,0.7972005596761405,1.0
UNC45B,0.0,0.996693012466618,1.0
OR4D1,0.0,0.5900167260288813,1.0
KIF2B,0.0,0.5786275093766506,1.0
SPATA22,0.0,0.5450945558532493,1.0
SPACA3,0.0,0.9900792646321629,1.0
C17orf64,0.0,0.9372319393764333,1.0
ADCYAP1,0.0,0.7402090762983753,1.0
SLC13A5,0.0,0.7876173493946396,1.0
PIK3R5,0.0,0.7060485703056018,1.0
CBLN2,0.0,0.7559124086715863,1.0
ZIM3,0.0,0.9306406489398111,1.0
CIB3,0.0,0.5396009774503636,1.0
DMRTC2,0.0,0.7717172243455237,1.0
DNMT3L,0.0,0.9669394958014216,1.0
IL19,0.0,0.8261286199203182,1.0
NLRP12,0.0,0.9801600629440878,1.0
TM4SF5,0.0,0.7246132746430569,1.0
GPR32,0.0,0.6189318717934644,1.0
ACP4,0.0,0.9570298316837188,1.0
KLK3,0.0,0.9603323910593005,1.0
PTH2,0.0,0.9933860817420452,1.0
CFAP74,0.0,0.4071376698379916,1.0
CELA2A,0.0,0.6454714485353458,1.0
C1orf94,0.0,0.40013769753329187,1.0
CELA3A,0.0,0.41421016410043454,1.0
DMRTB1,0.0,0.6015081344405899,1.0
BARHL2,0.0,0.7308383100563765,1.0
KCNA10,0.0,0.9801600629440878,1.0
XCL1,0.0,0.5286976420682703,1.0
XCL2,0.0,0.8748517286674501,1.0
F13B,0.0,0.7091309176902658,1.0
AQP10,0.0,0.8715865700317355,1.0
SYT2,0.0,0.9603323910593005,1.0
REG3G,0.0,0.6395330389318583,1.0
TRIM43B,0.0,0.4285712791158539,1.0
TRIM43,0.0,0.8068144389745125,1.0
NXPH2,0.0,0.4940531510041464,1.0
UNC80,0.0,0.4071376698379916,1.0
PTH2R,0.0,0.5125556017624364,1.0
GRIP2,0.0,0.5072325853424271,1.0
GADL1,0.0,0.7717172243455237,1.0
LRTM1,0.0,0.6634215158168552,1.0
ADGRG7,0.0,0.7339575177052757,1.0
SPATA16,0.0,0.5232883447117399,1.0
ECE2,0.0,0.6876571708271936,1.0
SLC10A6,0.0,0.41421016410043454,1.0
CABS1,0.0,0.794002680192762,1.0
GC,0.0,0.5098904587440031,1.0
SHISAL2B,0.0,0.672470358702386,1.0
LIX1,0.0,0.6306686675294741,1.0
ADAMTS19,0.0,0.4606617114605923,1.0
IL9,0.0,1.0,1.0
GABRA6,0.0,0.4810591760941474,1.0
GABRB2,0.0,0.5871597544033558,1.0
SPINK7,0.0,0.4213548269831777,1.0
GLRA1,0.0,0.4071376698379916,1.0
SLC17A4,0.0,0.43585911500840513,1.0
H2BC1,0.0,0.8164575944411389,1.0
HMGCLL1,0.0,0.5423442984904308,1.0
GABRR1,0.0,0.41421016410043454,1.0
SCML4,0.0,0.6072914543107184,1.0
CLVS2,0.0,0.749618556161363,1.0
GPR6,0.0,0.7717172243455237,1.0
RSPO3,0.0,0.9735488709352259,1.0
TAAR2,0.0,1.0,1.0
TAAR6,0.0,0.7717172243455237,1.0
TAAR8,0.0,0.794002680192762,1.0
TAAR1,0.0,0.7153098743639731,1.0
FERD3L,0.0,0.9768542681907831,1.0
TRIM50,0.0,0.9174727785181955,1.0
ZAN,0.0,0.7717172243455237,1.0
STRA8,0.0,0.657416013591166,1.0
CNPY1,0.0,0.45064718510155777,1.0
ASB10,0.0,0.7433413319545803,1.0
AKAP4,0.0,0.9174727785181955,1.0
DIPK2B,0.0,0.5843092048547895,1.0
GPR174,0.0,0.5259894390505462,1.0
AWAT2,0.0,0.749618556161363,1.0
CPXCR1,0.0,0.6043966897165155,1.0
HTR2C,0.0,0.7184063919514614,1.0
ARHGAP36,0.0,0.6815668927944767,1.0
GPR119,0.0,0.6247883740723336,1.0
FATE1,0.0,0.8390642198295792,1.0
CHRNB3,0.0,0.8100256403943001,1.0
DOK2,0.0,0.9636356313037896,1.0
SNTG1,0.0,0.38635660260863647,1.0
CRH,0.0,0.7215075408530456,1.0
PRDM14,0.0,0.5423442984904308,1.0
PSKH2,0.0,0.4682535513976369,1.0
FAM135B,0.0,0.6277255661132192,1.0
CER1,0.0,0.7908082597408556,1.0
IFNA5,0.0,0.6247883740723336,1.0
IFNK,0.0,0.6634215158168552,1.0
OR13C4,0.0,0.9537280097577494,1.0
ACTL7B,0.0,0.8196782427441914,1.0
OR5C1,0.0,0.9339357280136042,1.0
HMCN2,0.0,0.5259894390505462,1.0
IDI2,0.0,0.45064718510155777,1.0
LCN9,0.0,0.6846094685667796,1.0
A1CF,0.0,0.9636356313037896,1.0
NPFFR1,0.0,0.9900792646321629,1.0
CYP17A1,0.0,0.6395330389318583,1.0
SLC5A12,0.0,0.4285712791158539,1.0
SAA4,0.0,0.9043275087039068,1.0
GLYAT,0.0,0.9768542681907831,1.0
OR5F1,0.0,0.9537280097577494,1.0
GGTLC1,0.0,0.5450945558532493,1.0
ADAM33,0.0,0.5098904587440031,1.0
SLC22A8,0.0,0.8196782427441914,1.0
TMC2,0.0,0.9834661984477937,1.0
OOSP2,0.0,0.9537280097577494,1.0
MS4A2,0.0,0.4334219309560736,1.0
SCN2B,0.0,0.5617400706970093,1.0
OCSTAMP,0.0,0.48623432138829725,1.0
SPINT4,0.0,0.9768542681907831,1.0
GPHA2,0.0,0.5871597544033558,1.0
SLC22A9,0.0,0.7433413319545803,1.0
CLEC1A,0.0,0.8781190194469978,1.0
FXYD4,0.0,0.5533866460521025,1.0
TRIM48,0.0,0.4071376698379916,1.0
OR8K1,0.0,0.9768542681907831,1.0
OR5M9,0.0,1.0,1.0
PCDH15,0.0,0.8100256403943001,1.0
KLHL1,0.0,0.842305069932857,1.0
CCDC83,0.0,0.9141842025623018,1.0
C11orf53,0.0,0.41421016410043454,1.0
C2orf50,0.0,0.9900792646321629,1.0
LYZL2,0.0,0.7717172243455237,1.0
KCNA6,0.0,0.9339357280136042,1.0
ALLC,0.0,0.7433413319545803,1.0
THRSP,0.0,0.9669394958014216,1.0
MSGN1,0.0,0.950426981824129,1.0
ATP6V1G3,0.0,0.8520434463522804,1.0
SLC25A31,0.0,0.6101923917365532,1.0
DRD3,0.0,0.7060485703056018,1.0
POU4F2,0.0,0.6785294870658231,1.0
VENTX,0.0,0.7091309176902658,1.0
TMEM132D,0.0,0.9933860817420452,1.0
RBM46,0.0,0.950426981824129,1.0
ASTN1,0.0,0.940529226774238,1.0
CFC1B,0.0,0.6424993873606966,1.0
ARL11,0.0,0.4309926469959029,1.0
RIT2,0.0,0.5814651118050964,1.0
G6PC2,0.0,0.384088249473852,1.0
PTH,0.0,0.6907099557705141,1.0
ZSCAN1,0.0,0.5314129258282958,1.0
DSPP,0.0,0.4237523539300838,1.0
MEPE,0.0,0.45814647715894785,1.0
CAPSL,0.0,0.5814651118050964,1.0
DDX4,0.0,0.648449182304075,1.0
CLEC4F,0.0,0.6907099557705141,1.0
CNTNAP4,0.0,0.9768542681907831,1.0
CPB1,0.0,0.40013769753329187,1.0
OR14K1,0.0,0.45563896523052283,1.0
FEZF2,0.0,0.5814651118050964,1.0
FRMD1,0.0,0.5072325853424271,1.0
SPACA7,0.0,1.0,1.0
CIBAR2,0.0,0.8004018469425622,1.0
TMPRSS11D,0.0,0.6876571708271936,1.0
SPHKAP,0.0,0.8552946682228153,1.0
ASB17,0.0,0.8390642198295792,1.0
PANX3,0.0,0.7433413319545803,1.0
CDH12,0.0,0.940529226774238,1.0
GPR15,0.0,0.858548348480541,1.0
WNT3A,0.0,0.47848289419213597,1.0
GPR26,0.0,0.6846094685667796,1.0
PSMA8,0.0,0.5757964313912116,1.0
TMSB4Y,0.0,0.46571526862558976,1.0
TMPRSS15,0.0,0.6694487219140669,1.0
CA10,0.0,0.6604160308082985,1.0
SEPTIN14,0.0,0.9603323910593005,1.0
ODF1,0.0,0.7717172243455237,1.0
OR4K1,0.0,0.9537280097577494,1.0
GRIA1,0.0,0.5871597544033558,1.0
XAGE2,0.0,0.8944855348490495,1.0
VSIG4,0.0,0.794002680192762,1.0
CYLC2,0.0,1.0,1.0
SLC24A2,0.0,0.6604160308082985,1.0
TRIM42,0.0,0.6846094685667796,1.0
GNA14,0.0,0.43585911500840513,1.0
WIF1,0.0,0.7060485703056018,1.0
PPEF2,0.0,0.39091777522840465,1.0
CXCL13,0.0,0.3886331144942722,1.0
CLDN17,0.0,0.749618556161363,1.0
CLDN8,0.0,0.636572443127301,1.0
SORCS3,0.0,0.5368646222462607,1.0
LRFN2,0.0,0.37957605749041823,1.0
PRG3,0.0,0.6072914543107184,1.0
COX6A2,0.0,0.794002680192762,1.0
ADGRG4,0.0,0.5814651118050964,1.0
SHCBP1L,0.0,0.8164575944411389,1.0
ATP2B2,0.0,0.940529226774238,1.0
LYZL4,0.0,0.7844300000516808,1.0
SLC6A1,0.0,0.950426981824129,1.0
KLHL40,0.0,0.6634215158168552,1.0
C8A,0.0,0.8683235982021273,1.0
CDCP2,0.0,0.648449182304075,1.0
C1orf158,0.0,0.6043966897165155,1.0
PWWP3B,0.0,0.4309926469959029,1.0
KCNJ6,0.0,0.4810591760941474,1.0
ERG,0.0,0.9669394958014216,1.0
ACAN,0.0,0.7308383100563765,1.0
CIB4,0.0,0.5286976420682703,1.0
SLC30A2,0.0,0.38635660260863647,1.0
CD1C,0.0,0.5757964313912116,1.0
CD1E,0.0,0.8196782427441914,1.0
HMHB1,0.0,0.8618044330490108,1.0
POM121L2,0.0,0.8390642198295792,1.0
PLA2G2F,0.0,0.9273467583508952,1.0
VWA5B1,0.0,0.8912084070019073,1.0
WFDC8,0.0,0.7277235466695502,1.0
WNT9B,0.0,0.5232883447117399,1.0
C1QC,0.0,0.6336176395507085,1.0
GIP,0.0,0.9306406489398111,1.0
GJD2,0.0,0.8944855348490495,1.0
PLA2G4D,0.0,0.8846597782463905,1.0
CES5A,0.0,0.9735488709352259,1.0
CELF3,0.0,0.5645380297349106,1.0
LCE2B,0.0,0.6937677793437123,1.0
TGM7,0.0,0.9438275338976189,1.0
SPRR2G,0.0,0.6634215158168552,1.0
PGLYRP3,0.0,0.7060485703056018,1.0
AGRP,0.0,0.5843092048547895,1.0
PIP,0.0,0.9735488709352259,1.0
OR3A3,0.0,0.4682535513976369,1.0
CRYAA,0.0,0.9768542681907831,1.0
AIRE,0.0,0.6846094685667796,1.0
FCN2,0.0,0.829358243536714,1.0
CCR5,0.0,0.5701539825270272,1.0
CYP11B1,0.0,0.7780661870680045,1.0
CCDC105,0.0,0.9537280097577494,1.0
PGLYRP2,0.0,0.40013769753329187,1.0
SCGB3A1,0.0,0.48623432138829725,1.0
KLHL10,0.0,0.8650628677291835,1.0
DCD,0.0,0.749618556161363,1.0
SIGLEC11,0.0,0.6072914543107184,1.0
CD300LG,0.0,0.4213548269831777,1.0
OR7G1,0.0,0.9537280097577494,1.0
KRT84,0.0,0.6514325482434398,1.0
KRT82,0.0,0.40013769753329187,1.0
TREML1,0.0,0.5617400706970093,1.0
HS3ST6,0.0,0.7464778413011777,1.0
CYP4A22,0.0,0.8650628677291835,1.0
BSND,0.0,0.9372319393764333,1.0
KNCN,0.0,0.534135262077375,1.0
TMEM82,0.0,0.4456865210409048,1.0
UBXN10,0.0,0.46571526862558976,1.0
TTLL10,0.0,0.8781190194469978,1.0
CCDC27,0.0,0.9108970950967655,1.0
C1orf87,0.0,0.9702439279042832,1.0
LRRC53,0.0,0.4682535513976369,1.0
BRINP3,0.0,0.8068144389745125,1.0
VCAM1,0.0,0.8813883875991326,1.0
OR2M5,0.0,0.9306406489398111,1.0
KCNJ9,0.0,0.4285712791158539,1.0
FCGR3B,0.0,0.9801600629440878,1.0
LMX1A,0.0,0.48623432138829725,1.0
LRRC52,0.0,0.8650628677291835,1.0
WDR64,0.0,0.737081122297987,1.0
FCAMR,0.0,0.6754972946848711,1.0
ZSWIM2,0.0,0.8390642198295792,1.0
ANKRD30BL,0.0,0.9636356313037896,1.0
TEKT4,0.0,0.4682535513976369,1.0
XIRP2,0.0,0.4309926469959029,1.0
HPGDS,0.0,0.7748898243174053,1.0
PDHA2,0.0,0.6072914543107184,1.0
C1QTNF7,0.0,0.6189318717934644,1.0
LCE3D,0.0,0.6395330389318583,1.0
SMCP,0.0,0.749618556161363,1.0
SPRR3,0.0,0.47848289419213597,1.0
PGLYRP4,0.0,0.7277235466695502,1.0
S100A12,0.0,0.9933860817420452,1.0
TDRD10,0.0,0.5986258246782183,1.0
CRYGC,0.0,0.9306406489398111,1.0
GABRG1,0.0,0.8100256403943001,1.0
GABRB1,0.0,0.6907099557705141,1.0
ALPI,0.0,0.9438275338976189,1.0
TAFA4,0.0,0.7685484371305833,1.0
CCKAR,0.0,0.9801600629440878,1.0
TEX55,0.0,0.5617400706970093,1.0
PDCL2,0.0,0.9603323910593005,1.0
CXCR1,0.0,0.6160126376872717,1.0
RETNLB,0.0,0.8100256403943001,1.0
DPPA2,0.0,0.6160126376872717,1.0
MNDA,0.0,0.8552946682228153,1.0
CTLA4,0.0,0.657416013591166,1.0
ICOS,0.0,0.3818280646769783,1.0
SYNPR,0.0,0.7091309176902658,1.0
CLRN1,0.0,0.9702439279042832,1.0
DCLK3,0.0,0.4682535513976369,1.0
PF4,0.0,0.7844300000516808,1.0
PLSCR2,0.0,0.8846597782463905,1.0
CPA3,0.0,0.46571526862558976,1.0
TCF23,0.0,0.384088249473852,1.0
DNAJC5G,0.0,0.5928800850110119,1.0
TGM4,0.0,1.0,1.0
CFAP100,0.0,0.9372319393764333,1.0
RHO,0.0,0.8358260965628809,1.0
OTOP1,0.0,0.9207627671027185,1.0
EMCN,0.0,0.8455485934494391,1.0
CAMP,0.0,0.4631846485772054,1.0
SCRG1,0.0,0.7559124086715863,1.0
ADAD1,0.0,0.794002680192762,1.0
NPY1R,0.0,0.940529226774238,1.0
NPY5R,0.0,0.5645380297349106,1.0
RANBP3L,0.0,0.5928800850110119,1.0
PRDM9,0.0,0.45313919490861054,1.0
SCGB3A2,0.0,0.6277255661132192,1.0
HTR4,0.0,0.9076115119079285,1.0
CDC20B,0.0,0.8879331364078507,1.0
ENPP6,0.0,0.6424993873606966,1.0
TMEM174,0.0,0.6846094685667796,1.0
CARTPT,0.0,0.5423442984904308,1.0
SLC6A18,0.0,0.9933860817420452,1.0
IL3,0.0,0.9768542681907831,1.0
TXLNB,0.0,0.8977644646746489,1.0
IL22RA2,0.0,0.9702439279042832,1.0
SPATA48,0.0,0.9306406489398111,1.0
H2AC1,0.0,0.8164575944411389,1.0
NEUROD6,0.0,0.794002680192762,1.0
TEX47,0.0,0.794002680192762,1.0
TAGAP,0.0,0.7339575177052757,1.0
FNDC1,0.0,0.8683235982021273,1.0
SLC30A8,0.0,0.3978205467559196,1.0
DEFA5,0.0,0.5900167260288813,1.0
DEFA4,0.0,0.5986258246782183,1.0
DEFA6,0.0,0.7060485703056018,1.0
UNCX,0.0,0.9141842025623018,1.0
SPAG11B,0.0,0.5900167260288813,1.0
SLC7A13,0.0,0.8618044330490108,1.0
OSR2,0.0,0.7433413319545803,1.0
DCSTAMP,0.0,0.45313919490861054,1.0
PRKACG,0.0,0.749618556161363,1.0
NKX6-3,0.0,0.534135262077375,1.0
C8orf34,0.0,0.6189318717934644,1.0
PTCHD1,0.0,0.9735488709352259,1.0
ASB11,0.0,0.40246294289693907,1.0
SLC7A3,0.0,0.9867726179369976,1.0
GPR101,0.0,0.7277235466695502,1.0
LRRC18,0.0,0.6015081344405899,1.0
FOLR2,0.0,0.9174727785181955,1.0
PHOX2A,0.0,0.8036064905718427,1.0
HEPACAM,0.0,0.6907099557705141,1.0
RPL10L,0.0,0.9471268043847221,1.0
MAGEC3,0.0,0.5286976420682703,1.0
NGB,0.0,0.534135262077375,1.0
AMER2,0.0,0.5701539825270272,1.0
SSX5,0.0,0.547851719712373,1.0
SSX3,0.0,0.794002680192762,1.0
OTX2,0.0,0.5045820072621465,1.0
UCMA,0.0,0.7060485703056018,1.0
SOHLH1,0.0,0.621857129896537,1.0
CLEC1B,0.0,1.0,1.0
FRMD7,0.0,0.8164575944411389,1.0
GFI1B,0.0,0.9801600629440878,1.0
OR4K2,0.0,0.9768542681907831,1.0
SERPINA12,0.0,0.5286976420682703,1.0
PDZRN4,0.0,0.7402090762983753,1.0
SLC6A5,0.0,0.9076115119079285,1.0
KCNC2,0.0,0.5900167260288813,1.0
PASD1,0.0,0.6130994652172653,1.0
TMCO5A,0.0,0.8036064905718427,1.0
IL25,0.0,0.8618044330490108,1.0
CMTM5,0.0,0.4285712791158539,1.0
GLB1L3,0.0,0.6015081344405899,1.0
SPATA19,0.0,0.6424993873606966,1.0
AVPR1A,0.0,0.5814651118050964,1.0
C16orf78,0.0,1.0,1.0
LRTM2,0.0,0.8781190194469978,1.0
OPN1MW2,0.0,0.9076115119079285,1.0
SPIC,0.0,0.7717172243455237,1.0
TBATA,0.0,0.8164575944411389,1.0
CYYR1,0.0,0.940529226774238,1.0
MYRFL,0.0,0.5645380297349106,1.0
SYNPO2L,0.0,0.45064718510155777,1.0
CCDC182,0.0,0.6846094685667796,1.0
POTED,0.0,0.41658371785687753,1.0
OR10A5,0.0,0.8164575944411389,1.0
OR2D2,0.0,0.7844300000516808,1.0
PRKCB,0.0,0.9339357280136042,1.0
CLEC3A,0.0,0.7339575177052757,1.0
CLEC4D,0.0,0.384088249473852,1.0
CPLX4,0.0,0.9438275338976189,1.0
GALR1,0.0,0.7717172243455237,1.0
HTR3A,0.0,0.5843092048547895,1.0
LDHAL6A,0.0,0.5125556017624364,1.0
SCNN1G,0.0,0.4213548269831777,1.0
CACNG2,0.0,0.7060485703056018,1.0
OR4D6,0.0,0.9768542681907831,1.0
MS4A6E,0.0,0.6424993873606966,1.0
MS4A5,0.0,1.0,1.0
TGM6,0.0,0.7717172243455237,1.0
MS4A8,0.0,0.4456865210409048,1.0
CCDC178,0.0,0.9834661984477937,1.0
TERB2,0.0,0.9306406489398111,1.0
B4GALNT2,0.0,0.9076115119079285,1.0
SUN5,0.0,0.9768542681907831,1.0
BPIFB6,0.0,0.7060485703056018,1.0
ANKRD40CL,0.0,0.8068144389745125,1.0
TBC1D21,0.0,0.9076115119079285,1.0
C16orf92,0.0,0.794002680192762,1.0
GOLGA6C,0.0,0.9636356313037896,1.0
SNX20,0.0,0.5098904587440031,1.0
LOXHD1,0.0,0.7402090762983753,1.0
DPEP2,0.0,0.4606617114605923,1.0
CD3D,0.0,0.8977644646746489,1.0
OR51E2,0.0,0.8164575944411389,1.0
MMP26,0.0,0.6846094685667796,1.0
OR51I1,0.0,0.4432179029796727,1.0
GNG8,0.0,0.7908082597408556,1.0
LPO,0.0,0.9372319393764333,1.0
LALBA,0.0,0.5814651118050964,1.0
AQP2,0.0,0.5314129258282958,1.0
ANKRD33,0.0,0.8196782427441914,1.0
LAIR2,0.0,0.4456865210409048,1.0
KIR3DL1,0.0,0.7060485703056018,1.0
ATCAY,0.0,0.5506157599288712,1.0
TMIGD2,0.0,0.46571526862558976,1.0
GGT6,0.0,0.672470358702386,1.0
KLK4,0.0,0.8748517286674501,1.0
KLK11,0.0,0.8650628677291835,1.0
KLK13,0.0,0.9867726179369976,1.0
KRT1,0.0,0.9702439279042832,1.0
SOAT2,0.0,0.8100256403943001,1.0
CABP2,0.0,0.9306406489398111,1.0
TBX10,0.0,0.7622224999271966,1.0
OR8J3,0.0,1.0,1.0
OR5I1,0.0,0.9768542681907831,1.0
CD300C,0.0,0.7559124086715863,1.0
CYP7A1,0.0,0.6544215056598512,1.0
KRT24,0.0,0.4334219309560736,1.0
SOST,0.0,0.5232883447117399,1.0
MAJIN,0.0,0.8358260965628809,1.0
PNOC,0.0,0.7122180342879179,1.0
OR2B2,0.0,0.5506157599288712,1.0
PTGDR,0.0,0.794002680192762,1.0
PTF1A,0.0,0.737081122297987,1.0
FOXI1,0.0,0.5645380297349106,1.0
SCNN1B,0.0,0.6015081344405899,1.0
HJV,0.0,0.7527634281491498,1.0
SCGB1D1,0.0,0.9076115119079285,1.0
MYL1,0.0,0.8261286199203182,1.0
CHRM1,0.0,0.950426981824129,1.0
CRYGA,0.0,0.9537280097577494,1.0
ADAM29,0.0,0.6454714485353458,1.0
ADAM18,0.0,0.8164575944411389,1.0
WFDC13,0.0,0.7402090762983753,1.0
UGT3A2,0.0,0.9636356313037896,1.0
KCTD19,0.0,0.8068144389745125,1.0
WFDC12,0.0,0.6998983649396864,1.0
CA7,0.0,0.8196782427441914,1.0
TSPY2,0.0,0.7876173493946396,1.0
OR13J1,0.0,0.8683235982021273,1.0
HTR1E,0.0,0.5045820072621465,1.0
SOX14,0.0,0.7060485703056018,1.0
SFTPB,0.0,0.39091777522840465,1.0
BTNL3,0.0,0.8618044330490108,1.0
CTRB2,0.0,0.5786275093766506,1.0
GRM5,0.0,0.37957605749041823,1.0
NTSR2,0.0,0.6937677793437123,1.0
GOT1L1,0.0,0.8618044330490108,1.0
OR10G3,0.0,0.9537280097577494,1.0
GCSAML,0.0,0.5729719113688719,1.0
SHE,0.0,0.4285712791158539,1.0
P2RY12,0.0,0.8261286199203182,1.0
PDILT,0.0,0.8618044330490108,1.0
UMOD,0.0,0.7060485703056018,1.0
GP2,0.0,0.737081122297987,1.0
RNASE2,0.0,0.9372319393764333,1.0
ELSPBP1,0.0,0.4334219309560736,1.0
RNASE3,0.0,0.9834661984477937,1.0
SPRR1A,0.0,0.40013769753329187,1.0
OR4K14,0.0,1.0,1.0
OR4K15,0.0,1.0,1.0
HTRA4,0.0,0.8068144389745125,1.0
CRCT1,0.0,0.696830597247795,1.0
GKN1,0.0,0.5814651118050964,1.0
DRD5,0.0,0.40013769753329187,1.0
MT1B,0.0,0.49930283827853317,1.0
GP9,0.0,0.842305069932857,1.0
ACTRT2,0.0,0.9537280097577494,1.0
PRY,0.0,0.749618556161363,1.0
RBMY1F,0.0,0.8846597782463905,1.0
PRY2,0.0,0.749618556161363,1.0
GSX1,0.0,0.7717172243455237,1.0
MUC17,0.0,0.7402090762983753,1.0
AHSP,0.0,0.621857129896537,1.0
CALML6,0.0,0.9108970950967655,1.0
PYDC1,0.0,0.7717172243455237,1.0
S100G,0.0,0.749618556161363,1.0
FRMPD4,0.0,0.7029710376341284,1.0
HSFY2,0.0,0.9076115119079285,1.0
FAM153A,0.0,0.6160126376872717,1.0
SERPINA6,0.0,0.5533866460521025,1.0
GPR25,0.0,0.9702439279042832,1.0
GYPA,0.0,0.5450945558532493,1.0
MRGPRX1,0.0,0.749618556161363,1.0
MRAP,0.0,0.9669394958014216,1.0
C7orf33,0.0,0.8390642198295792,1.0
CST5,0.0,0.6247883740723336,1.0
EMX2,0.0,0.636572443127301,1.0
SP7,0.0,0.7122180342879179,1.0
KRT74,0.0,0.4682535513976369,1.0
KRT72,0.0,0.5729719113688719,1.0
HSD17B13,0.0,0.842305069932857,1.0
COX7B2,0.0,0.5645380297349106,1.0
OR9K2,0.0,0.9768542681907831,1.0
FAM71B,0.0,0.9306406489398111,1.0
SLC26A5,0.0,0.8781190194469978,1.0
SYT9,0.0,0.5152279883728814,1.0
DYDC1,0.0,0.6846094685667796,1.0
BFSP2,0.0,0.44816295439279763,1.0
FSHR,0.0,0.9471268043847221,1.0
PSG6,0.0,0.8846597782463905,1.0
OR7G3,0.0,0.5423442984904308,1.0
OR7G2,0.0,0.8164575944411389,1.0
OR1M1,0.0,0.6424993873606966,1.0
NCBP2L,0.0,0.9306406489398111,1.0
MBD3L1,0.0,0.7060485703056018,1.0
PGK2,0.0,0.5045820072621465,1.0
OR8B12,0.0,0.794002680192762,1.0
CEACAM3,0.0,0.4682535513976369,1.0
DCDC1,0.0,0.45814647715894785,1.0
DDI1,0.0,0.384088249473852,1.0
OR4D5,0.0,0.9768542681907831,1.0
PATE1,0.0,0.7653835124598296,1.0
OR13H1,0.0,0.9900792646321629,1.0
OBP2B,0.0,0.6043966897165155,1.0
GIMAP8,0.0,0.6937677793437123,1.0
OR2K2,0.0,0.8944855348490495,1.0
RLN3,0.0,0.547851719712373,1.0
OR2M4,0.0,0.48623432138829725,1.0
OPRPN,0.0,0.6072914543107184,1.0
SMR3B,0.0,0.9867726179369976,1.0
KRTAP4-4,0.0,0.6306686675294741,1.0
XAGE5,0.0,0.48623432138829725,1.0
GLOD5,0.0,0.8196782427441914,1.0
OR1L6,0.0,0.794002680192762,1.0
SPACA5B,0.0,0.8846597782463905,1.0
OR1L3,0.0,0.7277235466695502,1.0
NLRP5,0.0,0.6754972946848711,1.0
SPACA5,0.0,0.5045820072621465,1.0
MROH2B,0.0,0.6815668927944767,1.0
OR1N2,0.0,0.7277235466695502,1.0
OR1N1,0.0,0.6846094685667796,1.0
RXFP1,0.0,0.813240042910631,1.0
NEUROD2,0.0,0.7246132746430569,1.0
DSCAM,0.0,0.534135262077375,1.0
NMUR1,0.0,0.8455485934494391,1.0
PTCRA,0.0,0.8781190194469978,1.0
S100Z,0.0,0.6043966897165155,1.0
GPR82,0.0,0.8912084070019073,1.0
DEFB4A,0.0,0.6846094685667796,1.0
NXNL1,0.0,0.8683235982021273,1.0
UTF1,0.0,0.45313919490861054,1.0
WDR87,0.0,0.5814651118050964,1.0
PCDHB1,0.0,0.6907099557705141,1.0
ANGPTL7,0.0,0.8004018469425622,1.0
OR10H3,0.0,0.9768542681907831,1.0
OR10H2,0.0,0.8390642198295792,1.0
OR52A5,0.0,0.794002680192762,1.0
REG3A,0.0,0.7277235466695502,1.0
REG1B,0.0,0.8618044330490108,1.0
OR1A1,0.0,0.8390642198295792,1.0
OR1A2,0.0,1.0,1.0
OR8I2,0.0,1.0,1.0
LCE1D,0.0,0.7812462624304687,1.0
CCL11,0.0,0.6160126376872717,1.0
PRL,0.0,0.37957605749041823,1.0
OR4C11,0.0,1.0,1.0
OR8U1,0.0,1.0,1.0
OR4X2,0.0,0.8164575944411389,1.0
GPR22,0.0,0.6514325482434398,1.0
CXCR6,0.0,0.49930283827853317,1.0
TPSAB1,0.0,0.9010451411117566,1.0
ATOH1,0.0,0.7844300000516808,1.0
CDY1,0.0,1.0,1.0
OR10V1,0.0,0.7717172243455237,1.0
OR5A1,0.0,1.0,1.0
OR5A2,0.0,0.9768542681907831,1.0
CDY1B,0.0,1.0,1.0
OR5B12,0.0,0.5045820072621465,1.0
OR5B2,0.0,0.9570298316837188,1.0
PDZD3,0.0,0.6815668927944767,1.0
OR9I1,0.0,0.7060485703056018,1.0
MYOZ2,0.0,0.7060485703056018,1.0
INSL5,0.0,0.9207627671027185,1.0
EFCAB3,0.0,0.8487947368200934,1.0
OR9G4,0.0,0.9537280097577494,1.0
OR5AR1,0.0,0.9537280097577494,1.0
OR5AP2,0.0,0.9537280097577494,1.0
HSFY1,0.0,0.8618044330490108,1.0
AGXT,0.0,0.9768542681907831,1.0
OR8J1,0.0,0.9768542681907831,1.0
OR5T3,0.0,0.9768542681907831,1.0
ACOT12,0.0,0.6015081344405899,1.0
OR10H5,0.0,0.40479627104040006,1.0
FAM170B,0.0,0.749618556161363,1.0
OR10AD1,0.0,0.8229019354214293,1.0
MOS,0.0,0.9076115119079285,1.0
MS4A10,0.0,0.696830597247795,1.0
CCL19,0.0,0.6015081344405899,1.0
OR4D9,0.0,0.9768542681907831,1.0
COL6A5,0.0,0.6876571708271936,1.0
OR5B3,0.0,0.9306406489398111,1.0
EFCAB12,0.0,0.40013769753329187,1.0
OR10W1,0.0,0.9537280097577494,1.0
FADS6,0.0,0.9768542681907831,1.0
OVOL1,0.0,0.9076115119079285,1.0
KRT2,0.0,0.6604160308082985,1.0
LVRN,0.0,0.7844300000516808,1.0
SLC22A13,0.0,0.5701539825270272,1.0
ADH6,0.0,0.6306686675294741,1.0
FRG2C,0.0,0.47848289419213597,1.0
HPSE2,0.0,0.44816295439279763,1.0
CCDC63,0.0,0.9537280097577494,1.0
ABCD2,0.0,0.4682535513976369,1.0
LIPM,0.0,0.8390642198295792,1.0
GPR151,0.0,0.5450945558532493,1.0
OR10K1,0.0,0.8618044330490108,1.0
GPR148,0.0,0.6634215158168552,1.0
CST9,0.0,0.5617400706970093,1.0
SFT2D3,0.0,0.3886331144942722,1.0
C1QB,0.0,0.8618044330490108,1.0
C1QA,0.0,0.9306406489398111,1.0
IQCF1,0.0,0.5125556017624364,1.0
DAB1,0.0,0.5900167260288813,1.0
RNASE8,0.0,0.9636356313037896,1.0
TMEM196,0.0,0.7717172243455237,1.0
RNASE11,0.0,0.8164575944411389,1.0
NLRP13,0.0,0.45313919490861054,1.0
CCR9,0.0,0.7559124086715863,1.0
SULT1B1,0.0,0.6785294870658231,1.0
UGT2A1,0.0,0.6544215056598512,1.0
GPRC6A,0.0,0.45064718510155777,1.0
APOBEC4,0.0,0.9570298316837188,1.0
HSPB7,0.0,0.6101923917365532,1.0
HES3,0.0,0.749618556161363,1.0
OR1L1,0.0,0.9306406489398111,1.0
SPATA3,0.0,0.8846597782463905,1.0
TOPAZ1,0.0,0.7339575177052757,1.0
SLCO4C1,0.0,0.5125556017624364,1.0
RAX2,0.0,0.6544215056598512,1.0
TENT5D,0.0,0.8036064905718427,1.0
NWD2,0.0,0.7464778413011777,1.0
GSTA3,0.0,0.8487947368200934,1.0
SELP,0.0,0.7653835124598296,1.0
ZNF80,0.0,0.6876571708271936,1.0
OR2Y1,0.0,1.0,1.0
CHRNA9,0.0,0.737081122297987,1.0
GOLGA6L2,0.0,0.794002680192762,1.0
VWC2L,0.0,0.9076115119079285,1.0
MYO1H,0.0,0.6101923917365532,1.0
KLK15,0.0,0.5757964313912116,1.0
KY,0.0,0.9141842025623018,1.0
OR7D4,0.0,0.9768542681907831,1.0
LEP,0.0,0.9372319393764333,1.0
AMY1B,0.0,0.384088249473852,1.0
CATSPERD,0.0,0.7653835124598296,1.0
OR9G1,0.0,0.621857129896537,1.0
OR5M3,0.0,1.0,1.0
GPR171,0.0,0.5314129258282958,1.0
GPR149,0.0,0.7153098743639731,1.0
OR5J2,0.0,0.6424993873606966,1.0
OR10AG1,0.0,0.8618044330490108,1.0
OR4S2,0.0,0.9768542681907831,1.0
CA5A,0.0,0.9570298316837188,1.0
ZG16,0.0,0.7091309176902658,1.0
TEX36,0.0,0.4888331394973101,1.0
DSG4,0.0,0.7780661870680045,1.0
RTP1,0.0,0.384088249473852,1.0
SPSB4,0.0,0.5232883447117399,1.0
WFDC5,0.0,0.5757964313912116,1.0
OR2T1,0.0,0.9537280097577494,1.0
CADM2,0.0,0.8748517286674501,1.0
HIGD2B,0.0,0.47848289419213597,1.0
GAL3ST3,0.0,0.696830597247795,1.0
C1orf127,0.0,0.9801600629440878,1.0
PHYHD1,0.0,0.7908082597408556,1.0
ISX,0.0,0.696830597247795,1.0
APOF,0.0,0.5757964313912116,1.0
OR10P1,0.0,0.9768542681907831,1.0
LRRC25,0.0,0.9339357280136042,1.0
TSGA10IP,0.0,0.5928800850110119,1.0
UBQLN3,0.0,0.7060485703056018,1.0
PNLIP,0.0,0.5232883447117399,1.0
CABP4,0.0,0.8455485934494391,1.0
OR4B1,0.0,0.9306406489398111,1.0
PRM1,0.0,0.9306406489398111,1.0
TEX26,0.0,0.7277235466695502,1.0
RBMXL3,0.0,0.7060485703056018,1.0
EIF4E1B,0.0,0.858548348480541,1.0
CBLL2,0.0,0.749618556161363,1.0
CCDC168,0.0,0.49667429717814027,1.0
GAPT,0.0,0.547851719712373,1.0
TSPEAR,0.0,0.7685484371305833,1.0
ASCL3,0.0,0.7622224999271966,1.0
ZNF683,0.0,0.9834661984477937,1.0
MC5R,0.0,0.8358260965628809,1.0
ENTHD1,0.0,0.40246294289693907,1.0
CIDEA,0.0,0.5396009774503636,1.0
OR4D11,0.0,0.9306406489398111,1.0
OR11H6,0.0,0.9702439279042832,1.0
OR4K17,0.0,1.0,1.0
OR10H4,0.0,0.5232883447117399,1.0
OR51B6,0.0,0.7215075408530456,1.0
OR4L1,0.0,1.0,1.0
OR4K13,0.0,1.0,1.0
HMGB4,0.0,0.7717172243455237,1.0
OR4F21,0.0,0.8100256403943001,1.0
OR4K5,0.0,1.0,1.0
OR4N2,0.0,0.5814651118050964,1.0
OR4M1,0.0,0.5396009774503636,1.0
FOXR1,0.0,0.996693012466618,1.0
PRR18,0.0,0.7844300000516808,1.0
CLEC14A,0.0,0.8164575944411389,1.0
OR5AN1,0.0,0.9537280097577494,1.0
OR4C5,0.0,1.0,1.0
OR4C3,0.0,1.0,1.0
OR4S1,0.0,1.0,1.0
OR4X1,0.0,1.0,1.0
CNBD1,0.0,0.8487947368200934,1.0
HORMAD2,0.0,0.9438275338976189,1.0
TGIF2LY,0.0,0.6015081344405899,1.0
OR51V1,0.0,1.0,1.0
MAGEB18,0.0,0.9372319393764333,1.0
DEFB104A,0.0,1.0,1.0
OR52E2,0.0,0.749618556161363,1.0
DEFB103A,0.0,0.7748898243174053,1.0
OR51L1,0.0,0.9076115119079285,1.0
SOX11,0.0,0.7215075408530456,1.0
OR51G2,0.0,0.8846597782463905,1.0
OR51A7,0.0,0.9306406489398111,1.0
OR51T1,0.0,0.9306406489398111,1.0
OR51S1,0.0,0.9076115119079285,1.0
OR51F2,0.0,0.9768542681907831,1.0
LY6H,0.0,0.9900792646321629,1.0
FIBIN,0.0,0.5843092048547895,1.0
TRIM60,0.0,0.6454714485353458,1.0
DEFB104B,0.0,0.9768542681907831,1.0
CETN1,0.0,0.9768542681907831,1.0
OR2T35,0.0,0.8846597782463905,1.0
OR14C36,0.0,0.9306406489398111,1.0
OR2M7,0.0,0.5232883447117399,1.0
OR2T12,0.0,0.8618044330490108,1.0
SPACA4,0.0,0.5045820072621465,1.0
OR2T33,0.0,0.9207627671027185,1.0
DEFB103B,0.0,0.7091309176902658,1.0
DEFB4B,0.0,0.8846597782463905,1.0
OR2AJ1,0.0,0.8552946682228153,1.0
GJD4,0.0,0.9339357280136042,1.0
FBXO39,0.0,0.5286976420682703,1.0
BEND2,0.0,0.794002680192762,1.0
C10orf71,0.0,0.7717172243455237,1.0
UMODL1,0.0,0.6424993873606966,1.0
UBE2U,0.0,0.8879331364078507,1.0
OR2T8,0.0,0.4456865210409048,1.0
OLIG3,0.0,0.9306406489398111,1.0
OR2G3,0.0,1.0,1.0
OR2G2,0.0,1.0,1.0
VCX2,0.0,0.8261286199203182,1.0
ST8SIA3,0.0,0.5423442984904308,1.0
OR2B11,0.0,0.6454714485353458,1.0
FAM187B,0.0,0.4810591760941474,1.0
C12orf54,0.0,0.7780661870680045,1.0
TEX44,0.0,0.6907099557705141,1.0
DEFB114,0.0,1.0,1.0
MAGEB10,0.0,0.5814651118050964,1.0
OR4F4,0.0,0.6634215158168552,1.0
CAPZA3,0.0,0.4682535513976369,1.0
LCN15,0.0,0.9702439279042832,1.0
SPATA31E1,0.0,0.7812462624304687,1.0
TSPYL6,0.0,0.8912084070019073,1.0
AMER3,0.0,0.5045820072621465,1.0
SPINK6,0.0,0.5286976420682703,1.0
SLITRK1,0.0,0.6336176395507085,1.0
PRM3,0.0,0.9768542681907831,1.0
TNP2,0.0,0.7717172243455237,1.0
OR2D3,0.0,0.45563896523052283,1.0
HTR1A,0.0,0.6846094685667796,1.0
NEUROG2,0.0,0.7277235466695502,1.0
OR6B3,0.0,0.8164575944411389,1.0
DEFB125,0.0,0.8455485934494391,1.0
C10orf53,0.0,0.9636356313037896,1.0
DYNAP,0.0,0.7060485703056018,1.0
CPN2,0.0,0.9801600629440878,1.0
CD300LB,0.0,0.39551150205256314,1.0
H1-8,0.0,0.8164575944411389,1.0
RNF186,0.0,0.7184063919514614,1.0
FOXE1,0.0,0.7622224999271966,1.0
TPRX1,0.0,0.9537280097577494,1.0
OR13D1,0.0,0.6846094685667796,1.0
IGSF22,0.0,0.6634215158168552,1.0
ZFP42,0.0,0.9108970950967655,1.0
HTR1F,0.0,0.9076115119079285,1.0
CYP11B2,0.0,0.9768542681907831,1.0
GIMAP7,0.0,0.7685484371305833,1.0
PXT1,0.0,0.4682535513976369,1.0
SIGLECL1,0.0,0.8164575944411389,1.0
PCARE,0.0,0.6785294870658231,1.0
TMEM31,0.0,0.6101923917365532,1.0
DNAJB8,0.0,0.6072914543107184,1.0
HNRNPCL4,0.0,0.6634215158168552,1.0
OR9A2,0.0,0.49667429717814027,1.0
SLC17A8,0.0,0.4810591760941474,1.0
GPHB5,0.0,0.8618044330490108,1.0
OR2AP1,0.0,1.0,1.0
OR6C4,0.0,1.0,1.0
TPPP2,0.0,0.940529226774238,1.0
OR6C2,0.0,0.7433413319545803,1.0
NLRP8,0.0,0.8846597782463905,1.0
SYCN,0.0,0.9306406489398111,1.0
LRRC3B,0.0,0.48623432138829725,1.0
FAM216B,0.0,0.7402090762983753,1.0
MRGPRX4,0.0,0.47335302265608303,1.0
MRGPRX3,0.0,0.41896527683459084,1.0
OR10A7,0.0,0.9768542681907831,1.0
OR1E1,0.0,0.7717172243455237,1.0
FAM71E2,0.0,0.47848289419213597,1.0
WFDC11,0.0,0.7060485703056018,1.0
OR3A1,0.0,0.940529226774238,1.0
C12orf40,0.0,0.384088249473852,1.0
CSNK1A1L,0.0,0.4383041828410795,1.0
WFDC9,0.0,0.9768542681907831,1.0
FAM71C,0.0,0.9603323910593005,1.0
ADGRD2,0.0,0.636572443127301,1.0
GPR139,0.0,0.749618556161363,1.0
WFDC10A,0.0,0.8781190194469978,1.0
KCTD4,0.0,0.9043275087039068,1.0
ITPRID1,0.0,0.8813883875991326,1.0
KRTAP9-7,0.0,1.0,1.0
DEFB123,0.0,0.9537280097577494,1.0
OR6K6,0.0,0.9537280097577494,1.0
SERTM1,0.0,0.9933860817420452,1.0
OR10Q1,0.0,0.8650628677291835,1.0
DEFB119,0.0,0.9537280097577494,1.0
TSPYL5,0.0,0.8325907534174406,1.0
FUT7,0.0,0.4432179029796727,1.0
GSX2,0.0,0.842305069932857,1.0
OR2A4,0.0,0.6846094685667796,1.0
C3orf22,0.0,0.9339357280136042,1.0
OR10K2,0.0,0.9768542681907831,1.0
AGTR2,0.0,0.384088249473852,1.0
BHLHE22,0.0,0.8977644646746489,1.0
DEFB112,0.0,0.9306406489398111,1.0
OR56B4,0.0,0.7590654489309898,1.0
GPR62,0.0,0.648449182304075,1.0
OR56A1,0.0,0.8164575944411389,1.0
OR52E4,0.0,0.6846094685667796,1.0
C1orf105,0.0,0.7748898243174053,1.0
OR52N1,0.0,0.6015081344405899,1.0
OR52N5,0.0,0.6846094685667796,1.0
OR56B1,0.0,0.5232883447117399,1.0
CHRM2,0.0,0.9768542681907831,1.0
ADIPOQ,0.0,0.7277235466695502,1.0
C4orf50,0.0,0.48623432138829725,1.0
TMEM132C,0.0,0.9735488709352259,1.0
OR5AK2,0.0,0.6424993873606966,1.0
SPEM1,0.0,0.940529226774238,1.0
OR5M8,0.0,0.9768542681907831,1.0
CCL13,0.0,0.8164575944411389,1.0
SAGE1,0.0,0.8552946682228153,1.0
OR6T1,0.0,0.9537280097577494,1.0
OR8D4,0.0,0.9768542681907831,1.0
EDDM3B,0.0,0.9306406489398111,1.0
EDDM3A,0.0,0.8618044330490108,1.0
OR52D1,0.0,0.4456865210409048,1.0
OR52H1,0.0,0.4334219309560736,1.0
P2RY13,0.0,0.8618044330490108,1.0
GPR88,0.0,0.6998983649396864,1.0
OR8H1,0.0,1.0,1.0
OR5T1,0.0,0.9768542681907831,1.0
OR5T2,0.0,0.8618044330490108,1.0
OR2Z1,0.0,0.9768542681907831,1.0
OR8K5,0.0,0.9768542681907831,1.0
OR8H3,0.0,0.9768542681907831,1.0
OR8H2,0.0,0.9306406489398111,1.0
TMEM252,0.0,0.9900792646321629,1.0
OR5AS1,0.0,1.0,1.0
ACTL9,0.0,0.8846597782463905,1.0
OR6S1,0.0,0.9306406489398111,1.0
FTMT,0.0,0.8618044330490108,1.0
OR4C6,0.0,0.7246132746430569,1.0
OR4P4,0.0,1.0,1.0
OR4C15,0.0,0.9768542681907831,1.0
OR4A15,0.0,1.0,1.0
OR4A16,0.0,0.9306406489398111,1.0
OR52K2,0.0,0.9306406489398111,1.0
NEUROG1,0.0,0.8164575944411389,1.0
ADIG,0.0,0.858548348480541,1.0
TRIM49B,0.0,0.829358243536714,1.0
OR52A1,0.0,1.0,1.0
OR6B2,0.0,0.9570298316837188,1.0
ZNF716,0.0,0.7029710376341284,1.0
ENPP7,0.0,0.45064718510155777,1.0
MRGPRG,0.0,0.749618556161363,1.0
CRYGB,0.0,0.5843092048547895,1.0
ZAR1,0.0,0.7685484371305833,1.0
GABRG3,0.0,0.9834661984477937,1.0
TMIGD1,0.0,0.6336176395507085,1.0
MBD3L3,0.0,0.7060485703056018,1.0
KIAA2012,0.0,0.7215075408530456,1.0
PRAMEF8,0.0,0.48623432138829725,1.0
LIPF,0.0,0.8650628677291835,1.0
OR5P3,0.0,0.5232883447117399,1.0
DAOA,0.0,0.8846597782463905,1.0
ZNF804B,0.0,0.5232883447117399,1.0
CDY2A,0.0,1.0,1.0
OTOL1,0.0,0.7844300000516808,1.0
LHFPL1,0.0,0.46571526862558976,1.0
CAV3,0.0,0.9801600629440878,1.0
CLEC4G,0.0,0.8618044330490108,1.0
KRTAP11-1,0.0,0.8846597782463905,1.0
HS3ST4,0.0,0.5179075922305545,1.0
OR2V2,0.0,0.8164575944411389,1.0
RXFP3,0.0,0.5589488326624473,1.0
OR10G7,0.0,0.9768542681907831,1.0
CCDC172,0.0,0.7780661870680045,1.0
RESP18,0.0,0.7091309176902658,1.0
OR2T29,0.0,0.9537280097577494,1.0
GSTA5,0.0,0.8846597782463905,1.0
KRTAP13-2,0.0,0.5045820072621465,1.0
OR4F15,0.0,0.657416013591166,1.0
TMEM95,0.0,0.6604160308082985,1.0
TCEAL7,0.0,0.6694487219140669,1.0
WFDC10B,0.0,0.9900792646321629,1.0
OTOP3,0.0,0.9174727785181955,1.0
ZNF662,0.0,0.5450945558532493,1.0
MCEMP1,0.0,0.9471268043847221,1.0
OR1G1,0.0,0.9076115119079285,1.0
FREM3,0.0,0.8683235982021273,1.0
CSMD1,0.0,0.9306406489398111,1.0
CALN1,0.0,0.4407571178182137,1.0
GABRR3,0.0,0.749618556161363,1.0
POTEC,0.0,0.8261286199203182,1.0
RIMBP3C,0.0,0.5645380297349106,1.0
OR52E8,0.0,0.8618044330490108,1.0
CCDC60,0.0,0.8813883875991326,1.0
OR5P2,0.0,0.7060485703056018,1.0
FAM9A,0.0,0.9900792646321629,1.0
OR2T34,0.0,1.0,1.0
OR52L1,0.0,0.7060485703056018,1.0
SPDYE4,0.0,0.7122180342879179,1.0
REC114,0.0,0.7339575177052757,1.0
SYNDIG1L,0.0,0.6160126376872717,1.0
OR56A4,0.0,0.7060485703056018,1.0
TFDP3,0.0,0.6336176395507085,1.0
URAD,0.0,0.8552946682228153,1.0
TENT5C,0.0,0.6998983649396864,1.0
KLRC4,0.0,0.4407571178182137,1.0
C10orf120,0.0,1.0,1.0
GKN2,0.0,0.534135262077375,1.0
PRR32,0.0,0.9570298316837188,1.0
RP1L1,0.0,0.7685484371305833,1.0
KRTAP8-1,0.0,0.9768542681907831,1.0
MARCHF11,0.0,0.47591416910232376,1.0
TAFA1,0.0,0.5019387498867459,1.0
MRGPRX2,0.0,0.621857129896537,1.0
OR4N4,0.0,0.6634215158168552,1.0
OPCML,0.0,0.49667429717814027,1.0
FIGLA,0.0,0.842305069932857,1.0
ACSM2A,0.0,0.6336176395507085,1.0
BPY2,0.0,0.8618044330490108,1.0
KCTD16,0.0,0.7029710376341284,1.0
BPY2B,0.0,0.8618044330490108,1.0
FAM162B,0.0,0.7622224999271966,1.0
CNGA2,0.0,0.6846094685667796,1.0
LRRC55,0.0,0.6130994652172653,1.0
SH2D1A,0.0,0.7339575177052757,1.0
OR2T10,0.0,0.7717172243455237,1.0
KRTAP20-2,0.0,0.7060485703056018,1.0
CTAG1B,0.0,0.940529226774238,1.0
TRIML1,0.0,0.5843092048547895,1.0
OR4F6,0.0,0.9076115119079285,1.0
SPRR4,0.0,0.794002680192762,1.0
OR10J5,0.0,0.8390642198295792,1.0
OR1D2,0.0,0.9537280097577494,1.0
DGAT2L6,0.0,0.7153098743639731,1.0
DEFB108B,0.0,0.7717172243455237,1.0
CLECL1,0.0,0.6754972946848711,1.0
S100A7A,0.0,0.7060485703056018,1.0
GDF3,0.0,0.749618556161363,1.0
IQCF2,0.0,0.9537280097577494,1.0
MRGPRE,0.0,0.4118446292938597,1.0
PABPC1L2B,0.0,0.7060485703056018,1.0
OR4N5,0.0,1.0,1.0
KCND2,0.0,0.6130994652172653,1.0
LRRC19,0.0,0.7091309176902658,1.0
BPIFC,0.0,0.9933860817420452,1.0
OR56A3,0.0,0.5314129258282958,1.0
GAST,0.0,0.8358260965628809,1.0
DHRS7C,0.0,0.7717172243455237,1.0
PIWIL3,0.0,0.5617400706970093,1.0
LPAR5,0.0,0.9471268043847221,1.0
C14orf180,0.0,0.4682535513976369,1.0
PRSS55,0.0,0.45064718510155777,1.0
ODF4,0.0,0.7464778413011777,1.0
RALYL,0.0,0.45064718510155777,1.0
OR51M1,0.0,0.6694487219140669,1.0
SERINC4,0.0,0.7246132746430569,1.0
KRTAP6-1,0.0,0.9076115119079285,1.0
PRR23B,0.0,0.9306406489398111,1.0
DRD1,0.0,0.45313919490861054,1.0
SRY,0.0,0.8846597782463905,1.0
TCEAL2,0.0,0.8977644646746489,1.0
DMRTC1B,0.0,0.6189318717934644,1.0
OR6A2,0.0,0.5645380297349106,1.0
AQP12A,0.0,0.6937677793437123,1.0
OR6C70,0.0,0.7717172243455237,1.0
SLC22A10,0.0,0.9702439279042832,1.0
RFX6,0.0,0.5871597544033558,1.0
SGCZ,0.0,0.5843092048547895,1.0
KRT76,0.0,0.4383041828410795,1.0
MFSD6L,0.0,0.7622224999271966,1.0
AQP12B,0.0,0.6937677793437123,1.0
ZNF479,0.0,0.5814651118050964,1.0
MC2R,0.0,0.8846597782463905,1.0
TEX33,0.0,0.8846597782463905,1.0
GALNT17,0.0,0.8846597782463905,1.0
NUPR2,0.0,0.5045820072621465,1.0
SPPL2C,0.0,0.8390642198295792,1.0
SCN10A,0.0,0.749618556161363,1.0
HS6ST3,0.0,0.657416013591166,1.0
OR2V1,0.0,0.7876173493946396,1.0
OR7A17,0.0,0.9076115119079285,1.0
FAM47A,0.0,0.5814651118050964,1.0
SMIM23,0.0,0.8846597782463905,1.0
MORN5,0.0,0.6160126376872717,1.0
C11orf87,0.0,0.37957605749041823,1.0
CLDN24,0.0,0.8261286199203182,1.0
SPATA31A6,0.0,0.4334219309560736,1.0
IKZF1,0.0,0.384088249473852,1.0
OR6C76,0.0,1.0,1.0
NPAP1,0.0,0.749618556161363,1.0
TMEM210,0.0,0.6664324268587869,1.0
TMPRSS11B,0.0,0.4334219309560736,1.0
PRSS38,0.0,0.8977644646746489,1.0
BPY2C,0.0,0.8618044330490108,1.0
TAS2R60,0.0,0.7972005596761405,1.0
OR4C46,0.0,0.9537280097577494,1.0
KRTAP5-5,0.0,0.6634215158168552,1.0
NKAIN3,0.0,0.8520434463522804,1.0
FAM186A,0.0,0.9043275087039068,1.0
SHOX,0.0,0.5045820072621465,1.0
LCE3A,0.0,0.9537280097577494,1.0
LCE3E,0.0,0.6634215158168552,1.0
GRK1,0.0,0.9570298316837188,1.0
DEFB128,0.0,1.0,1.0
ATP4B,0.0,0.6043966897165155,1.0
HTR3E,0.0,0.4334219309560736,1.0
KRT73,0.0,0.5617400706970093,1.0
CD300LF,0.0,0.5205943866712266,1.0
ZPBP2,0.0,0.7277235466695502,1.0
NBPF6,0.0,0.9933860817420452,1.0
HTR3D,0.0,0.9933860817420452,1.0
OR4F5,0.0,0.9702439279042832,1.0
ARGFX,0.0,0.8846597782463905,1.0
OR5D14,0.0,1.0,1.0
TEX38,0.0,0.6514325482434398,1.0
OR5D18,0.0,0.9306406489398111,1.0
TAS2R42,0.0,0.5957497963320737,1.0
PRR30,0.0,0.7685484371305833,1.0
DEFB131A,0.0,1.0,1.0
CYP4Z1,0.0,0.9339357280136042,1.0
BPIFB3,0.0,0.6277255661132192,1.0
BPIFB4,0.0,0.8912084070019073,1.0
GPAT2,0.0,0.9076115119079285,1.0
PABPC1L2A,0.0,0.9735488709352259,1.0
GABRA5,0.0,0.9636356313037896,1.0
OR10T2,0.0,0.9768542681907831,1.0
TMEM212,0.0,0.5506157599288712,1.0
SLC36A3,0.0,0.8100256403943001,1.0
SLC36A2,0.0,0.8390642198295792,1.0
MINAR2,0.0,0.6015081344405899,1.0
KRT26,0.0,0.8846597782463905,1.0
CD300E,0.0,0.44816295439279763,1.0
FCAR,0.0,0.8358260965628809,1.0
TRDN,0.0,0.4810591760941474,1.0
OR6P1,0.0,1.0,1.0
TMPRSS12,0.0,0.9537280097577494,1.0
DEFB132,0.0,0.6424993873606966,1.0
KLK12,0.0,0.6907099557705141,1.0
OR9Q1,0.0,0.9306406489398111,1.0
CLCNKA,0.0,0.9636356313037896,1.0
OR9Q2,0.0,0.9768542681907831,1.0
CYP4F8,0.0,0.813240042910631,1.0
DEFB105A,0.0,0.9537280097577494,1.0
DEFB107A,0.0,1.0,1.0
DEFB105B,0.0,1.0,1.0
FSD2,0.0,0.5396009774503636,1.0
MAGEE2,0.0,0.6907099557705141,1.0
MPPED1,0.0,0.5843092048547895,1.0
FOXI2,0.0,0.8390642198295792,1.0
ZNF732,0.0,0.7972005596761405,1.0
SPATA31D3,0.0,0.8846597782463905,1.0
KCNK18,0.0,0.7717172243455237,1.0
IFNA10,0.0,0.6306686675294741,1.0
LILRB4,0.0,0.8846597782463905,1.0
SELENOV,0.0,0.6015081344405899,1.0
LCE1A,0.0,0.9076115119079285,1.0
KRTAP17-1,0.0,0.7184063919514614,1.0
OR13F1,0.0,0.8846597782463905,1.0
FGF3,0.0,0.5814651118050964,1.0
SERPINA11,0.0,0.6015081344405899,1.0
KRTAP22-1,0.0,1.0,1.0
KRTAP19-6,0.0,0.9768542681907831,1.0
KRTAP6-2,0.0,0.9306406489398111,1.0
OR13C8,0.0,0.9768542681907831,1.0
KRTAP19-2,0.0,0.9537280097577494,1.0
KRTAP19-4,0.0,0.8164575944411389,1.0
KRTAP15-1,0.0,1.0,1.0
KRTAP13-4,0.0,0.9537280097577494,1.0
KRTAP19-5,0.0,0.8715865700317355,1.0
ACTL7A,0.0,0.5045820072621465,1.0
KRTAP21-1,0.0,0.8846597782463905,1.0
PNLIPRP1,0.0,0.794002680192762,1.0
KRTAP21-2,0.0,0.9834661984477937,1.0
SAMD7,0.0,0.7277235466695502,1.0
GPR141,0.0,0.7622224999271966,1.0
CYP4A11,0.0,0.8036064905718427,1.0
TMPRSS11A,0.0,0.534135262077375,1.0
OR2AK2,0.0,0.9339357280136042,1.0
DEFB106B,0.0,1.0,1.0
LILRA5,0.0,0.7339575177052757,1.0
VSTM2B,0.0,0.5701539825270272,1.0
H1-7,0.0,0.5286976420682703,1.0
LCE4A,0.0,0.9768542681907831,1.0
LCE2A,0.0,0.9636356313037896,1.0
KRTAP12-1,0.0,0.636572443127301,1.0
LCE2C,0.0,0.9537280097577494,1.0
DAZ3,0.0,0.7060485703056018,1.0
LCE2D,0.0,0.9768542681907831,1.0
LCE3B,0.0,1.0,1.0
NPSR1,0.0,0.43585911500840513,1.0
KRTAP9-8,0.0,0.9537280097577494,1.0
CIDEC,0.0,0.636572443127301,1.0
LUZP2,0.0,0.5396009774503636,1.0
LHFPL3,0.0,0.7091309176902658,1.0
FPR3,0.0,0.5368646222462607,1.0
H1-6,0.0,0.7029710376341284,1.0
PLEKHG7,0.0,0.4606617114605923,1.0
ATP13A5,0.0,0.5986258246782183,1.0
PRR27,0.0,0.8552946682228153,1.0
POTEG,0.0,0.41658371785687753,1.0
PRAMEF10,0.0,0.9076115119079285,1.0
FOXD4L3,0.0,0.4810591760941474,1.0
DPPA3,0.0,0.7717172243455237,1.0
OR5W2,0.0,0.9537280097577494,1.0
MYMK,0.0,0.8390642198295792,1.0
C5orf52,0.0,0.8390642198295792,1.0
AMTN,0.0,0.7748898243174053,1.0
EZHIP,0.0,0.6815668927944767,1.0
OR2T27,0.0,1.0,1.0
AMY1C,0.0,0.5786275093766506,1.0
OR52B6,0.0,0.4118446292938597,1.0
SSX7,0.0,0.7060485703056018,1.0
ADH1A,0.0,0.4940531510041464,1.0
KRTAP10-8,0.0,0.636572443127301,1.0
DIPK1C,0.0,0.9834661984477937,1.0
TMEM72,0.0,0.6907099557705141,1.0
FAM205C,0.0,0.6306686675294741,1.0
TMEM202,0.0,0.8846597782463905,1.0
HELT,0.0,0.5423442984904308,1.0
RTL4,0.0,0.7844300000516808,1.0
ASCL4,0.0,0.7215075408530456,1.0
OR6C75,0.0,0.9768542681907831,1.0
DMBT1,0.0,0.672470358702386,1.0
CLEC17A,0.0,0.45064718510155777,1.0
OR51I2,0.0,0.6072914543107184,1.0
OVCH1,0.0,0.5098904587440031,1.0
ZCCHC13,0.0,0.5450945558532493,1.0
OR7D2,0.0,0.5450945558532493,1.0
RTP5,0.0,0.8748517286674501,1.0
CLCN1,0.0,0.9801600629440878,1.0
NWD1,0.0,0.9801600629440878,1.0
TREML4,0.0,0.696830597247795,1.0
SCGB1C1,0.0,0.8164575944411389,1.0
FAM25A,0.0,0.4682535513976369,1.0
DAZ1,0.0,0.8325907534174406,1.0
KRTAP10-6,0.0,0.7060485703056018,1.0
OTOG,0.0,0.5286976420682703,1.0
HEPACAM2,0.0,0.7527634281491498,1.0
SMTNL2,0.0,0.6664324268587869,1.0
OR7A5,0.0,0.9933860817420452,1.0
PEAK3,0.0,0.6514325482434398,1.0
LRRIQ4,0.0,0.749618556161363,1.0
OR6C6,0.0,0.9768542681907831,1.0
BSPH1,0.0,1.0,1.0
OR6N2,0.0,0.9537280097577494,1.0
C10orf99,0.0,0.4914394238527241,1.0
IFNA2,0.0,0.8618044330490108,1.0
PPP3R2,0.0,0.8715865700317355,1.0
PDCD1,0.0,0.7653835124598296,1.0
CLEC2A,0.0,0.7060485703056018,1.0
GPR21,0.0,0.749618556161363,1.0
NANOS2,0.0,0.6604160308082985,1.0
OR2G6,0.0,0.9306406489398111,1.0
NKAIN2,0.0,0.7215075408530456,1.0
KRTAP1-1,0.0,0.8715865700317355,1.0
IGFL3,0.0,0.8552946682228153,1.0
RNASE9,0.0,0.8846597782463905,1.0
C2orf80,0.0,0.8879331364078507,1.0
OR56A5,0.0,0.8164575944411389,1.0
KRTAP24-1,0.0,0.9768542681907831,1.0
DUSP29,0.0,0.8164575944411389,1.0
OSTN,0.0,0.8813883875991326,1.0
VWC2,0.0,0.7433413319545803,1.0
OPTC,0.0,0.41658371785687753,1.0
ADRB3,0.0,0.8650628677291835,1.0
CATSPER4,0.0,0.7685484371305833,1.0
PLA2G2E,0.0,0.7685484371305833,1.0
TMCO2,0.0,0.7433413319545803,1.0
SHISA6,0.0,0.9076115119079285,1.0
SNTN,0.0,0.8036064905718427,1.0
CNR2,0.0,0.9108970950967655,1.0
TMC3,0.0,0.45563896523052283,1.0
ASTL,0.0,0.8068144389745125,1.0
NYX,0.0,0.4836429926527509,1.0
AADACL3,0.0,0.9702439279042832,1.0
SLC15A5,0.0,0.8358260965628809,1.0
LIPI,0.0,0.7780661870680045,1.0
KIR2DL4,0.0,0.8944855348490495,1.0
MAGEB16,0.0,0.7844300000516808,1.0
DUSP21,0.0,0.8618044330490108,1.0
RNF222,0.0,0.8325907534174406,1.0
GAGE2A,0.0,0.5871597544033558,1.0
FAM25G,0.0,0.749618556161363,1.0
PRSS48,0.0,0.5450945558532493,1.0
IL1RAPL2,0.0,0.6306686675294741,1.0
FAM47B,0.0,0.749618556161363,1.0
NKAPL,0.0,0.42615784298026116,1.0
FSCB,0.0,0.9603323910593005,1.0
ZAR1L,0.0,0.7876173493946396,1.0
KRTAP10-12,0.0,0.8164575944411389,1.0
OR14I1,0.0,0.813240042910631,1.0
KRT77,0.0,0.9240541123816033,1.0
DCAF8L2,0.0,0.40246294289693907,1.0
SPANXN3,0.0,0.41421016410043454,1.0
TRIM64B,0.0,0.5232883447117399,1.0
SPANXN4,0.0,0.7653835124598296,1.0
TBC1D28,0.0,0.7464778413011777,1.0
OTUD6A,0.0,0.6634215158168552,1.0
OR2L13,0.0,0.8650628677291835,1.0
PAX5,0.0,0.5617400706970093,1.0
OR5K4,0.0,1.0,1.0
OR8A1,0.0,0.9339357280136042,1.0
VN1R2,0.0,0.8390642198295792,1.0
KRTAP4-3,0.0,0.9537280097577494,1.0
KIF19,0.0,0.8944855348490495,1.0
OR6K2,0.0,1.0,1.0
OR10J1,0.0,0.8846597782463905,1.0
KRTAP5-3,0.0,0.8390642198295792,1.0
SULT1C3,0.0,1.0,1.0
OR2T2,0.0,0.8390642198295792,1.0
OR2C3,0.0,0.5617400706970093,1.0
OR10S1,0.0,0.8618044330490108,1.0
BECN2,0.0,0.621857129896537,1.0
OR8D1,0.0,0.737081122297987,1.0
ADH7,0.0,0.9076115119079285,1.0
ZNF729,0.0,0.45064718510155777,1.0
SPANXD,0.0,0.7277235466695502,1.0
NBPF4,0.0,0.8683235982021273,1.0
FGF16,0.0,0.8715865700317355,1.0
GK2,0.0,0.7717172243455237,1.0
OR2T3,0.0,0.9768542681907831,1.0
CCDC196,0.0,0.5986258246782183,1.0
PFN3,0.0,0.9076115119079285,1.0
OR5AC2,0.0,0.9768542681907831,1.0
MBD3L2B,0.0,0.6189318717934644,1.0
SLC22A25,0.0,0.41658371785687753,1.0
ADH1B,0.0,0.5617400706970093,1.0
UGT2B15,0.0,0.8455485934494391,1.0
SLC30A10,0.0,0.737081122297987,1.0
HSH2D,0.0,0.7091309176902658,1.0
ALKAL1,0.0,0.7653835124598296,1.0
CLPSL2,0.0,0.5072325853424271,1.0
POU3F4,0.0,0.5098904587440031,1.0
OR14A16,0.0,0.9306406489398111,1.0
OR52K1,0.0,0.794002680192762,1.0
SPINK14,0.0,0.9306406489398111,1.0
SPRR2B,0.0,0.9076115119079285,1.0
OR11G2,0.0,0.5814651118050964,1.0
POTEI,0.0,0.6876571708271936,1.0
KRT39,0.0,0.9438275338976189,1.0
TOMM20L,0.0,0.5957497963320737,1.0
TEX43,0.0,0.749618556161363,1.0
OR2T4,0.0,0.9306406489398111,1.0
ZNF705A,0.0,0.9603323910593005,1.0
FAM163B,0.0,0.5673426777793709,1.0
KRT35,0.0,0.8004018469425622,1.0
LCE1C,0.0,0.5205943866712266,1.0
IFNL3,0.0,0.9372319393764333,1.0
ZNF679,0.0,0.4334219309560736,1.0
OR8B8,0.0,0.749618556161363,1.0
ADGRA1,0.0,0.6336176395507085,1.0
ZSCAN5B,0.0,0.8164575944411389,1.0
OR1J2,0.0,0.9141842025623018,1.0
SLC2A7,0.0,0.9900792646321629,1.0
TPSB2,0.0,0.7122180342879179,1.0
IL27,0.0,0.8196782427441914,1.0
GUCA2A,0.0,0.6101923917365532,1.0
OR10D3,0.0,0.9603323910593005,1.0
LYPD2,0.0,0.9702439279042832,1.0
OR6N1,0.0,0.9076115119079285,1.0
DIO3,0.0,0.5928800850110119,1.0
FABP12,0.0,0.794002680192762,1.0
OR51D1,0.0,0.9306406489398111,1.0
OPALIN,0.0,0.8683235982021273,1.0
OR2L5,0.0,0.8036064905718427,1.0
GYPE,0.0,0.39321057459276376,1.0
GALP,0.0,0.7060485703056018,1.0
FAM177B,0.0,0.6247883740723336,1.0
OR6Y1,0.0,1.0,1.0
OR11L1,0.0,0.8390642198295792,1.0
MYH6,0.0,0.5423442984904308,1.0
CCER1,0.0,0.794002680192762,1.0
SLC22A24,0.0,0.9076115119079285,1.0
KRTAP26-1,0.0,1.0,1.0
OR6C74,0.0,0.9306406489398111,1.0
CR1L,0.0,0.5396009774503636,1.0
SCGB1D4,0.0,1.0,1.0
CFAP43,0.0,0.7622224999271966,1.0
OR5B17,0.0,0.9537280097577494,1.0
OR52M1,0.0,0.9306406489398111,1.0
CYP2A13,0.0,0.5814651118050964,1.0
OR8G1,0.0,0.5814651118050964,1.0
PRB3,0.0,0.4631846485772054,1.0
OR1S2,0.0,0.9768542681907831,1.0
SLC22A12,0.0,0.7464778413011777,1.0
SLC22A6,0.0,0.621857129896537,1.0
IFNA1,0.0,0.940529226774238,1.0
HES5,0.0,0.5533866460521025,1.0
OR5H2,0.0,0.8846597782463905,1.0
AADACL2,0.0,0.7464778413011777,1.0
DLGAP2,0.0,0.4810591760941474,1.0
CYP2A7,0.0,0.8781190194469978,1.0
KRTAP9-9,0.0,0.5645380297349106,1.0
KRTAP4-6,0.0,0.5045820072621465,1.0
TMPRSS11F,0.0,0.7277235466695502,1.0
ADH4,0.0,0.648449182304075,1.0
OR2T6,0.0,0.8846597782463905,1.0
OR2L3,0.0,0.5232883447117399,1.0
DEFB107B,0.0,1.0,1.0
FAM47C,0.0,0.6015081344405899,1.0
CLEC4C,0.0,0.8068144389745125,1.0
BPIFA1,0.0,0.9141842025623018,1.0
CACNA1E,0.0,0.9141842025623018,1.0
KRTAP4-5,0.0,0.6907099557705141,1.0
OR5B21,0.0,0.9933860817420452,1.0
TMEM239,0.0,0.6336176395507085,1.0
KRTAP13-1,0.0,0.9537280097577494,1.0
TMEM207,0.0,0.384088249473852,1.0
CCT8L2,0.0,0.8846597782463905,1.0
RTP2,0.0,0.5232883447117399,1.0
PLN,0.0,0.829358243536714,1.0
RD3,0.0,0.6454714485353458,1.0
OR2M2,0.0,0.794002680192762,1.0
AKR1C4,0.0,0.547851719712373,1.0
FAM3D,0.0,0.5843092048547895,1.0
TAT,0.0,0.6130994652172653,1.0
LPA,0.0,0.8004018469425622,1.0
OR10G6,0.0,1.0,1.0
GPX6,0.0,0.8164575944411389,1.0
LRRTM3,0.0,0.5019387498867459,1.0
EGFL6,0.0,0.7060485703056018,1.0
SYCP1,0.0,0.7812462624304687,1.0
MUC2,0.0,0.7717172243455237,1.0
BRINP2,0.0,0.5286976420682703,1.0
MAGEB3,0.0,0.4334219309560736,1.0
LRRC10,0.0,0.9339357280136042,1.0
ARHGEF15,0.0,0.9043275087039068,1.0
C1orf68,0.0,0.829358243536714,1.0
DCAF12L1,0.0,0.7308383100563765,1.0
POU3F3,0.0,0.5314129258282958,1.0
OR10R2,0.0,0.9306406489398111,1.0
OR10Z1,0.0,0.6846094685667796,1.0
OR2T5,0.0,0.9537280097577494,1.0
CR1,0.0,0.534135262077375,1.0
GJE1,0.0,0.9537280097577494,1.0
GPR52,0.0,0.45814647715894785,1.0
METTL11B,0.0,0.7060485703056018,1.0
FCGR3A,0.0,0.5045820072621465,1.0
TMEM244,0.0,0.6395330389318583,1.0
OR6K3,0.0,0.8164575944411389,1.0
LORICRIN,0.0,0.6846094685667796,1.0
PRR9,0.0,0.47591416910232376,1.0
LELP1,0.0,0.9076115119079285,1.0
SPRR2E,0.0,0.940529226774238,1.0
KPRP,0.0,0.621857129896537,1.0
FAM24A,0.0,0.8846597782463905,1.0
HSD3B1,0.0,0.621857129896537,1.0
HSD3B2,0.0,0.5205943866712266,1.0
SMIM9,0.0,0.8618044330490108,1.0
OOEP,0.0,0.5589488326624473,1.0
KHDC3L,0.0,0.5900167260288813,1.0
DPPA5,0.0,0.6247883740723336,1.0
C1orf146,0.0,0.8390642198295792,1.0
SPANXN1,0.0,0.7339575177052757,1.0
CXorf66,0.0,1.0,1.0
C1orf141,0.0,0.7060485703056018,1.0
DEFB110,0.0,1.0,1.0
GLYATL3,0.0,0.9339357280136042,1.0
LCN8,0.0,0.7215075408530456,1.0
C1orf185,0.0,0.6846094685667796,1.0
GLT6D1,0.0,0.8846597782463905,1.0
IFIT1B,0.0,0.6846094685667796,1.0
LIPK,0.0,0.6072914543107184,1.0
LIPJ,0.0,0.6130994652172653,1.0
LRIT2,0.0,0.829358243536714,1.0
TCEAL5,0.0,0.696830597247795,1.0
TCEAL6,0.0,0.8813883875991326,1.0
CLPSL1,0.0,0.7748898243174053,1.0
CXorf65,0.0,0.39551150205256314,1.0
TXNDC8,0.0,0.7277235466695502,1.0
OR13C3,0.0,0.8164575944411389,1.0
TMEM235,0.0,0.8455485934494391,1.0
PAGE3,0.0,0.6785294870658231,1.0
BTNL2,0.0,0.9043275087039068,1.0
TSBP1,0.0,0.9273467583508952,1.0
TMEM225,0.0,0.9768542681907831,1.0
CD300LD,0.0,0.7402090762983753,1.0
BTBD17,0.0,0.6754972946848711,1.0
NXPE2,0.0,0.7590654489309898,1.0
CSHL1,0.0,0.9306406489398111,1.0
LY6G6F,0.0,0.9867726179369976,1.0
TRIM49C,0.0,0.384088249473852,1.0
TRIM64,0.0,0.794002680192762,1.0
NCR3,0.0,0.7717172243455237,1.0
PRAMEF20,0.0,0.6424993873606966,1.0
PRAMEF17,0.0,0.5814651118050964,1.0
PRAMEF19,0.0,0.9306406489398111,1.0
PRAMEF14,0.0,0.6015081344405899,1.0
PRAMEF15,0.0,0.9438275338976189,1.0
PRAMEF9,0.0,0.7277235466695502,1.0
PRAMEF7,0.0,0.5814651118050964,1.0
MCCD1,0.0,0.8261286199203182,1.0
AADACL4,0.0,0.9438275338976189,1.0
ZSCAN5C,0.0,0.7717172243455237,1.0
CDSN,0.0,0.7972005596761405,1.0
MUC21,0.0,0.6785294870658231,1.0
DEFB121,0.0,1.0,1.0
KRTAP5-11,0.0,0.4432179029796727,1.0
KRTAP5-10,0.0,0.996693012466618,1.0
DPRX,0.0,0.749618556161363,1.0
FOXB2,0.0,0.749618556161363,1.0
TRIM10,0.0,0.6937677793437123,1.0
TRIM40,0.0,0.6785294870658231,1.0
NMS,0.0,1.0,1.0
MOG,0.0,0.4071376698379916,1.0
CBY3,0.0,0.5072325853424271,1.0
C9orf57,0.0,0.813240042910631,1.0
IL31,0.0,0.749618556161363,1.0
MAS1L,0.0,0.8164575944411389,1.0
OR2H1,0.0,0.5423442984904308,1.0
OR11A1,0.0,0.794002680192762,1.0
OR14J1,0.0,0.9076115119079285,1.0
OR2J2,0.0,0.8390642198295792,1.0
OR2J1,0.0,0.9076115119079285,1.0
OR2B3,0.0,0.8846597782463905,1.0
OR2W1,0.0,0.9768542681907831,1.0
MALRD1,0.0,0.5561643473205113,1.0
SPATA31A1,0.0,0.4334219309560736,1.0
PNMA8B,0.0,0.4237523539300838,1.0
KRTAP9-3,0.0,1.0,1.0
KRTAP4-8,0.0,0.8196782427441914,1.0
GPR20,0.0,0.47848289419213597,1.0
KRTAP1-4,0.0,0.9537280097577494,1.0
KRT25,0.0,0.4334219309560736,1.0
SPINK9,0.0,0.7246132746430569,1.0
LRRC3C,0.0,0.8879331364078507,1.0
PRR20B,0.0,0.7060485703056018,1.0
PRR20A,0.0,0.7060485703056018,1.0
GRXCR2,0.0,0.41658371785687753,1.0
FBXO47,0.0,0.4836429926527509,1.0
PCDHA9,0.0,0.8846597782463905,1.0
ERICH4,0.0,0.9108970950967655,1.0
MS4A13,0.0,0.7060485703056018,1.0
PABPN1L,0.0,0.6907099557705141,1.0
OR5D16,0.0,1.0,1.0
OR5L2,0.0,0.9306406489398111,1.0
LGALS7,0.0,0.8618044330490108,1.0
FAM205A,0.0,0.6815668927944767,1.0
ACCSL,0.0,0.6072914543107184,1.0
FABP9,0.0,0.7277235466695502,1.0
VIT,0.0,0.9043275087039068,1.0
CTXN3,0.0,0.8781190194469978,1.0
MGAT4D,0.0,0.8618044330490108,1.0
OR6C68,0.0,0.9537280097577494,1.0
OR6C65,0.0,1.0,1.0
OR6C3,0.0,0.9306406489398111,1.0
OR6C1,0.0,0.8618044330490108,1.0
MT1H,0.0,0.7402090762983753,1.0
OR52E6,0.0,0.6846094685667796,1.0
KRTAP12-3,0.0,0.9537280097577494,1.0
IZUMO3,0.0,0.6846094685667796,1.0
KRTAP10-2,0.0,0.5617400706970093,1.0
OR52J3,0.0,0.9076115119079285,1.0
OR51A2,0.0,1.0,1.0
OR51A4,0.0,0.9306406489398111,1.0
C2CD4B,0.0,0.996693012466618,1.0
HTN3,0.0,0.9933860817420452,1.0
TECRL,0.0,0.8100256403943001,1.0
MANSC4,0.0,0.5314129258282958,1.0
MBD3L4,0.0,0.6424993873606966,1.0
ARRDC5,0.0,0.8004018469425622,1.0
C16orf96,0.0,0.5019387498867459,1.0
CLEC6A,0.0,0.6634215158168552,1.0
C22orf42,0.0,0.7685484371305833,1.0
NANOGNB,0.0,0.8618044330490108,1.0
LRRC72,0.0,0.8390642198295792,1.0
DEFB134,0.0,0.48623432138829725,1.0
DEFB135,0.0,0.9537280097577494,1.0
DEFB136,0.0,0.8846597782463905,1.0
BHLHA9,0.0,0.9834661984477937,1.0
DAZ4,0.0,0.6634215158168552,1.0
ONECUT3,0.0,0.5179075922305545,1.0
DAZ2,0.0,0.749618556161363,1.0
IFITM5,0.0,0.4606617114605923,1.0
SMIM21,0.0,0.842305069932857,1.0
C18orf63,0.0,0.45064718510155777,1.0
DEFA1,0.0,0.6015081344405899,1.0
SERPINB11,0.0,0.8552946682228153,1.0
KRTAP19-8,0.0,0.636572443127301,1.0
KRTAP20-4,0.0,0.8390642198295792,1.0
KRTAP22-2,0.0,0.8390642198295792,1.0
KRTAP27-1,0.0,1.0,1.0
RNASE13,0.0,0.6514325482434398,1.0
HBM,0.0,0.8164575944411389,1.0
ELOA2,0.0,0.4606617114605923,1.0
COL6A6,0.0,0.5396009774503636,1.0
LRRC30,0.0,1.0,1.0
TMEM200C,0.0,0.8261286199203182,1.0
OR10C1,0.0,0.9306406489398111,1.0
CD200R1L,0.0,0.7622224999271966,1.0
OR5K3,0.0,1.0,1.0
KRTAP16-1,0.0,0.6336176395507085,1.0
KRTAP29-1,0.0,0.5814651118050964,1.0
KRTAP9-6,0.0,1.0,1.0
KRTAP4-11,0.0,0.45313919490861054,1.0
KRTAP4-9,0.0,0.5072325853424271,1.0
KRTAP3-1,0.0,0.5786275093766506,1.0
KRTAP12-4,0.0,0.9537280097577494,1.0
KRTAP10-3,0.0,0.7060485703056018,1.0
KRTAP6-3,0.0,0.8164575944411389,1.0
KLK9,0.0,0.6015081344405899,1.0
ACKR1,0.0,0.3818280646769783,1.0
OR2F1,0.0,0.45064718510155777,1.0
CSH2,0.0,0.9636356313037896,1.0
TSGA13,0.0,0.47591416910232376,1.0
KRTAP4-12,0.0,0.8164575944411389,1.0
KRTAP2-4,0.0,0.5423442984904308,1.0
GBP7,0.0,0.547851719712373,1.0
UGT2B11,0.0,0.6189318717934644,1.0
CEACAM18,0.0,0.7091309176902658,1.0
CEACAM16,0.0,0.6072914543107184,1.0
LEUTX,0.0,0.749618556161363,1.0
HBG1,0.0,0.8390642198295792,1.0
ZNF99,0.0,0.5814651118050964,1.0
IFNA7,0.0,0.7717172243455237,1.0
WEE2,0.0,0.9900792646321629,1.0
MAGEB1,0.0,0.42615784298026116,1.0
IQCJ,0.0,0.636572443127301,1.0
MINDY4B,0.0,0.621857129896537,1.0
NPS,0.0,0.7277235466695502,1.0
C3orf56,0.0,0.9306406489398111,1.0
FOXI3,0.0,0.7184063919514614,1.0
EFCAB9,0.0,0.749618556161363,1.0
LCNL1,0.0,0.8520434463522804,1.0
TRIM77,0.0,0.9076115119079285,1.0
GNAT3,0.0,0.9141842025623018,1.0
HIGD1C,0.0,0.9076115119079285,1.0
KRTAP2-2,0.0,0.47848289419213597,1.0
DEFB133,0.0,0.8846597782463905,1.0
ZNF727,0.0,0.7433413319545803,1.0
IQCF5,0.0,0.5957497963320737,1.0
IQCF6,0.0,0.7029710376341284,1.0
MS4A18,0.0,0.8846597782463905,1.0
CDRT15L2,0.0,0.9076115119079285,1.0
RAD51AP2,0.0,0.6015081344405899,1.0
DCDC2C,0.0,0.4606617114605923,1.0
SMTNL1,0.0,0.8748517286674501,1.0
TRIM64C,0.0,0.9768542681907831,1.0
GPR33,0.0,0.7060485703056018,1.0
GSG1L2,0.0,0.7060485703056018,1.0
ACSM4,0.0,0.7717172243455237,1.0
TCP11X2,0.0,0.5423442984904308,1.0
CXorf49,0.0,0.8358260965628809,1.0
C16orf90,0.0,0.5396009774503636,1.0
PRSS41,0.0,0.47335302265608303,1.0
NLRP2B,0.0,0.45814647715894785,1.0
MUC5AC,0.0,0.9570298316837188,1.0
GRXCR1,0.0,0.9768542681907831,1.0
KCNU1,0.0,0.7780661870680045,1.0
GAGE12G,0.0,0.9076115119079285,1.0
RNF212B,0.0,0.9570298316837188,1.0
ZNF705B,0.0,0.9768542681907831,1.0
ZNF705G,0.0,0.749618556161363,1.0
SCRT2,0.0,0.5506157599288712,1.0
KRTAP10-4,0.0,0.7277235466695502,1.0
KRTAP10-1,0.0,0.8390642198295792,1.0
SKOR2,0.0,0.8879331364078507,1.0
DEFB116,0.0,1.0,1.0
DEFB115,0.0,0.9306406489398111,1.0
GAB4,0.0,0.48623432138829725,1.0
LACTBL1,0.0,0.6876571708271936,1.0
GAGE12E,0.0,0.8390642198295792,1.0
FAM240C,0.0,0.7433413319545803,1.0
TDRD15,0.0,0.9207627671027185,1.0
PAPOLB,0.0,0.794002680192762,1.0
CELA3B,0.0,0.6160126376872717,1.0
TAFA5,0.0,0.5701539825270272,1.0
OR6B1,0.0,0.6846094685667796,1.0
OR2A5,0.0,0.5617400706970093,1.0
KRTAP10-9,0.0,0.9076115119079285,1.0
OR4A5,0.0,1.0,1.0
TAS2R41,0.0,0.7060485703056018,1.0
KRTAP10-10,0.0,0.657416013591166,1.0
KRTAP12-2,0.0,0.8846597782463905,1.0
ZNF816-ZNF321P,0.0,0.8944855348490495,1.0
OR3A2,0.0,0.9207627671027185,1.0
OR1C1,0.0,0.5098904587440031,1.0
POM121L12,0.0,0.9537280097577494,1.0
OR2F2,0.0,0.9306406489398111,1.0
OR6X1,0.0,0.9306406489398111,1.0
HEPN1,0.0,0.6514325482434398,1.0
OR2A25,0.0,0.9900792646321629,1.0
TAS2R40,0.0,0.4456865210409048,1.0
OR4C12,0.0,0.9768542681907831,1.0
OR4E2,0.0,0.794002680192762,1.0
OR2A2,0.0,0.8715865700317355,1.0
OR52B4,0.0,0.8164575944411389,1.0
RAB6C,0.0,0.45064718510155777,1.0
PSMB11,0.0,0.4914394238527241,1.0
TRIM49D1,0.0,0.45064718510155777,1.0
USP17L15,0.0,0.9438275338976189,1.0
CENPVL1,0.0,0.7246132746430569,1.0
HBD,0.0,0.384088249473852,1.0
ZNF735,0.0,0.8846597782463905,1.0
SUPT20HL1,0.0,0.7153098743639731,1.0
ETDB,0.0,0.6160126376872717,1.0
CENPVL3,0.0,0.8325907534174406,1.0
CXorf51A,0.0,0.6846094685667796,1.0
GPX5,0.0,0.6015081344405899,1.0
GAGE12J,0.0,0.4334219309560736,1.0
GAGE12H,0.0,0.8813883875991326,1.0
PPP4R3C,0.0,0.46571526862558976,1.0
PNMA6F,0.0,0.621857129896537,1.0
USP17L3,0.0,0.7060485703056018,1.0
FAM236D,0.0,1.0,1.0
OR6V1,0.0,0.6785294870658231,1.0
DEFB131B,0.0,1.0,1.0
FRG2B,0.0,0.8261286199203182,1.0
CT47A6,0.0,0.9306406489398111,1.0
OR52I2,0.0,0.8813883875991326,1.0
CROCC2,0.0,0.5396009774503636,1.0
C13orf42,0.0,0.5450945558532493,1.0
RBMY1J,0.0,0.7717172243455237,1.0
ANHX,0.0,0.749618556161363,1.0
USP17L5,0.0,1.0,1.0
PRR20D,0.0,0.7060485703056018,1.0
USP17L12,0.0,0.9306406489398111,1.0
RD3L,0.0,0.7717172243455237,1.0
MRLN,0.0,0.547851719712373,1.0
IFNA14,0.0,0.5900167260288813,1.0
OR2M3,0.0,0.621857129896537,1.0
ORM2,0.0,0.7527634281491498,1.0
CT47A7,0.0,0.9537280097577494,1.0
VN1R4,0.0,0.9076115119079285,1.0
CLDN25,0.0,0.8846597782463905,1.0
TSPY3,0.0,0.5232883447117399,1.0
PGA4,0.0,0.8036064905718427,1.0
SPINK8,0.0,0.6604160308082985,1.0
TSPY8,0.0,0.48623432138829725,1.0
PRAMEF25,0.0,0.48623432138829725,1.0
PRAC2,0.0,0.5098904587440031,1.0
PRR20C,0.0,0.4682535513976369,1.0
ZNF492,0.0,0.5843092048547895,1.0
PGA3,0.0,0.547851719712373,1.0
FAM90A26,0.0,0.8748517286674501,1.0
IQCF3,0.0,0.794002680192762,1.0
POTEB2,0.0,0.8390642198295792,1.0
TEX53,0.0,0.39091777522840465,1.0
ANKRD66,0.0,0.8390642198295792,1.0
OR4F3,0.0,0.9273467583508952,1.0
OR5H6,0.0,0.5729719113688719,1.0
MBD3L2,0.0,0.48623432138829725,1.0
USP17L1,0.0,0.6454714485353458,1.0
PRB4,0.0,0.5314129258282958,1.0
KRTAP21-3,0.0,0.9537280097577494,1.0
OR5H1,0.0,0.9768542681907831,1.0
PLSCR5,0.0,0.9471268043847221,1.0
SBK3,0.0,0.5928800850110119,1.0
USP17L10,0.0,1.0,1.0
AKAIN1,0.0,0.9108970950967655,1.0
OR5K2,0.0,0.9339357280136042,1.0
TEX50,0.0,0.6846094685667796,1.0
DYTN,0.0,0.8390642198295792,1.0
TMEM114,0.0,0.7060485703056018,1.0
KRTAP25-1,0.0,1.0,1.0
OR52I1,0.0,0.4940531510041464,1.0
OR5K1,0.0,0.5232883447117399,1.0
USP17L13,0.0,0.9537280097577494,1.0
PRAMEF6,0.0,0.4682535513976369,1.0
HLA-DQB2,0.0,0.9471268043847221,1.0
DEFB130A,0.0,1.0,1.0
DEFB130B,0.0,1.0,1.0
ERVH48-1,0.0,0.384088249473852,1.0
USP17L11,0.0,0.8390642198295792,1.0
OR5H15,0.0,1.0,1.0
PIRT,0.0,0.5045820072621465,1.0
PRR23C,0.0,0.9306406489398111,1.0
TRIM49D2,0.0,0.6101923917365532,1.0
TSPY4,0.0,0.5232883447117399,1.0
IFNA13,0.0,0.9735488709352259,1.0
POTEB,0.0,0.7277235466695502,1.0
C16orf82,0.0,0.8618044330490108,1.0
TMEM229A,0.0,0.6247883740723336,1.0
PRR20E,0.0,0.7060485703056018,1.0
RBMY1A1,0.0,0.5423442984904308,1.0
KBTBD13,0.0,0.49667429717814027,1.0
C5orf58,0.0,0.9735488709352259,1.0
OR10G8,0.0,1.0,1.0
FAM237A,0.0,0.5617400706970093,1.0
KDM4E,0.0,0.6544215056598512,1.0
NKX1-1,0.0,0.9768542681907831,1.0
CXorf51B,0.0,0.8390642198295792,1.0
MFRP,0.0,0.8325907534174406,1.0
LCE6A,0.0,0.5814651118050964,1.0
PATE3,0.0,0.8977644646746489,1.0
OR5H14,0.0,0.9306406489398111,1.0
USP17L4,0.0,0.9669394958014216,1.0
SLFN14,0.0,0.45313919490861054,1.0
PPIAL4G,0.0,0.8229019354214293,1.0
CT47A1,0.0,0.9537280097577494,1.0
SLC35G4,0.0,1.0,1.0
TAS2R39,0.0,0.6846094685667796,1.0
TSPY10,0.0,0.8683235982021273,1.0
CT47B1,0.0,0.621857129896537,1.0
AL354761.1,0.0,0.8618044330490108,1.0
IFNA4,0.0,0.5729719113688719,1.0
C3orf84,0.0,0.8618044330490108,1.0
OR10G9,0.0,1.0,1.0
USP17L8,0.0,0.8618044330490108,1.0
TAAR9,0.0,0.621857129896537,1.0
C4orf51,0.0,0.7653835124598296,1.0
MBD3L5,0.0,0.9306406489398111,1.0
AL445989.1,0.0,0.40013769753329187,1.0
OR4A47,0.0,0.9076115119079285,1.0
OR7E24,0.0,0.5450945558532493,1.0
TEX51,0.0,0.9768542681907831,1.0
HLA-DQA2,0.0,0.7653835124598296,1.0
PRAMEF33,0.0,0.8846597782463905,1.0
AMY1A,0.0,0.5814651118050964,1.0
ETDA,0.0,0.4940531510041464,1.0
OR2W3,0.0,0.6189318717934644,1.0
OR1J4,0.0,0.7464778413011777,1.0
MEIKIN,0.0,0.794002680192762,1.0
PRAMEF11,0.0,0.6846094685667796,1.0
DEFA3,0.0,0.8846597782463905,1.0
KRTAP9-2,0.0,0.7717172243455237,1.0
LILRA4,0.0,0.9900792646321629,1.0
STRIT1,0.0,0.9174727785181955,1.0
DEFA1B,0.0,0.9537280097577494,1.0
LCE1F,0.0,0.4237523539300838,1.0
KIR3DL2,0.0,0.813240042910631,1.0
KRTAP13-3,0.0,1.0,1.0
KRTAP9-1,0.0,0.6634215158168552,1.0
L1TD1,0.0,0.6015081344405899,1.0
C1QTNF9,0.0,0.6130994652172653,1.0
KRTAP4-7,0.0,0.7812462624304687,1.0
KRTAP10-5,0.0,0.8846597782463905,1.0
OR14A2,0.0,0.7433413319545803,1.0
TDGF1,0.0,0.657416013591166,1.0
C3orf85,0.0,0.8944855348490495,1.0
KRTAP9-4,0.0,0.5673426777793709,1.0
KRTAP5-4,0.0,0.9372319393764333,1.0
KIR3DL3,0.0,0.8846597782463905,1.0
MDFIC2,0.0,0.7876173493946396,1.0
PSG2,0.0,0.940529226774238,1.0
UGT1A8,0.0,0.6785294870658231,1.0
RBMY1E,0.0,0.749618556161363,1.0
RBMY1B,0.0,0.749618556161363,1.0
PRAMEF4,0.0,0.6015081344405899,1.0
AMY2A,0.0,0.5814651118050964,1.0
KRTAP10-11,0.0,0.8390642198295792,1.0
WFDC6,0.0,0.7464778413011777,1.0
SMIM34A,0.0,0.4836429926527509,1.0
OR5V1,0.0,0.7433413319545803,1.0
KIR2DL3,0.0,0.39321057459276376,1.0
MT1HL1,0.0,0.9306406489398111,1.0
KRTAP19-3,0.0,0.794002680192762,1.0
LCE3C,0.0,1.0,1.0
GSTA2,0.0,0.9372319393764333,1.0
SPRR2F,0.0,0.5232883447117399,1.0
GMCL2,0.0,0.5423442984904308,1.0
LY6G6D,0.0,0.8552946682228153,1.0
KRTAP19-7,0.0,0.9537280097577494,1.0
RBMY1D,0.0,0.7717172243455237,1.0
KRTAP5-7,0.0,0.8650628677291835,1.0
UGT1A4,0.0,0.636572443127301,1.0
KRTAP4-2,0.0,0.6846094685667796,1.0
KRTAP20-1,0.0,0.9768542681907831,1.0
HBB,0.0,0.8715865700317355,1.0
MARCOL,0.0,0.6815668927944767,1.0
APELA,0.0,0.7685484371305833,1.0
POU5F2,0.0,0.6277255661132192,1.0
LY75-CD302,0.0,0.8715865700317355,1.0
ACTN3,0.0,0.6937677793437123,1.0
FOXL3,0.0,0.7277235466695502,1.0
TNFSF12-TNFSF13,0.0,0.7029710376341284,1.0
USP17L19,0.0,1.0,1.0
USP17L22,0.0,0.9306406489398111,1.0
USP17L17,0.0,0.8618044330490108,1.0
EPPIN-WFDC6,0.0,0.7972005596761405,1.0
ATP5MGL,0.0,0.996693012466618,1.0
SPATS1,0.0,0.7246132746430569,1.0
CLRN2,0.0,0.8390642198295792,1.0
LINC02218,0.0,0.8618044330490108,1.0
USP17L21,0.0,0.9306406489398111,1.0
MTRNR2L5,0.0,0.794002680192762,1.0
LGALS16,0.0,1.0,1.0
GYPB,0.0,0.9010451411117566,1.0
P3R3URF,0.0,0.5232883447117399,1.0
NT5C1B-RDH14,0.0,0.9537280097577494,1.0
USP17L20,0.0,0.9768542681907831,1.0
EXOC1L,0.0,0.9207627671027185,1.0
USP17L18,0.0,0.9768542681907831,1.0
AC002456.2,0.0,0.9306406489398111,1.0
DCANP1,0.0,0.5423442984904308,1.0
PRB1,0.0,0.9636356313037896,1.0
RGS21,0.0,0.6846094685667796,1.0
SERPINE3,0.0,0.8229019354214293,1.0
SMIM18,0.0,0.7622224999271966,1.0
PYDC2,0.0,0.5396009774503636,1.0
ETV3L,0.0,0.9240541123816033,1.0
PBOV1,0.0,0.40013769753329187,1.0
OR4D10,0.0,0.9306406489398111,1.0
SIGLEC12,0.0,0.6424993873606966,1.0
ARMS2,0.0,0.547851719712373,1.0
INS,0.0,0.7527634281491498,1.0
RTL1,0.0,0.9240541123816033,1.0
OR10G4,0.0,0.9306406489398111,1.0
OR5M10,0.0,0.5232883447117399,1.0
UBTFL1,0.0,0.9306406489398111,1.0
OR5M1,0.0,0.9768542681907831,1.0
SAA2-SAA4,0.0,0.5533866460521025,1.0
CCDC166,0.0,0.7780661870680045,1.0
CARD17,0.0,0.5232883447117399,1.0
OR5M11,0.0,0.7717172243455237,1.0
FXYD6-FXYD2,0.0,0.6544215056598512,1.0
PRR23D1,0.0,0.8164575944411389,1.0
OR52B2,0.0,0.45064718510155777,1.0
CCDC179,0.0,0.813240042910631,1.0
PRR23D2,0.0,0.6514325482434398,1.0
OOSP4B,0.0,0.636572443127301,1.0
CARD18,0.0,0.8390642198295792,1.0
OR4D2,0.0,0.794002680192762,1.0
TIFAB,0.0,0.7780661870680045,1.0
MTRNR2L10,0.0,0.9076115119079285,1.0
MTRNR2L3,0.0,0.39551150205256314,1.0
ASIC5,0.0,0.7308383100563765,1.0
SALL3,0.0,0.9801600629440878,1.0
CLEC12B,0.0,0.5617400706970093,1.0
STH,0.0,0.9801600629440878,1.0
KLRF2,0.0,0.648449182304075,1.0
MTRNR2L7,0.0,0.9768542681907831,1.0
GPR142,0.0,0.9768542681907831,1.0
SLCO1B3-SLCO1B7,0.0,0.5957497963320737,1.0
C11orf97,0.0,0.6015081344405899,1.0
OR11H12,0.0,0.5232883447117399,1.0
TEX49,0.0,0.40013769753329187,1.0
OR9A4,0.0,0.6907099557705141,1.0
PRSS58,0.0,0.8164575944411389,1.0
RNASE12,0.0,1.0,1.0
OR11H2,0.0,0.6424993873606966,1.0
C20orf141,0.0,0.9438275338976189,1.0
OR4C13,0.0,1.0,1.0
DUXA,0.0,0.5423442984904308,1.0
TSPY1,0.0,0.6015081344405899,1.0
GH1,0.0,0.8100256403943001,1.0
LYPD8,0.0,0.9471268043847221,1.0
AL845331.1,0.0,0.5232883447117399,1.0
CCDC187,0.0,0.547851719712373,1.0
FRRS1L,0.0,0.5019387498867459,1.0
ARMH2,0.0,0.749618556161363,1.0
KCNJ18,0.0,0.7029710376341284,1.0
DUX4,0.0,0.6072914543107184,1.0
TLE7,0.0,0.8618044330490108,1.0
SERTM2,0.0,0.9076115119079285,1.0
XKR7,0.0,0.696830597247795,1.0
AC140504.1,0.0,0.5843092048547895,1.0
CLEC19A,0.0,0.813240042910631,1.0
MUC22,0.0,0.6846094685667796,1.0
TP53TG3B,0.0,0.6101923917365532,1.0
GOLGA6L7,0.0,0.9010451411117566,1.0
LY6L,0.0,0.6424993873606966,1.0
SCRT1,0.0,0.45563896523052283,1.0
HPR,0.0,0.5871597544033558,1.0
PCDHGB3,0.0,0.794002680192762,1.0
SMIM28,0.0,0.621857129896537,1.0
OR1D5,0.0,0.9306406489398111,1.0
C19orf84,0.0,0.7091309176902658,1.0
DPEP2NB,0.0,0.7559124086715863,1.0
PPIAL4C,0.0,0.6937677793437123,1.0
MSMB,0.0,0.6998983649396864,1.0
LINC02210-CRHR1,0.0,0.41658371785687753,1.0
GDF2,0.0,0.9076115119079285,1.0
AKR1C8P,0.0,0.7780661870680045,1.0
MYH4,0.0,0.6043966897165155,1.0
RBP3,0.0,0.6395330389318583,1.0
GDF10,0.0,0.49667429717814027,1.0
LCN6,0.0,0.6454714485353458,1.0
APOC4,0.0,0.9471268043847221,1.0
CGB1,0.0,0.4213548269831777,1.0
OPN1MW,0.0,0.7060485703056018,1.0
TCP11X1,0.0,0.7060485703056018,1.0
SCGB1C2,0.0,0.8618044330490108,1.0
NFILZ,0.0,0.40013769753329187,1.0
TEX13A,0.0,0.6634215158168552,1.0
CTAG1A,0.0,0.6101923917365532,1.0
ZNF723,0.0,0.8650628677291835,1.0
H3Y2,0.0,0.5045820072621465,1.0
ERVV-2,0.0,0.5843092048547895,1.0
SPANXN2,0.0,0.4682535513976369,1.0
FAM236B,0.0,0.9768542681907831,1.0
CT45A3,0.0,0.749618556161363,1.0
OPN1MW3,0.0,0.9076115119079285,1.0
H3Y1,0.0,0.7527634281491498,1.0
DMRTC1,0.0,0.9339357280136042,1.0
ERVV-1,0.0,0.8068144389745125,1.0
ZIM2,0.0,0.41896527683459084,1.0
SSX4B,0.0,0.4810591760941474,1.0
MEI4,0.0,0.41658371785687753,1.0
PPIAL4H,0.0,0.5617400706970093,1.0
HEATR9,0.0,0.7622224999271966,1.0
PRAMEF5,0.0,0.5814651118050964,1.0
MTRNR2L6,0.0,0.9076115119079285,1.0
C17orf50,0.0,0.8196782427441914,1.0
CT45A9,0.0,0.6189318717934644,1.0
UGT2A2,0.0,0.6846094685667796,1.0
CT45A2,0.0,0.4606617114605923,1.0
PPIAL4E,0.0,0.9801600629440878,1.0
SMIM32,0.0,0.950426981824129,1.0
KRTAP10-7,0.0,0.8846597782463905,1.0
LYPD4,0.0,0.7559124086715863,1.0
TMEM271,0.0,0.8781190194469978,1.0
CT45A7,0.0,0.621857129896537,1.0
GOLGA6L1,0.0,0.794002680192762,1.0
OR4M2,0.0,0.7277235466695502,1.0
H2AB1,0.0,0.5814651118050964,1.0
ANTXRL,0.0,0.46571526862558976,1.0
TBC1D3H,0.0,0.7060485703056018,1.0
GAGE13,0.0,0.9043275087039068,1.0
C8orf89,0.0,0.7685484371305833,1.0
SEBOX,0.0,0.7091309176902658,1.0
CU639417.1,0.0,0.8455485934494391,1.0
TBC1D3,0.0,0.9603323910593005,1.0
H4C6,0.0,0.7908082597408556,1.0
CCL23,0.0,0.829358243536714,1.0
KRTAP7-1,0.0,0.6815668927944767,1.0
PRAMEF27,0.0,0.7748898243174053,1.0
TP53TG3E,0.0,0.8390642198295792,1.0
H4C13,0.0,0.3978205467559196,1.0
CCL16,0.0,0.7339575177052757,1.0
CCL4,0.0,0.8455485934494391,1.0
CCL18,0.0,0.940529226774238,1.0
C17orf98,0.0,0.7844300000516808,1.0
FAM236A,0.0,0.8618044330490108,1.0
GRIFIN,0.0,0.6424993873606966,1.0
H4C7,0.0,0.9076115119079285,1.0
CCL15,0.0,0.5152279883728814,1.0
HNRNPCL2,0.0,0.46571526862558976,1.0
TBC1D3F,0.0,0.4285712791158539,1.0
SPATA31A3,0.0,0.621857129896537,1.0
SPATA31A7,0.0,0.5617400706970093,1.0
CCL4L2,0.0,0.7622224999271966,1.0
OR13C2,0.0,0.8618044330490108,1.0
OR4E1,0.0,0.794002680192762,1.0
CCL14,0.0,0.9141842025623018,1.0
FAM25C,0.0,0.749618556161363,1.0
SPATA31A5,0.0,0.48623432138829725,1.0
PADI6,0.0,0.5259894390505462,1.0
GSTT4,0.0,0.5786275093766506,1.0
HNRNPCL3,0.0,0.5729719113688719,1.0
GOLGA6L6,0.0,0.7091309176902658,1.0
PKD1L3,0.0,0.8487947368200934,1.0
OR13C5,0.0,0.794002680192762,1.0
GOLGA6L22,0.0,0.9438275338976189,1.0
SRD5A2,0.0,0.7559124086715863,1.0
OR52E5,0.0,0.6846094685667796,1.0
TEX28,0.0,0.8846597782463905,1.0
CT45A8,0.0,0.7844300000516808,1.0
P3R3URF-PIK3R3,0.0,0.7717172243455237,1.0
SSTR3,0.0,0.5645380297349106,1.0
CT45A6,0.0,0.794002680192762,1.0
TBC1D3E,0.0,0.8944855348490495,1.0
IQCA1L,0.0,0.5786275093766506,1.0
H4C2,0.0,0.8036064905718427,1.0
TP53TG3F,0.0,0.7060485703056018,1.0
OR51G1,0.0,0.9537280097577494,1.0
OR2S2,0.0,0.9273467583508952,1.0
OR51B2,0.0,0.5205943866712266,1.0
OR6Q1,0.0,1.0,1.0
OR10X1,0.0,0.9768542681907831,1.0
OR8D2,0.0,0.621857129896537,1.0
PRAMEF13,0.0,0.7717172243455237,1.0
OR2L8,0.0,0.794002680192762,1.0
OR52R1,0.0,0.9537280097577494,1.0
OR2T11,0.0,0.8618044330490108,1.0
OR5L1,0.0,1.0,1.0
OR2AG1,0.0,0.6043966897165155,1.0
OR4C16,0.0,1.0,1.0
OR5D13,0.0,1.0,1.0
PPIAL4F,0.0,0.7215075408530456,1.0
PRAMEF18,0.0,0.9537280097577494,1.0
OR5R1,0.0,1.0,1.0
OR51F1,0.0,0.9306406489398111,1.0
OR8B4,0.0,0.8390642198295792,1.0
OR1B1,0.0,0.4682535513976369,1.0
OR1S1,0.0,1.0,1.0
OR12D2,0.0,0.8390642198295792,1.0
PRAMEF26,0.0,0.9306406489398111,1.0
OR8K3,0.0,0.6043966897165155,1.0
LINC02203,0.0,0.749618556161363,1.0
RPS4Y2,0.0,0.9537280097577494,1.0
GIMAP1-GIMAP5,0.0,0.6247883740723336,1.0
ADORA3,0.0,0.7653835124598296,1.0
DUXB,0.0,0.7653835124598296,1.0
C1orf232,0.0,0.7590654489309898,1.0
TMEM275,0.0,0.9537280097577494,1.0
KLF18,0.0,0.6247883740723336,1.0
LBHD2,0.0,0.9174727785181955,1.0
CENPVL2,0.0,0.6015081344405899,1.0
AC092329.3,0.0,0.9010451411117566,1.0
SMIM33,0.0,0.9768542681907831,1.0
CFAP97D2,0.0,0.5814651118050964,1.0
CSNKA2IP,0.0,0.842305069932857,1.0
SPEM3,0.0,0.9636356313037896,1.0
FAM240A,0.0,0.4071376698379916,1.0
LITAFD,0.0,0.6101923917365532,1.0
PRRT1B,0.0,0.4836429926527509,1.0
FAM236C,0.0,1.0,1.0
BX276092.9,0.0,0.7590654489309898,1.0
ETDC,0.0,0.9306406489398111,1.0
VSIG10L2,0.0,0.9306406489398111,1.0
CPHXL,0.0,0.9141842025623018,1.0
SLURP2,0.0,0.4383041828410795,1.0
OR8B3,0.0,0.7060485703056018,1.0
OR4F16,0.0,0.9471268043847221,1.0
OR8B2,0.0,0.7277235466695502,1.0
TMEM247,0.0,0.6101923917365532,1.0
OR8S1,0.0,0.5045820072621465,1.0
OR4F29,0.0,0.9768542681907831,1.0
SMIM41,0.0,0.6634215158168552,1.0
AC008397.1,0.0,0.8036064905718427,1.0
EEF1AKMT4-ECE2,0.0,0.8552946682228153,1.0
H2BE1,0.0,0.5259894390505462,1.0
AL445238.1,0.0,0.4118446292938597,1.0
AC113348.1,0.0,0.7622224999271966,1.0
AC008770.4,0.0,0.5314129258282958,1.0
AL603764.2,0.0,0.8618044330490108,1.0
ELOA3D,0.0,0.5900167260288813,1.0
ELOA3,0.0,0.7277235466695502,1.0
CDR1,0.0,0.3886331144942722,1.0
C7orf57,2.7755575615628914e-17,0.8977644646746489,1.0
C3orf80,1.1102230246251565e-16,0.5286976420682703,1.0
TLCD3B,2.220446049250313e-16,0.8036064905718427,1.0
XAB2,3.552713678800501e-15,0.8552946682228153,1.0
KLHL25,0.004999999999999005,0.5786275093766506,1.0
MCIDAS,0.004999999999999449,0.5673426777793709,1.0
LRRC69,0.004999999999999893,0.9834661984477937,1.0
PERM1,0.004999999999999949,0.6604160308082985,1.0
NLRC4,0.004999999999999977,0.5928800850110119,1.0
MAGEA4,0.004999999999999977,0.7527634281491498,1.0
LYPD5,0.004999999999999977,0.858548348480541,1.0
IFNE,0.004999999999999977,0.9570298316837188,1.0
SULT1C2,0.004999999999999977,0.8100256403943001,1.0
TNNI3K,0.0049999999999999906,0.9306406489398111,1.0
PGAM2,0.0049999999999999906,0.5786275093766506,1.0
PLG,0.0049999999999999975,0.9768542681907831,1.0
TREM1,0.0049999999999999975,0.4334219309560736,1.0
PAX3,0.0049999999999999975,0.8196782427441914,1.0
SERP2,0.0049999999999999975,0.45313919490861054,1.0
RHOH,0.0049999999999999975,0.6101923917365532,1.0
VWA3B,0.0049999999999999975,0.8748517286674501,1.0
PAH,0.0049999999999999975,0.39551150205256314,1.0
P2RY8,0.0049999999999999975,0.49667429717814027,1.0
EYS,0.0049999999999999975,0.6544215056598512,1.0
LILRB1,0.005,0.8781190194469978,1.0
SCN1A,0.005,0.6395330389318583,1.0
SDR9C7,0.005,0.996693012466618,1.0
IRX1,0.005,0.5843092048547895,1.0
NPAS4,0.005,0.9438275338976189,1.0
CLEC2L,0.005,0.6043966897165155,1.0
CRHR2,0.005000000000000001,0.950426981824129,1.0
SLC27A6,0.005000000000000001,0.9240541123816033,1.0
CYP46A1,0.0050000000000000044,0.7153098743639731,1.0
DKKL1,0.0050000000000000044,0.8358260965628809,1.0
CKMT2,0.0050000000000000044,0.8912084070019073,1.0
MGARP,0.0050000000000000044,0.8813883875991326,1.0
ACTA1,0.0050000000000000044,0.8977644646746489,1.0
ESPNL,0.0050000000000000044,0.6015081344405899,1.0
FSIP1,0.0050000000000000044,0.9570298316837188,1.0
F2RL2,0.0050000000000000044,0.48623432138829725,1.0
C9orf24,0.0050000000000000044,0.6694487219140669,1.0
TRIML2,0.0050000000000000044,0.7844300000516808,1.0
PLAC9,0.0050000000000000044,0.7464778413011777,1.0
NPY4R,0.0050000000000000044,0.4606617114605923,1.0
MFSD2B,0.0050000000000000044,0.4836429926527509,1.0
ZNF90,0.0050000000000000044,0.9768542681907831,1.0
MYZAP,0.0050000000000000044,0.858548348480541,1.0
NR2E3,0.0050000000000000044,0.9339357280136042,1.0
DDX3Y,0.005000000000000046,0.5368646222462607,1.0
CD34,0.005000000000000046,0.7402090762983753,1.0
ACKR4,0.00500000000000006,0.7685484371305833,1.0
QRFP,0.00500000000000006,0.950426981824129,1.0
NRXN2,0.005000000000000088,0.7812462624304687,1.0
ZIC5,0.0050000000000001155,0.829358243536714,1.0
CNTD1,0.0050000000000001155,0.5072325853424271,1.0
WDR7,0.0050000000000003375,0.6937677793437123,1.0
IP6K1,0.005000000000000782,0.6130994652172653,1.0
PHETA1,0.005000000000000782,0.8229019354214293,1.0
FBXO45,0.005000000000002558,0.43585911500840513,1.0
TMCO4,0.005000000000003446,0.8487947368200934,1.0
HOXA10,0.009999999999997122,1.0,1.0
TBCC,0.00999999999999801,0.5900167260288813,1.0
SOCS3,0.00999999999999801,0.8715865700317355,1.0
TNFRSF1B,0.009999999999999787,0.7876173493946396,1.0
POPDC2,0.009999999999999787,0.8164575944411389,1.0
AANAT,0.009999999999999787,0.8781190194469978,1.0
DEGS2,0.009999999999999787,0.9043275087039068,1.0
PP2D1,0.009999999999999787,0.5152279883728814,1.0
KEL,0.009999999999999787,0.5871597544033558,1.0
ERVW-1,0.009999999999999787,0.45313919490861054,1.0
CALB1,0.009999999999999815,0.9603323910593005,1.0
TMEM121B,0.009999999999999815,0.6424993873606966,1.0
ALPK2,0.009999999999999953,0.9108970950967655,1.0
RASL10A,0.009999999999999981,0.8813883875991326,1.0
WNT10A,0.009999999999999981,0.940529226774238,1.0
H2AC21,0.009999999999999981,0.7277235466695502,1.0
PRSS21,0.009999999999999995,0.6395330389318583,1.0
CECR2,0.009999999999999995,0.7122180342879179,1.0
CCDC198,0.009999999999999995,0.6306686675294741,1.0
TNFRSF8,0.009999999999999995,0.8879331364078507,1.0
GCNT7,0.009999999999999995,0.8618044330490108,1.0
CLCA2,0.009999999999999995,0.7622224999271966,1.0
SIGLEC10,0.009999999999999995,0.5589488326624473,1.0
SPATA4,0.009999999999999995,0.9339357280136042,1.0
ANKRD22,0.009999999999999995,0.9933860817420452,1.0
GRAP,0.009999999999999995,0.9603323910593005,1.0
SAMSN1,0.009999999999999995,0.6015081344405899,1.0
HPD,0.009999999999999995,0.9207627671027185,1.0
COLEC12,0.009999999999999995,0.8781190194469978,1.0
DRC7,0.009999999999999995,0.7153098743639731,1.0
HAAO,0.009999999999999995,0.636572443127301,1.0
CDX2,0.009999999999999995,0.9240541123816033,1.0
GLIPR1L1,0.009999999999999995,0.42615784298026116,1.0
STX19,0.009999999999999995,0.7780661870680045,1.0
RAB39A,0.009999999999999995,0.9768542681907831,1.0
CCL27,0.009999999999999995,0.6277255661132192,1.0
HSFX4,0.009999999999999995,0.621857129896537,1.0
NOS2,0.009999999999999998,0.49667429717814027,1.0
CSF2RB,0.009999999999999998,0.6634215158168552,1.0
HCK,0.009999999999999998,0.9141842025623018,1.0
KLF1,0.009999999999999998,0.7685484371305833,1.0
COMP,0.009999999999999998,0.4682535513976369,1.0
SLC26A8,0.009999999999999998,0.7653835124598296,1.0
TNFSF18,0.009999999999999998,0.5286976420682703,1.0
OPN1SW,0.009999999999999998,0.7433413319545803,1.0
SEC14L4,0.009999999999999998,0.8977644646746489,1.0
DSG3,0.009999999999999998,0.7091309176902658,1.0
EDAR,0.009999999999999998,0.7277235466695502,1.0
SIX3,0.009999999999999998,0.5368646222462607,1.0
TAL1,0.009999999999999998,0.42615784298026116,1.0
TMEM52B,0.009999999999999998,0.5589488326624473,1.0
LRP1B,0.009999999999999998,0.6424993873606966,1.0
CT55,0.009999999999999998,0.7339575177052757,1.0
SDR16C5,0.009999999999999998,0.7433413319545803,1.0
FAM9C,0.009999999999999998,0.9240541123816033,1.0
THEM5,0.009999999999999998,0.6754972946848711,1.0
PATE2,0.009999999999999998,0.7402090762983753,1.0
HCAR1,0.009999999999999998,0.47848289419213597,1.0
TUBA3C,0.009999999999999998,0.7908082597408556,1.0
C2CD4A,0.009999999999999998,0.6395330389318583,1.0
LRRD1,0.009999999999999998,0.45563896523052283,1.0
GTF2A1L,0.009999999999999998,0.9043275087039068,1.0
REELD1,0.009999999999999998,0.7153098743639731,1.0
HP,0.009999999999999998,0.8879331364078507,1.0
TCF24,0.009999999999999998,0.9471268043847221,1.0
SSX2B,0.009999999999999998,0.5729719113688719,1.0
PCDH20,0.009999999999999998,0.47848289419213597,1.0
IYD,0.01,0.8004018469425622,1.0
INSRR,0.01,0.6395330389318583,1.0
EFCAB1,0.01,0.49930283827853317,1.0
EPHA8,0.01,0.7812462624304687,1.0
TRPM5,0.01,0.794002680192762,1.0
CACNA1S,0.01,0.39551150205256314,1.0
APOB,0.01,0.8879331364078507,1.0
LHX5,0.01,0.4940531510041464,1.0
RPH3A,0.01,0.9801600629440878,1.0
CPNE6,0.01,0.8977644646746489,1.0
VSX1,0.01,0.6015081344405899,1.0
RSPH6A,0.01,0.9043275087039068,1.0
WNT2,0.01,0.9043275087039068,1.0
BMP5,0.01,0.40948712684432786,1.0
CNTN3,0.01,0.996693012466618,1.0
CR2,0.01,0.6160126376872717,1.0
PLPPR5,0.01,0.9076115119079285,1.0
AKR1D1,0.01,0.7622224999271966,1.0
HOXC12,0.01,0.7246132746430569,1.0
EDN3,0.01,0.47335302265608303,1.0
BARHL1,0.01,0.749618556161363,1.0
TRPV5,0.01,0.6130994652172653,1.0
LBP,0.01,0.8196782427441914,1.0
RBBP8NL,0.01,0.8715865700317355,1.0
NUTM2F,0.01,0.4707994763603818,1.0
KRT33B,0.01,0.6306686675294741,1.0
LIN28A,0.01,0.6101923917365532,1.0
DUSP26,0.01,0.9570298316837188,1.0
DSC1,0.01,0.8390642198295792,1.0
C5AR2,0.01,0.6664324268587869,1.0
AMHR2,0.01,0.8068144389745125,1.0
CAPN11,0.01,0.5019387498867459,1.0
BRDT,0.01,0.6072914543107184,1.0
CH25H,0.01,0.5045820072621465,1.0
NDST4,0.01,0.7246132746430569,1.0
TRPC3,0.01,0.9141842025623018,1.0
ABCC12,0.01,0.42615784298026116,1.0
ADAMTS18,0.01,0.9636356313037896,1.0
ADAD2,0.01,0.5205943866712266,1.0
DPEP3,0.01,0.47848289419213597,1.0
ARL5C,0.01,0.4606617114605923,1.0
PROK1,0.01,0.5368646222462607,1.0
FCRL5,0.01,0.6424993873606966,1.0
CRNN,0.01,0.4836429926527509,1.0
LEFTY2,0.01,0.8164575944411389,1.0
NYAP2,0.01,0.8552946682228153,1.0
SFRP2,0.01,0.42615784298026116,1.0
KCNMB1,0.01,0.7748898243174053,1.0
DNAJC5B,0.01,0.9735488709352259,1.0
ANKRD30A,0.01,0.5019387498867459,1.0
TKTL2,0.01,0.6634215158168552,1.0
CCDC175,0.01,0.39551150205256314,1.0
BMP3,0.01,0.6907099557705141,1.0
OTOA,0.01,0.7908082597408556,1.0
ADCY8,0.01,0.950426981824129,1.0
UBASH3A,0.01,0.47335302265608303,1.0
NPHS1,0.01,0.9702439279042832,1.0
FAM71A,0.01,0.8164575944411389,1.0
PROK2,0.01,0.7153098743639731,1.0
CCDC141,0.01,0.7844300000516808,1.0
FCRL1,0.01,0.6876571708271936,1.0
SLC2A2,0.01,0.6395330389318583,1.0
RTP3,0.01,0.696830597247795,1.0
FAM170A,0.01,0.7184063919514614,1.0
TLX3,0.01,0.5396009774503636,1.0
SAMD3,0.01,0.4213548269831777,1.0
ANKRD55,0.01,0.8846597782463905,1.0
TBX20,0.01,0.8944855348490495,1.0
KCNV1,0.01,0.5533866460521025,1.0
SLC38A8,0.01,0.45563896523052283,1.0
MC4R,0.01,0.9735488709352259,1.0
MS4A7,0.01,0.648449182304075,1.0
OR2C1,0.01,0.49930283827853317,1.0
CX3CR1,0.01,0.9108970950967655,1.0
XIRP1,0.01,0.7844300000516808,1.0
GSG1L,0.01,0.5729719113688719,1.0
RSPO1,0.01,0.4237523539300838,1.0
SERPINA9,0.01,0.5617400706970093,1.0
VGLL2,0.01,0.8358260965628809,1.0
KRT75,0.01,0.4631846485772054,1.0
TEX13B,0.01,0.9306406489398111,1.0
FPR2,0.01,0.47591416910232376,1.0
THEMIS,0.01,0.5072325853424271,1.0
ACSM6,0.01,0.6514325482434398,1.0
WFIKKN2,0.01,0.8618044330490108,1.0
TLR10,0.01,0.8358260965628809,1.0
ABRA,0.01,0.45563896523052283,1.0
DPP10,0.01,0.4285712791158539,1.0
DCAF4L2,0.01,0.621857129896537,1.0
ODF3,0.01,0.41896527683459084,1.0
PPP1R42,0.01,0.794002680192762,1.0
CD28,0.01,0.6072914543107184,1.0
RIIAD1,0.01,0.5396009774503636,1.0
RTL3,0.01,0.43585911500840513,1.0
FCRL6,0.01,0.6306686675294741,1.0
TIGIT,0.01,0.3978205467559196,1.0
ASB18,0.01,0.6130994652172653,1.0
CCR4,0.01,0.45814647715894785,1.0
CALHM1,0.01,0.6015081344405899,1.0
UBL4B,0.01,0.9438275338976189,1.0
OR10H1,0.01,0.40246294289693907,1.0
CYP26C1,0.01,0.8650628677291835,1.0
SLC18A3,0.01,0.5205943866712266,1.0
KBTBD12,0.01,0.5928800850110119,1.0
C17orf99,0.01,0.5125556017624364,1.0
ANKRD34B,0.01,0.7091309176902658,1.0
BNIP5,0.01,0.4606617114605923,1.0
MYBPC1,0.01,0.8325907534174406,1.0
SIRPB2,0.01,0.6101923917365532,1.0
TLR7,0.01,0.6876571708271936,1.0
RIPPLY2,0.01,0.8520434463522804,1.0
KRT40,0.01,0.4334219309560736,1.0
FAM221B,0.01,0.9076115119079285,1.0
ARSH,0.01,0.696830597247795,1.0
C21orf62,0.01,0.7780661870680045,1.0
SERPINB4,0.01,0.6336176395507085,1.0
EVPLL,0.01,0.8455485934494391,1.0
CXorf49B,0.01,0.6815668927944767,1.0
C20orf202,0.01,0.7029710376341284,1.0
HMX1,0.01,0.6306686675294741,1.0
EBF2,0.01,0.6907099557705141,1.0
TMEM233,0.01,0.5786275093766506,1.0
SSX2,0.01,0.648449182304075,1.0
SERPINB10,0.01,0.5701539825270272,1.0
UGT1A7,0.01,0.6189318717934644,1.0
SPESP1,0.01,0.9570298316837188,1.0
GFY,0.01,0.6754972946848711,1.0
MMP12,0.01,0.9900792646321629,1.0
KCNE1B,0.01,0.8358260965628809,1.0
ABCC8,0.010000000000000002,0.9768542681907831,1.0
FNDC8,0.010000000000000002,0.5019387498867459,1.0
SMC1B,0.010000000000000002,0.5396009774503636,1.0
POU4F3,0.010000000000000002,0.4940531510041464,1.0
SLC5A4,0.010000000000000002,0.9339357280136042,1.0
GRAP2,0.010000000000000002,0.9537280097577494,1.0
CGB2,0.010000000000000002,0.6189318717934644,1.0
CACNG7,0.010000000000000002,0.8846597782463905,1.0
ABI3,0.010000000000000002,0.7246132746430569,1.0
C11orf21,0.010000000000000002,0.7590654489309898,1.0
TSPO2,0.010000000000000002,0.5786275093766506,1.0
CCN6,0.010000000000000002,0.6664324268587869,1.0
PRG4,0.010000000000000002,0.8196782427441914,1.0
TEK,0.010000000000000002,0.8100256403943001,1.0
TAF1L,0.010000000000000002,0.8912084070019073,1.0
LAMP5,0.010000000000000002,0.9076115119079285,1.0
IL33,0.010000000000000002,0.5986258246782183,1.0
OLAH,0.010000000000000002,0.9669394958014216,1.0
C2CD6,0.010000000000000002,0.7590654489309898,1.0
DCST1,0.010000000000000002,0.6189318717934644,1.0
EOMES,0.010000000000000002,0.9933860817420452,1.0
CAGE1,0.010000000000000002,0.8879331364078507,1.0
ANKK1,0.010000000000000002,0.8650628677291835,1.0
GAP43,0.010000000000000002,0.8455485934494391,1.0
TH,0.010000000000000002,0.794002680192762,1.0
ODF3L2,0.010000000000000002,0.8618044330490108,1.0
MAGEB17,0.010000000000000002,0.6160126376872717,1.0
EFHC2,0.010000000000000002,0.7812462624304687,1.0
KLHL32,0.010000000000000002,0.49667429717814027,1.0
ECT2L,0.010000000000000002,0.4606617114605923,1.0
SPINK13,0.010000000000000002,0.9339357280136042,1.0
PLXNA4,0.010000000000000002,0.8036064905718427,1.0
CYP21A2,0.010000000000000002,0.9570298316837188,1.0
FIGNL2,0.010000000000000002,0.6247883740723336,1.0
SULT2B1,0.010000000000000009,0.6277255661132192,1.0
ZAP70,0.010000000000000009,0.5205943866712266,1.0
KCNS1,0.010000000000000009,0.8390642198295792,1.0
CTAG2,0.010000000000000009,0.9240541123816033,1.0
GDPD2,0.010000000000000009,0.621857129896537,1.0
TMEM204,0.010000000000000009,0.8325907534174406,1.0
BAAT,0.010000000000000009,0.6160126376872717,1.0
FGFBP1,0.010000000000000009,0.9438275338976189,1.0
PCDH10,0.010000000000000009,0.9306406489398111,1.0
CYP11A1,0.010000000000000009,0.5396009774503636,1.0
CMTM2,0.010000000000000009,0.6454714485353458,1.0
MYLK4,0.010000000000000009,0.749618556161363,1.0
FCGR1A,0.010000000000000009,0.9900792646321629,1.0
PFKFB1,0.010000000000000009,0.9801600629440878,1.0
DCST2,0.010000000000000009,0.8390642198295792,1.0
HAND2,0.010000000000000009,0.7717172243455237,1.0
SBSPON,0.010000000000000009,0.8781190194469978,1.0
C11orf65,0.010000000000000009,0.6277255661132192,1.0
FABP4,0.010000000000000009,0.7308383100563765,1.0
NIM1K,0.010000000000000009,0.5928800850110119,1.0
CEP295NL,0.010000000000000009,0.8487947368200934,1.0
CCDC89,0.010000000000000009,0.5617400706970093,1.0
PTGDR2,0.010000000000000009,0.8781190194469978,1.0
PCDH9,0.010000000000000009,0.9537280097577494,1.0
APOBR,0.010000000000000009,0.8390642198295792,1.0
SPDYE16,0.010000000000000009,0.8068144389745125,1.0
ANKS1B,0.010000000000000009,0.9537280097577494,1.0
RGS9BP,0.010000000000000009,0.9273467583508952,1.0
CYP4F3,0.010000000000000009,0.6544215056598512,1.0
TMEM262,0.010000000000000009,0.9471268043847221,1.0
KCNRG,0.010000000000000009,0.7402090762983753,1.0
PCDHGC5,0.010000000000000009,0.6937677793437123,1.0
CCL26,0.010000000000000064,0.45313919490861054,1.0
CYTH4,0.010000000000000092,0.7060485703056018,1.0
TLX2,0.010000000000000092,0.4606617114605923,1.0
GNMT,0.010000000000000092,0.8879331364078507,1.0
CLIC2,0.010000000000000092,0.7559124086715863,1.0
EBF1,0.010000000000000092,0.4432179029796727,1.0
SLC35G6,0.010000000000000092,0.5843092048547895,1.0
LHFPL5,0.010000000000000231,0.9669394958014216,1.0
IDS,0.010000000000005116,0.8325907534174406,1.0
SKP2,0.014999999999997016,0.5589488326624473,1.0
TTPAL,0.014999999999998792,0.9471268043847221,1.0
ANKRD49,0.014999999999998792,0.6454714485353458,1.0
IL11,0.014999999999999902,0.6604160308082985,1.0
CLDN16,0.014999999999999902,0.6130994652172653,1.0
CFAP58,0.014999999999999902,0.6336176395507085,1.0
DAW1,0.014999999999999902,0.9174727785181955,1.0
DCHS1,0.014999999999999902,0.4914394238527241,1.0
PLGLB1,0.014999999999999902,0.8358260965628809,1.0
MX2,0.014999999999999902,0.9801600629440878,1.0
PCDHGA4,0.014999999999999902,0.5506157599288712,1.0
FBXL22,0.014999999999999958,0.6846094685667796,1.0
IL9R,0.014999999999999986,0.6846094685667796,1.0
C1QTNF2,0.014999999999999986,0.9043275087039068,1.0
CCDC184,0.014999999999999986,0.6160126376872717,1.0
THBS2,0.014999999999999986,0.829358243536714,1.0
PCDHGA7,0.014999999999999986,0.7433413319545803,1.0
TRPM3,0.015,0.950426981824129,1.0
HYAL4,0.015,0.6907099557705141,1.0
VNN1,0.015,0.384088249473852,1.0
PDC,0.015,0.8358260965628809,1.0
LY9,0.015,0.8813883875991326,1.0
CDH16,0.015,0.7060485703056018,1.0
TAS2R43,0.015,0.5617400706970093,1.0
AADAC,0.015000000000000006,0.6277255661132192,1.0
ATP10B,0.015000000000000006,0.547851719712373,1.0
CXCL12,0.015000000000000013,0.4707994763603818,1.0
ACSS3,0.015000000000000013,1.0,1.0
BSPRY,0.015000000000000013,0.7215075408530456,1.0
STX11,0.015000000000000013,0.9933860817420452,1.0
TRIM29,0.015000000000000013,0.9471268043847221,1.0
STAT4,0.015000000000000013,0.9867726179369976,1.0
LRRC36,0.015000000000000013,0.6998983649396864,1.0
SGPP2,0.015000000000000013,0.996693012466618,1.0
SPINK1,0.015000000000000013,0.7308383100563765,1.0
H3C14,0.015000000000000013,0.8683235982021273,1.0
COLQ,0.015000000000000013,1.0,1.0
SGCA,0.015000000000000055,0.9010451411117566,1.0
CES1,0.015000000000000069,0.7590654489309898,1.0
ERP27,0.015000000000000097,0.7908082597408556,1.0
TMPRSS2,0.015000000000000097,0.8715865700317355,1.0
MYO1F,0.015000000000000124,0.8683235982021273,1.0
PTPRCAP,0.015000000000000124,0.9636356313037896,1.0
SARM1,0.015000000000000568,0.4606617114605923,1.0
RSBN1,0.0150000000000019,0.8912084070019073,1.0
FMC1,0.01999999999998714,0.6634215158168552,1.0
CELSR3,0.019999999999999574,0.534135262077375,1.0
DBR1,0.019999999999999574,0.9174727785181955,1.0
CLSTN3,0.019999999999999574,0.6998983649396864,1.0
KANSL1L,0.019999999999999574,0.8325907534174406,1.0
ZNF850,0.019999999999999574,0.8100256403943001,1.0
CCDC173,0.019999999999999796,0.5957497963320737,1.0
WDR88,0.019999999999999796,0.4888331394973101,1.0
TACSTD2,0.019999999999999796,0.49930283827853317,1.0
FOXD4L1,0.019999999999999796,0.8781190194469978,1.0
CDH17,0.01999999999999999,0.9043275087039068,1.0
ISM2,0.01999999999999999,0.7717172243455237,1.0
ALOX12,0.01999999999999999,0.5314129258282958,1.0
TCHH,0.01999999999999999,0.7215075408530456,1.0
TAC3,0.01999999999999999,0.940529226774238,1.0
ADGRG2,0.01999999999999999,0.4810591760941474,1.0
MUC13,0.01999999999999999,0.749618556161363,1.0
HBA2,0.01999999999999999,0.8455485934494391,1.0
CC2D2B,0.01999999999999999,0.9834661984477937,1.0
LILRB3,0.01999999999999999,0.9636356313037896,1.0
ROS1,0.019999999999999997,0.5152279883728814,1.0
PLA2G10,0.019999999999999997,0.7060485703056018,1.0
PGC,0.019999999999999997,0.47335302265608303,1.0
FGF9,0.019999999999999997,0.6694487219140669,1.0
CBLN1,0.019999999999999997,0.8977644646746489,1.0
PRDM13,0.019999999999999997,0.8390642198295792,1.0
KIF25,0.019999999999999997,0.5729719113688719,1.0
GRP,0.019999999999999997,0.8912084070019073,1.0
DMRTA2,0.019999999999999997,0.9603323910593005,1.0
FCN3,0.019999999999999997,0.41658371785687753,1.0
PLA2G7,0.019999999999999997,0.8100256403943001,1.0
TMEM236,0.019999999999999997,0.5368646222462607,1.0
PDZD9,0.019999999999999997,0.43585911500840513,1.0
SCN3B,0.019999999999999997,0.9010451411117566,1.0
ECEL1,0.019999999999999997,0.7527634281491498,1.0
LRRN1,0.019999999999999997,0.5286976420682703,1.0
FOXS1,0.019999999999999997,0.621857129896537,1.0
NLRP10,0.019999999999999997,0.9471268043847221,1.0
ZNF534,0.019999999999999997,0.4631846485772054,1.0
LRRC10B,0.019999999999999997,0.9834661984477937,1.0
USP17L7,0.019999999999999997,0.5368646222462607,1.0
GOLGA8S,0.019999999999999997,0.4432179029796727,1.0
GPIHBP1,0.019999999999999997,0.648449182304075,1.0
NPBWR1,0.019999999999999997,0.5368646222462607,1.0
MARCO,0.02,0.5396009774503636,1.0
APOH,0.02,0.9076115119079285,1.0
HAND1,0.02,0.7122180342879179,1.0
MMP8,0.02,0.6454714485353458,1.0
SLC17A3,0.02,0.9438275338976189,1.0
H1-1,0.02,0.534135262077375,1.0
BBOX1,0.02,0.6634215158168552,1.0
GSC,0.02,0.7215075408530456,1.0
IL10,0.02,0.4888331394973101,1.0
ALDOB,0.02,0.6189318717934644,1.0
ASXL3,0.02,0.46571526862558976,1.0
ADAMTS4,0.02,0.6395330389318583,1.0
CD3G,0.02,0.41896527683459084,1.0
ASGR2,0.02,0.6043966897165155,1.0
IL20,0.02,0.49667429717814027,1.0
GSDMA,0.02,0.5757964313912116,1.0
RNASE6,0.02,0.3978205467559196,1.0
SLC38A11,0.02,0.4810591760941474,1.0
HEPHL1,0.02,0.7464778413011777,1.0
TMEM119,0.02,0.37957605749041823,1.0
CTNNA3,0.02,0.7464778413011777,1.0
ACSM5,0.02,0.9900792646321629,1.0
ZNF730,0.02,0.5928800850110119,1.0
TRIM15,0.02,0.7060485703056018,1.0
SPDYC,0.02,0.47848289419213597,1.0
TP53TG3C,0.02,0.7091309176902658,1.0
PRPS1L1,0.02,0.42615784298026116,1.0
SHISA8,0.02,0.384088249473852,1.0
OR2AE1,0.02,0.8487947368200934,1.0
PPIAL4D,0.02,0.8912084070019073,1.0
CEACAM20,0.02,0.47335302265608303,1.0
PRSS50,0.02,0.6815668927944767,1.0
CD38,0.020000000000000004,0.45563896523052283,1.0
ADGRF5,0.020000000000000004,0.41658371785687753,1.0
SPAG6,0.020000000000000004,0.9603323910593005,1.0
CCM2L,0.020000000000000004,0.9636356313037896,1.0
PPP1R16B,0.020000000000000004,0.45064718510155777,1.0
CD207,0.020000000000000004,0.7748898243174053,1.0
CCND2,0.020000000000000004,0.8813883875991326,1.0
NCKAP1L,0.020000000000000004,0.6664324268587869,1.0
TSLP,0.020000000000000004,0.9702439279042832,1.0
SLC22A3,0.020000000000000004,0.5757964313912116,1.0
ADGRL3,0.020000000000000004,0.7972005596761405,1.0
KCNS2,0.020000000000000004,0.384088249473852,1.0
PTGIR,0.020000000000000004,0.6907099557705141,1.0
CTRC,0.020000000000000004,0.648449182304075,1.0
SP8,0.020000000000000004,0.737081122297987,1.0
TSHR,0.020000000000000004,0.6815668927944767,1.0
CXCL10,0.020000000000000004,0.3978205467559196,1.0
DNAH12,0.020000000000000004,0.9933860817420452,1.0
INHBC,0.020000000000000004,0.5152279883728814,1.0
ZC3H12D,0.020000000000000004,0.7622224999271966,1.0
CLDN5,0.020000000000000004,0.7972005596761405,1.0
CHRM5,0.020000000000000004,0.7812462624304687,1.0
CYP4F12,0.020000000000000004,0.8229019354214293,1.0
LY6G6C,0.020000000000000004,0.6043966897165155,1.0
TMEM88B,0.020000000000000004,0.6754972946848711,1.0
C1QTNF9B,0.020000000000000004,0.4682535513976369,1.0
CCDC194,0.020000000000000004,0.8781190194469978,1.0
CCNP,0.020000000000000018,0.7844300000516808,1.0
DNAH1,0.020000000000000018,0.7308383100563765,1.0
GJA3,0.020000000000000018,0.7717172243455237,1.0
FOXH1,0.020000000000000018,0.40479627104040006,1.0
NOSTRIN,0.020000000000000018,0.47591416910232376,1.0
ENHO,0.020000000000000018,0.7748898243174053,1.0
DNM3,0.020000000000000018,0.8618044330490108,1.0
CCL5,0.020000000000000018,0.749618556161363,1.0
ELAVL2,0.02000000000000006,0.7685484371305833,1.0
C13orf46,0.020000000000000073,0.829358243536714,1.0
NTSR1,0.0200000000000001,0.6664324268587869,1.0
RNASE1,0.0200000000000001,0.6160126376872717,1.0
HSD17B3,0.0200000000000001,0.7908082597408556,1.0
NXF3,0.0200000000000001,0.5286976420682703,1.0
PLIN1,0.0200000000000001,0.842305069932857,1.0
SUMO4,0.0200000000000001,0.9801600629440878,1.0
COL4A6,0.0200000000000001,0.9207627671027185,1.0
H2AB3,0.0200000000000001,0.9801600629440878,1.0
NAPEPLD,0.020000000000000462,0.46571526862558976,1.0
ASAH2,0.020000000000000684,0.9834661984477937,1.0
LIN54,0.020000000000004903,0.657416013591166,1.0
UTP15,0.024999999999996803,0.4456865210409048,1.0
ZFP30,0.024999999999998135,0.8004018469425622,1.0
ZCWPW1,0.024999999999999467,0.9273467583508952,1.0
PRR15L,0.024999999999999883,0.38635660260863647,1.0
CDH3,0.02499999999999991,0.5900167260288813,1.0
GPX2,0.02499999999999991,0.9174727785181955,1.0
CD14,0.024999999999999967,0.6694487219140669,1.0
SGCG,0.024999999999999994,0.6454714485353458,1.0
ADRA2A,0.024999999999999994,0.9141842025623018,1.0
GLIPR1L2,0.024999999999999994,0.5589488326624473,1.0
SYN3,0.024999999999999994,0.6544215056598512,1.0
PLK5,0.024999999999999994,0.8781190194469978,1.0
KRTAP1-5,0.024999999999999998,0.6395330389318583,1.0
TNFRSF17,0.025,0.41896527683459084,1.0
ARG1,0.025,0.5533866460521025,1.0
LRCH2,0.025,0.9372319393764333,1.0
VWA2,0.025,0.38635660260863647,1.0
GNGT2,0.025,0.8912084070019073,1.0
FBXW10,0.025,0.5561643473205113,1.0
CALHM3,0.025,0.9669394958014216,1.0
KCNK12,0.025,0.6015081344405899,1.0
CNTFR,0.02500000000000001,0.7527634281491498,1.0
AGAP2,0.025000000000000022,0.9669394958014216,1.0
ZNF501,0.025000000000000022,0.621857129896537,1.0
H2BS1,0.025000000000000078,0.8036064905718427,1.0
TFAP2E,0.025000000000000133,0.6247883740723336,1.0
WNT2B,0.025000000000000133,0.6336176395507085,1.0
PHGR1,0.029999999999999805,0.7246132746430569,1.0
ITGA11,0.029999999999999888,0.42615784298026116,1.0
C22orf15,0.029999999999999888,0.8618044330490108,1.0
WNT16,0.03,0.5957497963320737,1.0
RUNX1T1,0.03,0.46571526862558976,1.0
GRHL2,0.03,0.8520434463522804,1.0
TCL1A,0.03,0.8781190194469978,1.0
MYL2,0.03,0.8196782427441914,1.0
BTNL8,0.03,0.37733223687257855,1.0
MPL,0.03,0.6015081344405899,1.0
HAPLN2,0.03,0.657416013591166,1.0
PRH2,0.03,0.8715865700317355,1.0
MYPN,0.03,0.8552946682228153,1.0
GFRA3,0.03,0.5179075922305545,1.0
STAR,0.03,0.4682535513976369,1.0
CCDC3,0.03,0.7812462624304687,1.0
SCN3A,0.03,0.8650628677291835,1.0
GPR61,0.03,0.40246294289693907,1.0
SCUBE1,0.03,0.8912084070019073,1.0
TMEM74,0.03,0.5152279883728814,1.0
TRPV6,0.03,0.6876571708271936,1.0
LLCFC1,0.03,0.5533866460521025,1.0
CLEC4E,0.03,0.4237523539300838,1.0
NAT16,0.03,0.4682535513976369,1.0
ART5,0.03,0.6424993873606966,1.0
TXNDC2,0.03,0.5396009774503636,1.0
HSPB3,0.03,0.842305069932857,1.0
FGA,0.03,0.40479627104040006,1.0
SYCE1,0.03,0.40013769753329187,1.0
CD248,0.03,0.3978205467559196,1.0
EXOC3L1,0.03,0.7153098743639731,1.0
SLC9A4,0.03,0.8879331364078507,1.0
ANKRD30B,0.03,0.8912084070019073,1.0
PENK,0.03,0.8100256403943001,1.0
TMEM30B,0.03,0.9603323910593005,1.0
GALR2,0.03,0.7527634281491498,1.0
TAFA3,0.03,0.7908082597408556,1.0
AKAP14,0.03,0.8455485934494391,1.0
IGFL1,0.03,0.5533866460521025,1.0
HMX2,0.03,0.6604160308082985,1.0
FAM180A,0.03,0.4456865210409048,1.0
NOXO1,0.03,0.49667429717814027,1.0
CHRNG,0.03,0.47335302265608303,1.0
GAGE1,0.03,0.7780661870680045,1.0
C12orf71,0.03,0.547851719712373,1.0
FER1L6,0.03,0.46571526862558976,1.0
TEX48,0.03,0.6336176395507085,1.0
SPRR2A,0.03,0.9867726179369976,1.0
VSIG8,0.03,0.5125556017624364,1.0
CFAP57,0.03,0.9108970950967655,1.0
PGA5,0.03,0.5152279883728814,1.0
MYMX,0.03,0.5561643473205113,1.0
PPIAL4A,0.03,0.8520434463522804,1.0
RBAK-RBAKDN,0.03,0.7402090762983753,1.0
TMEM272,0.03,0.37957605749041823,1.0
AC090517.4,0.03,0.8390642198295792,1.0
TKTL1,0.030000000000000002,0.6604160308082985,1.0
ARR3,0.030000000000000002,0.6015081344405899,1.0
EPO,0.030000000000000002,0.621857129896537,1.0
PLA2G4F,0.030000000000000002,0.5179075922305545,1.0
GOLGA8J,0.030000000000000002,0.5098904587440031,1.0
RORB,0.030000000000000002,0.9043275087039068,1.0
DOK6,0.030000000000000002,0.9438275338976189,1.0
CT45A5,0.030000000000000002,0.45814647715894785,1.0
THEGL,0.030000000000000002,0.9141842025623018,1.0
IL20RA,0.030000000000000006,0.8683235982021273,1.0
HRC,0.030000000000000006,0.4810591760941474,1.0
CHST4,0.030000000000000006,0.4407571178182137,1.0
GRIK4,0.030000000000000006,0.7622224999271966,1.0
LRRC15,0.030000000000000006,0.49930283827853317,1.0
F2,0.030000000000000006,0.9438275338976189,1.0
KLRK1,0.030000000000000006,0.940529226774238,1.0
TLR9,0.030000000000000006,0.45563896523052283,1.0
UGT1A1,0.030000000000000006,0.9076115119079285,1.0
GMFG,0.030000000000000027,1.0,1.0
MMP7,0.030000000000000027,0.4285712791158539,1.0
PABPC3,0.030000000000000027,0.7215075408530456,1.0
PHKG1,0.030000000000000027,0.9537280097577494,1.0
AKAP3,0.030000000000000082,0.7685484371305833,1.0
ST14,0.030000000000000082,0.7402090762983753,1.0
KCNJ15,0.030000000000000096,0.5019387498867459,1.0
RP1,0.03000000000000011,0.6514325482434398,1.0
H2BC18,0.030000000000000138,0.7277235466695502,1.0
ZNF268,0.03000000000000025,0.5205943866712266,1.0
PTPRR,0.03000000000000025,0.7590654489309898,1.0
H2BC17,0.03000000000000025,0.8683235982021273,1.0
TFB2M,0.030000000000001137,0.4914394238527241,1.0
FIS1,0.030000000000001137,0.7402090762983753,1.0
SIX2,0.03499999999999981,0.5450945558532493,1.0
TRIM17,0.034999999999999865,0.40948712684432786,1.0
LMO3,0.03499999999999989,0.8068144389745125,1.0
TTC6,0.03499999999999989,0.8781190194469978,1.0
FUT2,0.03499999999999992,1.0,1.0
H2BC14,0.034999999999999976,0.9702439279042832,1.0
CRYBB3,0.035,0.8912084070019073,1.0
BHMT2,0.035,0.43585911500840513,1.0
CDK5R2,0.035,0.8390642198295792,1.0
KRT12,0.035,0.5423442984904308,1.0
ADAMTS16,0.03500000000000003,0.47335302265608303,1.0
GAS2,0.03500000000000003,0.7464778413011777,1.0
NANOS3,0.03500000000000003,0.5843092048547895,1.0
HLA-DOB,0.03500000000000003,0.5019387498867459,1.0
ADAMTS12,0.035000000000000045,0.5205943866712266,1.0
ACE,0.03500000000000009,0.9372319393764333,1.0
EGR3,0.035000000000000114,0.9867726179369976,1.0
PCSK4,0.03500000000000014,0.7780661870680045,1.0
OAZ3,0.03500000000000014,0.9141842025623018,1.0
H3C4,0.03500000000000014,0.940529226774238,1.0
TFCP2,0.03500000000002146,0.6604160308082985,1.0
GPATCH1,0.03999999999999915,0.7780661870680045,1.0
MCF2L2,0.03999999999999976,0.6160126376872717,1.0
CSAG3,0.039999999999999786,0.8879331364078507,1.0
DDC,0.039999999999999813,0.5506157599288712,1.0
KRT4,0.039999999999999813,0.7246132746430569,1.0
TNFSF4,0.03999999999999998,0.8715865700317355,1.0
ADGRF4,0.03999999999999998,0.9174727785181955,1.0
GHRL,0.03999999999999998,0.4810591760941474,1.0
GDAP1L1,0.039999999999999994,0.672470358702386,1.0
ADCY4,0.039999999999999994,0.8977644646746489,1.0
MAB21L4,0.039999999999999994,0.8650628677291835,1.0
PCP4,0.039999999999999994,0.7029710376341284,1.0
LRRC26,0.039999999999999994,0.9570298316837188,1.0
ELAVL3,0.039999999999999994,0.49667429717814027,1.0
SIM1,0.04,0.41658371785687753,1.0
OTOF,0.04,0.7433413319545803,1.0
MYOM3,0.04,0.534135262077375,1.0
ST18,0.04,0.40246294289693907,1.0
SYN2,0.04,0.8390642198295792,1.0
SVOPL,0.04,0.6424993873606966,1.0
LRFN5,0.04,0.6101923917365532,1.0
CFAP97D1,0.04,0.6306686675294741,1.0
TLL1,0.04000000000000001,0.5928800850110119,1.0
GCKR,0.04000000000000001,0.3978205467559196,1.0
CCDC62,0.04000000000000001,0.7812462624304687,1.0
CCR3,0.04000000000000001,0.8683235982021273,1.0
NEU4,0.04000000000000001,0.9240541123816033,1.0
RFPL4A,0.04000000000000001,0.4810591760941474,1.0
C1QTNF5,0.04000000000000001,0.7876173493946396,1.0
PAGE2B,0.04000000000000001,0.4940531510041464,1.0
CTF1,0.040000000000000036,0.9933860817420452,1.0
FANCB,0.040000000000000036,0.9306406489398111,1.0
NACA2,0.040000000000000036,0.996693012466618,1.0
CTSG,0.04000000000000009,0.5617400706970093,1.0
ZC3H12B,0.04000000000000009,0.37957605749041823,1.0
TMC5,0.04000000000000009,0.8683235982021273,1.0
TEX14,0.04000000000000009,0.6815668927944767,1.0
VIL1,0.04000000000000009,0.5928800850110119,1.0
IGSF10,0.04000000000000009,0.5205943866712266,1.0
TTN,0.04000000000000009,0.9570298316837188,1.0
STARD6,0.04000000000000009,0.4213548269831777,1.0
C19orf18,0.04000000000000009,0.5701539825270272,1.0
NXPH3,0.04000000000000009,0.7748898243174053,1.0
SOX18,0.04000000000000009,0.9372319393764333,1.0
TRHDE,0.040000000000000105,0.41658371785687753,1.0
KLHL4,0.040000000000000105,0.4334219309560736,1.0
PRDM12,0.040000000000000105,0.5396009774503636,1.0
POU4F1,0.040000000000000105,0.7748898243174053,1.0
JPH3,0.040000000000000105,0.7122180342879179,1.0
TTLL13P,0.040000000000000105,0.5314129258282958,1.0
TUBA3D,0.04000000000000012,0.7748898243174053,1.0
DCAF4L1,0.04000000000000012,0.6043966897165155,1.0
SNAI3,0.04000000000000012,0.6937677793437123,1.0
PAX8,0.04000000000000048,0.8358260965628809,1.0
ZNF821,0.040000000000000924,0.9900792646321629,1.0
CYB5D1,0.040000000000000924,0.7527634281491498,1.0
ZNF248,0.040000000000000924,0.8196782427441914,1.0
ALG6,0.040000000000004476,0.4213548269831777,1.0
ZBTB40,0.04499999999999815,0.9372319393764333,1.0
ZNF527,0.044999999999999485,0.45313919490861054,1.0
BMP6,0.04499999999999982,0.8618044330490108,1.0
GRIN3B,0.0449999999999999,0.7246132746430569,1.0
SLC30A4,0.04499999999999993,0.5423442984904308,1.0
IL22RA1,0.04499999999999993,0.5450945558532493,1.0
ZNF92,0.04499999999999993,0.8455485934494391,1.0
TTC39B,0.04499999999999993,0.40246294289693907,1.0
ZNF19,0.04499999999999993,0.5900167260288813,1.0
MX1,0.04499999999999993,0.7527634281491498,1.0
C2orf69,0.04499999999999993,0.9043275087039068,1.0
ZXDA,0.04499999999999993,0.8748517286674501,1.0
CGB7,0.044999999999999984,0.5843092048547895,1.0
LTF,0.045,0.9768542681907831,1.0
MIOX,0.045,0.3818280646769783,1.0
KRT23,0.04500000000000001,0.829358243536714,1.0
PDZD2,0.04500000000000004,0.8552946682228153,1.0
RASGRP3,0.04500000000000004,0.5259894390505462,1.0
IGF2,0.045000000000000095,0.8036064905718427,1.0
SLC15A2,0.04500000000000012,0.8164575944411389,1.0
LYPD3,0.04500000000000037,0.9735488709352259,1.0
DNAAF3,0.04500000000000082,0.842305069932857,1.0
ZDHHC14,0.04500000000000082,0.9010451411117566,1.0
TECPR1,0.045000000000001705,0.648449182304075,1.0
AGA,0.049999999999993605,0.7215075408530456,1.0
FAM107B,0.049999999999993605,0.8358260965628809,1.0
RBM12B,0.04999999999999716,0.47591416910232376,1.0
SCAPER,0.049999999999998934,0.9174727785181955,1.0
CD33,0.049999999999999795,0.8487947368200934,1.0
MMP10,0.049999999999999795,0.672470358702386,1.0
HOXB8,0.04999999999999982,0.9636356313037896,1.0
CITED4,0.04999999999999982,0.794002680192762,1.0
DNAH6,0.049999999999999906,0.5314129258282958,1.0
TOGARAM2,0.049999999999999906,0.7812462624304687,1.0
HSPB6,0.04999999999999999,0.8325907534174406,1.0
MYLK2,0.04999999999999999,0.9339357280136042,1.0
PCDH12,0.04999999999999999,0.9471268043847221,1.0
RAB41,0.04999999999999999,0.657416013591166,1.0
BNIPL,0.04999999999999999,0.7717172243455237,1.0
SPATA21,0.04999999999999999,0.5928800850110119,1.0
NOX4,0.049999999999999996,0.7972005596761405,1.0
ADGRE1,0.049999999999999996,1.0,1.0
GSG1,0.05,0.534135262077375,1.0
NDP,0.05,0.6336176395507085,1.0
ADGRB3,0.05,0.996693012466618,1.0
GIPC2,0.05,0.6015081344405899,1.0
SERPINA10,0.05,0.4631846485772054,1.0
FGD2,0.05,0.5561643473205113,1.0
GBP5,0.05,0.4914394238527241,1.0
DKK2,0.05,0.749618556161363,1.0
SLC2A14,0.05,0.5396009774503636,1.0
RPRML,0.05,0.5561643473205113,1.0
PIWIL2,0.05,0.8487947368200934,1.0
SLC26A4,0.05000000000000002,0.996693012466618,1.0
FITM1,0.05000000000000002,0.829358243536714,1.0
PRR29,0.05000000000000002,0.5259894390505462,1.0
SIRT4,0.050000000000000044,0.8552946682228153,1.0
TGM1,0.050000000000000044,0.9933860817420452,1.0
GPT,0.050000000000000044,0.45313919490861054,1.0
CHRDL1,0.0500000000000001,0.5757964313912116,1.0
FGF8,0.0500000000000001,0.6247883740723336,1.0
DUOX1,0.0500000000000001,0.8100256403943001,1.0
SLC13A4,0.0500000000000001,0.9372319393764333,1.0
MYO7B,0.0500000000000001,0.737081122297987,1.0
PLAC8L1,0.0500000000000001,0.40246294289693907,1.0
TMEM270,0.0500000000000001,0.858548348480541,1.0
TNFRSF18,0.0500000000000001,0.8748517286674501,1.0
EPS8L3,0.0500000000000001,0.40948712684432786,1.0
LTA,0.0500000000000001,0.40013769753329187,1.0
C1orf210,0.0500000000000001,0.9076115119079285,1.0
CT45A1,0.0500000000000001,0.737081122297987,1.0
TAS2R4,0.05000000000000013,0.9339357280136042,1.0
MEF2B,0.050000000000000266,0.4810591760941474,1.0
RAD52,0.05000000000000071,0.8944855348490495,1.0
CEP68,0.05000000000000071,0.6664324268587869,1.0
SNX27,0.05000000000000071,0.8358260965628809,1.0
USP24,0.05000000000000071,0.9537280097577494,1.0
TAF4,0.05000000000000426,0.9768542681907831,1.0
INVS,0.05000000000000604,0.9669394958014216,1.0
B9D2,0.05499999999999794,0.547851719712373,1.0
CABIN1,0.054999999999999716,0.9669394958014216,1.0
FAM126B,0.054999999999999716,0.6101923917365532,1.0
DHFR2,0.054999999999999716,0.749618556161363,1.0
ARMCX6,0.054999999999999716,0.9471268043847221,1.0
PCDHB6,0.0549999999999998,0.8196782427441914,1.0
DNAI1,0.0549999999999998,0.5314129258282958,1.0
SPNS3,0.05499999999999988,0.9801600629440878,1.0
NUTM2G,0.05499999999999988,0.41896527683459084,1.0
GDPGP1,0.05499999999999994,0.8164575944411389,1.0
GPRASP1,0.05499999999999994,0.657416013591166,1.0
CPA5,0.055,0.9636356313037896,1.0
ZNF135,0.055,0.6043966897165155,1.0
RHCG,0.05500000000000001,0.5506157599288712,1.0
PCDHA2,0.05500000000000001,0.7402090762983753,1.0
HYAL1,0.05500000000000005,0.842305069932857,1.0
APC2,0.05500000000000005,0.8748517286674501,1.0
OSCAR,0.055000000000000104,0.39551150205256314,1.0
C17orf100,0.05500000000000016,0.6072914543107184,1.0
ABCF1,0.05999999999999517,0.4407571178182137,1.0
SPDEF,0.059999999999999803,0.9537280097577494,1.0
CATSPERE,0.059999999999999803,0.5368646222462607,1.0
ZC3H6,0.05999999999999983,0.8879331364078507,1.0
EPN3,0.06,0.9076115119079285,1.0
ISM1,0.06,0.4071376698379916,1.0
SOX5,0.06,0.4432179029796727,1.0
SCGB1A1,0.06,0.8229019354214293,1.0
KRTDAP,0.06,0.6514325482434398,1.0
TEX22,0.06,0.5701539825270272,1.0
RAD21L1,0.06,0.737081122297987,1.0
SMIM6,0.06,0.40246294289693907,1.0
SLC6A11,0.060000000000000005,0.5506157599288712,1.0
EDNRA,0.060000000000000005,0.5701539825270272,1.0
MYL3,0.060000000000000005,0.9768542681907831,1.0
CD163,0.060000000000000005,0.40948712684432786,1.0
NKX1-2,0.060000000000000005,0.39321057459276376,1.0
OVGP1,0.06000000000000005,0.7908082597408556,1.0
NFATC1,0.06000000000000005,0.8846597782463905,1.0
MARCHF1,0.06000000000000005,0.7433413319545803,1.0
CATSPER3,0.06000000000000005,0.6247883740723336,1.0
ABI3BP,0.06000000000000005,0.749618556161363,1.0
OXCT2,0.06000000000000005,0.8650628677291835,1.0
KRTAP2-3,0.06000000000000005,0.7527634281491498,1.0
SLC28A3,0.060000000000000095,0.5900167260288813,1.0
ARHGAP9,0.06000000000000011,0.829358243536714,1.0
HS3ST3B1,0.06000000000000011,0.672470358702386,1.0
HYDIN,0.06000000000000011,0.7844300000516808,1.0
LPAR3,0.06000000000000011,0.8977644646746489,1.0
SPDYE2B,0.06000000000000011,0.9735488709352259,1.0
ZNF382,0.0600000000000005,0.5701539825270272,1.0
PLEKHM3,0.0600000000000005,0.8358260965628809,1.0
ZNF684,0.06000000000000094,0.8325907534174406,1.0
LZTS3,0.060000000000001386,0.9076115119079285,1.0
FAF2,0.060000000000002274,0.9471268043847221,1.0
NT5C2,0.06499999999998352,0.8036064905718427,1.0
KDM2A,0.06499999999998352,0.6937677793437123,1.0
ECSIT,0.06499999999999417,0.7091309176902658,1.0
ZC2HC1C,0.0649999999999995,0.950426981824129,1.0
CAMKMT,0.0649999999999995,0.5232883447117399,1.0
PRR5-ARHGAP8,0.06499999999999984,0.8879331364078507,1.0
RDH12,0.06499999999999989,0.6846094685667796,1.0
SH3GL3,0.06499999999999989,0.7153098743639731,1.0
PRSS35,0.06499999999999989,0.7844300000516808,1.0
BEND6,0.06499999999999995,0.4631846485772054,1.0
GXYLT2,0.06499999999999995,0.7812462624304687,1.0
H4C3,0.06499999999999995,0.7908082597408556,1.0
ERC2,0.065,0.9933860817420452,1.0
PLGLB2,0.06500000000000006,0.6998983649396864,1.0
B3GNT7,0.06500000000000006,0.39321057459276376,1.0
CAMK2B,0.06500000000000009,0.648449182304075,1.0
PAK3,0.0650000000000001,0.4213548269831777,1.0
ANKRD7,0.06500000000000011,0.4682535513976369,1.0
NPIPB15,0.06500000000000061,0.44816295439279763,1.0
USP42,0.06500000000000128,0.7622224999271966,1.0
SLX4,0.06999999999999806,0.5396009774503636,1.0
ARPIN,0.0699999999999994,0.9273467583508952,1.0
FBXO24,0.06999999999999978,0.9834661984477937,1.0
GPM6A,0.06999999999999981,0.621857129896537,1.0
RNASE10,0.06999999999999981,0.6277255661132192,1.0
GALNT9,0.06999999999999981,0.6815668927944767,1.0
NRARP,0.06999999999999984,0.47848289419213597,1.0
ZNF709,0.06999999999999984,0.8261286199203182,1.0
VGLL1,0.0699999999999999,0.40479627104040006,1.0
KLK5,0.0699999999999999,0.648449182304075,1.0
DISP3,0.06999999999999991,0.7653835124598296,1.0
MOV10L1,0.06999999999999999,0.6015081344405899,1.0
GOLGA8M,0.07,0.6544215056598512,1.0
ST8SIA5,0.07000000000000009,0.4631846485772054,1.0
TM6SF1,0.07000000000000009,0.5179075922305545,1.0
CSAG1,0.07000000000000009,0.7590654489309898,1.0
MSMP,0.07000000000000009,0.37957605749041823,1.0
KCNF1,0.0700000000000001,0.8261286199203182,1.0
TM6SF2,0.0700000000000001,0.47591416910232376,1.0
ODR4,0.07000000000000028,0.6937677793437123,1.0
CAPN3,0.0700000000000005,0.940529226774238,1.0
SMARCAL1,0.07000000000000206,0.9636356313037896,1.0
FBXO34,0.07000000000000206,0.8944855348490495,1.0
SIN3A,0.07000000000000384,0.6306686675294741,1.0
LUC7L2,0.07499999999996732,0.9010451411117566,1.0
ZNF436,0.0749999999999984,0.696830597247795,1.0
OXSM,0.07499999999999929,0.4118446292938597,1.0
CALCRL,0.07499999999999979,0.4914394238527241,1.0
TRPV3,0.07499999999999987,0.5259894390505462,1.0
AOAH,0.0749999999999999,0.4836429926527509,1.0
PDE3A,0.0749999999999999,0.6247883740723336,1.0
RND1,0.07499999999999996,0.9834661984477937,1.0
VPREB1,0.075,0.5314129258282958,1.0
RSAD2,0.07500000000000007,0.7433413319545803,1.0
CACNG8,0.0750000000000001,0.5396009774503636,1.0
CRABP1,0.0750000000000001,0.6514325482434398,1.0
RASIP1,0.07500000000000012,0.8781190194469978,1.0
SPON1,0.07500000000000012,0.858548348480541,1.0
C14orf28,0.07500000000000018,0.9537280097577494,1.0
CDC40,0.07500000000000107,0.9669394958014216,1.0
ACOT1,0.07500000000000195,0.8068144389745125,1.0
PHF11,0.0799999999999983,0.6754972946848711,1.0
FAM122A,0.0799999999999983,0.858548348480541,1.0
PDIK1L,0.07999999999999918,0.8036064905718427,1.0
PIH1D2,0.07999999999999963,0.7184063919514614,1.0
OMP,0.0799999999999998,0.940529226774238,1.0
EGR2,0.07999999999999985,0.5286976420682703,1.0
CGNL1,0.07999999999999985,0.9108970950967655,1.0
FAM209A,0.0799999999999999,0.43585911500840513,1.0
EFCAB5,0.0799999999999999,0.4285712791158539,1.0
TMEM269,0.0799999999999999,0.5314129258282958,1.0
PRSS2,0.0799999999999999,0.46571526862558976,1.0
FBXL13,0.07999999999999996,0.9537280097577494,1.0
GPR137C,0.07999999999999996,0.8879331364078507,1.0
SPATA45,0.08,0.45064718510155777,1.0
MT1M,0.08,0.5072325853424271,1.0
TMEM178A,0.08000000000000002,0.7184063919514614,1.0
HMSD,0.08000000000000002,0.7685484371305833,1.0
RBL1,0.08000000000000007,0.794002680192762,1.0
NID2,0.08000000000000007,0.8944855348490495,1.0
GNRH1,0.08000000000000007,0.737081122297987,1.0
STOX1,0.08000000000000007,0.8650628677291835,1.0
NAA16,0.08000000000000007,0.7780661870680045,1.0
TNFRSF10D,0.08000000000000007,0.657416013591166,1.0
GPR156,0.08000000000000007,0.6395330389318583,1.0
GRAMD1C,0.08000000000000007,0.9174727785181955,1.0
RASD1,0.0800000000000001,0.9636356313037896,1.0
AVPR2,0.0800000000000001,0.9076115119079285,1.0
RIPPLY3,0.0800000000000001,0.7844300000516808,1.0
AC004593.2,0.0800000000000001,0.43585911500840513,1.0
ALOXE3,0.08000000000000013,0.45563896523052283,1.0
SYNE4,0.08000000000000013,0.7060485703056018,1.0
IL17RE,0.08000000000000063,0.4118446292938597,1.0
HERPUD2,0.08000000000000362,0.9603323910593005,1.0
PPAT,0.08000000000000895,0.9043275087039068,1.0
MYBL1,0.08499999999999375,0.9669394958014216,1.0
SMCR8,0.08499999999999908,0.7972005596761405,1.0
IL20RB,0.0849999999999993,0.7653835124598296,1.0
C3orf18,0.08499999999999952,0.4810591760941474,1.0
LRRIQ1,0.0849999999999998,0.737081122297987,1.0
CAVIN4,0.08499999999999985,0.9603323910593005,1.0
FOXP2,0.08499999999999991,0.5900167260288813,1.0
CCDC13,0.08499999999999991,0.8196782427441914,1.0
IL27RA,0.08499999999999996,0.5617400706970093,1.0
CLDND2,0.08499999999999996,0.7622224999271966,1.0
CHURC1-FNTB,0.08500000000000008,0.4237523539300838,1.0
WDR97,0.08500000000000008,0.6907099557705141,1.0
CHRM4,0.08500000000000008,0.8715865700317355,1.0
NTM,0.08500000000000008,0.9900792646321629,1.0
ITGBL1,0.08500000000000008,0.9339357280136042,1.0
ANKRD20A1,0.08500000000000008,0.5957497963320737,1.0
BEST3,0.0850000000000001,0.6454714485353458,1.0
LRRC70,0.0850000000000001,0.42615784298026116,1.0
HHIP,0.08500000000000013,0.40948712684432786,1.0
C22orf23,0.08500000000000019,0.7876173493946396,1.0
CKB,0.08500000000000085,0.5617400706970093,1.0
RTCB,0.0899999999999892,0.8004018469425622,1.0
GNG14,0.0899999999999998,0.7653835124598296,1.0
ZNF549,0.08999999999999986,0.940529226774238,1.0
NTS,0.08999999999999986,0.7812462624304687,1.0
TTYH1,0.08999999999999986,0.5450945558532493,1.0
DLK2,0.08999999999999986,0.8229019354214293,1.0
ELN,0.08999999999999989,0.6043966897165155,1.0
RBP4,0.08999999999999989,0.9207627671027185,1.0
KAAG1,0.08999999999999989,0.5533866460521025,1.0
SPANXC,0.09,0.6664324268587869,1.0
TEX46,0.09,0.47335302265608303,1.0
VPREB3,0.09000000000000008,0.7153098743639731,1.0
UPK2,0.09000000000000011,0.7653835124598296,1.0
HGD,0.09000000000000011,0.8977644646746489,1.0
CDRT15,0.09000000000000011,0.9273467583508952,1.0
LRRC39,0.09000000000000014,0.49667429717814027,1.0
NELL2,0.09000000000000014,0.9141842025623018,1.0
HSD11B2,0.09000000000000019,0.5045820072621465,1.0
CCDC113,0.0900000000000003,0.6604160308082985,1.0
ANXA2R,0.0900000000000003,0.4940531510041464,1.0
PTP4A3,0.0900000000000003,0.9801600629440878,1.0
LTB4R2,0.09000000000000075,0.8487947368200934,1.0
ELP3,0.09499999999999531,0.6130994652172653,1.0
APEX2,0.09499999999999709,0.6815668927944767,1.0
PPM1E,0.09499999999999989,0.6846094685667796,1.0
GCOM1,0.09499999999999992,0.5045820072621465,1.0
DRP2,0.09499999999999997,0.5729719113688719,1.0
NPIPA8,0.09499999999999997,0.9141842025623018,1.0
VWA7,0.09500000000000008,0.8261286199203182,1.0
ZNF630,0.09500000000000008,0.9141842025623018,1.0
PTN,0.09500000000000014,0.9867726179369976,1.0
PRRX1,0.09500000000000014,0.9207627671027185,1.0
URGCP-MRPS24,0.09500000000000014,0.4334219309560736,1.0
TNRC6C,0.0950000000000002,0.8781190194469978,1.0
NPFF,0.0950000000000002,0.7433413319545803,1.0
MAP1LC3B2,0.0950000000000002,0.8390642198295792,1.0
MED23,0.09500000000000064,0.6424993873606966,1.0
TNPO3,0.09500000000000242,0.8650628677291835,1.0
LRP11,0.09500000000000242,0.9801600629440878,1.0
NOM1,0.09500000000000597,0.6247883740723336,1.0
YDJC,0.09500000000001307,0.5673426777793709,1.0
DET1,0.09999999999999742,0.7215075408530456,1.0
HTD2,0.09999999999999787,0.40013769753329187,1.0
CACNB1,0.09999999999999964,0.5957497963320737,1.0
SLC2A4,0.09999999999999981,0.49930283827853317,1.0
UGT1A6,0.09999999999999987,0.9306406489398111,1.0
C17orf107,0.09999999999999987,0.3886331144942722,1.0
IL24,0.0999999999999999,0.6876571708271936,1.0
IZUMO1,0.0999999999999999,0.794002680192762,1.0
INSC,0.0999999999999999,0.8552946682228153,1.0
COL10A1,0.09999999999999991,0.6306686675294741,1.0
HOPX,0.09999999999999991,0.8977644646746489,1.0
FCER1G,0.10000000000000009,0.636572443127301,1.0
COX6B2,0.10000000000000009,0.8004018469425622,1.0
C4orf36,0.10000000000000009,0.8196782427441914,1.0
CLDN20,0.10000000000000009,0.737081122297987,1.0
RBM43,0.10000000000000009,0.5314129258282958,1.0
CDNF,0.10000000000000009,0.9735488709352259,1.0
SLC6A14,0.1000000000000001,0.8358260965628809,1.0
FOXQ1,0.10000000000000014,0.9636356313037896,1.0
CCDC151,0.10000000000000014,0.45313919490861054,1.0
H3C15,0.1000000000000002,0.6189318717934644,1.0
ZNF773,0.10000000000000053,0.8390642198295792,1.0
MORC2,0.10000000000000142,0.8229019354214293,1.0
MOB1B,0.10000000000000142,0.6189318717934644,1.0
UNC50,0.10499999999998977,0.5045820072621465,1.0
GCDH,0.10499999999999687,0.636572443127301,1.0
ANKRD33B,0.10499999999999954,0.6160126376872717,1.0
INAFM1,0.10499999999999954,0.7184063919514614,1.0
AMIGO3,0.10499999999999976,0.9306406489398111,1.0
NIPSNAP3B,0.10499999999999987,0.940529226774238,1.0
ZNF311,0.10499999999999998,0.5986258246782183,1.0
CRYGS,0.10499999999999998,0.9636356313037896,1.0
ADAT3,0.10499999999999998,0.4118446292938597,1.0
PLA2R1,0.1050000000000001,0.6664324268587869,1.0
NOTUM,0.1050000000000001,0.7339575177052757,1.0
BHLHB9,0.1050000000000001,0.7559124086715863,1.0
RARRES1,0.10500000000000015,0.8068144389745125,1.0
GTDC1,0.10500000000000043,0.5533866460521025,1.0
REEP3,0.10500000000000043,0.7844300000516808,1.0
SCML1,0.1050000000000022,0.41658371785687753,1.0
THBS3,0.1050000000000022,0.950426981824129,1.0
MRPL23,0.10500000000001819,0.7780661870680045,1.0
ZNF564,0.10999999999999854,0.6015081344405899,1.0
PNPLA4,0.10999999999999943,0.7464778413011777,1.0
DMWD,0.10999999999999943,0.9900792646321629,1.0
MROH8,0.10999999999999976,0.5072325853424271,1.0
KRT13,0.10999999999999988,0.6015081344405899,1.0
PGBD4,0.10999999999999988,0.38635660260863647,1.0
PKP1,0.1099999999999999,0.4309926469959029,1.0
NUDT10,0.1099999999999999,0.9735488709352259,1.0
ALX1,0.1099999999999999,0.829358243536714,1.0
FGF1,0.1100000000000001,0.9537280097577494,1.0
TAL2,0.11000000000000013,0.8748517286674501,1.0
ASAP3,0.11000000000000032,0.737081122297987,1.0
MAST1,0.11000000000000032,0.7464778413011777,1.0
TBC1D32,0.11000000000000032,0.8748517286674501,1.0
ZNF569,0.11000000000000076,0.6160126376872717,1.0
CDPF1,0.11000000000000121,0.5843092048547895,1.0
NUP107,0.11000000000000654,0.45064718510155777,1.0
MYNN,0.11000000000000831,0.5871597544033558,1.0
TRMO,0.11499999999999666,0.5986258246782183,1.0
JADE2,0.11499999999999844,0.9900792646321629,1.0
COMMD10,0.11499999999999844,0.9867726179369976,1.0
APOA2,0.1149999999999998,0.7246132746430569,1.0
HHIPL2,0.11499999999999988,0.813240042910631,1.0
COL5A3,0.11499999999999991,0.4836429926527509,1.0
COMMD3-BMI1,0.11499999999999999,0.8068144389745125,1.0
H2BC7,0.11499999999999999,0.5314129258282958,1.0
GET1-SH3BGR,0.11499999999999999,0.5757964313912116,1.0
BCL11A,0.1150000000000001,0.6015081344405899,1.0
VGLL3,0.1150000000000001,0.9240541123816033,1.0
GPR63,0.11500000000000016,0.9933860817420452,1.0
ZFAND4,0.11500000000000066,0.9372319393764333,1.0
BAP1,0.11999999999998323,0.9669394958014216,1.0
ZNF597,0.11999999999999944,0.7277235466695502,1.0
B3GALT4,0.11999999999999966,0.8813883875991326,1.0
DENND2A,0.11999999999999988,0.8520434463522804,1.0
ZNF782,0.11999999999999988,0.7433413319545803,1.0
MMP28,0.11999999999999988,0.7184063919514614,1.0
CGB5,0.11999999999999991,0.43585911500840513,1.0
TFCP2L1,0.1200000000000001,0.7748898243174053,1.0
C16orf46,0.1200000000000001,0.8683235982021273,1.0
DENND2C,0.1200000000000001,0.5757964313912116,1.0
CCDC7,0.1200000000000001,1.0,1.0
NEURL3,0.12000000000000013,0.5871597544033558,1.0
ZNF514,0.12000000000000188,0.8944855348490495,1.0
SCFD1,0.12000000000001165,0.42615784298026116,1.0
C9orf85,0.12499999999999822,0.5645380297349106,1.0
LIMS3,0.12499999999999956,0.9438275338976189,1.0
EXPH5,0.12499999999999989,0.9570298316837188,1.0
SERPINB7,0.12499999999999989,0.7590654489309898,1.0
CEP41,0.125,0.6454714485353458,1.0
IPPK,0.125,0.996693012466618,1.0
C4orf33,0.125,0.7029710376341284,1.0
PFN4,0.125,0.7433413319545803,1.0
DNLZ,0.125,0.7060485703056018,1.0
TNFRSF25,0.125,0.6454714485353458,1.0
TMEM185A,0.125,0.5423442984904308,1.0
RPS6KA6,0.12500000000000006,1.0,1.0
NKD1,0.12500000000000006,0.8977644646746489,1.0
SP5,0.1250000000000001,0.829358243536714,1.0
SYCP2L,0.12500000000000017,0.5019387498867459,1.0
C4A,0.1250000000000009,0.5314129258282958,1.0
ZNF687,0.12500000000000355,1.0,1.0
NCKIPSD,0.12500000000000533,0.9339357280136042,1.0
CCDC80,0.12999999999999723,0.5673426777793709,1.0
FOXP1,0.129999999999999,0.5589488326624473,1.0
ASDURF,0.12999999999999967,0.6846094685667796,1.0
RTN1,0.1299999999999999,0.7653835124598296,1.0
NINJ2,0.1299999999999999,0.5757964313912116,1.0
DNAH2,0.1299999999999999,0.813240042910631,1.0
CD4,0.12999999999999992,0.5205943866712266,1.0
RYR3,0.12999999999999995,0.4606617114605923,1.0
CHI3L1,0.1300000000000001,0.39091777522840465,1.0
WNK4,0.13000000000000012,0.996693012466618,1.0
TNS4,0.13000000000000012,0.8487947368200934,1.0
MATN1,0.13000000000000012,0.5314129258282958,1.0
KBTBD8,0.13000000000000012,0.8618044330490108,1.0
SPDYA,0.13000000000000017,0.6604160308082985,1.0
ACAP1,0.13000000000000034,0.8068144389745125,1.0
RTKN2,0.13000000000000034,0.9043275087039068,1.0
TSTD3,0.13000000000000034,0.9768542681907831,1.0
ADAT2,0.13000000000000078,0.5205943866712266,1.0
ZNF816,0.13000000000000123,0.6015081344405899,1.0
WDR26,0.134999999999998,0.8164575944411389,1.0
ZNF143,0.134999999999998,0.8552946682228153,1.0
FBXL18,0.1349999999999989,0.5019387498867459,1.0
NR2F1,0.13499999999999934,0.9339357280136042,1.0
JHY,0.13499999999999956,0.6846094685667796,1.0
SWT1,0.1349999999999998,0.9867726179369976,1.0
FANCC,0.1349999999999998,0.8618044330490108,1.0
KCNMB3,0.1349999999999998,0.9372319393764333,1.0
C1QTNF12,0.1349999999999998,0.6189318717934644,1.0
KCNH4,0.1349999999999999,0.45563896523052283,1.0
TNF,0.1349999999999999,0.4606617114605923,1.0
IL23A,0.135,0.8683235982021273,1.0
TAS2R5,0.135,0.5729719113688719,1.0
KLHL35,0.135,0.621857129896537,1.0
BMPER,0.13500000000000018,0.45563896523052283,1.0
SLC35F3,0.13500000000000018,0.648449182304075,1.0
NIPAL2,0.13500000000000023,0.829358243536714,1.0
DAB2,0.13500000000000156,0.696830597247795,1.0
SIRT1,0.13500000000000334,0.6072914543107184,1.0
GNA13,0.13999999999999346,0.9834661984477937,1.0
AP4M1,0.13999999999999346,0.9240541123816033,1.0
ARMC6,0.13999999999999702,0.996693012466618,1.0
TMPRSS9,0.13999999999999985,0.4456865210409048,1.0
ANOS1,0.1399999999999999,0.8813883875991326,1.0
CCDC181,0.13999999999999993,0.6395330389318583,1.0
MGAT3,0.13999999999999999,0.7184063919514614,1.0
RNF112,0.14000000000000012,0.8325907534174406,1.0
SP1,0.14000000000001123,0.8879331364078507,1.0
NARF,0.14499999999998892,0.7277235466695502,1.0
GPC2,0.14499999999999913,0.9900792646321629,1.0
CYP2J2,0.14499999999999957,0.9141842025623018,1.0
NUDT19,0.14499999999999957,0.8100256403943001,1.0
UCN,0.1449999999999998,0.5045820072621465,1.0
MAMSTR,0.1449999999999998,0.8912084070019073,1.0
CST7,0.1449999999999999,0.5125556017624364,1.0
IL7,0.14500000000000002,0.7908082597408556,1.0
MMRN2,0.14500000000000002,0.940529226774238,1.0
MUSTN1,0.14500000000000002,0.6189318717934644,1.0
ADAM28,0.14500000000000007,0.6395330389318583,1.0
FBLN5,0.14500000000000013,0.5786275093766506,1.0
KCTD14,0.14500000000000024,0.8487947368200934,1.0
RPAP3,0.14500000000000313,0.8813883875991326,1.0
NRP1,0.14999999999998082,0.8164575944411389,1.0
ARCN1,0.14999999999999147,0.7780661870680045,1.0
PCNX4,0.14999999999999858,0.7402090762983753,1.0
SPATA2L,0.14999999999999858,0.7622224999271966,1.0
NUDT17,0.14999999999999858,0.8618044330490108,1.0
CFAP69,0.14999999999999947,0.7972005596761405,1.0
BORCS6,0.14999999999999947,0.7308383100563765,1.0
LYZ,0.1499999999999999,0.6937677793437123,1.0
ABHD1,0.1499999999999999,0.6815668927944767,1.0
CALHM5,0.1499999999999999,0.44816295439279763,1.0
LEKR1,0.1499999999999999,0.6424993873606966,1.0
ERICH5,0.15,0.8879331364078507,1.0
SCAI,0.15000000000000013,0.6907099557705141,1.0
GOLGA8Q,0.1500000000000002,0.6336176395507085,1.0
SPART,0.15000000000000568,0.6101923917365532,1.0
CORO2A,0.1549999999999998,0.5757964313912116,1.0
KPNA7,0.1549999999999999,0.3818280646769783,1.0
TRPM6,0.15499999999999992,0.5314129258282958,1.0
H2AC15,0.15499999999999992,0.858548348480541,1.0
TIGD3,0.15499999999999997,0.8977644646746489,1.0
LRRN4,0.155,0.794002680192762,1.0
NPTX1,0.1550000000000001,0.7653835124598296,1.0
HBA1,0.1550000000000002,0.9076115119079285,1.0
ZNF678,0.15500000000000025,0.7184063919514614,1.0
LARP1B,0.15500000000000114,0.9570298316837188,1.0
ZNF140,0.15500000000000114,0.8229019354214293,1.0
ZNF10,0.15500000000000114,0.45563896523052283,1.0
ZFYVE1,0.15500000000000203,0.9207627671027185,1.0
MRPL46,0.15999999999998948,0.6846094685667796,1.0
ORC1,0.15999999999999837,0.636572443127301,1.0
KLF16,0.15999999999999837,0.5232883447117399,1.0
KLHL28,0.15999999999999925,0.950426981824129,1.0
CYP27A1,0.1599999999999996,0.5673426777793709,1.0
AURKC,0.15999999999999992,0.5729719113688719,1.0
NPIPB11,0.15999999999999992,0.9636356313037896,1.0
CDHR5,0.1600000000000001,0.9010451411117566,1.0
MB21D2,0.16000000000000014,0.6160126376872717,1.0
SYCE1L,0.16000000000000014,0.7527634281491498,1.0
DHRS12,0.16000000000000103,0.9933860817420452,1.0
PRR4,0.16000000000000147,0.9174727785181955,1.0
AMBRA1,0.16499999999999382,0.7908082597408556,1.0
PTGES,0.16499999999999915,0.950426981824129,1.0
ANKRD61,0.1649999999999998,0.4606617114605923,1.0
RAB39B,0.165,0.9306406489398111,1.0
SOX15,0.16500000000000004,0.7876173493946396,1.0
SCNN1D,0.16500000000000004,0.7622224999271966,1.0
RFLNA,0.16500000000000012,0.648449182304075,1.0
DCN,0.16500000000000015,0.7246132746430569,1.0
ZNF317,0.16500000000000803,0.9043275087039068,1.0
RIOK1,0.16999999999999815,0.4888331394973101,1.0
INTS12,0.16999999999999815,0.7060485703056018,1.0
NUDT4B,0.16999999999999904,0.6336176395507085,1.0
ZNF551,0.16999999999999904,0.7122180342879179,1.0
ZNF285,0.1699999999999997,0.8520434463522804,1.0
PABPC4L,0.1699999999999999,0.7559124086715863,1.0
SENP1,0.16999999999999993,0.6544215056598512,1.0
USP6NL,0.16999999999999993,0.8100256403943001,1.0
PLAG1,0.16999999999999993,0.6015081344405899,1.0
HYKK,0.17000000000000037,0.858548348480541,1.0
H2AC20,0.17000000000000082,0.41658371785687753,1.0
PPP3CC,0.1700000000000017,0.636572443127301,1.0
SCRN3,0.1700000000000017,0.7215075408530456,1.0
TBCE,0.1700000000000017,0.9471268043847221,1.0
SLC4A2,0.17000000000001592,0.8683235982021273,1.0
SLC35B4,0.17499999999999716,0.5152279883728814,1.0
LPCAT2,0.17499999999999805,0.9801600629440878,1.0
C2,0.17499999999999993,0.5045820072621465,1.0
CCR10,0.17500000000000004,0.9900792646321629,1.0
ARHGAP6,0.1750000000000001,0.7527634281491498,1.0
FASTKD2,0.17999999999999616,0.7246132746430569,1.0
AUH,0.17999999999999794,0.8879331364078507,1.0
U2AF1L4,0.17999999999999972,0.6544215056598512,1.0
STAB2,0.17999999999999988,0.5986258246782183,1.0
MORN3,0.17999999999999988,0.657416013591166,1.0
ADAM32,0.17999999999999988,0.6454714485353458,1.0
CACNG4,0.18,0.9240541123816033,1.0
CAMKK1,0.1800000000000006,0.8650628677291835,1.0
CCDC92,0.1800000000000015,0.7339575177052757,1.0
LARS2,0.18000000000000504,0.9339357280136042,1.0
NBEAL2,0.18000000000000682,0.829358243536714,1.0
C8orf76,0.18499999999999517,0.45563896523052283,1.0
CRLF3,0.18499999999999694,0.7433413319545803,1.0
ANKRD9,0.1849999999999996,0.6664324268587869,1.0
ZNF284,0.18500000000000005,0.9010451411117566,1.0
PRDM15,0.1850000000000005,0.5045820072621465,1.0
ZNF566,0.18500000000000183,0.9240541123816033,1.0
RIPK1,0.18999999999999773,0.6694487219140669,1.0
MAGI3,0.18999999999999861,0.749618556161363,1.0
NUDT6,0.18999999999999861,0.829358243536714,1.0
FKBPL,0.1899999999999995,0.813240042910631,1.0
SLC37A2,0.18999999999999984,0.5900167260288813,1.0
DNASE1L2,0.18999999999999995,0.8552946682228153,1.0
KLK14,0.18999999999999997,0.7464778413011777,1.0
TNFSF15,0.19,0.6424993873606966,1.0
CLDN9,0.1900000000000001,0.794002680192762,1.0
FXYD3,0.19000000000000017,0.5506157599288712,1.0
TMEM47,0.19000000000000017,0.4606617114605923,1.0
ZSCAN5A,0.1900000000000004,0.5423442984904308,1.0
ZNF484,0.19000000000000083,0.7559124086715863,1.0
GPR75,0.19499999999999917,0.7717172243455237,1.0
C15orf65,0.1949999999999994,0.9570298316837188,1.0
DYSF,0.19499999999999962,0.9273467583508952,1.0
MYH15,0.1949999999999999,0.7122180342879179,1.0
OR51B5,0.1949999999999999,0.5205943866712266,1.0
GOLGA8N,0.19500000000000006,0.6815668927944767,1.0
TLCD2,0.19500000000000028,0.6015081344405899,1.0
INAFM2,0.19500000000000028,0.858548348480541,1.0
MPP2,0.19500000000000117,0.7402090762983753,1.0
PI4K2B,0.19500000000000206,0.6876571708271936,1.0
POLA1,0.1950000000000074,0.9240541123816033,1.0
ZFP64,0.19999999999998863,0.9735488709352259,1.0
POU6F1,0.1999999999999993,0.4940531510041464,1.0
LY6K,0.1999999999999995,0.49930283827853317,1.0
ATP6V0D2,0.1999999999999999,0.3886331144942722,1.0
ADAMTS5,0.1999999999999999,0.4213548269831777,1.0
EVC2,0.1999999999999999,0.8650628677291835,1.0
IGSF9B,0.19999999999999996,0.5179075922305545,1.0
DHDH,0.19999999999999996,0.996693012466618,1.0
RASA2,0.20000000000000018,0.6043966897165155,1.0
CEP97,0.20000000000000018,0.6544215056598512,1.0
HERC6,0.20000000000000062,0.5098904587440031,1.0
BEND3,0.20000000000000062,0.8650628677291835,1.0
C11orf71,0.20000000000000107,0.9339357280136042,1.0
STK4,0.20000000000000995,0.8390642198295792,1.0
TBC1D16,0.20499999999999474,0.621857129896537,1.0
DZIP3,0.20499999999999918,0.9537280097577494,1.0
CNKSR1,0.20499999999999996,0.6336176395507085,1.0
KIAA0408,0.20500000000000002,0.7717172243455237,1.0
ERICH2,0.20500000000000002,0.4810591760941474,1.0
SAP25,0.20500000000000007,0.7464778413011777,1.0
ZNF891,0.20500000000000007,0.9076115119079285,1.0
ZNF568,0.20500000000000074,0.6815668927944767,1.0
ZDHHC4,0.20999999999998664,0.5561643473205113,1.0
NFYC,0.20999999999999375,0.8229019354214293,1.0
ADAMTS1,0.2099999999999973,0.5701539825270272,1.0
TTC12,0.20999999999999908,0.3886331144942722,1.0
FAM217A,0.20999999999999988,0.45814647715894785,1.0
TENM2,0.2099999999999999,0.657416013591166,1.0
MAGEA2,0.2099999999999999,0.696830597247795,1.0
ANKRD29,0.20999999999999996,0.9702439279042832,1.0
FRRS1,0.20999999999999996,0.5506157599288712,1.0
PDZK1IP1,0.20999999999999996,0.648449182304075,1.0
FAM166C,0.20999999999999996,0.7972005596761405,1.0
FUT4,0.20999999999999996,0.8715865700317355,1.0
TMEM145,0.21000000000000008,0.5645380297349106,1.0
DOCK2,0.2100000000000002,0.5589488326624473,1.0
LCORL,0.21000000000000085,0.9010451411117566,1.0
MED17,0.2100000000000044,0.7339575177052757,1.0
CARM1,0.21000000000000796,0.9735488709352259,1.0
RNF185,0.21499999999999986,0.4334219309560736,1.0
REL,0.21499999999999986,0.9603323910593005,1.0
GUCY1B1,0.21500000000000008,0.8358260965628809,1.0
SPTLC3,0.21500000000000052,0.8455485934494391,1.0
ZFAND3,0.21999999999997044,0.6424993873606966,1.0
THEM4,0.2199999999999971,0.5986258246782183,1.0
PDGFRA,0.21999999999999978,0.4888331394973101,1.0
CDHR2,0.21999999999999997,0.4071376698379916,1.0
FBXO36,0.21999999999999997,0.9108970950967655,1.0
TLR1,0.21999999999999997,0.6785294870658231,1.0
RIMS2,0.21999999999999997,0.6998983649396864,1.0
SHISA3,0.22,0.42615784298026116,1.0
HLA-G,0.22,0.9669394958014216,1.0
ZNF799,0.2200000000000002,0.5729719113688719,1.0
STX1B,0.22000000000000025,0.5368646222462607,1.0
CAB39L,0.22000000000000153,0.5450945558532493,1.0
GSAP,0.22000000000000153,0.41658371785687753,1.0
RBM10,0.22000000000000952,0.8455485934494391,1.0
CEP83,0.2249999999999961,0.6306686675294741,1.0
AP3M2,0.22499999999999964,0.7215075408530456,1.0
C17orf67,0.22499999999999987,0.45814647715894785,1.0
PCP2,0.22499999999999998,0.7972005596761405,1.0
ZNF391,0.2250000000000001,0.8261286199203182,1.0
SDCBP2,0.2250000000000003,0.5729719113688719,1.0
ZDHHC20,0.22500000000000853,0.8781190194469978,1.0
ZNF800,0.22999999999999865,0.7339575177052757,1.0
MSX2,0.22999999999999865,0.9834661984477937,1.0
RLF,0.22999999999999954,0.9603323910593005,1.0
FAM171B,0.22999999999999954,0.42615784298026116,1.0
TEN1-CDK3,0.22999999999999954,0.8650628677291835,1.0
IRAK1BP1,0.22999999999999976,0.8683235982021273,1.0
FNDC11,0.22999999999999998,0.6189318717934644,1.0
MMP16,0.22999999999999998,0.6998983649396864,1.0
ZNF442,0.22999999999999998,0.6634215158168552,1.0
RNF103-CHMP3,0.22999999999999998,0.6694487219140669,1.0
C3AR1,0.23,0.636572443127301,1.0
GMEB2,0.23000000000000043,0.7590654489309898,1.0
H2AC19,0.23000000000000043,0.7246132746430569,1.0
SKAP2,0.23499999999998877,0.4914394238527241,1.0
TOGARAM1,0.23499999999999766,0.8229019354214293,1.0
TBC1D10A,0.23499999999999943,0.43585911500840513,1.0
AGAP3,0.23499999999999943,0.40246294289693907,1.0
FANK1,0.23499999999999988,0.9471268043847221,1.0
PROC,0.23500000000000004,0.4285712791158539,1.0
METTL25,0.23500000000000032,0.3818280646769783,1.0
ADM5,0.23500000000000032,0.8683235982021273,1.0
PPP6R2,0.23999999999999133,0.9537280097577494,1.0
MZT1,0.23999999999999488,0.8164575944411389,1.0
PPP1R1B,0.23999999999999996,0.9735488709352259,1.0
ADAMTS14,0.24,0.5701539825270272,1.0
C2CD4C,0.24,0.8164575944411389,1.0
SLC17A7,0.24000000000000002,0.7277235466695502,1.0
CATSPER2,0.2400000000000002,0.9471268043847221,1.0
PJVK,0.2400000000000002,0.4334219309560736,1.0
PLA2G4B,0.24000000000000066,0.6785294870658231,1.0
ZNF350,0.24000000000000066,0.9867726179369976,1.0
MAPK8IP1,0.2400000000000011,0.648449182304075,1.0
CNBD2,0.2400000000000011,0.9636356313037896,1.0
SH3BGRL2,0.24000000000000155,0.813240042910631,1.0
FBXL4,0.240000000000002,0.41421016410043454,1.0
PGAP1,0.240000000000002,0.7908082597408556,1.0
HDGFL2,0.2400000000000162,1.0,1.0
COMMD3,0.24499999999999034,0.9207627671027185,1.0
CGGBP1,0.24499999999999744,0.5786275093766506,1.0
ARHGEF25,0.24499999999999922,0.6043966897165155,1.0
FAM83A,0.24499999999999988,0.40246294289693907,1.0
CNTF,0.24499999999999988,0.8552946682228153,1.0
XDH,0.24500000000000005,0.5098904587440031,1.0
TLN2,0.2450000000000001,0.813240042910631,1.0
TERF1,0.245000000000001,0.8977644646746489,1.0
PIP4K2A,0.245000000000001,0.7908082597408556,1.0
SLC37A3,0.245000000000001,0.672470358702386,1.0
SPIN2B,0.245000000000001,0.4631846485772054,1.0
NUP98,0.24500000000001165,0.696830597247795,1.0
FAM214B,0.24999999999999822,0.8552946682228153,1.0
CAMSAP1,0.24999999999999822,0.9801600629440878,1.0
ZNF177,0.2499999999999999,0.7590654489309898,1.0
MPV17L,0.25,0.621857129896537,1.0
SLC13A3,0.25,0.7653835124598296,1.0
TSACC,0.25,0.5205943866712266,1.0
ADAMTSL5,0.25,0.7527634281491498,1.0
GPR173,0.25000000000000006,0.7433413319545803,1.0
SLFNL1,0.2500000000000002,0.9669394958014216,1.0
RAB3D,0.2500000000000009,0.5701539825270272,1.0
PJA1,0.25000000000000355,0.5617400706970093,1.0
PCGF2,0.2500000000000071,0.8196782427441914,1.0
EAF2,0.2549999999999981,0.7653835124598296,1.0
MYO7A,0.255,0.8912084070019073,1.0
SLX4IP,0.25500000000000167,0.9240541123816033,1.0
HNRNPA0,0.2550000000000132,1.0,1.0
TNNI3,0.25999999999999956,0.46571526862558976,1.0
ACOX2,0.2599999999999997,0.5701539825270272,1.0
KCNQ5,0.2599999999999997,0.8261286199203182,1.0
RNF125,0.26,0.5786275093766506,1.0
IL1RL1,0.26,0.5125556017624364,1.0
AK7,0.26,0.4407571178182137,1.0
MT1G,0.2600000000000001,0.47335302265608303,1.0
SPRY3,0.26000000000000023,0.8912084070019073,1.0
MTHFR,0.260000000000006,0.9240541123816033,1.0
GIMAP2,0.2650000000000001,0.9900792646321629,1.0
C1orf54,0.2650000000000001,0.9207627671027185,1.0
INTS9,0.26500000000000057,0.9702439279042832,1.0
RAB11FIP2,0.26500000000000057,0.813240042910631,1.0
LRRC37B,0.2650000000000077,0.7277235466695502,1.0
SIRT6,0.2650000000000148,0.5286976420682703,1.0
CEP104,0.2699999999999978,0.6247883740723336,1.0
DUSP10,0.2699999999999987,0.6937677793437123,1.0
PSORS1C1,0.2699999999999996,0.6694487219140669,1.0
AKR1E2,0.27,0.47591416910232376,1.0
CLEC2B,0.27000000000000013,0.5098904587440031,1.0
REST,0.27000000000000135,0.45563896523052283,1.0
ERMARD,0.27000000000000135,0.5450945558532493,1.0
ARID4B,0.2700000000000031,0.5286976420682703,1.0
PDE8A,0.2700000000000031,0.37957605749041823,1.0
HGH1,0.2700000000000031,0.950426981824129,1.0
UIMC1,0.2749999999999915,0.7780661870680045,1.0
PHF12,0.274999999999995,0.8229019354214293,1.0
FAM76A,0.27499999999999725,0.42615784298026116,1.0
GZF1,0.2749999999999986,0.8390642198295792,1.0
THRB,0.27499999999999947,0.8325907534174406,1.0
NFATC2,0.275,0.5205943866712266,1.0
ABCA4,0.275,0.7402090762983753,1.0
S100A14,0.27500000000000013,0.7748898243174053,1.0
COX19,0.27500000000000036,0.40948712684432786,1.0
TULP4,0.27500000000000213,0.7215075408530456,1.0
PRPF4,0.275000000000027,0.696830597247795,1.0
DPF1,0.27999999999999936,0.9801600629440878,1.0
S100A9,0.2799999999999998,0.8944855348490495,1.0
RBFOX3,0.2799999999999998,0.9603323910593005,1.0
RBM45,0.2849999999999948,0.8618044330490108,1.0
PHF5A,0.2849999999999966,0.8036064905718427,1.0
TAF8,0.2849999999999966,0.9043275087039068,1.0
CEP131,0.28499999999999837,0.9834661984477937,1.0
CREB5,0.28499999999999837,0.8912084070019073,1.0
ASB13,0.28499999999999837,0.5645380297349106,1.0
RAB33B,0.2849999999999997,0.6544215056598512,1.0
NXPH4,0.2849999999999997,0.8715865700317355,1.0
ATP2C2,0.2849999999999999,0.6937677793437123,1.0
INHBB,0.28500000000000003,0.940529226774238,1.0
ARHGAP30,0.28500000000000003,0.8261286199203182,1.0
C4B,0.28500000000000036,0.7559124086715863,1.0
AFG3L2,0.2850000000000179,0.4071376698379916,1.0
SUV39H1,0.28999999999999737,0.7876173493946396,1.0
ZBTB47,0.2899999999999978,0.4309926469959029,1.0
VGF,0.29000000000000004,0.7029710376341284,1.0
JPH2,0.29000000000000004,0.4810591760941474,1.0
TMEM79,0.29000000000000004,0.8650628677291835,1.0
UAP1L1,0.29000000000000004,0.6306686675294741,1.0
TMEM240,0.29000000000000004,0.696830597247795,1.0
NPIPA7,0.29000000000000004,0.7402090762983753,1.0
KLHL3,0.2900000000000001,0.8683235982021273,1.0
TMEM154,0.2900000000000001,0.7876173493946396,1.0
ATXN1L,0.2900000000000045,0.7717172243455237,1.0
ZBTB38,0.29000000000000625,0.8944855348490495,1.0
TMEM161B,0.2949999999999964,0.8100256403943001,1.0
DIXDC1,0.2949999999999995,0.9834661984477937,1.0
ODF3B,0.2949999999999995,0.950426981824129,1.0
BHLHA15,0.2949999999999998,0.6130994652172653,1.0
HTR1D,0.29500000000000004,0.37733223687257855,1.0
AGBL2,0.29500000000000015,0.5561643473205113,1.0
USP30,0.2950000000000008,0.7685484371305833,1.0
VPS11,0.29500000000000526,0.6785294870658231,1.0
BRF1,0.2950000000000088,0.9933860817420452,1.0
PEX2,0.29999999999999005,0.5729719113688719,1.0
ITGB1BP2,0.2999999999999996,0.6277255661132192,1.0
HOXC11,0.2999999999999998,0.9636356313037896,1.0
LYG1,0.29999999999999993,0.9043275087039068,1.0
EYA3,0.3000000000000025,0.4456865210409048,1.0
PPWD1,0.3049999999999926,0.5314129258282958,1.0
RNF138,0.30499999999999616,0.8229019354214293,1.0
TVP23C,0.30499999999999794,0.8455485934494391,1.0
SYTL3,0.3049999999999995,0.7246132746430569,1.0
PANK3,0.3049999999999997,0.9636356313037896,1.0
ZMYM6,0.3049999999999997,0.9207627671027185,1.0
ATP1A3,0.3049999999999998,0.6876571708271936,1.0
ACP3,0.3050000000000001,0.5506157599288712,1.0
SP4,0.3050000000000006,0.696830597247795,1.0
UBE2O,0.30500000000000327,0.8325907534174406,1.0
POGZ,0.30999999999998096,0.9933860817420452,1.0
COPS8,0.30999999999998806,0.621857129896537,1.0
NCOR1,0.30999999999999517,0.6424993873606966,1.0
PTBP2,0.3099999999999987,0.7339575177052757,1.0
NBPF11,0.3099999999999987,0.8650628677291835,1.0
CHRNB1,0.3099999999999996,0.9735488709352259,1.0
ICAM5,0.31000000000000005,0.7559124086715863,1.0
KLF4,0.3100000000000014,0.794002680192762,1.0
DNAJC24,0.31000000000000405,0.6664324268587869,1.0
KBTBD3,0.3149999999999995,0.6395330389318583,1.0
KLF12,0.31499999999999995,0.7559124086715863,1.0
PRDM10,0.31499999999999995,0.6634215158168552,1.0
TMEM249,0.31500000000000006,0.4213548269831777,1.0
ZNF793,0.3150000000000001,0.829358243536714,1.0
PROM2,0.31500000000000017,0.547851719712373,1.0
ERP44,0.3150000000000013,0.7590654489309898,1.0
PIGL,0.3150000000000013,0.950426981824129,1.0
KDM8,0.31999999999999806,0.829358243536714,1.0
THNSL1,0.3199999999999994,0.8100256403943001,1.0
CRYM,0.31999999999999984,0.7590654489309898,1.0
CD37,0.31999999999999984,0.8261286199203182,1.0
PADI2,0.32000000000000006,0.6189318717934644,1.0
EPHA10,0.32000000000000006,0.7622224999271966,1.0
C1QL4,0.3200000000000003,0.5701539825270272,1.0
ADARB1,0.3200000000000012,0.9240541123816033,1.0
CENPC,0.3200000000000047,0.44816295439279763,1.0
TRIM34,0.32499999999999885,0.9768542681907831,1.0
TRIM46,0.3249999999999993,0.7590654489309898,1.0
IFI44L,0.32499999999999996,0.47335302265608303,1.0
RIMS3,0.3250000000000002,0.8813883875991326,1.0
RCAN3,0.3250000000000002,0.6937677793437123,1.0
SLC7A6,0.3250000000000064,0.696830597247795,1.0
UBLCP1,0.32999999999999474,0.8748517286674501,1.0
MYO9A,0.3299999999999974,0.657416013591166,1.0
NIN,0.3299999999999983,0.7559124086715863,1.0
MBD1,0.3299999999999983,0.8390642198295792,1.0
CFAP45,0.32999999999999974,0.7653835124598296,1.0
PMFBP1,0.32999999999999985,0.3978205467559196,1.0
SHPRH,0.33000000000000007,0.7717172243455237,1.0
SERPINB2,0.33000000000000007,0.47591416910232376,1.0
NUDT3,0.33000000000000007,0.6336176395507085,1.0
PPAN,0.33499999999998664,0.9801600629440878,1.0
TRIM62,0.3349999999999991,0.6514325482434398,1.0
DOCK4,0.3349999999999991,0.6937677793437123,1.0
NUBPL,0.3349999999999991,0.858548348480541,1.0
ODAPH,0.33499999999999985,0.42615784298026116,1.0
ZNF594,0.3350000000000013,0.7717172243455237,1.0
ATE1,0.33500000000000174,0.842305069932857,1.0
ZNF169,0.33500000000000174,0.5673426777793709,1.0
AMH,0.33500000000000263,0.9240541123816033,1.0
CTBP2,0.33500000000000796,0.6395330389318583,1.0
DCTN6,0.3399999999999892,0.7091309176902658,1.0
BAG1,0.3399999999999963,0.9669394958014216,1.0
ARHGAP18,0.3399999999999963,0.9669394958014216,1.0
CNOT6L,0.3399999999999981,0.9933860817420452,1.0
JMJD7-PLA2G4B,0.3399999999999985,0.9603323910593005,1.0
EVI5L,0.33999999999999897,0.6754972946848711,1.0
SNX16,0.33999999999999986,0.3886331144942722,1.0
SEPSECS,0.33999999999999986,0.8650628677291835,1.0
PIWIL4,0.3399999999999999,0.8390642198295792,1.0
AKR1B10,0.3400000000000001,0.7308383100563765,1.0
THRA,0.34000000000000163,0.7972005596761405,1.0
CENPB,0.34499999999999886,0.8229019354214293,1.0
FAM227B,0.34499999999999886,0.6604160308082985,1.0
DCP2,0.34499999999999886,0.8618044330490108,1.0
FBXO16,0.3450000000000024,0.8912084070019073,1.0
ETFDH,0.3450000000000095,0.7748898243174053,1.0
SMIM27,0.349999999999997,0.9570298316837188,1.0
KIAA1549,0.3499999999999992,0.9801600629440878,1.0
GLIS1,0.34999999999999987,0.6634215158168552,1.0
LACC1,0.3500000000000001,0.9669394958014216,1.0
TICAM2,0.3500000000000001,0.5072325853424271,1.0
SLC22A18AS,0.35000000000000014,0.7029710376341284,1.0
RAPGEF6,0.35000000000000053,0.5045820072621465,1.0
ZNF786,0.35000000000000275,0.7527634281491498,1.0
SMAP1,0.3500000000000032,0.6247883740723336,1.0
MARCHF8,0.3500000000000032,0.8100256403943001,1.0
C2orf49,0.3500000000000085,0.5757964313912116,1.0
ZNRF2,0.3549999999999969,0.6785294870658231,1.0
CACHD1,0.35499999999999954,0.9702439279042832,1.0
FCRLB,0.35499999999999965,0.45313919490861054,1.0
RAET1G,0.35499999999999987,0.5645380297349106,1.0
KDM7A,0.355,0.6998983649396864,1.0
SLC6A9,0.3550000000000004,0.47591416910232376,1.0
SGTB,0.3550000000000004,0.9735488709352259,1.0
RBM6,0.35999999999999943,0.7091309176902658,1.0
TMEM131,0.35999999999999943,0.842305069932857,1.0
PEAR1,0.35999999999999965,0.8618044330490108,1.0
IL17RD,0.3599999999999999,0.4606617114605923,1.0
HOXA9,0.3600000000000001,0.7748898243174053,1.0
CCL20,0.3600000000000001,0.7029710376341284,1.0
CHAF1B,0.360000000000003,0.9636356313037896,1.0
SH3RF2,0.36499999999999844,0.7590654489309898,1.0
SH2D5,0.3649999999999993,0.5928800850110119,1.0
SLC15A3,0.365,0.950426981824129,1.0
ITGA7,0.3650000000000002,0.636572443127301,1.0
KIZ,0.365000000000002,0.7653835124598296,1.0
RBX1,0.36999999999999034,0.48623432138829725,1.0
CEP120,0.3699999999999992,0.6072914543107184,1.0
NPIPB2,0.3699999999999992,0.813240042910631,1.0
MN1,0.3699999999999999,0.5098904587440031,1.0
PROB1,0.3700000000000002,0.39091777522840465,1.0
PTPN23,0.370000000000001,0.829358243536714,1.0
GTF2A1,0.3749999999999982,0.5533866460521025,1.0
SPRN,0.3749999999999999,0.4888331394973101,1.0
GABARAPL1,0.375,0.636572443127301,1.0
GVQW3,0.375,0.8325907534174406,1.0
VPS16,0.375,0.9076115119079285,1.0
ARL14,0.3750000000000001,0.4407571178182137,1.0
TTLL7,0.3799999999999999,0.7402090762983753,1.0
ZNF257,0.3799999999999999,0.7812462624304687,1.0
PSORS1C2,0.3799999999999999,0.813240042910631,1.0
SHANK2,0.38000000000000034,0.657416013591166,1.0
UGT8,0.38000000000000034,0.9603323910593005,1.0
PARP11,0.3800000000000008,0.8196782427441914,1.0
TBL3,0.38000000000000256,0.6664324268587869,1.0
CCAR1,0.3849999999999909,0.9603323910593005,1.0
UBE2J2,0.384999999999998,0.9801600629440878,1.0
FAM117A,0.3849999999999989,0.648449182304075,1.0
SLC25A51,0.3849999999999998,0.940529226774238,1.0
CFAP20DC,0.3849999999999998,0.8650628677291835,1.0
GPR135,0.38500000000000023,0.5423442984904308,1.0
ZNF736,0.38500000000000023,0.6937677793437123,1.0
PMF1-BGLAP,0.3850000000000007,0.9768542681907831,1.0
WDR89,0.38500000000000156,0.5673426777793709,1.0
FBXO42,0.38500000000000334,0.8748517286674501,1.0
SMG1,0.38500000000000867,0.8036064905718427,1.0
IVNS1ABP,0.38999999999999346,0.49667429717814027,1.0
MIB1,0.389999999999997,0.9141842025623018,1.0
FAM135A,0.3899999999999997,0.7464778413011777,1.0
LIFR,0.3899999999999997,0.7153098743639731,1.0
FMO5,0.3900000000000001,0.534135262077375,1.0
CCDC180,0.39000000000000057,0.8196782427441914,1.0
H4C8,0.39000000000000146,0.5396009774503636,1.0
SORBS1,0.3900000000000019,0.6846094685667796,1.0
SNTA1,0.3949999999999978,0.9735488709352259,1.0
GFOD1,0.39499999999999913,0.6160126376872717,1.0
AK9,0.3949999999999996,0.6043966897165155,1.0
FMC1-LUC7L2,0.3949999999999996,0.7653835124598296,1.0
NALCN,0.39500000000000013,0.9933860817420452,1.0
CDA,0.39500000000000013,0.749618556161363,1.0
OXCT1,0.3950000000000031,0.7339575177052757,1.0
MOSMO,0.3950000000000031,0.5098904587440031,1.0
PQBP1,0.39999999999997726,0.8879331364078507,1.0
MCCC1,0.3999999999999986,0.9669394958014216,1.0
HROB,0.3999999999999986,0.5729719113688719,1.0
CLK2,0.3999999999999986,0.8618044330490108,1.0
GAN,0.39999999999999925,0.7685484371305833,1.0
TIGD1,0.39999999999999947,0.42615784298026116,1.0
ZNF671,0.3999999999999997,0.5814651118050964,1.0
PIP5KL1,0.40000000000000013,0.8164575944411389,1.0
STRBP,0.40000000000000036,0.636572443127301,1.0
UMAD1,0.40000000000000036,0.8944855348490495,1.0
LRTOMT,0.40000000000000124,0.8977644646746489,1.0
KDM3A,0.40000000000000213,0.5205943866712266,1.0
TTF1,0.40000000000000213,0.5396009774503636,1.0
KLHL20,0.4000000000000057,0.5589488326624473,1.0
STARD10,0.4049999999999869,0.8164575944411389,1.0
KDM2B,0.4049999999999905,0.6694487219140669,1.0
INAVA,0.4049999999999985,0.6876571708271936,1.0
ZBTB33,0.40499999999999936,0.9174727785181955,1.0
ARMH4,0.4049999999999998,0.6846094685667796,1.0
ZNF275,0.40500000000000025,0.6634215158168552,1.0
ZNF488,0.4050000000000009,0.950426981824129,1.0
SLC25A35,0.40500000000000114,0.7215075408530456,1.0
BPTF,0.40500000000000114,0.8229019354214293,1.0
RPRD2,0.4099999999999948,0.8520434463522804,1.0
MTHFSD,0.4099999999999966,0.9010451411117566,1.0
POP1,0.40999999999999837,0.8164575944411389,1.0
ZNF691,0.40999999999999925,0.8748517286674501,1.0
KCNJ14,0.40999999999999925,0.7433413319545803,1.0
PLA2G4C,0.4099999999999997,0.7717172243455237,1.0
AS3MT,0.4099999999999999,0.8068144389745125,1.0
PLD1,0.41000000000000014,0.9043275087039068,1.0
AREG,0.41000000000000014,0.940529226774238,1.0
FUOM,0.41000000000000014,0.8944855348490495,1.0
CCDC153,0.41000000000000014,0.3818280646769783,1.0
SIGLEC15,0.4100000000000002,0.4237523539300838,1.0
GALNT3,0.41000000000000036,0.43585911500840513,1.0
ZNF57,0.4100000000000006,0.5843092048547895,1.0
TAF9,0.410000000000025,0.4888331394973101,1.0
MON1A,0.41499999999999915,0.8944855348490495,1.0
TEC,0.4149999999999998,0.47848289419213597,1.0
ZNF75D,0.4150000000000009,0.4914394238527241,1.0
TCEANC2,0.41500000000000137,0.6604160308082985,1.0
KIAA1755,0.4199999999999998,0.9933860817420452,1.0
ZNF141,0.41999999999999993,0.8325907534174406,1.0
NRBF2,0.4200000000000017,0.9471268043847221,1.0
B4GALT3,0.42499999999999005,0.8004018469425622,1.0
FRYL,0.42499999999999716,0.44816295439279763,1.0
EAF1,0.42499999999999716,0.4285712791158539,1.0
ESRP2,0.4250000000000002,0.6815668927944767,1.0
TTI1,0.4250000000000007,0.8229019354214293,1.0
FAM174B,0.4250000000000007,0.9867726179369976,1.0
NAF1,0.42500000000000426,0.45064718510155777,1.0
STIMATE,0.42500000000000426,0.5957497963320737,1.0
LRP8,0.4250000000000078,0.8879331364078507,1.0
SUZ12,0.4250000000000078,0.547851719712373,1.0
MED20,0.42999999999999794,0.5617400706970093,1.0
ZNF81,0.4299999999999997,0.9108970950967655,1.0
ZSCAN20,0.42999999999999994,0.5986258246782183,1.0
NXNL2,0.42999999999999994,0.6160126376872717,1.0
CHST7,0.43000000000000016,0.7748898243174053,1.0
ASTE1,0.4300000000000006,0.534135262077375,1.0
TASP1,0.4300000000000006,0.8455485934494391,1.0
C5,0.4350000000000005,0.8813883875991326,1.0
OASL,0.4350000000000005,0.5286976420682703,1.0
PELI1,0.4350000000000023,0.8879331364078507,1.0
ABITRAM,0.4399999999999906,0.9636356313037896,1.0
TSTD2,0.43999999999999595,0.8683235982021273,1.0
LRRC57,0.43999999999999595,0.940529226774238,1.0
DENND2B,0.4399999999999977,0.39321057459276376,1.0
ZNF408,0.4399999999999995,0.48623432138829725,1.0
ZNF781,0.44,0.8618044330490108,1.0
TGIF2-RAB5IF,0.44,0.6754972946848711,1.0
CDRT1,0.4400000000000006,0.858548348480541,1.0
SH3BP4,0.4449999999999825,0.8683235982021273,1.0
MRGBP,0.4449999999999932,0.6130994652172653,1.0
CNKSR3,0.4449999999999985,0.7590654489309898,1.0
BMP2,0.44499999999999984,0.7184063919514614,1.0
GRHL1,0.44499999999999984,0.7748898243174053,1.0
ESF1,0.4450000000000003,0.8748517286674501,1.0
NTF4,0.4450000000000005,0.648449182304075,1.0
KLC4,0.44500000000000384,0.4707994763603818,1.0
MPP3,0.44500000000000384,0.7215075408530456,1.0
NPIPA5,0.4450000000000047,0.8748517286674501,1.0
ARHGAP39,0.4499999999999984,0.7122180342879179,1.0
SGPP1,0.4499999999999993,0.5259894390505462,1.0
SLC30A3,0.44999999999999996,0.6247883740723336,1.0
INHBE,0.44999999999999996,0.8552946682228153,1.0
MNX1,0.4500000000000002,0.8325907534174406,1.0
OSBP2,0.4500000000000002,0.5314129258282958,1.0
EVI5,0.4549999999999974,0.7780661870680045,1.0
PHLPP2,0.4549999999999983,0.8390642198295792,1.0
NDUFA4L2,0.4549999999999995,0.5814651118050964,1.0
FAM83B,0.455,0.45064718510155777,1.0
HEATR5B,0.45500000000000185,0.39321057459276376,1.0
ULK4,0.4599999999999991,0.8100256403943001,1.0
FGGY,0.4599999999999991,0.648449182304075,1.0
JPH1,0.45999999999999996,0.5506157599288712,1.0
ELL3,0.4600000000000004,0.7908082597408556,1.0
CASP6,0.46000000000000085,0.5986258246782183,1.0
DDX50,0.46499999999999275,0.7844300000516808,1.0
SLC45A4,0.4649999999999972,0.9933860817420452,1.0
STRIP2,0.46499999999999986,0.8036064905718427,1.0
GPM6B,0.46499999999999997,0.6101923917365532,1.0
ZNF829,0.46499999999999997,0.7685484371305833,1.0
RAD54L2,0.46500000000000075,0.7433413319545803,1.0
MOB3C,0.46500000000000163,0.5314129258282958,1.0
OXR1,0.4699999999999953,0.829358243536714,1.0
HDAC4,0.4700000000000002,0.7433413319545803,1.0
RCBTB2,0.4700000000000002,0.8229019354214293,1.0
RABGAP1L,0.4749999999999961,0.9174727785181955,1.0
FAM160A1,0.47499999999999987,0.6160126376872717,1.0
HECW2,0.475,0.8618044330490108,1.0
CARMIL2,0.4750000000000002,0.9010451411117566,1.0
SNORC,0.4750000000000003,0.4707994763603818,1.0
EMC2,0.4750000000000014,0.7780661870680045,1.0
RIF1,0.47999999999998977,0.6544215056598512,1.0
ZNF787,0.4800000000000004,0.5617400706970093,1.0
STARD5,0.4800000000000013,0.9933860817420452,1.0
PPT2,0.4849999999999959,0.7527634281491498,1.0
NFATC4,0.4850000000000003,0.842305069932857,1.0
SNAP29,0.485000000000003,0.9702439279042832,1.0
UBR2,0.4899999999999949,0.8846597782463905,1.0
MRPS17,0.48999999999999844,0.7277235466695502,1.0
RBM14-RBM4,0.4899999999999993,0.39551150205256314,1.0
ZMAT5,0.4900000000000002,0.8358260965628809,1.0
PLD6,0.4900000000000002,0.5396009774503636,1.0
JRKL,0.4900000000000002,0.5986258246782183,1.0
HSPA1L,0.4900000000000002,0.4888331394973101,1.0
ZNF347,0.4900000000000011,0.43585911500840513,1.0
EPS15,0.490000000000002,0.8358260965628809,1.0
SLC25A28,0.490000000000002,0.7590654489309898,1.0
TRIM41,0.49499999999999034,0.8261286199203182,1.0
ARID4A,0.49499999999999833,0.9010451411117566,1.0
EPHA1,0.49499999999999966,0.8164575944411389,1.0
CYP2E1,0.4949999999999998,0.9933860817420452,1.0
EEF1AKMT3,0.4950000000000001,0.5314129258282958,1.0
SMIM24,0.4950000000000002,0.49667429717814027,1.0
PTGER2,0.4950000000000002,0.8068144389745125,1.0
DSC2,0.49500000000000033,0.7402090762983753,1.0
PLEKHF2,0.49500000000000366,0.7622224999271966,1.0
KIF2A,0.49500000000000455,0.8261286199203182,1.0
COPG2,0.4999999999999929,0.6604160308082985,1.0
RNF170,0.4999999999999982,0.38635660260863647,1.0
GSTCD,0.4999999999999982,0.9141842025623018,1.0
PEX26,0.4999999999999991,0.7780661870680045,1.0
GNG2,0.4999999999999998,0.7908082597408556,1.0
CRAMP1,0.5,0.9273467583508952,1.0
CACNA1A,0.5000000000000001,0.4237523539300838,1.0
XYLT1,0.5000000000000002,0.8196782427441914,1.0
CSTA,0.5050000000000001,0.547851719712373,1.0
USP28,0.5050000000000043,0.7122180342879179,1.0
ZBED6,0.5099999999999998,0.940529226774238,1.0
KCNK6,0.51,0.8813883875991326,1.0
TMEM150C,0.51,0.8068144389745125,1.0
PRSS16,0.5100000000000002,0.6937677793437123,1.0
KBTBD4,0.5100000000000033,0.5589488326624473,1.0
BTG3,0.5149999999999935,0.648449182304075,1.0
AMT,0.5149999999999997,0.5561643473205113,1.0
QRICH2,0.5149999999999999,0.9900792646321629,1.0
IPO7,0.5150000000000006,0.8487947368200934,1.0
SLC66A1,0.5150000000000059,0.6664324268587869,1.0
SFSWAP,0.5199999999999996,0.5843092048547895,1.0
FAP,0.52,0.8715865700317355,1.0
SPATA25,0.52,0.9603323910593005,1.0
CPED1,0.5200000000000005,0.9471268043847221,1.0
ABHD18,0.5200000000000022,0.6754972946848711,1.0
PPP6C,0.5200000000000067,0.8100256403943001,1.0
C7orf26,0.5249999999999915,0.7215075408530456,1.0
METTL2A,0.524999999999995,0.6277255661132192,1.0
POU2F1,0.524999999999999,0.9174727785181955,1.0
ZC3H12A,0.5249999999999995,0.4888331394973101,1.0
RPP14,0.5250000000000004,0.5673426777793709,1.0
ZNF585B,0.5250000000000012,0.8552946682228153,1.0
TEN1,0.5250000000000021,0.9900792646321629,1.0
RALGAPA1,0.5299999999999976,0.547851719712373,1.0
SLF1,0.5300000000000002,0.5368646222462607,1.0
BICRAL,0.5300000000000007,0.9438275338976189,1.0
ZNF669,0.5300000000000007,0.7122180342879179,1.0
FAM234B,0.5300000000000011,0.9010451411117566,1.0
HIP1,0.5300000000000047,0.7402090762983753,1.0
ZNF777,0.5349999999999966,0.8455485934494391,1.0
ZNF589,0.5349999999999993,0.8487947368200934,1.0
NPIPB13,0.5349999999999999,0.7653835124598296,1.0
POU5F1,0.535,0.7308383100563765,1.0
DPH3,0.5350000000000001,0.9076115119079285,1.0
ZNF449,0.5350000000000001,0.8261286199203182,1.0
LRRC40,0.5350000000000019,0.9537280097577494,1.0
ACTR1B,0.5350000000000037,0.9141842025623018,1.0
SPATA33,0.5400000000000009,0.6664324268587869,1.0
ERCC3,0.5449999999999946,0.9471268043847221,1.0
PAPOLG,0.5449999999999982,0.40013769753329187,1.0
UBE3D,0.5449999999999999,0.5019387498867459,1.0
LRRK1,0.5449999999999999,0.5368646222462607,1.0
GUCY1A1,0.5449999999999999,0.9669394958014216,1.0
MSLN,0.5450000000000002,0.9339357280136042,1.0
NR2C1,0.5450000000000017,0.7748898243174053,1.0
GPR39,0.5499999999999972,0.6130994652172653,1.0
FAM78A,0.5499999999999999,0.8455485934494391,1.0
TOX,0.55,0.7433413319545803,1.0
ZNF3,0.5500000000000043,0.8036064905718427,1.0
DDHD1,0.5549999999999988,0.9735488709352259,1.0
TDRKH,0.5549999999999988,0.7590654489309898,1.0
TCP11L1,0.5549999999999997,0.8358260965628809,1.0
NOP14,0.5550000000000068,0.9207627671027185,1.0
SGK3,0.5600000000000005,0.6815668927944767,1.0
BORCS7,0.5600000000000023,0.8944855348490495,1.0
CNEP1R1,0.5649999999999924,0.8358260965628809,1.0
DENND6A,0.564999999999996,0.5928800850110119,1.0
PLD2,0.5649999999999977,0.7559124086715863,1.0
EXOC6,0.5649999999999977,0.696830597247795,1.0
CEP78,0.5649999999999977,0.9174727785181955,1.0
ZFAT,0.5649999999999986,0.6336176395507085,1.0
TFAP2C,0.5649999999999986,0.7622224999271966,1.0
SCN2A,0.565,0.41896527683459084,1.0
ADCY1,0.565,0.657416013591166,1.0
FXYD1,0.5650000000000002,0.5871597544033558,1.0
KIAA1217,0.5650000000000004,0.5205943866712266,1.0
TNFAIP8L1,0.5650000000000013,0.7717172243455237,1.0
PHC3,0.5650000000000048,0.8977644646746489,1.0
WDR36,0.5699999999999985,0.8618044330490108,1.0
A4GALT,0.5699999999999994,0.9636356313037896,1.0
TMEM241,0.5699999999999994,0.5729719113688719,1.0
HLA-DPA1,0.5699999999999994,0.5957497963320737,1.0
NR4A2,0.5699999999999998,0.6247883740723336,1.0
APOM,0.5699999999999998,0.8455485934494391,1.0
SNRNP48,0.5700000000000003,0.534135262077375,1.0
ZNF724,0.5700000000000003,0.8977644646746489,1.0
IPO13,0.5700000000000038,0.7717172243455237,1.0
CBLL1,0.5700000000000109,0.7215075408530456,1.0
JADE1,0.5749999999999922,0.7402090762983753,1.0
CSRNP2,0.5749999999999975,0.842305069932857,1.0
ZNF623,0.5749999999999993,0.44816295439279763,1.0
GSPT2,0.5749999999999993,0.8846597782463905,1.0
F8,0.5749999999999997,0.9867726179369976,1.0
TAF5L,0.5799999999999983,0.6072914543107184,1.0
MTRF1,0.5800000000000001,0.8912084070019073,1.0
LRIG1,0.5800000000000001,0.6846094685667796,1.0
CLDN15,0.580000000000001,0.813240042910631,1.0
PNRC1,0.5800000000000018,0.7153098743639731,1.0
PGS1,0.580000000000009,0.8036064905718427,1.0
EGLN3,0.585,0.48623432138829725,1.0
H3-2,0.585,0.45563896523052283,1.0
CIZ1,0.585000000000008,0.4707994763603818,1.0
API5,0.5899999999999892,0.6130994652172653,1.0
LENG1,0.5899999999999963,0.9537280097577494,1.0
ST6GALNAC6,0.5899999999999963,0.9669394958014216,1.0
MAIP1,0.5899999999999963,0.794002680192762,1.0
MUC20,0.5899999999999996,0.858548348480541,1.0
CYB5RL,0.5899999999999999,0.737081122297987,1.0
COL13A1,0.5900000000000001,0.47335302265608303,1.0
TFDP1,0.5900000000000034,0.7339575177052757,1.0
CLIP1,0.5949999999999918,0.5396009774503636,1.0
SSH2,0.5949999999999989,0.5957497963320737,1.0
MMS22L,0.5949999999999998,0.8325907534174406,1.0
SLC16A6,0.5949999999999999,0.5729719113688719,1.0
EPSTI1,0.595,0.8100256403943001,1.0
HTR7,0.595,0.7029710376341284,1.0
MUC12,0.5950000000000001,0.6544215056598512,1.0
GPATCH2,0.5950000000000006,0.7215075408530456,1.0
ATXN7L1,0.5950000000000006,0.5986258246782183,1.0
PSMD10,0.5999999999999801,0.49667429717814027,1.0
CMTR1,0.5999999999999908,0.672470358702386,1.0
NUP42,0.5999999999999943,0.6072914543107184,1.0
DPY19L4,0.5999999999999979,0.829358243536714,1.0
TNNC1,0.5999999999999994,0.7308383100563765,1.0
ARSB,0.5999999999999996,0.5617400706970093,1.0
IRF6,0.6000000000000001,0.7153098743639731,1.0
ARSG,0.6000000000000001,0.6998983649396864,1.0
ZNF101,0.6000000000000005,0.996693012466618,1.0
SLC25A12,0.6000000000000032,0.6754972946848711,1.0
CHPT1,0.6000000000000085,0.8813883875991326,1.0
SIAH2,0.6000000000000085,0.842305069932857,1.0
BABAM2,0.6049999999999933,0.9339357280136042,1.0
TMC7,0.6049999999999998,0.7748898243174053,1.0
KLF11,0.6050000000000004,0.3978205467559196,1.0
TBCCD1,0.6050000000000022,0.5019387498867459,1.0
GATC,0.6050000000000022,0.5900167260288813,1.0
ARHGAP12,0.6099999999999959,0.7215075408530456,1.0
TNFRSF6B,0.6099999999999999,0.5757964313912116,1.0
GOLGA8H,0.6100000000000001,0.7277235466695502,1.0
CD302,0.6100000000000005,0.7717172243455237,1.0
NKAPD1,0.610000000000003,0.842305069932857,1.0
ABHD11,0.6100000000000065,0.9669394958014216,1.0
SPTLC2,0.6100000000000083,0.7844300000516808,1.0
CLOCK,0.6149999999999984,0.8487947368200934,1.0
SH3TC2,0.6149999999999989,0.8846597782463905,1.0
TCIM,0.6150000000000001,0.8068144389745125,1.0
VCPIP1,0.6150000000000002,0.9603323910593005,1.0
EEF2K,0.615000000000002,0.534135262077375,1.0
STAT1,0.615000000000002,0.8748517286674501,1.0
SS18L2,0.6150000000000055,0.7622224999271966,1.0
RMC1,0.6150000000000055,0.6785294870658231,1.0
ZNF517,0.6199999999999992,0.5589488326624473,1.0
FBXO33,0.6200000000000001,0.49930283827853317,1.0
PGM2L1,0.6200000000000001,0.5786275093766506,1.0
ZC3H13,0.620000000000001,0.8100256403943001,1.0
HIVEP3,0.620000000000001,0.7122180342879179,1.0
TP53BP2,0.620000000000001,0.9801600629440878,1.0
ETV1,0.6200000000000037,0.7527634281491498,1.0
ASB6,0.6200000000000045,0.7748898243174053,1.0
LNP1,0.6249999999999996,0.6937677793437123,1.0
PTPN4,0.625,0.7622224999271966,1.0
BRF2,0.625,0.7527634281491498,1.0
RAB23,0.625,0.6754972946848711,1.0
HSPBAP1,0.625,0.6846094685667796,1.0
ZNF697,0.6250000000000009,0.5617400706970093,1.0
CLP1,0.6250000000000018,0.4914394238527241,1.0
TRMT12,0.6250000000000018,0.45313919490861054,1.0
PELO,0.6250000000000053,0.9735488709352259,1.0
BAHD1,0.629999999999983,0.9471268043847221,1.0
AGPAT5,0.6299999999999919,0.6634215158168552,1.0
ZDHHC1,0.629999999999999,0.9735488709352259,1.0
TEX45,0.6299999999999999,0.44816295439279763,1.0
HERC5,0.6300000000000001,0.9108970950967655,1.0
RGS4,0.6300000000000002,0.8068144389745125,1.0
ARL10,0.6300000000000003,0.4383041828410795,1.0
RASSF5,0.6300000000000003,0.8261286199203182,1.0
FDX1,0.6300000000000008,0.9076115119079285,1.0
BMP2K,0.6300000000000008,0.813240042910631,1.0
ZNF510,0.6300000000000017,0.8977644646746489,1.0
DOCK9,0.634999999999998,0.7685484371305833,1.0
CEP350,0.634999999999998,0.5286976420682703,1.0
MORN1,0.6349999999999989,0.9207627671027185,1.0
ZNF699,0.6350000000000005,0.737081122297987,1.0
NCOA2,0.6350000000000016,0.842305069932857,1.0
R3HDM1,0.6399999999999899,0.3978205467559196,1.0
KAT6B,0.6399999999999997,0.5957497963320737,1.0
ELFN2,0.6399999999999999,0.9174727785181955,1.0
CCDC163,0.6400000000000001,0.45814647715894785,1.0
ZC3H12C,0.640000000000001,0.950426981824129,1.0
IKZF5,0.6400000000000015,0.621857129896537,1.0
PLS3,0.6449999999999818,0.7464778413011777,1.0
STAMBPL1,0.6449999999999978,0.5673426777793709,1.0
STK17B,0.6450000000000014,0.7780661870680045,1.0
ARID5A,0.6450000000000014,0.6306686675294741,1.0
MKRN2,0.649999999999995,0.8618044330490108,1.0
PTEN,0.649999999999995,0.6247883740723336,1.0
TK2,0.6499999999999986,0.8487947368200934,1.0
SYNC,0.6499999999999995,0.8650628677291835,1.0
TBC1D5,0.6549999999999976,0.9339357280136042,1.0
NFKBID,0.6550000000000002,0.940529226774238,1.0
SHANK3,0.6550000000000002,0.9735488709352259,1.0
ARHGAP33,0.6550000000000011,0.696830597247795,1.0
SSPN,0.6599999999999997,0.4285712791158539,1.0
AZIN2,0.6600000000000001,0.8813883875991326,1.0
DCDC2,0.665,0.8358260965628809,1.0
PXMP4,0.6650000000000009,0.7908082597408556,1.0
ARHGEF12,0.6650000000000098,0.9636356313037896,1.0
PSME2,0.6650000000000489,0.8618044330490108,1.0
SOCS5,0.6699999999999982,0.9339357280136042,1.0
DEPDC7,0.669999999999999,0.7091309176902658,1.0
RBP5,0.6699999999999995,0.4707994763603818,1.0
HMCN1,0.6699999999999998,0.9900792646321629,1.0
FOXC2,0.67,0.5900167260288813,1.0
CHST6,0.6700000000000002,0.5900167260288813,1.0
GBX2,0.6700000000000004,0.5786275093766506,1.0
CDKN2A,0.675,0.7402090762983753,1.0
CRACDL,0.675,0.5673426777793709,1.0
CRY2,0.6750000000000007,0.6544215056598512,1.0
THUMPD2,0.6750000000000025,0.5986258246782183,1.0
SREK1IP1,0.6750000000000043,0.6664324268587869,1.0
CARHSP1,0.6799999999999784,0.9010451411117566,1.0
TM9SF4,0.6799999999999926,0.5673426777793709,1.0
RAVER1,0.6799999999999997,0.9603323910593005,1.0
EMP2,0.6800000000000033,0.7685484371305833,1.0
NIPSNAP2,0.6849999999999881,0.8781190194469978,1.0
HK1,0.6849999999999952,0.7308383100563765,1.0
FOLR1,0.6849999999999994,0.8879331364078507,1.0
ZNF778,0.6850000000000005,0.4285712791158539,1.0
CARD10,0.6850000000000023,0.9570298316837188,1.0
NFAT5,0.6850000000000058,0.547851719712373,1.0
UROS,0.6899999999999835,0.9141842025623018,1.0
PRR3,0.6899999999999977,0.8068144389745125,1.0
TMCC3,0.6899999999999993,0.5152279883728814,1.0
ZNF133,0.6900000000000048,0.8100256403943001,1.0
SLC35A4,0.6949999999999932,0.7780661870680045,1.0
FBXO32,0.6949999999999967,0.45313919490861054,1.0
H2BC15,0.6950000000000001,0.7029710376341284,1.0
RABIF,0.6950000000000003,0.6785294870658231,1.0
C12orf60,0.7000000000000002,0.5843092048547895,1.0
OTULIN,0.7000000000000064,0.8944855348490495,1.0
CUL5,0.7049999999999983,0.6634215158168552,1.0
LAMA4,0.7049999999999992,0.6815668927944767,1.0
CDKAL1,0.7049999999999992,0.950426981824129,1.0
ATR,0.7050000000000001,0.5314129258282958,1.0
CCDC93,0.7050000000000036,0.8100256403943001,1.0
TP53BP1,0.705000000000009,0.7339575177052757,1.0
ZNF600,0.7099999999999991,0.7685484371305833,1.0
FRS3,0.7099999999999995,0.5019387498867459,1.0
MRPL10,0.7100000000000009,0.9834661984477937,1.0
CD47,0.7100000000000009,0.9603323910593005,1.0
XRCC2,0.7100000000000044,0.5928800850110119,1.0
SSR2,0.714999999999975,0.7029710376341284,1.0
PHF20L1,0.7149999999999928,0.6247883740723336,1.0
CHST14,0.7149999999999963,0.5423442984904308,1.0
TMEM131L,0.7149999999999972,0.6664324268587869,1.0
LIN7C,0.7149999999999981,0.6754972946848711,1.0
SH2B2,0.7149999999999994,0.7748898243174053,1.0
FLT3LG,0.7150000000000012,0.9834661984477937,1.0
TMX1,0.7199999999999847,0.6664324268587869,1.0
CHTOP,0.7199999999999847,0.4836429926527509,1.0
DVL2,0.7199999999999918,0.7653835124598296,1.0
PDLIM4,0.7199999999999998,0.5957497963320737,1.0
RFESD,0.7200000000000011,0.4810591760941474,1.0
CGRRF1,0.7200000000000024,0.5617400706970093,1.0
SMIM29,0.7249999999999837,0.7215075408530456,1.0
ABHD4,0.7249999999999961,0.7844300000516808,1.0
ANAPC10,0.7249999999999979,0.5645380297349106,1.0
TRAPPC10,0.7249999999999996,0.8390642198295792,1.0
TBXAS1,0.7250000000000001,0.6664324268587869,1.0
FGF2,0.7250000000000005,0.8261286199203182,1.0
LYRM4,0.7250000000000121,0.45814647715894785,1.0
CCDC112,0.7299999999999986,0.648449182304075,1.0
IFIT1,0.7299999999999995,0.7464778413011777,1.0
CEP295,0.7349999999999994,0.8748517286674501,1.0
CPE,0.7350000000000008,0.9735488709352259,1.0
RBM28,0.7399999999999949,0.6306686675294741,1.0
ARHGAP26,0.7399999999999967,0.7277235466695502,1.0
HTRA2,0.7399999999999984,0.7559124086715863,1.0
MAP2K6,0.7400000000000002,0.7029710376341284,1.0
TYW5,0.7449999999999974,0.842305069932857,1.0
C2orf68,0.7449999999999974,0.7402090762983753,1.0
USP37,0.7449999999999983,0.6306686675294741,1.0
SPRED1,0.7449999999999992,0.7590654489309898,1.0
HOXB4,0.7449999999999992,0.8618044330490108,1.0
LANCL1,0.745000000000001,0.8229019354214293,1.0
PEDS1-UBE2V1,0.7450000000000014,0.5729719113688719,1.0
ZMYM3,0.7499999999999964,0.9471268043847221,1.0
PTPRG,0.75,0.9735488709352259,1.0
SPATA2,0.75,0.8879331364078507,1.0
KREMEN1,0.7500000000000018,0.5286976420682703,1.0
SEC31A,0.7549999999999955,0.8229019354214293,1.0
DUSP18,0.7550000000000003,0.47335302265608303,1.0
MRPL57,0.7550000000000026,0.9471268043847221,1.0
COPS4,0.7550000000000097,0.7653835124598296,1.0
FARS2,0.7599999999999998,0.7277235466695502,1.0
GABPB2,0.7600000000000033,0.6998983649396864,1.0
PAFAH1B3,0.7649999999999721,0.7717172243455237,1.0
STAG1,0.7649999999999952,0.7844300000516808,1.0
OGG1,0.764999999999997,0.6424993873606966,1.0
RIT1,0.764999999999997,0.6876571708271936,1.0
FAM161A,0.7649999999999983,0.5019387498867459,1.0
SCN8A,0.7650000000000003,0.7590654489309898,1.0
POPDC3,0.7650000000000006,0.48623432138829725,1.0
HCFC2,0.7650000000000015,0.648449182304075,1.0
ACTR3B,0.7699999999999942,0.7277235466695502,1.0
JAZF1,0.7699999999999996,0.7559124086715863,1.0
PDF,0.7699999999999996,0.940529226774238,1.0
ZNF365,0.7699999999999998,0.8520434463522804,1.0
UTP14C,0.77,0.5314129258282958,1.0
PLCG2,0.7700000000000002,0.7559124086715863,1.0
ZNF264,0.7700000000000005,0.6454714485353458,1.0
HMBOX1,0.7700000000000005,0.996693012466618,1.0
NT5C,0.7700000000000031,0.7653835124598296,1.0
SEC14L2,0.7700000000000102,0.8879331364078507,1.0
RPRD1B,0.7700000000000102,0.5232883447117399,1.0
RLIM,0.7750000000000057,0.40479627104040006,1.0
SRP19,0.7750000000000057,0.7908082597408556,1.0
ZBTB1,0.7799999999999869,0.9108970950967655,1.0
DNAJC25,0.7799999999999958,0.7559124086715863,1.0
FOCAD,0.7799999999999976,0.7812462624304687,1.0
CPLANE2,0.779999999999998,0.7091309176902658,1.0
ATP5MF-PTCD1,0.7800000000000002,0.4071376698379916,1.0
VOPP1,0.7800000000000011,0.6998983649396864,1.0
PDS5B,0.7800000000000029,0.858548348480541,1.0
GRWD1,0.7800000000000047,0.9076115119079285,1.0
BOLA1,0.78000000000001,0.950426981824129,1.0
CLCN6,0.7850000000000001,0.8683235982021273,1.0
ELF1,0.7850000000000001,0.8487947368200934,1.0
EFNB2,0.7850000000000001,0.9141842025623018,1.0
TBC1D25,0.7850000000000019,0.8100256403943001,1.0
ZNF581,0.7850000000000037,0.9669394958014216,1.0
CLK3,0.7850000000000108,1.0,1.0
CCDC66,0.7899999999999956,0.6395330389318583,1.0
TENM3,0.7899999999999991,0.6754972946848711,1.0
CUBN,0.79,0.40948712684432786,1.0
CACNA2D1,0.7900000000000003,0.8520434463522804,1.0
SSB,0.7949999999999591,0.7844300000516808,1.0
RILPL2,0.7949999999999999,0.8944855348490495,1.0
NRIP3,0.7949999999999999,0.7308383100563765,1.0
RAB28,0.7950000000000017,0.9207627671027185,1.0
ESCO2,0.7950000000000035,0.4213548269831777,1.0
NDUFAF4,0.799999999999983,0.7780661870680045,1.0
PLEKHG4B,0.7999999999999998,0.4836429926527509,1.0
BEST1,0.8000000000000003,0.794002680192762,1.0
REXO4,0.8049999999999891,0.8781190194469978,1.0
WASL,0.8049999999999997,0.7685484371305833,1.0
EMILIN2,0.8049999999999999,0.6907099557705141,1.0
PFKFB2,0.8050000000000033,0.5786275093766506,1.0
CLASRP,0.809999999999981,0.7527634281491498,1.0
YTHDF2,0.8099999999999952,0.636572443127301,1.0
SMARCAD1,0.8100000000000023,0.9933860817420452,1.0
EIF2AK1,0.8149999999999764,0.9010451411117566,1.0
TBX18,0.8150000000000002,0.5561643473205113,1.0
SMG7,0.8199999999999896,0.9438275338976189,1.0
ANKRD36C,0.8249999999999971,0.6189318717934644,1.0
AGO1,0.8249999999999993,0.5423442984904308,1.0
DDI2,0.8249999999999993,0.9306406489398111,1.0
ZBTB8A,0.8250000000000002,0.4071376698379916,1.0
UHMK1,0.8299999999999983,0.8390642198295792,1.0
BEX3,0.8300000000000125,0.696830597247795,1.0
RAMP1,0.8349999999999997,0.9933860817420452,1.0
SGPL1,0.8399999999999963,0.737081122297987,1.0
UBE2F,0.8399999999999963,0.8715865700317355,1.0
PDK1,0.839999999999999,0.940529226774238,1.0
AKAP10,0.8400000000000016,0.9735488709352259,1.0
ACBD6,0.8450000000000557,0.7339575177052757,1.0
TYW1B,0.8499999999999996,0.48623432138829725,1.0
SLC16A13,0.8500000000000005,0.9043275087039068,1.0
HIVEP1,0.8549999999999942,0.8358260965628809,1.0
ARL17B,0.8549999999999995,0.5814651118050964,1.0
FAM199X,0.8550000000000004,0.5786275093766506,1.0
WNT5B,0.8550000000000013,0.8683235982021273,1.0
RBM19,0.8599999999999888,0.7780661870680045,1.0
ZFP82,0.8599999999999997,0.5814651118050964,1.0
PPP1R13L,0.860000000000003,0.9669394958014216,1.0
ENO3,0.860000000000003,0.842305069932857,1.0
COA7,0.8600000000000101,0.43585911500840513,1.0
UNK,0.8649999999999913,0.7464778413011777,1.0
C17orf58,0.8649999999999967,0.9471268043847221,1.0
LAPTM5,0.8649999999999998,0.7308383100563765,1.0
TERT,0.8649999999999998,0.3818280646769783,1.0
DISP2,0.8650000000000001,0.47335302265608303,1.0
ARMCX4,0.8650000000000004,0.4407571178182137,1.0
PREX1,0.8650000000000007,0.940529226774238,1.0
NOL10,0.865000000000002,0.5396009774503636,1.0
SWI5,0.8650000000000091,0.9603323910593005,1.0
R3HCC1,0.8699999999999903,0.8944855348490495,1.0
AMIGO2,0.8699999999999974,0.829358243536714,1.0
COMMD1,0.8699999999999974,0.6846094685667796,1.0
BICRA,0.8699999999999992,0.6072914543107184,1.0
PARP9,0.8699999999999992,0.4456865210409048,1.0
RANBP10,0.8699999999999992,0.3978205467559196,1.0
HARBI1,0.8700000000000006,0.4309926469959029,1.0
ARID3A,0.870000000000001,0.7527634281491498,1.0
TMEM182,0.870000000000001,0.7780661870680045,1.0
ZDHHC9,0.870000000000001,0.8455485934494391,1.0
MED22,0.8700000000000117,0.9669394958014216,1.0
DZIP1,0.8749999999999929,0.9438275338976189,1.0
NOL4L,0.8749999999999947,0.8520434463522804,1.0
ATG10,0.8749999999999964,0.7029710376341284,1.0
SAMD9L,0.8749999999999991,0.696830597247795,1.0
B4GALT6,0.8749999999999996,0.8487947368200934,1.0
ADORA2A,0.8749999999999996,0.9438275338976189,1.0
SLC16A2,0.875,0.9010451411117566,1.0
AXIN2,0.875,0.5589488326624473,1.0
KLF3,0.8750000000000036,0.9801600629440878,1.0
PEX3,0.879999999999999,0.5729719113688719,1.0
BCL2A1,0.8800000000000001,0.6754972946848711,1.0
SPRING1,0.8800000000000008,0.5072325853424271,1.0
TAOK3,0.8800000000000008,0.8164575944411389,1.0
APPL1,0.8800000000000008,0.8004018469425622,1.0
CARD16,0.8800000000000019,0.8455485934494391,1.0
MRPS9,0.8800000000000097,0.672470358702386,1.0
EXT1,0.8849999999999909,0.7091309176902658,1.0
CASP8AP2,0.8849999999999945,0.6101923917365532,1.0
ATPSCKMT,0.8849999999999962,0.9669394958014216,1.0
SMIM14,0.8849999999999989,0.4383041828410795,1.0
CASD1,0.8850000000000033,0.8650628677291835,1.0
TMEM71,0.8900000000000002,0.4383041828410795,1.0
CXADR,0.8900000000000015,0.6160126376872717,1.0
NECTIN1,0.8900000000000068,0.996693012466618,1.0
ZCCHC4,0.8949999999999978,0.8650628677291835,1.0
DDX60,0.8949999999999996,0.8618044330490108,1.0
HAUS6,0.8950000000000031,0.648449182304075,1.0
IPO9,0.899999999999995,0.4456865210409048,1.0
REEP2,0.899999999999999,0.9537280097577494,1.0
MDFI,0.8999999999999999,0.858548348480541,1.0
BBS4,0.9000000000000021,0.4456865210409048,1.0
RNASEH1,0.9000000000000021,0.5179075922305545,1.0
SH3BP5L,0.9000000000000057,0.7339575177052757,1.0
NXN,0.9000000000000092,0.9933860817420452,1.0
RNF31,0.9049999999999869,0.8846597782463905,1.0
TRIM52,0.9049999999999994,0.6015081344405899,1.0
IFIH1,0.9050000000000011,0.7433413319545803,1.0
FNIP1,0.9050000000000011,0.6130994652172653,1.0
DUS4L-BCAP29,0.9050000000000011,0.6130994652172653,1.0
NCBP2AS2,0.9050000000000047,0.7527634281491498,1.0
TCF19,0.909999999999993,0.5232883447117399,1.0
AGPAT4,0.910000000000001,0.9900792646321629,1.0
IRAK4,0.910000000000001,0.9141842025623018,1.0
TEAD3,0.9100000000000019,0.6544215056598512,1.0
RNF19B,0.9100000000000055,0.7590654489309898,1.0
MED12,0.9149999999999991,0.6876571708271936,1.0
EPB41L3,0.9150000000000005,0.6072914543107184,1.0
TLCD5,0.9150000000000009,0.8520434463522804,1.0
KRBOX4,0.9199999999999982,0.47591416910232376,1.0
PLPP4,0.9199999999999997,0.842305069932857,1.0
CCNYL1,0.9199999999999999,0.7153098743639731,1.0
CDK5RAP2,0.9200000000000053,0.5617400706970093,1.0
ZFP90,0.9200000000000053,0.829358243536714,1.0
NDUFAF7,0.9249999999999989,0.6634215158168552,1.0
CDK6,0.9250000000000007,0.7339575177052757,1.0
CAMSAP2,0.9250000000000007,0.8715865700317355,1.0
SLC4A1AP,0.9250000000000007,0.6454714485353458,1.0
AP5B1,0.9250000000000025,0.6604160308082985,1.0
ARHGAP21,0.9299999999999891,0.7908082597408556,1.0
NOC3L,0.9299999999999962,0.9010451411117566,1.0
SOWAHC,0.9299999999999997,0.5098904587440031,1.0
CSNK2A3,0.9299999999999997,0.6277255661132192,1.0
CYP1B1,0.9299999999999999,0.8879331364078507,1.0
HOXA11,0.9300000000000002,0.6072914543107184,1.0
SHC2,0.9300000000000002,0.9108970950967655,1.0
FBXO3,0.9300000000000033,0.45064718510155777,1.0
ZNF335,0.934999999999997,0.5019387498867459,1.0
DDX20,0.9349999999999987,0.8487947368200934,1.0
C11orf45,0.9349999999999998,0.4914394238527241,1.0
ALG3,0.9399999999999977,0.813240042910631,1.0
TFEB,0.9399999999999991,0.9735488709352259,1.0
SYDE1,0.9399999999999995,0.7812462624304687,1.0
CA9,0.9399999999999997,0.7339575177052757,1.0
FAM86B2,0.94,0.41421016410043454,1.0
CENPS-CORT,0.9400000000000004,0.621857129896537,1.0
RWDD2B,0.9449999999999967,0.6306686675294741,1.0
RFX3,0.9450000000000003,0.6189318717934644,1.0
TRIM37,0.9450000000000003,0.9273467583508952,1.0
GALK1,0.9499999999999922,0.7215075408530456,1.0
SPEN,0.9499999999999993,0.6247883740723336,1.0
NADK2,0.9500000000000011,0.749618556161363,1.0
MIDEAS,0.9500000000000028,0.9010451411117566,1.0
ADGRL2,0.9549999999999983,0.9043275087039068,1.0
TMEM80,0.9550000000000018,0.7844300000516808,1.0
C12orf43,0.9550000000000036,0.9306406489398111,1.0
NCOA6,0.9550000000000054,0.5019387498867459,1.0
TSR2,0.9599999999999831,0.7590654489309898,1.0
MPST,0.9599999999999973,0.8650628677291835,1.0
ADRB2,0.9599999999999997,0.4456865210409048,1.0
GPR157,0.96,0.7590654489309898,1.0
SMIM22,0.96,0.636572443127301,1.0
SNAPC5,0.9600000000000151,0.7780661870680045,1.0
PRPSAP2,0.965000000000007,0.7464778413011777,1.0
GNE,0.9699999999999971,0.672470358702386,1.0
GJB2,0.9700000000000009,0.7876173493946396,1.0
CEP44,0.9749999999999996,0.9570298316837188,1.0
PSKH1,0.975000000000005,0.8455485934494391,1.0
SAP30L,0.975000000000005,0.7122180342879179,1.0
FXR2,0.9799999999999969,0.4118446292938597,1.0
KIAA1841,0.9799999999999969,0.6876571708271936,1.0
ZNF175,0.9799999999999986,0.39091777522840465,1.0
PPARGC1B,0.9800000000000004,0.7184063919514614,1.0
CTH,0.9800000000000013,0.6998983649396864,1.0
ARHGAP22,0.9800000000000018,0.4407571178182137,1.0
ADH5,0.9849999999999994,0.9537280097577494,1.0
ARPIN-AP3S2,0.9849999999999994,0.5314129258282958,1.0
RGS9,0.9850000000000003,0.8229019354214293,1.0
ZNF256,0.9850000000000003,0.5617400706970093,1.0
DIS3L,0.985000000000003,0.7091309176902658,1.0
ROCK2,0.9900000000000002,0.6604160308082985,1.0
ZNF567,0.9900000000000002,0.7812462624304687,1.0
SLC12A5,0.994999999999997,0.8781190194469978,1.0
GGPS1,0.9999999999999929,0.6937677793437123,1.0
RBM15,0.9999999999999938,0.9900792646321629,1.0
FRA10AC1,0.9999999999999982,0.40246294289693907,1.0
DEF6,0.9999999999999991,0.8390642198295792,1.0
PCLO,0.9999999999999998,0.8487947368200934,1.0
ST3GAL2,1.0,0.9702439279042832,1.0
MILR1,1.0,0.636572443127301,1.0
PBX4,1.0000000000000022,0.9240541123816033,1.0
SCARA3,1.0000000000000062,0.829358243536714,1.0
PIN4,1.000000000000007,0.8164575944411389,1.0
B4GALNT1,1.0049999999999955,0.9339357280136042,1.0
GSDMB,1.0049999999999981,0.5533866460521025,1.0
TMEM181,1.004999999999999,0.7277235466695502,1.0
SRPX2,1.005,0.950426981824129,1.0
ME1,1.0050000000000026,0.858548348480541,1.0
KCTD2,1.005000000000006,0.5617400706970093,1.0
FBXL3,1.009999999999998,0.9669394958014216,1.0
RIN3,1.0099999999999998,0.42615784298026116,1.0
MERTK,1.0100000000000002,0.42615784298026116,1.0
LRRC34,1.0100000000000002,0.7685484371305833,1.0
SCAF8,1.014999999999997,0.858548348480541,1.0
ARHGEF16,1.0149999999999997,0.7122180342879179,1.0
PRPF38B,1.0150000000000006,0.696830597247795,1.0
PLAU,1.0150000000000023,0.49667429717814027,1.0
CWF19L1,1.0199999999999996,0.8813883875991326,1.0
ZBTB25,1.0200000000000005,0.7527634281491498,1.0
MYO1B,1.0200000000000031,0.9273467583508952,1.0
CNOT10,1.024999999999995,0.5957497963320737,1.0
TRNT1,1.0249999999999986,0.621857129896537,1.0
H2BC4,1.0249999999999986,0.45064718510155777,1.0
SUSD5,1.025,0.5286976420682703,1.0
POGK,1.0250000000000092,0.9141842025623018,1.0
UBXN11,1.0299999999999958,0.8100256403943001,1.0
SMYD4,1.0299999999999994,0.4914394238527241,1.0
CTIF,1.0300000000000011,0.8683235982021273,1.0
RMND1,1.0300000000000011,0.7527634281491498,1.0
TYK2,1.0300000000000082,0.6907099557705141,1.0
TUBB,1.0349999999987176,0.7908082597408556,1.0
IK,1.0349999999999397,0.996693012466618,1.0
FCHO1,1.035,0.9636356313037896,1.0
ZNF827,1.035000000000002,0.7653835124598296,1.0
ITGAE,1.035000000000018,0.648449182304075,1.0
STC1,1.0399999999999987,0.7844300000516808,1.0
GMFB,1.0400000000000063,0.7780661870680045,1.0
BECN1,1.0449999999999875,0.6664324268587869,1.0
GMIP,1.0449999999999982,0.996693012466618,1.0
CRTC2,1.0449999999999982,0.7153098743639731,1.0
ZNF138,1.044999999999999,0.9801600629440878,1.0
BMPR2,1.0450000000000035,0.8618044330490108,1.0
HECA,1.0499999999999994,0.4407571178182137,1.0
PCED1B,1.05,0.8846597782463905,1.0
KSR1,1.054999999999998,0.6634215158168552,1.0
NBPF20,1.0550000000000002,0.4309926469959029,1.0
ATP2A3,1.06,0.9702439279042832,1.0
PI3,1.06,0.7812462624304687,1.0
LYSMD4,1.0600000000000005,0.5506157599288712,1.0
CDIN1,1.0600000000000005,0.9207627671027185,1.0
BROX,1.0600000000000094,0.5786275093766506,1.0
ZBED3,1.0649999999999995,0.8325907534174406,1.0
TMEM53,1.0650000000000013,0.5019387498867459,1.0
TTLL12,1.0650000000000048,0.7402090762983753,1.0
DERL2,1.0650000000000261,0.5019387498867459,1.0
TRAM1L1,1.0699999999999998,0.4456865210409048,1.0
DIMT1,1.0700000000000003,0.4456865210409048,1.0
FBXO11,1.0700000000000003,0.7972005596761405,1.0
ZKSCAN8,1.0749999999999975,0.9867726179369976,1.0
TRIM39,1.0750000000000028,0.9076115119079285,1.0
HOXB7,1.0750000000000028,0.9471268043847221,1.0
MRPS25,1.07500000000001,0.7653835124598296,1.0
HNRNPH2,1.079999999999984,0.7559124086715863,1.0
RABL2B,1.0799999999999983,0.5589488326624473,1.0
APCDD1,1.0800000000000003,0.7590654489309898,1.0
SLC39A13,1.0800000000000054,0.9603323910593005,1.0
MAPKAPK5,1.080000000000016,0.5561643473205113,1.0
DNAH5,1.0850000000000004,0.48623432138829725,1.0
EXOC1,1.0850000000000044,0.6072914543107184,1.0
RNF216,1.0899999999999999,0.7653835124598296,1.0
ORC3,1.0899999999999999,0.5900167260288813,1.0
FCHSD2,1.0899999999999999,0.8196782427441914,1.0
IFNLR1,1.0949999999999998,0.5506157599288712,1.0
SHLD2,1.0950000000000006,0.9174727785181955,1.0
CEP72,1.0950000000000024,0.46571526862558976,1.0
LIG1,1.095000000000006,0.8944855348490495,1.0
WDR82,1.0999999999999943,0.8944855348490495,1.0
RELT,1.0999999999999979,0.9076115119079285,1.0
CDKN2D,1.0999999999999996,0.7653835124598296,1.0
PRICKLE1,1.0999999999999996,0.9570298316837188,1.0
WNT10B,1.0999999999999996,0.5843092048547895,1.0
PCDHB9,1.0999999999999996,0.9603323910593005,1.0
GNB1L,1.0999999999999996,0.8683235982021273,1.0
ASH1L,1.1000000000000014,0.813240042910631,1.0
FAM131A,1.1000000000000014,0.8879331364078507,1.0
UBE2E1,1.1000000000000654,0.46571526862558976,1.0
INPP5F,1.1049999999999986,0.9043275087039068,1.0
SMIM20,1.1050000000000004,0.6072914543107184,1.0
MTMR3,1.105000000000004,0.8879331364078507,1.0
KIDINS220,1.105000000000004,0.9141842025623018,1.0
NEMP1,1.1050000000000146,0.7908082597408556,1.0
CBX5,1.1099999999999888,0.8358260965628809,1.0
NHSL1,1.1099999999999985,0.8358260965628809,1.0
SAMD1,1.1099999999999994,0.6072914543107184,1.0
MOCOS,1.1100000000000012,0.7559124086715863,1.0
EDC3,1.1149999999999913,0.7339575177052757,1.0
NIT1,1.1149999999999984,0.7717172243455237,1.0
OLFML2B,1.1149999999999998,0.6277255661132192,1.0
SAR1A,1.115000000000002,0.696830597247795,1.0
GAS8,1.115000000000009,0.6336176395507085,1.0
TGS1,1.1199999999999992,0.7277235466695502,1.0
TCEA3,1.1200000000000003,0.8977644646746489,1.0
UHRF2,1.120000000000008,0.49667429717814027,1.0
NPIPB12,1.1200000000000188,0.8164575944411389,1.0
NR2C2,1.1249999999999893,0.7653835124598296,1.0
RNF146,1.125,0.45563896523052283,1.0
FBXO41,1.1250000000000009,0.46571526862558976,1.0
TMEM267,1.1250000000000036,0.8944855348490495,1.0
HES4,1.13,0.7653835124598296,1.0
RNFT2,1.1300000000000008,0.6306686675294741,1.0
ABT1,1.1300000000000008,0.636572443127301,1.0
TMEM60,1.134999999999991,0.6815668927944767,1.0
SLMAP,1.1349999999999945,0.6189318717934644,1.0
RNF168,1.1350000000000016,0.8358260965628809,1.0
ZNF462,1.1399999999999988,0.9010451411117566,1.0
L3MBTL2,1.1400000000000006,0.8813883875991326,1.0
HNRNPUL1,1.1400000000000148,0.8164575944411389,1.0
TMEM248,1.144999999999989,0.5072325853424271,1.0
CBFA2T2,1.1449999999999996,0.5396009774503636,1.0
DCP1A,1.1450000000000014,0.6336176395507085,1.0
CHCHD4,1.1450000000000031,0.40246294289693907,1.0
DTX3L,1.1450000000000031,0.5450945558532493,1.0
PXMP2,1.1450000000000067,0.6664324268587869,1.0
GTF2B,1.1499999999999986,0.7029710376341284,1.0
SEPTIN6,1.1500000000000021,0.9207627671027185,1.0
ARMC8,1.1500000000000092,0.7464778413011777,1.0
PINX1,1.154999999999994,0.9933860817420452,1.0
L2HGDH,1.1549999999999976,0.6160126376872717,1.0
SAMD9,1.154999999999999,0.7339575177052757,1.0
DNAJC15,1.1549999999999994,0.8748517286674501,1.0
OTUD5,1.1550000000000011,0.8036064905718427,1.0
SLC25A33,1.155000000000003,0.4213548269831777,1.0
KLHL36,1.15500000000001,1.0,1.0
POFUT1,1.1550000000000153,0.40246294289693907,1.0
DLX2,1.1600000000000001,0.46571526862558976,1.0
PAK1IP1,1.1649999999999885,0.7590654489309898,1.0
MED11,1.1649999999999991,0.7277235466695502,1.0
CD274,1.1649999999999996,0.6189318717934644,1.0
BICC1,1.1700000000000004,0.696830597247795,1.0
BSDC1,1.1700000000000017,0.7972005596761405,1.0
SH3D19,1.170000000000007,0.696830597247795,1.0
LTBP4,1.1700000000000088,0.5843092048547895,1.0
ABCC1,1.17499999999999,0.813240042910631,1.0
TRPV1,1.1750000000000016,0.657416013591166,1.0
AMMECR1L,1.1750000000000025,0.9207627671027185,1.0
ARHGEF28,1.175000000000006,0.5900167260288813,1.0
CNFN,1.1799999999999988,0.696830597247795,1.0
BDKRB2,1.18,0.44816295439279763,1.0
PHAX,1.1800000000000068,0.696830597247795,1.0
FNDC4,1.1849999999999996,0.9010451411117566,1.0
SLC25A45,1.1849999999999996,0.672470358702386,1.0
NBPF12,1.1849999999999996,0.5589488326624473,1.0
DNAJC2,1.1850000000000023,0.696830597247795,1.0
ZNF280D,1.185000000000004,0.43585911500840513,1.0
ATL2,1.1850000000000094,0.7464778413011777,1.0
BTBD6,1.1850000000000094,0.8748517286674501,1.0
LSG1,1.1850000000000165,0.9010451411117566,1.0
DCAF8,1.1899999999999835,0.8813883875991326,1.0
GPX8,1.1899999999999906,0.5072325853424271,1.0
MAML1,1.1899999999999995,0.534135262077375,1.0
PRDM4,1.1900000000000013,0.7029710376341284,1.0
RGS5,1.1900000000000013,0.5673426777793709,1.0
ATG14,1.1900000000000057,0.5533866460521025,1.0
ZNF598,1.190000000000012,0.636572443127301,1.0
RAD17,1.1949999999999932,0.5900167260288813,1.0
BNC2,1.1949999999999994,0.4707994763603818,1.0
ARHGAP31,1.1949999999999996,0.8358260965628809,1.0
TSFM,1.1999999999999815,0.7153098743639731,1.0
ZNF544,1.2049999999999947,0.9603323910593005,1.0
ELL,1.205,0.657416013591166,1.0
PNPLA8,1.2050000000000054,0.829358243536714,1.0
MAN2C1,1.2050000000000125,1.0,1.0
H1-2,1.2099999999999937,0.9141842025623018,1.0
KDM4C,1.2099999999999982,0.5072325853424271,1.0
MIER1,1.209999999999999,0.696830597247795,1.0
WBP4,1.2100000000000009,0.9306406489398111,1.0
MCOLN1,1.2100000000000062,0.4810591760941474,1.0
PGAP2,1.2100000000000115,0.5232883447117399,1.0
RARS1,1.2149999999999892,0.8944855348490495,1.0
GPR3,1.2150000000000003,0.7091309176902658,1.0
RBBP9,1.2199999999999989,0.5533866460521025,1.0
RBKS,1.2199999999999989,0.5673426777793709,1.0
NIBAN1,1.2200000000000006,0.8683235982021273,1.0
ALS2CL,1.2200000000000006,0.39321057459276376,1.0
DDX60L,1.2200000000000024,0.7339575177052757,1.0
PLEKHO2,1.2249999999999996,0.9537280097577494,1.0
KLHL17,1.2299999999999986,0.6754972946848711,1.0
NUDT12,1.2299999999999995,0.8846597782463905,1.0
AGR2,1.2299999999999998,0.6754972946848711,1.0
PHF7,1.2300000000000013,0.45064718510155777,1.0
MAP1LC3B,1.230000000000004,0.7844300000516808,1.0
SUPT20H,1.2349999999999781,0.8229019354214293,1.0
THAP3,1.2349999999999977,0.7308383100563765,1.0
CRCP,1.235000000000003,0.8164575944411389,1.0
SENP6,1.2399999999999949,0.696830597247795,1.0
TRIP11,1.2399999999999984,0.648449182304075,1.0
OSR1,1.2399999999999998,0.4456865210409048,1.0
ATP23,1.2400000000000038,0.45064718510155777,1.0
CPPED1,1.2449999999999983,0.6336176395507085,1.0
CNST,1.245,0.940529226774238,1.0
LTB4R,1.245000000000001,0.8944855348490495,1.0
TMEM208,1.2499999999999716,0.648449182304075,1.0
FKBP15,1.2499999999999982,0.8618044330490108,1.0
SETD1B,1.25,0.3886331144942722,1.0
MYCBP,1.250000000000007,0.7590654489309898,1.0
FANCI,1.2500000000000142,0.7812462624304687,1.0
PPM1N,1.2550000000000003,0.4285712791158539,1.0
BCL7B,1.259999999999991,0.6604160308082985,1.0
TWNK,1.259999999999991,0.9669394958014216,1.0
ATG7,1.259999999999991,0.4682535513976369,1.0
TBC1D22B,1.259999999999998,0.5286976420682703,1.0
NEIL2,1.259999999999998,0.48623432138829725,1.0
NME6,1.259999999999998,0.9372319393764333,1.0
CKLF-CMTM1,1.259999999999999,0.4631846485772054,1.0
PKN3,1.2599999999999998,0.48623432138829725,1.0
VPS13B,1.2600000000000016,0.42615784298026116,1.0
LIMD1,1.2600000000000016,0.39321057459276376,1.0
MICOS10,1.260000000000133,0.6785294870658231,1.0
NUCB2,1.2650000000000006,0.6754972946848711,1.0
SPECC1L,1.2650000000000006,0.8813883875991326,1.0
ULBP1,1.2650000000000006,0.46571526862558976,1.0
NCBP1,1.2699999999999925,0.5506157599288712,1.0
TMEM242,1.2699999999999996,0.6664324268587869,1.0
C12orf4,1.2749999999999986,0.9603323910593005,1.0
NOD1,1.2749999999999986,0.7653835124598296,1.0
COL7A1,1.2749999999999986,0.9669394958014216,1.0
SCML2,1.279999999999999,0.5900167260288813,1.0
RGL3,1.280000000000003,0.45313919490861054,1.0
STAM,1.2800000000000082,0.6189318717934644,1.0
CDK3,1.2849999999999993,0.5450945558532493,1.0
PAQR5,1.2849999999999995,0.9306406489398111,1.0
TMEM156,1.285,0.3886331144942722,1.0
AGPS,1.285000000000018,0.9834661984477937,1.0
POLR3F,1.2899999999999903,0.8552946682228153,1.0
SMURF1,1.2900000000000027,0.9306406489398111,1.0
CNOT6,1.2949999999999946,0.657416013591166,1.0
C20orf96,1.2949999999999964,0.40479627104040006,1.0
FNDC10,1.295,0.5814651118050964,1.0
TEX10,1.2999999999999972,0.5617400706970093,1.0
EFNA5,1.2999999999999972,0.7717172243455237,1.0
COBLL1,1.3000000000000007,0.9438275338976189,1.0
RFT1,1.3000000000000078,0.9207627671027185,1.0
GOT1,1.3049999999999926,0.648449182304075,1.0
RPAIN,1.3049999999999926,0.7029710376341284,1.0
TAF12,1.3049999999999997,0.5673426777793709,1.0
YWHAB,1.3050000000000068,0.7215075408530456,1.0
PLK2,1.3149999999999835,0.8487947368200934,1.0
USP12,1.3149999999999977,0.8879331364078507,1.0
AUTS2,1.3149999999999977,0.6544215056598512,1.0
MAP3K2,1.3149999999999995,0.940529226774238,1.0
TMEM92,1.315,0.4914394238527241,1.0
NCOA5,1.3199999999999967,0.7277235466695502,1.0
URB1,1.3199999999999985,0.6604160308082985,1.0
LPAR2,1.3200000000000038,0.7844300000516808,1.0
MRPS14,1.3200000000000038,0.48623432138829725,1.0
ORMDL1,1.3200000000000074,0.7590654489309898,1.0
ADGRB1,1.3250000000000002,0.8683235982021273,1.0
ZFYVE26,1.325000000000001,0.4682535513976369,1.0
RBM15B,1.3250000000000028,0.7844300000516808,1.0
PSPC1,1.3299999999999983,0.8455485934494391,1.0
BRD3OS,1.33,0.8715865700317355,1.0
NBPF19,1.33,0.41896527683459084,1.0
DHODH,1.3300000000000027,0.4606617114605923,1.0
SELENOW,1.3300000000000267,0.9603323910593005,1.0
KMT2D,1.3349999999999866,0.9933860817420452,1.0
PKN2,1.3399999999999963,0.5729719113688719,1.0
EGFL8,1.3399999999999999,0.5232883447117399,1.0
MTMR11,1.3400000000000016,0.39551150205256314,1.0
PMAIP1,1.340000000000007,0.8748517286674501,1.0
FAHD2A,1.3400000000000105,0.8977644646746489,1.0
MOCS2,1.3449999999999847,0.9043275087039068,1.0
KIAA2013,1.3449999999999918,0.9010451411117566,1.0
XRRA1,1.3450000000000024,0.4888331394973101,1.0
DNAJC18,1.3499999999999979,0.4071376698379916,1.0
NVL,1.3500000000000014,0.5757964313912116,1.0
RTEL1,1.3500000000000068,0.9603323910593005,1.0
RBM27,1.3600000000000048,0.5232883447117399,1.0
CHD9,1.3600000000000048,0.9603323910593005,1.0
CENATAC,1.365000000000002,0.8004018469425622,1.0
NTAN1,1.3699999999999903,0.38635660260863647,1.0
NOL6,1.369999999999994,0.9339357280136042,1.0
ZNF609,1.3699999999999992,0.9438275338976189,1.0
MFSD8,1.375,0.6694487219140669,1.0
POLR2J3,1.375,0.7717172243455237,1.0
GARNL3,1.3750000000000004,0.7122180342879179,1.0
EFCAB2,1.3799999999999972,0.8196782427441914,1.0
RFTN1,1.3800000000000017,0.42615784298026116,1.0
HLTF,1.380000000000006,0.657416013591166,1.0
PLPP6,1.384999999999999,0.8618044330490108,1.0
FIGNL1,1.3850000000000051,0.6015081344405899,1.0
PUM1,1.3850000000000051,0.45814647715894785,1.0
TMLHE,1.3899999999999988,0.5152279883728814,1.0
SLC12A6,1.3899999999999997,0.547851719712373,1.0
CLGN,1.3900000000000006,0.5205943866712266,1.0
SLC35C1,1.3900000000000023,0.6998983649396864,1.0
ZDHHC6,1.394999999999996,0.49930283827853317,1.0
EEFSEC,1.3949999999999978,0.5729719113688719,1.0
ANKRD36B,1.3949999999999996,0.42615784298026116,1.0
CCDC122,1.3950000000000005,0.5019387498867459,1.0
DTWD1,1.3999999999999986,0.648449182304075,1.0
CCNO,1.4000000000000012,0.3818280646769783,1.0
RC3H2,1.4000000000000021,0.40948712684432786,1.0
LRP10,1.4000000000000057,0.9735488709352259,1.0
FASTK,1.404999999999987,0.6015081344405899,1.0
ACYP2,1.4049999999999976,0.8358260965628809,1.0
SASH1,1.4049999999999994,0.7339575177052757,1.0
PHIP,1.405000000000003,0.6634215158168552,1.0
EXOG,1.4099999999999948,0.9076115119079285,1.0
ZNF677,1.4099999999999997,0.4118446292938597,1.0
PDXP,1.4100000000000001,0.9735488709352259,1.0
ELOVL6,1.4100000000000055,0.8912084070019073,1.0
PAWR,1.414999999999992,0.7029710376341284,1.0
PPIP5K1,1.4149999999999991,0.950426981824129,1.0
PLXNA2,1.415,0.4606617114605923,1.0
EDIL3,1.415,0.6664324268587869,1.0
CGN,1.415000000000001,0.7622224999271966,1.0
TSN,1.4150000000000276,0.47591416910232376,1.0
MAPK14,1.4199999999999982,0.6604160308082985,1.0
SCAF4,1.4200000000000053,0.6015081344405899,1.0
FCGRT,1.4249999999999936,0.8748517286674501,1.0
BRMS1L,1.4250000000000007,0.6846094685667796,1.0
AAGAB,1.4250000000000043,0.8748517286674501,1.0
EIF2B4,1.4250000000000043,0.43585911500840513,1.0
PAQR4,1.4299999999999962,0.7277235466695502,1.0
MRPS10,1.4299999999999997,0.829358243536714,1.0
METTL16,1.4300000000000033,0.37733223687257855,1.0
RIMKLB,1.4300000000000033,0.7029710376341284,1.0
CASC3,1.4350000000000236,0.5843092048547895,1.0
XPOT,1.4350000000000236,0.9010451411117566,1.0
ANKZF1,1.4399999999999977,0.6544215056598512,1.0
ROBO1,1.4399999999999977,0.8036064905718427,1.0
CSRNP1,1.4399999999999995,0.6277255661132192,1.0
DENND3,1.440000000000003,0.8390642198295792,1.0
SPAG7,1.4400000000000048,0.842305069932857,1.0
BAZ2B,1.445000000000002,0.7277235466695502,1.0
GRB14,1.4499999999999993,0.9240541123816033,1.0
INPP5E,1.4499999999999993,0.6424993873606966,1.0
SDHAF4,1.4500000000000002,0.4407571178182137,1.0
PPARG,1.450000000000002,0.950426981824129,1.0
GGNBP2,1.454999999999977,0.4606617114605923,1.0
UBQLN2,1.4550000000000018,0.6785294870658231,1.0
TASOR,1.4550000000000054,0.5125556017624364,1.0
AGBL5,1.455000000000009,0.6072914543107184,1.0
PEX7,1.46,0.7464778413011777,1.0
TMEM42,1.4600000000000026,0.5729719113688719,1.0
DOCK11,1.464999999999999,0.44816295439279763,1.0
THADA,1.4649999999999999,0.4606617114605923,1.0
TRERF1,1.4649999999999999,0.4940531510041464,1.0
ADAM17,1.4699999999999882,0.6604160308082985,1.0
LXN,1.469999999999997,0.940529226774238,1.0
CEP170,1.4699999999999989,1.0,1.0
CKMT1A,1.4699999999999993,0.47335302265608303,1.0
CYHR1,1.470000000000006,0.8683235982021273,1.0
ASF1A,1.4749999999999996,0.8325907534174406,1.0
ZNF507,1.4749999999999996,0.5617400706970093,1.0
AGAP6,1.4749999999999996,0.8004018469425622,1.0
POLDIP2,1.4750000000000085,0.8004018469425622,1.0
SPPL2B,1.4799999999999969,0.8715865700317355,1.0
FLVCR1,1.4800000000000004,0.39321057459276376,1.0
SHPK,1.4849999999999994,0.9933860817420452,1.0
SDAD1,1.485000000000003,0.8944855348490495,1.0
AUP1,1.4899999999999523,0.7215075408530456,1.0
SELENOO,1.4899999999999984,0.43585911500840513,1.0
SLC25A44,1.4899999999999984,0.7433413319545803,1.0
COCH,1.4900000000000002,0.696830597247795,1.0
FEM1C,1.4900000000000002,0.657416013591166,1.0
ARL14EP,1.490000000000002,0.7527634281491498,1.0
BCLAF1,1.4949999999999903,1.0,1.0
INTS7,1.4949999999999974,0.7780661870680045,1.0
NFRKB,1.5049999999999972,0.6907099557705141,1.0
HSD17B8,1.505000000000006,0.7246132746430569,1.0
IGFBP4,1.509999999999991,0.9076115119079285,1.0
DUS3L,1.509999999999998,0.829358243536714,1.0
ITPRIP,1.5100000000000007,0.6015081344405899,1.0
N4BP1,1.5100000000000016,0.657416013591166,1.0
IQCC,1.5100000000000033,0.40479627104040006,1.0
NDOR1,1.5150000000000006,0.5786275093766506,1.0
SIX5,1.5150000000000015,0.5957497963320737,1.0
TRIM21,1.5150000000000023,0.6189318717934644,1.0
BICD2,1.519999999999989,0.5232883447117399,1.0
RPUSD2,1.5199999999999996,0.4213548269831777,1.0
PURA,1.5199999999999996,0.47335302265608303,1.0
KCTD11,1.5200000000000005,0.8846597782463905,1.0
AHCTF1,1.5250000000000021,0.5757964313912116,1.0
NF2,1.5250000000000021,0.4914394238527241,1.0
HEATR1,1.5250000000000057,0.8229019354214293,1.0
ANKHD1-EIF4EBP3,1.5350000000000001,0.8944855348490495,1.0
PSENEN,1.539999999999985,0.7091309176902658,1.0
AP4B1,1.5399999999999956,0.8683235982021273,1.0
EVA1C,1.5399999999999991,0.5533866460521025,1.0
NNMT,1.5400000000000098,0.829358243536714,1.0
TNFRSF10A,1.5449999999999982,0.4682535513976369,1.0
PALD1,1.5450000000000004,0.39551150205256314,1.0
LATS1,1.5450000000000008,0.7590654489309898,1.0
ZNF286A,1.5499999999999954,0.7308383100563765,1.0
TTC23,1.5500000000000043,0.4707994763603818,1.0
SMNDC1,1.5500000000000114,0.5232883447117399,1.0
NAPRT,1.5549999999999962,0.6160126376872717,1.0
RABGGTA,1.5549999999999997,0.9207627671027185,1.0
SMCO4,1.5550000000000068,0.4810591760941474,1.0
EFL1,1.5600000000000005,0.6189318717934644,1.0
C6orf47,1.5600000000000005,0.9306406489398111,1.0
GTF2H2C,1.5600000000000023,0.842305069932857,1.0
PRKCA,1.5600000000000058,0.45563896523052283,1.0
BCL2L2,1.5600000000000094,0.6424993873606966,1.0
TUSC1,1.5649999999999977,0.8455485934494391,1.0
DENND1A,1.5649999999999995,0.4285712791158539,1.0
REV1,1.5650000000000048,0.6101923917365532,1.0
PPIG,1.5650000000000048,0.40013769753329187,1.0
SRSF6,1.5699999999999932,0.9240541123816033,1.0
POC5,1.5699999999999985,0.5814651118050964,1.0
RNF10,1.5700000000000642,0.7215075408530456,1.0
SMYD5,1.5749999999999886,0.6785294870658231,1.0
SERTAD4,1.5799999999999983,0.696830597247795,1.0
ZNF273,1.5799999999999996,0.3818280646769783,1.0
TMEM251,1.5849999999999937,0.7717172243455237,1.0
CDK19,1.5850000000000009,0.9240541123816033,1.0
PIK3CA,1.5850000000000017,0.737081122297987,1.0
FCHO2,1.5850000000000026,0.4456865210409048,1.0
MAPK7,1.5850000000000044,0.7653835124598296,1.0
ZNF316,1.5850000000000097,0.8390642198295792,1.0
MTERF3,1.5899999999999963,0.4940531510041464,1.0
CREB3L2,1.5899999999999963,0.6544215056598512,1.0
CTDSPL2,1.589999999999998,0.5673426777793709,1.0
NFIL3,1.589999999999998,0.9240541123816033,1.0
BACE1,1.594999999999997,0.794002680192762,1.0
DHX32,1.5949999999999989,0.47591416910232376,1.0
DOK4,1.5950000000000024,0.6604160308082985,1.0
ATXN1,1.5999999999999996,0.7277235466695502,1.0
AUNIP,1.600000000000004,0.3978205467559196,1.0
PCDHB16,1.6050000000000002,0.8358260965628809,1.0
ELMOD2,1.6099999999999994,0.6514325482434398,1.0
MTMR12,1.6100000000000012,0.6664324268587869,1.0
PHTF1,1.6149999999999984,0.737081122297987,1.0
FAM89B,1.6199999999999903,0.9471268043847221,1.0
SECISBP2,1.6199999999999974,0.9471268043847221,1.0
GPATCH3,1.6199999999999992,0.5814651118050964,1.0
NEK4,1.620000000000001,0.7748898243174053,1.0
ZCCHC24,1.6200000000000014,0.40948712684432786,1.0
GLE1,1.6200000000000117,0.7029710376341284,1.0
ZNF703,1.6249999999999964,0.8100256403943001,1.0
WDR35,1.6249999999999982,0.7972005596761405,1.0
BCAS2,1.6250000000000213,0.8487947368200934,1.0
EXOC3,1.634999999999991,0.9867726179369976,1.0
SNRNP35,1.634999999999998,0.534135262077375,1.0
FAM83G,1.6349999999999998,0.7717172243455237,1.0
SNX9,1.6350000000000016,0.9537280097577494,1.0
SEC22B,1.6399999999999935,0.6634215158168552,1.0
ZSWIM4,1.6399999999999992,0.5098904587440031,1.0
AMPD3,1.6449999999999998,0.5152279883728814,1.0
GFPT2,1.6450000000000005,0.8552946682228153,1.0
LRP5L,1.6450000000000014,0.5928800850110119,1.0
UQCRHL,1.645000000000005,0.5450945558532493,1.0
NMD3,1.6450000000000387,0.8715865700317355,1.0
MFAP1,1.6499999999999986,0.7464778413011777,1.0
PHACTR2,1.650000000000003,0.6015081344405899,1.0
RABEPK,1.6500000000000057,0.5125556017624364,1.0
TMEM147,1.650000000000034,0.9207627671027185,1.0
HECTD4,1.6549999999999976,0.6785294870658231,1.0
ATG2B,1.6549999999999994,0.4432179029796727,1.0
INPP4A,1.6550000000000011,0.8748517286674501,1.0
NBPF26,1.6550000000000047,0.8036064905718427,1.0
RNASE4,1.660000000000001,0.46571526862558976,1.0
METTL23,1.6699999999999946,0.5072325853424271,1.0
COL5A1,1.669999999999999,0.8261286199203182,1.0
TMEM185B,1.6749999999999936,0.7215075408530456,1.0
PI4KB,1.6750000000000043,0.9240541123816033,1.0
HPS3,1.6800000000000068,0.4456865210409048,1.0
CASP1,1.6849999999999996,0.7246132746430569,1.0
PLEKHA5,1.6899999999999942,0.7091309176902658,1.0
UBE2Q2,1.6899999999999977,0.636572443127301,1.0
RELL1,1.6899999999999977,0.6247883740723336,1.0
URB2,1.6949999999999967,0.6907099557705141,1.0
SLC25A22,1.6949999999999967,0.6664324268587869,1.0
NOTCH2NLA,1.6949999999999967,0.9603323910593005,1.0
LRBA,1.6950000000000003,1.0,1.0
TNFRSF11A,1.6950000000000007,0.41421016410043454,1.0
PLEKHM2,1.6999999999999886,0.9735488709352259,1.0
YJU2,1.6999999999999922,0.6514325482434398,1.0
SATB2,1.6999999999999993,0.8520434463522804,1.0
MGAT5,1.7000000000000028,0.9603323910593005,1.0
RBM23,1.7049999999999983,0.6189318717934644,1.0
DLAT,1.7050000000000054,0.40246294289693907,1.0
PIGV,1.7100000000000009,0.7308383100563765,1.0
TXNDC15,1.7100000000000009,0.6189318717934644,1.0
CENPBD1,1.7149999999999999,0.5125556017624364,1.0
ERVMER34-1,1.715,0.9240541123816033,1.0
PRKACA,1.7150000000000034,0.8164575944411389,1.0
MAF1,1.7199999999999847,0.4810591760941474,1.0
DNAJC11,1.7199999999999918,0.842305069932857,1.0
AC093512.2,1.7199999999999998,0.794002680192762,1.0
RPAP1,1.7200000000000006,0.9801600629440878,1.0
CHAF1A,1.720000000000006,0.7277235466695502,1.0
MGLL,1.720000000000013,0.5561643473205113,1.0
TEAD2,1.7249999999999979,0.7972005596761405,1.0
KIF3B,1.7249999999999979,0.5673426777793709,1.0
HEATR3,1.7249999999999979,0.3886331144942722,1.0
CA2,1.725,0.6424993873606966,1.0
SNAPC3,1.7300000000000004,0.5396009774503636,1.0
GANC,1.7300000000000075,0.5589488326624473,1.0
ARHGAP11B,1.7349999999999985,0.40246294289693907,1.0
PRDM2,1.735000000000003,0.7277235466695502,1.0
ERI1,1.7399999999999967,0.49667429717814027,1.0
CTC1,1.740000000000002,0.4118446292938597,1.0
LRFN4,1.745000000000001,0.4071376698379916,1.0
AP1G1,1.7450000000000188,0.8683235982021273,1.0
NDUFS1,1.7499999999999432,0.842305069932857,1.0
BTBD10,1.7499999999999893,0.9010451411117566,1.0
TRAF3IP1,1.7499999999999982,0.5786275093766506,1.0
SETDB1,1.7549999999999955,0.8100256403943001,1.0
LRIF1,1.7549999999999972,0.4707994763603818,1.0
C15orf40,1.754999999999999,0.9273467583508952,1.0
HCN2,1.755,0.9702439279042832,1.0
PRKAB1,1.759999999999991,0.5673426777793709,1.0
RPUSD4,1.759999999999998,0.4407571178182137,1.0
PLEKHN1,1.7600000000000007,0.5843092048547895,1.0
ATF7IP2,1.7600000000000016,0.6277255661132192,1.0
RBM5,1.7600000000000193,0.9537280097577494,1.0
PCGF6,1.7649999999999988,0.45313919490861054,1.0
MARCHF4,1.7649999999999997,0.8977644646746489,1.0
GCN1,1.769999999999996,0.6907099557705141,1.0
ZNF12,1.7699999999999996,0.9174727785181955,1.0
DDX58,1.7700000000000005,0.672470358702386,1.0
POLR3C,1.7750000000000021,0.7653835124598296,1.0
CRNKL1,1.7799999999999923,0.6015081344405899,1.0
TTC28,1.7800000000000007,1.0,1.0
GIT2,1.7800000000000011,0.7527634281491498,1.0
UNC93B1,1.7800000000000082,0.43585911500840513,1.0
GORASP2,1.785000000000018,0.7029710376341284,1.0
FOXRED1,1.7900000000000027,0.636572443127301,1.0
PIGY,1.7900000000000205,0.9076115119079285,1.0
PNPT1,1.7950000000000017,0.5125556017624364,1.0
SAV1,1.7999999999999936,0.4456865210409048,1.0
CDC42EP4,1.7999999999999936,0.9010451411117566,1.0
HERC3,1.799999999999999,0.672470358702386,1.0
PAK2,1.8049999999999855,0.4914394238527241,1.0
GEMIN4,1.8099999999999952,0.5072325853424271,1.0
DTD1,1.810000000000004,0.7876173493946396,1.0
RUVBL2,1.8100000000000307,0.9141842025623018,1.0
ZHX3,1.8149999999999968,0.7844300000516808,1.0
PDE7A,1.8149999999999995,0.9273467583508952,1.0
ARHGAP24,1.8150000000000004,0.49667429717814027,1.0
NMRK1,1.8150000000000013,0.9306406489398111,1.0
SEC16A,1.8150000000000048,0.6815668927944767,1.0
PIP4P2,1.8150000000000048,0.534135262077375,1.0
GON4L,1.8199999999999967,0.6907099557705141,1.0
RAB27B,1.8199999999999992,0.45563896523052283,1.0
REPS1,1.8249999999999957,0.6998983649396864,1.0
EEF1AKMT4,1.825000000000001,0.6189318717934644,1.0
RPUSD3,1.82500000000001,0.5701539825270272,1.0
DNAAF2,1.8299999999999983,0.4631846485772054,1.0
ZSCAN26,1.8300000000000018,0.7972005596761405,1.0
ARMCX5,1.834999999999999,0.6604160308082985,1.0
SGF29,1.834999999999999,0.384088249473852,1.0
ATRAID,1.8350000000000364,0.9010451411117566,1.0
LAMC2,1.8450000000000006,0.9240541123816033,1.0
TADA2A,1.8450000000000042,0.4285712791158539,1.0
GGA1,1.845000000000006,0.7908082597408556,1.0
PAXX,1.849999999999973,0.842305069932857,1.0
DNMBP,1.8549999999999969,0.8552946682228153,1.0
PLAGL2,1.8550000000000004,1.0,1.0
GPT2,1.8550000000000004,0.4285712791158539,1.0
TEPSIN,1.8550000000000004,0.8358260965628809,1.0
P2RX4,1.8599999999999994,0.8229019354214293,1.0
WWOX,1.860000000000003,0.9900792646321629,1.0
SARS1,1.8649999999999523,0.940529226774238,1.0
RCHY1,1.8650000000000055,0.37957605749041823,1.0
RMND5A,1.875,0.40479627104040006,1.0
SKIV2L,1.875,0.6604160308082985,1.0
BAZ2A,1.875000000000007,0.8164575944411389,1.0
ZCCHC14,1.884999999999998,0.9801600629440878,1.0
CCNF,1.8849999999999998,0.9339357280136042,1.0
DUSP11,1.8850000000000051,0.696830597247795,1.0
TNPO2,1.8899999999999864,1.0,1.0
HYPK,1.889999999999997,0.9933860817420452,1.0
CDC25B,1.8900000000000077,0.7091309176902658,1.0
ERI3,1.8949999999999676,0.7402090762983753,1.0
FAT4,1.8949999999999998,0.4456865210409048,1.0
SPOUT1,1.8950000000000031,0.8358260965628809,1.0
MED21,1.8950000000000067,0.9339357280136042,1.0
SRF,1.8950000000000102,0.5450945558532493,1.0
MAP4K3,1.899999999999995,0.40479627104040006,1.0
PEX13,1.9000000000000004,0.950426981824129,1.0
IL1RAP,1.9100000000000001,0.7527634281491498,1.0
CAPN15,1.9100000000000144,0.8358260965628809,1.0
ARID3B,1.9149999999999996,0.672470358702386,1.0
SVBP,1.9199999999999982,0.5179075922305545,1.0
GNAI3,1.9200000000000017,0.8552946682228153,1.0
TRIM26,1.9200000000000053,0.7339575177052757,1.0
PDE5A,1.9250000000000016,0.5561643473205113,1.0
CXorf56,1.9299999999999962,0.7308383100563765,1.0
SLC25A15,1.9350000000000023,0.8879331364078507,1.0
NCAPG,1.9350000000000058,0.5617400706970093,1.0
DOCK1,1.9399999999999906,0.40013769753329187,1.0
DEDD,1.9400000000000013,0.547851719712373,1.0
AKAP13,1.9400000000000013,0.6815668927944767,1.0
NSRP1,1.940000000000012,0.7908082597408556,1.0
PAICS,1.9400000000000261,0.7527634281491498,1.0
VCL,1.9400000000000333,0.9076115119079285,1.0
CDKN2C,1.9449999999999896,0.696830597247795,1.0
ARV1,1.9449999999999932,0.5232883447117399,1.0
ETV3,1.9450000000000003,0.749618556161363,1.0
SLC25A39,1.9499999999999886,0.9537280097577494,1.0
RBM39,1.950000000000017,0.7717172243455237,1.0
POLD4,1.9549999999999983,0.940529226774238,1.0
LIPT1,1.955,0.3818280646769783,1.0
TCF12,1.9550000000000054,0.6072914543107184,1.0
CDKN2AIPNL,1.9550000000000054,0.7527634281491498,1.0
TIMM17A,1.9550000000000125,0.9735488709352259,1.0
ALDH1B1,1.9599999999999937,0.7215075408530456,1.0
C3,1.96,0.39321057459276376,1.0
UQCC3,1.960000000000008,0.9306406489398111,1.0
EXOC7,1.960000000000015,0.4407571178182137,1.0
MED13,1.974999999999996,0.8715865700317355,1.0
MAP3K7CL,1.9749999999999992,0.3818280646769783,1.0
CACUL1,1.9750000000000014,0.534135262077375,1.0
LLGL1,1.975000000000005,0.8944855348490495,1.0
GLTP,1.9800000000000004,0.5125556017624364,1.0
SFXN5,1.9849999999999994,0.6937677793437123,1.0
FAM118B,1.9850000000000012,0.6754972946848711,1.0
TMEM87B,1.985000000000003,0.829358243536714,1.0
TRIB1,1.9899999999999984,0.5125556017624364,1.0
OAF,1.9899999999999984,0.7029710376341284,1.0
GCNT1,1.9899999999999984,0.672470358702386,1.0
NEXN,1.9999999999999991,0.6876571708271936,1.0
DCK,2.0000000000000036,0.9273467583508952,1.0
VPS4A,2.0049999999999955,0.7029710376341284,1.0
SZT2,2.004999999999999,0.9867726179369976,1.0
RHOV,2.0050000000000003,0.5396009774503636,1.0
NELFB,2.009999999999991,0.6937677793437123,1.0
NRM,2.009999999999998,0.47591416910232376,1.0
NAA40,2.0100000000000016,0.7812462624304687,1.0
B3GALNT1,2.0149999999999997,0.5506157599288712,1.0
NOS3,2.015,0.7780661870680045,1.0
SLC7A6OS,2.015000000000004,0.5179075922305545,1.0
RO60,2.015000000000004,0.7527634281491498,1.0
RGS2,2.0200000000000005,0.9471268043847221,1.0
MCM8,2.029999999999994,0.5179075922305545,1.0
HSD17B12,2.0349999999999753,0.8748517286674501,1.0
POLD3,2.034999999999993,0.7972005596761405,1.0
ZEB2,2.0349999999999993,0.8944855348490495,1.0
PPFIA1,2.0350000000000037,0.9207627671027185,1.0
FAM207A,2.0350000000000037,0.7464778413011777,1.0
ACBD5,2.039999999999992,0.6544215056598512,1.0
TGFB3,2.039999999999999,0.3818280646769783,1.0
DUS2,2.0449999999999964,0.5928800850110119,1.0
UBB,2.0499999999981355,0.636572443127301,1.0
ASPHD1,2.0499999999999954,0.5957497963320737,1.0
DDR2,2.06,0.8068144389745125,1.0
USF1,2.0600000000000023,0.7029710376341284,1.0
STX8,2.0600000000000023,0.9174727785181955,1.0
KIAA1522,2.0649999999999977,1.0,1.0
ANKRD27,2.0699999999999967,0.49667429717814027,1.0
USP19,2.079999999999991,0.7402090762983753,1.0
POP7,2.0799999999999983,0.5450945558532493,1.0
CCDC138,2.0800000000000036,0.5843092048547895,1.0
SMC5,2.0800000000000054,0.829358243536714,1.0
PACS2,2.0849999999999937,0.9867726179369976,1.0
ADCY3,2.0849999999999973,0.9207627671027185,1.0
MMD,2.0900000000000016,0.7622224999271966,1.0
ACAD8,2.094999999999999,0.696830597247795,1.0
SMPDL3B,2.0949999999999993,0.7876173493946396,1.0
PER3,2.0949999999999998,0.8164575944411389,1.0
DUSP2,2.095,0.6937677793437123,1.0
MRPL50,2.0950000000000006,0.5673426777793709,1.0
TRAK2,2.100000000000005,0.8229019354214293,1.0
GPANK1,2.110000000000003,0.7972005596761405,1.0
AREL1,2.1149999999999984,0.6015081344405899,1.0
NUDT11,2.115,0.858548348480541,1.0
NOA1,2.1199999999999903,0.384088249473852,1.0
SLC36A4,2.1199999999999974,0.4118446292938597,1.0
SH3D21,2.1249999999999973,0.6544215056598512,1.0
OCRL,2.1250000000000107,0.5019387498867459,1.0
TCHP,2.1299999999999955,0.5125556017624364,1.0
EFNA3,2.13,0.4334219309560736,1.0
AKR1C3,2.130000000000001,0.5286976420682703,1.0
PPP1R7,2.1349999999999767,0.5900167260288813,1.0
TRIM69,2.1349999999999962,0.9339357280136042,1.0
CDC26,2.135000000000012,0.7844300000516808,1.0
MGST3,2.139999999999958,0.49667429717814027,1.0
POLR3GL,2.1399999999999935,0.5314129258282958,1.0
PATZ1,2.139999999999999,0.8618044330490108,1.0
ARL8A,2.140000000000004,0.9933860817420452,1.0
CCDC117,2.1450000000000014,0.7433413319545803,1.0
GOLGA2,2.1450000000000102,0.636572443127301,1.0
ADAM19,2.1499999999999995,0.9306406489398111,1.0
SYTL4,2.1500000000000004,0.384088249473852,1.0
ABCD4,2.154999999999987,0.9141842025623018,1.0
FSTL3,2.154999999999994,0.6130994652172653,1.0
GPD2,2.1599999999999895,0.6815668927944767,1.0
TATDN2,2.16,0.4213548269831777,1.0
COX16,2.164999999999992,0.5072325853424271,1.0
TICRR,2.1649999999999956,0.4810591760941474,1.0
BDNF,2.170000000000001,0.7215075408530456,1.0
PTGS2,2.1750000000000003,0.5986258246782183,1.0
HYI,2.175000000000008,1.0,1.0
CALD1,2.184999999999988,0.8164575944411389,1.0
DTL,2.1849999999999987,0.7091309176902658,1.0
HPS1,2.1850000000000023,0.9076115119079285,1.0
ZNF22,2.185000000000006,0.7215075408530456,1.0
DIAPH1,2.1899999999999977,0.5286976420682703,1.0
MRPS11,2.1999999999999957,0.6907099557705141,1.0
ARHGEF9,2.200000000000001,0.41896527683459084,1.0
EME1,2.2000000000000064,0.9537280097577494,1.0
LRCH3,2.2000000000000064,0.8781190194469978,1.0
WDR33,2.2049999999999947,0.4432179029796727,1.0
TOR2A,2.2049999999999947,0.9933860817420452,1.0
SUPV3L1,2.205000000000002,0.37733223687257855,1.0
DST,2.2099999999999937,0.7527634281491498,1.0
TAPBPL,2.210000000000001,0.6846094685667796,1.0
GPR161,2.210000000000001,0.9603323910593005,1.0
CHN2,2.215,0.45313919490861054,1.0
TADA1,2.215,0.4309926469959029,1.0
TKFC,2.2199999999999918,0.534135262077375,1.0
PNMA2,2.2200000000000015,0.5450945558532493,1.0
POLE,2.2250000000000014,0.5368646222462607,1.0
STYK1,2.23,0.547851719712373,1.0
HILPDA,2.240000000000002,0.8390642198295792,1.0
HSDL1,2.2400000000000055,0.7590654489309898,1.0
C1orf35,2.2449999999999903,0.5673426777793709,1.0
CTDSP2,2.2449999999999903,0.9933860817420452,1.0
GOPC,2.2450000000000028,0.8715865700317355,1.0
CHORDC1,2.249999999999986,0.5314129258282958,1.0
ADD2,2.25,0.7590654489309898,1.0
USP16,2.2549999999999955,0.7622224999271966,1.0
CDKN2AIP,2.259999999999998,0.737081122297987,1.0
SRA1,2.2649999999999935,0.6247883740723336,1.0
RFC1,2.264999999999997,0.842305069932857,1.0
LMO4,2.2650000000000006,0.8100256403943001,1.0
HOOK2,2.265000000000004,0.6694487219140669,1.0
PSMA1,2.2650000000000716,0.9603323910593005,1.0
VGLL4,2.270000000000003,0.7653835124598296,1.0
DSN1,2.274999999999981,0.40948712684432786,1.0
SSBP1,2.275000000000091,0.4707994763603818,1.0
AP3S1,2.2800000000000153,0.8229019354214293,1.0
SLC36A1,2.290000000000001,0.672470358702386,1.0
DGLUCY,2.294999999999998,0.7464778413011777,1.0
MBOAT2,2.2950000000000017,0.5786275093766506,1.0
CSNK1A1,2.299999999999983,0.3978205467559196,1.0
GLCE,2.299999999999997,0.42615784298026116,1.0
ZNF354A,2.3,0.5871597544033558,1.0
MICALL1,2.305000000000007,0.37733223687257855,1.0
SAT2,2.3100000000000165,0.9801600629440878,1.0
PGGHG,2.3149999999999995,0.6072914543107184,1.0
DRG2,2.3199999999999896,0.7653835124598296,1.0
POMGNT1,2.319999999999993,0.8164575944411389,1.0
RASAL2,2.3200000000000003,0.6785294870658231,1.0
CREBBP,2.330000000000002,0.9240541123816033,1.0
SUPT3H,2.3300000000000045,0.4432179029796727,1.0
LRRC28,2.3349999999999955,0.5125556017624364,1.0
RNFT1,2.3349999999999973,0.9372319393764333,1.0
NIF3L1,2.34,0.9801600629440878,1.0
ME3,2.3449999999999993,0.42615784298026116,1.0
DYNC1LI1,2.355000000000004,0.9141842025623018,1.0
CEP63,2.3599999999999888,0.9339357280136042,1.0
LCAT,2.3599999999999977,0.9240541123816033,1.0
TUT7,2.3649999999999984,0.5232883447117399,1.0
CAPN5,2.365000000000002,0.5286976420682703,1.0
GPAT3,2.369999999999994,0.7590654489309898,1.0
SNX7,2.369999999999994,0.7029710376341284,1.0
MED8,2.3699999999999974,0.8683235982021273,1.0
RNF5,2.374999999999986,0.9537280097577494,1.0
STRN3,2.3750000000000036,0.9141842025623018,1.0
NMRAL1,2.375000000000014,0.672470358702386,1.0
NCOA4,2.3800000000000026,0.696830597247795,1.0
SRRD,2.3800000000000114,0.9933860817420452,1.0
ZFP1,2.3850000000000033,0.5729719113688719,1.0
PHF13,2.389999999999999,0.5986258246782183,1.0
LRRC8A,2.390000000000015,0.9273467583508952,1.0
TDP2,2.395000000000003,0.6694487219140669,1.0
GSS,2.3950000000000102,0.8036064905718427,1.0
VAMP2,2.3999999999999986,0.7527634281491498,1.0
TATDN3,2.4049999999999976,0.47591416910232376,1.0
PRSS12,2.405000000000001,0.9306406489398111,1.0
SRP68,2.405000000000001,0.9141842025623018,1.0
ANKMY2,2.4050000000000082,0.49667429717814027,1.0
FOXN3,2.4099999999999984,0.4407571178182137,1.0
CACTIN,2.4100000000000037,0.4707994763603818,1.0
USP11,2.410000000000018,0.9867726179369976,1.0
IGHMBP2,2.4149999999999974,0.4071376698379916,1.0
CC2D2A,2.414999999999999,0.40246294289693907,1.0
SIRT3,2.4200000000000053,0.7972005596761405,1.0
SRCAP,2.4249999999999954,0.9043275087039068,1.0
SCD5,2.4250000000000007,0.8196782427441914,1.0
NADK,2.430000000000014,0.9010451411117566,1.0
MRPL42,2.4349999999999596,0.8944855348490495,1.0
DDX54,2.4399999999999906,0.534135262077375,1.0
MED19,2.4399999999999906,0.5396009774503636,1.0
AGAP1,2.444999999999993,0.46571526862558976,1.0
ZNF496,2.4450000000000003,0.9108970950967655,1.0
TCEAL1,2.4450000000000003,0.6604160308082985,1.0
STC2,2.445000000000004,0.8813883875991326,1.0
MSTO1,2.4450000000000074,0.8879331364078507,1.0
GTF2F2,2.4450000000000074,0.4888331394973101,1.0
STAC,2.450000000000003,0.6043966897165155,1.0
GPR153,2.4549999999999983,0.4888331394973101,1.0
CRK,2.4550000000000054,0.672470358702386,1.0
NOL7,2.4550000000000054,0.7908082597408556,1.0
CDC23,2.4599999999999937,0.4810591760941474,1.0
ZNF7,2.4599999999999937,0.6424993873606966,1.0
RIPOR1,2.4600000000000044,0.8813883875991326,1.0
COA8,2.4649999999999963,0.3818280646769783,1.0
RBP1,2.465,0.4914394238527241,1.0
PODXL,2.469999999999997,0.9043275087039068,1.0
RAB27A,2.475000000000003,0.9933860817420452,1.0
FAM53C,2.475000000000005,0.9010451411117566,1.0
TYW3,2.484999999999994,0.40246294289693907,1.0
CPM,2.4849999999999994,0.9768542681907831,1.0
GEMIN5,2.495000000000001,0.5098904587440031,1.0
SUDS3,2.4999999999999964,0.5561643473205113,1.0
SRGAP2B,2.5,0.9669394958014216,1.0
SDR39U1,2.500000000000007,0.9174727785181955,1.0
YAE1,2.5049999999999955,0.940529226774238,1.0
MLXIP,2.5099999999999945,0.9372319393764333,1.0
MAFK,2.51499999999999,0.9933860817420452,1.0
NEMF,2.514999999999997,0.5957497963320737,1.0
RUSC2,2.5150000000000023,0.6785294870658231,1.0
CCDC9,2.520000000000003,0.6998983649396864,1.0
ASL,2.520000000000003,0.696830597247795,1.0
TFAP4,2.5200000000000085,0.5843092048547895,1.0
ZNF639,2.5200000000000102,0.4707994763603818,1.0
TFR2,2.524999999999999,0.672470358702386,1.0
DSE,2.529999999999996,0.5314129258282958,1.0
OTUD7B,2.5299999999999994,0.5617400706970093,1.0
HIVEP2,2.539999999999999,0.7908082597408556,1.0
LTBP1,2.539999999999999,0.6306686675294741,1.0
RPS6KB1,2.5400000000000027,0.5072325853424271,1.0
TMEM200B,2.5450000000000004,0.41421016410043454,1.0
ATG2A,2.5450000000000053,0.4334219309560736,1.0
ELAC2,2.545000000000009,0.43585911500840513,1.0
ABCE1,2.545000000000009,0.46571526862558976,1.0
KCTD3,2.5500000000000043,0.9339357280136042,1.0
SAAL1,2.5500000000000043,0.7908082597408556,1.0
IMP4,2.555000000000021,0.7091309176902658,1.0
SNUPN,2.5600000000000023,0.7653835124598296,1.0
RAPGEF3,2.560000000000003,0.8683235982021273,1.0
FNDC3B,2.560000000000006,0.7844300000516808,1.0
CEP85,2.5700000000000074,0.6937677793437123,1.0
RIN2,2.575000000000001,0.37733223687257855,1.0
LONP1,2.5750000000000597,0.636572443127301,1.0
BTN2A1,2.5799999999999947,0.46571526862558976,1.0
AAAS,2.5849999999999937,0.5179075922305545,1.0
G2E3,2.584999999999999,0.4213548269831777,1.0
PARP4,2.585000000000001,0.7590654489309898,1.0
FADD,2.585000000000008,0.8879331364078507,1.0
RABGEF1,2.589999999999989,0.8748517286674501,1.0
ASF1B,2.5900000000000034,0.5701539825270272,1.0
DCUN1D4,2.5949999999999953,0.9471268043847221,1.0
XRCC3,2.594999999999999,0.5871597544033558,1.0
WASHC2A,2.595000000000006,0.3978205467559196,1.0
KLF9,2.5999999999999996,0.9702439279042832,1.0
CTSV,2.61000000000001,0.7844300000516808,1.0
RPE,2.6200000000000117,0.6664324268587869,1.0
ZBTB2,2.6300000000000043,0.42615784298026116,1.0
CHMP5,2.634999999999984,0.5843092048547895,1.0
PIK3R4,2.6349999999999945,0.7812462624304687,1.0
SLFN11,2.6349999999999985,0.5645380297349106,1.0
RRP1,2.6350000000000016,0.7590654489309898,1.0
CDC25A,2.6350000000000016,0.49667429717814027,1.0
AAMDC,2.6350000000000087,0.9735488709352259,1.0
CCSER2,2.6350000000000087,0.45563896523052283,1.0
PHF23,2.6399999999999864,0.9603323910593005,1.0
AZI2,2.6399999999999935,0.49667429717814027,1.0
UBL7,2.640000000000015,0.9141842025623018,1.0
TXNL4A,2.644999999999982,0.7527634281491498,1.0
C11orf80,2.644999999999996,0.6189318717934644,1.0
GTF2E1,2.645000000000003,0.8487947368200934,1.0
CLMN,2.649999999999995,0.7153098743639731,1.0
IRX3,2.649999999999999,0.8325907534174406,1.0
ZMYM4,2.6500000000000057,0.9603323910593005,1.0
COMMD5,2.6599999999999895,0.4914394238527241,1.0
FAM160A2,2.6599999999999984,0.9141842025623018,1.0
PTCD3,2.664999999999992,0.8748517286674501,1.0
KAT5,2.664999999999999,0.5179075922305545,1.0
YRDC,2.664999999999999,0.7464778413011777,1.0
HAUS8,2.6750000000000043,0.6846094685667796,1.0
GAS2L3,2.6799999999999997,0.7029710376341284,1.0
FNBP1,2.6799999999999997,0.9735488709352259,1.0
CHST10,2.680000000000005,0.8004018469425622,1.0
FOXO3B,2.6999999999999993,0.4432179029796727,1.0
LSS,2.700000000000003,0.950426981824129,1.0
SEC62,2.7099999999999795,0.7029710376341284,1.0
VMA21,2.7100000000000026,0.4914394238527241,1.0
PRRC2C,2.7150000000000105,0.6604160308082985,1.0
FNBP4,2.7199999999999918,0.8748517286674501,1.0
MIA2,2.7200000000000024,0.5561643473205113,1.0
BID,2.7299999999999827,0.5072325853424271,1.0
GRB2,2.730000000000018,0.5286976420682703,1.0
PPM1G,2.734999999999957,0.5179075922305545,1.0
SLF2,2.735000000000003,0.7844300000516808,1.0
H2AC6,2.73500000000001,0.696830597247795,1.0
GNA11,2.7449999999999974,0.42615784298026116,1.0
FLRT2,2.745000000000002,0.7972005596761405,1.0
GPN2,2.7450000000000063,0.45814647715894785,1.0
MED24,2.7450000000000188,0.7091309176902658,1.0
VCP,2.745000000000033,0.7780661870680045,1.0
SNTB2,2.75,0.9900792646321629,1.0
IST1,2.750000000000014,0.8879331364078507,1.0
TRIM6,2.754999999999999,0.6514325482434398,1.0
PKP3,2.7550000000000026,0.9669394958014216,1.0
MIS12,2.7699999999999996,0.672470358702386,1.0
RAB29,2.770000000000003,0.9735488709352259,1.0
ABCB8,2.770000000000003,0.9438275338976189,1.0
CD2AP,2.7750000000000163,0.9735488709352259,1.0
OGA,2.77500000000002,0.9867726179369976,1.0
NACC1,2.7799999999999727,0.6937677793437123,1.0
SNAP47,2.785,0.3978205467559196,1.0
SLK,2.7900000000000027,0.8552946682228153,1.0
SEC63,2.7950000000000053,0.9603323910593005,1.0
EIF3A,2.80499999999995,0.3978205467559196,1.0
CLDN7,2.8049999999999984,0.5871597544033558,1.0
ARFGEF2,2.8049999999999997,0.8552946682228153,1.0
PANK4,2.8049999999999997,0.8944855348490495,1.0
ARL13B,2.8149999999999977,0.6189318717934644,1.0
CHRNA5,2.8200000000000003,0.9735488709352259,1.0
OAS1,2.820000000000004,0.9801600629440878,1.0
IGBP1,2.8200000000000074,0.8813883875991326,1.0
AKIRIN1,2.825000000000003,0.5423442984904308,1.0
RBM33,2.825000000000003,0.39551150205256314,1.0
PDCD11,2.82500000000001,0.534135262077375,1.0
CMTM7,2.8299999999999983,0.45064718510155777,1.0
FKBP2,2.8349999999999937,0.5900167260288813,1.0
TOP1,2.839999999999989,0.8683235982021273,1.0
ACOT13,2.8449999999999953,0.5843092048547895,1.0
ENTPD5,2.8449999999999998,0.40246294289693907,1.0
SLC12A4,2.8499999999999943,0.8100256403943001,1.0
THOC3,2.8500000000000014,0.4213548269831777,1.0
GATA6,2.8500000000000014,0.5701539825270272,1.0
VPS26A,2.8500000000000227,0.5729719113688719,1.0
C14orf132,2.855,0.39551150205256314,1.0
ZBTB48,2.855000000000004,0.48623432138829725,1.0
ZNF707,2.86000000000001,0.5450945558532493,1.0
PGLS,2.8649999999999807,0.9076115119079285,1.0
GLI3,2.8649999999999984,0.842305069932857,1.0
C9orf64,2.865,0.7685484371305833,1.0
INTS1,2.865000000000016,0.9933860817420452,1.0
CERS6,2.8699999999999974,0.5729719113688719,1.0
FOXG1,2.87,0.4432179029796727,1.0
NUP50,2.8700000000000045,0.940529226774238,1.0
DUSP7,2.875,0.6664324268587869,1.0
GIT1,2.879999999999992,0.9735488709352259,1.0
ISOC1,2.880000000000006,0.9339357280136042,1.0
SPDL1,2.884999999999984,0.8487947368200934,1.0
TSSC4,2.885000000000005,0.9010451411117566,1.0
NEURL4,2.88999999999999,0.4237523539300838,1.0
FRG1,2.894999999999989,0.696830597247795,1.0
HIPK1,2.894999999999996,0.7215075408530456,1.0
LSM5,2.8999999999999773,0.648449182304075,1.0
SDE2,2.9000000000000075,0.5986258246782183,1.0
BIRC2,2.904999999999987,0.6424993873606966,1.0
TCF7L2,2.9049999999999994,0.42615784298026116,1.0
DDX47,2.9050000000000296,0.4309926469959029,1.0
CCS,2.909999999999993,0.7402090762983753,1.0
MTMR2,2.9100000000000215,0.7029710376341284,1.0
FARSA,2.914999999999992,0.8683235982021273,1.0
MPHOSPH9,2.9149999999999956,0.7215075408530456,1.0
B3GNT5,2.9150000000000045,0.5396009774503636,1.0
SERPINE1,2.9249999999999936,0.9438275338976189,1.0
NDUFAF6,2.924999999999997,0.4118446292938597,1.0
HOMER2,2.924999999999999,0.9076115119079285,1.0
ARPC5L,2.9250000000000043,0.5843092048547895,1.0
PPP2R2D,2.9299999999999926,0.6604160308082985,1.0
ARMC10,2.930000000000007,0.8813883875991326,1.0
TNFAIP8,2.9350000000000076,0.5019387498867459,1.0
C1orf216,2.940000000000005,0.6937677793437123,1.0
RGMB,2.95,0.4309926469959029,1.0
FMNL1,2.95,0.45064718510155777,1.0
AK2,2.955000000000041,0.5286976420682703,1.0
EPOR,2.964999999999998,0.9010451411117566,1.0
ZNF880,2.964999999999999,0.9834661984477937,1.0
SCAMP5,2.965,0.5450945558532493,1.0
EMC3,2.970000000000013,0.9537280097577494,1.0
ADI1,2.9749999999999943,0.9933860817420452,1.0
BAHCC1,2.9750000000000014,0.6846094685667796,1.0
BMP4,2.9799999999999995,0.5617400706970093,1.0
OSBPL6,2.980000000000001,0.7215075408530456,1.0
ANGEL1,2.980000000000004,0.7622224999271966,1.0
RAD9A,2.9800000000000075,0.8036064905718427,1.0
THYN1,2.989999999999995,0.4914394238527241,1.0
XPO5,2.9949999999999974,0.5645380297349106,1.0
BRPF3,2.995000000000001,0.5617400706970093,1.0
HOMER3,2.9950000000000188,0.8683235982021273,1.0
EHMT2,2.999999999999986,0.7246132746430569,1.0
CFDP1,3.0050000000000168,0.45563896523052283,1.0
RFFL,3.009999999999989,0.858548348480541,1.0
CDR2L,3.009999999999998,0.6130994652172653,1.0
LYAR,3.019999999999996,0.7653835124598296,1.0
RSPRY1,3.0199999999999996,0.842305069932857,1.0
TPD52,3.0200000000000173,0.9801600629440878,1.0
NCDN,3.0249999999999986,0.7972005596761405,1.0
BCKDHB,3.0249999999999986,0.7060485703056018,1.0
UNC5B,3.0300000000000002,0.384088249473852,1.0
LUM,3.035,0.8781190194469978,1.0
HOXB9,3.035000000000002,0.5786275093766506,1.0
DNAAF5,3.0400000000000276,0.37957605749041823,1.0
PLAA,3.0549999999999926,0.9537280097577494,1.0
RTL6,3.0550000000000033,0.9207627671027185,1.0
PITPNA,3.059999999999988,0.7527634281491498,1.0
TMCO6,3.0599999999999987,0.6160126376872717,1.0
LBX2,3.0599999999999996,0.5232883447117399,1.0
NFATC2IP,3.0600000000000023,0.7184063919514614,1.0
PPP1R11,3.0700000000000003,0.4407571178182137,1.0
USP36,3.0749999999999993,0.4071376698379916,1.0
VPS52,3.075000000000003,0.8748517286674501,1.0
TRMT1,3.079999999999991,0.41658371785687753,1.0
ELAVL1,3.0800000000000125,0.6189318717934644,1.0
MRM2,3.0800000000000125,0.8683235982021273,1.0
EPHB4,3.0800000000000125,0.7153098743639731,1.0
MRPL55,3.0849999999999866,0.40013769753329187,1.0
PPP2R5B,3.0900000000000043,0.7590654489309898,1.0
DAZAP2,3.0900000000000603,0.996693012466618,1.0
USP48,3.0949999999999847,0.8004018469425622,1.0
RBM38,3.0949999999999935,0.6785294870658231,1.0
LIN37,3.0999999999999996,0.7339575177052757,1.0
FLNC,3.1049999999999995,0.384088249473852,1.0
ELK1,3.110000000000003,0.6846094685667796,1.0
DHTKD1,3.110000000000003,0.6694487219140669,1.0
CCT2,3.1149999999999523,0.7091309176902658,1.0
MTFP1,3.1249999999999787,0.4213548269831777,1.0
RNF11,3.134999999999998,0.7590654489309898,1.0
SERF1B,3.135,0.4606617114605923,1.0
ZNF414,3.1350000000000033,0.8618044330490108,1.0
MAP3K4,3.135000000000005,0.858548348480541,1.0
PDLIM5,3.139999999999997,0.7091309176902658,1.0
ZNF75A,3.1400000000000077,0.9273467583508952,1.0
ATP8B2,3.1400000000000095,0.813240042910631,1.0
AURKA,3.1449999999999676,0.6604160308082985,1.0
SLC26A6,3.144999999999982,0.7402090762983753,1.0
RAD23A,3.15000000000002,0.9735488709352259,1.0
HBP1,3.155000000000001,0.7685484371305833,1.0
FADS1,3.164999999999985,0.9933860817420452,1.0
SOX12,3.1650000000000027,0.5286976420682703,1.0
UQCRC1,3.1650000000000773,0.9900792646321629,1.0
NAV1,3.17,0.8683235982021273,1.0
FST,3.170000000000001,0.9735488709352259,1.0
MFSD14B,3.174999999999976,0.7215075408530456,1.0
WDR92,3.1750000000000007,0.4118446292938597,1.0
STRIP1,3.179999999999996,0.9702439279042832,1.0
ADCY7,3.185000000000004,0.8196782427441914,1.0
ORAI1,3.1850000000000094,0.3886331144942722,1.0
SPPL3,3.195000000000004,0.940529226774238,1.0
C1orf21,3.2,0.5286976420682703,1.0
NR3C1,3.2000000000000064,0.7029710376341284,1.0
DHPS,3.210000000000008,0.7780661870680045,1.0
TMEM167B,3.2100000000000115,0.7029710376341284,1.0
RWDD1,3.2149999999999963,0.6604160308082985,1.0
LETM2,3.2300000000000004,0.3978205467559196,1.0
NFKB1,3.240000000000009,0.5396009774503636,1.0
CFAP298-TCP10L,3.244999999999992,0.7653835124598296,1.0
CKMT1B,3.2499999999999996,0.9570298316837188,1.0
MECP2,3.25,0.6604160308082985,1.0
HIBCH,3.254999999999992,0.5450945558532493,1.0
TMEM214,3.2549999999999955,0.7876173493946396,1.0
PIF1,3.2599999999999945,0.46571526862558976,1.0
PKIA,3.2600000000000002,0.6101923917365532,1.0
SKIL,3.2699999999999996,0.9735488709352259,1.0
MROH6,3.2699999999999996,0.6846094685667796,1.0
MAP4K2,3.275000000000004,0.5617400706970093,1.0
NAGK,3.2900000000000063,0.7972005596761405,1.0
GABRE,3.2950000000000004,0.5673426777793709,1.0
ABL1,3.29999999999999,0.5673426777793709,1.0
SLC1A3,3.3000000000000003,0.8004018469425622,1.0
POLRMT,3.3150000000000013,0.40246294289693907,1.0
NOC2L,3.319999999999979,0.8618044330490108,1.0
UGCG,3.3200000000000074,0.9801600629440878,1.0
PKD1,3.3299999999999983,0.8390642198295792,1.0
UBASH3B,3.335000000000001,0.8618044330490108,1.0
ADIRF,3.3350000000000017,0.49667429717814027,1.0
JMJD6,3.345000000000006,0.45814647715894785,1.0
RALY,3.3549999999999613,0.8229019354214293,1.0
VPS28,3.3549999999999898,0.9669394958014216,1.0
PEX14,3.355000000000002,0.40479627104040006,1.0
PXDC1,3.3599999999999923,0.7653835124598296,1.0
NKD2,3.37,0.5098904587440031,1.0
TUBE1,3.3750000000000053,0.5286976420682703,1.0
GSDMD,3.375000000000007,0.8618044330490108,1.0
HYLS1,3.389999999999997,0.40948712684432786,1.0
MED13L,3.3900000000000006,0.8358260965628809,1.0
KCTD17,3.3999999999999986,0.7091309176902658,1.0
SLU7,3.400000000000002,0.49930283827853317,1.0
PASK,3.400000000000004,0.5843092048547895,1.0
PHF2,3.400000000000004,0.9076115119079285,1.0
SCP2,3.4049999999999727,0.8100256403943001,1.0
HOXB6,3.414999999999992,0.6015081344405899,1.0
TRIM59,3.429999999999998,0.7464778413011777,1.0
USP21,3.4350000000000094,0.384088249473852,1.0
ARHGAP23,3.439999999999994,0.6160126376872717,1.0
ING5,3.4449999999999967,0.40479627104040006,1.0
RAP1GDS1,3.450000000000003,0.9273467583508952,1.0
SFXN4,3.450000000000003,0.8944855348490495,1.0
GTPBP1,3.4599999999999973,0.7091309176902658,1.0
SRGAP2,3.4650000000000176,0.6907099557705141,1.0
SSU72,3.4699999999999704,0.42615784298026116,1.0
GFOD2,3.4699999999999918,0.41421016410043454,1.0
RESF1,3.470000000000004,0.39321057459276376,1.0
PPP2R3A,3.474999999999998,0.7184063919514614,1.0
TRIM27,3.4799999999999756,0.47591416910232376,1.0
AVL9,3.479999999999995,0.7812462624304687,1.0
THAP11,3.484999999999996,0.7246132746430569,1.0
KIF1B,3.485000000000001,0.696830597247795,1.0
GALK2,3.495000000000015,0.8748517286674501,1.0
SCRIB,3.509999999999998,0.46571526862558976,1.0
MGME1,3.510000000000005,0.5286976420682703,1.0
ORC2,3.515000000000004,0.6015081344405899,1.0
DTX2,3.5150000000000077,0.6306686675294741,1.0
ATG3,3.5199999999999747,0.6189318717934644,1.0
ROCK1,3.5200000000000085,0.43585911500840513,1.0
MRPS30,3.5349999999999824,0.5259894390505462,1.0
PLXNA3,3.5349999999999966,0.7844300000516808,1.0
SEMA7A,3.549999999999999,0.9867726179369976,1.0
MTHFS,3.5599999999999987,0.6876571708271936,1.0
TSPYL4,3.5600000000000023,0.47848289419213597,1.0
TRAPPC13,3.5750000000000046,0.3978205467559196,1.0
GRK6,3.575000000000017,0.8618044330490108,1.0
IRF3,3.579999999999984,0.4606617114605923,1.0
EFCAB14,3.5799999999999983,0.6846094685667796,1.0
STXBP2,3.585000000000001,0.43585911500840513,1.0
LSM7,3.5899999999999466,0.9010451411117566,1.0
CORO7,3.5899999999999963,0.9141842025623018,1.0
KLF5,3.5950000000000006,0.8229019354214293,1.0
PIM1,3.6050000000000004,0.47591416910232376,1.0
DXO,3.610000000000003,0.7844300000516808,1.0
E2F7,3.6149999999999896,0.41421016410043454,1.0
EFHC1,3.615000000000002,0.8748517286674501,1.0
TAF1C,3.615000000000009,0.7527634281491498,1.0
SCRN1,3.6200000000000045,0.9537280097577494,1.0
TECR,3.6249999999999574,0.9735488709352259,1.0
RUNX1,3.624999999999993,0.9438275338976189,1.0
SNAPC1,3.6249999999999964,0.5179075922305545,1.0
FECH,3.630000000000006,0.8879331364078507,1.0
GSK3B,3.6350000000000016,0.47591416910232376,1.0
KRI1,3.635000000000005,0.5286976420682703,1.0
C6orf136,3.635000000000007,0.4432179029796727,1.0
WDR59,3.645000000000003,0.4071376698379916,1.0
DYNC2I2,3.6499999999999915,0.9273467583508952,1.0
FOXP4,3.650000000000004,0.4407571178182137,1.0
CZIB,3.654999999999987,0.6634215158168552,1.0
EVI2A,3.654999999999999,0.43585911500840513,1.0
SIKE1,3.655000000000001,0.5098904587440031,1.0
CIAO1,3.6550000000000082,0.813240042910631,1.0
CNOT8,3.6550000000000082,0.7527634281491498,1.0
SYNPO,3.665000000000001,0.7246132746430569,1.0
DNAJA4,3.669999999999999,0.5423442984904308,1.0
SRD5A1,3.6700000000000017,0.41421016410043454,1.0
MTSS1,3.674999999999999,0.9900792646321629,1.0
DIPK1B,3.6800000000000006,0.7339575177052757,1.0
DHX33,3.690000000000005,0.6664324268587869,1.0
NMI,3.6950000000000003,0.40246294289693907,1.0
TLE3,3.710000000000001,0.9801600629440878,1.0
HSPA2,3.7100000000000017,0.8846597782463905,1.0
HBEGF,3.715000000000007,0.3978205467559196,1.0
NFIC,3.7199999999999918,0.7908082597408556,1.0
THOC1,3.719999999999999,0.6604160308082985,1.0
MMP17,3.7350000000000008,0.8618044330490108,1.0
TRIM11,3.7450000000000117,0.45064718510155777,1.0
PPP3CB,3.7499999999999964,0.9010451411117566,1.0
PDCL3,3.7650000000000006,0.8618044330490108,1.0
TESC,3.7700000000000022,0.5072325853424271,1.0
POLR3E,3.7800000000000047,0.9207627671027185,1.0
TMEM70,3.7849999999999895,0.7464778413011777,1.0
INTS11,3.785000000000011,0.9537280097577494,1.0
MVD,3.789999999999985,0.8552946682228153,1.0
LDLRAD3,3.795,0.5900167260288813,1.0
KNSTRN,3.8000000000000114,0.3886331144942722,1.0
CYFIP1,3.809999999999988,0.9603323910593005,1.0
LARP4B,3.8099999999999916,0.829358243536714,1.0
PCNT,3.815000000000005,0.5286976420682703,1.0
TRIM47,3.8300000000000054,0.9471268043847221,1.0
STX3,3.8349999999999973,0.7590654489309898,1.0
IP6K2,3.839999999999989,0.7717172243455237,1.0
TCF4,3.845,0.4285712791158539,1.0
MTIF2,3.8500000000000014,0.49667429717814027,1.0
GOLGA7,3.8500000000000085,0.940529226774238,1.0
CPT1B,3.855000000000002,0.8196782427441914,1.0
DCAF5,3.8550000000000093,0.9273467583508952,1.0
WDR19,3.8599999999999994,0.5179075922305545,1.0
BTN2A2,3.864999999999988,0.8196782427441914,1.0
EIF4G3,3.865000000000002,0.7908082597408556,1.0
DDX19A,3.8800000000000026,0.7091309176902658,1.0
TERF2IP,3.8850000000000193,0.5019387498867459,1.0
CYBRD1,3.889999999999999,0.7339575177052757,1.0
ITGB3BP,3.91,0.6604160308082985,1.0
SLC9A1,3.929999999999996,0.7527634281491498,1.0
PEF1,3.934999999999995,0.6664324268587869,1.0
ARHGAP8,3.935000000000006,0.7876173493946396,1.0
PFKFB3,3.944999999999993,0.5617400706970093,1.0
PML,3.949999999999992,0.9570298316837188,1.0
COPS9,3.9500000000000455,0.5232883447117399,1.0
LRRC42,3.954999999999991,0.7339575177052757,1.0
MRPL14,3.9599999999999795,0.3978205467559196,1.0
RGS3,3.969999999999999,0.9735488709352259,1.0
TOB2,3.9799999999999756,0.7653835124598296,1.0
SPOCD1,3.9799999999999995,0.7717172243455237,1.0
EXTL2,3.980000000000002,0.9603323910593005,1.0
CPSF4,3.9800000000000253,0.7464778413011777,1.0
CPSF6,3.990000000000002,0.40246294289693907,1.0
UQCC1,3.9950000000000045,0.8879331364078507,1.0
DGKD,4.009999999999991,0.5786275093766506,1.0
TBC1D8,4.010000000000003,0.39321057459276376,1.0
ARL6IP6,4.010000000000012,0.5843092048547895,1.0
GLMP,4.019999999999996,0.4432179029796727,1.0
CLIP2,4.024999999999999,0.5729719113688719,1.0
ZC3H11A,4.0349999999999895,0.9141842025623018,1.0
MPP6,4.034999999999993,0.5368646222462607,1.0
RSRC1,4.035000000000007,0.384088249473852,1.0
HDDC2,4.0400000000000205,0.9636356313037896,1.0
ESRRA,4.045000000000002,0.6544215056598512,1.0
CHCHD5,4.059999999999995,0.8813883875991326,1.0
SEC23A,4.070000000000007,0.7277235466695502,1.0
MAST2,4.0700000000000145,0.7908082597408556,1.0
ERGIC1,4.074999999999989,0.6907099557705141,1.0
CSGALNACT2,4.075000000000001,0.6130994652172653,1.0
SLC9B2,4.075000000000004,0.5450945558532493,1.0
SPRED2,4.080000000000002,0.6306686675294741,1.0
SSNA1,4.084999999999951,0.9537280097577494,1.0
STARD3NL,4.084999999999987,0.8487947368200934,1.0
KCMF1,4.084999999999987,0.6907099557705141,1.0
ILKAP,4.089999999999996,0.5786275093766506,1.0
DEAF1,4.099999999999991,0.47591416910232376,1.0
MYO19,4.110000000000021,0.7748898243174053,1.0
METAP1,4.115000000000002,0.648449182304075,1.0
LTBP2,4.120000000000002,0.38635660260863647,1.0
SMC3,4.1200000000000045,0.7215075408530456,1.0
WDR45B,4.124999999999957,0.7653835124598296,1.0
NBPF1,4.130000000000017,0.5019387498867459,1.0
C6orf62,4.149999999999977,0.9438275338976189,1.0
GLOD4,4.155000000000001,0.48623432138829725,1.0
GPR137,4.164999999999996,0.7622224999271966,1.0
DDX52,4.174999999999997,0.5617400706970093,1.0
PSEN1,4.179999999999996,0.4071376698379916,1.0
HDAC8,4.204999999999998,0.5179075922305545,1.0
IFT57,4.215,0.9207627671027185,1.0
TMEM183A,4.219999999999985,0.9636356313037896,1.0
ABI2,4.220000000000006,0.7653835124598296,1.0
TIPRL,4.224999999999994,0.9537280097577494,1.0
TLE2,4.225000000000001,0.9537280097577494,1.0
GTF2IRD1,4.230000000000004,0.5673426777793709,1.0
YME1L1,4.2350000000000065,0.636572443127301,1.0
BLCAP,4.240000000000009,0.7215075408530456,1.0
TMEM106B,4.244999999999987,0.40013769753329187,1.0
APBB2,4.249999999999998,0.8164575944411389,1.0
TMEM44,4.2500000000000036,0.8036064905718427,1.0
ZWILCH,4.250000000000007,0.4836429926527509,1.0
GADD45GIP1,4.250000000000021,0.4456865210409048,1.0
MRPL58,4.254999999999988,0.672470358702386,1.0
DPP3,4.259999999999991,0.5205943866712266,1.0
RIOK3,4.265000000000008,0.8944855348490495,1.0
BLZF1,4.2749999999999915,0.6785294870658231,1.0
JOSD1,4.279999999999994,0.5019387498867459,1.0
ZNF692,4.280000000000008,0.8944855348490495,1.0
WRNIP1,4.290000000000013,0.384088249473852,1.0
INTS10,4.295000000000009,0.6937677793437123,1.0
DIAPH3,4.295000000000012,0.7717172243455237,1.0
HSPA13,4.299999999999983,0.9273467583508952,1.0
MPPE1,4.29999999999999,0.8944855348490495,1.0
C11orf95,4.300000000000002,0.49667429717814027,1.0
SEMA3A,4.305,0.6907099557705141,1.0
HSPH1,4.305000000000021,0.45313919490861054,1.0
DOK1,4.3100000000000005,0.6189318717934644,1.0
EGFL7,4.320000000000011,0.6015081344405899,1.0
CAMK2N1,4.325000000000001,0.4631846485772054,1.0
GSTT2B,4.3299999999999965,0.547851719712373,1.0
HSPA9,4.335000000000093,0.9043275087039068,1.0
YEATS4,4.349999999999991,0.4213548269831777,1.0
RITA1,4.359999999999999,0.8036064905718427,1.0
FBRSL1,4.3650000000000055,0.4810591760941474,1.0
AIDA,4.369999999999997,0.6306686675294741,1.0
FAM24B,4.374999999999998,0.4810591760941474,1.0
DERL1,4.379999999999981,0.7590654489309898,1.0
RASSF3,4.380000000000003,0.6785294870658231,1.0
CDC42EP3,4.384999999999998,0.8229019354214293,1.0
NDEL1,4.3899999999999935,0.6907099557705141,1.0
EFEMP2,4.389999999999998,0.8100256403943001,1.0
SMARCD1,4.39999999999997,0.9636356313037896,1.0
YIPF6,4.399999999999995,0.636572443127301,1.0
GTF2H3,4.400000000000006,0.6604160308082985,1.0
IKBKB,4.404999999999987,0.5072325853424271,1.0
PDPR,4.414999999999999,0.384088249473852,1.0
WNT5A,4.435,0.7653835124598296,1.0
AEBP2,4.4350000000000165,0.39321057459276376,1.0
CAMTA1,4.439999999999998,0.6937677793437123,1.0
SNX6,4.454999999999998,0.696830597247795,1.0
NFKB2,4.459999999999994,0.6189318717934644,1.0
ESPL1,4.470000000000006,0.384088249473852,1.0
PTPRF,4.470000000000013,0.8164575944411389,1.0
HDHD5,4.475000000000001,0.8879331364078507,1.0
NDUFS8,4.479999999999976,0.5786275093766506,1.0
IFNGR2,4.484999999999985,0.8358260965628809,1.0
PUS7,4.4850000000000065,0.5843092048547895,1.0
NT5C3A,4.499999999999993,0.7153098743639731,1.0
TACC3,4.5,0.8683235982021273,1.0
GLI4,4.505000000000008,0.7748898243174053,1.0
EIF1B,4.509999999999991,0.5645380297349106,1.0
MRPS2,4.509999999999991,0.7153098743639731,1.0
FANCD2,4.510000000000005,0.5286976420682703,1.0
RAB8B,4.514999999999999,0.5019387498867459,1.0
BOLA2-SMG1P6,4.515000000000001,0.7402090762983753,1.0
DHRS1,4.52,0.4213548269831777,1.0
RCC1,4.520000000000024,0.5506157599288712,1.0
IRS1,4.530000000000001,0.6015081344405899,1.0
CAPRIN2,4.530000000000005,0.7029710376341284,1.0
COPS7B,4.530000000000005,0.5786275093766506,1.0
QSER1,4.534999999999997,0.37957605749041823,1.0
CGREF1,4.5349999999999975,0.9768542681907831,1.0
MED27,4.535000000000007,0.4407571178182137,1.0
GOT2,4.545000000000044,0.5786275093766506,1.0
DDX55,4.554999999999993,0.7091309176902658,1.0
SAMD4A,4.56500000000001,0.6754972946848711,1.0
PKN1,4.569999999999979,0.842305069932857,1.0
MARCHF6,4.574999999999989,0.5814651118050964,1.0
AKIP1,4.574999999999996,0.7215075408530456,1.0
ATF5,4.580000000000002,0.8944855348490495,1.0
TAF6,4.585000000000022,0.6189318717934644,1.0
ARMCX1,4.594999999999998,0.9603323910593005,1.0
CMPK1,4.594999999999999,0.9339357280136042,1.0
MSRB3,4.594999999999999,0.47591416910232376,1.0
PRELID1,4.595000000000027,0.46571526862558976,1.0
ATP5PO,4.600000000000023,0.8552946682228153,1.0
YEATS2,4.605000000000011,0.8164575944411389,1.0
CXXC1,4.614999999999995,0.7527634281491498,1.0
GOLPH3,4.620000000000012,0.8879331364078507,1.0
PRMT6,4.629999999999997,0.7277235466695502,1.0
ABL2,4.629999999999999,0.794002680192762,1.0
CDC42EP5,4.629999999999999,0.5423442984904308,1.0
SELENOS,4.630000000000017,0.8748517286674501,1.0
PPP1R12A,4.630000000000024,0.9339357280136042,1.0
PYGB,4.634999999999991,0.7464778413011777,1.0
FOXJ2,4.635000000000002,0.40948712684432786,1.0
FKBP7,4.645,0.7277235466695502,1.0
CEP95,4.650000000000016,0.7153098743639731,1.0
APH1A,4.6699999999999875,0.9141842025623018,1.0
GIGYF1,4.675000000000004,0.4071376698379916,1.0
SYVN1,4.68000000000001,0.47848289419213597,1.0
GGA3,4.685000000000002,0.43585911500840513,1.0
TCP1,4.690000000000055,0.49667429717814027,1.0
ELOA,4.705000000000016,0.648449182304075,1.0
SWAP70,4.709999999999997,0.384088249473852,1.0
MDFIC,4.709999999999999,0.40013769753329187,1.0
FANCL,4.715000000000003,0.6815668927944767,1.0
PARD3,4.744999999999997,0.6424993873606966,1.0
GTSE1,4.7450000000000045,0.5019387498867459,1.0
PPA2,4.760000000000005,0.9603323910593005,1.0
CAT,4.76499999999999,0.5673426777793709,1.0
TFE3,4.785000000000004,0.9108970950967655,1.0
PTPRM,4.785000000000007,0.5450945558532493,1.0
CTSC,4.785000000000039,0.42615784298026116,1.0
GALNT6,4.790000000000001,0.6336176395507085,1.0
HINT2,4.79499999999998,0.7908082597408556,1.0
ARHGEF10,4.800000000000001,0.5561643473205113,1.0
PPP4R3B,4.814999999999998,0.5205943866712266,1.0
TWF1,4.815000000000026,0.8618044330490108,1.0
FN3KRP,4.819999999999993,0.41658371785687753,1.0
RBPJ,4.830000000000002,0.4407571178182137,1.0
PEX11B,4.839999999999989,0.8358260965628809,1.0
PITPNB,4.840000000000003,0.3978205467559196,1.0
SUMO1,4.865000000000009,0.5645380297349106,1.0
SCOC,4.884999999999998,0.6424993873606966,1.0
ATG5,4.88999999999999,0.4810591760941474,1.0
CRYBG1,4.890000000000001,0.5396009774503636,1.0
MRC2,4.894999999999998,0.6907099557705141,1.0
TNFAIP3,4.895000000000001,0.4810591760941474,1.0
GLA,4.8999999999999915,0.7339575177052757,1.0
IGFBP6,4.904999999999994,0.9141842025623018,1.0
ARID1B,4.904999999999998,0.45563896523052283,1.0
WASHC3,4.914999999999985,0.37957605749041823,1.0
FARP2,4.914999999999996,0.7029710376341284,1.0
GEMIN6,4.919999999999998,0.9141842025623018,1.0
H3-3A,4.920000000000243,0.6306686675294741,1.0
ASNSD1,4.9250000000000185,0.4407571178182137,1.0
SCYL1,4.929999999999978,0.5957497963320737,1.0
DECR2,4.949999999999992,0.6072914543107184,1.0
RGS19,4.9650000000000105,0.46571526862558976,1.0
ITGB2,4.969999999999999,0.45814647715894785,1.0
JRK,4.975,0.45563896523052283,1.0
NRSN2,4.9750000000000085,0.6130994652172653,1.0
DNAJC21,4.984999999999992,0.40948712684432786,1.0
STRN4,4.989999999999995,0.8520434463522804,1.0
BRD4,4.9900000000000055,0.5019387498867459,1.0
DESI2,4.990000000000009,0.6247883740723336,1.0
TADA3,5.025000000000041,0.9735488709352259,1.0
CCDC91,5.035000000000004,0.4606617114605923,1.0
SKI,5.039999999999994,0.5814651118050964,1.0
PGAM1,5.0400000000000205,0.696830597247795,1.0
PGAM5,5.045000000000002,0.648449182304075,1.0
EML1,5.064999999999998,0.7029710376341284,1.0
PTGES2,5.065000000000005,0.8004018469425622,1.0
SLC16A1,5.069999999999993,0.4213548269831777,1.0
NLN,5.069999999999997,0.7091309176902658,1.0
PTPRK,5.069999999999997,0.8100256403943001,1.0
NFIX,5.07,0.5843092048547895,1.0
TRAP1,5.0800000000000125,0.9537280097577494,1.0
BRCA1,5.084999999999997,0.8683235982021273,1.0
PPRC1,5.094999999999974,0.39321057459276376,1.0
TMEM94,5.094999999999999,0.8813883875991326,1.0
LIMD2,5.110000000000005,0.7622224999271966,1.0
KDM4A,5.114999999999998,0.657416013591166,1.0
TRMT6,5.130000000000003,0.5019387498867459,1.0
GART,5.13000000000001,0.6130994652172653,1.0
TOMM22,5.134999999999991,0.696830597247795,1.0
KANSL3,5.1349999999999945,0.6072914543107184,1.0
C11orf98,5.159999999999968,0.6846094685667796,1.0
ENTR1,5.159999999999982,0.5617400706970093,1.0
CNOT3,5.175000000000004,0.5232883447117399,1.0
RNF44,5.175000000000004,0.6544215056598512,1.0
ATP6V0D1,5.190000000000026,0.7339575177052757,1.0
SOCS2,5.199999999999999,0.6424993873606966,1.0
UBQLN4,5.219999999999999,0.7339575177052757,1.0
DCTPP1,5.2250000000000085,0.48623432138829725,1.0
GRB10,5.2299999999999915,0.6160126376872717,1.0
COL8A1,5.234999999999999,0.7153098743639731,1.0
STK19,5.244999999999994,0.5396009774503636,1.0
DLG4,5.254999999999999,0.5757964313912116,1.0
STXBP1,5.274999999999995,0.9669394958014216,1.0
EED,5.315000000000026,0.4606617114605923,1.0
MACF1,5.31500000000004,0.5019387498867459,1.0
EMC1,5.325000000000017,0.9603323910593005,1.0
LUZP1,5.330000000000005,0.4456865210409048,1.0
PHF20,5.34,0.5506157599288712,1.0
GAS2L1,5.345000000000006,0.4707994763603818,1.0
AP2A2,5.345000000000013,0.5396009774503636,1.0
RGL2,5.349999999999987,0.5232883447117399,1.0
HLA-F,5.364999999999998,0.636572443127301,1.0
BTG1,5.36999999999999,0.6815668927944767,1.0
DENND4B,5.379999999999992,0.696830597247795,1.0
WASF2,5.380000000000003,0.7527634281491498,1.0
RPP40,5.380000000000006,0.5072325853424271,1.0
TRIT1,5.390000000000001,0.4118446292938597,1.0
MYD88,5.390000000000001,0.6189318717934644,1.0
SF3B5,5.399999999999949,0.8813883875991326,1.0
TOR1AIP1,5.414999999999992,0.8683235982021273,1.0
POLR1C,5.420000000000002,0.6072914543107184,1.0
ACTR10,5.429999999999993,0.7029710376341284,1.0
SH3KBP1,5.434999999999988,0.6015081344405899,1.0
CDC27,5.440000000000005,0.5396009774503636,1.0
GLT8D2,5.444999999999998,0.4334219309560736,1.0
MRM3,5.450000000000003,0.42615784298026116,1.0
CBWD3,5.455000000000005,0.5701539825270272,1.0
ACSL4,5.465000000000007,0.8944855348490495,1.0
TUT4,5.470000000000006,0.9339357280136042,1.0
PTX3,5.510000000000001,0.8650628677291835,1.0
SPIN1,5.524999999999999,0.9141842025623018,1.0
SMIM12,5.530000000000037,0.7908082597408556,1.0
TMEM69,5.540000000000006,0.49667429717814027,1.0
PLIN2,5.544999999999995,0.842305069932857,1.0
GMPPA,5.550000000000011,0.5506157599288712,1.0
FLAD1,5.555000000000021,0.7780661870680045,1.0
HPF1,5.564999999999998,0.5729719113688719,1.0
STK11IP,5.564999999999998,0.5019387498867459,1.0
RALB,5.569999999999979,0.6664324268587869,1.0
QARS1,5.57499999999996,0.5561643473205113,1.0
PIP5K1A,5.57500000000001,0.8487947368200934,1.0
HAX1,5.580000000000041,0.4456865210409048,1.0
TFPI2,5.584999999999997,0.6634215158168552,1.0
ACOT9,5.585000000000008,0.8358260965628809,1.0
KCTD15,5.589999999999989,0.6876571708271936,1.0
BRD1,5.594999999999999,0.3978205467559196,1.0
B4GALNT3,5.594999999999999,0.9339357280136042,1.0
TBCD,5.594999999999999,0.6189318717934644,1.0
SMIM19,5.600000000000012,0.5125556017624364,1.0
EFEMP1,5.605,0.9702439279042832,1.0
COPRS,5.605000000000018,0.5900167260288813,1.0
PSAT1,5.620000000000019,0.6130994652172653,1.0
SELENOT,5.660000000000011,0.37957605749041823,1.0
SPATC1L,5.6800000000000015,0.6072914543107184,1.0
APOBEC3B,5.684999999999999,0.737081122297987,1.0
CLCF1,5.690000000000005,0.6130994652172653,1.0
COL6A1,5.72000000000002,0.9207627671027185,1.0
DHX36,5.734999999999978,0.8944855348490495,1.0
DFFA,5.7400000000000055,0.7653835124598296,1.0
GPR176,5.744999999999997,0.39321057459276376,1.0
LPXN,5.745000000000003,0.7153098743639731,1.0
TMEM222,5.77,0.9273467583508952,1.0
FAM104B,5.779999999999996,0.5957497963320737,1.0
PCBP4,5.800000000000011,0.6130994652172653,1.0
BAG3,5.805000000000021,0.8100256403943001,1.0
PARVB,5.809999999999999,0.6424993873606966,1.0
EIF2AK4,5.820000000000007,0.4810591760941474,1.0
RDH11,5.834999999999987,0.45064718510155777,1.0
SND1,5.839999999999947,0.9537280097577494,1.0
GPN3,5.839999999999975,0.5286976420682703,1.0
LAMB2,5.844999999999999,0.696830597247795,1.0
BCAP29,5.850000000000001,0.7812462624304687,1.0
SEMA6B,5.860000000000003,0.4810591760941474,1.0
CIAPIN1,5.885000000000005,0.9933860817420452,1.0
C1GALT1C1,5.889999999999997,0.7091309176902658,1.0
FAHD2B,5.905000000000005,0.4631846485772054,1.0
COPS7A,5.909999999999954,0.7277235466695502,1.0
WDR5,5.914999999999999,0.47335302265608303,1.0
TIMM23,5.9199999999999875,0.5506157599288712,1.0
HSD17B11,5.925000000000008,0.9603323910593005,1.0
LARP1,5.934999999999974,0.4309926469959029,1.0
NABP1,5.940000000000008,0.5786275093766506,1.0
RHOG,5.940000000000012,0.7590654489309898,1.0
JUNB,5.949999999999974,0.8618044330490108,1.0
SMIM15,5.965000000000003,0.4213548269831777,1.0
HSBP1,5.9700000000000415,0.7653835124598296,1.0
VASP,5.975000000000016,0.5900167260288813,1.0
HAUS1,5.994999999999997,0.7029710376341284,1.0
F2RL1,6.0000000000000036,0.38635660260863647,1.0
FASTKD3,6.00500000000001,0.5098904587440031,1.0
MANF,6.014999999999958,0.8944855348490495,1.0
UBE2V2,6.0249999999999915,0.5561643473205113,1.0
GTF2H2,6.025000000000009,0.9273467583508952,1.0
NUDT14,6.040000000000003,0.794002680192762,1.0
SETD5,6.044999999999973,0.7402090762983753,1.0
COPA,6.0449999999999875,0.842305069932857,1.0
ST3GAL3,6.080000000000001,0.4407571178182137,1.0
SS18,6.084999999999987,0.9010451411117566,1.0
LSR,6.084999999999994,0.648449182304075,1.0
PLOD2,6.085000000000008,0.8036064905718427,1.0
DNAJB5,6.094999999999999,0.829358243536714,1.0
DPM1,6.099999999999952,0.9537280097577494,1.0
SNAPC2,6.100000000000001,0.7780661870680045,1.0
SIPA1L1,6.105,0.40948712684432786,1.0
UBQLN1,6.105000000000004,0.8748517286674501,1.0
STK38L,6.109999999999996,0.8748517286674501,1.0
FNTA,6.114999999999995,0.7972005596761405,1.0
B4GALT2,6.1200000000000045,0.8944855348490495,1.0
NANS,6.135000000000048,0.9010451411117566,1.0
HNRNPUL2,6.145000000000039,0.5314129258282958,1.0
SMCHD1,6.159999999999997,0.7780661870680045,1.0
ISG20L2,6.1850000000000165,0.6754972946848711,1.0
CFAP298,6.189999999999998,0.842305069932857,1.0
CIP2A,6.195000000000007,0.5617400706970093,1.0
PHC2,6.204999999999998,0.6785294870658231,1.0
RBIS,6.214999999999989,0.5396009774503636,1.0
EIF4B,6.21999999999997,0.4810591760941474,1.0
BRD8,6.230000000000018,0.7590654489309898,1.0
PRPSAP1,6.234999999999999,0.384088249473852,1.0
PBK,6.239999999999995,0.4810591760941474,1.0
NRBP1,6.2450000000000045,0.7780661870680045,1.0
RFC3,6.25,0.41658371785687753,1.0
TIAL1,6.2549999999999955,0.3978205467559196,1.0
ATAD3A,6.255000000000003,0.40246294289693907,1.0
CHTF18,6.260000000000005,0.8813883875991326,1.0
FAM126A,6.2699999999999925,0.9010451411117566,1.0
ETS2,6.27,0.648449182304075,1.0
IL4R,6.279999999999994,0.5673426777793709,1.0
RAB35,6.309999999999981,0.8618044330490108,1.0
PLIN3,6.32,0.9076115119079285,1.0
TONSL,6.320000000000004,0.5786275093766506,1.0
HECTD1,6.3450000000000415,0.9339357280136042,1.0
ULBP2,6.364999999999998,0.5701539825270272,1.0
UBTF,6.369999999999983,0.6785294870658231,1.0
TGFBR2,6.374999999999993,0.9076115119079285,1.0
KCNG1,6.3800000000000034,0.4914394238527241,1.0
MYG1,6.390000000000008,0.9801600629440878,1.0
FKBP3,6.405000000000015,0.5957497963320737,1.0
STING1,6.410000000000002,0.8325907534174406,1.0
WSB1,6.410000000000018,0.8487947368200934,1.0
TRA2A,6.425000000000011,0.9010451411117566,1.0
HERC4,6.440000000000008,0.9273467583508952,1.0
PROCR,6.465000000000003,0.8229019354214293,1.0
SEPTIN8,6.47999999999999,0.9669394958014216,1.0
PLEKHG3,6.494999999999994,0.6072914543107184,1.0
RAP1GAP2,6.494999999999995,0.4407571178182137,1.0
CIBAR1,6.4999999999999964,0.7402090762983753,1.0
TCIRG1,6.519999999999989,0.8552946682228153,1.0
POMT2,6.559999999999999,0.8100256403943001,1.0
NUDT8,6.560000000000001,0.5673426777793709,1.0
PBRM1,6.565000000000007,0.38635660260863647,1.0
RIN1,6.584999999999997,0.6785294870658231,1.0
VEPH1,6.634999999999999,0.5757964313912116,1.0
KIF7,6.639999999999997,0.6072914543107184,1.0
POLE3,6.644999999999968,0.45064718510155777,1.0
SMN1,6.660000000000032,0.6604160308082985,1.0
NELFCD,6.6650000000000205,0.9801600629440878,1.0
CCDC28B,6.684999999999999,0.8748517286674501,1.0
UBP1,6.70499999999997,0.45064718510155777,1.0
TXNRD2,6.7300000000000075,0.621857129896537,1.0
PTPRA,6.735000000000014,0.8196782427441914,1.0
WDR27,6.755000000000006,0.8977644646746489,1.0
APOC1,6.76,0.5673426777793709,1.0
MFN2,6.7600000000000335,0.5617400706970093,1.0
RAP1A,6.774999999999984,0.8325907534174406,1.0
FTO,6.7749999999999915,0.8813883875991326,1.0
CA12,6.789999999999999,0.7091309176902658,1.0
NID1,6.799999999999999,0.8715865700317355,1.0
TROAP,6.809999999999988,0.37957605749041823,1.0
TXNIP,6.815000000000012,0.6247883740723336,1.0
CPSF7,6.839999999999989,0.45814647715894785,1.0
SERPINA1,6.884999999999997,0.7060485703056018,1.0
THOC6,6.889999999999997,0.5179075922305545,1.0
WDFY1,6.93,0.4407571178182137,1.0
AFAP1L1,6.93,0.8100256403943001,1.0
RASSF1,6.934999999999999,0.4071376698379916,1.0
DDAH1,6.945,0.47848289419213597,1.0
CDK5,6.955000000000009,0.9141842025623018,1.0
PPIL4,6.960000000000004,0.48623432138829725,1.0
NUMA1,7.009999999999991,0.6907099557705141,1.0
PAPSS2,7.015000000000001,0.4213548269831777,1.0
RPA3,7.020000000000024,0.7091309176902658,1.0
RETREG2,7.029999999999987,0.8358260965628809,1.0
MEF2D,7.044999999999996,0.48623432138829725,1.0
ZFPL1,7.045000000000009,0.4456865210409048,1.0
STOML2,7.049999999999983,0.7277235466695502,1.0
SPATS2L,7.054999999999993,0.7029710376341284,1.0
TMX2,7.064999999999998,0.6247883740723336,1.0
PPP2CB,7.075000000000017,0.7029710376341284,1.0
RPS6KB2,7.075000000000024,0.6604160308082985,1.0
PLBD2,7.089999999999982,0.6544215056598512,1.0
TMEM256,7.110000000000014,0.7972005596761405,1.0
PLSCR3,7.115000000000009,0.4118446292938597,1.0
CPT1A,7.154999999999994,0.7153098743639731,1.0
SRP72,7.180000000000021,0.6604160308082985,1.0
CDC45,7.1899999999999835,0.5286976420682703,1.0
ATP5PD,7.1949999999998795,0.5232883447117399,1.0
CEP250,7.195,0.3978205467559196,1.0
GLUD1,7.210000000000022,0.8036064905718427,1.0
COTL1,7.249999999999972,0.8229019354214293,1.0
AFMID,7.25500000000001,0.39321057459276376,1.0
ARIH2,7.310000000000002,0.7277235466695502,1.0
TBPL1,7.3200000000000145,0.6664324268587869,1.0
CAP1,7.335000000000093,0.696830597247795,1.0
IKBKG,7.339999999999989,0.5232883447117399,1.0
PFN2,7.340000000000003,0.9669394958014216,1.0
SBF1,7.354999999999997,0.5072325853424271,1.0
AMPD2,7.3550000000000395,0.4071376698379916,1.0
RDX,7.365000000000009,0.6130994652172653,1.0
PSMD4,7.380000000000024,0.6247883740723336,1.0
KDELR2,7.380000000000052,0.8944855348490495,1.0
HOXB2,7.390000000000004,0.5786275093766506,1.0
GPS2,7.39500000000001,0.6247883740723336,1.0
RNF128,7.409999999999998,0.4810591760941474,1.0
POLR1E,7.455000000000005,0.6664324268587869,1.0
NT5E,7.464999999999989,0.9010451411117566,1.0
ERAP2,7.480000000000006,0.940529226774238,1.0
RBM7,7.4800000000000075,0.4118446292938597,1.0
CETN2,7.480000000000011,0.45563896523052283,1.0
DENR,7.489999999999995,0.7812462624304687,1.0
NPC1,7.530000000000037,0.7464778413011777,1.0
KHDC4,7.555,0.7527634281491498,1.0
DECR1,7.564999999999998,0.6015081344405899,1.0
UMPS,7.564999999999998,0.7122180342879179,1.0
FSTL1,7.584999999999994,0.842305069932857,1.0
RRP15,7.584999999999999,0.9076115119079285,1.0
GTPBP4,7.594999999999985,0.4213548269831777,1.0
E2F1,7.595000000000002,0.4810591760941474,1.0
EXOSC1,7.6200000000000045,0.6072914543107184,1.0
EMC9,7.620000000000008,0.5286976420682703,1.0
TMED5,7.634999999999998,0.8618044330490108,1.0
ITM2C,7.649999999999977,0.42615784298026116,1.0
CLDN1,7.655000000000005,0.8196782427441914,1.0
NLGN2,7.664999999999996,0.9636356313037896,1.0
SEC24D,7.669999999999998,0.8748517286674501,1.0
UBE2S,7.674999999999983,0.5072325853424271,1.0
ZEB1,7.679999999999989,0.44816295439279763,1.0
SEC61B,7.689999999999998,0.6306686675294741,1.0
AFDN,7.690000000000005,0.9273467583508952,1.0
AP1M1,7.730000000000018,0.9669394958014216,1.0
ZC3HC1,7.739999999999998,0.4432179029796727,1.0
COX7A2L,7.74499999999999,0.4606617114605923,1.0
RTN3,7.770000000000039,0.7717172243455237,1.0
PSMD14,7.835000000000008,0.7653835124598296,1.0
ZSWIM7,7.859999999999999,0.46571526862558976,1.0
SVIL,7.8749999999999964,0.7153098743639731,1.0
PNPLA2,7.894999999999989,0.8036064905718427,1.0
MCM3,7.895000000000024,0.9636356313037896,1.0
DPYSL2,7.8999999999999915,0.4456865210409048,1.0
KIF1C,7.8999999999999915,0.5232883447117399,1.0
RAD51C,7.900000000000013,0.7844300000516808,1.0
ITPA,7.910000000000011,0.4606617114605923,1.0
CBS,7.910000000000011,0.4810591760941474,1.0
HDGFL3,7.944999999999993,0.9010451411117566,1.0
GAS6,7.964999999999996,0.829358243536714,1.0
POLR2H,7.9950000000000045,0.5179075922305545,1.0
DNAJC7,8.034999999999997,0.40948712684432786,1.0
CCDC88A,8.035000000000007,0.5125556017624364,1.0
C9orf16,8.049999999999983,0.5396009774503636,1.0
C4orf3,8.04999999999999,0.45563896523052283,1.0
SLC50A1,8.055000000000021,0.5871597544033558,1.0
QPCT,8.064999999999998,0.6544215056598512,1.0
ITPR3,8.079999999999991,0.8944855348490495,1.0
SHARPIN,8.079999999999998,0.4118446292938597,1.0
PSMC3IP,8.090000000000003,0.7464778413011777,1.0
REXO2,8.11499999999998,0.9207627671027185,1.0
MYOF,8.129999999999953,0.8944855348490495,1.0
GLS,8.150000000000006,0.842305069932857,1.0
POLD1,8.204999999999998,0.5673426777793709,1.0
CCDC9B,8.215,0.7685484371305833,1.0
FOSL2,8.229999999999997,0.6604160308082985,1.0
MCM6,8.244999999999976,0.4309926469959029,1.0
EBNA1BP2,8.279999999999959,0.5179075922305545,1.0
NFU1,8.280000000000001,0.45064718510155777,1.0
CDCP1,8.289999999999996,0.4213548269831777,1.0
DHX16,8.294999999999987,0.6072914543107184,1.0
LRP1,8.31499999999999,0.4940531510041464,1.0
PRKD3,8.32,0.5673426777793709,1.0
DNPH1,8.330000000000055,0.7908082597408556,1.0
MYADM,8.359999999999992,0.7844300000516808,1.0
YARS2,8.370000000000008,0.6015081344405899,1.0
MRPL47,8.375,0.47591416910232376,1.0
C1orf109,8.400000000000013,0.6247883740723336,1.0
SLC6A15,8.404999999999998,0.5729719113688719,1.0
FBN2,8.440000000000001,0.4456865210409048,1.0
CAMTA2,8.530000000000008,0.7339575177052757,1.0
MTRR,8.535000000000004,0.8618044330490108,1.0
MAT2A,8.555000000000007,0.7780661870680045,1.0
SDHAF3,8.564999999999994,0.9603323910593005,1.0
C19orf53,8.579999999999984,0.7590654489309898,1.0
ZCRB1,8.59999999999998,0.8100256403943001,1.0
PSMB4,8.604999999999905,0.9273467583508952,1.0
NENF,8.604999999999983,0.7717172243455237,1.0
PDP1,8.604999999999997,0.41658371785687753,1.0
DDX46,8.614999999999988,0.5617400706970093,1.0
EXOSC7,8.634999999999998,0.41658371785687753,1.0
REPIN1,8.650000000000034,0.7653835124598296,1.0
PPIE,8.670000000000002,0.794002680192762,1.0
KCNN4,8.670000000000005,0.9372319393764333,1.0
RFC4,8.670000000000016,0.5314129258282958,1.0
ZNF146,8.699999999999974,0.6130994652172653,1.0
SMAD3,8.710000000000022,0.8715865700317355,1.0
KIF3C,8.790000000000019,0.5729719113688719,1.0
ARPC4,8.805000000000007,0.6072914543107184,1.0
CITED2,8.860000000000007,0.6604160308082985,1.0
PSMC3,8.884999999999934,0.6664324268587869,1.0
NDUFA6,8.890000000000029,0.40246294289693907,1.0
MSANTD3,8.90999999999999,0.6604160308082985,1.0
TSPAN13,8.930000000000014,0.7717172243455237,1.0
AK4,8.945000000000004,0.5561643473205113,1.0
METTL5,8.950000000000003,0.3886331144942722,1.0
TRIR,8.974999999999994,0.9537280097577494,1.0
HMGN4,8.975000000000016,0.42615784298026116,1.0
CDC42BPB,9.000000000000014,0.6907099557705141,1.0
NFKBIA,9.014999999999986,0.39091777522840465,1.0
DBN1,9.045000000000016,0.7908082597408556,1.0
UBXN1,9.045000000000016,0.3978205467559196,1.0
ATP2C1,9.055000000000028,0.7972005596761405,1.0
GNL3,9.060000000000002,0.8813883875991326,1.0
VEGFB,9.060000000000024,0.6544215056598512,1.0
RIDA,9.075000000000003,0.5757964313912116,1.0
INF2,9.079999999999998,0.7972005596761405,1.0
TMEM45A,9.08,0.5928800850110119,1.0
MRPL18,9.085000000000079,0.6306686675294741,1.0
KLC1,9.115000000000009,0.6604160308082985,1.0
LSM14A,9.13000000000001,0.8036064905718427,1.0
PDGFC,9.155000000000008,0.4888331394973101,1.0
INPPL1,9.159999999999997,0.8944855348490495,1.0
UROD,9.170000000000016,0.7590654489309898,1.0
MLPH,9.185000000000006,0.7780661870680045,1.0
LACTB,9.189999999999987,0.43585911500840513,1.0
CBWD6,9.194999999999997,0.40948712684432786,1.0
BIN1,9.195000000000011,0.7908082597408556,1.0
OSMR,9.205000000000009,0.5814651118050964,1.0
TNPO1,9.235000000000014,0.41896527683459084,1.0
MBNL1,9.245000000000012,0.384088249473852,1.0
GNPAT,9.27500000000001,0.45313919490861054,1.0
DYNC1LI2,9.285000000000018,0.45064718510155777,1.0
TAF7,9.285000000000025,0.9010451411117566,1.0
POLR2C,9.305000000000007,0.45563896523052283,1.0
SLC41A1,9.314999999999994,0.4606617114605923,1.0
PSRC1,9.334999999999987,0.6514325482434398,1.0
CCNH,9.344999999999992,0.9801600629440878,1.0
RNF25,9.345000000000017,0.46571526862558976,1.0
CREM,9.349999999999987,0.5701539825270272,1.0
SMPD4,9.370000000000026,0.49667429717814027,1.0
ANXA7,9.38000000000001,0.6043966897165155,1.0
HNRNPK,9.380000000000337,0.672470358702386,1.0
GNL1,9.415000000000006,0.5286976420682703,1.0
SERPINB8,9.455000000000002,0.5019387498867459,1.0
CDC42,9.474999999999966,0.8229019354214293,1.0
P4HA2,9.47999999999999,0.5561643473205113,1.0
CKAP4,9.50500000000001,0.648449182304075,1.0
GLIPR1,9.510000000000009,0.5701539825270272,1.0
SYPL1,9.524999999999991,0.9076115119079285,1.0
TRAPPC1,9.60000000000008,0.9735488709352259,1.0
TUBA4A,9.605000000000004,0.621857129896537,1.0
ZNF207,9.620000000000019,0.40246294289693907,1.0
FLCN,9.68,0.4606617114605923,1.0
NPIPB5,9.71499999999999,0.5450945558532493,1.0
KYNU,9.74,0.7308383100563765,1.0
HSD17B10,9.754999999999981,0.8683235982021273,1.0
NSFL1C,9.79000000000002,0.7590654489309898,1.0
RNASEH2A,9.82500000000006,0.5205943866712266,1.0
FAAP20,9.859999999999985,0.636572443127301,1.0
IFI16,9.884999999999984,0.9570298316837188,1.0
RRP7A,9.90499999999998,0.5673426777793709,1.0
WTAP,9.920000000000002,0.4309926469959029,1.0
DCAF11,9.924999999999983,0.9537280097577494,1.0
NELFE,9.935000000000002,0.829358243536714,1.0
ANKHD1,9.949999999999996,0.49667429717814027,1.0
VAT1,9.960000000000008,0.9867726179369976,1.0
ATP5MC2,9.965000000000032,0.9141842025623018,1.0
ANAPC5,9.989999999999966,0.45563896523052283,1.0
PNN,10.040000000000006,0.49667429717814027,1.0
GMNN,10.075000000000017,0.45313919490861054,1.0
JKAMP,10.119999999999983,0.7184063919514614,1.0
SELENON,10.134999999999998,0.7844300000516808,1.0
ZNF185,10.14,0.6846094685667796,1.0
PHF1,10.170000000000002,0.7653835124598296,1.0
PLCG1,10.219999999999999,0.9537280097577494,1.0
IL6ST,10.22999999999999,0.7029710376341284,1.0
EXOSC4,10.260000000000012,0.5561643473205113,1.0
ZCCHC17,10.270000000000032,0.7972005596761405,1.0
UCHL3,10.294999999999995,0.5957497963320737,1.0
CHD1L,10.365000000000009,0.4707994763603818,1.0
COA6,10.385000000000005,0.7717172243455237,1.0
POLR2F,10.429999999999993,0.7653835124598296,1.0
PLPBP,10.435000000000002,0.41658371785687753,1.0
MTA1,10.445000000000036,0.5179075922305545,1.0
FTSJ1,10.460000000000015,0.4606617114605923,1.0
AK1,10.475000000000051,0.8100256403943001,1.0
ALDH3B1,10.50999999999998,0.7780661870680045,1.0
HERPUD1,10.585000000000008,0.9603323910593005,1.0
TUBG1,10.585000000000022,0.9043275087039068,1.0
BCAR1,10.594999999999999,0.7029710376341284,1.0
TIMM44,10.615000000000016,0.8229019354214293,1.0
SLC43A3,10.654999999999998,0.8487947368200934,1.0
TSR1,10.674999999999983,0.7060485703056018,1.0
SERPINB1,10.730000000000015,0.5843092048547895,1.0
SEMA4C,10.755000000000006,0.6130994652172653,1.0
PRDX6,10.764999999999986,1.0,1.0
TARBP1,10.774999999999999,0.672470358702386,1.0
GRK2,10.780000000000001,0.4071376698379916,1.0
CHMP1A,10.805000000000021,0.6072914543107184,1.0
PDCD6IP,10.829999999999991,0.5072325853424271,1.0
RABL6,10.89,0.6785294870658231,1.0
CFAP20,10.925000000000018,0.41658371785687753,1.0
RER1,10.944999999999993,0.42615784298026116,1.0
MAD1L1,10.960000000000008,0.4707994763603818,1.0
RCC2,11.049999999999983,0.7527634281491498,1.0
ACSL5,11.055000000000001,0.39321057459276376,1.0
IPO5,11.11,0.696830597247795,1.0
RBBP4,11.110000000000014,0.7091309176902658,1.0
KRTCAP2,11.180000000000007,0.534135262077375,1.0
POLR2I,11.189999999999984,0.7464778413011777,1.0
THOC5,11.214999999999993,0.6072914543107184,1.0
SF3A2,11.219999999999992,0.5232883447117399,1.0
DNAJC8,11.300000000000011,0.4914394238527241,1.0
NDUFS3,11.345000000000041,0.4707994763603818,1.0
DMAP1,11.355,0.5179075922305545,1.0
FBN1,11.370000000000001,0.9867726179369976,1.0
VEGFA,11.480000000000032,0.672470358702386,1.0
PIAS3,11.515000000000008,0.4707994763603818,1.0
PLBD1,11.56,0.41658371785687753,1.0
MVP,11.579999999999991,0.9010451411117566,1.0
MRPS21,11.585000000000008,0.6189318717934644,1.0
BYSL,11.590000000000003,0.5450945558532493,1.0
SMARCB1,11.68999999999997,0.4213548269831777,1.0
IFRD1,11.695000000000014,0.5179075922305545,1.0
SH3GLB1,11.704999999999998,0.5396009774503636,1.0
PSME1,11.70500000000007,0.8358260965628809,1.0
PTGR1,11.729999999999983,0.8164575944411389,1.0
CTPS1,11.779999999999987,0.5179075922305545,1.0
SLC2A3,11.785000000000004,0.5232883447117399,1.0
RRM1,11.85499999999999,0.46571526862558976,1.0
H2AZ2,11.8599999999999,0.5019387498867459,1.0
MACROH2A1,11.8900000000001,0.7717172243455237,1.0
SZRD1,11.930000000000007,0.534135262077375,1.0
CCHCR1,11.96499999999999,0.40246294289693907,1.0
LMNB2,12.035000000000053,0.648449182304075,1.0
HIGD2A,12.055000000000064,0.37957605749041823,1.0
RBCK1,12.060000000000045,0.6130994652172653,1.0
CIB1,12.064999999999998,0.9273467583508952,1.0
HIF1A,12.079999999999998,0.9076115119079285,1.0
RBFOX2,12.105000000000004,0.4334219309560736,1.0
PIEZO1,12.110000000000042,0.3886331144942722,1.0
HEXB,12.114999999999839,0.8618044330490108,1.0
BRI3,12.120000000000118,0.6544215056598512,1.0
MMP2,12.165000000000004,0.4309926469959029,1.0
DENND5A,12.184999999999988,0.48623432138829725,1.0
PDLIM1,12.190000000000012,0.8164575944411389,1.0
FERMT2,12.194999999999997,0.5286976420682703,1.0
ABHD2,12.219999999999995,0.7653835124598296,1.0
XRCC5,12.254999999999939,0.534135262077375,1.0
ARHGEF40,12.27999999999999,0.7590654489309898,1.0
RNF7,12.335000000000008,0.5673426777793709,1.0
GDI2,12.424999999999955,0.6424993873606966,1.0
RND3,12.460000000000008,0.5205943866712266,1.0
ACAT2,12.460000000000008,0.7653835124598296,1.0
FANCA,12.47999999999999,0.4071376698379916,1.0
HCFC1R1,12.659999999999997,0.9867726179369976,1.0
F11R,12.669999999999995,0.8325907534174406,1.0
DPY30,12.685000000000045,0.6424993873606966,1.0
TINAGL1,12.690000000000001,0.6424993873606966,1.0
CHCHD3,12.690000000000012,0.696830597247795,1.0
HSPD1,12.705000000000325,0.636572443127301,1.0
POLR2D,12.710000000000008,0.43585911500840513,1.0
EIF1,12.840000000000032,0.9141842025623018,1.0
POP4,12.899999999999991,0.8036064905718427,1.0
EPN1,12.90999999999994,0.7780661870680045,1.0
UBAP2L,12.964999999999975,0.6247883740723336,1.0
ATF4,13.034999999999968,0.7215075408530456,1.0
ASXL1,13.07500000000001,0.5072325853424271,1.0
ELL2,13.10499999999999,0.5423442984904308,1.0
MOK,13.104999999999997,0.9207627671027185,1.0
MEAF6,13.14,0.5232883447117399,1.0
CTDSP1,13.170000000000002,0.43585911500840513,1.0
PPP2R5D,13.17499999999999,0.47848289419213597,1.0
IFI6,13.18,0.7339575177052757,1.0
TXNDC17,13.184999999999889,0.47591416910232376,1.0
RPL36,13.239999999999554,0.4631846485772054,1.0
DEK,13.245000000000005,0.45064718510155777,1.0
DDX18,13.405000000000015,0.49667429717814027,1.0
CHMP1B,13.504999999999995,0.4707994763603818,1.0
FRMD4A,13.555000000000007,0.8879331364078507,1.0
CCNI,13.560000000000016,0.7464778413011777,1.0
SAE1,13.63500000000002,0.9339357280136042,1.0
TCEA1,13.710000000000022,0.4914394238527241,1.0
TNNT1,13.794999999999995,0.9273467583508952,1.0
TNKS1BP1,13.810000000000002,0.5617400706970093,1.0
UBE2D3,13.854999999999961,0.4407571178182137,1.0
STX10,13.860000000000028,0.8229019354214293,1.0
ACADVL,13.870000000000005,0.8487947368200934,1.0
RAB2A,13.909999999999997,0.3886331144942722,1.0
NSD2,13.939999999999998,0.7029710376341284,1.0
SNAI2,13.960000000000006,0.6815668927944767,1.0
HNRNPF,14.070000000000078,0.4071376698379916,1.0
CSNK1E,14.090000000000018,0.8683235982021273,1.0
ARPC1A,14.125000000000057,0.5957497963320737,1.0
HSPB11,14.179999999999993,0.6604160308082985,1.0
PCOLCE,14.339999999999996,0.5179075922305545,1.0
STARD7,14.415000000000035,0.5019387498867459,1.0
KCTD9,14.485000000000003,0.534135262077375,1.0
CRIP1,14.54,0.6514325482434398,1.0
SINHCAF,14.58999999999999,0.6907099557705141,1.0
CEBPB,14.590000000000003,0.37957605749041823,1.0
CD82,14.814999999999994,0.46571526862558976,1.0
GPBP1L1,14.819999999999993,0.41658371785687753,1.0
CYCS,14.870000000000005,0.7590654489309898,1.0
IDH3B,14.919999999999973,0.49667429717814027,1.0
AIFM1,14.969999999999985,0.40246294289693907,1.0
TBX3,15.019999999999994,0.47591416910232376,1.0
CNRIP1,15.16,0.41658371785687753,1.0
AIP,15.170000000000016,0.39091777522840465,1.0
TPD52L2,15.219999999999999,0.9735488709352259,1.0
TAF15,15.295000000000016,0.9339357280136042,1.0
ADSL,15.365000000000023,0.49667429717814027,1.0
NDRG1,15.405000000000008,0.9933860817420452,1.0
SRSF4,15.440000000000012,0.5019387498867459,1.0
ETV4,15.444999999999993,0.6876571708271936,1.0
GLRX3,15.504999999999967,0.40479627104040006,1.0
NREP,15.670000000000012,0.9669394958014216,1.0
PES1,15.934999999999988,0.45064718510155777,1.0
PSMD11,16.004999999999953,0.9933860817420452,1.0
THOP1,16.015000000000015,0.9537280097577494,1.0
MTCH1,16.20999999999995,0.4810591760941474,1.0
MEA1,16.235000000000014,0.5843092048547895,1.0
SEMA4B,16.255000000000003,0.9801600629440878,1.0
SPG7,16.299999999999976,0.6336176395507085,1.0
PPP2CA,16.339999999999975,0.648449182304075,1.0
RNH1,16.43499999999993,0.9207627671027185,1.0
RHEB,16.569999999999993,0.39321057459276376,1.0
TGM2,16.590000000000018,0.7972005596761405,1.0
ERRFI1,16.67,0.4071376698379916,1.0
KHSRP,16.675000000000068,0.7527634281491498,1.0
TMEM132A,16.685000000000002,0.3886331144942722,1.0
TIMMDC1,16.705000000000013,0.7153098743639731,1.0
HTATIP2,16.945000000000007,0.5506157599288712,1.0
CLTA,17.034999999999968,0.5673426777793709,1.0
ENG,17.05999999999999,0.8004018469425622,1.0
TUFM,17.089999999999975,0.8100256403943001,1.0
CAPZB,17.21500000000006,0.7844300000516808,1.0
ANKRD11,17.24500000000007,0.5152279883728814,1.0
PLAUR,17.269999999999996,0.40246294289693907,1.0
SELENOM,17.310000000000002,0.9010451411117566,1.0
TLN1,17.310000000000016,0.6424993873606966,1.0
MZT2A,17.36500000000001,0.5506157599288712,1.0
BRIX1,17.419999999999987,0.384088249473852,1.0
SERBP1,17.439999999999827,0.5561643473205113,1.0
PTBP1,17.485000000000042,0.5286976420682703,1.0
GTPBP2,17.70000000000003,0.5673426777793709,1.0
FAF1,17.74000000000001,0.5125556017624364,1.0
PGRMC1,17.80500000000002,0.5072325853424271,1.0
SLPI,17.854999999999997,0.672470358702386,1.0
DUSP6,17.924999999999997,0.6072914543107184,1.0
GSR,17.995000000000026,0.7339575177052757,1.0
HSPA1A,18.034999999999997,0.7029710376341284,1.0
NCEH1,18.07,0.5314129258282958,1.0
QKI,18.17,0.5617400706970093,1.0
POLR2B,18.230000000000018,0.46571526862558976,1.0
MRPL36,18.27500000000002,0.4213548269831777,1.0
MAP1B,18.34499999999999,0.6876571708271936,1.0
PRDX5,18.360000000000014,0.6424993873606966,1.0
DUSP1,18.530000000000015,0.9207627671027185,1.0
TGFB2,18.629999999999992,0.7844300000516808,1.0
SLC29A1,18.669999999999987,0.5729719113688719,1.0
SRRM2,18.680000000000064,0.8683235982021273,1.0
F3,18.68999999999999,0.49667429717814027,1.0
NDUFS2,18.700000000000074,0.6247883740723336,1.0
PPA1,18.734999999999985,0.6998983649396864,1.0
PRSS23,18.744999999999997,0.9207627671027185,1.0
CYBA,18.784999999999997,0.7780661870680045,1.0
TJP2,19.019999999999985,0.3978205467559196,1.0
RAB34,19.164999999999978,0.6015081344405899,1.0
P3H3,19.180000000000007,0.3978205467559196,1.0
ENSA,19.25499999999994,0.9735488709352259,1.0
CENPX,19.314999999999984,0.42615784298026116,1.0
SRPX,19.35000000000001,0.7153098743639731,1.0
NOP56,19.500000000000227,0.940529226774238,1.0
ASS1,19.55,0.4071376698379916,1.0
PDIA6,19.585000000000036,0.5729719113688719,1.0
TARDBP,19.630000000000067,0.6247883740723336,1.0
HSPA4,19.780000000000044,0.534135262077375,1.0
VDAC3,19.80500000000005,0.7653835124598296,1.0
DDX1,19.870000000000076,0.7844300000516808,1.0
PHLDA2,19.94500000000005,0.40948712684432786,1.0
PRELID3B,20.07499999999999,0.8977644646746489,1.0
HES1,20.5,0.5617400706970093,1.0
PTK7,20.615000000000023,0.6785294870658231,1.0
MTA2,20.680000000000014,0.7844300000516808,1.0
MYO1C,20.695000000000007,0.5957497963320737,1.0
SNX3,20.75,0.6846094685667796,1.0
WDR54,20.909999999999997,0.37733223687257855,1.0
SLC39A4,20.91500000000002,0.5450945558532493,1.0
DYNLT1,20.954999999999956,0.829358243536714,1.0
CSDE1,21.205000000000013,0.9735488709352259,1.0
ARF4,21.210000000000036,0.5957497963320737,1.0
RAB11A,21.289999999999964,0.6604160308082985,1.0
BRD9,21.314999999999998,0.5450945558532493,1.0
OGT,21.36999999999999,0.49667429717814027,1.0
CDK2AP2,21.37999999999998,0.4810591760941474,1.0
P3H1,21.815000000000012,0.7402090762983753,1.0
NDUFA3,21.845,0.7717172243455237,1.0
ATN1,21.954999999999984,0.4118446292938597,1.0
ANP32A,21.9699999999998,0.8748517286674501,1.0
GNB1,22.02000000000001,0.48623432138829725,1.0
ITPRID2,22.355000000000004,0.648449182304075,1.0
SF3A3,22.374999999999986,0.4836429926527509,1.0
PAM,22.59500000000004,0.39321057459276376,1.0
ACOT7,22.610000000000014,0.5900167260288813,1.0
PRKDC,22.669999999999987,0.5286976420682703,1.0
NHP2,22.749999999999886,0.45064718510155777,1.0
HMG20B,22.980000000000018,0.5232883447117399,1.0
NAA38,23.01500000000007,0.5450945558532493,1.0
PPIF,23.095000000000056,0.5506157599288712,1.0
RPS15,23.200000000001182,0.6604160308082985,1.0
GADD45A,23.215000000000003,0.7844300000516808,1.0
AP2S1,23.230000000000103,0.9076115119079285,1.0
COX5A,23.245000000000005,0.8036064905718427,1.0
MPRIP,23.310000000000002,0.7717172243455237,1.0
FAM50A,23.324999999999974,0.4810591760941474,1.0
ADRM1,23.409999999999968,0.8552946682228153,1.0
CLNS1A,23.50000000000003,0.794002680192762,1.0
SEPTIN2,23.819999999999823,0.4407571178182137,1.0
LIMA1,24.039999999999992,0.940529226774238,1.0
H2BC12,24.169999999999987,0.648449182304075,1.0
C17orf49,24.58000000000004,0.41658371785687753,1.0
ARPC5,24.75999999999999,0.7527634281491498,1.0
AXL,24.875000000000007,0.5125556017624364,1.0
SELENOF,24.924999999999983,0.7844300000516808,1.0
MYH9,25.350000000000023,0.6846094685667796,1.0
EHD1,25.404999999999987,0.5645380297349106,1.0
RNASEK,25.66500000000002,0.7780661870680045,1.0
TLE5,25.739999999999895,0.940529226774238,1.0
CALU,25.789999999999992,0.4407571178182137,1.0
PSMB7,25.999999999999915,0.8879331364078507,1.0
ARHGAP29,26.005000000000006,0.4810591760941474,1.0
ADGRG1,26.065000000000026,0.648449182304075,1.0
MYO10,26.19999999999998,0.4707994763603818,1.0
SOD2,26.32000000000007,0.49667429717814027,1.0
RAB1B,26.744999999999976,0.4118446292938597,1.0
PDLIM7,26.77999999999996,0.9933860817420452,1.0
RSL1D1,26.80499999999998,0.8229019354214293,1.0
CBX3,27.330000000000098,0.6072914543107184,1.0
HSP90AA1,27.47000000000014,0.4810591760941474,1.0
KDM1A,27.74499999999999,0.5617400706970093,1.0
LAMB3,27.9,0.37957605749041823,1.0
RPL18,27.90000000000032,0.5957497963320737,1.0
MCL1,28.04499999999996,0.6130994652172653,1.0
PXDN,28.06000000000001,0.6189318717934644,1.0
MT1X,28.509999999999977,0.7844300000516808,1.0
MTLN,28.754999999999995,0.6454714485353458,1.0
MLF2,28.794999999999817,0.8944855348490495,1.0
SSR4,28.814999999999998,0.37957605749041823,1.0
C12orf75,28.93999999999997,0.8358260965628809,1.0
TRIO,29.72999999999999,0.5561643473205113,1.0
NT5DC2,29.75499999999998,0.4810591760941474,1.0
PLEC,29.83499999999995,0.6846094685667796,1.0
CDC37,29.850000000000023,0.5843092048547895,1.0
SOX9,29.869999999999997,0.6189318717934644,1.0
NOP53,29.92500000000004,0.5019387498867459,1.0
NDUFC2,29.985000000000014,0.7215075408530456,1.0
HNRNPDL,30.02500000000009,0.8977644646746489,1.0
MAPRE1,30.595,0.5729719113688719,1.0
SRSF1,30.810000000000002,0.5019387498867459,1.0
NDUFB1,30.959999999999752,0.46571526862558976,1.0
BASP1,31.155,0.5843092048547895,1.0
CPNE1,31.230000000000018,0.7464778413011777,1.0
PCBP1,31.279999999999916,0.4407571178182137,1.0
SRP9,31.55999999999983,0.5286976420682703,1.0
CHD3,31.764999999999993,0.4309926469959029,1.0
SDCBP,31.954999999999984,0.5786275093766506,1.0
XRCC6,31.9849999999999,0.7091309176902658,1.0
CMC2,32.56500000000004,0.6015081344405899,1.0
ITGA5,32.68499999999999,0.4606617114605923,1.0
NDUFV1,32.74499999999995,0.6306686675294741,1.0
TYMS,33.155,0.696830597247795,1.0
COL12A1,34.24499999999999,0.39551150205256314,1.0
NAP1L1,34.96499999999969,0.6544215056598512,1.0
DDX39A,35.50999999999996,0.41658371785687753,1.0
ATOX1,36.11999999999989,0.9273467583508952,1.0
NPC2,36.24499999999995,0.6306686675294741,1.0
ANXA5,37.52499999999992,0.8813883875991326,1.0
CDK2AP1,38.00499999999997,0.8683235982021273,1.0
ATP5F1B,38.06500000000074,0.8683235982021273,1.0
PA2G4,38.10000000000008,0.9603323910593005,1.0
HMGA2,38.75500000000001,0.3978205467559196,1.0
RNF181,38.785000000000025,0.40246294289693907,1.0
TUBA1B,39.50000000000114,0.8879331364078507,1.0
GDI1,39.990000000000066,0.636572443127301,1.0
ACTR2,40.60500000000005,0.6876571708271936,1.0
EIF4A1,41.30000000000041,0.5072325853424271,1.0
PCBP2,41.42499999999973,0.6130994652172653,1.0
CAPZA1,41.83999999999995,0.5506157599288712,1.0
PSMC5,41.915000000000106,0.9669394958014216,1.0
CD9,42.05499999999992,0.45064718510155777,1.0
H3-3B,42.13999999999919,0.8683235982021273,1.0
MARCKSL1,42.275000000000006,0.6544215056598512,1.0
RTN4,42.46000000000021,0.5617400706970093,1.0
TSPO,42.525000000000034,0.41658371785687753,1.0
DAD1,43.53000000000003,0.5900167260288813,1.0
HNRNPM,45.02500000000009,0.4407571178182137,1.0
TALDO1,45.49500000000006,0.5786275093766506,1.0
CAVIN1,46.0,0.5843092048547895,1.0
PSMA7,46.839999999999804,0.9471268043847221,1.0
EMP3,47.610000000000014,0.8487947368200934,1.0
SUB1,48.795000000000044,0.45563896523052283,1.0
DDT,49.05999999999992,0.8813883875991326,1.0
MMP14,49.16499999999995,0.3978205467559196,1.0
MSN,49.37500000000006,0.3978205467559196,1.0
TXN,52.870000000000175,0.4213548269831777,1.0
KTN1,54.08500000000002,0.5019387498867459,1.0
PRMT1,54.33999999999986,0.5450945558532493,1.0
GPX1,55.47000000000003,0.6015081344405899,1.0
PFKP,55.77000000000004,0.7780661870680045,1.0
DYNLRB1,55.92999999999981,0.8036064905718427,1.0
EIF3I,57.19,0.5232883447117399,1.0
SERPINH1,58.49999999999997,0.9669394958014216,1.0
GPI,61.4850000000003,1.0,1.0
NME2,61.80000000000041,0.8552946682228153,1.0
FKBP1A,61.99000000000001,0.5019387498867459,1.0
NAMPT,63.940000000000026,0.45064718510155777,1.0
RPL23,64.99999999999568,0.47591416910232376,1.0
IFITM1,65.73500000000001,0.4456865210409048,1.0
NOP10,66.85999999999981,0.5396009774503636,1.0
CNN3,67.86999999999983,0.7653835124598296,1.0
KPNA2,69.75999999999999,0.37957605749041823,1.0
UQCRB,72.30499999999995,0.40246294289693907,1.0
HSPE1,72.82500000000005,0.636572443127301,1.0
YWHAZ,75.09500000000037,0.6846094685667796,1.0
S100A10,76.0350000000002,0.7844300000516808,1.0
ITGB1,76.17500000000018,0.7215075408530456,1.0
C1QBP,79.19500000000016,0.4213548269831777,1.0
EIF5A,79.75499999999943,0.4213548269831777,1.0
HSP90AB1,81.49999999999955,0.8036064905718427,1.0
FSCN1,82.52000000000005,0.3886331144942722,1.0
ATP5MC3,84.11500000000001,0.636572443127301,1.0
MT1E,84.72999999999999,0.6815668927944767,1.0
ANXA1,86.22499999999985,0.4810591760941474,1.0
COX4I1,87.32500000000073,0.6015081344405899,1.0
DYNLL1,87.89500000000055,0.4407571178182137,1.0
LMNA,92.66999999999985,0.8036064905718427,1.0
RPS24,92.75000000000045,0.9141842025623018,1.0
IFITM3,93.1749999999999,0.5843092048547895,1.0
CANX,94.51499999999987,0.8487947368200934,1.0
TOMM7,100.60500000000013,0.6424993873606966,1.0
C19orf33,101.40000000000002,0.5843092048547895,1.0
CCN1,112.68499999999995,0.5368646222462607,1.0
HMGB1,116.12500000000114,0.4810591760941474,1.0
RPL34,119.09500000000003,0.42615784298026116,1.0
CD59,120.99000000000012,0.940529226774238,1.0
UBA52,126.60000000000082,0.5561643473205113,1.0
S100A16,127.3450000000002,0.5450945558532493,1.0
GNAI2,129.845,0.384088249473852,1.0
PTMS,131.46500000000015,0.46571526862558976,1.0
NACA,134.39999999999964,0.9076115119079285,1.0
NDUFA1,140.85000000000014,0.5072325853424271,1.0
UQCRH,143.44999999999993,0.7029710376341284,1.0
ENO1,147.9999999999991,0.7908082597408556,1.0
HNRNPA2B1,176.2449999999992,0.5019387498867459,1.0
AKR1B1,176.37000000000015,0.7091309176902658,1.0
MT-ND2,179.950000000008,0.7277235466695502,1.0
RPS9,188.2999999999995,0.9537280097577494,1.0
B2M,195.40000000000077,0.7590654489309898,1.0
NPM1,197.2000000000021,0.40246294289693907,1.0
RPS2,204.84999999999945,0.3886331144942722,1.0
FLNA,212.65499999999997,0.7653835124598296,1.0
RPL3,223.0500000000004,0.37957605749041823,1.0
TGFBI,225.30999999999995,0.672470358702386,1.0
HNRNPA1,261.6000000000017,0.41658371785687753,1.0
S100A6,309.9000000000001,0.7527634281491498,1.0
ACTG1,324.70000000000005,0.7215075408530456,1.0
RPL17,369.4500000000003,0.4309926469959029,1.0
TMSB10,381.8500000000031,0.6424993873606966,1.0
ACTB,411.599999999999,0.4456865210409048,1.0
MT-CYB,416.6500000000051,0.8358260965628809,1.0
PPIA,453.3000000000029,0.5179075922305545,1.0
MT2A,476.0000000000007,0.9010451411117566,1.0
ANXA2,489.59999999999945,0.9537280097577494,1.0
MT-ND4,501.79999999999563,0.5286976420682703,1.0
MT-ATP6,682.9999999999909,0.7622224999271966,1.0
FTH1,834.4999999999982,0.46571526862558976,1.0
EEF1A1,1600.649999999995,0.47591416910232376,1.0
