feature,delta_value,p_value,corrected_p_value
AMG-232,2.2509074567589997,8.673520348674119e-05,0.5496409844954789
MILADEMETAN,3.1439457800239694,0.00020880775124260177,0.6616073598121838
OMECAMTIV-MECARBIL,-0.8857388555219999,0.0027398611302718555,0.7428666955740233
DACARBAZINE,-0.8397074888645001,0.0014314471279833233,0.7428666955740233
IBUDILAST,-0.56799335194,0.002591821545924577,0.7428666955740233
DEXTROSE,-0.5111984364105,0.0005154624272625933,0.7428666955740233
LETEPRINIM,-0.5096053883,0.0028134449572000254,0.7428666955740233
BRIVANIB,-0.46941529802790993,0.0026359680259926328,0.7428666955740233
PRASTERONE-ACETATE,-0.41830941790375,0.000799351639620685,0.7428666955740233
LICARBAZEPINE,-0.35746016142000003,0.002220911320359352,0.7428666955740233
TIROFIBAN,-0.3394173248245,0.0022420857292315016,0.7428666955740233
FARAMPATOR,0.2921919888760805,0.0019290844677525125,0.7428666955740233
TAK-220,0.312367155918531,0.0017933595760598236,0.7428666955740233
ISRIB,0.3305482418088654,0.00203667376401057,0.7428666955740233
BUCLIZINE,0.360228656308,0.0006779036616480259,0.7428666955740233
PNU-142633,0.36240080794435,0.0024726603575886885,0.7428666955740233
EMRICASAN,0.3815052560581745,0.0018190602897069927,0.7428666955740233
IVABRADINE,0.398249397675,0.0027893511541726376,0.7428666955740233
RADOTINIB,0.45019798956932133,0.002651229169444458,0.7428666955740233
RG2833,0.695300148569,0.0016553120712075172,0.7428666955740233
RG7112,1.6232498867371072,0.0024945875913261603,0.7428666955740233
CGM097,1.9620533416963,0.0012698792127595678,0.7428666955740233
IDASANUTLIN,2.1243138258556002,0.0003955890407607213,0.7428666955740233
SAR405838,2.4789094597587367,0.0014110386709772758,0.7428666955740233
ANDROSTERONE,-0.2737461295415,0.003123588966134654,0.7917673311358122
ORNIPRESSIN,-2.26290956586852,0.013723572855907296,0.8076317383526098
HA14-1,-1.33368959998,0.0033759544659699293,0.8076317383526098
MELPHALAN,-1.290008942481,0.005640367148944031,0.8076317383526098
SB-205384,-0.829773631335,0.016216190195230844,0.8076317383526098
BISACODYL,-0.663518750669,0.014309398025474752,0.8076317383526098
INDIUM(III)-ISOPROPOXIDE,-0.6350745517459101,0.015156777457772691,0.8076317383526098
SANT-2,-0.6190887168244,0.012582126233351509,0.8076317383526098
PGL5001,-0.5950752450601,0.017107240532891154,0.8076317383526098
SAMERIDINE,-0.5594620151070935,0.01011633723915797,0.8076317383526098
EXHERIN,-0.5335562235210001,0.008581833413545606,0.8076317383526098
ZALCITABINE,-0.52703752530655,0.0061105071563416075,0.8076317383526098
HYODEOXYCHOLIC-ACID,-0.521357097987,0.011176500143479564,0.8076317383526098
PEFICITINIB,-0.5119147426010501,0.010294686983954271,0.8076317383526098
UK-356618,-0.504829172408503,0.016992638709294614,0.8076317383526098
SD-0006,-0.4697441077459859,0.0037145495831325047,0.8076317383526098
LEVO-PHENCYNONATE,-0.4688465666819,0.004068914527163434,0.8076317383526098
3-MPPI,-0.456790285581,0.014559077290952417,0.8076317383526098
LOXAPINE,-0.45355902747314003,0.006792198385096419,0.8076317383526098
IMIPRAMINE,-0.45105309764304996,0.009265953171761519,0.8076317383526098
OLEAMIDE,-0.43764930187429996,0.01634061870453901,0.8076317383526098
MUSCIMOL,-0.436695004082,0.015463646317285619,0.8076317383526098
TELOTRISTAT,-0.43453630390799997,0.005506415513573542,0.8076317383526098
GNF-2,-0.426499818181,0.017501510316229953,0.8076317383526098
IMMEPIP,-0.4192915215975,0.005329054617957681,0.8076317383526098
BRINZOLAMIDE,-0.4189712043725,0.013469615443833167,0.8076317383526098
EXIFONE,-0.39950874298725003,0.015834086170780543,0.8076317383526098
LGK-974,-0.39821815545500006,0.01235164808067228,0.8076317383526098
ISOPROPYL-PALMITATE,-0.390584548707,0.0047597742580718465,0.8076317383526098
LOPERAMIDE,-0.388079802750946,0.006199918061467733,0.8076317383526098
ADOMEGLIVANT,-0.379032817111526,0.00986570282625344,0.8076317383526098
1-OCTANOL,-0.37722422095799996,0.006638398862798248,0.8076317383526098
HYDROXOCOBALAMIN,-0.3759442163528729,0.008474782823863788,0.8076317383526098
AZAPERONE,-0.37361081301200005,0.010781822456290788,0.8076317383526098
SILIBININ,-0.360157536181,0.00816877666611016,0.8076317383526098
AMPHOTERICIN-B,-0.3573588925428317,0.01151256005781224,0.8076317383526098
STAVUDINE,-0.35397989454300005,0.014901287226028265,0.8076317383526098
HEMOMEX-S,-0.35310377398299997,0.009851805075393434,0.8076317383526098
2-CHLOROPYRAZINE,-0.35092908165869996,0.007676840340379196,0.8076317383526098
DILAZEP,-0.35081150356364,0.006792198385096419,0.8076317383526098
HYPOXANTHINE,-0.343772115493,0.016212308042242878,0.8076317383526098
OSELTAMIVIR-PHOSPHATE,-0.3394487286215,0.009966941019315263,0.8076317383526098
PHT-427,-0.3374088275283,0.01822492324197936,0.8076317383526098
EMD-386088,-0.3369156675859,0.016598446740758627,0.8076317383526098
ACADESINE,-0.33562091622449997,0.017166058166127065,0.8076317383526098
MK-6096,-0.3353896075282,0.01001467812436026,0.8076317383526098
CGP-53353,-0.335035402787,0.0075575427688102745,0.8076317383526098
PENICILLAMINE-(D),-0.3350238683545,0.00438382396139122,0.8076317383526098
4-MU-8C,-0.3290413027815,0.013012733591723927,0.8076317383526098
E7046,-0.32755780661087797,0.008693672701456129,0.8076317383526098
MK-0557,-0.323847301638564,0.011456497967696768,0.8076317383526098
AC-264613,-0.32379235058225,0.016992638709294614,0.8076317383526098
ETICLOPRIDE,-0.3226438507305,0.014745581573819208,0.8076317383526098
DAUCOSTEROL,-0.32070782333250003,0.012631224185976368,0.8076317383526098
MANNITOL-D,-0.31498640743399997,0.014397695198531615,0.8076317383526098
2-ETHOXYBENZOIC-ACID,-0.306596467245127,0.010776265144811123,0.8076317383526098
ETIFOXINE,-0.30365524612787903,0.016598446740758627,0.8076317383526098
MEFLOQUINE,-0.29565494779625,0.014309398025474752,0.8076317383526098
ECTOINE,-0.2935155726256596,0.00891760145859031,0.8076317383526098
MOGUISTEINE,-0.28699110886949997,0.01633913717192507,0.8076317383526098
DENOTIVIR,-0.28697375996355,0.011121527695614176,0.8076317383526098
PRESATOVIR,-0.2865969950895,0.005269968892401686,0.8076317383526098
DILOXANIDE,-0.276322717265,0.018061617953231676,0.8076317383526098
A-366,-0.272484759872605,0.011121527695614176,0.8076317383526098
ACEFYLLINE,-0.2705009083615,0.004836756606158452,0.8076317383526098
I-BZA,-0.26760095034395,0.00838236368415047,0.8076317383526098
IOHEXOL,-0.2620999256083,0.011418452485706275,0.8076317383526098
ALPHA-METHYLHISTAMINE-DIHYDROBROMIDE-(R)-(-),-0.2485323359751,0.011228104066748155,0.8076317383526098
SULPHADIMETHOXINE,-0.23715485226140004,0.018061617953231676,0.8076317383526098
DOLASETRON,-0.232177000112,0.009254985858298159,0.8076317383526098
EFINACONAZOLE,-0.2279688018766,0.017436355824268064,0.8076317383526098
OMADACYCLINE,-0.21872309755417427,0.01780573641785686,0.8076317383526098
ITX3,-0.21669829556413917,0.015834086170780543,0.8076317383526098
OZANIMOD,-0.21519678002499998,0.017016726326993924,0.8076317383526098
CINTIRORGON,-0.2123231001522895,0.01822492324197936,0.8076317383526098
ALPIDEM,-0.2016659478817976,0.015904359742900737,0.8076317383526098
MEGLUMINE,-0.1999239393359,0.006497521101331561,0.8076317383526098
TRILOSTANE,0.15950190859000002,0.015228493953803466,0.8076317383526098
6-IODO-NORDIHYDROCAPSAICIN,0.20926204147550004,0.014745581573819208,0.8076317383526098
ANISINDIONE,0.21503813589895399,0.018022282186753107,0.8076317383526098
CLOROTEPINE,0.2395384854601,0.008804028767724324,0.8076317383526098
ALDA-1,0.24502095253812362,0.0169415018723364,0.8076317383526098
CHLOROCRESOL,0.24708462847549997,0.013647468395209533,0.8076317383526098
PHENYLMETHYLSULFONYL-FLUORIDE,0.2699456528179585,0.01780573641785686,0.8076317383526098
GLUCOSAMINE,0.2768211214759,0.017651078710651066,0.8076317383526098
MOLINDONE,0.28045709164,0.0059196780803739,0.8076317383526098
CILOSTAZOL,0.2853109891892,0.012888970693878576,0.8076317383526098
SDZ-NKT-343,0.28619305390705,0.013397085083342567,0.8076317383526098
NALFURAFINE,0.2872413956172,0.0046262289915315735,0.8076317383526098
T-1095,0.2893857272019947,0.00826083453759818,0.8076317383526098
OROTIC-ACID,0.29442686819745,0.0075575427688102745,0.8076317383526098
XIBENOLOL,0.3035638337545,0.013213109218729724,0.8076317383526098
ZILEUTON,0.3161528049175,0.016720785033162554,0.8076317383526098
BIPERIDEN,0.319444219965,0.013522584866516769,0.8076317383526098
BIOTIN,0.32516898974585,0.015205542523823973,0.8076317383526098
ABT-072,0.3314800581430578,0.004501184907414947,0.8076317383526098
BMS-587101,0.3442259870959,0.009761310469311573,0.8076317383526098
NBI-74330-(+/-),0.36123886110192904,0.006462706135740482,0.8076317383526098
TROPISETRON,0.369021764222155,0.016598446740758627,0.8076317383526098
PYRIDOXAMINE,0.3776840538393,0.0069502059248952456,0.8076317383526098
RUFLOXACIN,0.384357580219,0.007198104625253824,0.8076317383526098
MITAPIVAT,0.3889847621551613,0.005015696613481314,0.8076317383526098
TRETINOIN,0.38950367178481127,0.00903029678831763,0.8076317383526098
SULBACTAM-PIVOXIL,0.38988696682045004,0.017702901398236815,0.8076317383526098
RN-1747,0.39362489763345,0.009260400082419126,0.8076317383526098
ABT-737,0.4168435318559,0.004424976828487858,0.8076317383526098
KME-4,0.4314993017123575,0.00891760145859031,0.8076317383526098
ATICAPRANT,0.43960592251145714,0.012951953672320047,0.8076317383526098
DARGLITAZONE,0.4686978821295,0.015691035235637387,0.8076317383526098
MECLOFENAMIC-ACID,0.4790556812342,0.005674709092206476,0.8076317383526098
LEONURINE,0.48132865681395237,0.010372625575513775,0.8076317383526098
ENOCITABINE,0.4897616063675,0.00705897043812119,0.8076317383526098
2-FLUORO-2-DEOXY-D-GALACTOSE,0.4902531574673,0.00891674393516767,0.8076317383526098
MONOBENZONE,0.4966889810035,0.016212308042242878,0.8076317383526098
DIDEOXYADENOSINE,0.551296748223,0.008627895633147578,0.8076317383526098
TUFTSIN,0.5994788374129,0.006893692758694154,0.8076317383526098
IDOXURIDINE,0.7529314393200001,0.012053175894596134,0.8076317383526098
BECLOMETHASONE-DIPROPIONATE,0.856252530707,0.012186501082253937,0.8076317383526098
UBP-296,1.2506337816873252,0.013723572855907296,0.8076317383526098
REMACEMIDE,-0.2164413260362,0.018353157695964597,0.807666391106442
OAC2,0.26533737065389773,0.01859715860674969,0.8127599592480882
ADRENOSTERONE,-0.41249576518450004,0.019159347625215182,0.8203566614931662
CANRENONE,-0.342199777614,0.018907851415910296,0.8203566614931662
PHENPROBAMATE,-0.3399398856268,0.019159347625215182,0.8203566614931662
CHLOROBUTANOL,0.379122832781,0.019539889008110718,0.8310354137207894
ADEFOVIR-DIPIVOXIL,-1.7466326505575,0.022403004387011392,0.8385090814155618
10-DEACETYLBACCATIN,-1.5354724133779998,0.04256629754702912,0.8385090814155618
NVP-231,-1.4536929405998202,0.02237749986820659,0.8385090814155618
TETRANDRINE,-1.41626313414,0.04256629754702912,0.8385090814155618
TENIPOSIDE,-1.2334193943449998,0.024749881539083675,0.8385090814155618
LY2603618,-1.2306632965350002,0.03876410743688109,0.8385090814155618
A-939572,-1.04656855032457,0.03402758312421623,0.8385090814155618
GZD824,-0.8763170844400001,0.03141855707576651,0.8385090814155618
IXABEPILONE,-0.8410119042300002,0.03634559352062661,0.8385090814155618
SAR131675,-0.74139429480235,0.02665867136635488,0.8385090814155618
VOXTALISIB,-0.6064894723386499,0.03228066538863081,0.8385090814155618
IPRIFLAVONE,-0.578273120507,0.03085293257622039,0.8385090814155618
CIS-ACPD,-0.55541477163495,0.03228066538863081,0.8385090814155618
PELANSERIN,-0.5473904120215,0.02409010177963544,0.8385090814155618
BALOXAVIR-MARBOXIL,-0.5359359488371652,0.022403004387011392,0.8385090814155618
METHYLPHENIDATE,-0.5210054839314999,0.025862205107803918,0.8385090814155618
S-14506,-0.5028735610975,0.03626941215623783,0.8385090814155618
SB-612111,-0.49074362885381995,0.026792340827689,0.8385090814155618
"4-PHENYL-1,2,3,4-TETRAHYDROISOQUINOLINE",-0.4854749185688654,0.03055434055297448,0.8385090814155618
BROMPHENIRAMINE,-0.483261616284,0.025862205107803918,0.8385090814155618
PARACETAMOL,-0.4803857704449,0.031024389559555814,0.8385090814155618
METHAZOLAMIDE,-0.474513475736,0.02215283858806372,0.8385090814155618
CROMAKALIM,-0.4733395810345,0.020197191637651466,0.8385090814155618
CIPEMASTAT,-0.46982406933950005,0.025493912342184274,0.8385090814155618
DIBENZOTHIOPHENE,-0.4463226536884,0.03339472393337128,0.8385090814155618
PHENAZONE,-0.44242519931,0.03171153761973791,0.8385090814155618
SCH-28080,-0.44005035490384004,0.02444496824583203,0.8385090814155618
SB-228357,-0.436781141636,0.025066227739389393,0.8385090814155618
OSELTAMIVIR-CARBOXYLATE,-0.4276295907178,0.034284080264743305,0.8385090814155618
TAMSULOSIN,-0.40971390270855,0.041132386417450165,0.8385090814155618
PD-81723,-0.409586240630881,0.03550853885133344,0.8385090814155618
VT-464,-0.407791708957,0.04213189723820533,0.8385090814155618
GLUTATHIONE,-0.4025258718527,0.02255621466118932,0.8385090814155618
GR-135531,-0.402243117416,0.0251840233589515,0.8385090814155618
BMS-983970,-0.40029655636034284,0.04263378429922953,0.8385090814155618
TIAPRIDE,-0.3975756023505,0.025531069258484536,0.8385090814155618
NPPB,-0.3915481873115001,0.03732899602344081,0.8385090814155618
BLEBBISTATIN-(+/-),-0.39039420328349994,0.03626941215623783,0.8385090814155618
BLZ945,-0.3816267941749719,0.03250623242568653,0.8385090814155618
ACALABRUTINIB,-0.3783202255535,0.025493912342184274,0.8385090814155618
PROCATEROL,-0.37679194033999996,0.032692266306115464,0.8385090814155618
UNC1215,-0.3732053698271,0.02239236282220877,0.8385090814155618
ROFLUMILAST,-0.3719657234865,0.02989749256312506,0.8385090814155618
ISOGUVACINE,-0.3686364983365,0.039690048315813777,0.8385090814155618
BIMATOPROST,-0.36758131944600003,0.035263762527716846,0.8385090814155618
TIOTIDINE,-0.3659075104185,0.02451266144997468,0.8385090814155618
PP-121,-0.3658641614649998,0.036420913091384934,0.8385090814155618
CARBETOCIN,-0.35804665015899995,0.035793379287954605,0.8385090814155618
PHENOLSULFONPHTHALEIN,-0.352158584251,0.0395731113708141,0.8385090814155618
VU29,-0.35094784763640474,0.024499372585307284,0.8385090814155618
"1-(1,2-DIPHENYLETHYL)PIPERIDINE-(+/-)",-0.34936538737050005,0.03296395219509502,0.8385090814155618
TESTOSTERONE-UNDECANOATE,-0.34473516325810005,0.032023029970969806,0.8385090814155618
VESAMICOL,-0.33999553701600005,0.02772086742344363,0.8385090814155618
CHLOROXOQUINOLINE,-0.33978340878310004,0.040171811204109745,0.8385090814155618
DIETHYLTOLUAMIDE,-0.32985568546210003,0.0320949548664395,0.8385090814155618
BETA-GLYCEROPHOSPHORIC-ACID,-0.32690995449279997,0.034152024532142396,0.8385090814155618
MOROXYDINE,-0.324031984795,0.03394018449297751,0.8385090814155618
BEXAROTENE,-0.3214879703522,0.042176642254620804,0.8385090814155618
HA-966-(R)-(+),-0.320934813506,0.039690048315813777,0.8385090814155618
NEFOPAM,-0.3165290087394,0.04050471823240774,0.8385090814155618
"5,7-DICHLOROKYNURENIC-ACID",-0.3156988579385,0.042176642254620804,0.8385090814155618
A61603,-0.31566369124095,0.04061724475950115,0.8385090814155618
ICLAPRIM,-0.3155587682762238,0.041947352777708245,0.8385090814155618
LEVOMEPROMAZINE,-0.31202186249165,0.022890941531442426,0.8385090814155618
MONOSTEARIN,-0.307497945316,0.0427870854392104,0.8385090814155618
PF-02413873,-0.3035800488873258,0.030452733097263453,0.8385090814155618
FLINDOKALNER,-0.299813302266,0.040811543503236465,0.8385090814155618
SB-243213,-0.29682921063685813,0.03791747885329119,0.8385090814155618
MCN-5652-(+/-),-0.28864567134412294,0.029252820525499094,0.8385090814155618
MONTELUKAST,-0.28732157040135,0.0427870854392104,0.8385090814155618
CHLOROTRIANISENE,-0.28395633907710005,0.02140867949506333,0.8385090814155618
EFAPROXIRAL,-0.2829594109175,0.039330742636863876,0.8385090814155618
VANOXERINE,-0.2815537773275,0.034761326099468935,0.8385090814155618
CGP-25454A,-0.2815504568340106,0.03697085155604119,0.8385090814155618
CL-218872,-0.28028522158255004,0.04287153895828342,0.8385090814155618
SUMANIROLE,-0.27326490047635,0.020412672348896023,0.8385090814155618
NELOTANSERIN,-0.273212562993671,0.034677215936864826,0.8385090814155618
VALACICLOVIR,-0.2664468658917,0.037832910717600365,0.8385090814155618
LISINOPRIL,-0.2649442742505,0.04045088135696878,0.8385090814155618
GUACETISAL,-0.26271563035205,0.03993595131964233,0.8385090814155618
VU0357121,-0.2604627656145,0.03732899602344081,0.8385090814155618
NICERITROL,-0.25108704803890003,0.04092117073847763,0.8385090814155618
EPZ015666,-0.2483393797455805,0.02528642921029373,0.8385090814155618
VORTIOXETINE,-0.2417755984501,0.03788844246802574,0.8385090814155618
HEPSULFAM,-0.23915277151321002,0.029146506925610296,0.8385090814155618
TRICLOSAN,-0.22086019789317002,0.024327713903857955,0.8385090814155618
MK-2461,-0.22029368292177,0.039690048315813777,0.8385090814155618
LITHIUM-ACETOACETATE,-0.21841991056210003,0.032692266306115464,0.8385090814155618
PAROXETINE,-0.2170730128303,0.039330742636863876,0.8385090814155618
ETHAMIVAN,-0.21566443338539998,0.024749881539083675,0.8385090814155618
ACETYL-FARNESYL-CYSTEINE,-0.2071789286609,0.03419951572108967,0.8385090814155618
ZD-2079,-0.203760262746,0.03870039298641223,0.8385090814155618
HYDROXYCHLOROQUINE,-0.20100461433715,0.025862205107803918,0.8385090814155618
OLOMOUCINE,-0.1970038892469,0.03704413823133842,0.8385090814155618
CYCLOBENZAPRINE,-0.18966086497475,0.03171153761973791,0.8385090814155618
NEFAZODONE,-0.18155236339325,0.028833876220168985,0.8385090814155618
PF-04885614,-0.17778691937482766,0.03863592466214412,0.8385090814155618
ERDOSTEINE,-0.1775614544179,0.03876410743688109,0.8385090814155618
ALVERINE,-0.17156071717444998,0.02597306199507641,0.8385090814155618
PICOLAMINE,-0.168936902137965,0.028833876220168985,0.8385090814155618
A-867744,-0.15947677029052648,0.023066320267139114,0.8385090814155618
GADOBUTROL,-0.1589807650408,0.03085293257622039,0.8385090814155618
GUE-1654,-0.14453823901069213,0.026008941578676354,0.8385090814155618
ISONIAZID,-0.13990612595059998,0.03357288745303672,0.8385090814155618
VU0364439,-0.11904822340460001,0.042040758339000374,0.8385090814155618
LOFEXIDINE,-0.11543965642400006,0.0220253068974548,0.8385090814155618
ETHANOLAMINE-OLEATE,0.11328370929748877,0.03945337649984961,0.8385090814155618
GAMMA-LINOLENIC-ACID,0.12018468277149999,0.04208660594625466,0.8385090814155618
DIROXIMEL-FUMARATE,0.1745539867725,0.03595576970286733,0.8385090814155618
GSK2239633A,0.179786915655135,0.04282957764731495,0.8385090814155618
AKBA,0.18267640261219997,0.032023029970969806,0.8385090814155618
PROQUAZONE,0.18923465625465,0.04092117073847763,0.8385090814155618
MCOPPB,0.190194137764367,0.03287833248863183,0.8385090814155618
RABEPRAZOLE,0.1943715708731,0.03649538524763393,0.8385090814155618
PONESIMOD,0.1953400795913,0.034419118433371906,0.8385090814155618
DICLOFENAC,0.1994253777708,0.03206076486258882,0.8385090814155618
BETRIXABAN,0.2196073341026,0.022890941531442426,0.8385090814155618
DEAZAGUANINE,0.22204897274639113,0.027888789265822212,0.8385090814155618
PF-05180999,0.2302541999934041,0.039392428446793096,0.8385090814155618
MOXONIDINE,0.2319285853125,0.03419951572108967,0.8385090814155618
GINKGOLIDE-B,0.2327373225526,0.03613795920423785,0.8385090814155618
TCS-3035,0.23695066684052513,0.02190093252264816,0.8385090814155618
PILOCARPINE,0.23782570382359997,0.030099582349314164,0.8385090814155618
IODOPHENPROPIT,0.2400047730143,0.022278447158248556,0.8385090814155618
CQS,0.2414886459319781,0.04282957764731495,0.8385090814155618
CAPSAICIN,0.2420613076555,0.03550853885133344,0.8385090814155618
CPCCOET,0.2504548528999,0.03711658184851163,0.8385090814155618
RS-102221,0.2518038243324,0.039513599881337756,0.8385090814155618
LINAPRAZAN,0.2543572529075146,0.034677215936864826,0.8385090814155618
BENACTYZINE,0.2605830655987098,0.02551315730329813,0.8385090814155618
SECOISOLARICIRESINOL-DIGLUCOSIDE,0.27373547881120003,0.02693379154403571,0.8385090814155618
BENZAMIL,0.2781162466,0.03419951572108967,0.8385090814155618
METOLAZONE,0.280270729823,0.028727541088089722,0.8385090814155618
TOLCAPONE,0.28573262315965003,0.04160644951676907,0.8385090814155618
TRIAMCINOLONE-ACETONIDE,0.2976135617969,0.024866912934152684,0.8385090814155618
PBI-4050,0.305910922136322,0.03619235429659566,0.8385090814155618
ETOMIDATE,0.30986965613749995,0.03200062326857782,0.8385090814155618
TOSUFLOXACIN,0.3242248656630455,0.022915052920992225,0.8385090814155618
TRELAGLIPTIN,0.3277305806772,0.03558829623176735,0.8385090814155618
GSK356278,0.3342102588044787,0.031124492978948363,0.8385090814155618
PICOTAMIDE,0.352195250588,0.02851167495234384,0.8385090814155618
GENTIOPICRIN,0.35232094162359995,0.032023029970969806,0.8385090814155618
OPC-21268,0.36109591324520607,0.035828030199137655,0.8385090814155618
ICARIIN,0.3664637838353,0.03259975069790297,0.8385090814155618
FISOGATINIB,0.37049939608998095,0.023314654307762372,0.8385090814155618
MEPHENYTOIN,0.381043474552,0.039710531922685324,0.8385090814155618
PROBUCOL,0.3858233291905,0.037832910717600365,0.8385090814155618
PURVALANOL-A,0.3882278543679,0.022526521430658766,0.8385090814155618
KHK-IN-1,0.39801129243858807,0.03626941215623783,0.8385090814155618
TROSPIUM,0.403061588005,0.03850467260550522,0.8385090814155618
SUVOREXANT,0.4039946865229,0.027829030344005627,0.8385090814155618
GSK2816126,0.41134244332029996,0.04028546403421324,0.8385090814155618
STRONTIUM-RANELATE,0.4200067490208799,0.025630584388885647,0.8385090814155618
NITROFURAZONE,0.4209305526966,0.024457249557131522,0.8385090814155618
PIRENOXINE,0.4310902751789,0.042040758339000374,0.8385090814155618
IBUPROFEN,0.43276950341599996,0.028939165989285903,0.8385090814155618
SPP301,0.446512197983,0.03339667148371944,0.8385090814155618
LEVODROPROPIZINE,0.4617920404025,0.0323548290793681,0.8385090814155618
HALCINONIDE,0.47528868513649997,0.0368967071686189,0.8385090814155618
DIFLORASONE-DIACETATE,0.477672395892,0.039690048315813777,0.8385090814155618
CH55,0.4866299822337985,0.02451266144997468,0.8385090814155618
CIPAMFYLLINE,0.49127382775887,0.030452733097263453,0.8385090814155618
CRT0044876,0.49246597343599996,0.03634559352062661,0.8385090814155618
CIDOFOVIR,0.49879903398500003,0.03816237409487047,0.8385090814155618
CHLORHEXIDINE,0.5163273522173696,0.036420913091384934,0.8385090814155618
CPI-1205,0.5260352794606871,0.022791434701209128,0.8385090814155618
BIS(MALTOLATO)OXOVANADIUM(IV),0.5950318450700001,0.03221950013471813,0.8385090814155618
AZD1080,0.6137602236465595,0.024534793626321025,0.8385090814155618
IMIDAZOACRIDINONE,0.619245898540812,0.022278447158248556,0.8385090814155618
PERFLUBRON,0.6216094435691,0.034923955243021956,0.8385090814155618
COT-INHIBITOR-2,0.637294478021156,0.02989749256312506,0.8385090814155618
DICHLORVOS,0.656990639147,0.027837385118214902,0.8385090814155618
TRIPTOLIDE,0.7439461542099997,0.04128414285676784,0.8385090814155618
NUTLIN-3,0.755648406081,0.02769437159452027,0.8385090814155618
AR-42,1.2164380692599996,0.04050471823240774,0.8385090814155618
COLESEVALAM,-0.25327267546699994,0.04328946760226856,0.8440780190633104
EDOXUDINE,-0.29857211015295,0.04369023239290568,0.8455291782748691
THIOTEPA,-0.25477430097329945,0.04376417397414503,0.8455291782748691
SURITOZOLE,0.3105011039150001,0.04361437383161377,0.8455291782748691
BTS-54505,-0.44093885514400005,0.04476402850016852,0.8518608066233271
NILVADIPINE,-0.3236528436075,0.044733888865352775,0.8518608066233271
PI3KD-IN-2,-0.283578613315541,0.04464114292748833,0.8518608066233271
HYDRASTININE,-0.2141113735315,0.044733888865352775,0.8518608066233271
MAZINDOL,-0.15159725986050002,0.044672453510241135,0.8518608066233271
TRICHLOROACETIC-ACID,-0.3879868182246,0.04540949518300761,0.8562762709929299
AMANTADINE,-0.2917770183383,0.04567167107394829,0.8562762709929299
REV-5901,-0.2103258116772,0.04567167107394829,0.8562762709929299
A77636,0.297039552742761,0.04559658313710389,0.8562762709929299
CLANFENUR,0.48442737437746597,0.045570901341759645,0.8562762709929299
4SC-202,-1.71367147628558,0.0503035357904399,0.8641685034746831
SNS-314,-0.9693430029400001,0.04749322098577015,0.8641685034746831
IRINOTECAN,-0.9445982771749999,0.05713848871009819,0.8641685034746831
WARFARIN,-0.6200417913935,0.054661502716692185,0.8641685034746831
SAROGLITAZAR,-0.5769854662283995,0.05148587435438758,0.8641685034746831
MERCAPTOPURINE,-0.556323244676,0.054731634623283766,0.8641685034746831
MK-0773,-0.533469956478,0.056970518797714684,0.8641685034746831
METHENAMINE,-0.5148846522621,0.05364000340598885,0.8641685034746831
GSK3326595,-0.50038083664126,0.05361245830646307,0.8641685034746831
T-0901317,-0.487059643439,0.04945575588619401,0.8641685034746831
DIAZOOXONORLEUCINE,-0.46103571035199997,0.05466088043219142,0.8641685034746831
PAPAVERINE,-0.46094103742100007,0.05455978100744674,0.8641685034746831
TEDIZOLID,-0.4416478267705001,0.047546606553116606,0.8641685034746831
BETULINIC-ACID,-0.440504894665,0.05606759763099848,0.8641685034746831
TGR-1202,-0.44021334221155,0.04641362486574829,0.8641685034746831
DONITRIPTAN,-0.42532728283020005,0.04846614631235133,0.8641685034746831
IMIDACLOPRID,-0.42354900103584997,0.04945363932247652,0.8641685034746831
AMFENAC,-0.416768147878,0.047465439710966464,0.8641685034746831
ALIBENDOL,-0.41121733167599994,0.05575569335336144,0.8641685034746831
BAY-K-8644-(S)-(-),-0.40040387848549996,0.05056187540177508,0.8641685034746831
SB-705498,-0.3605246536092,0.055841730995564644,0.8641685034746831
TETRACYCLINE,-0.35791578344749997,0.0515639872059519,0.8641685034746831
SR-1078,-0.3551654302472195,0.05575569335336144,0.8641685034746831
DOXAZOSIN,-0.336571897295,0.05250729685352563,0.8641685034746831
BORONOPHENYLALANINE,-0.33281408536715,0.05153726497884428,0.8641685034746831
NIM811,-0.330747989321237,0.047479424114035246,0.8641685034746831
FENIGAM,-0.33050509696670005,0.05143705142944505,0.8641685034746831
CEFOSELIS,-0.3288222850177,0.056768401031173504,0.8641685034746831
NALBUPHINE,-0.3212053706015,0.04849525450813592,0.8641685034746831
SANCYCLINE,-0.31717587534340863,0.056868069455358085,0.8641685034746831
GKA-50,-0.3171084447538852,0.054661502716692185,0.8641685034746831
ADAPREV,-0.3134323724915,0.047759891116200485,0.8641685034746831
MK-571,-0.31103831750475003,0.05480371033700478,0.8641685034746831
MEPIROXOL,-0.305003531638816,0.05575569335336144,0.8641685034746831
ARBIDOL,-0.29779154735175,0.04641362486574829,0.8641685034746831
TEMANOGREL,-0.2964627198925675,0.05149847354229127,0.8641685034746831
LYCOPENE,-0.2838929303936,0.0494479595465568,0.8641685034746831
AMN-082,-0.27686309695642747,0.05358528015586877,0.8641685034746831
CDBA,-0.27633656488249997,0.05151123622982958,0.8641685034746831
AMBAZONE,-0.26874218622595003,0.04849525450813592,0.8641685034746831
ACT-462206,-0.26015501930224,0.04864737122555897,0.8641685034746831
TOFISOPAM,-0.2583246005385,0.04841930836265352,0.8641685034746831
NALMEFENE,-0.24279003664515,0.056868069455358085,0.8641685034746831
VENLAFAXINE,-0.2365810477195,0.05345607441062218,0.8641685034746831
GUANADREL,-0.23324642533349998,0.05111293600605181,0.8641685034746831
MEPHENESIN,-0.22800370147770002,0.052488037166894305,0.8641685034746831
PLECONARIL,-0.22570045852499998,0.0474368928248654,0.8641685034746831
EMD-53998,-0.2138292372675,0.04849525450813592,0.8641685034746831
ZIBOTENTAN,-0.2136859948197,0.05459323708255121,0.8641685034746831
BENPROPERINE,-0.2002669727684,0.05264947889557069,0.8641685034746831
PRALIDOXIME,-0.19956802296595,0.047407548276281686,0.8641685034746831
NAFTIDROFURYL,-0.19448072649599996,0.05671957456134777,0.8641685034746831
YZ9,-0.19092441625936601,0.05713390083603426,0.8641685034746831
DIBUTYL-PHTHALATE,-0.1709377143198,0.052488037166894305,0.8641685034746831
TETRAZOL-5-YL-GLYCINE-(RS),0.1258226208104577,0.0504622610823543,0.8641685034746831
CLEMIZOLE,0.14465346233600002,0.05250729685352563,0.8641685034746831
ZIDOVUDINE,0.16005180547199999,0.04653676963843474,0.8641685034746831
TOLMETIN,0.16056068455000003,0.05146115408932414,0.8641685034746831
RUFINAMIDE,0.1650463388353,0.04846614631235133,0.8641685034746831
BCI-540,0.16602638119700003,0.053531995772744305,0.8641685034746831
"ICI-185,282",0.21962547318000003,0.054661502716692185,0.8641685034746831
LUMATEPERONE,0.2205591983951175,0.05603418728387844,0.8641685034746831
SB-415286,0.22646208318650002,0.053531995772744305,0.8641685034746831
FIPI,0.234806919301352,0.05713390083603426,0.8641685034746831
GR-144053,0.248533860643,0.05252680920499698,0.8641685034746831
TARANABANT,0.2768286324012,0.054661502716692185,0.8641685034746831
ALFUZOSIN,0.2987561805615,0.05146115408932414,0.8641685034746831
TIMOLOL,0.305754500251,0.05571354794928872,0.8641685034746831
FENCLONINE-(+/-),0.3110212025275,0.05681789474460199,0.8641685034746831
CINPA-1,0.332439953788582,0.05575569335336144,0.8641685034746831
CW-008,0.3338846427930711,0.05358528015586877,0.8641685034746831
ERTUGLIFLOZIN,0.3398011393771,0.05144902701207108,0.8641685034746831
GANT-58,0.346049032806402,0.05417769525472038,0.8641685034746831
DAU-5884,0.39078519759755,0.05148587435438758,0.8641685034746831
CHLORINDANOL,0.44056606308715,0.05345607441062218,0.8641685034746831
AZACITIDINE,0.4459817609675,0.0535584616742225,0.8641685034746831
HTH-01-015,0.4579695068799876,0.04945575588619401,0.8641685034746831
BROXURIDINE,0.48716222448299,0.047546606553116606,0.8641685034746831
"5-AMINO-3-D-RIBOFURANOSYLTHIAZOLO[4,5-D]PYRIMIDIN-2,7(3H,6H)-DIONE",0.495883460095,0.05254657922260387,0.8641685034746831
L-165041,0.52581023802215,0.05575569335336144,0.8641685034746831
MITOTANE,0.5665251220207247,0.05358528015586877,0.8641685034746831
CH-5183284,-0.5848366549723595,0.05754887969139326,0.8680101356726408
IBUPROXAM,0.17322438316,0.057882742443486325,0.8680101356726408
AMIODARONE,0.321329176924,0.05782587330791627,0.8680101356726408
VCH-916,0.47143944848400005,0.057940395674534816,0.8680101356726408
CALCIFEDIOL,-0.31694974940975,0.058241010044962516,0.8684077191880647
TOLFENAMIC-ACID,-0.10200739083649998,0.0581182252404449,0.8684077191880647
SSR-180711,0.1908821649115517,0.058661598482756865,0.8726257032517143
GSK2606414,-0.30251483395201,0.05914825202974205,0.8737120585372387
INDOBUFEN,-0.2340903846821,0.05914825202974205,0.8737120585372387
BETAMETHASONE-DIPROPIONATE,0.5253205370225,0.05908126556347647,0.8737120585372387
KHELLIN,-0.15214338786849999,0.059425846159222986,0.87577113281627
TASQUINIMOD,0.3572198426758,0.05970880547406087,0.8778995366336978
DOXYCYCLINE,-0.623208452106,0.06087844145972277,0.8824857329048474
AMIBEGRON,-0.45480501347795,0.06203926344670919,0.8824857329048474
PF-3845,-0.45360685204600004,0.06016599723900649,0.8824857329048474
NEDOCROMIL,-0.2698425503305,0.06261624903893191,0.8824857329048474
BROMPERIDOL,-0.268053371899,0.06133533418691386,0.8824857329048474
5-HYDROXYTRYPTOPHAN,-0.2560327886805,0.062133181001380225,0.8824857329048474
ALFADOLONE-ACETATE,-0.20973741108069002,0.061171522960343,0.8824857329048474
BMS-649,-0.20147537411100003,0.061503806736209025,0.8824857329048474
BW-180C,-0.191611785744,0.06252342775847784,0.8824857329048474
IBUPROFEN-PICONOL,-0.1180360858892,0.06079461506908886,0.8824857329048474
PF-04418948,0.17137566775759772,0.06181883568193022,0.8824857329048474
TC-OT-39,0.18840917531670498,0.06181883568193022,0.8824857329048474
SAR407899,0.20954435826099999,0.06063061376102502,0.8824857329048474
AZ505,0.211592655200541,0.06181883568193022,0.8824857329048474
SSR240612,0.2850613907133615,0.06280591218874644,0.8824857329048474
ODANACATIB,0.35650427690084,0.06102950211315371,0.8824857329048474
IBERDOMIDE,0.358654089106552,0.06280591218874644,0.8824857329048474
HYDROCORTISONE-ACETATE,0.4374381439175,0.06252342775847784,0.8824857329048474
GS-967,0.45891457996527996,0.06280591218874644,0.8824857329048474
CNX-774,0.6276028139487599,0.061418975487807316,0.8824857329048474
ABBV-744,-2.28133839644238,0.09803918650374255,0.8826861047800726
GDC-0575,-2.0628162678398003,0.1345867041918013,0.8826861047800726
TAK-960,-1.70261251321728,0.09937809967176629,0.8826861047800726
BANOXANTRONE,-1.4653270038574302,0.13012608394188252,0.8826861047800726
THIOGUANINE,-1.3927934416010002,0.16534647093868438,0.8826861047800726
POLYDATIN,-1.3143505748170001,0.1655675708358728,0.8826861047800726
WAY-600,-1.2429120941275003,0.15800661758486467,0.8826861047800726
KG-5,-1.22737290269174,0.12263686150380851,0.8826861047800726
MAYTANSINOL-ISOBUTYRATE,-1.2226561057399998,0.13747891490759204,0.8826861047800726
SATRAPLATIN,-1.2161112458599999,0.10435048398730193,0.8826861047800726
DEXRAZOXANE,-1.1811311434106,0.08528460859167587,0.8826861047800726
CB-839,-1.1786307982386224,0.14209597776580465,0.8826861047800726
LY2183240,-1.1349331622499998,0.08482169867991089,0.8826861047800726
TC-S-7003,-1.0959078233228352,0.0758862067001893,0.8826861047800726
PHA-680632,-1.0850173276855,0.12580011099967894,0.8826861047800726
TC-A-2317,-0.9968764632003249,0.15760776826486445,0.8826861047800726
KX2-391,-0.9948430314200003,0.1679885882887553,0.8826861047800726
TALAZOPARIB,-0.974710967145,0.09022412305459493,0.8826861047800726
LRRK2-IN-1,-0.902197225472486,0.12263686150380851,0.8826861047800726
FLT3-IN-1,-0.8797530816046499,0.11884272303027898,0.8826861047800726
BARASERTIB,-0.8704697839659999,0.13891420812184968,0.8826861047800726
FLOXURIDINE,-0.8695888973249999,0.15760776826486445,0.8826861047800726
PD-198306,-0.869410446189,0.11961530671729846,0.8826861047800726
DHBP,-0.8391958941678601,0.09980123090004811,0.8826861047800726
MPS1-IN-5,-0.8375562935657952,0.10899344231280257,0.8826861047800726
RIBAVIRIN,-0.818940012852,0.09312257294618094,0.8826861047800726
ENCORAFENIB,-0.7809145977020724,0.08327596541454103,0.8826861047800726
ACTB-1003,-0.7481571493114301,0.10285976142339351,0.8826861047800726
NVP-BEZ235,-0.7379235876500001,0.11899228284176344,0.8826861047800726
CPI-0610,-0.7339216384380784,0.14994569138955627,0.8826861047800726
DITIOCARB-SODIUM-TRIHYDRATE,-0.70712637128,0.06736791962907532,0.8826861047800726
C-021,-0.6969500273395601,0.13425188538396837,0.8826861047800726
MECHLORETHAMINE,-0.68699759991,0.1548173082189117,0.8826861047800726
PIM-1-INHIBITOR-2,-0.6156363580854465,0.06644811930100689,0.8826861047800726
DIMETHISOQUIN,-0.6139344206875,0.08639055724469012,0.8826861047800726
NAMPT-IN-1,-0.6097071100822253,0.13895829457075307,0.8826861047800726
SNAP,-0.6060233573289999,0.09205008120979649,0.8826861047800726
RAVOXERTINIB,-0.603541946981604,0.1435080418645725,0.8826861047800726
ADAPALENE,-0.589171224337,0.12297257436165543,0.8826861047800726
HIGENAMINE,-0.5821935863678351,0.1212405318906675,0.8826861047800726
TROVENTOL,-0.58167588913865,0.15509013728348717,0.8826861047800726
REPSOX,-0.5675727940675002,0.09895442471756145,0.8826861047800726
TPCA-1,-0.5510203459255,0.1395006570937635,0.8826861047800726
BCTC,-0.5401891596165501,0.07447444321240779,0.8826861047800726
R112,-0.536555517843685,0.12507911068849092,0.8826861047800726
MAGNOLOL,-0.535785955485,0.10523926357684321,0.8826861047800726
NARASIN,-0.5341543736050003,0.10070632674630008,0.8826861047800726
BAY-61-3606,-0.5285265103416255,0.12507911068849092,0.8826861047800726
L-CYSTINE,-0.52690250849651,0.06935226206766511,0.8826861047800726
FLUOROMETHOLONE-ACETATE,-0.52606211196885,0.09518715010300506,0.8826861047800726
2-IODOMELATONIN,-0.5191639550769,0.07308421216678783,0.8826861047800726
PF-429242,-0.5139174374511606,0.10710332176347213,0.8826861047800726
BERBERINE,-0.5089303043869999,0.14405343351360522,0.8826861047800726
CARBOXYPYRIDINE-DISULFIDE,-0.4988553673615,0.11642335550339332,0.8826861047800726
DORZOLAMIDE,-0.49795968332999996,0.10931777191937915,0.8826861047800726
METHACYCLINE,-0.49494504897400005,0.1471088485741747,0.8826861047800726
CYCLOVALONE,-0.493230983637,0.13942545028815123,0.8826861047800726
CEFETAMET,-0.4924304660431,0.0756830279183137,0.8826861047800726
BMS-707035,-0.4873877709429999,0.07486485134557165,0.8826861047800726
ACUMAPIMOD,-0.4809455741452815,0.12937647266146796,0.8826861047800726
RADEZOLID,-0.4793088239765,0.06541458763183565,0.8826861047800726
N20C,-0.4775853039477,0.12438932746156259,0.8826861047800726
SEVELAMER,-0.47724924842099997,0.06681732776703576,0.8826861047800726
RESIQUIMOD,-0.47273634010050003,0.14720295257679777,0.8826861047800726
3-DEAZANEPLANOCIN-A,-0.470700721811,0.10696516334995025,0.8826861047800726
BROMEBRIC-ACID,-0.4681486683728314,0.09980123090004811,0.8826861047800726
TIMOFIBRATE,-0.467855751119,0.15361871278888012,0.8826861047800726
APABETALONE,-0.46704322080849997,0.12297257436165543,0.8826861047800726
CENOBAMATE,-0.4651365450149107,0.06918752887282632,0.8826861047800726
GSK1292263,-0.464789102545,0.1594516871183096,0.8826861047800726
MGCD-265,-0.4646318352815,0.14119874104241328,0.8826861047800726
OSI-027,-0.46406796279549994,0.16052658049633317,0.8826861047800726
GMX1778,-0.4522266121752194,0.1600120016064941,0.8826861047800726
L-694247,-0.44528050094925264,0.1406213683877854,0.8826861047800726
FLORFENICOL,-0.4435727566145,0.12580011099967894,0.8826861047800726
YM-201636,-0.44198508934099995,0.07753863912721157,0.8826861047800726
CHLORAMPHENICOL,-0.44071285926265,0.14772041346262157,0.8826861047800726
BW-373U86,-0.4400990436925,0.12239001709522468,0.8826861047800726
URSOLIC-ACID,-0.433585462737,0.08927070732097463,0.8826861047800726
TREQUINSIN,-0.42866621843165,0.12937647266146796,0.8826861047800726
"CIS-9,TRANS-11-CONJUGATED-LINOLEIC-ACID",-0.424949436853,0.0889480531458989,0.8826861047800726
TAURINE,-0.423611050803,0.08639055724469012,0.8826861047800726
M-3M3FBS,-0.422481787123,0.13378762836341987,0.8826861047800726
PF-05175157,-0.42073405003031833,0.15361871278888012,0.8826861047800726
CALCIUM-GLUCEPTATE,-0.41814518618073,0.10813006386504677,0.8826861047800726
FENTICONAZOLE,-0.4173066453723,0.06904044770388137,0.8826861047800726
TRIFLURIDINE,-0.4170721009649999,0.11085770069807094,0.8826861047800726
L-HYDROXYPROLINE,-0.408582285158,0.08394786104461475,0.8826861047800726
FG-4592,-0.408467738902,0.1548173082189117,0.8826861047800726
A-485,-0.4072793807448516,0.11285275803292663,0.8826861047800726
RILPIVIRINE,-0.40576589448188,0.10847357221228462,0.8826861047800726
LY2365109,-0.40117688924600003,0.09290179754672058,0.8826861047800726
DASOTRALINE,-0.40099901040670194,0.06904044770388137,0.8826861047800726
NATEGLINIDE,-0.4002561483095,0.11201719036051168,0.8826861047800726
PIMETHIXENE,-0.3987151133375,0.1176074889456739,0.8826861047800726
NADIFLOXACIN,-0.3985840254023,0.07222496127343891,0.8826861047800726
CCMQ,-0.39853725885304286,0.07447444321240779,0.8826861047800726
EFAVIRENZ,-0.3936499920225,0.08540178087956961,0.8826861047800726
PINITOL,-0.39202518603965997,0.1170055108191977,0.8826861047800726
ABT-239,-0.39054696399350003,0.09218876313584855,0.8826861047800726
LEVALBUTEROL,-0.39006495575499994,0.06918752887282632,0.8826861047800726
FOSTEMSAVIR,-0.3894080267373017,0.10761232642986997,0.8826861047800726
ALGESTONE-ACETOPHENIDE,-0.38924720878670005,0.08075583395141947,0.8826861047800726
HORDENINE,-0.38474713013600004,0.15014665183829976,0.8826861047800726
DG-172,-0.377167442773947,0.1601562436939864,0.8826861047800726
DRF053-(R),-0.37622100585999996,0.16420126483444508,0.8826861047800726
JNJ-64619178,-0.37342488284803,0.16387106820694552,0.8826861047800726
GSK2656157,-0.3731584059631,0.09985268844984187,0.8826861047800726
OLEUROPEIN,-0.37305227945604996,0.15374571697743797,0.8826861047800726
TOLNAFTATE,-0.37182692463010003,0.10813006386504677,0.8826861047800726
F-16915,-0.371807047727872,0.09290179754672058,0.8826861047800726
LEVOBETAXOLOL,-0.3712281085923975,0.12721367270009037,0.8826861047800726
PF-06260414,-0.368759200522504,0.15613489576329007,0.8826861047800726
MEDICA-16,-0.36842657153782,0.14121511859460809,0.8826861047800726
YK-4-279,-0.36752124124683005,0.07033104402665295,0.8826861047800726
GUANIDINOETHYLDISULFIDE-BICARBONATE,-0.3671855204305542,0.14772041346262157,0.8826861047800726
5-FLUOROPYRIMIDINE,-0.36356239192798,0.07609235330825999,0.8826861047800726
RHC-80267,-0.3623315262281,0.15014665183829976,0.8826861047800726
CLOPIDOGREL,-0.3550236526012,0.09055674654473946,0.8826861047800726
AZITHROMYCIN,-0.35358453877475,0.09458969593315383,0.8826861047800726
PLX8394,-0.35274601955501667,0.10042517436963744,0.8826861047800726
BEVIRIMAT-DIMEGLUMINE,-0.352312830354,0.07810033788749075,0.8826861047800726
PRAMIRACETAM,-0.35170416391049997,0.07776097494443218,0.8826861047800726
FULVESTRANT,-0.34894162821100005,0.09254240195225902,0.8826861047800726
THIODIGLYCOL,-0.34749996436200004,0.0889480531458989,0.8826861047800726
GALANTAMINE,-0.342187586176,0.07731972969053653,0.8826861047800726
PD-173212,-0.3405662368105647,0.09290179754672058,0.8826861047800726
C-1,-0.3326543067979,0.1372662020298279,0.8826861047800726
4-METHYLGENISTEIN,-0.33250422918049993,0.09803918650374255,0.8826861047800726
NXY-059,-0.32948344539025,0.1650275997664532,0.8826861047800726
PHYTOSPHINGOSINE,-0.32919838378099997,0.08482169867991089,0.8826861047800726
CARBADOX,-0.32619644957099997,0.13891420812184968,0.8826861047800726
CINCHOPHEN,-0.32514574388350004,0.08274213671589062,0.8826861047800726
NONOXYNOL-9,-0.32486501237349996,0.1176074889456739,0.8826861047800726
BROMFENAC,-0.3219912232727,0.09194200344170078,0.8826861047800726
CORTICOSTERONE,-0.3200260514366,0.16534647093868438,0.8826861047800726
ONO-AE3-208,-0.3194073076647432,0.07588458536174608,0.8826861047800726
"3,4-METHYLENEDIOXY-BETA-NITROSTYRENE",-0.31609703682665,0.1685419262717197,0.8826861047800726
REBOXETINE,-0.3155043612345,0.06670115714001269,0.8826861047800726
ANLOTINIB,-0.3153582367769675,0.13895829457075307,0.8826861047800726
AMLODIPINE,-0.31453944467399997,0.09813483418573583,0.8826861047800726
GSK2256098,-0.31320087721044954,0.08049838507439198,0.8826861047800726
ENCIPRAZINE,-0.3128191245287,0.12796310836671784,0.8826861047800726
CENICRIVIROC,-0.312750540291105,0.06787026808952695,0.8826861047800726
BUTYL-PARABEN,-0.31221411888435496,0.13223125807773972,0.8826861047800726
METHYLCOBALAMIN,-0.311569360679693,0.10387176181956627,0.8826861047800726
TETRAHYDROPAPAVERINE,-0.3114479095355,0.12089385010718055,0.8826861047800726
ZD-7114,-0.31035937203170005,0.06541458763183565,0.8826861047800726
AMOXICILLIN,-0.3093850513065,0.11705617211044052,0.8826861047800726
RS-100329,-0.309084331541,0.12937647266146796,0.8826861047800726
LOBENZARIT,-0.308205084375885,0.15349962076728008,0.8826861047800726
RALINEPAG,-0.30813248843613705,0.07052571701602933,0.8826861047800726
CHRYSIN,-0.30724181142,0.06513748274936798,0.8826861047800726
SULFACARBAMIDE,-0.3046405906335,0.16088799014907484,0.8826861047800726
CLORPRENALINE,-0.3045099751679,0.08382690096344152,0.8826861047800726
N6022,-0.3037730450124,0.13540018842728932,0.8826861047800726
ASIVATREP,-0.3022956019257465,0.10204061584377214,0.8826861047800726
NU-6027,-0.2989052332239,0.16340956797467832,0.8826861047800726
FAROPENEM,-0.298476804607495,0.06414855024870582,0.8826861047800726
EVP-6124,-0.297763500124,0.08551126636060719,0.8826861047800726
L-METHIONINE,-0.29584387718375005,0.10724893309546372,0.8826861047800726
PP-1,-0.2956844907365,0.09194200344170078,0.8826861047800726
FAMCICLOVIR,-0.29491818661500013,0.10158844207157977,0.8826861047800726
EXALAMIDE,-0.2940887706712,0.12709396890917435,0.8826861047800726
SPIZOFURONE,-0.29375572338564604,0.07399494695391419,0.8826861047800726
RILMENIDINE,-0.2922431957195,0.16710413434123306,0.8826861047800726
DAPT,-0.2913756898777,0.09895442471756145,0.8826861047800726
OXCARBAZEPINE,-0.290018171097,0.1458543009520568,0.8826861047800726
PHENFORMIN,-0.289760406165,0.07207225495312737,0.8826861047800726
2-BFI,-0.28874016516195,0.16088799014907484,0.8826861047800726
JNJ-40411813,-0.2882945901434,0.09342144711218385,0.8826861047800726
TECALCET,-0.28609355113135,0.15898824690693658,0.8826861047800726
METITEPINE,-0.28593943215437,0.11311018457164886,0.8826861047800726
MEBROFENIN,-0.285397961631,0.08178567176817349,0.8826861047800726
PF-06463922,-0.2846893594148,0.16165972159081576,0.8826861047800726
AZLOCILLIN,-0.284526881097,0.16770130792652593,0.8826861047800726
LOSARTAN,-0.28394435959,0.10023525621312422,0.8826861047800726
CISPLATIN,-0.283876221937,0.15745383352240716,0.8826861047800726
REMIMAZOLAM,-0.2810778585132,0.07717272107989497,0.8826861047800726
LY411575,-0.27893782679295,0.1458543009520568,0.8826861047800726
OCAPERIDONE,-0.27825387324744233,0.08201230950705508,0.8826861047800726
CYCLOPAMINE,-0.27783985172957565,0.1174309066267,0.8826861047800726
CHLORTHALIDONE,-0.2758779766428,0.1685419262717197,0.8826861047800726
KAINIC-ACID,-0.27586768873379997,0.09644066952381693,0.8826861047800726
KASUGAMYCIN,-0.274304310272797,0.12154991869409472,0.8826861047800726
ERASTIN,-0.27321485848933,0.15760776826486445,0.8826861047800726
TENOFOVIR,-0.27305704806893,0.0886153199991371,0.8826861047800726
VALPROIC-ACID,-0.2725892276815,0.14720295257679777,0.8826861047800726
"2,6-DIMETHYLPIPERIDINE",-0.27134531752650004,0.07892694181357296,0.8826861047800726
AMOROLFINE,-0.270683370493,0.15160590066199225,0.8826861047800726
METAXALONE,-0.2703650813585,0.15800661758486467,0.8826861047800726
BADGE,-0.2701660871837,0.08327596541454103,0.8826861047800726
PHYSOSTIGMINE,-0.2699700698731,0.12649549626942527,0.8826861047800726
ZANAMIVIR,-0.2673693708775,0.1655675708358728,0.8826861047800726
AMG-176,-0.264940529927731,0.16387106820694552,0.8826861047800726
S4,-0.2646976327924429,0.13156772142478126,0.8826861047800726
CLINDAMYCIN-PHOSPHATE,-0.2642935014642,0.10158844207157977,0.8826861047800726
PYM50028,-0.261716199477,0.13603640130566927,0.8826861047800726
N-MPPP,-0.2616580507685,0.14772041346262157,0.8826861047800726
PICLAMILAST,-0.2603949884065,0.09458969593315383,0.8826861047800726
FLOSEQUINAN,-0.25963933237640857,0.12263686150380851,0.8826861047800726
GR125487,-0.25795540109445003,0.1583959211731918,0.8826861047800726
ISOMETHEPTENE-MUCATE,-0.2578569836289999,0.07509227700135582,0.8826861047800726
GNTI,-0.2568341763480813,0.12721367270009037,0.8826861047800726
MOXIFLOXACIN,-0.25666773895899997,0.10952220007732644,0.8826861047800726
TINIDAZOLE,-0.25588788628785,0.11174246821179733,0.8826861047800726
SULBUTIAMINE,-0.255869201706,0.12003405983297952,0.8826861047800726
XBD173,-0.2554181076584,0.13447287119996065,0.8826861047800726
LY2510924,-0.2553838560526619,0.13234183746434203,0.8826861047800726
AMYLEINE,-0.2544770719699,0.1671043277867844,0.8826861047800726
TRICHLOROETHYLENE,-0.2543535097845,0.07589578856576046,0.8826861047800726
RAD140,-0.2537265638127985,0.13603640130566927,0.8826861047800726
FT011,-0.2525608233526389,0.15613489576329007,0.8826861047800726
GSK2578215A,-0.2520699360003753,0.12263686150380851,0.8826861047800726
OXINIACIC-ACID,-0.2505546880603,0.09218876313584855,0.8826861047800726
METACETAMOL,-0.25020735702749997,0.0889480531458989,0.8826861047800726
HYPERIN,-0.24892720479240002,0.1671043277867844,0.8826861047800726
RIVAROXABAN,-0.2489126116475,0.08540178087956961,0.8826861047800726
EIT-HYDROBROMIDE,-0.2488463019132,0.08354924463879095,0.8826861047800726
FENACLON,-0.247885362651,0.10865675399629846,0.8826861047800726
PHENYL-AMINOSALICYLATE,-0.24787114119719994,0.10428423160340791,0.8826861047800726
PF-06282999,-0.24763809726422759,0.07877523948748413,0.8826861047800726
CEPHALOSPORIN-C-ZN,-0.2443989864873,0.11705617211044052,0.8826861047800726
EDROPHONIUM,-0.24305451343839998,0.08371503792391463,0.8826861047800726
DAPAGLIFLOZIN,-0.24163526207159997,0.15760776826486445,0.8826861047800726
NOV-002,-0.2404559488015,0.14405343351360522,0.8826861047800726
PF-670462,-0.239942339342262,0.0639519780524364,0.8826861047800726
CHINIOFON,-0.23779947872690002,0.12791618332237437,0.8826861047800726
BMS-626531,-0.2373495786665335,0.12154991869409472,0.8826861047800726
OCTODRINE,-0.2373044308030575,0.11947650601517418,0.8826861047800726
ATENOLOL-(-),-0.236870066174345,0.07788214174895576,0.8826861047800726
CINCHONINE,-0.2350596281701088,0.11090984731860608,0.8826861047800726
M-25,-0.2347824905640628,0.10177429487888329,0.8826861047800726
TU-2100,-0.23389415133999997,0.16273574992337358,0.8826861047800726
PF-04620110,-0.2334091945081,0.09458969593315383,0.8826861047800726
INH1,-0.23278501636799998,0.14295796985611683,0.8826861047800726
ADX-10059,-0.23208422116971011,0.12263686150380851,0.8826861047800726
MK-5046,-0.231859670582871,0.07877523948748413,0.8826861047800726
AP1903,-0.231374163952,0.15160590066199225,0.8826861047800726
DAPRODUSTAT,-0.2294948114598,0.14612975807652198,0.8826861047800726
WYE-354,-0.22910633599209995,0.08959856115254279,0.8826861047800726
PDE10-IN-1,-0.2289730139359219,0.08384052868952545,0.8826861047800726
EPPTB,-0.22872167393176748,0.15660130102257658,0.8826861047800726
PROLYLLEUCYLGLYCINAMIDE,-0.2285536111869,0.06858270690673231,0.8826861047800726
"TRANS-10,CIS-12-CONJUGATED-LINOLEIC-ACID",-0.22854321014050002,0.08798276885477214,0.8826861047800726
PROCAINAMIDE,-0.22778763587165002,0.12297257436165543,0.8826861047800726
PROPYLENE-GLYCOL,-0.22596776437850846,0.15014665183829976,0.8826861047800726
HEXYLCAINE,-0.2258155212215,0.12937647266146796,0.8826861047800726
IRSOGLADINE,-0.225622298426,0.14295796985611683,0.8826861047800726
RO-90-7501,-0.2255352609592,0.09439978915129978,0.8826861047800726
LETROZOLE,-0.22546344608070001,0.08736246432039532,0.8826861047800726
ILEPCIMIDE,-0.225442803789,0.08705959745148135,0.8826861047800726
LANSOPRAZOLE,-0.225279051971,0.09552363917560883,0.8826861047800726
GSK2194069,-0.2250466877439989,0.11445266156794658,0.8826861047800726
L-733060,-0.2247867729199,0.08300696213926713,0.8826861047800726
HOMOSALATE,-0.2217784822158,0.10114373871548711,0.8826861047800726
1-ETHYL-2-PYRROLIDONE,-0.22146834880000002,0.1571990191464523,0.8826861047800726
OCTREOTIDE,-0.22117538172554999,0.07868622159734974,0.8826861047800726
ADAPTAVIR,-0.22007264816621042,0.16207578973970715,0.8826861047800726
PSB-1115,-0.2193780315686,0.1650275997664532,0.8826861047800726
CYCLOPENTHIAZIDE,-0.218965556843,0.11255842060948167,0.8826861047800726
CAFFEINE,-0.21851405162318,0.16420126483444508,0.8826861047800726
EPITIOSTANOL,-0.217740089731,0.09290179754672058,0.8826861047800726
LFM-A13,-0.217502158476,0.15260316210028718,0.8826861047800726
TACALCITOL,-0.21721742377790001,0.0918407466339881,0.8826861047800726
CARIPRAZINE,-0.216765049913,0.11899228284176344,0.8826861047800726
ENISAMIUM-IODIDE,-0.21659080322750002,0.13585187833627813,0.8826861047800726
TRIMETAZIDINE,-0.2154550914403,0.16420126483444508,0.8826861047800726
T-5224,-0.21524100567802001,0.10622694623456812,0.8826861047800726
FANANSERIN,-0.21508298839774997,0.10070632674630008,0.8826861047800726
BMS-191011,-0.21457557892810997,0.11961530671729846,0.8826861047800726
CARBENOXOLONE,-0.21421389391,0.0960018238986262,0.8826861047800726
OXAPROZIN,-0.2139995713819,0.11066893298354984,0.8826861047800726
8-HYDROXY-PIPAT,-0.21111982294569998,0.11090984731860608,0.8826861047800726
LDC1267,-0.210113997938145,0.14209597776580465,0.8826861047800726
ID-1101,-0.20862150429884416,0.16560248483061546,0.8826861047800726
CINCHONIDINE,-0.2069209366225,0.13831424646796903,0.8826861047800726
AZD3839,-0.2068870216370088,0.15113347939903893,0.8826861047800726
PRAZIQUANTEL,-0.2068486611551,0.08025296359142518,0.8826861047800726
L-161982,-0.2067017490537,0.09552363917560883,0.8826861047800726
DAROLUTAMIDE,-0.20551239353900003,0.15117423597491994,0.8826861047800726
"4,5,6,7-TETRABROMOBENZOTRIAZOLE",-0.20489334257820002,0.09421398498180542,0.8826861047800726
PF-04937319,-0.20330398555265003,0.137071899472011,0.8826861047800726
INCYCLINIDE,-0.20140623228832,0.09123816162426332,0.8826861047800726
CP-471474,-0.19982456420672912,0.1679885882887553,0.8826861047800726
PROXYFAN,-0.1990926849236,0.15014665183829976,0.8826861047800726
TILORONE,-0.19892271388250002,0.12164987826779845,0.8826861047800726
NANDROLONE,-0.1988861667695,0.12650567940400437,0.8826861047800726
MRS-3777,-0.1986692402975,0.08639055724469012,0.8826861047800726
5-OCTANOYLSALICYLIC-ACID,-0.1969353503314365,0.15113347939903893,0.8826861047800726
ALTANSERIN,-0.196428583988,0.13747891490759204,0.8826861047800726
PAMIPARIB,-0.19616352342536703,0.11541289926857193,0.8826861047800726
FGIN-1-27,-0.1955024036876,0.12037180450640662,0.8826861047800726
SGX523,-0.19525048221500002,0.06904044770388137,0.8826861047800726
IODOQUINOL,-0.1945017121472,0.09895442471756145,0.8826861047800726
CGK-733,-0.1942812377605,0.07272916665356745,0.8826861047800726
UAMC-00039,-0.19374263000970132,0.09630208347846794,0.8826861047800726
DISOPYRAMIDE,-0.19288667405455,0.16340956797467832,0.8826861047800726
NS-3623,-0.1925775521220141,0.11285275803292663,0.8826861047800726
DOMIPHEN,-0.19256874175442998,0.12012143214615863,0.8826861047800726
PIMOBENDAN,-0.1920286496363,0.08862327789403063,0.8826861047800726
SR-57227A,-0.1918312289465,0.15021922528439924,0.8826861047800726
AH11110,-0.191691781152,0.06889553416012589,0.8826861047800726
DALARGIN,-0.19155280297849997,0.06353026435707025,0.8826861047800726
AC-55649,-0.19066397799319998,0.12721367270009037,0.8826861047800726
PEXIDARTINIB,-0.1891257800724,0.1567799985121314,0.8826861047800726
UNC0638,-0.1883658370805,0.08022378619332937,0.8826861047800726
EXO-1,-0.18834626706500002,0.09458969593315383,0.8826861047800726
SALAZODINE,-0.185582217579945,0.10622694623456812,0.8826861047800726
DBEQ,-0.18415000493899997,0.12438932746156259,0.8826861047800726
BROMOCRIPTINE,-0.18404241593610002,0.07486485134557165,0.8826861047800726
MINAPRINE,-0.1832629847352,0.11482239480478515,0.8826861047800726
CARBETAPENTANE,-0.18317234144199998,0.16052658049633317,0.8826861047800726
AMPA-(S),-0.182866212658,0.0737282542376846,0.8826861047800726
ALISKIREN-HEMIFUMARATE,-0.18251540369199995,0.1601562436939864,0.8826861047800726
ZALTIDINE,-0.18240467924491,0.1250100566183945,0.8826861047800726
SDZ-WAG-994,-0.18130676644850002,0.11285275803292663,0.8826861047800726
BIBN4096,-0.18113788414545,0.15349962076728008,0.8826861047800726
ENTACAPONE,-0.1803135177299,0.09552363917560883,0.8826861047800726
CAREBASTINE,-0.1801347835214,0.10523926357684321,0.8826861047800726
CINEPAZIDE,-0.1796950462987,0.16770130792652593,0.8826861047800726
DIHYDROXYACETONE,-0.1790170659837683,0.09458969593315383,0.8826861047800726
STAT3-INHIBITOR-VI,-0.1786516649072539,0.12507911068849092,0.8826861047800726
CLOZAPINE,-0.17720317578,0.1650275997664532,0.8826861047800726
MESALAZINE,-0.1759899855383,0.13491828915319531,0.8826861047800726
CEFTIOFUR,-0.1749889292798,0.1458543009520568,0.8826861047800726
GGSTOP,-0.17456122087704948,0.11285275803292663,0.8826861047800726
LEVOSULPIRIDE,-0.1743710715399,0.08927070732097463,0.8826861047800726
CINTRIAMIDE,-0.17436572922799998,0.13505945180103557,0.8826861047800726
SB-222200,-0.1740595434302,0.12937647266146796,0.8826861047800726
FLAVOXATE,-0.17251818371990002,0.09670097856031923,0.8826861047800726
NEBRACETAM,-0.170330468816,0.15760776826486445,0.8826861047800726
PERETINOIN,-0.1702947926235,0.08600084600904054,0.8826861047800726
SARI-59-801,-0.1699358754122737,0.14528778909526718,0.8826861047800726
NG-NITRO-ARGININE,-0.1688431646255044,0.07399494695391419,0.8826861047800726
PF-04995274,-0.16787666929473688,0.08669307643213722,0.8826861047800726
MONEPANTEL,-0.16778768900088592,0.09845545371426483,0.8826861047800726
TBOA-(DL),-0.167518386430752,0.09670097856031923,0.8826861047800726
GRAPIPRANT,-0.1667102998058,0.11435078571675689,0.8826861047800726
TC-N-1752,-0.16612890361125,0.13127129224633452,0.8826861047800726
BETAMIPRON,-0.1650353273568,0.15551673134446434,0.8826861047800726
SCMC-LYS,-0.1647840475441,0.16834091007747254,0.8826861047800726
TESTOSTERONE-PROPIONATE,-0.16457593218195,0.07272916665356745,0.8826861047800726
PENTOLINIUM,-0.1644644297988,0.15014665183829976,0.8826861047800726
OSTHOL,-0.16377344176689998,0.16273574992337358,0.8826861047800726
LAROPIPRANT,-0.16336070777700007,0.1623861088377695,0.8826861047800726
BML-190,-0.1627324459224,0.10523926357684321,0.8826861047800726
4-PPBP,-0.16246485547295,0.1685419262717197,0.8826861047800726
SPIRADOLINE,-0.161549183709,0.12791618332237437,0.8826861047800726
CYM-50769,-0.1601956009841089,0.10923968214589536,0.8826861047800726
PANIPENEM,-0.1583094856681815,0.08669307643213722,0.8826861047800726
SUN-11602,-0.15767399257219405,0.10523926357684321,0.8826861047800726
BASMISANIL,-0.156853481114881,0.14867899958194486,0.8826861047800726
HYDROQUINIDINE,-0.1555045488841,0.16052658049633317,0.8826861047800726
CTS21166,-0.15486076550285,0.09710653266875754,0.8826861047800726
N-BENZYLNALTRINDOLE,-0.1526256690005,0.11090984731860608,0.8826861047800726
MRK-409,-0.15248615535983928,0.09702713380295198,0.8826861047800726
PF-04447943,-0.1510556861911,0.09326708862919594,0.8826861047800726
GW-627368,-0.1489683582006989,0.1435080418645725,0.8826861047800726
PHENACAINE,-0.1489159312435,0.09535984949001032,0.8826861047800726
VISMODEGIB,-0.14760730973056,0.14677899247669435,0.8826861047800726
(R)-(-)-APOMORPHINE,-0.14755224464709998,0.15361871278888012,0.8826861047800726
FLORIFENINE,-0.1472581904754546,0.10761232642986997,0.8826861047800726
MK-1064,-0.14628048976310795,0.08798276885477214,0.8826861047800726
GINSENOSIDE-RD,-0.14574200225634,0.16710413434123306,0.8826861047800726
FG-2216,-0.14516654881910002,0.1516623291157837,0.8826861047800726
BUTYLSCOPOLAMINE-BROMIDE,-0.1442368145525,0.1034010448781201,0.8826861047800726
GEPEFRINE,-0.1440282177858,0.08125833955638069,0.8826861047800726
CIANIDANOL,-0.1439872163725,0.15449916997784158,0.8826861047800726
6-DIAZO-5-OXO-L-NOR-LEUCINE,-0.1431577173477054,0.09670097856031923,0.8826861047800726
OGLUFANIDE,-0.141958116766981,0.12507911068849092,0.8826861047800726
GS-6201,-0.14103772851587826,0.15183576182655356,0.8826861047800726
ACIFRAN,-0.14099605355119998,0.16273574992337358,0.8826861047800726
LX1031,-0.13980639682,0.12720486249554422,0.8826861047800726
NINTEDANIB,-0.138934232539,0.15014665183829976,0.8826861047800726
L-ARGININE,-0.13745925304435,0.14239077397202002,0.8826861047800726
METHOXYFLURANE,-0.1371809828227,0.1543175437364761,0.8826861047800726
PERAMIVIR,-0.13672710927020001,0.15221444954838115,0.8826861047800726
ETOFENAMATE,-0.13666353086850003,0.1453242518496551,0.8826861047800726
UMECLIDINIUM,-0.13603552453545,0.08798276885477214,0.8826861047800726
SHA-68,-0.1356897811574344,0.13127129224633452,0.8826861047800726
PICONOL,-0.13125023516655002,0.13005983158493,0.8826861047800726
TECADENOSON,-0.1308762776440302,0.10387176181956627,0.8826861047800726
ESTRIOL,-0.12912307059289999,0.08863047814425921,0.8826861047800726
AVIBACTAM,-0.12663884656675,0.162027547676325,0.8826861047800726
MILACEMIDE,-0.12424728614045,0.10523926357684321,0.8826861047800726
AZOSEMIDE,-0.12409317026,0.14867899958194486,0.8826861047800726
TELENZEPINE,-0.1239800702479,0.1590716595904984,0.8826861047800726
LSN-2463359,-0.12175100802260812,0.10177429487888329,0.8826861047800726
GW-3965,-0.12119490657350002,0.0734501712539373,0.8826861047800726
ENASIDENIB,-0.12013527755449999,0.09342144711218385,0.8826861047800726
U-0521,-0.1195232930654,0.11884272303027898,0.8826861047800726
PRAVADOLINE,-0.1193327781634918,0.13895829457075307,0.8826861047800726
SC-236,-0.1182932810492536,0.1600120016064941,0.8826861047800726
BUTHIONINE-SULFOXIMINE,-0.11804366251699999,0.16565744944636418,0.8826861047800726
ZOFENOPRIL-CALCIUM,-0.11745374319065,0.1406213683877854,0.8826861047800726
PROCODAZOLE,-0.11724274661740003,0.14351204104878312,0.8826861047800726
PHA-568487,-0.11721288123263955,0.14772041346262157,0.8826861047800726
ZK-93423,-0.11659384645300003,0.09458969593315383,0.8826861047800726
TALAMPANEL,-0.11419843387346999,0.1516623291157837,0.8826861047800726
GSK239512,-0.11347162434249888,0.16534647093868438,0.8826861047800726
SKF-89976A,-0.10675309317799998,0.10660283692265096,0.8826861047800726
TOLAMOLOL,-0.10664605718004999,0.07717272107989497,0.8826861047800726
TALNIFLUMATE,-0.10478021537500004,0.1650275997664532,0.8826861047800726
AMPALEX,-0.10411488570869999,0.16534647093868438,0.8826861047800726
2-IODOHIPPURIC-ACID,-0.10376002663389,0.1435080418645725,0.8826861047800726
ABC-294640,-0.0965340248321163,0.15519288945826584,0.8826861047800726
GSK2838232,-0.09360172009617627,0.11307072732469652,0.8826861047800726
BENETHAMINE,-0.091477714608004,0.14994569138955627,0.8826861047800726
MECLINERTANT,-0.088945385429596,0.10285976142339351,0.8826861047800726
GBR-12935,-0.08783679414615,0.16273574992337358,0.8826861047800726
SMER-28,-0.0856630966650649,0.13728454436061707,0.8826861047800726
CIQ,-0.08359260708273,0.1466998571976403,0.8826861047800726
VILOXAZINE,-0.08258342562200001,0.12443457608087997,0.8826861047800726
RITANSERIN,-0.08002531938315,0.10899344231280257,0.8826861047800726
KN-93,-0.0785169984778842,0.07978197931387675,0.8826861047800726
RASAGILINE,-0.06646504441599999,0.1395006570937635,0.8826861047800726
NIFURSOL,-0.057664291797401,0.06875274100068729,0.8826861047800726
LIAROZOLE,-0.05564419413231379,0.11445266156794658,0.8826861047800726
CLORANOLOL,-0.0346004197496,0.16710413434123306,0.8826861047800726
LERCANIDIPINE,0.015278163962849992,0.14180998654038507,0.8826861047800726
CLOMETHIAZOLE,0.023516972113564998,0.13603640130566927,0.8826861047800726
ABT-639,0.041563246149949995,0.1647005321964854,0.8826861047800726
AMPA-(RS),0.041637068760099996,0.14917754616455114,0.8826861047800726
PLURISIN-#1,0.042652011500520004,0.11037018935254783,0.8826861047800726
6-AMINOPENICILLANIC-ACID,0.04904317022220141,0.10899344231280257,0.8826861047800726
TUG-891,0.05371336936197696,0.1600120016064941,0.8826861047800726
PHOSPHATIDYLCHOLINE,0.0626978541051,0.12371141096525826,0.8826861047800726
CEFCAPENE-PIVOXIL,0.06469699687238,0.08928497575011775,0.8826861047800726
ARMODAFINIL,0.068927547727,0.08736246432039532,0.8826861047800726
VERDIPERSTAT,0.0704672183577635,0.1665129636602629,0.8826861047800726
KAEMPFEROL,0.0712064770274,0.15160590066199225,0.8826861047800726
CITICOLINE,0.07226626019945001,0.0797255005417806,0.8826861047800726
ML314,0.07808169183699479,0.08256310085481298,0.8826861047800726
SULFAPHENAZOLE,0.078777493427,0.1540642460709617,0.8826861047800726
ME-0328,0.08206258651352871,0.15324601729768178,0.8826861047800726
CDPPB,0.08712000953084298,0.12834226277405228,0.8826861047800726
CPSI-1306-(+/-),0.08732610860381199,0.13728454436061707,0.8826861047800726
AIM-100,0.0915716165705685,0.1466998571976403,0.8826861047800726
ELAFIBRANOR,0.09316700102929999,0.10158195038656852,0.8826861047800726
ETRAVIRINE,0.09564794180000002,0.11447324896128562,0.8826861047800726
PHENIRAMINE,0.10103406919099997,0.08811095118451857,0.8826861047800726
BUTACAINE,0.10217871988800001,0.15021922528439924,0.8826861047800726
PIPEMIDIC-ACID,0.103813396727805,0.1243421801820959,0.8826861047800726
YM-244769,0.10583938714165361,0.09123816162426332,0.8826861047800726
L-701252,0.10753986626199999,0.16162109726259288,0.8826861047800726
CICLOPROFEN,0.10884991982111554,0.13378762836341987,0.8826861047800726
TEBIPENEM,0.11218256853300002,0.15160590066199225,0.8826861047800726
BREXPIPRAZOLE,0.11782047887300004,0.12650073759220667,0.8826861047800726
EMOXIPIN,0.118436376688,0.14677899247669435,0.8826861047800726
TCS-PIM-1-1,0.12015839124135799,0.06681732776703576,0.8826861047800726
HJC-0350,0.12052195305988049,0.10177429487888329,0.8826861047800726
PHENELZINE,0.1254216622905,0.06513748274936798,0.8826861047800726
AS-2034178,0.12644280678373804,0.16347857073066274,0.8826861047800726
N6-METHYLADENOSINE,0.126816762613215,0.13312986454214373,0.8826861047800726
RIBOFLAVIN-TETRABUTYRATE,0.13014212355238158,0.15868222208917282,0.8826861047800726
SALIRASIB,0.1303237799395,0.14351204104878312,0.8826861047800726
EPRINOMECTIN,0.1310608830022,0.1590716595904984,0.8826861047800726
MIRABEGRON,0.1312239786063,0.14460565810963977,0.8826861047800726
RGFP966,0.131804885827,0.13223125807773972,0.8826861047800726
PENTOSTATIN,0.132211226911395,0.1567799985121314,0.8826861047800726
PF-4800567,0.132443623445995,0.07033104402665295,0.8826861047800726
ALAPROCLATE,0.1357571962245,0.13288021651330473,0.8826861047800726
PRINABEREL,0.13681126426399998,0.15117423597491994,0.8826861047800726
RX-821002,0.1384083431182,0.12089385010718055,0.8826861047800726
NIBENTAN,0.1404332268998,0.1372662020298279,0.8826861047800726
MALOTILATE,0.14119812757935002,0.09813483418573583,0.8826861047800726
L-838417,0.141480963271576,0.08384052868952545,0.8826861047800726
GW-9662,0.14313524269400002,0.1336487013407045,0.8826861047800726
CLOFEDANOL,0.14495370434525,0.13474911338558204,0.8826861047800726
DPC-681,0.145422545073488,0.10923968214589536,0.8826861047800726
MIRTAZAPINE,0.145602636764,0.13976020553396007,0.8826861047800726
ELTANOLONE,0.1457292647368,0.16307679892128624,0.8826861047800726
NN-DNJ,0.14585257580268962,0.07188506271576875,0.8826861047800726
PHLORETIN,0.14847634492700001,0.10710332176347213,0.8826861047800726
PRULIFLOXACIN,0.14864185889429998,0.08928497575011775,0.8826861047800726
MK-8033,0.1490973311995,0.09514378649270128,0.8826861047800726
EDAGLITAZONE,0.14917309303874152,0.08593161277029733,0.8826861047800726
FENOVERINE,0.1504827587746,0.07526751949203686,0.8826861047800726
TROPICAMIDE,0.15173310222349998,0.06373049150445634,0.8826861047800726
ISOVALERAMIDE,0.15187873613879999,0.14667288820271693,0.8826861047800726
PYRIDOXINE,0.15208083924510002,0.1623861088377695,0.8826861047800726
CEFDINIR,0.1525528391372,0.16197254454863785,0.8826861047800726
SULFADIAZINE,0.1532564192018,0.11821980659398028,0.8826861047800726
Y-134,0.1554940610675,0.16565744944636418,0.8826861047800726
LIDOFLAZINE,0.156349488014,0.10114373871548711,0.8826861047800726
NIRIDAZOLE,0.1564300072391,0.14149808927839333,0.8826861047800726
JW-55,0.1577369311357379,0.12546428981040178,0.8826861047800726
ACITRETIN,0.1578452660313,0.1655675708358728,0.8826861047800726
A-61603,0.1583375632381115,0.08676736221250977,0.8826861047800726
DOPAMINE,0.15888585208400002,0.11006006836454398,0.8826861047800726
MMPX,0.15907941984500498,0.15349962076728008,0.8826861047800726
PERPHENAZINE,0.15941167449945,0.1516623291157837,0.8826861047800726
CORTODOXONE,0.1601274380333,0.13942545028815123,0.8826861047800726
17-ALPHA-METHYLTESTOSTERONE,0.160449919052345,0.12576113723947738,0.8826861047800726
DAIDZIN,0.160848009980836,0.09326708862919594,0.8826861047800726
PROPRANOLOL-(S),0.16190783999545,0.1601562436939864,0.8826861047800726
Y-26763,0.1620272304225,0.13770030605001124,0.8826861047800726
PINAVERIUM,0.163000265258,0.09514378649270128,0.8826861047800726
SIB-1553A,0.1631604363551,0.09096451812510209,0.8826861047800726
DIPT,0.16322970977235002,0.11724727774302848,0.8826861047800726
J147,0.1641724275331063,0.1679885882887553,0.8826861047800726
BMY-14802,0.1642154877614,0.06773408230565034,0.8826861047800726
UNC-926,0.16597643850758698,0.09472085197643369,0.8826861047800726
CHLORPHENESIN,0.1660704572789,0.1567799985121314,0.8826861047800726
PERFLUOROHEXYLOCTANE,0.1665155450576743,0.10023525621312422,0.8826861047800726
ICI-199441,0.16845361611769,0.1034010448781201,0.8826861047800726
TC-S-7009,0.16846637896718,0.1466998571976403,0.8826861047800726
REMOXIPRIDE,0.17070643948600003,0.1034010448781201,0.8826861047800726
PF-06650833,0.17088461527932874,0.13831424646796903,0.8826861047800726
PIMONIDAZOLE,0.17286670820985,0.14772041346262157,0.8826861047800726
AUT-1,0.1748341677398507,0.16387106820694552,0.8826861047800726
DH-97,0.17509370685442605,0.15014665183829976,0.8826861047800726
RIBOSTAMYCIN,0.17510951780423048,0.08676736221250977,0.8826861047800726
PIPOTIAZINE,0.1754026708512459,0.06787026808952695,0.8826861047800726
IOBENGUANE,0.17558313992575003,0.11482239480478515,0.8826861047800726
FELODIPINE,0.17595298320749997,0.15014665183829976,0.8826861047800726
BUSULFAN,0.17628256799694,0.12937647266146796,0.8826861047800726
APRACLONIDINE,0.17676233250360002,0.15655277041867785,0.8826861047800726
MM77,0.1768289954841,0.08149798290573929,0.8826861047800726
NAV-26,0.177021859522004,0.11182220941788992,0.8826861047800726
CEP-37440,0.1786416007001,0.15449916997784158,0.8826861047800726
NAS-181,0.181482441506448,0.14149808927839333,0.8826861047800726
UROLITHIN-A,0.1826146737104613,0.08669307643213722,0.8826861047800726
ZALEPLON,0.18368286123999988,0.12443457608087997,0.8826861047800726
EVATANEPAG,0.18370200426049998,0.15938743646967213,0.8826861047800726
6-BENZYLAMINOPURINE,0.18394668784260002,0.06990649447797706,0.8826861047800726
"CP-945,598",0.18396181368499998,0.14482132119333926,0.8826861047800726
LIXIVAPTAN,0.1848610379281,0.08600084600904054,0.8826861047800726
SEN-1269,0.18545415345809638,0.12834226277405228,0.8826861047800726
LINCOMYCIN,0.18805927768550001,0.16307679892128624,0.8826861047800726
MERBROMIN,0.18847861450700001,0.08528460859167587,0.8826861047800726
EACT,0.18932211824552503,0.10670454563170358,0.8826861047800726
BUTEIN,0.190911405101,0.06632435972830147,0.8826861047800726
AV-608,0.1912364768668,0.15349962076728008,0.8826861047800726
APC-100,0.1919856429478406,0.13284330966269112,0.8826861047800726
ROSIPTOR,0.19322465591121799,0.1665129636602629,0.8826861047800726
HYDRALAZINE,0.1937882926011,0.09439978915129978,0.8826861047800726
SR-1664,0.19430321649547716,0.12297257436165543,0.8826861047800726
ESTRADIOL-ACETATE,0.19467705459967,0.0987987040437774,0.8826861047800726
SPAGLUMIC-ACID,0.19484961623515,0.06847333359682603,0.8826861047800726
L-KYNURENINE,0.1952755068619447,0.14386150582386087,0.8826861047800726
S-111,0.19543968088056,0.11229290551721806,0.8826861047800726
DELCASERTIB,0.1959532098034692,0.15613489576329007,0.8826861047800726
COUMARIN,0.195986187493,0.07428366472558044,0.8826861047800726
ML218,0.19614148267936246,0.16273574992337358,0.8826861047800726
PRADEFOVIR,0.19681948889110498,0.15113347939903893,0.8826861047800726
ALCURONIUM,0.1969832768385,0.14637212668930885,0.8826861047800726
INDORAMIN,0.19787882559790004,0.07609235330825999,0.8826861047800726
"3,3'-DICHLOROBENZALDAZINE",0.19838616667390002,0.14295796985611683,0.8826861047800726
NS-5806,0.19879162599096295,0.1601562436939864,0.8826861047800726
PHCCC,0.1995383936311,0.14917754616455114,0.8826861047800726
VINCAMINE,0.20006311813605,0.08736246432039532,0.8826861047800726
DICLOFENSINE,0.2006872162368,0.0737282542376846,0.8826861047800726
ANECORTAVE-ACETATE,0.200892584669,0.08300696213926713,0.8826861047800726
LCQ908,0.2011311030649,0.13603640130566927,0.8826861047800726
ML-323,0.20233800347841718,0.10042517436963744,0.8826861047800726
TRAXOPRODIL,0.20287272508089998,0.13312986454214373,0.8826861047800726
SR-2211,0.2041546690800748,0.15509013728348717,0.8826861047800726
SOMATOSTATIN,0.20428658488735002,0.10533275158345308,0.8826861047800726
TROPIFEXOR,0.20522895882817202,0.09497160045052998,0.8826861047800726
SAG,0.20545905245936635,0.13603640130566927,0.8826861047800726
PROPIVERINE,0.205993683945415,0.14422572695544786,0.8826861047800726
SULFAMETHOXAZOLE,0.2062304536345,0.14119874104241328,0.8826861047800726
MIROGABALIN-BESYLATE,0.2067833215471016,0.1345867041918013,0.8826861047800726
CLONIDINE,0.207189452078,0.09312257294618094,0.8826861047800726
KB-SRC-4,0.2083771203056781,0.08384052868952545,0.8826861047800726
DEFEROXAMINE-MESYLATE,0.20894481192745,0.12576113723947738,0.8826861047800726
CIS-UROCANIC ACID,0.2090311950597,0.0797255005417806,0.8826861047800726
ST-91,0.20928829804850002,0.11562621646690661,0.8826861047800726
PIRETANIDE,0.2095678871435,0.14822571176156518,0.8826861047800726
MEISOINDIGO,0.21189834159399998,0.10761232642986997,0.8826861047800726
BISMUTH-SUBSALICYLATE,0.2126201256996442,0.07609235330825999,0.8826861047800726
MIGLITOL,0.2135093269359,0.1057289227200308,0.8826861047800726
SOGRAZEPIDE,0.2143343448050847,0.1665129636602629,0.8826861047800726
INC-280,0.21646492532399997,0.16147343664677427,0.8826861047800726
SB-239063,0.21848114625299997,0.13156772142478126,0.8826861047800726
PROPYPHENAZONE,0.219260647338588,0.11947650601517418,0.8826861047800726
SGC-CBP30,0.22016620329935,0.10983957040843088,0.8826861047800726
ALPHA-ASARONE,0.22052489382375395,0.1601562436939864,0.8826861047800726
L-365260,0.2212874942945,0.08281501228681891,0.8826861047800726
MIBEFRADIL,0.22140314199577,0.14217871131647428,0.8826861047800726
U-50488-(-),0.22155513847650002,0.16534647093868438,0.8826861047800726
NIMESULIDE,0.22309714909050002,0.09149822207059187,0.8826861047800726
FAMOTIDINE,0.2232900217852,0.16273574992337358,0.8826861047800726
SULFISOMIDIN,0.2241876437808665,0.06787026808952695,0.8826861047800726
BIAPENEM,0.224696650911458,0.09803674233212772,0.8826861047800726
3-INDOLEBUTYRIC-ACID,0.22575502305669998,0.1051504710990894,0.8826861047800726
RIPAZEPAM,0.2263958465756,0.13245686942015078,0.8826861047800726
PILARALISIB,0.226440139373,0.11400165955683311,0.8826861047800726
AM679,0.227004378031038,0.07399494695391419,0.8826861047800726
SPERMIDINE,0.22736992859674002,0.12193090289235209,0.8826861047800726
MOSAPRIDE,0.22780185281949994,0.14351204104878312,0.8826861047800726
GRANISETRON,0.22950378633424998,0.14750139990263275,0.8826861047800726
HEXAMINOLEVULINATE,0.22993146933570002,0.11933210366927446,0.8826861047800726
BMS-182874,0.2303558958665989,0.09290179754672058,0.8826861047800726
HLCL-61,0.23264491046416746,0.13284330966269112,0.8826861047800726
ISOSORBIDE-MONONITRATE,0.2328504672043,0.16733400128323495,0.8826861047800726
DBPR-211,0.2345022747908755,0.1368608955384091,0.8826861047800726
DALFOPRISTIN,0.2357187653820449,0.11947650601517418,0.8826861047800726
ADD-233089,0.2358808671599,0.10158844207157977,0.8826861047800726
BAY-60-7550,0.23608873782469061,0.06518233403950342,0.8826861047800726
PF-03882845,0.2374888286843809,0.14528778909526718,0.8826861047800726
NS-9283,0.23827114584202702,0.11182220941788992,0.8826861047800726
CITCO,0.2398455785857,0.13747891490759204,0.8826861047800726
BICUCULLINE-METHOCHLORIDE-(-),0.24194693061599998,0.11482239480478515,0.8826861047800726
TEIJIN-COMPOUND-1,0.24254127253521002,0.13728454436061707,0.8826861047800726
MOCLOBEMIDE,0.24332021136000004,0.10847357221228462,0.8826861047800726
ASP3026,0.24587085311463,0.13012608394188252,0.8826861047800726
BUMETANIDE,0.2461232829637,0.09348056312114522,0.8826861047800726
BOSENTAN,0.2462661370577,0.10336029919474231,0.8826861047800726
H-151,0.2474699773074722,0.15113347939903893,0.8826861047800726
ELIPRODIL,0.24776313447,0.15655277041867785,0.8826861047800726
RACECADOTRIL,0.2490297709457,0.07561419777212666,0.8826861047800726
OGLEMILAST,0.2493469704045,0.14176300534085318,0.8826861047800726
ACPC,0.24968733066335,0.0662023869042084,0.8826861047800726
FLUPIRTINE,0.24975829431538465,0.0639519780524364,0.8826861047800726
PREDNISOLONE-TEBUTATE,0.25018586934950005,0.1458543009520568,0.8826861047800726
ACENOCOUMAROL,0.250319241264,0.16162109726259288,0.8826861047800726
CICLESONIDE,0.2511322762519,0.09514378649270128,0.8826861047800726
YM-976,0.25122511080445,0.12651196442928703,0.8826861047800726
URAPIDIL,0.25170815846000005,0.14262982511340466,0.8826861047800726
GUANIDINE,0.25171399570499997,0.12037180450640662,0.8826861047800726
MACELIGNAN,0.25204067062633884,0.07588458536174608,0.8826861047800726
GNE-7915,0.252134786298571,0.13916462123876386,0.8826861047800726
ALANOSINE,0.252584127548536,0.07052571701602933,0.8826861047800726
MANDELIC-ACID,0.2531158007037966,0.15509013728348717,0.8826861047800726
RIZATRIPTAN,0.25366315147519997,0.14637212668930885,0.8826861047800726
SB-242235,0.2543279573753,0.12470561997801305,0.8826861047800726
JTE-013,0.25445748622602377,0.09123816162426332,0.8826861047800726
MECYSTEINE,0.2546378565761921,0.12089385010718055,0.8826861047800726
NK-252,0.25497202347923603,0.15760776826486445,0.8826861047800726
GTP-14564,0.25568944405805,0.09630208347846794,0.8826861047800726
SCH-23390,0.2594533065362,0.08453850086230459,0.8826861047800726
HPPH,0.259834852550514,0.11541289926857193,0.8826861047800726
SUCCINIC-ACID,0.26024343859300003,0.0675998902509765,0.8826861047800726
CLOPAMIDE,0.26044901804845,0.12321449318347268,0.8826861047800726
GSK1562590,0.262411971964835,0.07171528679303835,0.8826861047800726
JI-101,0.2637609144083687,0.1406213683877854,0.8826861047800726
LINSITINIB,0.26439424684650004,0.11201719036051168,0.8826861047800726
PLUMBAGIN,0.264670110882927,0.1462550751525211,0.8826861047800726
PRECLAMOL,0.2648482424959,0.12578106287195917,0.8826861047800726
GLY-GLN,0.26517176273599996,0.16387106820694552,0.8826861047800726
N-METHYLLIDOCAINE-IODIDE,0.265753732024,0.09421398498180542,0.8826861047800726
SULMAZOLE,0.26649557814900005,0.12003405983297952,0.8826861047800726
LEMBOREXANT,0.26672399906235,0.1486356560975258,0.8826861047800726
GSK656,0.266921273988028,0.07326579659951508,0.8826861047800726
GW-311616,0.2675036020343531,0.16560248483061546,0.8826861047800726
LIDAMIDINE,0.2679596924648,0.13808299621222947,0.8826861047800726
CEFACLOR,0.26827287285055,0.16307679892128624,0.8826861047800726
SULFANITRAN,0.2688488822549999,0.14917754616455114,0.8826861047800726
NPY-5RA972,0.2703648501939,0.09762973415843633,0.8826861047800726
GW-0742,0.27157380244490004,0.16681234136120837,0.8826861047800726
ATOVAQUONE,0.27292769691694996,0.09980123090004811,0.8826861047800726
RELEBACTAM,0.27416066327351996,0.09974684555390095,0.8826861047800726
"1S,2R-PHENYLPROPANOLAMINE",0.27534659757535,0.08923028318703066,0.8826861047800726
SODIUM-BUTYRATE,0.275609944092,0.11705617211044052,0.8826861047800726
IMILOXAN,0.2756848726458,0.09674404828414829,0.8826861047800726
NCX-1015,0.2764748559175245,0.15113347939903893,0.8826861047800726
CP-94253,0.2790151644094153,0.07036744065666943,0.8826861047800726
CLOXYQUIN,0.27988491636150004,0.1458543009520568,0.8826861047800726
SB-271046,0.28134736293100004,0.10895428166956382,0.8826861047800726
GS-9973,0.28147569794245,0.09342144711218385,0.8826861047800726
SNG-1153,0.2846629524854243,0.08830043773258742,0.8826861047800726
IOXILAN,0.28636146074415003,0.1177502445676931,0.8826861047800726
2-CHLORO-N6-CYCLOPENTYLADENOSINE,0.28659430940349995,0.13831424646796903,0.8826861047800726
HOKU-81,0.291005776314041,0.1462550751525211,0.8826861047800726
SMI-4A,0.2915035455203,0.09590968838501784,0.8826861047800726
ALMOREXANT,0.2916341679105,0.07248928087848484,0.8826861047800726
HISTAMINE,0.29174763342199994,0.06393650242286868,0.8826861047800726
ELN-441958,0.291971388190832,0.09114279884429305,0.8826861047800726
PCA-4248,0.29316189525950004,0.14677899247669435,0.8826861047800726
UNC0642,0.2950012167285,0.15635031588560913,0.8826861047800726
BETAMETHASONE-VALERATE,0.29505180585449997,0.07272916665356745,0.8826861047800726
NICOTINE,0.3007295006911,0.1655675708358728,0.8826861047800726
SP-420,0.30102016518865,0.10042517436963744,0.8826861047800726
1-PHENYLBIGUANIDE,0.3015507600311,0.14677899247669435,0.8826861047800726
BENZTHIAZIDE,0.30218346194800005,0.15109503967246132,0.8826861047800726
SUCCINOBUCOL,0.3033150692341273,0.06657370494516374,0.8826861047800726
FONDAPARINUX,0.3051945106308427,0.15113347939903893,0.8826861047800726
ATPA,0.305911249592,0.14917754616455114,0.8826861047800726
JNJ-39758979,0.30672405653023305,0.15361871278888012,0.8826861047800726
ADRENALONE,0.30701043362150005,0.1571990191464523,0.8826861047800726
CARBAZOCHROME,0.31062509834135,0.13288021651330473,0.8826861047800726
RS-79948,0.3131323389629,0.09089471694772233,0.8826861047800726
COMPOUND-58112,0.315986926535154,0.10670454563170358,0.8826861047800726
PYRANTEL-PAMOATE,0.31916093911585913,0.16534647093868438,0.8826861047800726
TC-I-2014,0.3196734804821655,0.12507911068849092,0.8826861047800726
PHENOLPHTHALEIN,0.32465217512699995,0.0948197397772788,0.8826861047800726
LEVOTHYROXINE,0.32690948709400003,0.08482169867991089,0.8826861047800726
NFKB-ACTIVATION-INHIBITOR-II,0.32906901979085734,0.06644811930100689,0.8826861047800726
BECLOMETHASONE,0.3337780571819,0.10158195038656852,0.8826861047800726
CHLORPROPAMIDE,0.33786462001599993,0.10159444079170651,0.8826861047800726
CILOFEXOR,0.3412949627436234,0.08201230950705508,0.8826861047800726
DEXTROAMPHETAMINE,0.34142434310895,0.15349962076728008,0.8826861047800726
DIACEREIN,0.34199186013500005,0.14772041346262157,0.8826861047800726
CLOBETASONE-BUTYRATE,0.343013810752,0.11519115371296933,0.8826861047800726
HYCANTHONE,0.347752549148,0.07428366472558044,0.8826861047800726
SKLB1002,0.348325613072,0.14441004748867284,0.8826861047800726
BICTEGRAVIR,0.3515040306356073,0.09845545371426483,0.8826861047800726
KO143,0.35632972140875296,0.07399494695391419,0.8826861047800726
ORIDONIN,0.3607503813115,0.08327596541454103,0.8826861047800726
ST-1859,0.3612642720973,0.10696516334995025,0.8826861047800726
CPI-169,0.362284171306392,0.12937647266146796,0.8826861047800726
TIOCONAZOLE,0.362815619774,0.07171528679303835,0.8826861047800726
INDIPLON,0.3628226374261,0.15562173989283146,0.8826861047800726
PBT-1033,0.364160118922746,0.1279392305998501,0.8826861047800726
OSIMERTINIB,0.37014295895425,0.15349962076728008,0.8826861047800726
DICLOXACILLIN,0.372636725503,0.06383275850875025,0.8826861047800726
DANOPREVIR,0.3730475216027,0.15760776826486445,0.8826861047800726
BETAMETHASONE-ACETATE,0.37460048749275,0.1301949431415708,0.8826861047800726
MPS1-IN-1,0.3760613082253902,0.11681897701830557,0.8826861047800726
DIZOCILPINE-(+),0.377736347953,0.15160590066199225,0.8826861047800726
BEPRIDIL,0.378326512806,0.1540642460709617,0.8826861047800726
LENIOLISIB,0.38084701945661803,0.1453242518496551,0.8826861047800726
SQ-109,0.3862027416838,0.08763050054055095,0.8826861047800726
BELIZATINIB,0.38912655869093704,0.15613489576329007,0.8826861047800726
CAPTOPRIL,0.3991982894031,0.13491828915319531,0.8826861047800726
TCS-2210,0.4005208617436121,0.10710332176347213,0.8826861047800726
DIPHENCYPRONE,0.40743862798265,0.11724727774302848,0.8826861047800726
5-FLUOROURACIL,0.408192219576,0.16147343664677427,0.8826861047800726
PPT,0.411002603458,0.09290179754672058,0.8826861047800726
CI-953,0.4138191367349351,0.06529761023841921,0.8826861047800726
TRICIRIBINE-PHOSPHATE,0.41762394480323595,0.1665129636602629,0.8826861047800726
DALFAMPRIDINE,0.4232915224991,0.15260316210028718,0.8826861047800726
PAC-1,0.42335064536767,0.07561419777212666,0.8826861047800726
MENADIONE,0.428862974336,0.14405343351360522,0.8826861047800726
FENOFIBRATE,0.42957435200039995,0.10270489917038023,0.8826861047800726
DCEBIO,0.4331762410673,0.09123816162426332,0.8826861047800726
SM-164,0.444250163238787,0.13831424646796903,0.8826861047800726
REVERSINE,0.45232193944745,0.1679885882887553,0.8826861047800726
RAUWOLSCINE,0.45370769798347194,0.09803918650374255,0.8826861047800726
9-AMINOACRIDINE,0.4700891936265,0.06374352786342442,0.8826861047800726
3-AMINO-BENZAMIDE,0.48121720526799994,0.10068631071603047,0.8826861047800726
AM-251,0.482383100911,0.07854680955335082,0.8826861047800726
EZUTROMID,0.48769864024500004,0.11316349525176725,0.8826861047800726
CFI-400945,0.5254590716151151,0.16273574992337358,0.8826861047800726
RUTAECARPINE,0.526035877938,0.15014665183829976,0.8826861047800726
PJ-34,0.5290017642045001,0.16596082422730807,0.8826861047800726
CLOCORTOLONE-PIVALATE,0.5381868193354999,0.13072830478560957,0.8826861047800726
HYOSCYAMINE,0.55569331194753,0.12260161158027294,0.8826861047800726
CERITINIB,0.5565557438800002,0.08125833955638069,0.8826861047800726
BETA-LAPACHONE,0.5767837605455,0.08763050054055095,0.8826861047800726
LY3023414,0.5852253567800001,0.13942545028815123,0.8826861047800726
NPS-2407,0.594160125073987,0.10204061584377214,0.8826861047800726
RESIBUFOGENIN,0.6151542546272001,0.12281842995603014,0.8826861047800726
DOCETAXEL,0.6521287594109999,0.12235241729585651,0.8826861047800726
TASELISIB,0.6533582702563,0.14295796985611683,0.8826861047800726
GK921,0.6571984520152001,0.16534647093868438,0.8826861047800726
DIGITOXIGENIN,0.6599442040249999,0.11090984731860608,0.8826861047800726
NAVITOCLAX,0.6719767835430001,0.13585187833627813,0.8826861047800726
MERIMEPODIB,0.70704887933895,0.13197729898864027,0.8826861047800726
ZM-306416,0.7082559936480001,0.1685419262717197,0.8826861047800726
NGD-98-2,0.778717367527725,0.08798276885477214,0.8826861047800726
OXALIPLATIN,0.780091300866,0.06470688023126285,0.8826861047800726
JTC-801,0.8030339937480001,0.06484635116182731,0.8826861047800726
AZD4573,0.94346656668126,0.08830043773258742,0.8826861047800726
PUROMYCIN,1.0769189846300002,0.08923028318703066,0.8826861047800726
ENTINOSTAT,1.198875270839,0.1403422479977757,0.8826861047800726
AMRUBICIN,-0.8993584005411599,0.1691866115840288,0.8853307659851285
ROCURONIUM,-0.25995812625869996,0.1697155951162329,0.8859042226124941
MK-3697,0.0923618286522,0.16945450348593716,0.8859042226124941
TALINOLOL,0.23425669137400001,0.1697155951162329,0.8859042226124941
CLONIXIN-LYSINATE,-0.2544314622685,0.16987748144730264,0.886019423811981
PD-173074,-0.5718434224965,0.1706622810155234,0.8879202584526861
SN-2,-0.153751294813499,0.17058108269621308,0.8879202584526861
TC-F-2,0.13051590577879701,0.17058108269621308,0.8879202584526861
ARQ-621,-1.3206744807552302,0.18028794638930257,0.8883354016200109
PIM-447,-1.16577464053896,0.18020444747593967,0.8883354016200109
ELDECALCITOL,-0.7071856758790349,0.18167629485553638,0.8883354016200109
ZM-447439,-0.61824350837,0.17887456279784653,0.8883354016200109
NS-1643,-0.5011651893996235,0.17887456279784653,0.8883354016200109
DMH1,-0.4818034730615,0.17646594632170698,0.8883354016200109
LIFIRAFENIB,-0.38577794238375107,0.17336772558385616,0.8883354016200109
AMYLENE-HYDRATE,-0.35459787240019996,0.17687009084515137,0.8883354016200109
AM-281,-0.2963327643785,0.1775692322711956,0.8883354016200109
DIPRAGLURANT,-0.286541126719,0.17336772558385616,0.8883354016200109
APTIGANEL,-0.2804961679157,0.18006789065876927,0.8883354016200109
CASTANOSPERMINE,-0.26394845549240004,0.17336772558385616,0.8883354016200109
NOMEGESTROL-ACETATE,-0.250661244792,0.17646594632170698,0.8883354016200109
L-NIL,-0.24704247925810002,0.18033745259946843,0.8883354016200109
RIBITOL,-0.24449709254499996,0.17358372427491253,0.8883354016200109
KIFUNENSINE,-0.2424997913835,0.1815595420635553,0.8883354016200109
BETHANECHOL,-0.23862900662449998,0.17978353739493658,0.8883354016200109
CYM-50358,-0.2261274839466323,0.17791229158660438,0.8883354016200109
DUVELISIB,-0.22531654906274998,0.1791680587737985,0.8883354016200109
PAEONIFLORIN,-0.2141538564750795,0.18167629485553638,0.8883354016200109
ROXATIDINE-ACETATE,-0.21355118394350003,0.1790231979347311,0.8883354016200109
FPL-12495,-0.20976202897859647,0.18028794638930257,0.8883354016200109
ICI-89406,-0.20903583686953,0.1761050958113093,0.8883354016200109
BREMELANOTIDE,-0.20725456829815,0.17268519012352035,0.8883354016200109
BENZOXIQUINE,-0.19727070393085,0.17091074147119112,0.8883354016200109
EPHEDRINE,-0.19071265553349998,0.17628782165516843,0.8883354016200109
TINORIDINE,-0.1824778196620625,0.1718926196169146,0.8883354016200109
TIMONACIC,-0.1756038004347,0.17646594632170698,0.8883354016200109
GW-842166,-0.17053912988050002,0.17887456279784653,0.8883354016200109
ACIPIMOX,-0.16407371578200014,0.1815595420635553,0.8883354016200109
LERISETRON,-0.16062314960800003,0.17856536396442735,0.8883354016200109
ETHYL-VANILLIN,-0.16057357233249997,0.1711530391985605,0.8883354016200109
FILGOTINIB,-0.15639840539400002,0.18046704278981962,0.8883354016200109
INDALPINE,-0.1139354478510688,0.1765289147526533,0.8883354016200109
BW-616U,-0.10772635757143151,0.17282861084833245,0.8883354016200109
CAPADENOSON,-0.10433189402899999,0.1775692322711956,0.8883354016200109
FORMONONETIN,-0.10186074198950001,0.17887456279784653,0.8883354016200109
PAFURAMIDINE,-0.08883463507865,0.17646594632170698,0.8883354016200109
N-METHYLQUIPAZINE,-0.0848977406551,0.1791680587737985,0.8883354016200109
CABOTEGRAVIR,-0.08016626738460941,0.18028794638930257,0.8883354016200109
OTENZEPAD,-0.07626292176999999,0.17212792537171662,0.8883354016200109
SIPONIMOD,-0.0559017097437,0.17840447691734174,0.8883354016200109
CEFODIZIME,-0.05557709359650739,0.17282861084833245,0.8883354016200109
FLUMEQUINE,-0.04041233398485001,0.17591758825040704,0.8883354016200109
QUINETHAZONE,0.03075470690750004,0.17642242898245875,0.8883354016200109
DOFETILIDE,0.05956374036699996,0.17642242898245875,0.8883354016200109
PINDOLOL,0.09066157703215,0.17646594632170698,0.8883354016200109
NHI-2,0.11267848830913155,0.1761050958113093,0.8883354016200109
GLIQUIDONE,0.13822567196005,0.17642242898245875,0.8883354016200109
CAPROMORELIN,0.14259980509133796,0.17463074036336979,0.8883354016200109
ESTRAMUSTINE-PHOSPHATE,0.1462963490208,0.1775692322711956,0.8883354016200109
Y-11,0.14691412455234498,0.18166469969043375,0.8883354016200109
SR-3677,0.14724827475234942,0.17887456279784653,0.8883354016200109
ZOMEPIRAC,0.1514016198049,0.17358372427491253,0.8883354016200109
TCS-HDAC6-20B,0.15252607329272802,0.17791229158660438,0.8883354016200109
BETAZOLE,0.1597273546304,0.17502971738400264,0.8883354016200109
"L-655,708",0.16701491758659998,0.18167629485553638,0.8883354016200109
RO-10-5824,0.1733144774325,0.1746501965104602,0.8883354016200109
NERBACADOL,0.1956521785826,0.1814396334659939,0.8883354016200109
URACIL,0.20312194831485,0.1815595420635553,0.8883354016200109
L-QUISQUALIC-ACID,0.20406335740690001,0.1791680587737985,0.8883354016200109
A-887826,0.2129339096805897,0.18167629485553638,0.8883354016200109
BMS-309403,0.216202880101516,0.18166469969043375,0.8883354016200109
PF-03049423,0.217929763386,0.17856536396442735,0.8883354016200109
GLICLAZIDE,0.21890611420835,0.17646594632170698,0.8883354016200109
CD-1530,0.22121841843149997,0.1790231979347311,0.8883354016200109
PRUVANSERIN,0.22481689460049997,0.17572510886651915,0.8883354016200109
SINCALIDE,0.2507498636104664,0.17463074036336979,0.8883354016200109
INOSITOL-HEXANICOTINATE,0.254604074143575,0.1761050958113093,0.8883354016200109
INARIGIVIR-SOPROXIL,0.271272170643291,0.17463074036336979,0.8883354016200109
MDIVI-1,0.28313178023109997,0.17483277863371705,0.8883354016200109
GSK2982772,0.3053840298069168,0.17463074036336979,0.8883354016200109
EVEROLIMUS,0.35080323446600004,0.1775692322711956,0.8883354016200109
IRGD-PEPTIDE,0.3862052060757465,0.17463074036336979,0.8883354016200109
THIOCOLCHICOSIDE,0.5497867459485,0.1815595420635553,0.8883354016200109
SIROLIMUS,0.64176925706005,0.17336772558385616,0.8883354016200109
DPC,1.58936465793321,0.18020444747593967,0.8883354016200109
AVITINIB,3.0583348856763095,0.1718926196169146,0.8883354016200109
XILOBAM,-0.16301463432750002,0.18190081849643447,0.8887474840492715
LY2606368,-0.9264640891435,0.18434809692120824,0.8898997453904499
PIBOSEROD,-0.31433836303965,0.1842635319461432,0.8898997453904499
EBASTINE,-0.1914807816324,0.18443037491842007,0.8898997453904499
TANAPROGET,-0.15542922573600002,0.18466437828443139,0.8898997453904499
GABEXATE,-0.15461456586105,0.1842635319461432,0.8898997453904499
FENTIAZAC,-0.15403710269010001,0.18323230446936223,0.8898997453904499
EPICATECHIN-GALLATE-(-),-0.15089620109605,0.18434809692120824,0.8898997453904499
GLASDEGIB,-0.0983433490019,0.18451045743826122,0.8898997453904499
MERBARONE,-0.015535223593000025,0.18443037491842007,0.8898997453904499
TITANOCENE-DICHLORIDE,0.04401748279869999,0.18434809692120824,0.8898997453904499
YC-1,0.10260627835936104,0.18451045743826122,0.8898997453904499
CYACETACIDE,0.1349547600735,0.18458843116604307,0.8898997453904499
GATIFLOXACIN,0.142894920677,0.18323230446936223,0.8898997453904499
BMY-7378,0.16731319221192,0.18313760318188077,0.8898997453904499
FELBINAC,0.179043711775,0.18313760318188077,0.8898997453904499
PIRFENIDONE,0.29691525068,0.18466437828443139,0.8898997453904499
GABAZINE,0.36159237133050004,0.18451045743826122,0.8898997453904499
DESLANOSIDE,0.5550957983199996,0.18434809692120824,0.8898997453904499
VU-0364739,0.026252291065775993,0.18547551478232538,0.8931294355437659
SKA-31,0.1183434162088,0.18596984476179756,0.8941509152166246
AMPRENAVIR,0.20453272135790002,0.18590924890963412,0.8941509152166246
LY2109761,-0.3596866765365,0.18741860324902426,0.8963559915389183
ABT-202,-0.31454369488449996,0.18737721307145938,0.8963559915389183
TAVABOROLE,-0.2693121731345,0.18724593837526005,0.8963559915389183
CHOLINE,-0.26804614710265,0.18733467173398888,0.8963559915389183
SM-21,-0.11296563499360003,0.18737721307145938,0.8963559915389183
CORTISONE,-0.0959457333589,0.18741860324902426,0.8963559915389183
PI3K-IN-2,0.4085602995005,0.1872909306282785,0.8963559915389183
GPR120-MODULATOR-1,0.124311967564246,0.18798383813865382,0.8977042820532398
GSK-J1,0.19620359310177768,0.18798383813865382,0.8977042820532398
TIGECYCLINE,-0.36576239090353,0.18881122642356574,0.8978651160474741
OXYMATRINE,-0.3549187389935,0.19027672128192996,0.8978651160474741
CARBARSONE,-0.2685221142354155,0.19027672128192996,0.8978651160474741
AMRINONE,-0.2535083342469,0.19027259857560452,0.8978651160474741
KT-433,-0.23431309841700002,0.19026830755341173,0.8978651160474741
WWL-123,-0.1874921567490869,0.1893451284778197,0.8978651160474741
ETHIMIZOL,-0.14987558066165002,0.19028449595262076,0.8978651160474741
M8-B,-0.13371339542792932,0.19027672128192996,0.8978651160474741
DIPIVEFRINE,0.1563301664735,0.19027672128192996,0.8978651160474741
ANTALARMIN,0.1601626341452173,0.1893451284778197,0.8978651160474741
SDZ-220-040,0.183497453968048,0.19027672128192996,0.8978651160474741
PROPANTHELINE,0.2620032389584,0.19028068436221934,0.8978651160474741
NARATRIPTAN,0.273429399506,0.18883433519464232,0.8978651160474741
DOSULEPIN,0.33143503412200004,0.18885679815337664,0.8978651160474741
CANGRELOR,0.3923152865578478,0.18881122642356574,0.8978651160474741
RIMEXOLONE,0.559853786747,0.18885679815337664,0.8978651160474741
DOVITINIB,-0.43770594672999996,0.19320913852772414,0.8992789114373224
BENZYDAMINE,-0.32141678124999995,0.19324431827386546,0.8992789114373224
ALLYLTHIOUREA,-0.3161162067958,0.19317482491946691,0.8992789114373224
ICI-63197,-0.2138134505714,0.19320913852772414,0.8992789114373224
LEVALLORPHAN,-0.18138801988755002,0.19317482491946691,0.8992789114373224
A-784168,-0.1774968568961193,0.19320913852772414,0.8992789114373224
AZD1283,-0.1605470709987,0.19173122938000642,0.8992789114373224
TOLOXATONE,-0.14129334911925,0.19328039725069168,0.8992789114373224
R-1479,-0.0996102863872,0.1931413459544633,0.8992789114373224
NNC-55-0396,-0.05115447553700002,0.19173122938000642,0.8992789114373224
BUCLADESINE,-0.049899685776299996,0.19173122938000642,0.8992789114373224
VU1545,0.1524190664613243,0.19327392258883436,0.8992789114373224
DROSPIRENONE,0.16238370330059998,0.191794374938426,0.8992789114373224
METIXENE,0.17545866595399998,0.1917163308369122,0.8992789114373224
CARMOXIROLE,0.18181084794000002,0.19173122938000642,0.8992789114373224
CEFADROXIL,0.19447211470140002,0.19317482491946691,0.8992789114373224
CETRORELIX,0.2239554722401,0.19328039725069168,0.8992789114373224
ACEXAMIC-ACID,0.23455972056500002,0.1917163308369122,0.8992789114373224
D-157495,0.26536072512196196,0.1917464710884792,0.8992789114373224
JK-184,-0.6712619026150002,0.19617461812815518,0.899585334028304
Y-27152,-0.45381653273050004,0.1962499903498347,0.899585334028304
TRIDIHEXETHYL,-0.3881135976095,0.19602958014194616,0.899585334028304
DEHYDROEPIANDROSTERONE,-0.37632833995500004,0.1962499903498347,0.899585334028304
BIA-10-2474,-0.3368614365992562,0.19471514090395958,0.899585334028304
CG-400549,-0.2561463312772,0.1962499903498347,0.899585334028304
NARINGIN-DIHYDROCHALCONE,-0.2002255074094,0.19617461812815518,0.899585334028304
OXF-BD-02,-0.18837127108795343,0.19617461812815518,0.899585334028304
PF-750,-0.18545326191380435,0.19617461812815518,0.899585334028304
ROBLITINIB,-0.17163444062376845,0.19617461812815518,0.899585334028304
LUFENURON,-0.1511804024415,0.1961011723557845,0.899585334028304
FENOTEROL,-0.0997038343336,0.19460758312492432,0.899585334028304
TULRAMPATOR,-0.04639672683967096,0.19617461812815518,0.899585334028304
CHLORQUINALDOL,0.11283596871355,0.1962499903498347,0.899585334028304
SANAZOLE,0.1335569129274975,0.19591947802979204,0.899585334028304
ZOPOLRESTAT,0.17041863472505,0.1963273657820963,0.899585334028304
CYTOCHLOR,0.180404919360406,0.19617461812815518,0.899585334028304
PENTOBARBITAL,0.19980419742740002,0.19602958014194616,0.899585334028304
IBC-293,0.201464859698,0.19617461812815518,0.899585334028304
U-0126,0.4712138806971,0.19617461812815518,0.899585334028304
DELANZOMIB,0.4819800244699999,0.19460758312492432,0.899585334028304
VU0238429,-1.5054349549300001,0.19762283342088072,0.9000970576870241
PRT062070,-0.5705649942087,0.19762283342088072,0.9000970576870241
ACEBUTOLOL,-0.207972615473,0.19762283342088072,0.9000970576870241
ONO-4059,-0.185443521971437,0.19726226881873632,0.9000970576870241
FENOBAM,-0.1597198982286,0.1975306981478967,0.9000970576870241
AVORALSTAT,-0.05047639642820009,0.19771739061075233,0.9000970576870241
FIACITABINE,0.148415970146,0.19762283342088072,0.9000970576870241
5-IODO-A-85380,0.1653653560995,0.1975306981478967,0.9000970576870241
KU14R,0.20082458013300003,0.19762283342088072,0.9000970576870241
BP-897,-0.1996345118955,0.19917331019394802,0.9039035861344522
LORNOXICAM,-0.1892023514105,0.19905987106194167,0.9039035861344522
SACUBITRIL,0.08634082172850005,0.19894933747288923,0.9039035861344522
7-METHOXYTACRINE,0.09209420710890001,0.1994093756376778,0.9039035861344522
EUK-134,0.191648336544673,0.19917331019394802,0.9039035861344522
DEXAMETHASONE,0.25770962225469995,0.1994093756376778,0.9039035861344522
CEVIPABULIN,-1.5095529407741046,0.19997815619594206,0.9045407393388185
LPA2-ANTAGONIST-1,-0.4987699353958479,0.19997815619594206,0.9045407393388185
SR-3306,0.6098227216976748,0.19997815619594206,0.9045407393388185
RAF709,-0.961848208845533,0.20075337161865425,0.9048180056524978
CILUPREVIR,0.0525997383212613,0.20075337161865425,0.9048180056524978
TOZADENANT,0.1920066542934,0.20061783768694486,0.9048180056524978
RETAGLIPTIN,0.22572304223864312,0.20075337161865425,0.9048180056524978
BUPIVACAINE,0.40037803909200004,0.20061783768694486,0.9048180056524978
TG-100713,-0.331115515695,0.20190075395362372,0.9068473999931136
2-AMINOBENZENESULFONAMIDE,-0.20592763030735,0.20190075395362372,0.9068473999931136
ZONISAMIDE,-0.18444216682985,0.20220536155756186,0.9068473999931136
DESOXIMETASONE,0.12207814415500001,0.20205106231919023,0.9068473999931136
INDIRUBIN-3-MONOXIME,0.158924694795,0.20220536155756186,0.9068473999931136
AMI-1,0.1826522650830166,0.20220536155756186,0.9068473999931136
CGP-55845,0.2123463003425,0.20220536155756186,0.9068473999931136
PIPERAZINEDIONE,0.1771693096516,0.20252658565594883,0.9076456671158046
FENDILINE,-0.33345803953500003,0.20364583439178174,0.9095970568799648
FIRATEGRAST,-0.30445870702300004,0.20347307386934688,0.9095970568799648
BENZYLPENICILLIN,-0.11556589113100002,0.20364583439178174,0.9095970568799648
SUPROFEN,0.1885112762431,0.2038232319345984,0.9095970568799648
12-O-TETRADECANOYLPHORBOL-13-ACETATE,0.35430663335299994,0.20347307386934688,0.9095970568799648
ETHYNYLCYTIDINE,1.9050238907797201,0.2038232319345984,0.9095970568799648
GLPG0492,-0.175374467620305,0.20409789310190107,0.910181807590955
TCS-359,-0.22714716100521,0.2050748842341773,0.9102881685195364
3-AQC,-0.1726797016689,0.20527091570371114,0.9102881685195364
SKF-86002,0.08372244934599998,0.20527091570371114,0.9102881685195364
ZACOPRIDE,0.1331591611546,0.20527091570371114,0.9102881685195364
UPADACITINIB,0.14594284998317064,0.20527091570371114,0.9102881685195364
PIDOTIMOD,0.15950421782260002,0.20488396257796893,0.9102881685195364
SB-218795,0.34049358862,0.20527091570371114,0.9102881685195364
2-METHOXYESTRADIOL,0.35253273779759997,0.20488396257796893,0.9102881685195364
CD-437,-0.6026940712800002,0.20670696264184285,0.9117206786305841
AZATHIOPRINE,-0.37361517886670004,0.2064926055883508,0.9117206786305841
IODOANTIPYRINE,-0.3492944510159,0.2086152728443028,0.9117206786305841
BTZ043-RACEMATE,-0.300310061688,0.20837011270011252,0.9117206786305841
BITHIONOL,-0.29508365901788003,0.2081314716740662,0.9117206786305841
IVERMECTIN,-0.2588099568493,0.20762480429016172,0.9117206786305841
GW274150,-0.1479065730705714,0.2069271160909587,0.9117206786305841
PLINABULIN,-0.09074618695500014,0.20837011270011252,0.9117206786305841
SOLRIAMFETOL,-0.027986723915083,0.2069271160909587,0.9117206786305841
VU0360172,0.076217659711936,0.20837011270011252,0.9117206786305841
EPIRIZOLE,0.12809217337835,0.2086152728443028,0.9117206786305841
CANERTINIB,0.16660182382619998,0.20670696264184285,0.9117206786305841
ELACRIDAR,0.18953225864899997,0.2081314716740662,0.9117206786305841
EC-23,0.2269979434988038,0.20827903970656647,0.9117206786305841
DEXAMETHASONE-ACETATE,0.2282346981215,0.2064926055883508,0.9117206786305841
SRT2104,0.2303328032782,0.20589180550615982,0.9117206786305841
BRUCINE,0.252258336466,0.20670696264184285,0.9117206786305841
SOFALCONE,0.31339706952150004,0.20837011270011252,0.9117206786305841
METAPROTERENOL,0.33027674083600006,0.2081314716740662,0.9117206786305841
GDC-0941,0.39046365347605,0.20789909326640066,0.9117206786305841
TUCIDINOSTAT,0.501538340979811,0.2069271160909587,0.9117206786305841
VER-49009,-0.94547955575,0.20980135818339662,0.9118732556983432
BRIVARACETAM,-0.4725660419855,0.20912624845379257,0.9118732556983432
VARESPLADIB,-0.18849895366899996,0.20937284031857017,0.9118732556983432
UNC0646,-0.1593457794398,0.20912624845379257,0.9118732556983432
TARGININE,-0.10171611389330001,0.20954454195774253,0.9118732556983432
RWJ-50271,-0.04646160091820001,0.20958817924736362,0.9118732556983432
FTORAFUR,0.2189234187904,0.20980135818339662,0.9118732556983432
ZOSUQUIDAR,0.2386692491261,0.20954454195774253,0.9118732556983432
CEP-32496,-0.774560715099,0.21646612921282904,0.9137972263053233
PFK-158,-0.61508558234035,0.2155303731701792,0.9137972263053233
VINORELBINE,-0.5880031457000001,0.2178709087661006,0.9137972263053233
AVEX-73,-0.45419616581202205,0.21323751625325738,0.9137972263053233
GENZ-644282,-0.44400395907500023,0.21500552015064378,0.9137972263053233
SU16F,-0.31357504754860804,0.21323751625325738,0.9137972263053233
OR-486,-0.2814737083541567,0.21150308912848736,0.9137972263053233
PNU-120596,-0.26962038390200005,0.21825303183953526,0.9137972263053233
SUCCINYLSULFATHIAZOLE,-0.26938764466450005,0.214343466012193,0.9137972263053233
REPARIXIN,-0.25689616082100003,0.21262901049073957,0.9137972263053233
VOCLOSPORIN,-0.2547843066798765,0.2178709087661006,0.9137972263053233
SAFINAMIDE,-0.24653966163409996,0.21713726954961043,0.9137972263053233
CP-640186,-0.24474272893453594,0.2178709087661006,0.9137972263053233
DIDOX,-0.2212674657582,0.21864593194950654,0.9137972263053233
VERINURAD,-0.21661806085325003,0.21570523422799714,0.9137972263053233
PHLOROGLUCIN,-0.188373388712265,0.21094627280543632,0.9137972263053233
CHLORCYCLIZINE,-0.184144670377,0.2178709087661006,0.9137972263053233
AMFEPRAMONE,-0.1839184434983,0.21402562478726017,0.9137972263053233
PHENTERMINE,-0.17633696690950001,0.21402562478726017,0.9137972263053233
CINOXACIN,-0.17312164316310003,0.21292915333588414,0.9137972263053233
5-HMF,-0.17153572086905,0.21150308912848736,0.9137972263053233
DORSOMORPHIN,-0.16767779749840514,0.21150308912848736,0.9137972263053233
PROTRIPTYLINE,-0.1662016534656,0.21179297857793722,0.9137972263053233
PANTETHINE,-0.16619972508949998,0.21535047188470002,0.9137972263053233
ECABAPIDE,-0.16127371092199996,0.2188960374832698,0.9137972263053233
AMPROLIUM,-0.15944294708860002,0.21609047692555905,0.9137972263053233
HA-966-(S)-(-),-0.15817404246800004,0.21713726954961043,0.9137972263053233
ARECAIDINE-PROPARGYL-ESTER,-0.15471499770949998,0.2188960374832698,0.9137972263053233
LEVOCARNITINE,-0.15348660590500002,0.21463804973859402,0.9137972263053233
CYROMAZINE,-0.12276941590700008,0.21749912586688236,0.9137972263053233
CYM-5442,-0.11135334003251401,0.2138182381929722,0.9137972263053233
PARICALCITOL,-0.10793086556199999,0.2188960374832698,0.9137972263053233
THIOPHANATE,-0.08444218401720002,0.2112209562018954,0.9137972263053233
FIDARESTAT,-0.043993532712999994,0.21402562478726017,0.9137972263053233
REGORAFENIB,-0.02132205439099999,0.21262901049073957,0.9137972263053233
DIENESTROL,0.023544258122499995,0.21749912586688236,0.9137972263053233
BROXATEROL,0.0584623077176,0.21209094863382028,0.9137972263053233
PIK-75,0.0643198136000005,0.21466997801584897,0.9137972263053233
GSK2879552,0.0747081257849325,0.21682690771792557,0.9137972263053233
METHSUXIMIDE,0.0806971153452,0.214343466012193,0.9137972263053233
BENFOTIAMINE,0.09092828183899998,0.21421544370562107,0.9137972263053233
LEVONORGESTREL,0.123646652715,0.2188960374832698,0.9137972263053233
TROVIRDINE,0.12820511554066044,0.2125219354050587,0.9137972263053233
U-75799E,0.13877945019825097,0.2125219354050587,0.9137972263053233
AZILSARTAN,0.1483726078145,0.21825303183953526,0.9137972263053233
A-7,0.14905252943428,0.21402562478726017,0.9137972263053233
AMPICILLIN,0.1504438553398,0.21535047188470002,0.9137972263053233
PSB-603,0.162606887753053,0.21810954554064965,0.9137972263053233
PROBENECID,0.16272344173844,0.2188960374832698,0.9137972263053233
CHIR-99021,0.16273613325500003,0.21713726954961043,0.9137972263053233
VONOPRAZAN,0.20681151446700002,0.21292915333588414,0.9137972263053233
ASPARTAME,0.238866332911,0.21535047188470002,0.9137972263053233
FERB-033,0.25629224807167,0.21466997801584897,0.9137972263053233
GF109203X,0.26070258262226204,0.21466997801584897,0.9137972263053233
KP-1212,0.270664130195,0.2178709087661006,0.9137972263053233
ESMOLOL,0.33933089192300003,0.21292915333588414,0.9137972263053233
INTEGRIN-ANTAGONIST-1,0.35483021427746375,0.2125219354050587,0.9137972263053233
BAY-1251152,0.4077559300628497,0.21644430330960274,0.9137972263053233
ACY-1215,0.460901135751,0.21179297857793722,0.9137972263053233
BENZONATATE,0.4695952999035,0.21749912586688236,0.9137972263053233
ETAFENONE,-0.1935391311236,0.21905007088622241,0.9138382483252083
RIPRETINIB,-0.16984843354782897,0.2196856561658197,0.9140827335015098
INDINAVIR,-0.08244097892648,0.2196856561658197,0.9140827335015098
VANIPREVIR,-0.07634374084726869,0.2196856561658197,0.9140827335015098
ADAROTENE,-0.07131797392000028,0.21928545421944123,0.9140827335015098
ORNIDAZOLE,0.35479101068099994,0.2202813241159557,0.9159598103168053
BTB06584,-0.1813174805322663,0.2211060070919768,0.9179489859538539
CKD-712,0.10488779638591501,0.2211942719822526,0.9179489859538539
ISOTIQUIMIDE,0.181652725109115,0.2211942719822526,0.9179489859538539
ROSTAFUROXINE,-0.2596190948284,0.22251420685961,0.9186140253220512
DIPHENIDOL,-0.1973727969447,0.22251420685961,0.9186140253220512
DELTARASIN,-0.13501101793217898,0.22246240599819422,0.9186140253220512
BMS-299897,-0.10483913438760001,0.22251420685961,0.9186140253220512
EMORFAZONE,-0.023000110367599996,0.2219774641011133,0.9186140253220512
THIOPROPERAZINE,0.0007421912650000251,0.2220788341666442,0.9186140253220512
F-11440,0.011461998486895001,0.2219774641011133,0.9186140253220512
ROSCOVITINE,0.17208457039400002,0.22251420685961,0.9186140253220512
INARIGIVIR,-3.72757774304661,0.22296170091592415,0.9191402044472055
DIM-C-PPHCO2ME,-0.71048778428068,0.22437539494735304,0.9191402044472055
TAK-659,-0.28315375977121804,0.22296170091592415,0.9191402044472055
MOEXIPRIL,-0.2624196100648,0.2243821834116817,0.9191402044472055
CLOBUTINOL,-0.1453195455206,0.22437539494735304,0.9191402044472055
ANAGLIPTIN,-0.07775837131512334,0.22437539494735304,0.9191402044472055
ABIRATERONE,0.11572894698500003,0.22437539494735304,0.9191402044472055
FGIN-1-43,0.18523865239600001,0.22345790213598293,0.9191402044472055
ENTECAVIR,0.23719987140995,0.22373076260023605,0.9191402044472055
ALBENDAZOLE-OXIDE,0.24975151866030001,0.22345790213598293,0.9191402044472055
ADL5859,0.25430295978495,0.22437539494735304,0.9191402044472055
FLUDROCORTISONE-ACETATE,0.497509008386,0.22391037721174833,0.9191402044472055
CHOLIC-ACID,-0.23920190269815,0.22485348310362752,0.9192880789856049
AMBRISENTAN,-0.14241861731690003,0.22485348310362752,0.9192880789856049
VICRIVIROC,-0.03776354145000001,0.22485348310362752,0.9192880789856049
LUMACAFTOR,0.1345277790449,0.2252946393384324,0.9201111653827785
PYRONARIDINE,0.1977766565558,0.225345199412036,0.9201111653827785
PUMOSETRAG,-0.19192688167300004,0.2258511337286807,0.9209901122513833
L-701324,0.08384902286939999,0.22577685279786897,0.9209901122513833
MITOQUINONE,0.7737045095212598,0.22627255975553762,0.9221152483413775
EMTRICITABINE,0.1314619726259,0.22666711382642124,0.9225366090674576
PROPYLTHIOURACIL,0.241124862098,0.22666711382642124,0.9225366090674576
AMISULPRIDE,-0.38429700860499993,0.22767919045995755,0.9236895198109801
UNDECYLENIC-ACID,-0.27657346248735903,0.22767919045995755,0.9236895198109801
LAZABEMIDE,-0.226164685584,0.22767919045995755,0.9236895198109801
KETOTIFEN,0.04092061766945,0.22767919045995755,0.9236895198109801
CEFAZOLIN,0.1949918008640695,0.22767919045995755,0.9236895198109801
CCT245737,-1.0931421404273902,0.23101750786451036,0.9242555092961767
TEDIZOLID-PHOSPHATE,-0.5597433273506001,0.23218978233997056,0.9242555092961767
ICG-001,-0.4884360253925,0.2304556372647426,0.9242555092961767
AMONAFIDE,-0.46865794388325,0.23318386156815674,0.9242555092961767
CKI-7,-0.35023984954269294,0.23439045743632136,0.9242555092961767
LATREPIRDINE,-0.32384624145149987,0.22990906591222782,0.9242555092961767
BRL-52537,-0.293960647424,0.2290735062308048,0.9242555092961767
METHYLPARABEN,-0.287146834100187,0.2329991885784659,0.9242555092961767
LY215490,-0.275564531275,0.23439045743632136,0.9242555092961767
BICUCULLINE-(+),-0.2582041902822,0.23439045743632136,0.9242555092961767
OLIGOMYCIN-A,-0.24278887600000004,0.23101750786451036,0.9242555092961767
RO-3306,-0.2367775035363486,0.23135394373771634,0.9242555092961767
CLOBAZAM,-0.22452389218319999,0.23101750786451036,0.9242555092961767
BUTALBITAL,-0.2243512221116,0.23439045743632136,0.9242555092961767
AT13148,-0.22395542294045648,0.23467368067816763,0.9242555092961767
ROTUNDINE,-0.1896729630294,0.23182571289821008,0.9242555092961767
DY131,-0.1724311446381,0.23240427753527104,0.9242555092961767
RESORCINOL,-0.1656557448635,0.23101750786451036,0.9242555092961767
TYRPHOSTIN-AG-1296,-0.1642038946918,0.23240427753527104,0.9242555092961767
TRIFLUSAL,-0.15762080511813645,0.23467368067816763,0.9242555092961767
DANEGAPTIDE,-0.1557916491546,0.23439045743632136,0.9242555092961767
AZACYCLONOL,-0.15473080342599999,0.2340804452156119,0.9242555092961767
PF-06651600,-0.1520101402702329,0.2296183509125873,0.9242555092961767
DEXCHLORPHENIRAMINE,-0.14478433828823,0.2337787941840479,0.9242555092961767
AM211,-0.1356826216870059,0.2329991885784659,0.9242555092961767
ZONIPORIDE,-0.11942021058527719,0.23135394373771634,0.9242555092961767
ACRYLATE,-0.11578604755114609,0.23101750786451036,0.9242555092961767
GPI-1046,-0.0858138344048185,0.23467368067816763,0.9242555092961767
BCX-1470,-0.0661952257019672,0.23011737495822138,0.9242555092961767
BEMPEDOIC-ACID,-0.055836888921649994,0.23280159967287717,0.9242555092961767
HALOPERIDOL-DECANOATE,0.018971276229399994,0.23280159967287717,0.9242555092961767
A-33903,0.041880286896945,0.22874926467765766,0.9242555092961767
QUINELORANE,0.0918314885175,0.2337787941840479,0.9242555092961767
FERULIC-ACID,0.10183176551180001,0.22874926467765766,0.9242555092961767
(R)-(-)-ROLIPRAM,0.1067207790775,0.23101750786451036,0.9242555092961767
CGP-78608,0.121973134711761,0.23101750786451036,0.9242555092961767
MORPHOTHIADIN,0.12462145496324421,0.23101750786451036,0.9242555092961767
AY-9944,0.12855324006078,0.23240427753527104,0.9242555092961767
SUBSTANCE-P,0.13926263193710603,0.23011737495822138,0.9242555092961767
FUCOXANTHIN,0.149593613006263,0.2329991885784659,0.9242555092961767
SQUALAMINE,0.161075036850125,0.2296183509125873,0.9242555092961767
TRIBROMOETHANOL,0.2152242225005645,0.23101750786451036,0.9242555092961767
ARECOLINE,0.2241993397105,0.2304556372647426,0.9242555092961767
TENELIGLIPTIN,0.23645001897650006,0.2315953272954827,0.9242555092961767
ZOTAROLIMUS,0.24332766476989998,0.23218978233997056,0.9242555092961767
DAPOXETINE,0.27002948391799997,0.22990906591222782,0.9242555092961767
MANIDIPINE,0.3212623920675,0.2337787941840479,0.9242555092961767
MERTANSINE,-1.7437169469142204,0.2999514839313815,0.9243824567014277
ERIBULIN,-1.5665360883215502,0.26131988151763996,0.9243824567014277
SP-141,-1.5066796760448902,0.269434366487347,0.9243824567014277
MIVOBULIN,-1.3834794381124005,0.24823064064659717,0.9243824567014277
PF-477736,-1.3266924172900003,0.24320628723583693,0.9243824567014277
METHIAZOLE,-1.043264780233,0.2466134158943596,0.9243824567014277
OSI-930,-1.04303890153,0.2763771724624119,0.9243824567014277
OXIBENDAZOLE,-1.0334823167550002,0.3017546077097534,0.9243824567014277
STF-31,-0.9713381506808001,0.2900053351327968,0.9243824567014277
TOLONIUM,-0.9260076899056502,0.2447181411367333,0.9243824567014277
BARDOXOLONE,-0.9148114205360001,0.23779814542537803,0.9243824567014277
KW-2478,-0.8736167496199998,0.24907446083089846,0.9243824567014277
CABAZITAXEL,-0.84101205274,0.2495734899087494,0.9243824567014277
INOSINE,-0.8303307663206,0.26848417202785035,0.9243824567014277
ENMD-2076,-0.820948882676,0.2592905954583321,0.9243824567014277
TAK-901,-0.813749707495,0.3074516615862165,0.9243824567014277
AT-9283,-0.8112422896550004,0.24124067399094828,0.9243824567014277
TANSHINONE-I,-0.7149687989069999,0.30099830262235894,0.9243824567014277
ISOXSUPRINE,-0.713096683651,0.3034380057765106,0.9243824567014277
PARBENDAZOLE,-0.67400448572,0.26415017572830957,0.9243824567014277
ZSTK-474,-0.664980613507,0.26263268676274076,0.9243824567014277
TEMAZEPAM,-0.6233916688469999,0.26775825977029455,0.9243824567014277
EVACETRAPIB,-0.5952295894449999,0.26322615190962817,0.9243824567014277
MEBENDAZOLE,-0.58568790851,0.26057575921333354,0.9243824567014277
ESTRADIOL,-0.554493089397,0.24573994198946103,0.9243824567014277
AT13387,-0.5538598776599999,0.2813151409046385,0.9243824567014277
VERUBULIN,-0.551534700682,0.29227748139712784,0.9243824567014277
BAICALEIN,-0.5330147435420001,0.2517782620209028,0.9243824567014277
TOFOGLIFLOZIN,-0.5005886064851001,0.2621162491065093,0.9243824567014277
NS-309,-0.4906258266529495,0.2589792065692983,0.9243824567014277
NVP-HSP990,-0.4840324958963249,0.2633537977089865,0.9243824567014277
TETOMILAST,-0.48016294285605604,0.25043278011583603,0.9243824567014277
DOLUTEGRAVIR,-0.47490043415045,0.3051721558255942,0.9243824567014277
APOPTOSIS-ACTIVATOR-II,-0.4672273895108,0.2700460216425329,0.9243824567014277
TRICHOSTATIN-A,-0.4669874101299998,0.2763771724624119,0.9243824567014277
AS-2444697,-0.4656917153575325,0.3011259750761236,0.9243824567014277
EPROSARTAN,-0.4614807109725001,0.3069593511382488,0.9243824567014277
CRENIGACESTAT,-0.4544849593663565,0.24823064064659717,0.9243824567014277
AZD9668,-0.4478279715675,0.27760161354074553,0.9243824567014277
FPL-55712,-0.43694155284850006,0.29011686684957505,0.9243824567014277
LY456236,-0.43169828724900006,0.273806005980345,0.9243824567014277
"2,4-DINITROPHENOL",-0.4292179087425,0.25090384358501006,0.9243824567014277
AMZ30,-0.42898983097249566,0.28920268161264606,0.9243824567014277
API-1,-0.42085550334020017,0.28920268161264606,0.9243824567014277
CYTOCHALASIN-B,-0.417673341825,0.2505251269358999,0.9243824567014277
BAZ2-ICR,-0.40891990965802905,0.281432897346952,0.9243824567014277
FOSFLUCONAZOLE,-0.408768757047623,0.2540260602657679,0.9243824567014277
RWJ-67657,-0.3907108837554325,0.3052258816258875,0.9243824567014277
UPAMOSTAT,-0.389001522163826,0.24335306056352568,0.9243824567014277
LY223982,-0.38037261381265,0.2648127507746577,0.9243824567014277
SITAGLIPTIN,-0.3745140199785001,0.26680496270287246,0.9243824567014277
YM-90709,-0.372315779605778,0.2468751430672521,0.9243824567014277
ADRAFINIL,-0.36497672816369997,0.29433459843984555,0.9243824567014277
TRIMEBUTINE,-0.35982588577549995,0.3096834394156748,0.9243824567014277
VORELOXIN,-0.35775476518650007,0.29011686684957505,0.9243824567014277
1-HEXADECANOL,-0.343285977606,0.28442692099239353,0.9243824567014277
BYK-204165,-0.3353477880465,0.24124067399094828,0.9243824567014277
ERAVACYCLINE,-0.33374722126190015,0.273806005980345,0.9243824567014277
AMG-548,-0.3319628736183126,0.24872473553918228,0.9243824567014277
AMINOCAPROIC-ACID,-0.3313538250458,0.2460706117410868,0.9243824567014277
OUABAIN,-0.3288316405049998,0.25090384358501006,0.9243824567014277
EPZ011989,-0.32159823038926405,0.29436542809529453,0.9243824567014277
BERGAPTEN,-0.32032107905975,0.27506278261295036,0.9243824567014277
NNC-711,-0.31556962324929994,0.2589792065692983,0.9243824567014277
ARTEMISININ,-0.31335124443125,0.24823064064659717,0.9243824567014277
BETAMETHASONE-BUTYRATE-PROPIONATE,-0.312829718040911,0.2687572240719648,0.9243824567014277
PIK-293,-0.310074567,0.28510584138924466,0.9243824567014277
MLN-8054,-0.3023579953250001,0.28379814774272405,0.9243824567014277
SALVIANOLIC-ACID-A,-0.2938382270565667,0.27633863010348436,0.9243824567014277
PALMATINE-CHLORIDE,-0.2909571071775,0.28920268161264606,0.9243824567014277
FUNAPIDE,-0.2907432353858098,0.2364151828396912,0.9243824567014277
PF-8380,-0.28963923488386734,0.28920268161264606,0.9243824567014277
PERGOLIDE,-0.2880390750191,0.25693739706169494,0.9243824567014277
IMETIT,-0.2855560792217,0.30631796498632824,0.9243824567014277
VAL-TYR,-0.28292550173963904,0.2999514839313815,0.9243824567014277
GEMIFLOXACIN,-0.28252883541325,0.3028434570981604,0.9243824567014277
VU152100,-0.2782174177454299,0.2517782620209028,0.9243824567014277
"1,12-BESM",-0.27748730911455,0.29388667113754474,0.9243824567014277
GEFITINIB,-0.2769474371267,0.3092542458393638,0.9243824567014277
AJ76-(+),-0.27611727074735,0.2535276664103102,0.9243824567014277
EBSELEN,-0.27172499193849997,0.2500538487287821,0.9243824567014277
C-751,-0.27150383828705005,0.26775825977029455,0.9243824567014277
UNC0737,-0.27125894977399995,0.2399024644486618,0.9243824567014277
SCLAREOL,-0.2708767712094,0.24335306056352568,0.9243824567014277
RADAFAXINE,-0.27017396379335,0.30221689525553064,0.9243824567014277
FROVATRIPTAN,-0.26807985218845,0.265952437684032,0.9243824567014277
TREMORINE,-0.268052504086,0.24528857121990832,0.9243824567014277
TUCATINIB,-0.26733524788959995,0.28168263492238,0.9243824567014277
PD-153035,-0.26667196921725,0.263706651175011,0.9243824567014277
RUXOLITINIB-(S),-0.2660279723505,0.27878509995720957,0.9243824567014277
URSODEOXYCHOLYLTAURINE,-0.2630030662282,0.266321602736733,0.9243824567014277
ICA-110381,-0.2598852801938712,0.28529990559797047,0.9243824567014277
CLOPERASTINE,-0.24809675306549994,0.25443134340406826,0.9243824567014277
KI16198,-0.24796639575249999,0.26775825977029455,0.9243824567014277
AM095,-0.24771899227199998,0.3051721558255942,0.9243824567014277
CTEP,-0.246916616803,0.28252841574081156,0.9243824567014277
IU1,-0.2447022037599,0.27241110950310077,0.9243824567014277
NQDI-1,-0.24385228034398632,0.2997628531295813,0.9243824567014277
CC-930,-0.2417980402964,0.29711568547842104,0.9243824567014277
BENFLUOREX,-0.24131320005115,0.2589792065692983,0.9243824567014277
QUINIDINE,-0.23999168813149996,0.24320628723583693,0.9243824567014277
DITOLYLGUANIDINE,-0.2378137642015,0.2553610904134863,0.9243824567014277
ISOPROPYL-MYRISTATE,-0.23725695293569998,0.2531662180855818,0.9243824567014277
NICAINOPROL,-0.2355104920842902,0.30811299673592274,0.9243824567014277
DESOXYCORTONE,-0.2327806794465,0.3096834394156748,0.9243824567014277
DINOPROST,-0.23132266668100002,0.23877942380234618,0.9243824567014277
3-(4-METHYLBENZYLIDENE)CAMPHOR,-0.23082597605945,0.2599941803043353,0.9243824567014277
COUMOPHOS,-0.23018841541659996,0.27506278261295036,0.9243824567014277
PARETHOXYCAINE,-0.2296799629843787,0.281432897346952,0.9243824567014277
DIXYRAZINE,-0.2293941953027058,0.3051721558255942,0.9243824567014277
VATINOXAN,-0.22529342203748687,0.29711568547842104,0.9243824567014277
DANTROLENE,-0.22510650479695002,0.3028434570981604,0.9243824567014277
RACLOPRIDE,-0.22268628115015,0.27760161354074553,0.9243824567014277
SALICYL-ALCOHOL,-0.2198460699676,0.3074516615862165,0.9243824567014277
BMS-582949,-0.21829069669209558,0.26263268676274076,0.9243824567014277
CARNITINE-(D/L),-0.2176959449085,0.29314126377464833,0.9243824567014277
"L-732,138",-0.21734260170717898,0.2589792065692983,0.9243824567014277
ROSIGLITAZONE,-0.21697680439,0.2487383186402069,0.9243824567014277
TOZASERTIB,-0.216792161739,0.26775825977029455,0.9243824567014277
FENSPIRIDE,-0.21674064104239998,0.29701414425804706,0.9243824567014277
A-839977,-0.2165250486330223,0.3092542458393638,0.9243824567014277
PLX647,-0.21641972100969284,0.24124067399094828,0.9243824567014277
CPI-1189,-0.21636722101099998,0.2585762519971384,0.9243824567014277
KYNURENIC-ACID,-0.21571632174350003,0.3096834394156748,0.9243824567014277
TH-588,-0.21244060869048448,0.28376711558125955,0.9243824567014277
BENZYLDIMETHYLHEXADECYLAMMONIUM,-0.21155015323575,0.26745553038030745,0.9243824567014277
TREPIBUTONE,-0.2105182981562,0.2435095867650766,0.9243824567014277
LEVOFLOXACIN,-0.21016689288650003,0.26680496270287246,0.9243824567014277
TELATINIB,-0.2073486143563,0.3069593511382488,0.9243824567014277
RIBOFLAVIN,-0.20704413218720003,0.25443134340406826,0.9243824567014277
3-CARBOXY-4-HYDROXYPHENYLGLYCINE-(R),-0.20592713785810002,0.2939620753853588,0.9243824567014277
RISLENEMDAZ,-0.20432222564319868,0.2468751430672521,0.9243824567014277
CYSTEAMINE,-0.20333774415824213,0.2700460216425329,0.9243824567014277
TETRAMISOLE,-0.2030457423616,0.24741062167514716,0.9243824567014277
GUANOSINE,-0.2026589604911,0.3011259750761236,0.9243824567014277
TRAVOPROST,-0.19913353786684002,0.3034380057765106,0.9243824567014277
ZK-811752,-0.19704764408210002,0.23576927320432683,0.9243824567014277
PRILOCAINE,-0.19483557245159,0.27506941476257296,0.9243824567014277
COMPOUND-W,-0.194274929232,0.28008969557044805,0.9243824567014277
Z160,-0.19384398353249999,0.28893093561006855,0.9243824567014277
PHENYLBENZIMIDAZOLE-SULFONIC-ACID,-0.19075387946875,0.2583184602365447,0.9243824567014277
CELIPROLOL,-0.19043340029055,0.2447181411367333,0.9243824567014277
JX-401,-0.18954300694305,0.2725856168937203,0.9243824567014277
HQK-1001,-0.1879446317623,0.24943376514749904,0.9243824567014277
N-ACETYLTRYPTAMINE,-0.1849592779424,0.30570197752491746,0.9243824567014277
TXA127,-0.18483586523329998,0.3096834394156748,0.9243824567014277
IWP-L6,-0.1840250470983,0.278851910448623,0.9243824567014277
L-152804,-0.1790307929774,0.29711568547842104,0.9243824567014277
TRANS-2-UNDECENOIC-ACID,-0.17722890524485002,0.263706651175011,0.9243824567014277
SACUBITRILAT,-0.172353871144414,0.2687572240719648,0.9243824567014277
N-ACETYLCARNOSINE,-0.17182727871535,0.24124067399094828,0.9243824567014277
ALX-5407,-0.17171654740015002,0.3015095006081846,0.9243824567014277
TANDOSPIRONE,-0.17067766303339998,0.27014896899272767,0.9243824567014277
MG-624,-0.1699916498361425,0.266321602736733,0.9243824567014277
THIOPERAMIDE,-0.16962779962990693,0.3096834394156748,0.9243824567014277
ZAFIRLUKAST,-0.1694997419965,0.2487383186402069,0.9243824567014277
3-CARBOXY-4-HYDROXYPHENYLGLYCINE-(S),-0.1687293877248,0.2500538487287821,0.9243824567014277
CPI-360,-0.1669743866400174,0.26835952882925296,0.9243824567014277
UNC-3230,-0.1654454514490333,0.29530907799727046,0.9243824567014277
AZD7545,-0.1647117621744,0.2904109387994088,0.9243824567014277
JNJ-10191584,-0.1624654903477,0.2447181411367333,0.9243824567014277
THIAMPHENICOL,-0.1621701361495,0.2676098986029415,0.9243824567014277
IODIPAMIDE,-0.159777333329,0.3074516615862165,0.9243824567014277
KENPAULLONE,-0.1588858522112,0.3092542458393638,0.9243824567014277
KI-8751,-0.15677197847199997,0.3074516615862165,0.9243824567014277
CABOZANTINIB,-0.15629190393445,0.26745553038030745,0.9243824567014277
DIHYDROARTEMISININ,-0.1558752938305,0.24124067399094828,0.9243824567014277
SURAMIN,-0.1547124194512,0.28008969557044805,0.9243824567014277
ORITAVANCIN,-0.15467664734025,0.265952437684032,0.9243824567014277
GLIMEPIRIDE,-0.15416823200999996,0.2487383186402069,0.9243824567014277
MBX-2982,-0.15266874280349996,0.23779814542537803,0.9243824567014277
MK-886,-0.15129610977850103,0.2468751430672521,0.9243824567014277
ORG-12962,-0.150546073999,0.2508377491384477,0.9243824567014277
OXYFEDRINE,-0.15054051426035,0.2583184602365447,0.9243824567014277
ETANIDAZOLE,-0.15036255067,0.23649160036074002,0.9243824567014277
3-ALPHA-HYDROXY-5-BETA-ANDROSTAN-17-ONE,-0.14959211922450003,0.24124067399094828,0.9243824567014277
MRK-016,-0.1469342807871214,0.28173074102816753,0.9243824567014277
GW-6471,-0.1460650141057525,0.29530907799727046,0.9243824567014277
DPPE,-0.14568937653635,0.28529990559797047,0.9243824567014277
FLOCTAFENINE,-0.145622395311055,0.29635184861709907,0.9243824567014277
S-SULFO-L-CYSTEINE,-0.14296989546565,0.25703494566380636,0.9243824567014277
COTININE,-0.14176650119299997,0.28008969557044805,0.9243824567014277
L-ASPARTIC-ACID,-0.14098748318095,0.2725856168937203,0.9243824567014277
KRN-633,-0.1406674728021,0.2713220958454535,0.9243824567014277
GSK2881078,-0.14000201348868502,0.24335306056352568,0.9243824567014277
WAY-161503,-0.1389116719255,0.2517782620209028,0.9243824567014277
FLUPHENAZINE,-0.1387638782991,0.2865226291378534,0.9243824567014277
BUTOCONAZOLE,-0.1376644952552,0.23849009713179958,0.9243824567014277
TYLOSIN,-0.13454003300587,0.25267816558921974,0.9243824567014277
EDOXABAN,-0.13343451961999997,0.25703494566380636,0.9243824567014277
CEFMENOXIME,-0.132376808887,0.2495734899087494,0.9243824567014277
ESOMEPRAZOLE,-0.12892007551650003,0.3096834394156748,0.9243824567014277
PD-123319,-0.12888359393999999,0.2738367524849834,0.9243824567014277
MISONIDAZOLE,-0.1279796472085,0.29227748139712784,0.9243824567014277
CENTHAQUIN,-0.12550952933579912,0.23986643961008747,0.9243824567014277
MNITMT,-0.124962204538,0.24197521913973485,0.9243824567014277
MILRINONE,-0.12467241443029999,0.2602906257865518,0.9243824567014277
BICYCLOL,-0.12306083333850001,0.29388667113754474,0.9243824567014277
SEMAGACESTAT,-0.12079605311500002,0.28893093561006855,0.9243824567014277
CYM-50260,-0.1205969902891478,0.27448072476896124,0.9243824567014277
CEPHAPIRIN,-0.11871965366642,0.2763202871648217,0.9243824567014277
NDD-094,-0.11856215966165862,0.2687572240719648,0.9243824567014277
EFONIDIPINE,-0.11829146372379298,0.2540260602657679,0.9243824567014277
SB-408124,-0.11819241551605,0.24124067399094828,0.9243824567014277
SALICIN,-0.11739758204285,0.26888563225531215,0.9243824567014277
ROLZIRACETAM,-0.11656672502339999,0.2648127507746577,0.9243824567014277
NEPICASTAT,-0.11558401880699999,0.24823064064659717,0.9243824567014277
PRAMOXINE,-0.114980423055,0.24741062167514716,0.9243824567014277
TC-S-7005,-0.11259901537161296,0.29530907799727046,0.9243824567014277
ZIMELIDINE,-0.11047508547000001,0.28529990559797047,0.9243824567014277
LEVOBUNOLOL-(+/-),-0.10818688560900003,0.2916068058941407,0.9243824567014277
CGS-9896,-0.10811845630843,0.29530907799727046,0.9243824567014277
CENERIMOD,-0.10626271458850206,0.3011259750761236,0.9243824567014277
FIPRONIL,-0.10528140248925,0.273806005980345,0.9243824567014277
MESORIDAZINE,-0.10437616732815,0.3074516615862165,0.9243824567014277
PA-824,-0.10190590121799997,0.2664953882245884,0.9243824567014277
MDL-29951,-0.10076930400530192,0.26835952882925296,0.9243824567014277
ATN-161,-0.1004200906216,0.2904109387994088,0.9243824567014277
CEFTIBUTEN,-0.10033692802380001,0.2994593250380503,0.9243824567014277
DROPERIDOL,-0.1001260657522,0.26057575921333354,0.9243824567014277
AC-7954-(+/-),-0.09945914941449996,0.2789212776789478,0.9243824567014277
CF102,-0.099064271106,0.2904109387994088,0.9243824567014277
MEPAZINE,-0.09820862506800002,0.2585762519971384,0.9243824567014277
TRIMETHOQUINOL,-0.09788183011355,0.3064403596300014,0.9243824567014277
CANAGLIFLOZIN,-0.0973354317615,0.29011686684957505,0.9243824567014277
TG-003,-0.09640184646700001,0.2865226291378534,0.9243824567014277
ACALISIB,-0.0960482085354935,0.28376711558125955,0.9243824567014277
VU0361737,-0.09514561181249998,0.3011259750761236,0.9243824567014277
AMINOPENTAMIDE,-0.09484171981049999,0.23713577408802644,0.9243824567014277
OG-L002,-0.0943292363111,0.24943376514749904,0.9243824567014277
SNAP-94847,-0.09348830922208501,0.23779814542537803,0.9243824567014277
VANITIOLIDE,-0.0926675478016,0.2763202871648217,0.9243824567014277
IDF-11774,-0.09215638866010219,0.25765506757073964,0.9243824567014277
PIDOLIC-ACID,-0.0907906192275,0.2579931998443048,0.9243824567014277
TELAPREVIR,-0.0884567440819,0.24208464707844568,0.9243824567014277
KS-176,-0.0884192385228295,0.30611035366776407,0.9243824567014277
LERSIVIRINE,-0.0879837188222,0.25311106444246356,0.9243824567014277
YS-035,-0.08726352368369998,0.2939620753853588,0.9243824567014277
ISAVUCONAZOLE,-0.08722043071000002,0.2737403141336616,0.9243824567014277
RS-0481,-0.0865585002894,0.30880202328162776,0.9243824567014277
CEPHALOTHIN,-0.08301786361750002,0.26522027624107447,0.9243824567014277
1E-1-(2-HYDROXY-5-METHYLPHENYL)-1-DODECANONE OXIME,-0.08115746594763565,0.28376711558125955,0.9243824567014277
VOLINANSERIN,-0.0803540158379,0.3051721558255942,0.9243824567014277
PF-03084014,-0.07994192784414,0.27506941476257296,0.9243824567014277
DABIGATRAN,-0.07962341040240002,0.2776921383756028,0.9243824567014277
NETUPITANT,-0.07924192949700001,0.2628759514058898,0.9243824567014277
ETHENZAMIDE,-0.078439985415,0.2725856168937203,0.9243824567014277
5-CARBOXAMIDOTRYPTAMINE,-0.0784166543808,0.3034380057765106,0.9243824567014277
GIMERACIL,-0.074746624154,0.30857342703686563,0.9243824567014277
3-METHYL-GABA,-0.0742638992919406,0.29711568547842104,0.9243824567014277
PH-797804,-0.073423062052,0.2750756678276006,0.9243824567014277
DOTMP,-0.0704398394359725,0.23986643961008747,0.9243824567014277
4E1RCAT,-0.069033323044,0.2967963695648118,0.9243824567014277
DDR1-IN-1,-0.06384029156636903,0.3051721558255942,0.9243824567014277
PROACIPIMOX,-0.06200597491912599,0.2595336038054793,0.9243824567014277
TIANEPTINE,-0.05886900609489999,0.2737403141336616,0.9243824567014277
FLEROXACIN,-0.05604854191699998,0.24823064064659717,0.9243824567014277
SYM-2081,-0.05482067324499998,0.28442692099239353,0.9243824567014277
TRIBOMSALAN,-0.054142831043772016,0.269434366487347,0.9243824567014277
ARCTIGENIN,-0.047228179743000004,0.24124067399094828,0.9243824567014277
TRIOXSALEN,-0.046392641807499996,0.2763202871648217,0.9243824567014277
VARENICLINE,-0.037250266852900005,0.3069593511382488,0.9243824567014277
ELUXADOLINE,-0.036879283777105,0.2610394069436175,0.9243824567014277
CJ-033466,-0.03269337119988991,0.273806005980345,0.9243824567014277
CIPROXIFAN,-0.0326085747165,0.25703494566380636,0.9243824567014277
DEXNIGULDIPINE,-0.030534240677000002,0.286748273047853,0.9243824567014277
EPZ005687,-0.022504437844499986,0.3096834394156748,0.9243824567014277
MOLIDUSTAT,-0.020133524279000004,0.2698271023765292,0.9243824567014277
ITRACONAZOLE,-0.018942422672499987,0.2700460216425329,0.9243824567014277
YM-511,-0.014529951267249997,0.2698271023765292,0.9243824567014277
ASCOMYCIN,-0.012274634556214997,0.2517782620209028,0.9243824567014277
CEFPIROME,-0.007897676660999997,0.30228808770517357,0.9243824567014277
MOFEGILINE,-0.007823336489833493,0.23929351176558455,0.9243824567014277
VELPATASVIR,-0.007352422944464004,0.26131988151763996,0.9243824567014277
MPEP,-0.0037765773500000044,0.24528857121990832,0.9243824567014277
APIGENIN,-0.002719520975999992,0.3092542458393638,0.9243824567014277
MESULERGINE,0.0037330061678999965,0.2978413139010454,0.9243824567014277
NGB-2904,0.005697614612800009,0.2579931998443048,0.9243824567014277
DIFLOXACIN,0.006543887821499998,0.28266963333548234,0.9243824567014277
4-HQN,0.0076541056240000405,0.29433459843984555,0.9243824567014277
FOMEPIZOLE,0.01394188585504999,0.3096834394156748,0.9243824567014277
IROSUSTAT,0.014587345131350002,0.2435095867650766,0.9243824567014277
CGP-20712A,0.022766422722210022,0.25841287570987015,0.9243824567014277
PINCAINIDE,0.023188325092603018,0.25467887475898465,0.9243824567014277
CILOMILAST,0.023241509825499995,0.2828164250331737,0.9243824567014277
LEUPROLIDE,0.02642160276735,0.25360467791618346,0.9243824567014277
ROXARSONE,0.02910334248049995,0.26522027624107447,0.9243824567014277
BENTAZEPAM,0.03073998965395,0.2842421009968703,0.9243824567014277
CHROMOCARB,0.030970542862500006,0.25443134340406826,0.9243824567014277
ESLICARBAZEPINE-ACETATE,0.035041673816000006,0.30228808770517357,0.9243824567014277
CENTPROPAZINE,0.03864369063009,0.29011686684957505,0.9243824567014277
RO-5263397,0.0418505484309842,0.27252988825370417,0.9243824567014277
IDAZOXANE,0.0423539714650894,0.2997628531295813,0.9243824567014277
CCT-031374,0.04566836305817151,0.27760161354074553,0.9243824567014277
ETHOPABATE,0.04580510587200001,0.25443134340406826,0.9243824567014277
BS-181,0.058005108333999994,0.23576927320432683,0.9243824567014277
BRL-37344,0.059385514674399995,0.2495734899087494,0.9243824567014277
DROFENINE,0.06012354520100005,0.29433459843984555,0.9243824567014277
MDL-72832,0.0602618402038,0.27878509995720957,0.9243824567014277
ERYTHROMYCIN,0.061003358561999996,0.278851910448623,0.9243824567014277
NORELGESTROMIN,0.0633809842689,0.28028100740583317,0.9243824567014277
BETA-NAPHTHOL,0.06480441927219999,0.28008969557044805,0.9243824567014277
GLYCITEIN,0.06721488192045,0.30570197752491746,0.9243824567014277
YO-01027,0.06751345515000001,0.24052667594535015,0.9243824567014277
INDOLE-3-CARBINOL,0.06857926540935,0.2517782620209028,0.9243824567014277
GSK2837808A,0.0688006083120123,0.3092542458393638,0.9243824567014277
ZD-0947,0.07032047886568041,0.27252988825370417,0.9243824567014277
MELPERONE,0.071648489808,0.28893093561006855,0.9243824567014277
ILOPERIDONE,0.07270920001599995,0.30228808770517357,0.9243824567014277
"1,3-DIPROPYL-8-PHENYLXANTHINE",0.07496298339400001,0.239168595783655,0.9243824567014277
ALPHA-LINOLENIC-ACID,0.0804486679677,0.28008969557044805,0.9243824567014277
RO-5028442,0.08373178290445629,0.28406456475280417,0.9243824567014277
RO-08-2750,0.09172379734689999,0.2639327633338535,0.9243824567014277
VIGABATRIN,0.092541640274,0.26074739298015315,0.9243824567014277
PF-04217903,0.0925762296992,0.2487383186402069,0.9243824567014277
AZODICARBONAMIDE,0.092721480563,0.2904109387994088,0.9243824567014277
TASIMELTEON,0.0928633195373,0.2648127507746577,0.9243824567014277
LETRAZURIL,0.09332559117017461,0.3040140492907216,0.9243824567014277
NETILMICIN,0.09342144877717015,0.25267816558921974,0.9243824567014277
MONOCROTALINE,0.0966313160410567,0.25765506757073964,0.9243824567014277
GDC-0810,0.09752329678800001,0.29227748139712784,0.9243824567014277
MECLIZINE,0.09860222052400003,0.286748273047853,0.9243824567014277
PRELADENANT,0.09879681179890001,0.273806005980345,0.9243824567014277
FLUPRAZINE,0.10022301499130254,0.2661697429291022,0.9243824567014277
DIOXYBENZONE,0.10084400829599999,0.2439515947928388,0.9243824567014277
CL316243,0.1015724829825,0.2842421009968703,0.9243824567014277
TERUTROBAN,0.1033538896317,0.2463186692040522,0.9243824567014277
TRANS-4-METHOXYCINNAMIC-ACID,0.10402438971201798,0.27448072476896124,0.9243824567014277
L-NAME,0.1049657601669,0.3045759099248173,0.9243824567014277
PIMOZIDE,0.10508588535915,0.3051721558255942,0.9243824567014277
SORBITOL,0.10528284397999998,0.2460706117410868,0.9243824567014277
TESTOSTERONE-ENANTHATE,0.1074934211948,0.23779814542537803,0.9243824567014277
AX-024,0.10799054677849701,0.2789212776789478,0.9243824567014277
TACRINE,0.10804257657949999,0.27521204010929134,0.9243824567014277
FRESELESTAT,0.10819453307945703,0.28406456475280417,0.9243824567014277
CLOFOCTOL,0.10842905956769999,0.28529990559797047,0.9243824567014277
PZ-2891,0.10898681522135492,0.30811299673592274,0.9243824567014277
GSK2256294A,0.11192286704251891,0.24872473553918228,0.9243824567014277
PSB-11,0.11237216302100006,0.29314126377464833,0.9243824567014277
RAMATROBAN,0.11386325383940002,0.28815851230122014,0.9243824567014277
GARENOXACIN,0.11461594513,0.2463186692040522,0.9243824567014277
MEGLITINIDE,0.11518915061579998,0.2566834172161465,0.9243824567014277
SANT-1,0.1153850825749,0.2466134158943596,0.9243824567014277
METHIMAZOLE,0.11552692934139999,0.23576927320432683,0.9243824567014277
CANDESARTAN,0.11562463840799997,0.2870241238047785,0.9243824567014277
AZELAIC-ACID,0.11781160328649998,0.24265069231217928,0.9243824567014277
MEBICAR,0.11933664163335,0.27878509995720957,0.9243824567014277
PK-44,0.1204747022094031,0.2447181411367333,0.9243824567014277
KBG,0.12339576916350001,0.2447181411367333,0.9243824567014277
ZOLEDRONIC-ACID,0.12362830451082395,0.29314126377464833,0.9243824567014277
LP-533401,0.12588793506087187,0.2553610904134863,0.9243824567014277
AGN-192403,0.12696422576300004,0.2865226291378534,0.9243824567014277
BUTORPHANOL-(+)-TARTRATE,0.1273420623869,0.26745553038030745,0.9243824567014277
IBIGLUSTAT,0.12792536319047249,0.2999514839313815,0.9243824567014277
K-RAS(G12C)-INHIBITOR-6,0.128597596137,0.29263385146773035,0.9243824567014277
CADAZOLID,0.129473296284192,0.2687572240719648,0.9243824567014277
OXYBUPROCAINE,0.13011125731600004,0.29433459843984555,0.9243824567014277
AZASERINE,0.1306159196318083,0.24823064064659717,0.9243824567014277
BISOPROLOL,0.13112547536449998,0.2535276664103102,0.9243824567014277
BVT-2733,0.131890815425383,0.24049503965239394,0.9243824567014277
BMS-470539,0.134277826476636,0.3051721558255942,0.9243824567014277
SIB-1893,0.13624219551602748,0.23779814542537803,0.9243824567014277
ANTAGONIST-G,0.1396524076395445,0.28376711558125955,0.9243824567014277
A-317491,0.1402566837871135,0.24397711809038614,0.9243824567014277
CYM-5520,0.1405168450103791,0.30067739761130186,0.9243824567014277
ACT-132577,0.14259505637199285,0.29711568547842104,0.9243824567014277
GPBAR-A,0.1430279277334692,0.29530907799727046,0.9243824567014277
SB-216763,0.143756988521,0.3051721558255942,0.9243824567014277
ID-8,0.14563558704,0.2865226291378534,0.9243824567014277
5'-CHLORO-5'-DEOXY-ENBA-(+/-),0.14660319492020002,0.2602906257865518,0.9243824567014277
SLV-320,0.14669212816834998,0.28028100740583317,0.9243824567014277
MAPROTILINE,0.1477828159661,0.2937046094783612,0.9243824567014277
R-1487,0.14788186221776808,0.28018350534124137,0.9243824567014277
AGN-195183,0.1484499260582236,0.2997628531295813,0.9243824567014277
DU-728,0.14960483950696,0.28258491223780435,0.9243824567014277
SULTIAME,0.149800581185043,0.25765506757073964,0.9243824567014277
QUINESTROL,0.14982352907745,0.2838938900522108,0.9243824567014277
PIFITHRIN-MU,0.1523481061207,0.2955155998664234,0.9243824567014277
MINOCYCLINE,0.15329909717809997,0.267704500948454,0.9243824567014277
NSC-9965,0.15342417263500002,0.2725856168937203,0.9243824567014277
DS2-(806622),0.15501723405600001,0.24260234380849055,0.9243824567014277
LY2795050,0.1557371132893574,0.30811299673592274,0.9243824567014277
PROPYLHEXEDRINE,0.15627059259951,0.3046140962348435,0.9243824567014277
ANIDULAFUNGIN,0.156523280394,0.3017546077097534,0.9243824567014277
BETAMETHASONE,0.15672350046449998,0.2955155998664234,0.9243824567014277
SERTRALINE,0.1572165932757,0.28510584138924466,0.9243824567014277
ZINC-UNDECYLENATE,0.15763201169302019,0.2553610904134863,0.9243824567014277
NITROFURANTOIN,0.1596473966074,0.27635758211473005,0.9243824567014277
URETHANE,0.1615925157317,0.27241110950310077,0.9243824567014277
NEMONAPRIDE,0.16233334075515002,0.27948267835854745,0.9243824567014277
DIHOMO-GAMMA-LINOLENIC-ACID,0.16297895173800003,0.24052667594535015,0.9243824567014277
BUPRANOLOL,0.16432760930815,0.28028100740583317,0.9243824567014277
OZENOXACIN,0.1659965515433935,0.2589792065692983,0.9243824567014277
EMEDASTINE,0.16661978011670003,0.26680496270287246,0.9243824567014277
GALLIC-ACID,0.16765808282599998,0.24907446083089846,0.9243824567014277
UDENAFIL,0.16819271425121352,0.3040140492907216,0.9243824567014277
BTS,0.1692702584995,0.27760161354074553,0.9243824567014277
FLUDROXYCORTIDE,0.16938590479050003,0.273806005980345,0.9243824567014277
NARINGIN,0.1698119564839,0.2468751430672521,0.9243824567014277
MUPIROCIN,0.17012837704865,0.28028100740583317,0.9243824567014277
ALCLOMETASONE-DIPROPIONATE,0.17123099431249997,0.2447181411367333,0.9243824567014277
4-CHLOROPHENYLGUANIDINE,0.17166243551500002,0.28008969557044805,0.9243824567014277
AMTOLMETIN-GUACIL,0.172774863337,0.2628759514058898,0.9243824567014277
BVT-948,0.174369721196,0.2460706117410868,0.9243824567014277
CAMOSTAT-MESILATE,0.17463066288968,0.26888563225531215,0.9243824567014277
POLYINOSINE,0.1769066769888994,0.2997628531295813,0.9243824567014277
MDL-11939,0.1783059166695,0.2713220958454535,0.9243824567014277
CRIZOTINIB,0.17831720137137,0.3017546077097534,0.9243824567014277
LABETALOL,0.178454460887,0.2865226291378534,0.9243824567014277
PINACIDIL,0.1805118169687,0.26745553038030745,0.9243824567014277
OP-0595,0.1807608344916945,0.23986643961008747,0.9243824567014277
VELIFLAPON,0.180839905280255,0.2463186692040522,0.9243824567014277
BETA-AMYLOID-SYNTHESIS-INHIBITOR,0.183324200795,0.2602906257865518,0.9243824567014277
KN-62,0.1841223162777309,0.27856604965694465,0.9243824567014277
CAROXAZONE,0.18465000665494002,0.28903354254194413,0.9243824567014277
PENTACOSANOIC-ACID,0.18468616116723002,0.24823064064659717,0.9243824567014277
PIRMENOL,0.18523138110271203,0.24335306056352568,0.9243824567014277
PICROTIN,0.1897672850757,0.3028434570981604,0.9243824567014277
GADOTERATE-MEGLUMINE,0.1910880941926,0.27521204010929134,0.9243824567014277
DIFENPIRAMIDE,0.1923144602162,0.29635184861709907,0.9243824567014277
CLEBOPRIDE,0.19321784628299998,0.30570197752491746,0.9243824567014277
ITACITINIB,0.19426235121175,0.29635184861709907,0.9243824567014277
GW-542573X,0.1968032794025325,0.28529990559797047,0.9243824567014277
N-[2-(PIPERIDINYLAMINO)ETHYL]-4-IODOBENZAMIDE,0.1991024545725,0.28920268161264606,0.9243824567014277
7-HYDROXY-DPAT,0.1992762306196,0.30228808770517357,0.9243824567014277
FPS-ZM1,0.19942854400182053,0.25353658572650206,0.9243824567014277
BUPICOMIDE,0.19980245293407148,0.27856604965694465,0.9243824567014277
CIS-ACONITIC-ACID,0.20332148122675844,0.281432897346952,0.9243824567014277
METFORMIN,0.20368062949444998,0.24124067399094828,0.9243824567014277
THEOBROMINE,0.2055108170735,0.273806005980345,0.9243824567014277
DYCLONINE,0.2068899013651,0.28028100740583317,0.9243824567014277
EPERISONE,0.207919728804715,0.281432897346952,0.9243824567014277
SAR405,0.2085157130445146,0.29436542809529453,0.9243824567014277
CYCLOSPORIN-A,0.209147151019615,0.2984606661446575,0.9243824567014277
TIOXOLONE,0.209161064499,0.2763202871648217,0.9243824567014277
AZOMYCIN-(2-NITROIMIDAZOLE),0.20951113973969998,0.2351411910584379,0.9243824567014277
IMPENTAMINE,0.21017432027325972,0.28920268161264606,0.9243824567014277
CHLORPHENOXAMINE,0.2107333329214319,0.27633863010348436,0.9243824567014277
DESOXYCORTICOSTERONE-PIVALATE,0.21269437057465,0.25360467791618346,0.9243824567014277
PALOSURAN,0.21348924882689999,0.2610394069436175,0.9243824567014277
OPICAPONE,0.21417543206731302,0.29635184861709907,0.9243824567014277
PF-514273,0.215203940846048,0.27633863010348436,0.9243824567014277
SRC-KINASE-INHIBITOR-I,0.2160608420731,0.30631796498632824,0.9243824567014277
ITE,0.21615323410523402,0.2595336038054793,0.9243824567014277
OXICONAZOLE,0.21630186719205002,0.2714000717404361,0.9243824567014277
TC-G-1005,0.2168331107280623,0.29711568547842104,0.9243824567014277
ETRABAMINE,0.21976663985606631,0.25765506757073964,0.9243824567014277
UK-383367,0.22032963422599994,0.2700460216425329,0.9243824567014277
2-CYANOPYRIMIDINE,0.221528075464,0.3015095006081846,0.9243824567014277
PREGABALIN,0.2223203853708,0.2648127507746577,0.9243824567014277
AMINEPTINE,0.22386640599181998,0.29314126377464833,0.9243824567014277
LASMIDITAN,0.2261935781087328,0.29314126377464833,0.9243824567014277
AZD5363,0.2267013400531,0.29433459843984555,0.9243824567014277
THALIDOMIDE,0.22706373045004996,0.2398323781907027,0.9243824567014277
LTX-315,0.22783496420768232,0.26502057696329084,0.9243824567014277
JNJ-38877605,0.23025237917599994,0.266321602736733,0.9243824567014277
TECASTEMIZOLE,0.23040691766350008,0.2599941803043353,0.9243824567014277
OXONIC-ACID,0.2325508587655,0.3015095006081846,0.9243824567014277
AZD8797,0.23716913564624073,0.2517782620209028,0.9243824567014277
GEMCADIOL,0.23862837028124997,0.2724717712639505,0.9243824567014277
ASYMMETRICAL-DIMETHYLARGININE,0.24007856815200002,0.3074516615862165,0.9243824567014277
MONOSODIUM-ALPHA-LUMINOL,0.24080982514040003,0.29071686492840365,0.9243824567014277
BGP-15,0.2460576447777501,0.2687572240719648,0.9243824567014277
SB-206553,0.24660396199600002,0.28252841574081156,0.9243824567014277
ALX-40-4C,0.2481934110813587,0.2468751430672521,0.9243824567014277
ATIPAMEZOLE,0.248301091388,0.294722238655027,0.9243824567014277
FEZOLINETANT,0.2496836811127905,0.28920268161264606,0.9243824567014277
CHC,0.2522343970060327,0.3092542458393638,0.9243824567014277
CISAPRIDE,0.2532991187685,0.2505251269358999,0.9243824567014277
NOSCAPINE,0.25350696867440004,0.23649160036074002,0.9243824567014277
DANAZOL,0.25634232530495,0.2535276664103102,0.9243824567014277
OLSALAZINE,0.2584899294065,0.2398323781907027,0.9243824567014277
CLOFIBRIC-ACID,0.26378034249735,0.2709861613045861,0.9243824567014277
EXAMORELIN,0.2644827128785,0.28028100740583317,0.9243824567014277
ETHYL-PARABEN,0.265708930744855,0.2714000717404361,0.9243824567014277
GW-441756,0.268205265505,0.2865226291378534,0.9243824567014277
TOBRAMYCIN,0.2729911369051,0.30570197752491746,0.9243824567014277
PREDNISOLONE-SODIUM-PHOSPHATE,0.27314241433500003,0.26888563225531215,0.9243824567014277
SR-95639A,0.2733248635731,0.29279046004275355,0.9243824567014277
R-428,0.2737342707122,0.26415017572830957,0.9243824567014277
SULFAQUINOXALINE,0.27701187745198796,0.3052258816258875,0.9243824567014277
PIMODIVIR,0.2779923301815795,0.2687572240719648,0.9243824567014277
FLUOROMETHYLCHOLINE,0.286284914193,0.29711568547842104,0.9243824567014277
RN-1,0.31485475934853374,0.3092542458393638,0.9243824567014277
AMINOPHYLLINE,0.3171455661382,0.2466134158943596,0.9243824567014277
C188-9,0.31873000165423004,0.2999514839313815,0.9243824567014277
FAMPROFAZONE,0.3249408923025,0.24052667594535015,0.9243824567014277
FG-7142,0.3256679804348,0.3045759099248173,0.9243824567014277
PHENTOLAMINE,0.332961121465,0.2500538487287821,0.9243824567014277
PSORALEN,0.3356935237959,0.2468751430672521,0.9243824567014277
ISOFLUPREDONE-ACETATE,0.3431361283266,0.29668444655258486,0.9243824567014277
NIFUROXAZIDE,0.34843330605550005,0.2615894873901208,0.9243824567014277
9-ANTHRACENECARBOXYLIC-ACID,0.35499140071697155,0.2517782620209028,0.9243824567014277
SB-2343,0.355251909755,0.281432897346952,0.9243824567014277
EI1,0.3573083570359762,0.2589792065692983,0.9243824567014277
AMELTOLIDE,0.373080600052,0.29829363930287456,0.9243824567014277
DIFLUPREDNATE,0.37848009351714995,0.27124088635558485,0.9243824567014277
RUBOXISTAURIN,0.37943218560864,0.2687572240719648,0.9243824567014277
SANGIVAMYCIN,0.38948297469000037,0.245506842710017,0.9243824567014277
CHIR-98014,0.39332254599800004,0.2813151409046385,0.9243824567014277
YM-298198-DESMETHYL,0.43645240361467474,0.29314126377464833,0.9243824567014277
FLUMETHASONE-PIVALATE,0.4425907038745,0.2916068058941407,0.9243824567014277
CXD101,0.5095645340739301,0.291935414222258,0.9243824567014277
DARIFENACIN,0.5150690884833,0.28252841574081156,0.9243824567014277
NAPABUCASIN,0.5233103651000002,0.25360467791618346,0.9243824567014277
VORINOSTAT,0.54948568705,0.23488920996824647,0.9243824567014277
DIENOGEST,0.574996374032,0.2566834172161465,0.9243824567014277
AZD5438,0.6651410173499999,0.27014896899272767,0.9243824567014277
LDN193189,0.7469066958870645,0.3011259750761236,0.9243824567014277
LY2608204,0.7883673580699999,0.26848417202785035,0.9243824567014277
SB-939,0.87769510057,0.2709861613045861,0.9243824567014277
ELESCLOMOL,0.9019993571770001,0.2522218526689295,0.9243824567014277
OTS514,1.0605758226742301,0.3051721558255942,0.9243824567014277
FN-1501,1.1373852997849658,0.2447181411367333,0.9243824567014277
CABALETTA,-0.14386959587890003,0.31063545633740075,0.9249655469303694
CPI-613,-0.11640880858045001,0.3103832874597944,0.9249655469303694
LY310762,-0.08263472753978221,0.31075456042524163,0.9249655469303694
ORY-1001,0.13150081578503597,0.31075456042524163,0.9249655469303694
IOWH032,0.2794080122195,0.31063545633740075,0.9249655469303694
BMS-345541,0.48748083476,0.3103832874597944,0.9249655469303694
GPP-78,-0.09885161799163988,0.3116079891882515,0.9253326276878865
BENZOFENAC,-0.07956015420346849,0.3116079891882515,0.9253326276878865
ALIMEMAZINE,0.13108171057749998,0.31150030706132736,0.9253326276878865
GUANFACINE,0.14518039908900002,0.31150030706132736,0.9253326276878865
BENZETHONIUM,0.24870087500499993,0.31150030706132736,0.9253326276878865
EVODIAMINE,-0.4503107154899999,0.31337225803474666,0.9253681263588954
TAK-875,-0.32122589516,0.31260548663361,0.9253681263588954
TP-3654,-0.20377575913648305,0.3122483409422179,0.9253681263588954
TC-S-7006,-0.140527926388611,0.31337225803474666,0.9253681263588954
FK-962,-0.133748715589,0.3130278406696515,0.9253681263588954
GDC-0834,-0.08075721928199997,0.31337225803474666,0.9253681263588954
TELOTRISTAT-ETHYL,-0.07506972699516001,0.31337225803474666,0.9253681263588954
RIMEPORIDE,-0.063481301639367,0.3122483409422179,0.9253681263588954
RBC8,0.06549759688569151,0.31337225803474666,0.9253681263588954
FLUSPIRILENE,0.08396420448000003,0.3122483409422179,0.9253681263588954
CASPOFUNGIN-ACETATE,0.1106825386993,0.3130278406696515,0.9253681263588954
DELGOCITINIB,0.1566246639594558,0.3122483409422179,0.9253681263588954
CLEVUDINE,-0.18651625405849998,0.313699004763176,0.9254580503703275
TYRPHOSTIN-AG-879,0.16540938213015,0.313699004763176,0.9254580503703275
GENIPOSIDIC-ACID,0.270154584938,0.31384083166259014,0.9254580503703275
THONZYLAMINE,-0.11955503345599999,0.3144840663649021,0.9269235016532021
AZD6738,-0.5030359628918899,0.31634891900228335,0.9270595702304307
RWJ-21757,-0.287922506710425,0.31752620008504107,0.9270595702304307
I-CBP-112,-0.2598427655155318,0.31752620008504107,0.9270595702304307
NIALAMIDE,-0.23778260725249997,0.31558395183958354,0.9270595702304307
CHICAGO-SKY-BLUE-6B,-0.2342535862309,0.31774868021784686,0.9270595702304307
SIGUAZODAN,-0.212462775502235,0.31774868021784686,0.9270595702304307
SULOPENEM,-0.2091693706825552,0.31642009121427506,0.9270595702304307
ANDROSTENONE,-0.1845030053055,0.3153017913866424,0.9270595702304307
AGP-103,-0.12493111906516,0.31774868021784686,0.9270595702304307
TRIPELENNAMINE,-0.08966290806899999,0.3153017913866424,0.9270595702304307
M-THP,-0.07272953887050004,0.31752620008504107,0.9270595702304307
EB-47,-0.06451163933952889,0.31717033030612507,0.9270595702304307
RS-504393,0.018936562068785,0.31558395183958354,0.9270595702304307
SR-140333,0.088149539777646,0.31634891900228335,0.9270595702304307
TERCONAZOLE,0.106657193638,0.31526609621500035,0.9270595702304307
PI4KIII-BETA-INHIBITOR-1,0.1508968898327367,0.31634891900228335,0.9270595702304307
SIMVASTATIN,0.1664853702031,0.31526609621500035,0.9270595702304307
CAROVERIN,0.1690364167937486,0.31642009121427506,0.9270595702304307
GEMFIBROZIL,0.16955498675385,0.316625297202905,0.9270595702304307
CLOPERASTINE-FENDIZOATE,0.259156673295114,0.31752620008504107,0.9270595702304307
GILTERITINIB,0.3024680728206,0.3172915572638211,0.9270595702304307
KARENITECIN,0.3088662288170595,0.31752620008504107,0.9270595702304307
CEP-40783,-1.32926306185185,0.33347114834038394,0.9279152266343492
PD-184352,-0.7979106988194999,0.32942873271512796,0.9279152266343492
THZ1-R,-0.6414944709643036,0.33352610308834585,0.9279152266343492
WH-4-023,-0.5548955638498895,0.33020360244528535,0.9279152266343492
PF-03758309,-0.5093063575800001,0.3290792385169461,0.9279152266343492
SU014813,-0.45938725144,0.3217160743718612,0.9279152266343492
CURCUMIN,-0.41528232134140003,0.3360346402520946,0.9279152266343492
LATANOPROST,-0.39359210865000005,0.32942873271512796,0.9279152266343492
BUCILLAMINE,-0.3744186070117,0.3349618392934606,0.9279152266343492
PD-98059,-0.361741802689,0.3355198397336868,0.9279152266343492
CARBARIL,-0.35346238773087735,0.33020360244528535,0.9279152266343492
AZD8186,-0.34408334521313,0.3220089692456941,0.9279152266343492
BIX-01294,-0.3387585676826,0.33124179089720607,0.9279152266343492
EDELFOSINE,-0.332305990876,0.3280449030841598,0.9279152266343492
MATRINE,-0.321923940728,0.33020360244528535,0.9279152266343492
BI-D1870,-0.30875657116849997,0.3385086055351164,0.9279152266343492
AT-406,-0.29180430403331004,0.33782487713809206,0.9279152266343492
VUF10166,-0.288154345966,0.3365271500538989,0.9279152266343492
A-582941,-0.2858022563080035,0.32594187793863405,0.9279152266343492
GSK-0660,-0.2848190034805,0.32594187793863405,0.9279152266343492
UNC0631,-0.284541139667,0.32159317604560644,0.9279152266343492
OSI-420,-0.27931644717000004,0.33428844823065185,0.9279152266343492
FLOPROPIONE,-0.2697412956545,0.3368034856140224,0.9279152266343492
LY231617,-0.2582876344814797,0.33450123412414245,0.9279152266343492
NMS-1286937,-0.24784681962500033,0.32379181348674835,0.9279152266343492
PROPENTOFYLLINE,-0.24756709451000003,0.3218324676576244,0.9279152266343492
PHENOTHIAZINE,-0.24571154652899996,0.3368034856140224,0.9279152266343492
JNJ-16259685,-0.24484416523215,0.33020360244528535,0.9279152266343492
HYDROXYTOLUIC-ACID,-0.23376495095945,0.32809216383229467,0.9279152266343492
TIPELUKAST,-0.2305211468882177,0.33347114834038394,0.9279152266343492
ZEBULARINE,-0.22919289118013098,0.3217160743718612,0.9279152266343492
GSK3179106,-0.2219403550526295,0.33782487713809206,0.9279152266343492
DMH4,-0.21065448143707097,0.33424559088198125,0.9279152266343492
CHLORMADINONE-ACETATE,-0.21039816183395002,0.3280449030841598,0.9279152266343492
NEOHESPERIDIN-DIHYDROCHALCONE,-0.2093265335378,0.32594187793863405,0.9279152266343492
DIATRIZOIC-ACID,-0.196905403057,0.33226854076709667,0.9279152266343492
ENZASTAURIN,-0.19162619516400003,0.3218324676576244,0.9279152266343492
AMD-3465,-0.18814760237982844,0.33450123412414245,0.9279152266343492
ACETYLSPIRAMYCIN,-0.1859467633005849,0.33450123412414245,0.9279152266343492
TERCIPRAZINE,-0.17629753478111734,0.3220089692456941,0.9279152266343492
MRS-1845,-0.175712635496435,0.33020360244528535,0.9279152266343492
RAMOSETRON,-0.17431668863400002,0.32490897695443777,0.9279152266343492
GSK2636771,-0.17211454166360002,0.33450123412414245,0.9279152266343492
PRIMA1,-0.1712411114255,0.33020360244528535,0.9279152266343492
BEGACESTAT,-0.1667467535743751,0.33352610308834585,0.9279152266343492
NSC-636819,-0.16589605486002965,0.3217160743718612,0.9279152266343492
DANOFLOXACIN,-0.16277206034755,0.32809216383229467,0.9279152266343492
QUIFLAPON,-0.160706197137,0.3332840338375833,0.9279152266343492
TOMELUKAST,-0.15252951365200001,0.32595036414718803,0.9279152266343492
DIOSCIN,-0.1493679576423,0.33450123412414245,0.9279152266343492
NIRAPARIB,-0.14915602077154,0.3303101023627043,0.9279152266343492
OCTOCRYLENE,-0.14651920941465002,0.33226854076709667,0.9279152266343492
OLMESARTAN,-0.1392110184464,0.3281417690242935,0.9279152266343492
MORIN,-0.13522899698500002,0.3360346402520946,0.9279152266343492
DEMECARIUM,-0.13213497234049998,0.32594187793863405,0.9279152266343492
PIRIBEDIL,-0.13092926426715001,0.32379181348674835,0.9279152266343492
TAUROGLYCOCHOLATE,-0.12290945313245549,0.33020360244528535,0.9279152266343492
REPAGLINIDE,-0.12102037941300003,0.33578498589877626,0.9279152266343492
NSI-189,-0.12093841562400001,0.33782487713809206,0.9279152266343492
BESIFLOXACIN,-0.11451788837650001,0.3368034856140224,0.9279152266343492
SULFAMERAZINE,-0.113778467119,0.3217160743718612,0.9279152266343492
QUININE-ETHYL-CARBONATE,-0.11330212741745001,0.3368034856140224,0.9279152266343492
AZD3965,-0.10811297308223985,0.33352610308834585,0.9279152266343492
TCN238,-0.10778541515257149,0.3217160743718612,0.9279152266343492
PIRQUINOZOL,-0.10712189187590228,0.33352610308834585,0.9279152266343492
ROSOXACIN,-0.10262921926935,0.3281417690242935,0.9279152266343492
SCP-1,-0.10114168919976999,0.33428844823065185,0.9279152266343492
ATOMOXETINE,-0.09821888551299998,0.3365271500538989,0.9279152266343492
ANISOTROPINE,-0.09491864779635,0.32809216383229467,0.9279152266343492
ONO-8130,-0.09295061401747629,0.3217160743718612,0.9279152266343492
ISODIBUT,-0.09276944662799999,0.32159317604560644,0.9279152266343492
CTS-1027,-0.08563505372114999,0.3388347537370813,0.9279152266343492
IMIDAFENACIN,-0.07737303714520001,0.3237235978308437,0.9279152266343492
PALIPERIDONE,-0.0710218569493,0.33130743230835524,0.9279152266343492
DIADENOSINE-TETRAPHOSPHATE,-0.07006851078199999,0.33226854076709667,0.9279152266343492
HESPERIDIN,-0.0618307794716,0.32595036414718803,0.9279152266343492
OXFENICINE,-0.06167044340493899,0.3277347052456251,0.9279152266343492
STREPTOMYCIN,-0.05735779867999999,0.32703869567352783,0.9279152266343492
CCG-1423,-0.056709575852565974,0.33450123412414245,0.9279152266343492
TAK-063,-0.04720521819355,0.32159317604560644,0.9279152266343492
ETHOTOIN,-0.034394840249,0.3238562528047061,0.9279152266343492
AMPYRONE,-0.03378194530314235,0.3388347537370813,0.9279152266343492
BIFONAZOLE,0.009004538398,0.3218324676576244,0.9279152266343492
BENDAZOL,0.020891899697058014,0.32062825143660445,0.9279152266343492
MELATONIN,0.028861075563050002,0.3218324676576244,0.9279152266343492
TARTARIC-ACID,0.0295198322201805,0.3388347537370813,0.9279152266343492
ANDARINE,0.030510591617500027,0.3238562528047061,0.9279152266343492
SB-334867,0.04598447085300002,0.3217160743718612,0.9279152266343492
BAY-85-8050,0.048629208956000036,0.3217160743718612,0.9279152266343492
DMP-777,0.050767135438050004,0.32942873271512796,0.9279152266343492
TAZAROTENE,0.060847389460705,0.33450123412414245,0.9279152266343492
AB-423,0.0701383537926072,0.33782487713809206,0.9279152266343492
METHYLPREDNISOLONE-SODIUM-SUCCINATE,0.07336947077999995,0.3355198397336868,0.9279152266343492
ARECAIDINE-BUT-2-YNYL-ESTER,0.07850624637129999,0.32595036414718803,0.9279152266343492
AMOXAPINE,0.08682623019699998,0.3355198397336868,0.9279152266343492
TC-LPA5-4,0.08803660498454002,0.3284891481703267,0.9279152266343492
PIKAMILONE,0.09374033219130001,0.32279201277629055,0.9279152266343492
DPCPX,0.0957092478499,0.3199418573326619,0.9279152266343492
GEPON,0.09596812042731998,0.3277347052456251,0.9279152266343492
NS-11394,0.0960448583698052,0.32062825143660445,0.9279152266343492
PDP-EA,0.09785144823447,0.33424559088198125,0.9279152266343492
TC2559,0.0978883901258,0.3388347537370813,0.9279152266343492
TAK-715,0.09953401315600002,0.31862030781993156,0.9279152266343492
ANA-12,0.099544128109266,0.3284891481703267,0.9279152266343492
SAM-315,0.0999893348931944,0.33347114834038394,0.9279152266343492
2-METHYLIMIDAZOLE,0.10462538702363486,0.32594187793863405,0.9279152266343492
ACEDOBEN,0.1106166336333,0.33226854076709667,0.9279152266343492
TERBINAFINE,0.11866313364625,0.3332840338375833,0.9279152266343492
DC-260126,0.11970571985681155,0.3388347537370813,0.9279152266343492
ASTRAGALOSIDE-A,0.12318729868060001,0.3291537898802135,0.9279152266343492
FLUFENAMIC-ACID,0.12594788655299993,0.3342398204663146,0.9279152266343492
FK-33-824,0.1327812391509,0.319702600557181,0.9279152266343492
MERCK60,0.13387024879686504,0.3217160743718612,0.9279152266343492
ORNITHINE,0.13523349585209998,0.3225999228769567,0.9279152266343492
YM-022,0.13743254441155,0.3193443683381866,0.9279152266343492
BUTYLATED-HYDROXYANISOLE,0.15677593791365,0.33226854076709667,0.9279152266343492
AZD1390,0.158355124902463,0.32487282002516704,0.9279152266343492
RELUGOLIX,0.1583976721218718,0.33347114834038394,0.9279152266343492
DYNASORE,0.162928933318058,0.3217160743718612,0.9279152266343492
CORTISONE-ACETATE,0.1669286636142,0.3360346402520946,0.9279152266343492
ADIPIC-ACID,0.172871522626812,0.33424559088198125,0.9279152266343492
LITHIUM-CITRATE,0.17358516512580002,0.3315169406772446,0.9279152266343492
NISOLDIPINE,0.17389117995318248,0.3388347537370813,0.9279152266343492
OSILODROSTAT,0.17707404479454203,0.32487282002516704,0.9279152266343492
CP-532623,0.177935374381853,0.3227973860560619,0.9279152266343492
OMAPATRILAT,0.17847577596033704,0.32487282002516704,0.9279152266343492
PALOMID-529,0.18646306622600003,0.3355198397336868,0.9279152266343492
ATAZANAVIR,0.193944863775,0.33226854076709667,0.9279152266343492
HUPERZINE-A,0.20728736556305002,0.33472538597166057,0.9279152266343492
ANACETRAPIB,0.21196943444370003,0.3385086055351164,0.9279152266343492
ACOLBIFENE,0.2330621271792752,0.32487282002516704,0.9279152266343492
GSK-J4,0.2465341635504,0.33020360244528535,0.9279152266343492
JNJ-38877618,0.2501931803980093,0.33782487713809206,0.9279152266343492
CASIN,0.2669075601917988,0.33020360244528535,0.9279152266343492
YM-155,0.2981299493749998,0.3388347537370813,0.9279152266343492
K-858,0.3102548917900001,0.3217160743718612,0.9279152266343492
SBI-115,0.31289337034065,0.33347114834038394,0.9279152266343492
JIB04,0.31634733734599996,0.33124179089720607,0.9279152266343492
MC1568,0.34477583033660697,0.33020360244528535,0.9279152266343492
EPZ020411,0.34784352581220157,0.3388347537370813,0.9279152266343492
UNC2250,0.40287587527799995,0.3199418573326619,0.9279152266343492
4-PYRIMIDINECARBONITRILE,0.4690574257090001,0.32466273916196375,0.9279152266343492
CCT129202,-0.4181210581699999,0.33983330333180195,0.9286432269140271
WB-4101,-0.09721338588899997,0.33983330333180195,0.9286432269140271
RX-3117,0.007122247489054878,0.33938312065834597,0.9286432269140271
ETHISTERONE,0.11260628417900004,0.33983330333180195,0.9286432269140271
ZCL-278,0.12593123263130002,0.33983330333180195,0.9286432269140271
ETHYLNOREPINEPHRINE,-0.1285592310577,0.34082070993421476,0.930138173494022
METHOXYAMINE,-0.10919758453529999,0.34059177013982866,0.930138173494022
FLUNISOLIDE,0.20325198525404997,0.34082070993421476,0.930138173494022
DIMPYLATE,-0.3707815808565,0.3412144167851572,0.930411256096188
2-PYRIDYLETHYLAMINE,-0.022749938338999992,0.3412144167851572,0.930411256096188
RSV604,0.08247079440220001,0.3416297762551709,0.9307428599006956
MENADIONE-BISULFITE,0.22645690738405003,0.3416297762551709,0.9307428599006956
VGX-1027,-0.1115722108638,0.3417971537429517,0.9307986950017555
ITX5061,-0.383529404742743,0.3422149523562267,0.9311361756468048
TOMIVOSERTIB,-0.12383742217796759,0.3422149523562267,0.9311361756468048
FORETINIB,-1.0779569856200002,0.34320413653394355,0.9326263349981133
1400W,-0.1716383981206,0.34320413653394355,0.9326263349981133
DIARYLPROPIONITRILE,0.3057510664759999,0.34320413653394355,0.9326263349981133
PYRIDOXAL,0.10271952615290002,0.34366948869032077,0.9330906383164365
LISADIMATE,0.2161042295088,0.34366948869032077,0.9330906383164365
BEKANAMYCIN,0.18258475203499996,0.3439971653140398,0.9335803154582741
ZM-241385,0.15367643165499997,0.34418215616149084,0.9336825015391127
AZD5582,-1.04046558875894,0.3476093522122513,0.9337856994357934
SULFABENZAMIDE,-0.3313850431426,0.3475037693736466,0.9337856994357934
VX-11E,-0.31842002503607003,0.34595232640320284,0.9337856994357934
RMC-4550,-0.29996588025109894,0.3476093522122513,0.9337856994357934
NU-1025,-0.187956649787,0.34664134438619465,0.9337856994357934
TCV-309,-0.1865357548136664,0.34664134438619465,0.9337856994357934
HECLIN,-0.1590581604735554,0.3476093522122513,0.9337856994357934
ITI214,-0.1356119761717618,0.345305697448102,0.9337856994357934
3-HYDROXY-3-PHENYLPENTANAMIDE,-0.1320965662473937,0.345305697448102,0.9337856994357934
PRINOMASTAT,-0.13151522878488045,0.3476093522122513,0.9337856994357934
PALMITOYLCARNITINE,-0.10682971944475,0.3470510377575242,0.9337856994357934
TIENILIC-ACID,-0.09056681852147899,0.34595232640320284,0.9337856994357934
EPRAZINONE,-0.067981378392,0.34566215827068825,0.9337856994357934
CINOXATE,-0.04944831220849999,0.3462035254764674,0.9337856994357934
LEVOSIMENDAN,0.02807981484699998,0.3476093522122513,0.9337856994357934
ML-213,0.036180105048968,0.34595232640320284,0.9337856994357934
ORMELOXIFENE,0.0609098702831586,0.34664134438619465,0.9337856994357934
CID-2011756,0.0965002289405601,0.34595232640320284,0.9337856994357934
CP-376395,0.1664149925371341,0.345305697448102,0.9337856994357934
CE3F4,0.2099439171400949,0.34595232640320284,0.9337856994357934
AZD4547,0.41936235202149996,0.3476093522122513,0.9337856994357934
AZD2014,0.45616135311999995,0.3470510377575242,0.9337856994357934
BREFELDIN-A,0.7735528272150001,0.3476093522122513,0.9337856994357934
ONC201,-0.17327698189100002,0.34819824720701953,0.9349713104029165
STA-5326,-0.5691565168675,0.3501466753303206,0.935013898672851
ISOFLUROPHATE,-0.3149164414389887,0.3520503648782425,0.935013898672851
OLUMACOSTAT-GLASARETIL,-0.302529649633576,0.3511040178873336,0.935013898672851
CEFDITOREN-PIVOXIL,-0.268012332713,0.3498241903988616,0.935013898672851
ICI-162846,-0.2011732305315,0.3489433439948483,0.935013898672851
MEFENAMIC-ACID,-0.177397211479,0.3489433439948483,0.935013898672851
HEMOGLOBIN-MODULATORS-1,-0.14672284661215498,0.3508160896150043,0.935013898672851
IOXAGLIC-ACID,-0.13675027379309998,0.3513732524864548,0.935013898672851
OXYPURINOL,-0.12560547862830002,0.3511040178873336,0.935013898672851
KETANSERIN,-0.10820214471600001,0.3520503648782425,0.935013898672851
NGD-94-1,-0.07511931208504771,0.3512937543757333,0.935013898672851
DELAFLOXACIN,-0.0649246261812334,0.3511040178873336,0.935013898672851
ISTRADEFYLLINE,-0.06210826522199997,0.3513732524864548,0.935013898672851
N6-CYCLOPENTYLADENOSINE,-0.05606424543800001,0.3520503648782425,0.935013898672851
KUROMANIN,0.07937616336066886,0.3512937543757333,0.935013898672851
ETODOLAC,0.10482988312150004,0.3513732524864548,0.935013898672851
IOPODIC-ACID,0.1067108742882,0.3508160896150043,0.935013898672851
SB-202190,0.10724813909461,0.3520503648782425,0.935013898672851
JNJ-63533054,0.14645509113809654,0.3512937543757333,0.935013898672851
MOZAVAPTAN,0.172031486327,0.3520503648782425,0.935013898672851
ERYTHROMYCIN-ETHYLSUCCINATE,0.1758598258865,0.3489433439948483,0.935013898672851
SULFAMETHIZOLE,0.1828412072575,0.34951257115126166,0.935013898672851
IDRA-21,0.27542394435999995,0.3485663672753925,0.935013898672851
DORAVIRINE,0.28077502744003613,0.3511040178873336,0.935013898672851
IDEBENONE,0.335676401742,0.34951257115126166,0.935013898672851
7-HYDROXYSTAUROSPORINE,0.6605916076150002,0.3501466753303206,0.935013898672851
NOLATREXED,0.011363997982635,0.35276475975344235,0.9365187610211831
SU3327,0.31349740024999995,0.3529859002714336,0.9367134212814384
D-4476,-0.10639483226400004,0.3539344599024651,0.9384446328041511
TIPIRACIL,0.17287173146900003,0.3539344599024651,0.9384446328041511
CAPRYLIC-ACID,-0.28642658825739997,0.35449939868222125,0.9395494309699858
AZD3514,-0.37600807989249996,0.3546679273056953,0.9396031167793442
JD-5037,-2.20517197554379,0.3739599644749334,0.9401460532031082
LY3214996,-0.9578246614260097,0.36931661701327545,0.9401460532031082
AZD5153,-0.7954492308062899,0.36931661701327545,0.9401460532031082
MK-8245,-0.762153801267,0.37561173314322827,0.9401460532031082
AR-C155858,-0.5137567486741664,0.37944545387514217,0.9401460532031082
PF-573228,-0.4926411268615,0.370171469781019,0.9401460532031082
CPI-203,-0.492597063412215,0.3579170294794405,0.9401460532031082
BI-847325,-0.431735641472085,0.3758985422014529,0.9401460532031082
ETP-46464,-0.41418041187813004,0.3802421231433748,0.9401460532031082
ETIFENIN,-0.34655243921020257,0.374790730728518,0.9401460532031082
LACIDIPINE,-0.33755458314099995,0.37801782432546693,0.9401460532031082
NITISINONE,-0.3293370728375,0.37944545387514217,0.9401460532031082
LUSUTROMBOPAG,-0.32795346811056203,0.3601380390464054,0.9401460532031082
ACETYL-11-KETO-BETA-BOSWELLIC-ACID,-0.2999771955817,0.3802421231433748,0.9401460532031082
OXYQUINOLINE,-0.298119198816,0.3640512492050847,0.9401460532031082
EMIGLITATE,-0.2839868353264572,0.36931661701327545,0.9401460532031082
AZD1446,-0.27990217050050004,0.37616180543071465,0.9401460532031082
INDOXIMOD,-0.27746860281495,0.36900116315918674,0.9401460532031082
AZD7687,-0.2720992500186,0.35652713300925576,0.9401460532031082
FLUOXYMESTERONE,-0.26862491747115,0.374790730728518,0.9401460532031082
TTP-22,-0.2670728588594648,0.3701388456294952,0.9401460532031082
UPF-1069,-0.246039308638,0.374790730728518,0.9401460532031082
GW-438014A,-0.2396083738490208,0.3639958633448701,0.9401460532031082
SUNITINIB,-0.23444666632099997,0.370171469781019,0.9401460532031082
DAPIPRAZOLE,-0.22944747403629998,0.37445932686463135,0.9401460532031082
BUTAPROST,-0.22506518739185022,0.36931661701327545,0.9401460532031082
SPARTEINE-(+),-0.22425194788176483,0.36558774121514304,0.9401460532031082
CERAMIDE,-0.21720137572905002,0.36558774121514304,0.9401460532031082
BLEBBISTATIN-(-),-0.21565817366700002,0.3601194907418219,0.9401460532031082
VARDENAFIL,-0.212930697035,0.3601194907418219,0.9401460532031082
EMIXUSTAT,-0.2041975663277071,0.36558774121514304,0.9401460532031082
DIQUAFOSOL,-0.20100917660377568,0.36931661701327545,0.9401460532031082
FOSAMPRENAVIR,-0.18560941169300002,0.3772251169936083,0.9401460532031082
TAK-285,-0.18493717273950006,0.3589704517278486,0.9401460532031082
PQ-401,-0.18139368016245,0.36382044354521714,0.9401460532031082
LEVAMISOLE,-0.17796700948599997,0.36558774121514304,0.9401460532031082
DIZOCILPINE-(-),-0.167767570596,0.3802421231433748,0.9401460532031082
DIHYDROSTREPTOMYCIN,-0.16710253127809999,0.3802421231433748,0.9401460532031082
PENTAGASTRIN,-0.16634915255850002,0.36382044354521714,0.9401460532031082
1-ACETYL-4-METHYLPIPERAZINE,-0.1635213615882,0.364543423572554,0.9401460532031082
SECALCIFEROL,-0.1624957843535,0.37642314030108315,0.9401460532031082
PSB-36,-0.16219969808899998,0.370171469781019,0.9401460532031082
LESTAURTINIB,-0.15420940726499976,0.36845159655556203,0.9401460532031082
MD-920,-0.152208908604,0.3772251169936083,0.9401460532031082
VX-702,-0.14691929185490002,0.36876038041039827,0.9401460532031082
MR-16728,-0.1462395392412,0.364543423572554,0.9401460532031082
SARPOGRELATE,-0.13664205465950002,0.36558774121514304,0.9401460532031082
"3,3'-DIINDOLYLMETHANE",-0.13641488922527,0.37782336877856226,0.9401460532031082
E3330,-0.13447557918043201,0.3739599644749334,0.9401460532031082
DIPERODON,-0.1337273324197,0.3710163301355621,0.9401460532031082
DIAZEPAM,-0.1317109216697,0.372676755189853,0.9401460532031082
TAZOBACTAM,-0.13129502063700002,0.3718513694279071,0.9401460532031082
XYLOSE,-0.1298714631121,0.3784631645385914,0.9401460532031082
SODIUM-OXYBATE,-0.12554745139055,0.36558774121514304,0.9401460532031082
SC-19220,-0.123592396104,0.3664559839619027,0.9401460532031082
FERROQUINE,-0.12089797329774485,0.37944545387514217,0.9401460532031082
Q-203,-0.117832202186538,0.35734719361075706,0.9401460532031082
ETOFYLLINE-CLOFIBRATE,-0.11613627635109999,0.37944545387514217,0.9401460532031082
ML324,-0.11436923327341803,0.374790730728518,0.9401460532031082
NINGETINIB-TOSYLATE,-0.11279879787430522,0.3786392588966636,0.9401460532031082
MIANSERIN,-0.11181255681600002,0.35744071325671556,0.9401460532031082
FLUOCINONIDE,-0.1117579882839065,0.3675762290953165,0.9401460532031082
SALVIANOLIC-ACID-B,-0.1045644390264,0.3620108571007322,0.9401460532031082
MELANOTAN-II,-0.1002698967309048,0.3786392588966636,0.9401460532031082
DEXPANTHENOL,-0.09503987183855,0.3628116633918609,0.9401460532031082
N-ALPHA-METHYLHISTAMINE-DIHYDROCHLORIDE,-0.09408945389100001,0.37801782432546693,0.9401460532031082
GNF-5,-0.09269979693901798,0.3579170294794405,0.9401460532031082
ARBUTIN,-0.088038955004,0.3795616372878824,0.9401460532031082
OZOLINONE,-0.08623781980272499,0.3620108571007322,0.9401460532031082
WAY-362450,-0.08617773399715001,0.3673141891337548,0.9401460532031082
AZ960,-0.08591380765000001,0.36816252676675754,0.9401460532031082
NBQX,-0.08123226692535002,0.37801782432546693,0.9401460532031082
FASORACETAM,-0.081026831426582,0.35560293174772073,0.9401460532031082
AZD1981,-0.0773434237315,0.37782336877856226,0.9401460532031082
NDT-9513727,-0.0738516869898359,0.36558774121514304,0.9401460532031082
PYRAZINOYLGUANIDINE,-0.07048332915649999,0.35744071325671556,0.9401460532031082
NIFEDIPINE,-0.068986634294886,0.374790730728518,0.9401460532031082
GDC-0879,-0.06638734793099998,0.36396755525791047,0.9401460532031082
TERIFLUNOMIDE,-0.06154103485800003,0.3601194907418219,0.9401460532031082
APATINIB,-0.0584648655868,0.3784631645385914,0.9401460532031082
RIODIPINE,-0.05776722500468,0.36015747614190174,0.9401460532031082
PALONOSETRON,-0.05132846005449998,0.3691767730510185,0.9401460532031082
NEOSTIGMINE,-0.049088649283499985,0.37944545387514217,0.9401460532031082
AG-1024,-0.045676763244399995,0.35652713300925576,0.9401460532031082
AC-186,-0.0423077218815875,0.3701388456294952,0.9401460532031082
RO-15-4513,-0.040544466409,0.370171469781019,0.9401460532031082
ROSUVASTATIN,-0.03466753585150001,0.37434693490772664,0.9401460532031082
TIABENDAZOLE,-0.0325409410871,0.37349265123722253,0.9401460532031082
MOLSIDOMINE,-0.0302535694162,0.3619307588127264,0.9401460532031082
NU-7026,-0.029017511266500012,0.37349265123722253,0.9401460532031082
PHTPP,-0.017089405805500002,0.3802421231433748,0.9401460532031082
DIHYDROERGOTAMINE,-0.01159663418750001,0.374790730728518,0.9401460532031082
RO-106-9920,0.0008868453679999888,0.374790730728518,0.9401460532031082
TOPILUTAMIDE,0.0017340952145598956,0.35560293174772073,0.9401460532031082
PIRODAVIR,0.011423290103999978,0.364543423572554,0.9401460532031082
MEPYRAMINE,0.014331288498695001,0.37801782432546693,0.9401460532031082
INGENOL-MEBUTATE,0.015030794786499935,0.36900116315918674,0.9401460532031082
TYRPHOSTIN-AG-835,0.0309344977605,0.36558774121514304,0.9401460532031082
CLOBENPROPIT,0.03584471436276,0.35652713300925576,0.9401460532031082
CHLOROXYLENOL,0.04111285843200002,0.37642314030108315,0.9401460532031082
BRD9876,0.04204375695141055,0.370171469781019,0.9401460532031082
VALNEMULIN,0.04211660271500001,0.36382044354521714,0.9401460532031082
CYANOPINDOLOL,0.0498496546852,0.374790730728518,0.9401460532031082
CV-1808,0.05128678354300001,0.37944545387514217,0.9401460532031082
BMS-813160,0.055635988009182014,0.36470928701708805,0.9401460532031082
SARCOSINE,0.06012218065080001,0.3619307588127264,0.9401460532031082
ETOFYLLINE,0.06396598286099997,0.3628116633918609,0.9401460532031082
PAROMOMYCIN,0.068429211017,0.3573689804483192,0.9401460532031082
ALISPORIVIR,0.069341005347556,0.3786392588966636,0.9401460532031082
OCO-1112,0.07995979200799999,0.3610396094174869,0.9401460532031082
FORMOTEROL,0.08311053782700001,0.3619307588127264,0.9401460532031082
PINOCEMBRIN,0.08502795099640001,0.37944545387514217,0.9401460532031082
"L-798,106",0.08790957769254999,0.3592467262316442,0.9401460532031082
10-DEBC,0.094946201208145,0.37349265123722253,0.9401460532031082
A205804,0.10014256266255,0.37642314030108315,0.9401460532031082
MOTESANIB,0.10120830242250001,0.3620108571007322,0.9401460532031082
NATAMYCIN,0.1084576154699,0.3666903311705768,0.9401460532031082
RIMCAZOLE,0.10954201301843,0.3772251169936083,0.9401460532031082
ML298,0.11151224546455905,0.37944545387514217,0.9401460532031082
TRANSCROCETINATE,0.11717413917058841,0.36931661701327545,0.9401460532031082
ZOLIFLODACIN,0.1176959448516765,0.36931661701327545,0.9401460532031082
COLISTIN-B-SULFATE,0.1218468996646,0.37434693490772664,0.9401460532031082
S63845,0.12621074693205503,0.3786392588966636,0.9401460532031082
MOTAPIZONE,0.12855778780753568,0.36931661701327545,0.9401460532031082
"1,5-DICAFFEOYLQUINIC-ACID",0.1337477795525,0.3589704517278486,0.9401460532031082
SR-59230A,0.135041762011,0.36816252676675754,0.9401460532031082
CYPROHEPTADINE,0.13718960199250002,0.37434693490772664,0.9401460532031082
DFB,0.13828411902239998,0.3710163301355621,0.9401460532031082
UH-232-(+),0.14182939792875,0.36558774121514304,0.9401460532031082
TRIMETHOPRIM,0.144377222956,0.3619307588127264,0.9401460532031082
CYT-997,0.14549750820999963,0.3601194907418219,0.9401460532031082
AMG319,0.150218144785755,0.3793036022283217,0.9401460532031082
SR-27897,0.15450083056599984,0.37944545387514217,0.9401460532031082
ML204,0.1551202754231187,0.3763458231883319,0.9401460532031082
NIMORAZOLE,0.1591085543368,0.3710163301355621,0.9401460532031082
OXIRACETAM,0.16185687429500017,0.374790730728518,0.9401460532031082
MEGLUTOL,0.1641187168751079,0.36558774121514304,0.9401460532031082
INOSITOL,0.1658905419592,0.3640512492050847,0.9401460532031082
IDALOPIRDINE,0.17212584981470003,0.3557294177418976,0.9401460532031082
NAPHAZOLINE,0.17230396221125,0.37801782432546693,0.9401460532031082
ZUCLOPENTHIXOL,0.17258170291869998,0.37801782432546693,0.9401460532031082
4-HYDROXY-PHENAZONE,0.1780382799213,0.35923671966032555,0.9401460532031082
BECLABUVIR,0.1798248142696865,0.3601380390464054,0.9401460532031082
BAZEDOXIFENE,0.180138859135,0.3710163301355621,0.9401460532031082
LOSMAPIMOD,0.18196754441725002,0.37349265123722253,0.9401460532031082
FENOPROFEN,0.18947179050100005,0.3795616372878824,0.9401460532031082
ISRADIPINE,0.195343690881,0.364543423572554,0.9401460532031082
CX-516,0.20713067877000002,0.3619307588127264,0.9401460532031082
CRISDESALAZINE,0.21223574669608697,0.36470928701708805,0.9401460532031082
CIM-0216,0.2184022429576035,0.37944545387514217,0.9401460532031082
"ISOQUINOLINE,-6,7-DIMETHOXY-1-METHYL-1,2,3,4-TETRAHYDRO,",0.2292981378909,0.35923671966032555,0.9401460532031082
RV1729,0.2377008938483366,0.36470928701708805,0.9401460532031082
AQ-RA741,0.24037783396009998,0.35744071325671556,0.9401460532031082
LORACARBEF,0.24196564354860112,0.374790730728518,0.9401460532031082
XL041,0.259962088264286,0.3786392588966636,0.9401460532031082
TALMAPIMOD,0.27174387585099996,0.36816252676675754,0.9401460532031082
ADAVIVINT,0.27376652781437993,0.36558774121514304,0.9401460532031082
D609,0.2824294293898484,0.374790730728518,0.9401460532031082
AVAGACESTAT,0.28586296471695,0.3640512492050847,0.9401460532031082
RS-102895,0.29328853150625,0.374790730728518,0.9401460532031082
MYCOPHENOLATE-MOFETIL,0.343003745777,0.35923671966032555,0.9401460532031082
CLOBETASOL-PROPIONATE,0.344184080602,0.3619307588127264,0.9401460532031082
WAY-316606,0.3748449423740699,0.36470928701708805,0.9401460532031082
PARTHENOLIDE-(ALTERNATE-STEREO),0.411596707071,0.37944545387514217,0.9401460532031082
PRN1371,0.43609873010949796,0.36931661701327545,0.9401460532031082
AZ7550,0.4390436035104299,0.3739599644749334,0.9401460532031082
HYDROCORTISONE,0.45815988541695,0.374790730728518,0.9401460532031082
CMPD-1,0.468656107762,0.3664559839619027,0.9401460532031082
THIRAM,0.49406695153800007,0.3664559839619027,0.9401460532031082
BMS-387032,0.6185598516200002,0.35921387300718244,0.9401460532031082
DOXORUBICIN,0.9580477945599997,0.35744071325671556,0.9401460532031082
LY364947,-0.46230158707,0.38413556321347375,0.9409613699589421
RIGOSERTIB,-0.4622957792800002,0.3810294322694038,0.9409613699589421
SODIUM-GLUCONATE,-0.448506498185,0.38337295856448284,0.9409613699589421
TIBOLONE,-0.42611075631325,0.382576613700195,0.9409613699589421
ATRACTYLENOLIDE-I,-0.2995755216393704,0.3833544237974258,0.9409613699589421
DIPHENYLPYRALINE,-0.24192181227799997,0.38413556321347375,0.9409613699589421
HALOFANTRINE,-0.2376871222125001,0.382576613700195,0.9409613699589421
TOLBUTAMIDE,-0.21078094645150003,0.38256384024251544,0.9409613699589421
CZC-54252,-0.14804839350548105,0.38261662407737596,0.9409613699589421
GINKGOLIDE-A,-0.12870671109290002,0.38413556321347375,0.9409613699589421
GANT-61,-0.12105959764921198,0.38413556321347375,0.9409613699589421
STANOZOLOL,-0.076877611944,0.3833544237974258,0.9409613699589421
DOXAPRAM,-0.062974003636,0.38413556321347375,0.9409613699589421
MK2-IN-1,-0.039663332994364975,0.38413556321347375,0.9409613699589421
HYDROCORTISONE-BUTYRATE,-0.0361527575347,0.3809536564626118,0.9409613699589421
CUR-61414,-0.0007496869864079825,0.38261662407737596,0.9409613699589421
ETC-159,0.018712890982227504,0.38221215176158163,0.9409613699589421
TROXERUTIN,0.1352046859739,0.38337295856448284,0.9409613699589421
SUFUGOLIX,0.135377001713079,0.38413556321347375,0.9409613699589421
CROMOGLICIC-ACID,0.1692998496115,0.382576613700195,0.9409613699589421
SSR180711,0.27137518996867405,0.38413556321347375,0.9409613699589421
DIHYDROERGOCRISTINE,0.35178967419630003,0.382576613700195,0.9409613699589421
CGP-12177,0.44281208223884994,0.38256384024251544,0.9409613699589421
GANETESPIB,0.6727941566850002,0.382576613700195,0.9409613699589421
LORGLUMIDE,-0.35012803189249997,0.38886097688366916,0.9418352506395005
ECTOINE-ZWITTERION,-0.342445603317523,0.3889510574283688,0.9418352506395005
EPLERENONE,-0.32218599619284,0.38886097688366916,0.9418352506395005
FUTIBATINIB,-0.23105625493710158,0.38810537669183476,0.9418352506395005
BUTOFILOLOL,-0.1999601079149,0.385782806528039,0.9418352506395005
SB-203186,-0.1865642565052,0.38886097688366916,0.9418352506395005
PA-452,-0.1110202197222234,0.3889510574283688,0.9418352506395005
SR-3576,-0.08584195578034501,0.3889510574283688,0.9418352506395005
TC-MPS1-12,-0.07425487175924994,0.3889510574283688,0.9418352506395005
2-HYDROXYSACLOFEN,-0.065487984865,0.3864239588995203,0.9418352506395005
TROXIPIDE,-0.0565848527235,0.38734059319365277,0.9418352506395005
RESMETIROM,-0.003822019469080201,0.38810537669183476,0.9418352506395005
LUSAPERIDONE,0.0207689838041275,0.38810537669183476,0.9418352506395005
LX7101,0.022600753601384402,0.3885903677420194,0.9418352506395005
LY2979165,0.04932605690129599,0.3885903677420194,0.9418352506395005
2-PHENYLMELATONIN,0.0598275182918,0.3871689453706064,0.9418352506395005
MEGESTROL-ACETATE,0.0763723596975,0.38886097688366916,0.9418352506395005
EF5,0.0785516179049717,0.38810537669183476,0.9418352506395005
FENOLDOPAM,0.1162073406709,0.38567017031166906,0.9418352506395005
TERODILINE,0.12451533321429999,0.385782806528039,0.9418352506395005
DYPHYLLINE,0.12916072516750002,0.38567017031166906,0.9418352506395005
ZOLIMIDINE,0.13373396441705,0.385782806528039,0.9418352506395005
BAN-ORL-24,0.13519411605114,0.38822440490753385,0.9418352506395005
CI-844,0.14870027158350002,0.38886097688366916,0.9418352506395005
DICHLORISONE-ACETATE,0.16463551716680003,0.3883215655199558,0.9418352506395005
AMEZINIUM,0.17090367206626247,0.3885903677420194,0.9418352506395005
OLMESARTAN-MEDOXOMIL,0.21008682256079997,0.3871689453706064,0.9418352506395005
TMC647055,0.3032719617902,0.385782806528039,0.9418352506395005
ALOGLIPTIN,0.31616972303159996,0.3883215655199558,0.9418352506395005
CLODRONIC-ACID,0.43486722897600005,0.38752604349639785,0.9418352506395005
ISBUFYLLINE,0.238879862324,0.38960755633429023,0.9430645853668439
AZTREONAM,0.01610530686450007,0.3901242277150617,0.9435943629886817
VERNAKALANT,0.05317179830714999,0.3901242277150617,0.9435943629886817
METHOPRENE-(S),-0.15264129646859997,0.39034527384408835,0.9437687906714949
BRICICLIB,-1.3984416065192598,0.40153974523166347,0.9446672675140023
AZ-628,-1.061836281764,0.39911195693457635,0.9446672675140023
ETOPOSIDE,-0.8619567395870001,0.3943424313436914,0.9446672675140023
GAMBOGIC-ACID,-0.826635311465,0.3997982270896616,0.9446672675140023
OMTRIPTOLIDE,-0.5477863638841498,0.40257204785988365,0.9446672675140023
PTC-028,-0.5365749084242197,0.392892029063047,0.9446672675140023
GSK2334470,-0.46617544042351955,0.3936216071474914,0.9446672675140023
NSC-23766,-0.397481043255,0.39911195693457635,0.9446672675140023
DABIGATRAN-ETEXILATE,-0.38237931199249997,0.3917947400555887,0.9446672675140023
PF-06305591,-0.3361646488088851,0.40257204785988365,0.9446672675140023
CU-CPT-4A,-0.3074816755678002,0.39841736036389563,0.9446672675140023
APREPITANT,-0.29375259539750004,0.40680854066803085,0.9446672675140023
5-METHYLHYDANTOIN-(L),-0.27530951830115,0.4058720295814664,0.9446672675140023
MITIGLINIDE,-0.27379025859165,0.4058720295814664,0.9446672675140023
IMEXON,-0.2555846309945,0.40114637476313963,0.9446672675140023
LDN-57444,-0.23860134396639998,0.3983348105204939,0.9446672675140023
HEMADO,-0.2159623058198,0.3943424313436914,0.9446672675140023
INCB-3284,-0.205015332617,0.40409841677221126,0.9446672675140023
ETAMSYLATE,-0.2040809907368,0.392153538341356,0.9446672675140023
GENZ-123346,-0.19902674785115504,0.408113831440828,0.9446672675140023
NMDA,-0.1980620284715,0.4058720295814664,0.9446672675140023
TRICAPRYLIN,-0.18906746884300002,0.3997982270896616,0.9446672675140023
JTE-907,-0.18631351310900002,0.39575843465225735,0.9446672675140023
NEO-GILURYTMAL,-0.17465931604520002,0.39107428455538873,0.9446672675140023
N-ACETYL-TYROSINE,-0.173795670401475,0.3990633378434655,0.9446672675140023
FALECALCITRIOL,-0.1726227148576,0.397002580178888,0.9446672675140023
BVD-523,-0.17143201901049998,0.3936216071474914,0.9446672675140023
"ICI-118,551",-0.17097665013399999,0.39841736036389563,0.9446672675140023
PARCETASAL,-0.16359113293662342,0.40746520687328414,0.9446672675140023
PHA-543613,-0.16067063056526903,0.408113831440828,0.9446672675140023
PRAZOSIN,-0.15876030800999996,0.3943424313436914,0.9446672675140023
AQ-13,-0.1486332676121351,0.40746520687328414,0.9446672675140023
IFENPRODIL,-0.13777233937009997,0.39841736036389563,0.9446672675140023
GLPG0492-R-ENANTIOMER,-0.1346519089557427,0.4081104204610595,0.9446672675140023
METENKEPHALIN,-0.1318451813681,0.39107428455538873,0.9446672675140023
SOLITHROMYCIN,-0.13140442434385,0.3990633378434655,0.9446672675140023
BIFENDATE,-0.12876152185030001,0.4032481369661963,0.9446672675140023
PERCHLOZONE,-0.12046686454083999,0.4004763183389711,0.9446672675140023
BT-11,-0.12036301070435801,0.40746520687328414,0.9446672675140023
HA-1004,-0.11979263526449996,0.3950546566964377,0.9446672675140023
DEXLANSOPRAZOLE,-0.11587400312400001,0.4033992268729534,0.9446672675140023
SR-2640,-0.1127289488717,0.4058720295814664,0.9446672675140023
TIOPRONIN,-0.10960313053899998,0.40547048231766913,0.9446672675140023
VERALIPRIDE,-0.1083320203516475,0.40746520687328414,0.9446672675140023
YOHIMBINE,-0.10790303592295,0.4032481369661963,0.9446672675140023
NOR-BINALTORPHIMINE,-0.1069408107465,0.4058720295814664,0.9446672675140023
DELAPRIL,-0.10223350925582,0.408113831440828,0.9446672675140023
A-412997,-0.1016501805409968,0.4018099627328622,0.9446672675140023
SERTINDOLE,-0.08722942289700003,0.4032481369661963,0.9446672675140023
K-MAP,-0.07807345625899997,0.39911195693457635,0.9446672675140023
TFC-007,-0.07504533374907599,0.4018099627328622,0.9446672675140023
DESVENLAFAXINE,-0.07483614974330001,0.40391603462235914,0.9446672675140023
UB-165,-0.0669463981377,0.3936216071474914,0.9446672675140023
EXISULIND,-0.060049385689499996,0.40409841677221126,0.9446672675140023
TAPENTADOL,-0.0517015866785,0.3950546566964377,0.9446672675140023
ARTICAINE,-0.0452820837015,0.40680854066803085,0.9446672675140023
YM-750,-0.0419437680087293,0.40153974523166347,0.9446672675140023
BD-1008,-0.04163590330215,0.408113831440828,0.9446672675140023
VALROCEMIDE,-0.0369108153921,0.39555263393092577,0.9446672675140023
GRAMINE,-0.0323578867755,0.4032481369661963,0.9446672675140023
VIDARABINE,-0.030669741102149997,0.3936216071474914,0.9446672675140023
WR99210,-0.030610910947534986,0.40833395732688127,0.9446672675140023
SENNOSIDE-A,-0.016146343879377092,0.3950329766408668,0.9446672675140023
CVT-10216,-0.010884813665917401,0.40833395732688127,0.9446672675140023
DEXFOSFOSERINE,-0.010466684724000003,0.3933088852616161,0.9446672675140023
MIDODRINE,-0.003821128571500021,0.39645391316180756,0.9446672675140023
ETILEFRINE,0.0055014363721999915,0.4058720295814664,0.9446672675140023
AC260584,0.0185623976476664,0.40257204785988365,0.9446672675140023
PF-431396,0.027078836640210158,0.3953489133324496,0.9446672675140023
LUZINDOLE,0.027243390416136444,0.39841736036389563,0.9446672675140023
SC-12267,0.028317715394000006,0.4052278392756741,0.9446672675140023
AZD9496,0.02917150423083001,0.3953489133324496,0.9446672675140023
TIARAMIDE,0.038569506585650004,0.39406620727970054,0.9446672675140023
BAY1125976,0.04484278090335203,0.40746520687328414,0.9446672675140023
GLUTAMINE-(L),0.04786575876690001,0.40850201271372355,0.9446672675140023
4BP-TQS,0.04979521030735659,0.408113831440828,0.9446672675140023
AMINOGLUTETHIMIDE,0.0528773323275,0.3943424313436914,0.9446672675140023
MIRIN,0.0733403719569256,0.39841736036389563,0.9446672675140023
BOSUTINIB,0.07586466068,0.4052278392756741,0.9446672675140023
PARACHLOROPHENOL,0.07610994132099999,0.40086357995683863,0.9446672675140023
BD-1047,0.07715504315800001,0.3943424313436914,0.9446672675140023
RAMIFENAZONE,0.0782073340495,0.40086357995683863,0.9446672675140023
AMINOHYDROXYBUTYRIC-ACID,0.085783102462,0.40457588761494045,0.9446672675140023
TRAMIPROSATE,0.08686550080215,0.40086357995683863,0.9446672675140023
SB-225002,0.09077555690649997,0.39841736036389563,0.9446672675140023
MAFENIDE,0.09123858333849999,0.3997982270896616,0.9446672675140023
NIFLUMIC-ACID,0.0999273797533,0.40391603462235914,0.9446672675140023
TPPS4,0.110056536953,0.40875456012677835,0.9446672675140023
2-OLEOYLGLYCEROL,0.12257408067831455,0.3950329766408668,0.9446672675140023
7-NITROINDAZOLE,0.12526827720015002,0.3917947400555887,0.9446672675140023
GEDUNIN,0.1278432577057,0.3936216071474914,0.9446672675140023
SB-203580,0.1362175825012,0.40391603462235914,0.9446672675140023
PROPAGERMANIUM,0.14232568438697496,0.39841736036389563,0.9446672675140023
MELEVODOPA,0.14597896438945002,0.40547048231766913,0.9446672675140023
VANILLIN,0.14864535537165002,0.397002580178888,0.9446672675140023
BAX-CHANNEL-BLOCKER,0.150693321811,0.39911195693457635,0.9446672675140023
EHOP-016,0.15795949821083,0.3997982270896616,0.9446672675140023
"TRANS-4-[8-(3-FLUOROPHENYL)-1,7-NAPHTHYRIDIN-6-YL]CYCLOHEXANECARBOXYLIC-ACID",0.1676931029879,0.4058720295814664,0.9446672675140023
FENBUFEN,0.16841987176249995,0.40086357995683863,0.9446672675140023
PRN1008,0.16969404482210498,0.40257204785988365,0.9446672675140023
NIZOFENONE,0.17226814127005,0.3954718746902113,0.9446672675140023
PHENAZOPYRIDINE,0.17302223649675003,0.40086357995683863,0.9446672675140023
TOREMIFENE,0.18282304237195002,0.39645391316180756,0.9446672675140023
LACITOL,0.183437720441,0.3977142863372658,0.9446672675140023
DCP-LA,0.18414504503271012,0.40257204785988365,0.9446672675140023
NICARAVEN,0.1912365743523455,0.4062991996658202,0.9446672675140023
4-PHENOLSULFONIC-ACID,0.1948571985096,0.397002580178888,0.9446672675140023
GLUTATHIONE-MONOISOPROPYL-ESTER,0.212854287635,0.39841736036389563,0.9446672675140023
SPHINGOSYLPHOSPHORYLCHOLINE,0.2174492899629,0.40188761695846165,0.9446672675140023
MERCAPTOSUCCINIC-ACID,0.22100949349100002,0.40114637476313963,0.9446672675140023
ONCRASIN-1,0.22636636106765,0.3936216071474914,0.9446672675140023
NVP-ADW742,0.24854703751275,0.3936216071474914,0.9446672675140023
DIPHENHYDRAMINE,0.2739716694665,0.40457588761494045,0.9446672675140023
SKI-II,0.279471177794,0.40391603462235914,0.9446672675140023
MIFEPRISTONE,0.28547684350900004,0.3954718746902113,0.9446672675140023
CYCLOPENTOLATE,0.31351758039850003,0.40457588761494045,0.9446672675140023
PHLORIZIN,0.3266506718315,0.39841736036389563,0.9446672675140023
CHROMIUM-PICOLINATE,0.419152673945,0.40875456012677835,0.9446672675140023
NANCHANGMYCIN,0.7596606284799998,0.3997982270896616,0.9446672675140023
CLOFARABINE,0.8513220356599998,0.4004763183389711,0.9446672675140023
ELTANEXOR,0.9337373297180496,0.40746520687328414,0.9446672675140023
TUBASTATIN-A,-0.009287543526400002,0.40938753521423954,0.9450961058843846
FIROCOXIB,-0.0020893188920000083,0.40938753521423954,0.9450961058843846
SN-38,0.4854137943899999,0.40938753521423954,0.9450961058843846
NAPROXEN,-0.1834957652127,0.4100128956151905,0.9455549540885065
BARICITINIB,-0.14160497270999994,0.41063077696884487,0.9455549540885065
DEHYDROACETIC-ACID,-0.13993256338374999,0.41063077696884487,0.9455549540885065
NSC-697923,-0.13365584144000042,0.41063077696884487,0.9455549540885065
CARUMONAM,0.042126611706900005,0.41048463385382106,0.9455549540885065
D-SERINE,0.1547611066715,0.4100128956151905,0.9455549540885065
"16,16-DIMETHYLPROSTAGLANDIN-E2",0.2763264150775,0.41063077696884487,0.9455549540885065
GDC-0994,-0.9851812947177869,0.4147447293562837,0.9464910111578326
GNF-7,-0.8834735795546447,0.41301433230772777,0.9464910111578326
AVAPRITINIB,-0.5693524531525931,0.4123936504963239,0.9464910111578326
FRAX486,-0.33613063300580004,0.41301433230772777,0.9464910111578326
AFALANINE,-0.21152139439145,0.41423306116236003,0.9464910111578326
AZD7986,-0.1867775277317118,0.4123936504963239,0.9464910111578326
UREA,-0.170218266482,0.41423306116236003,0.9464910111578326
PEXMETINIB,-0.15565266956839197,0.41492062947711206,0.9464910111578326
T-025,-0.14444690452185166,0.41301433230772777,0.9464910111578326
BMS-688521,-0.12735577854818403,0.41492062947711206,0.9464910111578326
SB-366791,-0.11944856153000005,0.4136274233531336,0.9464910111578326
GW-9508,-0.1022311457716,0.4136274233531336,0.9464910111578326
PRASUGREL,-0.09798355239699996,0.41301433230772777,0.9464910111578326
FUMONISIN-B1,-0.06421315388284501,0.4123936504963239,0.9464910111578326
LU-AA-47070,0.072437296732979,0.41492062947711206,0.9464910111578326
MASOPROCOL,0.1022077455772,0.41177858057433303,0.9464910111578326
EPIGALLOCATECHIN-GALLATE-(-),0.114899079091724,0.4147447293562837,0.9464910111578326
LAURIC-DIETHANOLAMIDE,0.126569358114448,0.41492062947711206,0.9464910111578326
BAY-8002,0.1408776270979421,0.4123936504963239,0.9464910111578326
MM-102,0.1515502428136,0.4136274233531336,0.9464910111578326
DILTIAZEM,0.1801918845943,0.4148313799858484,0.9464910111578326
VENETOCLAX,0.208241418819,0.41176523700982937,0.9464910111578326
SNC-80,0.2105862191372,0.4123936504963239,0.9464910111578326
INDELOXAZINE,0.22340794197288877,0.4147447293562837,0.9464910111578326
DAPTOMYCIN,0.33066042611604,0.4129958447028339,0.9464910111578326
GOSSYPOL,0.8122835437699998,0.41364303923107215,0.9464910111578326
CINACIGUAT,-0.3165811977885,0.4154225108910715,0.9469541192506187
LAPATINIB,0.13883860950049998,0.4154225108910715,0.9469541192506187
CLONAZEPAM,-0.2014094745944,0.4167575853806721,0.9486196710467755
AMMONIUM-PERFLUOROCAPRYLATE,-0.1905024985725875,0.4179495221023508,0.9486196710467755
KD-023,-0.16899708796340002,0.4179495221023508,0.9486196710467755
SOTAGLIFLOZIN,-0.11230034786999998,0.4173572597055134,0.9486196710467755
DULOXETINE,-0.03713295975249997,0.4179495221023508,0.9486196710467755
TC-G-1004,0.0887625423120295,0.4179495221023508,0.9486196710467755
TY-52156,0.11385893270851447,0.4179495221023508,0.9486196710467755
BI-409306,0.1220737602591784,0.4173572597055134,0.9486196710467755
CHLORAMBUCIL,0.1419822688555,0.4179495221023508,0.9486196710467755
CA-4948,0.16205267861786038,0.4173572597055134,0.9486196710467755
ACITAZANOLAST,0.16362076257545,0.4179495221023508,0.9486196710467755
K-STROPHANTHIDIN,0.5885288910045,0.4179495221023508,0.9486196710467755
S-ISOPROPYLISOTHIOUREA,-0.033176183639999995,0.41853450837509565,0.9489277923338036
ANPIRTOLINE,0.07962674645,0.41853450837509565,0.9489277923338036
RS-67333,0.1179222364446,0.41853450837509565,0.9489277923338036
CINANSERIN,-0.2060797780784,0.41911235105050526,0.9492190738409763
TRANS-4-HYDROXYCROTONIC-ACID,-0.036926555954999996,0.4188221703841546,0.9492190738409763
BROMOPRIDE,0.221511596426,0.41911235105050526,0.9492190738409763
ETHACIZIN,0.021165787613575,0.4194301075074932,0.949599353795993
TEMPOL,-0.20146805787499988,0.4202471199126552,0.9507697247006411
ML133,0.016038215851000015,0.4202471199126552,0.9507697247006411
TAFENOQUINE,0.27215231009065,0.420622772468106,0.9512799818452489
REBASTINIB,-0.29839595618212034,0.42144237894257297,0.9513807101974275
PIPERAQUINE-PHOSPHATE,-0.28706798546690004,0.42291927735934254,0.9513807101974275
WIN-18446,-0.279584364760803,0.42144237894257297,0.9513807101974275
BENSERAZIDE,-0.24622535032860002,0.42291927735934254,0.9513807101974275
FERROSTATIN-1,-0.1970261793979356,0.42291927735934254,0.9513807101974275
NEOHESPERIDIN,-0.17192035030234998,0.42291927735934254,0.9513807101974275
PAZOPANIB,-0.1214116663575,0.4217854588540473,0.9513807101974275
ABX-1431,-0.076580875822132,0.42291927735934254,0.9513807101974275
ORG-25543,-0.069450843257013,0.42156969213231976,0.9513807101974275
URB597,-0.060547699251797905,0.42144237894257297,0.9513807101974275
SU-11274,-0.019998237877500005,0.42291927735934254,0.9513807101974275
LICOSTINEL,0.07821678510053229,0.4223559093179189,0.9513807101974275
TAS-103,0.16134145421,0.4228679658552348,0.9513807101974275
PAEONOL,0.17727093566000002,0.42291927735934254,0.9513807101974275
AZD8835,0.184634886144232,0.42144237894257297,0.9513807101974275
TAK-632,-0.6330802059485001,0.4240252847713847,0.9515043305935781
NPS-2143,-0.32718174977708503,0.4240252847713847,0.9515043305935781
BENZOQUINONIUM-DIBROMIDE,-0.13390996559869,0.4240252847713847,0.9515043305935781
2'-MECCPA,-0.12215148250160002,0.4234756934191124,0.9515043305935781
TROLOX,0.05683664656999987,0.4240252847713847,0.9515043305935781
PYROXAMIDE,0.11964341867600001,0.4234756934191124,0.9515043305935781
ATROPINE,0.14154779557900005,0.4240252847713847,0.9515043305935781
ABT-724,-0.030060758187200012,0.4245681756186306,0.9523853199629246
METOCURINE,-0.0850429843471,0.42510448718321403,0.9529137372762743
CZC24832,0.11211101064599999,0.42510448718321403,0.9529137372762743
ZOMETAPINE,-0.07349028022748999,0.42574649187591795,0.9536781615474345
HYDROXYPROGESTERONE-ACETATE,-0.0424796885535,0.42574649187591795,0.9536781615474345
THREO-2-METHYLISOCITRATE-(DL),-0.500822730174199,0.42792346859788444,0.9537539677372041
NMS-P715,-0.48371367389997105,0.4282808387579302,0.9537539677372041
BET-BAY-002,-0.450165481111238,0.4282030561707131,0.9537539677372041
BEMESETRON,-0.27898054532149996,0.42999449042531046,0.9537539677372041
LIRANAFTATE,-0.2029591740083,0.42948624438092864,0.9537539677372041
MOXAVERINE,-0.1540782085313,0.4298385869384801,0.9537539677372041
CETIRIZINE,-0.1358528451189,0.4289717365058652,0.9537539677372041
CHLOROGENIC-ACID,-0.1163425152280001,0.42964307557619474,0.9537539677372041
NISOXETINE,-0.10904422798,0.42999449042531046,0.9537539677372041
TERGURIDE,-0.08809385724058501,0.4298385869384801,0.9537539677372041
FESOTERODINE,-0.07944976846455,0.42948624438092864,0.9537539677372041
OXELAIDIN,-0.07397581685099999,0.4289717365058652,0.9537539677372041
MDL-73005EF,-0.06400258130269999,0.4284508508504241,0.9537539677372041
EO-1428,-0.06093028656389998,0.42792346859788444,0.9537539677372041
CFI-402257,-0.04363461893962017,0.427389467975801,0.9537539677372041
BENZOTRIPT,-0.04297994470899999,0.4289717365058652,0.9537539677372041
GSK2981278,-0.006221934625121949,0.42792346859788444,0.9537539677372041
GSK9027,0.0291446042905389,0.4282808387579302,0.9537539677372041
PF-06447475,0.0547240417767655,0.4282808387579302,0.9537539677372041
LY3000328,0.08423051538443249,0.4282030561707131,0.9537539677372041
U-104,0.0887929862655,0.42999449042531046,0.9537539677372041
VILDAGLIPTIN,0.09751669435049999,0.42999449042531046,0.9537539677372041
NNC-63-0532,0.12741347065925002,0.42792346859788444,0.9537539677372041
P7C3,0.1454035592307853,0.427389467975801,0.9537539677372041
NICOTINAMIDE,0.163903563822,0.42792346859788444,0.9537539677372041
BMS-935177,0.16565794304083298,0.427389467975801,0.9537539677372041
SIB-1757,0.22158476120000015,0.4284508508504241,0.9537539677372041
BMS-566419,0.3223472951529075,0.42792346859788444,0.9537539677372041
SALINOMYCIN,-0.39243123292999993,0.43296196030872747,0.954987797590117
SB-297006,-0.22936378914559835,0.43296196030872747,0.954987797590117
SASAPYRINE,-0.1852616764502,0.43194724169091137,0.954987797590117
TALNETANT,-0.156522335536,0.43194724169091137,0.954987797590117
GGTI-298,-0.14779531405899998,0.43194724169091137,0.954987797590117
OMEPRAZOLE-MAGNESIUM,-0.1450788809198,0.43090645507924275,0.954987797590117
LY320135,-0.03131078103099996,0.43296196030872747,0.954987797590117
SB-258585,0.05167178786599996,0.43296196030872747,0.954987797590117
ZAMI-633,0.11277800877293351,0.43296196030872747,0.954987797590117
CEFOTETAN,0.1333353450567,0.43245779813301055,0.954987797590117
HTHQ,0.1360971731787356,0.43296196030872747,0.954987797590117
FURVINA,0.1431100407727135,0.43296196030872747,0.954987797590117
GAMMA-AMINOBUTYRIC-ACID,0.1524514932305,0.43194724169091137,0.954987797590117
ST-1535,0.2248172135379591,0.43245779813301055,0.954987797590117
SPAUTIN-1,0.2898384399039185,0.43296196030872747,0.954987797590117
SULFANILAMIDE,0.3796661445395001,0.43194724169091137,0.954987797590117
SOBLIDOTIN,-1.1157854624310102,0.4375607560431577,0.9551892979291209
VLX-600,-0.6819221065823151,0.43502642785483836,0.9551892979291209
MPI-0479605,-0.6188778179960001,0.43991676643505606,0.9551892979291209
PHA-767491,-0.5576991780789999,0.4448590115859423,0.9551892979291209
VX-765,-0.41274129473700005,0.4349170019237395,0.9551892979291209
SB-525334,-0.284546292658,0.4435787929544116,0.9551892979291209
MEVASTATIN,-0.28434638424900005,0.43991676643505606,0.9551892979291209
FPH1-(BRD-6125),-0.26092076368149997,0.4431412729023442,0.9551892979291209
BATEFENTEROL,-0.2581873742952329,0.4375607560431577,0.9551892979291209
BISMUTH(III)-TRIFLUOROMETHANESULFONATE,-0.25557294431620003,0.43708086544895175,0.9551892979291209
MEGESTROL,-0.238486415832237,0.4426981917495717,0.9551892979291209
CEPHARANTHINE,-0.2131632533151,0.4398718885162828,0.9551892979291209
ALPHA-METHYLSEROTONIN,-0.20293638049406854,0.4431412729023442,0.9551892979291209
BMS-779788,-0.19187497358778885,0.4431412729023442,0.9551892979291209
SCLAREOLIDE,-0.17850705847589998,0.4380346109429343,0.9551892979291209
SULFAMETHOXYPYRIDAZINE,-0.164598336831515,0.43395157471119084,0.9551892979291209
DACLATASVIR,-0.15622190743950004,0.44032812540954236,0.9551892979291209
DICHLOROACETATE,-0.152591616107,0.4452841258286355,0.9551892979291209
PFI-4,-0.15052276821374214,0.4380346109429343,0.9551892979291209
BETAINE,-0.1440116037193,0.4452841258286355,0.9551892979291209
BL-5583,-0.141585300601,0.43850254295734936,0.9551892979291209
BETA-CCB,-0.14156297274749996,0.4349170019237395,0.9551892979291209
MEPTAZINOL,-0.14144699793850002,0.4380346109429343,0.9551892979291209
KETOROLAC,-0.13964590257509998,0.43708086544895175,0.9551892979291209
OSEMOZOTAN,-0.13644562094529888,0.44188806001718506,0.9551892979291209
TANDUTINIB,-0.1336857542379,0.43850254295734936,0.9551892979291209
SODIUM-TETRADECYL-SULFATE,-0.1287531243217,0.4435787929544116,0.9551892979291209
CGP-7930,-0.1269609548318,0.44443756231642695,0.9551892979291209
GM-1485,-0.122858245917602,0.4426981917495717,0.9551892979291209
CT-7758,-0.1193231438027,0.44443756231642695,0.9551892979291209
IOX2,-0.11645055830349998,0.4398718885162828,0.9551892979291209
POZANICLINE,-0.10367685351076,0.4413345037704438,0.9551892979291209
LENVATINIB,-0.08868142434500001,0.43708086544895175,0.9551892979291209
INDOMETHACIN,-0.08447331840799999,0.4394210757280248,0.9551892979291209
CH223191,-0.076476188649,0.4431412729023442,0.9551892979291209
AZD4282,-0.07464412465810001,0.43991676643505606,0.9551892979291209
TILETAMINE,-0.066557207886,0.44556407837754164,0.9551892979291209
GSK-37647,-0.058156191984869904,0.4350537432763423,0.9551892979291209
1-EBIO,-0.05514121634677,0.43850254295734936,0.9551892979291209
ETHAMBUTOL,-0.04237737238849998,0.4398718885162828,0.9551892979291209
RO-48-8071,-0.0359723205971115,0.43502642785483836,0.9551892979291209
FDCYD,-0.029995463060000116,0.44443756231642695,0.9551892979291209
DNQX,-0.022903668059099998,0.4398718885162828,0.9551892979291209
METHYLBENACTYZIUM-BROMIDE,-0.022803016448003005,0.4375607560431577,0.9551892979291209
LAFUTIDINE,-0.019908089070999946,0.43850254295734936,0.9551892979291209
WAY-255348,-0.0151083238937591,0.4375607560431577,0.9551892979291209
KETOHEXOKINASE-INHIBITOR-1,-0.013546666864827701,0.4375607560431577,0.9551892979291209
PENTOXIFYLLINE,-0.01171168904661,0.4448590115859423,0.9551892979291209
LEVOMEQUITAZINE,0.011162384237,0.43850254295734936,0.9551892979291209
PF-4708671,0.011421982095999997,0.4448590115859423,0.9551892979291209
FLUNIXIN-MEGLUMIN,0.014833517852000017,0.4440108556856356,0.9551892979291209
HP-228,0.0316407420661315,0.4375607560431577,0.9551892979291209
ETACRYNIC-ACID,0.03725476939900002,0.4435787929544116,0.9551892979291209
20-HETE,0.039251437263945005,0.4375607560431577,0.9551892979291209
ML-9,0.045803797409350006,0.4389646621107829,0.9551892979291209
WNT-C59,0.05211092747255,0.4398718885162828,0.9551892979291209
FLUOCINOLONE-ACETONIDE,0.05424680058350001,0.43413032080968783,0.9551892979291209
COMPOUND-401,0.055513885445399994,0.4431412729023442,0.9551892979291209
ML130,0.059114525050499966,0.4448590115859423,0.9551892979291209
BETA-HYDROXY-BETA-METHYLBUTYRATE,0.06220953773983051,0.44191214062063056,0.9551892979291209
PRE-084,0.06710145136449999,0.4398718885162828,0.9551892979291209
ALTINICLINE,0.06829508455485,0.44039554752688004,0.9551892979291209
ADENOSINE,0.07681140840909999,0.44556407837754164,0.9551892979291209
CYCLAMIC-ACID,0.08134549960900006,0.4448590115859423,0.9551892979291209
ML-179,0.0943355930535268,0.44188806001718506,0.9551892979291209
DESIPRAMINE,0.0969292181264,0.44086808632055574,0.9551892979291209
SULINDAC,0.10296913492999998,0.4431412729023442,0.9551892979291209
O-1918,0.10729064794849999,0.4435787929544116,0.9551892979291209
TERAZOSIN,0.11105314063897,0.4394210757280248,0.9551892979291209
DIHYDREXIDINE,0.12953394479498861,0.4380346109429343,0.9551892979291209
TICLOPIDINE,0.129660226436,0.4435787929544116,0.9551892979291209
METHANESULFONYL-FLUORIDE,0.1354769072499423,0.4431412729023442,0.9551892979291209
MK-7246,0.1579252376924215,0.4426981917495717,0.9551892979291209
ORBIFLOXACIN,0.16637641453100002,0.43395157471119084,0.9551892979291209
DEHYDROCORYDALINE,0.178872759459,0.44039554752688004,0.9551892979291209
ALBUTEROL,0.1812253722455,0.4350985874407528,0.9551892979291209
EPROBEMIDE,0.19828455758969998,0.43982587816570784,0.9551892979291209
TRIFLUOPERAZINE,0.20156847227549998,0.4431412729023442,0.9551892979291209
PYRAZINAMIDE,0.2448314460389,0.43850254295734936,0.9551892979291209
NGP555,0.282092960864825,0.4375607560431577,0.9551892979291209
TOYOCAMYCIN,0.2870722298307298,0.44188806001718506,0.9551892979291209
CI-976,0.2872444523094,0.4349170019237395,0.9551892979291209
ADENOSINE-TRIPHOSPHATE,0.359849536073,0.4452841258286355,0.9551892979291209
AZELIRAGON,0.053919055671749996,0.4457292976046596,0.9552203445792113
CYC116,-0.4283547888585,0.4482817925317739,0.9559567928286243
TEMOZOLOMIDE,-0.39746057991725,0.4482817925317739,0.9559567928286243
PARECOXIB,-0.31060280763250003,0.4482817925317739,0.9559567928286243
CARZENIDE,-0.26745342052989995,0.44909000666732124,0.9559567928286243
PI-828,-0.237498958055,0.44786994907706723,0.9559567928286243
ANR-94,-0.18776644190460523,0.4488598208640492,0.9559567928286243
TA-01,-0.1434994920284234,0.4487834236776437,0.9559567928286243
U-0124,-0.13891836840796498,0.4482817925317739,0.9559567928286243
DIMETRIDAZOLE,-0.09307942814299999,0.44909000666732124,0.9559567928286243
AZ-10417808,-0.09103215439600001,0.44868844596522317,0.9559567928286243
FUREGRELATE,-0.08089147058932503,0.4487834236776437,0.9559567928286243
PAGOCLONE,-0.015035980846669808,0.44786994907706723,0.9559567928286243
METHANTHELINE,-0.0051522267382743975,0.4482817925317739,0.9559567928286243
BU-239,0.04062437326339999,0.44868844596522317,0.9559567928286243
VINBURNINE,0.08102256197577999,0.44745281582299845,0.9559567928286243
MALTOBIONIC-ACID,0.09293582061544998,0.4482817925317739,0.9559567928286243
CLONIXIN,0.1016940419174466,0.44786994907706723,0.9559567928286243
PROXODOLOL,0.11159664842,0.44868844596522317,0.9559567928286243
OXA-06,0.21884917719559538,0.4487834236776437,0.9559567928286243
KPT-276,0.8863444119900001,0.44868844596522317,0.9559567928286243
LDN-212854,-0.7851209887400001,0.4498782270546662,0.9560289486403151
MOXISYLYTE,-0.3401536271737,0.4494865695166751,0.9560289486403151
TRAPIDIL,0.04683619071600004,0.4498782270546662,0.9560289486403151
CCT137690,0.07051007974000001,0.4498782270546662,0.9560289486403151
SB-683698,0.09938315585025,0.4498782270546662,0.9560289486403151
COH29,-1.08289208850657,0.4530758656255336,0.9571924921500499
GSK923295,-0.38946940482549997,0.45420196053261797,0.9571924921500499
TIPIFARNIB,-0.31736342470150003,0.45383134489669175,0.9571924921500499
MEPENZOLATE,-0.2475277202665,0.45420196053261797,0.9571924921500499
HC-067047,-0.21260893665817948,0.4534560101129732,0.9571924921500499
4-METHYLHISTAMINE,-0.0823410762315,0.4534560101129732,0.9571924921500499
TD139,-0.06922090219814189,0.4530758656255336,0.9571924921500499
GW-7647,-0.06647337899625001,0.4534560101129732,0.9571924921500499
INCB-003284,-0.055636668805425005,0.45269081855095483,0.9571924921500499
CARTEOLOL,-0.051110379440200006,0.45383134489669175,0.9571924921500499
C11-ACETATE,-0.0366147216463463,0.4534560101129732,0.9571924921500499
TILMICOSIN,-0.030847710852650007,0.45269081855095483,0.9571924921500499
PSI-697,-0.027774742990077997,0.4530758656255336,0.9571924921500499
AMUVATINIB,0.004245141811600003,0.4534560101129732,0.9571924921500499
ZD-7155,0.012111947354199994,0.45383134489669175,0.9571924921500499
DECOQUINATE,0.06283061268649998,0.4519056330156844,0.9571924921500499
TRANEXAMIC-ACID,0.07594063418889999,0.4519056330156844,0.9571924921500499
MONOCTANOIN,0.1091936650904,0.4519056330156844,0.9571924921500499
WAY-100635,0.17056182578923,0.45420196053261797,0.9571924921500499
2-TEDC,0.17484017117750006,0.4534560101129732,0.9571924921500499
DPI-201106,0.19352863140700002,0.45383134489669175,0.9571924921500499
SINEFUNGIN,0.20252332213923535,0.4534560101129732,0.9571924921500499
SE-METHYLSELENOCYSTEINE,0.23519838436900004,0.45383134489669175,0.9571924921500499
PRT062607,0.2616023271576,0.45134470170708363,0.9571924921500499
PERUVOSIDE,0.36535256464999977,0.4534560101129732,0.9571924921500499
SCHISANDRIN-B,-0.122221811289,0.45492938537857774,0.957451848271022
LEVOCABASTINE,-0.0904971011277,0.45456794532150613,0.957451848271022
PHENYLEPHRINE,-0.0597630816489,0.45492938537857774,0.957451848271022
3-DEAZAADENOSINE,0.258826711656,0.45492938537857774,0.957451848271022
DIXANTHOGEN,-0.26480342449509997,0.4561300642971512,0.9575260301669622
NICODICOSAPENT,-0.260523763401885,0.45866375986034646,0.9575260301669622
AXITINIB,-0.232670707142,0.45866375986034646,0.9575260301669622
JPH203,-0.22126476469445258,0.45866375986034646,0.9575260301669622
PNU-74654,-0.1939850076279,0.45866375986034646,0.9575260301669622
PRENYLAMINE,-0.10364159390375,0.45866375986034646,0.9575260301669622
BROPIRIMINE,-0.051618415868240994,0.45866375986034646,0.9575260301669622
METHYSERGIDE,-0.024572197385700392,0.45866375986034646,0.9575260301669622
SB-706375,0.02770167541345199,0.4557394492929737,0.9575260301669622
BAY-2402234,0.03469137960285007,0.45831577276535895,0.9575260301669622
PROPYLPARABEN,0.0352070598928825,0.45866375986034646,0.9575260301669622
LONIDAMINE,0.039272924061600004,0.45866375986034646,0.9575260301669622
AMINOMETHYLTRANSFERASE,0.0512896165736,0.45900732674530276,0.9575260301669622
DEOXYEPINEPHRINE,0.058564896396000016,0.45934655699977356,0.9575260301669622
OXPRENOLOL,0.0764481793855,0.45934655699977356,0.9575260301669622
VELEDIMEX,0.0788576564200357,0.45831577276535895,0.9575260301669622
PALBOCICLIB,0.0827912461781,0.45900732674530276,0.9575260301669622
AG-490,0.08884043107900003,0.45866375986034646,0.9575260301669622
ESONARIMOD,0.129407690924527,0.45866375986034646,0.9575260301669622
NITROCARAMIPHEN,0.15004505515350003,0.4558873988212149,0.9575260301669622
HEXYLRESORCINOL,0.16562277239499998,0.45934655699977356,0.9575260301669622
FLUDARABINE,0.1747717414715,0.45866375986034646,0.9575260301669622
ESZOPICLONE,0.17698309412619997,0.45716751885179874,0.9575260301669622
IMIRESTAT,0.18276776280873153,0.45831577276535895,0.9575260301669622
HEXACHLOROPHENE,0.24941921276008996,0.45900732674530276,0.9575260301669622
NE-100,0.25330345571830004,0.45650645375942356,0.9575260301669622
MIZORIBINE,0.310686642806,0.45574860500864245,0.9575260301669622
METHICILLIN,0.31473035898835,0.45934655699977356,0.9575260301669622
GSK1059615,0.44011137464352457,0.45586907472071714,0.9575260301669622
TALTOBULIN,-0.4349075415899999,0.45968153211218,0.9579091973018364
BIRINAPANT,-0.837921585037,0.464827166656575,0.9607337753107357
ENTASOBULIN,-0.8119843214629499,0.46358949563470675,0.9607337753107357
CUDC-427,-0.305270187547577,0.4629394880460814,0.9607337753107357
EMODIN,-0.27462131894450004,0.4639048699184526,0.9607337753107357
MICONAZOLE,-0.17425157538999997,0.46303229093883413,0.9607337753107357
OCTINOXATE,-0.163180852476,0.4645236300264153,0.9607337753107357
TCN201,-0.1162199375713817,0.4627557322173159,0.9607337753107357
RELCOVAPTAN,-0.11264302157800002,0.464827166656575,0.9607337753107357
L-745870,-0.07798510419369,0.46421622259483064,0.9607337753107357
FOSPHENYTOIN,-0.058486765530650006,0.46261844940256525,0.9607337753107357
ZAMIFENACIN,-0.0420761131265,0.4645236300264153,0.9607337753107357
TANSHINONE-IIA,-0.030280585323485987,0.4629394880460814,0.9607337753107357
ISOCONAZOLE,-0.0195958585253,0.464827166656575,0.9607337753107357
IPSAPIRONE,0.03560555544677,0.4639048699184526,0.9607337753107357
INT-767,0.03651232125166698,0.4629394880460814,0.9607337753107357
PICARTAMIDE,0.05686023167070001,0.46261844940256525,0.9607337753107357
MLN2480,0.1086412364029,0.46327002139963513,0.9607337753107357
BINA,0.125597129101995,0.4627557322173159,0.9607337753107357
RP-001,0.1453408790587107,0.4639048699184526,0.9607337753107357
FR-180204,0.17506618054100004,0.4639048699184526,0.9607337753107357
AVN-492,0.180430472063502,0.46358949563470675,0.9607337753107357
8-BROMO-CGMP,0.2504007994577,0.46421622259483064,0.9607337753107357
IB-MECA,0.25162318239783,0.46358949563470675,0.9607337753107357
VERDINEXOR,0.28418512595127954,0.46358949563470675,0.9607337753107357
DALBAVANCIN,0.5788069246637892,0.4639048699184526,0.9607337753107357
CINROMIDE,0.32657795944,0.4651269050693281,0.9610398426554718
RO-5126766,-1.0606572225763147,0.47007062640645614,0.9644400067200657
TMS,-0.58292782408,0.47000468010888075,0.9644400067200657
L-168049,-0.2936716522371,0.4691791623612991,0.9644400067200657
ZILPATEROL,-0.20171472363275,0.467428556666566,0.9644400067200657
PROCYCLIDINE,-0.13496073186700003,0.46893876952267,0.9644400067200657
LEUCYLLEUCINE-METHYL-ESTER,-0.0934014528663,0.46889685313865537,0.9644400067200657
NTZDPA,-0.0815631980689,0.46945785761577563,0.9644400067200657
BAY-W-9798,-0.051140536644969994,0.4680275252941717,0.9644400067200657
BALSALAZIDE,-0.02739893752799999,0.4686108592446947,0.9644400067200657
BENZYLDIMETHYLOCTYLAMMONIUM,-0.0202865317296885,0.47007062640645614,0.9644400067200657
AMBENONIUM,0.021567330004500007,0.4691791623612991,0.9644400067200657
FOSFOSAL,0.08170158952373499,0.4680275252941717,0.9644400067200657
DBPR108,0.09327069860806247,0.47007062640645614,0.9644400067200657
TENOVIN-1,0.10542020019882792,0.4698318481149132,0.9644400067200657
CHF5074,0.12242356133965,0.4680275252941717,0.9644400067200657
TORASEMIDE,0.12304754767750004,0.4702729399976334,0.9644400067200657
TG-100572,0.132666906619,0.4691791623612991,0.9644400067200657
TEPRENONE,0.1481111427424,0.46945785761577563,0.9644400067200657
TALAPORFIN,0.14917921302534898,0.46889685313865537,0.9644400067200657
PD-160170,0.15452354883129998,0.46945785761577563,0.9644400067200657
ETOPOSIDE-PHOSPHATE,0.1592293979499,0.467428556666566,0.9644400067200657
RS-127445,0.19819737897699996,0.4702729399976334,0.9644400067200657
N-HYDROXYNICOTINAMIDE,0.35095225297387656,0.47007062640645614,0.9644400067200657
TRIAPINE,-1.5327709217399998,0.4895432430471929,0.9657089418907843
BML-284,-1.0811297784511498,0.49141465505150905,0.9657089418907843
THIOSTREPTON,-1.0486116339955,0.490889928911726,0.9657089418907843
LY3295668,-1.0226413761569801,0.4959313858261388,0.9657089418907843
LXH254,-0.9355267882584999,0.4796117165132241,0.9657089418907843
APY-29,-0.9017283955049749,0.5015110190117673,0.9657089418907843
BMS-986158,-0.75981699950632,0.5069736058587506,0.9657089418907843
SELUMETINIB,-0.723226802648,0.5071610160348003,0.9657089418907843
TRIMETREXATE,-0.6316086272251602,0.4959313858261388,0.9657089418907843
PKI-179,-0.5475434639349999,0.47398560251890487,0.9657089418907843
D-64131,-0.440304880292,0.4964688446090614,0.9657089418907843
UPROSERTIB,-0.4204146889799998,0.4853773607498254,0.9657089418907843
C646,-0.40549133891000005,0.49523747186382217,0.9657089418907843
MK-1775,-0.38926216355999976,0.507050073447249,0.9657089418907843
FLUBENDAZOLE,-0.38916426186999975,0.5016573281642596,0.9657089418907843
MIDOSTAURIN,-0.3776587248700001,0.49604170828939287,0.9657089418907843
PP-2,-0.3654045158987,0.5013607769976302,0.9657089418907843
SODIUM-MONOFLUOROPHOSPHATE,-0.348426750863,0.5009668887286944,0.9657089418907843
TS-011,-0.344069436132695,0.4906043851032911,0.9657089418907843
ABIRATERONE-ACETATE,-0.3130916220587,0.48388444792654994,0.9657089418907843
SB-747651A,-0.3093050712051883,0.49872546596970924,0.9657089418907843
CYCLOCYTIDINE,-0.30675260322999964,0.4855531652813655,0.9657089418907843
AZD3463,-0.30637100220000013,0.5067312407160661,0.9657089418907843
LCL-161,-0.27643555513170004,0.4808758045462217,0.9657089418907843
MF-101,-0.27500247042834997,0.5017998569004746,0.9657089418907843
PAOPA,-0.270528439492113,0.4906043851032911,0.9657089418907843
LASALOCID,-0.260231648647,0.5071245231232476,0.9657089418907843
IDARUBICIN,-0.25758823451,0.5009668887286944,0.9657089418907843
FEDRATINIB,-0.25107853190569995,0.48690581626049245,0.9657089418907843
CLORGILINE,-0.24465989433745,0.490889928911726,0.9657089418907843
OLEANDRIN,-0.24075494164410927,0.47726203508105114,0.9657089418907843
RO-28-1675,-0.2301770632196,0.507050073447249,0.9657089418907843
TAMIBAROTENE,-0.22517274127300002,0.485726721288425,0.9657089418907843
AK-7,-0.2227215299990825,0.49141465505150905,0.9657089418907843
CRISABOROLE,-0.22069972215665,0.47895002342035853,0.9657089418907843
PANTOPRAZOLE,-0.21530711945945,0.5070120969836169,0.9657089418907843
MM-11253,-0.2148374806580302,0.47696735296183035,0.9657089418907843
PIMECROLIMUS,-0.21337406416750002,0.4858980716313409,0.9657089418907843
D-(+)-MALTOSE,-0.21078562798277392,0.5060936932663634,0.9657089418907843
PIPAMPERONE,-0.20476187472339996,0.5070875455003446,0.9657089418907843
BTS-71321,-0.19911237063849324,0.5069736058587506,0.9657089418907843
EVANS-BLUE,-0.1989296137035,0.4754502649052196,0.9657089418907843
NM107,-0.1976219923039,0.5071245231232476,0.9657089418907843
CYPROTERONE-ACETATE,-0.191260186524,0.5017290558663635,0.9657089418907843
YM-58483,-0.1912594927891,0.47939405408645797,0.9657089418907843
ZAPA,-0.189264989547,0.4726741048869617,0.9657089418907843
ZLN024,-0.18671927237208055,0.5015110190117673,0.9657089418907843
SULFAMETOPYRAZINE,-0.17958637342055,0.4754502649052196,0.9657089418907843
G-15,-0.1794131663469,0.4800386162963187,0.9657089418907843
EDONERPIC-MALEATE,-0.17705536533468516,0.5070120969836169,0.9657089418907843
SOPHOCARPINE,-0.17257557312125,0.48446302978496225,0.9657089418907843
CHROMANOL-(+/-),-0.17248521137400008,0.5015110190117673,0.9657089418907843
AZ-7371,-0.16977567885777858,0.4798265523528845,0.9657089418907843
NOMIFENSINE,-0.16018477001554998,0.4806587029009305,0.9657089418907843
"CP-105,696",-0.15493849064200071,0.4959313858261388,0.9657089418907843
CHLORPROTHIXENE,-0.15144472047562,0.4895432430471929,0.9657089418907843
PCI-34051,-0.14761031569529998,0.5070120969836169,0.9657089418907843
VECURONIUM,-0.14375147754199996,0.5070875455003446,0.9657089418907843
AEE788,-0.1436319970777,0.4806587029009305,0.9657089418907843
L-PHENYLISOPROPYLADENOSINE,-0.1375234335283262,0.5069736058587506,0.9657089418907843
LEVCROMAKALIM,-0.1331066688246492,0.48519926371584277,0.9657089418907843
ATIPRIMOD,-0.13219459577749998,0.501047842483515,0.9657089418907843
SB-590885,-0.12850274482149998,0.4754502649052196,0.9657089418907843
PHA-665752,-0.12796511852000014,0.4895432430471929,0.9657089418907843
NIFEKALANT,-0.127906329936,0.4911681832868017,0.9657089418907843
BRONOPOL,-0.126822138676846,0.48519926371584277,0.9657089418907843
VORICONAZOLE,-0.123680430582,0.49074808597367603,0.9657089418907843
DAPSONE,-0.12078731047,0.49615058762462594,0.9657089418907843
SULFACHLORPYRIDAZINE,-0.12035794212100002,0.5070875455003446,0.9657089418907843
TANGERITIN,-0.1193908815579,0.5070120969836169,0.9657089418907843
FLECAINIDE,-0.1168140942325,0.4808758045462217,0.9657089418907843
DOCOSANOL,-0.115501475222,0.5067312407160661,0.9657089418907843
BENFLURALIN,-0.1133930120430199,0.47726203508105114,0.9657089418907843
METACRESOL,-0.11237038558635,0.4900102525346621,0.9657089418907843
BMS-863233,-0.10733152002761104,0.49919303182919805,0.9657089418907843
CYCLOCREATINE,-0.10630886084235501,0.47726203508105114,0.9657089418907843
ADX-47273,-0.10531057812320001,0.4749745127846484,0.9657089418907843
PFI-3,-0.10525180204851825,0.48519926371584277,0.9657089418907843
FEXARAMINE,-0.10499643728670001,0.48024796163287087,0.9657089418907843
IMISOPASEM-MANGANESE,-0.10408268990445299,0.5070120969836169,0.9657089418907843
2-OCTYLDODECAN-1-OL,-0.1021166781476,0.48388444792654994,0.9657089418907843
DOCUSATE,-0.101367167446586,0.48519926371584277,0.9657089418907843
AMG-PERK-44,-0.1008573334790547,0.5060936932663634,0.9657089418907843
CIMATEROL,-0.09976878523365,0.48519926371584277,0.9657089418907843
SY-640,-0.09846820771959891,0.4959313858261388,0.9657089418907843
UBP-310,-0.09706739484888394,0.4798265523528845,0.9657089418907843
IDELALISIB,-0.09450869817280001,0.5017998569004746,0.9657089418907843
BU226,-0.091022020659,0.507050073447249,0.9657089418907843
SIREMADLIN,-0.08874732591422799,0.485018829047167,0.9657089418907843
CEFMINOX,-0.08517532053069998,0.4955914668934497,0.9657089418907843
GDC-0068,-0.08446786155989999,0.4752138980108974,0.9657089418907843
THK5351,-0.08178382535610498,0.485018829047167,0.9657089418907843
TACROLIMUS,-0.0749300715125,0.4804546402949491,0.9657089418907843
DOFEQUIDAR,-0.07473876991299999,0.49074808597367603,0.9657089418907843
Y-27632,-0.06728803628900004,0.5015110190117673,0.9657089418907843
MELUADRINE,-0.06267330639707,0.4747320510665346,0.9657089418907843
HOMATROPINE,-0.060262472056100004,0.5070875455003446,0.9657089418907843
NICORANDIL,-0.05797322170699992,0.4895432430471929,0.9657089418907843
ICI-169369,-0.057109710389238,0.4959313858261388,0.9657089418907843
DIHYDROMYRICETIN,-0.056000092221,0.4784939929878592,0.9657089418907843
LY2784544,-0.05180649960950001,0.4858980716313409,0.9657089418907843
DIMERCAPROL,-0.05131037863400001,0.5009668887286944,0.9657089418907843
ISOXEPAC,-0.04991898499649999,0.4906043851032911,0.9657089418907843
HMN-214,-0.04962226426999994,0.485726721288425,0.9657089418907843
LACOSAMIDE,-0.0428330690355,0.4752138980108974,0.9657089418907843
CALCITRIOL,-0.042233343713,0.47826132485668693,0.9657089418907843
CFTRINH-172,-0.04205102675799999,0.4754502649052196,0.9657089418907843
ELBASVIR,-0.04128338881735,0.501047842483515,0.9657089418907843
TEPOXALIN,-0.0404150598865,0.5070875455003446,0.9657089418907843
TEZACAFTOR,-0.038178234173500025,0.5071610160348003,0.9657089418907843
ROBALZOTAN,-0.037749392172827995,0.49872546596970924,0.9657089418907843
TRAP-101,-0.03755295692300001,0.49031126160318805,0.9657089418907843
EGF816,-0.03733540413594999,0.47895002342035853,0.9657089418907843
SCH-221510,-0.03380652295490435,0.4798265523528845,0.9657089418907843
DAZMEGREL,-0.030470425715500016,0.48519926371584277,0.9657089418907843
DERACOXIB,-0.02987690191999999,0.4855531652813655,0.9657089418907843
COLFORSIN,-0.02935950489349999,0.4897010353376272,0.9657089418907843
NEFIRACETAM,-0.022567001149999988,0.485018829047167,0.9657089418907843
PERZINFOTEL,-0.021766794686,0.501047842483515,0.9657089418907843
FLUVOXAMINE,-0.021183215701100003,0.49074808597367603,0.9657089418907843
ONDANSETRON,-0.020837895275000004,0.5017998569004746,0.9657089418907843
3-BROMOPYRUVATE,-0.020770124855999994,0.4895432430471929,0.9657089418907843
BMS-986020,-0.01798993346093547,0.4906043851032911,0.9657089418907843
2-PMDQ,-0.017823613747800005,0.5017998569004746,0.9657089418907843
OBIDOXIME,-0.014738933644000002,0.4901617625209048,0.9657089418907843
PIRLINDOLE,-0.01267959019576,0.5015846554795556,0.9657089418907843
SB-221284,-0.011440271368499996,0.5015110190117673,0.9657089418907843
PD-166793,-0.00996170687385,0.5016573281642596,0.9657089418907843
VU591,-0.009613568771873693,0.5015110190117673,0.9657089418907843
CHLOROQUINE,-0.008801193143999991,0.49074808597367603,0.9657089418907843
GANODERIC-ACID-A,-0.008499647313817402,0.49604170828939287,0.9657089418907843
DICOUMAROL,-0.004676678100999976,0.47939405408645797,0.9657089418907843
DCPIB,-0.004454864631000005,0.4752138980108974,0.9657089418907843
RAVUCONAZOLE,0.008238014433212,0.48446302978496225,0.9657089418907843
OXYTOCIN,0.010647995447250501,0.5068549377582879,0.9657089418907843
PENCICLOVIR,0.012442926700559999,0.4796117165132241,0.9657089418907843
AVASIMIBE,0.013085968931500002,0.4910299497199506,0.9657089418907843
PLOVAMER-ACETATE,0.013255178651500027,0.48483601041914115,0.9657089418907843
CH5132799,0.016790237398499996,0.5070875455003446,0.9657089418907843
GANCICLOVIR,0.0218756041218,0.5070120969836169,0.9657089418907843
TRIACETIN,0.027679407177500004,0.5016573281642596,0.9657089418907843
ANTAZOLINE,0.027898326267160004,0.5070120969836169,0.9657089418907843
MENBUTONE,0.027999040676499998,0.5016573281642596,0.9657089418907843
KR-33494,0.0285888836880458,0.47423765795021355,0.9657089418907843
SELADELPAR,0.0324574335278549,0.48519926371584277,0.9657089418907843
DIRITHROMYCIN,0.0326670770371,0.4855531652813655,0.9657089418907843
ALRESTATIN,0.033257550219,0.5015846554795556,0.9657089418907843
BACAMPICILLIN,0.036457429930950004,0.4900102525346621,0.9657089418907843
AMSACRINE,0.038010407294999826,0.5070120969836169,0.9657089418907843
SKF-83566,0.0396928627468,0.5015846554795556,0.9657089418907843
M-14157,0.04156313713800003,0.5009668887286944,0.9657089418907843
RIFAMPIN,0.046040669192499994,0.4855531652813655,0.9657089418907843
GAVESTINEL,0.046086190895330004,0.47895002342035853,0.9657089418907843
2-CHLOROADENOSINE,0.05116425094830951,0.5066205695044608,0.9657089418907843
INX-08189,0.0524779423188535,0.4906043851032911,0.9657089418907843
T-0156,0.053229579769,0.5015110190117673,0.9657089418907843
FLUCYTOSINE,0.054027777197299995,0.4796117165132241,0.9657089418907843
BUNAZOSIN,0.054280500432,0.4910299497199506,0.9657089418907843
SB-268262,0.05876230704066021,0.49872546596970924,0.9657089418907843
CID-16020046,0.06241748098892912,0.4841617830582613,0.9657089418907843
MORACIZINE,0.0626413115143,0.5015110190117673,0.9657089418907843
ACDPP,0.06567687267080001,0.5015846554795556,0.9657089418907843
DORAMAPIMOD,0.0657722567006,0.4806587029009305,0.9657089418907843
TRABODENOSON,0.0664845222764187,0.47423765795021355,0.9657089418907843
ROPIVACAINE,0.06747034275111999,0.4911681832868017,0.9657089418907843
GSK-J2,0.0691528957474615,0.47726203508105114,0.9657089418907843
TC-NTR1-17,0.0718922729638716,0.5060936932663634,0.9657089418907843
DEGARELIX,0.0733852624769,0.47294346344068494,0.9657089418907843
CHENODEOXYCHOLIC-ACID,0.07701420141249998,0.5016573281642596,0.9657089418907843
ESAXERENONE,0.0809019560456629,0.4959313858261388,0.9657089418907843
D-PHENYLALANINE,0.08201153859070001,0.4747320510665346,0.9657089418907843
ALBENDAZOLE,0.08327338321999989,0.4911681832868017,0.9657089418907843
PROTIRELIN,0.08557048572899997,0.5017290558663635,0.9657089418907843
PARGYLINE,0.0863417544972,0.47488669658633664,0.9657089418907843
PD-118057,0.09008498574811452,0.48519926371584277,0.9657089418907843
BUTIBUFEN,0.09059322593809,0.47726203508105114,0.9657089418907843
LB-100,0.09104358216550001,0.4958195913481265,0.9657089418907843
TREPROSTINIL,0.0927589385638924,0.49045878955387023,0.9657089418907843
ALACEPRIL,0.0968416721417,0.4897010353376272,0.9657089418907843
WZ4003,0.09908876937899999,0.4749745127846484,0.9657089418907843
ISAMOLTANE,0.1006594577013,0.49074808597367603,0.9657089418907843
CIGLITAZONE,0.1050188355216,0.4754502649052196,0.9657089418907843
4-DAMP,0.10984591022578666,0.49604170828939287,0.9657089418907843
SHP099,0.11726002008965253,0.5066205695044608,0.9657089418907843
ALLICIN,0.1194512396193845,0.4744864531934393,0.9657089418907843
ACTARIT,0.11956321218189998,0.4906043851032911,0.9657089418907843
COBICISTAT,0.11983349435229498,0.4754502649052196,0.9657089418907843
BLU9931,0.12075215394131855,0.4906043851032911,0.9657089418907843
AMD11070,0.1220922033855,0.5069345895423844,0.9657089418907843
TORCITABINE,0.1239987845468,0.5013607769976302,0.9657089418907843
NVP-TNKS656,0.12884202595137748,0.48519926371584277,0.9657089418907843
RS-45041-190,0.12997467146400002,0.49615058762462594,0.9657089418907843
PANCURONIUM,0.13073322149600003,0.4726741048869617,0.9657089418907843
CID-2745687,0.1308888733354565,0.4744864531934393,0.9657089418907843
OLTIPRAZ,0.13110335958515,0.4808758045462217,0.9657089418907843
DYNOLE-34-2,0.1324449824467451,0.4798265523528845,0.9657089418907843
CYCLUC1,0.13840482677388297,0.5069736058587506,0.9657089418907843
OLANZAPINE,0.1427627079501,0.49604170828939287,0.9657089418907843
PRIDOPIDINE,0.14348478554454397,0.49045878955387023,0.9657089418907843
DOCONEXENT-ETHYL-ESTER,0.15168013275800002,0.4895432430471929,0.9657089418907843
XL019,0.15204288538956034,0.49182374314403665,0.9657089418907843
FOMOCAINE,0.161429756524,0.5070120969836169,0.9657089418907843
KW-3902,0.1634473588089054,0.49872546596970924,0.9657089418907843
PROMAZINE,0.16506103572099995,0.5052383594167689,0.9657089418907843
SULFAFURAZOLE,0.165223980617,0.49615058762462594,0.9657089418907843
O6-BENZYLGUANINE,0.167569864243,0.507050073447249,0.9657089418907843
CHLORAMPHENICOL-PALMITATE,0.169137560907,0.4855531652813655,0.9657089418907843
TC-O-9311,0.17380812900794052,0.5070120969836169,0.9657089418907843
PINDOLOL-(-),0.17431488228284506,0.4744864531934393,0.9657089418907843
RHEOCHRYSIDIN,0.17531693540550003,0.5070120969836169,0.9657089418907843
BRIGATINIB,0.17705260502349995,0.4953570878266529,0.9657089418907843
EFLETIRIZINE,0.178916177115374,0.4796117165132241,0.9657089418907843
CLIOQUINOL,0.1790627911788,0.4808758045462217,0.9657089418907843
KINETIN,0.17951662211999997,0.48872063421841005,0.9657089418907843
MJ-15,0.1834263836743789,0.4744864531934393,0.9657089418907843
TRIMETHOBENZAMIDE,0.18364058101050001,0.4962580519675698,0.9657089418907843
NIFENALOL,0.19087297697849998,0.4955914668934497,0.9657089418907843
LEVODOPA,0.20185107025585,0.5066888351987278,0.9657089418907843
OXACILLIN,0.2098533205108,0.48690581626049245,0.9657089418907843
SEVOFLURANE,0.211003607641,0.47826132485668693,0.9657089418907843
SEMAPIMOD,0.2300777271209,0.47347145148745884,0.9657089418907843
SJ-733,0.23588217598702987,0.48519926371584277,0.9657089418907843
FRENTIZOLE,0.2539265868129,0.4963641287272015,0.9657089418907843
GSK461364,0.27946889748000014,0.4963641287272015,0.9657089418907843
COPANLISIB,0.28575975351000027,0.4955914668934497,0.9657089418907843
METHYLBENZETHONIUM-CHLORIDE,0.30281481430950696,0.48519926371584277,0.9657089418907843
MAVACAMTEN,0.3120809102004782,0.4796117165132241,0.9657089418907843
CEBRANOPADOL,0.3146685490915,0.5071610160348003,0.9657089418907843
BUPHENINE,0.3287616203899999,0.5052383594167689,0.9657089418907843
DESLORATADINE,0.341552791881,0.4911681832868017,0.9657089418907843
DESOXYPEGANINE,0.3788449457183,0.4806587029009305,0.9657089418907843
LY2090314,0.37957206400349996,0.5015110190117673,0.9657089418907843
BRILLIANT-GREEN,0.3841657229699993,0.5013607769976302,0.9657089418907843
MERICITABINE,0.40455271652869995,0.4804546402949491,0.9657089418907843
AI-10-49,0.41176734394521985,0.5069736058587506,0.9657089418907843
GELDANAMYCIN,0.5896465177195198,0.49604170828939287,0.9657089418907843
MK-8745,0.5957205510975001,0.49604170828939287,0.9657089418907843
EPIRUBICIN,0.6492343040600002,0.5071610160348003,0.9657089418907843
BX-912,-0.887023884245,0.5125447159077223,0.9663883839215911
TAK-733,-0.6497241623949999,0.5125447159077223,0.9663883839215911
AZAGUANINE-8,-0.64654414295376,0.5125447159077223,0.9663883839215911
NVP-TAE226,-0.3936569770149998,0.5114290240646902,0.9663883839215911
"HYDRASTINE-(1R,-9S)",-0.3090604661619,0.5125484862707267,0.9663883839215911
GP1A,-0.2864792767271,0.5125427742642732,0.9663883839215911
DOLASTATIN-10,-0.2622470564199997,0.5125447159077223,0.9663883839215911
NALOXEGOL,-0.2093315720913,0.5125367111795068,0.9663883839215911
G-1,-0.17334530617300004,0.5125466195819668,0.9663883839215911
POMALIDOMIDE,-0.167289217396,0.5114290240646902,0.9663883839215911
DROLOXIFENE,-0.15074439652744998,0.5125324596973289,0.9663883839215911
AVATROMBOPAG,-0.13734513298985,0.5125324596973289,0.9663883839215911
VERAPAMIL,-0.08987429936585001,0.5114290240646902,0.9663883839215911
AVE-3085,-0.0820926573227337,0.5125427742642732,0.9663883839215911
MIGLUSTAT,-0.057958626946000014,0.5125484862707267,0.9663883839215911
ICOMUCRET,-0.04973178290614,0.5125484862707267,0.9663883839215911
SK&F-10047-(+),-0.04059849481595,0.5125447159077223,0.9663883839215911
VALETHAMATE,-0.017668966680049997,0.5125367111795068,0.9663883839215911
PETCM,-0.008428096804000001,0.5125447159077223,0.9663883839215911
ZARDAVERINE,0.033086247607500036,0.5125407936349706,0.9663883839215911
ALFACALCIDOL,0.03448165299299999,0.5125302676396195,0.9663883839215911
DARAPLADIB,0.04734793335349999,0.5125447159077223,0.9663883839215911
PDD-00017273,0.06687432610669569,0.5125427742642732,0.9663883839215911
QUERCETIN,0.067959394108,0.512550316926064,0.9663883839215911
CRESOPIRINE,0.0976264167566,0.5125484862707267,0.9663883839215911
PALMITOYLETHANOLAMIDE,0.11041681139974,0.5125447159077223,0.9663883839215911
EMODEPSIDE,0.11061684786538431,0.5125427742642732,0.9663883839215911
ALOPERINE,0.12378379799550004,0.5125447159077223,0.9663883839215911
GS-9620,0.12384819685149998,0.5125324596973289,0.9663883839215911
SOLIFENACIN-SUCCINATE,0.14451384611905,0.5125484862707267,0.9663883839215911
MORNIFLUMATE,0.16233442444565,0.5125447159077223,0.9663883839215911
OXAZEPAM,0.17860699117049997,0.5125447159077223,0.9663883839215911
L-(+)-RHAMNOSE-MONOHYDRATE,0.25986171830865,0.5125447159077223,0.9663883839215911
ELTROMBOPAG,-0.43538220796979993,0.5183637020723708,0.9673481102143949
RG4733,-0.23659702137325,0.5180399270815559,0.9673481102143949
RU-28318,-0.22447135548,0.5181086434923065,0.9673481102143949
PROPRANOLOL,-0.18986321010516,0.5176590639347698,0.9673481102143949
SGI-1776,-0.17353413616099997,0.5180062181598605,0.9673481102143949
ISOPRENALINE,-0.12516615844300003,0.5180399270815559,0.9673481102143949
DIACETAMATE,-0.12426572883419999,0.5180399270815559,0.9673481102143949
HEXAMETHYLENEBISACETAMIDE,-0.09771157961127001,0.5182515100740352,0.9673481102143949
ITD-1,-0.0883943327644134,0.5181086434923065,0.9673481102143949
BILASTINE,-0.08629630285500006,0.5181086434923065,0.9673481102143949
TMPH,-0.08483208099499995,0.5181086434923065,0.9673481102143949
PERILLYL-ALCOHOL,-0.0839382883725,0.5176590639347698,0.9673481102143949
(S)-(+)-ROLIPRAM,-0.07760356721205,0.5181086434923065,0.9673481102143949
MINERVAL,-0.06102513437735971,0.5141058004345272,0.9673481102143949
BICIFADINE,-0.058262718118918005,0.5141058004345272,0.9673481102143949
TIOTROPIUM,-0.044817219156,0.5181791476067774,0.9673481102143949
AZD3988,0.00843639085645903,0.5135187948757396,0.9673481102143949
VORUCICLIB,0.0194017579845405,0.5181436677565294,0.9673481102143949
CALCIUM-LEVOFOLINATE,0.0385922240745,0.5183637020723708,0.9673481102143949
GSK690693,0.05441926719164453,0.5141058004345272,0.9673481102143949
AS-1269574,0.057555943257764204,0.5135187948757396,0.9673481102143949
PHIKAN-083,0.057704491285798805,0.5181086434923065,0.9673481102143949
GSK2830371,0.05851983008441697,0.5181086434923065,0.9673481102143949
AMG-208,0.06443679386185,0.5181086434923065,0.9673481102143949
PROCYSTEINE,0.06501753298115001,0.5182515100740352,0.9673481102143949
BARBITAL,0.07173699687095,0.5180399270815559,0.9673481102143949
O-304,0.0779063754869654,0.5181436677565294,0.9673481102143949
COR-170,0.0978448679208441,0.5135187948757396,0.9673481102143949
OXYBUTYNIN,0.12708890671600004,0.518074066098817,0.9673481102143949
CGP-54626,0.12986926500899998,0.518074066098817,0.9673481102143949
FR-139317,0.1741075073699,0.5184021117702518,0.9673481102143949
DIANHYDROGALACTITOL,0.23656103308499998,0.5183637020723708,0.9673481102143949
ACETOHYDROXAMIC-ACID,0.2678529276582,0.5183637020723708,0.9673481102143949
MEDETOMIDINE,0.2965711946799999,0.5181086434923065,0.9673481102143949
AZ20,0.3372152693699999,0.5179729312602273,0.9673481102143949
OTX015,-1.125458422032,0.5242312693690687,0.9707929731127378
LY3009120,-0.7519598409209451,0.5216481488445233,0.9707929731127378
CARIPORIDE,-0.47337439986519997,0.5237036414687786,0.9707929731127378
ACIVICIN,-0.43790992920499994,0.5237036414687786,0.9707929731127378
BIBR-1532,-0.42583413206599996,0.5237036414687786,0.9707929731127378
RS-17053,-0.2742153997099,0.5236321793909322,0.9707929731127378
MEPIVACAINE,-0.23262559087799997,0.5236321793909322,0.9707929731127378
GLYCOPYRROLATE,-0.20121994084670003,0.5234920021826296,0.9707929731127378
BORNYL-ACETATE,-0.1607726281508,0.5242312693690687,0.9707929731127378
ZURANOLONE,-0.0648267867900996,0.5237760432803329,0.9707929731127378
NORCYCLOBENZAPRINE,-0.04524083903449999,0.5237036414687786,0.9707929731127378
LH846,-0.044561438103711395,0.5210002092791887,0.9707929731127378
TP-003,-0.0444606704965575,0.5237036414687786,0.9707929731127378
ACEDAPSONE,-0.044178548344999985,0.5235616388668627,0.9707929731127378
A-1120,-0.0365499053454096,0.5237036414687786,0.9707929731127378
FENRETINIDE,-0.01476322559697,0.523999076234716,0.9707929731127378
A-1070722,-0.005164057315158982,0.5210002092791887,0.9707929731127378
PROGUANIL,-0.004540262136999984,0.5234232520754457,0.9707929731127378
2-THIOURACIL,0.018130004757900005,0.5235616388668627,0.9707929731127378
INDATRALINE,0.04248857380599999,0.5236321793909322,0.9707929731127378
SULFADOXINE,0.08973106719649998,0.5235616388668627,0.9707929731127378
NORFLUOXETINE,0.09602656272819601,0.5216481488445233,0.9707929731127378
L-GLUTAMIC-ACID,0.11765472109195001,0.5241528192572713,0.9707929731127378
METYRAPONE,0.1379693086128,0.5241528192572713,0.9707929731127378
OXATOMIDE,0.16627800293279998,0.5236321793909322,0.9707929731127378
AMINOPURVALANOL-A,0.34481930637049996,0.5237036414687786,0.9707929731127378
SAPACITABINE,-1.1026702015000995,0.5351342376413362,0.9708352878248924
SB-218078,-0.32313320425049996,0.5346949308483889,0.9708352878248924
GR-127935,-0.30930768438199996,0.5345522925001313,0.9708352878248924
ISOPENTYL-4-METHOXYCINNAMATE,-0.30481073331941744,0.5349858657585614,0.9708352878248924
CAMYLOFINE-CHLORHYDRATE,-0.2316169637485,0.5346949308483889,0.9708352878248924
DR-2313,-0.22957553900086902,0.5349858657585614,0.9708352878248924
CLINOFIBRATE,-0.20761238685459998,0.5292207200484513,0.9708352878248924
REMODELIN,-0.195878137523924,0.5293294656113539,0.9708352878248924
ESTETROL,-0.19556400153085002,0.5297791448266977,0.9708352878248924
LY2228820,-0.15117219764599998,0.5344114916265754,0.9708352878248924
ESCITALOPRAM,-0.1481251648686,0.5293294656113539,0.9708352878248924
KEVETRIN,-0.1465885572416711,0.5292470190010741,0.9708352878248924
AVACOPAN,-0.1398440943300404,0.5349858657585614,0.9708352878248924
NEBIVOLOL,-0.1312077037029,0.5292207200484513,0.9708352878248924
PFI-1,-0.12829932435494001,0.5301326876910895,0.9708352878248924
LOMEGUATRIB,-0.1282765150278,0.5348394428793155,0.9708352878248924
ALTRENOGEST,-0.12599966411980001,0.5348394428793155,0.9708352878248924
PROFLAVINE-HEMISULFATE,-0.12596680141099997,0.5346949308483889,0.9708352878248924
ELETRIPTAN,-0.1115269740942,0.5345522925001313,0.9708352878248924
PHTHALYLSULFACETAMIDE,-0.10401448104319999,0.5349858657585614,0.9708352878248924
ON-01500,-0.06804778165071967,0.5293294656113539,0.9708352878248924
L-VALINE,-0.06795254511799997,0.5346949308483889,0.9708352878248924
TYLOXAPOL,-0.060365148189999995,0.5289028492146257,0.9708352878248924
CAFESTOL,-0.054382415589099994,0.5349858657585614,0.9708352878248924
FH1,-0.05397114710662,0.5348394428793155,0.9708352878248924
INDAPAMIDE,-0.051842307007700004,0.5345522925001313,0.9708352878248924
BQU57,-0.043405945151939164,0.5293294656113539,0.9708352878248924
CI-923,-0.041726481530442505,0.5292470190010741,0.9708352878248924
IBMX,-0.0326442085735428,0.5285373555824171,0.9708352878248924
SUCRALOSE,-0.030978243772999986,0.5352845977055664,0.9708352878248924
NSC-5844,-0.029104540184255498,0.5285373555824171,0.9708352878248924
SULCONAZOLE,-0.02712097873135,0.5346949308483889,0.9708352878248924
QUINOLINIC-ACID,-0.024310996558399994,0.5289028492146257,0.9708352878248924
ANANDAMIDE,-0.015450529378000004,0.5352845977055664,0.9708352878248924
THIETHYLPERAZINE,-0.013669603970000013,0.5344114916265754,0.9708352878248924
TRAM-39,-0.012745873915344152,0.5293294656113539,0.9708352878248924
AM-24,-0.006089197634499999,0.5344114916265754,0.9708352878248924
LY3200882,0.0030670951040079886,0.5351342376413362,0.9708352878248924
NESBUVIR,0.005660306263999992,0.5289028492146257,0.9708352878248924
FLUMECINOL,0.013176544869499991,0.5300132255152639,0.9708352878248924
"1,4-BUTANEDIOL",0.019983384511661595,0.5293294656113539,0.9708352878248924
WISKOSTATIN,0.0357963146751325,0.5349858657585614,0.9708352878248924
SULFORAPHANE,0.04727537074589,0.5344114916265754,0.9708352878248924
TIAPROFENIC-ACID,0.054264491997999986,0.5297791448266977,0.9708352878248924
EPOTHILONE-D,0.059021684164999755,0.5349858657585614,0.9708352878248924
SULISOBENZONE,0.062351055478999995,0.5346949308483889,0.9708352878248924
TRIENTINE,0.06253522270800002,0.5348394428793155,0.9708352878248924
ME0328,0.075711162459,0.5292207200484513,0.9708352878248924
SECOISOLARICIRESINOL-(-),0.081317209620069,0.5292470190010741,0.9708352878248924
LAMIVUDINE,0.08384115488420002,0.5349858657585614,0.9708352878248924
LIMONIN,0.08970016798449999,0.5351342376413362,0.9708352878248924
TETRINDOLE,0.105203256527,0.530235923506922,0.9708352878248924
AMINOLEVULINIC-ACID-BENZYL-ESTER,0.10584264015815001,0.5293294656113539,0.9708352878248924
L-689560,0.11733022984974126,0.5293294656113539,0.9708352878248924
KU-55933,0.12712841838699998,0.5293294656113539,0.9708352878248924
NALTRIBEN,0.1282185082757,0.5292207200484513,0.9708352878248924
LDN-27219,0.1297989230044287,0.5349858657585614,0.9708352878248924
DELAMANID,0.1356203956264,0.5297791448266977,0.9708352878248924
MECLOCYCLINE-SULFOSALICYLATE,0.15882483989374999,0.530235923506922,0.9708352878248924
LURASIDONE,0.15883342264849998,0.530235923506922,0.9708352878248924
BERGENIN,0.161947577196,0.5345522925001313,0.9708352878248924
ZSET1446,0.1638488283561486,0.5351342376413362,0.9708352878248924
NNC-05-2090,0.17713044199448,0.5349858657585614,0.9708352878248924
DEFLAZACORT,0.17867478787789998,0.5293294656113539,0.9708352878248924
OMEPRAZOLE,0.181604622435,0.5345522925001313,0.9708352878248924
CC-401,0.1868616913231,0.5349858657585614,0.9708352878248924
DIMETHYL-FUMARATE,0.20732869611382,0.5349858657585614,0.9708352878248924
BEPHENIUM-HYDROXYNAPHTHOATE,0.2153361969075,0.524473198919635,0.9708352878248924
TEMSIROLIMUS,0.22966312996100002,0.5289028492146257,0.9708352878248924
MK-2894,0.23035289413611298,0.5293294656113539,0.9708352878248924
SULTOPRIDE,0.2449806540288345,0.5293294656113539,0.9708352878248924
SECNIDAZOLE,0.7610274106599999,0.5349858657585614,0.9708352878248924
RUBITECAN,-0.3377717039900001,0.5359067411026228,0.9715201230898917
FLUROTHYL,-0.07043833160703,0.5360676680338299,0.9715201230898917
VUF11207,0.0630380186874995,0.5361296336037474,0.9715201230898917
NARINGENIN,0.09907295240063999,0.5365820468383495,0.9715201230898917
DASABUVIR,0.11617054825741499,0.5365820468383495,0.9715201230898917
SOBETIROME,0.1475111797725,0.5365820468383495,0.9715201230898917
AF38469,0.06369863161351352,0.5369017953048784,0.9718213872742115
CUDC-101,-0.6623689584649999,0.5463893638847936,0.9720482810805409
MEK1-2-INHIBITOR,-0.390029815353,0.5463893638847936,0.9720482810805409
CEP-33779,-0.24503352960085,0.539948942929976,0.9720482810805409
WAY-213613,-0.22749626935149997,0.5403060247261047,0.9720482810805409
ANTIMONYL,-0.2243975249369205,0.5463893638847936,0.9720482810805409
POLAPREZINC,-0.1847034416103207,0.5466152909889808,0.9720482810805409
CPI-444,-0.1649387352488666,0.5466152909889808,0.9720482810805409
DROXIDOPA,-0.15467158697189998,0.5420359142566069,0.9720482810805409
RALOXIFENE,-0.154135736218,0.539948942929976,0.9720482810805409
NIFENAZONE,-0.1373622060316,0.5403060247261047,0.9720482810805409
APREMILAST,-0.13611045634399999,0.5455149614354338,0.9720482810805409
RESATORVID,-0.135995338623,0.5455149614354338,0.9720482810805409
FURALTADONE,-0.12079328441305,0.5468442673271466,0.9720482810805409
ACEGLUTAMIDE,-0.11828615150649999,0.541049008790059,0.9720482810805409
TROMARIL,-0.100411334564,0.5404880969318755,0.9720482810805409
OMBITASVIR,-0.09080812800479779,0.5463893638847936,0.9720482810805409
IGURATIMOD,-0.08900125662530001,0.5429661527302525,0.9720482810805409
DUP-697,-0.07712931153523,0.5401263220439649,0.9720482810805409
PS178990,-0.07081260909954999,0.5463893638847936,0.9720482810805409
PSI-7976,-0.06937727861199999,0.5468442673271466,0.9720482810805409
AVOBENZONE,-0.065245385476,0.5463893638847936,0.9720482810805409
NPC-15199,-0.05364783986086,0.5455149614354338,0.9720482810805409
ERCALCITRIOL,-0.0436234462765,0.5401956661486825,0.9720482810805409
CJ-13610,-0.0426620829929915,0.5408595398763647,0.9720482810805409
BUSERELIN,-0.04210800863692302,0.5408595398763647,0.9720482810805409
PACOCF3,-0.038340579217,0.5420359142566069,0.9720482810805409
SULFATINIB,-0.032207728889176945,0.5463893638847936,0.9720482810805409
FAROPENEM-MEDOXOMIL,-0.026260350088549995,0.5463893638847936,0.9720482810805409
PIPERONYL-BUTOXIDE,-0.020726383124599998,0.5403060247261047,0.9720482810805409
FELYPRESSIN,-0.013213444094653099,0.5466152909889808,0.9720482810805409
HYDROXYZINE,-0.011840088908500024,0.5455149614354338,0.9720482810805409
SRT1720,-0.010979453013700003,0.5406725858366351,0.9720482810805409
"ICI-215,001",-0.0050156975551300005,0.5461664255193137,0.9720482810805409
PEFLOXACIN,0.003381719939499983,0.5403060247261047,0.9720482810805409
ISOXICAM,0.01346710910479,0.5406725858366351,0.9720482810805409
ML167,0.0296745522205,0.5461664255193137,0.9720482810805409
VANDETANIB,0.030269788924000007,0.539948942929976,0.9720482810805409
20-HYDROXYECDYSONE,0.0325329963265,0.5463893638847936,0.9720482810805409
DINOPROSTONE,0.03469563595162605,0.5446118423948019,0.9720482810805409
LM-22A4,0.03537612709385099,0.5437764239733914,0.9720482810805409
CGP-13501,0.0479031509149,0.5457292809189151,0.9720482810805409
BISINDOLYLMALEIMIDE-IX,0.05800993397600002,0.5404880969318755,0.9720482810805409
BRL-54443,0.06716287546199998,0.5461664255193137,0.9720482810805409
RO-60-0175,0.0715499836515,0.5463893638847936,0.9720482810805409
DENATONIUM-BENZOATE,0.07217329725374999,0.5459464169867455,0.9720482810805409
PENTETIC-ACID,0.07745867074005,0.5459464169867455,0.9720482810805409
XD-14,0.08499112033090951,0.5406725858366351,0.9720482810805409
ENFLURANE,0.087482320182,0.5422415956946487,0.9720482810805409
PSNCBAM-1,0.09003153025172089,0.5463893638847936,0.9720482810805409
TOSEDOSTAT,0.11611678239450002,0.5455149614354338,0.9720482810805409
METHYLATROPINE-NITRATE,0.1387223432335,0.5403060247261047,0.9720482810805409
MEDROXYPROGESTERONE-ACETATE,0.1434234413946,0.5455149614354338,0.9720482810805409
MK-2206,0.1472030133214,0.5463893638847936,0.9720482810805409
STRYCHNINE,0.16128422583249996,0.5459464169867455,0.9720482810805409
HYDROCORTISONE-HEMISUCCINATE,0.17457162355199995,0.5403060247261047,0.9720482810805409
MY-5445,0.1851692942423,0.5459464169867455,0.9720482810805409
DESONIDE,0.20898900906999995,0.5420359142566069,0.9720482810805409
METHYLNALTREXONE,0.220586108665,0.5463893638847936,0.9720482810805409
NSC-405020,0.2405232214092,0.5461664255193137,0.9720482810805409
NAFADOTRIDE,0.2534634383815,0.5463893638847936,0.9720482810805409
DESISOBUTYRYL-CICLESONIDE,0.277033161198368,0.5466152909889808,0.9720482810805409
OLOPATADINE,0.3640475105575,0.5406725858366351,0.9720482810805409
NICLOSAMIDE,0.39541880553449993,0.5459464169867455,0.9720482810805409
TAK-243,0.6346577195550598,0.5408595398763647,0.9720482810805409
DIFTALONE,-0.19249565291495,0.5477919336416376,0.973076842023013
NABUMETONE,-0.1753706814635,0.5476116585037973,0.973076842023013
7-AMINOCEPHALOSPORANIC-ACID,-0.04778781676700006,0.5480371231150597,0.973076842023013
ACETYLCYSTEINE,0.032978809169999956,0.5480371231150597,0.973076842023013
PRLX-93936,-2.3750799451516995,0.5640624737376693,0.9743216678753526
ABT-751,-1.323880636887,0.5785265007415821,0.9743216678753526
JQ1-(+),-1.1680258830648,0.5511093001691487,0.9743216678753526
METHOTREXATE,-0.9212647063049997,0.5695516120914194,0.9743216678753526
COLCHICINE,-0.81233152165,0.5695516120914194,0.9743216678753526
TRAMETINIB,-0.7673447074669999,0.5803892522480607,0.9743216678753526
VINDESINE,-0.6822932409025001,0.5591572943909588,0.9743216678753526
BMS-214662,-0.632776908305166,0.581305845220724,0.9743216678753526
RITA,-0.5766960532500001,0.5723652734148509,0.9743216678753526
TH-302,-0.5754421134065,0.5754145465402598,0.9743216678753526
RALTITREXED,-0.5460854753890001,0.5695516120914194,0.9743216678753526
CC-115,-0.5205045784915301,0.5601951093846055,0.9743216678753526
VINCRISTINE,-0.4781196944149999,0.5521359320824092,0.9743216678753526
ALEXIDINE,-0.4772198512249999,0.5762732879816019,0.9743216678753526
ALVESPIMYCIN,-0.467960905345,0.5872252058292806,0.9743216678753526
DACOMITINIB,-0.394624256829,0.5680596892779941,0.9743216678753526
AVANAFIL,-0.36289759659999987,0.5521359320824092,0.9743216678753526
SC-9,-0.35679117910249997,0.5862272260508479,0.9743216678753526
CEFTIZOXIM,-0.340843606918255,0.5872252058292806,0.9743216678753526
K-RAS(G12C)-INHIBITOR-12,-0.3392882818193135,0.5754145465402598,0.9743216678753526
AZD3759,-0.3309568283202926,0.5601951093846055,0.9743216678753526
CARBACHOL,-0.3007494438037,0.5842105678081362,0.9743216678753526
MICAFUNGIN,-0.29014021222065794,0.581305845220724,0.9743216678753526
K02288,-0.2676502608697,0.5867228594904996,0.9743216678753526
ARGATROBAN,-0.26017265415,0.5493878697295603,0.9743216678753526
BEXAGLIFLOZIN,-0.2589113872227925,0.5695516120914194,0.9743216678753526
NIKETHAMIDE,-0.24476449280881502,0.5511093001691487,0.9743216678753526
FPA-124,-0.241223655677,0.5540709842960609,0.9743216678753526
DICYCLOVERINE,-0.24081093974569998,0.5931723204454964,0.9743216678753526
"CHROMANOL-293B-(-)-[3R,4S]",-0.24079025589949998,0.5754145465402598,0.9743216678753526
BAM7,-0.23177474824300004,0.579940063347527,0.9743216678753526
3-CPMT,-0.22615281737860002,0.5808444721766246,0.9743216678753526
LEDIPASVIR,-0.21787613571349998,0.5867228594904996,0.9743216678753526
LUCITANIB,-0.21698996511950008,0.581305845220724,0.9743216678753526
ANASTROZOLE,-0.2081319950868,0.5920922880430957,0.9743216678753526
ARRY-334543,-0.2053334243768,0.5633768061589168,0.9743216678753526
AMITRIPTYLINE,-0.20169442733150003,0.5852555677072584,0.9743216678753526
BMY-45778,-0.201178692865,0.579940063347527,0.9743216678753526
ZM-226600,-0.19751937357100002,0.5518741662458831,0.9743216678753526
RIBOCICLIB,-0.19735899895999998,0.5695516120914194,0.9743216678753526
S-17092,-0.19662370305520196,0.5877344021090425,0.9743216678753526
TRIAMCINOLONE,-0.196552676222,0.5662353872563675,0.9743216678753526
BINIMETINIB,-0.19642852782930004,0.5886860485678633,0.9743216678753526
PF-06409577,-0.19419180358347704,0.5877344021090425,0.9743216678753526
BINDARIT,-0.18732600334655,0.5695516120914194,0.9743216678753526
DETOMIDINE,-0.18307407957525001,0.5754145465402598,0.9743216678753526
AC-55541,-0.17806428985135497,0.5592309690107375,0.9743216678753526
7-CHLOROKYNURENIC-ACID,-0.17504325374226,0.5910407945984346,0.9743216678753526
TAVILERMIDE,-0.1720829938207186,0.5640624737376693,0.9743216678753526
ETHYNODIOL-DIACETATE,-0.17102059422549998,0.5630407852546491,0.9743216678753526
PRUCALOPRIDE,-0.17053735404440498,0.5647669308354515,0.9743216678753526
MK-0752,-0.17039909786850005,0.5852555677072584,0.9743216678753526
PAMIDRONATE,-0.16592476721099997,0.5909415919103176,0.9743216678753526
CARBOPLATIN,-0.1648517545225,0.5687743162151484,0.9743216678753526
3-ALPHA-BIS-(4-FLUOROPHENYL)-METHOXYTROPANE,-0.16339922212200003,0.5518741662458831,0.9743216678753526
SENICAPOC,-0.162322438348,0.5886860485678633,0.9743216678753526
AL-8697,-0.1593402449122962,0.5592309690107375,0.9743216678753526
OPIPRAMOL,-0.15890408039535,0.5579120167780637,0.9743216678753526
SITAFLOXACIN,-0.1567408314093,0.5680596892779941,0.9743216678753526
SELEXIPAG,-0.15146877481534998,0.5780631910409684,0.9743216678753526
LOFEMIZOLE,-0.15127077486239998,0.565126448274254,0.9743216678753526
PROADIFEN,-0.1508592227299,0.5745786618346189,0.9743216678753526
3'-FLUOROBENZYLSPIPERONE,-0.150189278387,0.5691711522707947,0.9743216678753526
AVADOMIDE,-0.14924525673510008,0.5640624737376693,0.9743216678753526
PRISOTINOL,-0.1426782287497489,0.5758410020499818,0.9743216678753526
ALLOPURINOL,-0.13824844415300003,0.5754430980932713,0.9743216678753526
DESOGESTREL,-0.1321156828385,0.5695516120914194,0.9743216678753526
PRANLUKAST,-0.1316067509088,0.5852555677072584,0.9743216678753526
ISOQUERCITRIN,-0.1298333977915692,0.5877344021090425,0.9743216678753526
MABUTEROL,-0.1287254175692,0.5658605703107054,0.9743216678753526
MIRODENAFIL,-0.12812809430799998,0.5820469779800973,0.9743216678753526
BW-723C86,-0.1270755488227,0.5691711522707947,0.9743216678753526
ENILCONAZOLE,-0.1262374356177,0.5745786618346189,0.9743216678753526
JNJ-678,-0.12312158119316452,0.581305845220724,0.9743216678753526
AZILSARTAN-MEDOXOMIL,-0.12233795057925,0.5585262041069448,0.9743216678753526
BISMUTH-OXALATE,-0.12218248664600001,0.5723652734148509,0.9743216678753526
BISPHENOL-A,-0.12067533187037699,0.5680669608513922,0.9743216678753526
RAMIPRIL,-0.11950954692623,0.557611051034961,0.9743216678753526
MSX-122,-0.1173533596652272,0.5680669608513922,0.9743216678753526
DALCETRAPIB,-0.11716670497212998,0.5662353872563675,0.9743216678753526
MS-424,-0.1150418598343799,0.5817734967803092,0.9743216678753526
FAVIPIRAVIR,-0.11479012023400001,0.5808444721766246,0.9743216678753526
A-438079,-0.110768312762305,0.5579120167780637,0.9743216678753526
EUGENOL,-0.1105147038883,0.5872252058292806,0.9743216678753526
FPL-62064,-0.11045420472075002,0.5910407945984346,0.9743216678753526
RITODRINE,-0.1102640937802,0.5915630449644462,0.9743216678753526
HOMATROPINE-METHYLBROMIDE,-0.10803756033185,0.5630407852546491,0.9743216678753526
ABT-491,-0.1066471196307,0.5526700941902247,0.9743216678753526
WZ-4002,-0.1066048432227,0.5579120167780637,0.9743216678753526
OXYPHENCYCLIMINE,-0.1061830639500001,0.5558468171608321,0.9743216678753526
AMIFOSTINE,-0.10422036431795785,0.581305845220724,0.9743216678753526
BMS-777607,-0.10345624318325,0.5822475556807117,0.9743216678753526
FINASTERIDE,-0.09702820184130001,0.570328101484668,0.9743216678753526
STATIL,-0.0964636769484304,0.5817734967803092,0.9743216678753526
TAK-593,-0.09621944428656401,0.5523765052635039,0.9743216678753526
ACAMPROSATE,-0.09608933430380001,0.5909415919103176,0.9743216678753526
NVP-AEW541,-0.09556222799809999,0.5931723204454964,0.9743216678753526
GLAFENINE,-0.09074246110383001,0.5680596892779941,0.9743216678753526
CCG-50014,-0.08731924769650001,0.5673921999530367,0.9743216678753526
CID-5458317,-0.08365860085499999,0.5882505891202825,0.9743216678753526
CYT387,-0.07960808170099998,0.5808444721766246,0.9743216678753526
NALIDIXIC-ACID,-0.0794946453805,0.581305845220724,0.9743216678753526
ALS-8112,-0.07879345132880765,0.5601951093846055,0.9743216678753526
DIOSGENIN,-0.07698552437979002,0.5579120167780637,0.9743216678753526
TIPRANAVIR,-0.07690514908700002,0.5541956599940847,0.9743216678753526
MRS-1334,-0.0769033368144568,0.5521359320824092,0.9743216678753526
AZELASTINE,-0.07655987190993,0.5513609171479191,0.9743216678753526
IOVERSOL,-0.07583082678925,0.5820469779800973,0.9743216678753526
AZD6765,-0.07146830991389999,0.5931723204454964,0.9743216678753526
MYRICETIN,-0.0704409264907,0.5872252058292806,0.9743216678753526
FEBUPROL,-0.06915457339945301,0.5699372267077814,0.9743216678753526
ALPRENOLOL,-0.06827426182470002,0.5794967865914638,0.9743216678753526
CEFOPERAZONE,-0.0627548898187,0.5872252058292806,0.9743216678753526
PODOPHYLLOTOXIN,-0.060724815995000014,0.5526700941902247,0.9743216678753526
CYTISINE,-0.060079373272235004,0.5727900907638845,0.9743216678753526
VERUBECESTAT,-0.0588974429194202,0.5758410020499818,0.9743216678753526
NIFURTIMOX,-0.058128997332999977,0.5794967865914638,0.9743216678753526
MEZLOCILLIN,-0.05606567728330003,0.5674787483514321,0.9743216678753526
AS-604850,-0.054355424891700005,0.551615850514144,0.9743216678753526
"HYDROXYTACRINE-MALEATE-(R,S)",-0.054155012778,0.5872252058292806,0.9743216678753526
ASTILBIN,-0.053750983935487995,0.5640624737376693,0.9743216678753526
TC-SP-14,-0.05188715804638899,0.5872252058292806,0.9743216678753526
METRONIDAZOLE,-0.050474157009499976,0.5511093001691487,0.9743216678753526
ASP-2535,-0.04997019925096999,0.5748956564410608,0.9743216678753526
LIQUIRITIN,-0.049701356388043905,0.5817734967803092,0.9743216678753526
AZELNIDIPINE,-0.048371900448950005,0.5822475556807117,0.9743216678753526
S1P1-AGONIST-III,-0.04749608113242201,0.5754145465402598,0.9743216678753526
DRONEDARONE,-0.045505501808400003,0.5701643968259791,0.9743216678753526
FLUOXETINE,-0.04469785660020001,0.5637173385204935,0.9743216678753526
2-[1-(4-PIPERONYL)PIPERAZINYL]BENZOTHIAZOLE,-0.044102456780569996,0.581305845220724,0.9743216678753526
NITHIAMIDE,-0.042660208721000015,0.5687957446737797,0.9743216678753526
AMILORIDE,-0.039492350153499986,0.5737647344174378,0.9743216678753526
PMPA,-0.03938052492829999,0.5909415919103176,0.9743216678753526
ORE1001,-0.038877423114,0.5926286649081467,0.9743216678753526
GSK-J5,-0.0388468627239959,0.5907648532070511,0.9743216678753526
WAY-170523,-0.0379761314865,0.5585262041069448,0.9743216678753526
GSK503,-0.037791346652606125,0.5601951093846055,0.9743216678753526
BMS-690514,-0.03732143331899995,0.5926286649081467,0.9743216678753526
ELTOPRAZINE,-0.037120667964500004,0.5893045180206622,0.9743216678753526
SESAMIN,-0.03615556476064,0.5723652734148509,0.9743216678753526
FOSAPREPITANT-DIMEGLUMINE,-0.03569149483635001,0.5711260675200034,0.9743216678753526
ROLUPERIDONE,-0.03567063268296669,0.5695516120914194,0.9743216678753526
TERAMEPROCOL,-0.03546256994125661,0.5748956564410608,0.9743216678753526
GIVINOSTAT,-0.034617094705000184,0.5567317068981971,0.9743216678753526
LAROTRECTINIB,-0.033888979204799996,0.5893045180206622,0.9743216678753526
4-CMTB,-0.029899221582000098,0.5828050547601386,0.9743216678753526
SETIPIPRANT,-0.028871926533500014,0.5719464127019336,0.9743216678753526
AH6809,-0.0287099041681,0.5623819241574319,0.9743216678753526
MK-0893,-0.025345497669700005,0.5695516120914194,0.9743216678753526
RU-58841,-0.02472322128494,0.5931723204454964,0.9743216678753526
TECOVIRIMAT,-0.023715678403600005,0.5518741662458831,0.9743216678753526
LANIFIBRANOR,-0.0233676006066344,0.5877344021090425,0.9743216678753526
GINSENOSIDE-RE,-0.02112949467002885,0.581305845220724,0.9743216678753526
8-BROMO-CAMP,-0.020023265864999987,0.5691711522707947,0.9743216678753526
ALCAFTADINE,-0.0185827510376245,0.5893045180206622,0.9743216678753526
PF-02545920,-0.014436851545199997,0.5931723204454964,0.9743216678753526
N-METHYLFORMAMIDE,-0.013475727691507108,0.5640624737376693,0.9743216678753526
CIBENZOLINE,-0.013010228915999983,0.5832154286425428,0.9743216678753526
BENDROFLUMETHIAZIDE,-0.012970999428499996,0.5567317068981971,0.9743216678753526
AFLOQUALONE,-0.0029270152150999984,0.557020973358693,0.9743216678753526
NORNICOTINE,-0.0012666615709999995,0.5920922880430957,0.9743216678753526
TRIPROLIDINE,-0.0008820698379999881,0.5687957446737797,0.9743216678753526
PRANIDIPINE,0.0012491768044999851,0.5931723204454964,0.9743216678753526
PF-06273340,0.0054206145708727005,0.5640624737376693,0.9743216678753526
SIVELESTAT,0.0075201450010000115,0.5658605703107054,0.9743216678753526
DECLOXIZINE,0.007692305889814101,0.5521359320824092,0.9743216678753526
DISULFIRAM,0.012612827984999964,0.5741690078270357,0.9743216678753526
VORAPAXAR,0.013973546319225,0.5780631910409684,0.9743216678753526
IBROLIPIM,0.014683509157525,0.5832154286425428,0.9743216678753526
AAI101,0.015816588594244993,0.5524012175833491,0.9743216678753526
IPIDACRINE,0.016945820195999994,0.5741690078270357,0.9743216678753526
DOBUTAMINE,0.01809660112200001,0.581305845220724,0.9743216678753526
PRIRALFINAMIDE,0.018489143871449995,0.5719464127019336,0.9743216678753526
LOBENDAZOLE,0.02110556606849999,0.5687957446737797,0.9743216678753526
PIROXICAM,0.021227848541999994,0.5852555677072584,0.9743216678753526
BTK-IN-1,0.0228432357768779,0.5817734967803092,0.9743216678753526
SECURININE,0.024772840810300005,0.5687957446737797,0.9743216678753526
NTNCB,0.025049425682000026,0.557611051034961,0.9743216678753526
LESINURAD,0.028304175112999985,0.5573140626563864,0.9743216678753526
LARAZOTIDE-ACETATE,0.0308321537784553,0.5524012175833491,0.9743216678753526
PHENINDIONE,0.032359182423190004,0.5832154286425428,0.9743216678753526
AMG-337,0.032395664897350004,0.5903881988579749,0.9743216678753526
BTT-3033,0.032820829650738015,0.5592309690107375,0.9743216678753526
CARPROFEN,0.0345445822317,0.5741690078270357,0.9743216678753526
SX-011,0.03520018420439999,0.5633768061589168,0.9743216678753526
REBAMIPIDE,0.0362527228752,0.579940063347527,0.9743216678753526
GW-1100,0.036626034195035545,0.5754145465402598,0.9743216678753526
FLURBIPROFEN-AXETIL,0.0393390959116033,0.5817734967803092,0.9743216678753526
TIAGABINE,0.04113147006944999,0.5794967865914638,0.9743216678753526
TYRPHOSTIN-AG-494,0.042265800201349984,0.5931723204454964,0.9743216678753526
OXYCLOZANIDE,0.04260003153160001,0.5862272260508479,0.9743216678753526
ICI-192605,0.042941865129199994,0.5737647344174378,0.9743216678753526
RILAPLADIB,0.04644136119953002,0.5817734967803092,0.9743216678753526
BENAXIBINE,0.047835439246233014,0.5592309690107375,0.9743216678753526
LEVETIRACETAM,0.049126331437500004,0.5585262041069448,0.9743216678753526
GABA-LINOLEAMIDE,0.05160627920555,0.5803892522480607,0.9743216678753526
TALADEGIB,0.051735630624399995,0.5699372267077814,0.9743216678753526
SALICYLANILIDE,0.053268315353,0.5630407852546491,0.9743216678753526
CATHEPSIN-INHIBITOR-1,0.058915072738800006,0.5749938044378051,0.9743216678753526
SCOPOLAMINE,0.06176218730645001,0.5852555677072584,0.9743216678753526
NI-57,0.062124174896205,0.5514770882437485,0.9743216678753526
HEXAMETHONIUM,0.06251397485599997,0.5926499906265222,0.9743216678753526
GLYCEROL-PHENYLBUTYRATE,0.06286965094718902,0.5754145465402598,0.9743216678753526
SCOPOLAMINE-N-OXIDE,0.0653755046321,0.579940063347527,0.9743216678753526
A-381393,0.0668285225507187,0.5699372267077814,0.9743216678753526
EVOBRUTINIB,0.06805126086321159,0.5877344021090425,0.9743216678753526
APRICITABINE,0.0694559793701,0.5771558353456339,0.9743216678753526
VERICIGUAT,0.0703420101936854,0.5931723204454964,0.9743216678753526
ZOXAZOLAMINE,0.07489596700819999,0.5920922880430957,0.9743216678753526
LIDOCAINE,0.0755602298318,0.5875690807052223,0.9743216678753526
BEDAQUILINE,0.0761649455415,0.5931723204454964,0.9743216678753526
EVP4593,0.07740325972699999,0.5910407945984346,0.9743216678753526
KD025,0.07839193376199999,0.5749938044378051,0.9743216678753526
OMARIGLIPTIN,0.0810186704927,0.5780631910409684,0.9743216678753526
4-(AMINOMETHYL)BENZOIC-ACID,0.0811430570978605,0.5695516120914194,0.9743216678753526
HC-030031,0.08317106623449999,0.5511093001691487,0.9743216678753526
PIK-93,0.08547376518399999,0.5691711522707947,0.9743216678753526
DMAB-ANABASEINE,0.08617648085400001,0.5633768061589168,0.9743216678753526
TG100-115,0.0861784796779,0.5511093001691487,0.9743216678753526
MEFEXAMIDE,0.09798037269345,0.5820469779800973,0.9743216678753526
BRETAZENIL,0.09895231548979999,0.5852555677072584,0.9743216678753526
GONADORELIN,0.09972600925975,0.5832154286425428,0.9743216678753526
CRESOL,0.10139581614807999,0.5687957446737797,0.9743216678753526
ARGIRELINE,0.1027095166579437,0.5582170402779546,0.9743216678753526
DMP-543,0.10282673119500002,0.5808444721766246,0.9743216678753526
CC-223,0.1070835210072949,0.5754145465402598,0.9743216678753526
HALOPROGIN,0.108517593213,0.5623819241574319,0.9743216678753526
ERGOCALCIFEROL,0.11012917837495,0.5532189162842965,0.9743216678753526
DIPYROCETYL,0.11422542057636147,0.5931723204454964,0.9743216678753526
CARDIOGENOL-C,0.11801674495349995,0.5931723204454964,0.9743216678753526
GSK163090,0.1180184759148,0.5771558353456339,0.9743216678753526
SQ-22536,0.1220127401427,0.5513609171479191,0.9743216678753526
SELITRECTINIB,0.12403523125392599,0.5582170402779546,0.9743216678753526
PYRIDOXAL-ISONICOTINOYL-HYDRAZONE,0.12416129288035199,0.5759913465270385,0.9743216678753526
PENBUTOLOL,0.127030582472,0.5803892522480607,0.9743216678753526
TEGOBUVIR,0.1296975939935,0.5749938044378051,0.9743216678753526
DIMAPRIT,0.129861282066,0.5579120167780637,0.9743216678753526
EPOTHILONE-A,0.13013206272,0.5579120167780637,0.9743216678753526
TENOFOVIR-DISOPROXIL,0.13043961900565,0.5573140626563864,0.9743216678753526
MRS-1220,0.136093548023,0.5633768061589168,0.9743216678753526
ACENEURAMIC-ACID,0.1369091103841,0.5691711522707947,0.9743216678753526
ESI-09,0.13751488508614704,0.5592309690107375,0.9743216678753526
AGN-194310,0.1400742103874,0.5832154286425428,0.9743216678753526
OF-1,0.14027588070410096,0.581305845220724,0.9743216678753526
CERULETIDE,0.1413411179421053,0.5640624737376693,0.9743216678753526
K145,0.14195469837985403,0.5695516120914194,0.9743216678753526
EMBELIN,0.1531873669999,0.5691711522707947,0.9743216678753526
CARFILZOMIB,0.15479747596500015,0.5886860485678633,0.9743216678753526
HKI-357,0.15626001439815473,0.591994772788868,0.9743216678753526
AZD6482,0.15791685594876,0.5630407852546491,0.9743216678753526
ROLIPRAM,0.15892365422815,0.5579120167780637,0.9743216678753526
N-ACETYLGLYCYL-D-GLUTAMIC-ACID,0.15937528482045,0.5567317068981971,0.9743216678753526
CHIDAMIDE,0.16141634894915,0.565126448274254,0.9743216678753526
AQW-051,0.1642055645453939,0.5699372267077814,0.9743216678753526
SEGESTERONE-ACETATE,0.17408361812075268,0.5872252058292806,0.9743216678753526
BIX-02189,0.17522311270850002,0.5754145465402598,0.9743216678753526
ISOFLOXYTHEPIN,0.17618126301499998,0.5749938044378051,0.9743216678753526
EMERAMIDE,0.18361678574019097,0.5699372267077814,0.9743216678753526
DIAZOXIDE,0.185932610734,0.5579120167780637,0.9743216678753526
BENTIROMIDE,0.18889870974900003,0.5695516120914194,0.9743216678753526
XL-147,0.1949303987005,0.5684252894290784,0.9743216678753526
ENOXACIN,0.196661723814385,0.5637173385204935,0.9743216678753526
ALPHA-TOCHOPHERYL-ACETATE,0.2037670284251065,0.5920922880430957,0.9743216678753526
REMETINOSTAT,0.20490783834249202,0.5640624737376693,0.9743216678753526
TRIAMTERENE,0.21172406712900002,0.5749938044378051,0.9743216678753526
AS-1892802,0.22579951284394378,0.5748956564410608,0.9743216678753526
ACOZIBOROLE,0.242976929969417,0.5931723204454964,0.9743216678753526
WP1066,0.2456249907200001,0.5909415919103176,0.9743216678753526
TRICIRIBINE,0.2502354894583,0.5847187241908871,0.9743216678753526
CB-5083,0.25112324342969927,0.5680669608513922,0.9743216678753526
MI-14,0.252367918555734,0.581305845220724,0.9743216678753526
GUADECITABINE,0.25429888481178997,0.5582170402779546,0.9743216678753526
GOLGICIDE-A,0.25962448421809997,0.551615850514144,0.9743216678753526
AG-14361,0.26795036335059996,0.5596579450932128,0.9743216678753526
A12B4C3,0.268948178095223,0.5931723204454964,0.9743216678753526
AMCINONIDE,0.2694568549345,0.5687957446737797,0.9743216678753526
MEMANTINE,0.2825166304596,0.5931723204454964,0.9743216678753526
POZIOTINIB,0.29273875148837997,0.5832154286425428,0.9743216678753526
PROSCILLARIDIN-A,0.30013413578000003,0.551615850514144,0.9743216678753526
NEMORUBICIN,0.3120015998000003,0.5511093001691487,0.9743216678753526
TRILACICLIB,0.3264240263658089,0.5758410020499818,0.9743216678753526
SQUARIC-ACID-DIBUTYL-ESTER,0.361541918209113,0.5579120167780637,0.9743216678753526
ACEBILUSTAT,0.38437399963590396,0.5695516120914194,0.9743216678753526
IPRONIAZID,0.44348179362099993,0.5882505891202825,0.9743216678753526
ZIPRASIDONE,0.4535931222795,0.5762732879816019,0.9743216678753526
GSK-3-INHIBITOR-IX,0.54443688930752,0.5637173385204935,0.9743216678753526
WP1130,0.55014618466,0.5662353872563675,0.9743216678753526
AT-7519,0.5859096051000003,0.570328101484668,0.9743216678753526
KPT-9274,0.7125382045433899,0.5637173385204935,0.9743216678753526
PF-06840003,0.00737716757948198,0.5937234034825418,0.9747215564427119
SONEPIPRAZOLE,0.08100459700358029,0.5937234034825418,0.9747215564427119
BI-2536,-0.6562275345799999,0.5991468755742395,0.9749782447677049
BAY-1895344,-0.42090218339494,0.5997401806270259,0.9749782447677049
UNC-2327,-0.2244223475547408,0.5987743018007026,0.9749782447677049
PHENYLBUTYRATE,-0.19818467820949998,0.5991468755742395,0.9749782447677049
NLG919,-0.12205135691796115,0.600072292463655,0.9749782447677049
QUAZINONE,-0.1167636348437982,0.600072292463655,0.9749782447677049
ETHIONAMIDE,-0.10046877116034998,0.5979841377275412,0.9749782447677049
NELARABINE,-0.09519172214100001,0.600341661840553,0.9749782447677049
BUTENAFINE,-0.08268197140549999,0.600341661840553,0.9749782447677049
MK-0354,-0.0702914213976,0.5965957334696534,0.9749782447677049
SODIUM-DANSHENSU,-0.05809160794400001,0.5971947452930281,0.9749782447677049
CAROVERINE,-0.039612135497050005,0.5965957334696534,0.9749782447677049
FLUNARIZINE,-0.03952237042170001,0.5953598750881051,0.9749782447677049
QUETIAPINE,-0.031112793220999996,0.5974143876953348,0.9749782447677049
CARBIMAZOLE,-0.029291123336000008,0.600341661840553,0.9749782447677049
MECAMYLAMINE,-0.023084320274999987,0.5979841377275412,0.9749782447677049
WAY-208466,-0.013470389869812,0.5987743018007026,0.9749782447677049
GBR-13069,-0.008557952859199996,0.5968521790615693,0.9749782447677049
AMISELIMOD,0.004627320946940294,0.5997401806270259,0.9749782447677049
GEMIGLIPTIN,0.013834145280520856,0.5991468755742395,0.9749782447677049
SKEPINONE-L,0.016962555301100003,0.5985615815244469,0.9749782447677049
CLORSULON,0.01727714870399999,0.5985615815244469,0.9749782447677049
BALAPIRAVIR,0.01830666751586,0.5965957334696534,0.9749782447677049
TROPESIN,0.038108108974499955,0.595422767855216,0.9749782447677049
CINEPAZET,0.03949758278599999,0.595422767855216,0.9749782447677049
ANAGRELIDE,0.0423335464048745,0.5991468755742395,0.9749782447677049
LANDIOLOL,0.042409277359945,0.5991468755742395,0.9749782447677049
REGADENOSON,0.06787090129849999,0.5968521790615693,0.9749782447677049
OT-R-ANTAGONIST-1,0.07716052683149399,0.5987743018007026,0.9749782447677049
CILNIDIPINE,0.07719137861105,0.5979841377275412,0.9749782447677049
TORCETRAPIB,0.08628757586250002,0.600341661840553,0.9749782447677049
ASENAPINE,0.103224197387,0.5968521790615693,0.9749782447677049
RIDINILAZOLE,0.1145001251841226,0.5997401806270259,0.9749782447677049
PURMORPHAMINE,0.12048094713906,0.600341661840553,0.9749782447677049
NUCLOMEDONE,0.1584791269948,0.595422767855216,0.9749782447677049
PENTYLENETETRAZOL,0.1626817570434,0.5968521790615693,0.9749782447677049
SILODOSIN,0.22280170542410002,0.5996785937441231,0.9749782447677049
TROMETAMOL,0.2467359477776,0.5942820669228357,0.9749782447677049
PYRIMETHAMINE,0.2868854845645,0.5985615815244469,0.9749782447677049
AP-18,0.3604752101857849,0.5991468755742395,0.9749782447677049
RGB-286638,0.5684964942980946,0.600072292463655,0.9749782447677049
MK-5108,0.5955318561449999,0.5979841377275412,0.9749782447677049
NSC-3852,-0.924783068395,0.6603287939427946,0.9750831869749509
GDC-0084,-0.8303297646649397,0.6118557528093094,0.9750831869749509
TERFENADINE,-0.52062094327,0.6569123166533588,0.9750831869749509
JOSAMYCIN,-0.46459776377850004,0.6435174067370041,0.9750831869749509
BORTEZOMIB,-0.4521581858300001,0.6165198489110895,0.9750831869749509
ABARELIX,-0.376925488597773,0.6179538791198467,0.9750831869749509
TYRPHOSTIN-AG-1478,-0.3724663516535,0.6039024693505111,0.9750831869749509
CIPARGAMIN,-0.35621569824182003,0.6417096127557242,0.9750831869749509
E7820,-0.3475232970646198,0.6613611665985104,0.9750831869749509
NERATINIB,-0.33575554789049994,0.6569123166533588,0.9750831869749509
PF-4981517,-0.3311320605065,0.6502817348486285,0.9750831869749509
NMS-873,-0.3245669117400001,0.6218132203758329,0.9750831869749509
SB-431542,-0.32283320193799997,0.6531245636274432,0.9750831869749509
CP-547632,-0.31233810211109697,0.6240784438478462,0.9750831869749509
BAG-956,-0.30873340174033004,0.6312929723372006,0.9750831869749509
KRCA-0008,-0.29636558527262,0.611177025781495,0.9750831869749509
TNP-470,-0.2921768143824325,0.6495478982562364,0.9750831869749509
PHA-793887,-0.2890063298750003,0.626291030181349,0.9750831869749509
MEXENEONE,-0.258620054837,0.6469623311078836,0.9750831869749509
TRAMADOL,-0.25386993103635,0.6442487123809079,0.9750831869749509
EDITOL,-0.253504626763,0.626291030181349,0.9750831869749509
LAPPACONITE,-0.2530388076041,0.6294199020539613,0.9750831869749509
CICLOPIROX,-0.25066192518999997,0.6322530307336156,0.9750831869749509
UNC2025,-0.25045696465994993,0.6561639202942817,0.9750831869749509
LGD-6972,-0.2408169372273917,0.6426072600026352,0.9750831869749509
LORECLEZOLE,-0.23054422581535,0.6172319664020314,0.9750831869749509
SHIKIMIC-ACID,-0.2298704494195,0.64789175258621,0.9750831869749509
KETOCONAZOLE,-0.22726454958095,0.6064290408027111,0.9750831869749509
PRALATREXATE,-0.21961574742000023,0.6540982684875212,0.9750831869749509
BC-11,-0.2092771751952531,0.6603287939427946,0.9750831869749509
CLARITHROMYCIN,-0.2073891266062,0.6151242157574246,0.9750831869749509
GSK2126458,-0.20264457310000017,0.6039024693505111,0.9750831869749509
IODODEXETIMIDE,-0.20236148583999997,0.6105074938200197,0.9750831869749509
MK-0608,-0.2017840406934244,0.6179538791198467,0.9750831869749509
RANITIDINE,-0.20166591199300002,0.6032919008950605,0.9750831869749509
BEZAFIBRATE,-0.19981320608665,0.6435174067370041,0.9750831869749509
ESTRADIOL-VALERATE,-0.19907203943475,0.627834318617412,0.9750831869749509
VOLASERTIB,-0.19220197504999992,0.6330611917701934,0.9750831869749509
AFATINIB,-0.19129580804399998,0.6186857897615372,0.9750831869749509
FPL-64176,-0.18954104347795,0.611177025781495,0.9750831869749509
PLX51107,-0.18944542556771904,0.6426072600026352,0.9750831869749509
ABX464,-0.188773918939649,0.6550854700916503,0.9750831869749509
REVEFENACIN,-0.18673043194906402,0.6488340430106418,0.9750831869749509
TROLEANDOMYCIN,-0.18543370124935002,0.6338802927361775,0.9750831869749509
SANGUINARIUM-CHLORIDE,-0.1853929070994651,0.6579543031719328,0.9750831869749509
MLN0128,-0.1814110319500002,0.6502817348486285,0.9750831869749509
VBY-825,-0.18120893521901182,0.6294199020539613,0.9750831869749509
GW-1929,-0.17501148520575,0.662416462036794,0.9750831869749509
STATTIC,-0.17063521156500006,0.6442487123809079,0.9750831869749509
LXR-623,-0.1688741255086,0.6322530307336156,0.9750831869749509
PTC-209,-0.1676665648359,0.6225580341182293,0.9750831869749509
IVOSIDENIB,-0.1656481558689031,0.614939059713778,0.9750831869749509
U-99194,-0.16501613303855,0.6233130387164749,0.9750831869749509
LY255283,-0.1611884894948,0.6531245636274432,0.9750831869749509
AZD7594,-0.15623948361830503,0.6179538791198467,0.9750831869749509
NORETYNODREL,-0.1561551927410001,0.643011484398551,0.9750831869749509
2-OXOGLUTARIC-ACID,-0.15570446732215,0.6558138360064136,0.9750831869749509
PEMIROLAST,-0.15479122013399998,0.6233130387164749,0.9750831869749509
INDOCYANINE-GREEN,-0.154611942686835,0.6139490313721281,0.9750831869749509
NARINGENINIC-ACID,-0.1543422575114809,0.6395387991862929,0.9750831869749509
GABOXADOL,-0.153754990609,0.6338802927361775,0.9750831869749509
DMEOB,-0.15000426716659,0.6355522104608478,0.9750831869749509
BRINCIDOFOVIR,-0.1473238486694147,0.6057844075942842,0.9750831869749509
PROTIONAMIDE,-0.146775179825,0.6338802927361775,0.9750831869749509
HYPERICIN,-0.144603730956,0.6347105561217257,0.9750831869749509
EUPATILIN,-0.14242568827805,0.624854464957099,0.9750831869749509
MEBHYDROLIN,-0.14084410955639998,0.6225580341182293,0.9750831869749509
5-FLUORO-3-PYRIDYL-METHANOL,-0.13959035746714002,0.6417096127557242,0.9750831869749509
"2-ETHYL-1,3-HEXANEDIOL",-0.1394757978595,0.6353287458168884,0.9750831869749509
PELRINONE,-0.1391106277383381,0.6179538791198467,0.9750831869749509
SACCHARIN,-0.13677077285265,0.6158173293730491,0.9750831869749509
PRACTOLOL,-0.1322684276581,0.6210783933885033,0.9750831869749509
FLUTRIMAZOLE,-0.13173935085049998,0.6233130387164749,0.9750831869749509
SPIRONOLACTONE,-0.130005221194,0.6353287458168884,0.9750831869749509
SB-649868,-0.128661191770852,0.6118557528093094,0.9750831869749509
TC-FPR-43,-0.12738694172886791,0.6312929723372006,0.9750831869749509
ML10302,-0.1273728024749204,0.6355522104608478,0.9750831869749509
CALCIPOTRIOL,-0.126683667387,0.6390375313212139,0.9750831869749509
MUBRITINIB,-0.12514788009849998,0.6233130387164749,0.9750831869749509
EPETRABOROLE,-0.12064674604135299,0.6550854700916503,0.9750831869749509
RONIDAZOLE,-0.12046482843320001,0.627834318617412,0.9750831869749509
HYDROXYPROGESTERONE,-0.12027079076950001,0.6158173293730491,0.9750831869749509
TYRPHOSTIN-AG-99,-0.11931142414399998,0.6355522104608478,0.9750831869749509
APD597,-0.11913101825925791,0.632869142286627,0.9750831869749509
ALENDRONATE,-0.118302763178,0.6613083848426305,0.9750831869749509
ETIZOLAM,-0.11816178312319998,0.6573153098577056,0.9750831869749509
LOXISTATIN-ACID,-0.11647701689399997,0.6241073615879223,0.9750831869749509
MILNACIPRAN,-0.11547714108929999,0.6088100130613039,0.9750831869749509
CHOLECALCIFEROL,-0.11479079344979999,0.6482650401604853,0.9750831869749509
LY2828360,-0.1140886092293521,0.6302290988428103,0.9750831869749509
ELECLAZINE,-0.1134539384255957,0.6240784438478462,0.9750831869749509
AZD1208,-0.1133161088365,0.627834318617412,0.9750831869749509
LY2157299,-0.11250000585800002,0.6144403211047349,0.9750831869749509
OLPRINONE,-0.1105491551073,0.6417096127557242,0.9750831869749509
BUTYLATED-HYDROXYTOLUENE,-0.10929533500275,0.6502817348486285,0.9750831869749509
TRIHEXYPHENIDYL,-0.10886838412100003,0.6098469719445989,0.9750831869749509
MARAVIROC,-0.1075491113148,0.6569123166533588,0.9750831869749509
TC-E-5002,-0.10725836306338615,0.6579543031719328,0.9750831869749509
KU-60019,-0.10591803830500002,0.6294199020539613,0.9750831869749509
BENZOIC-ACID,-0.10510674540404999,0.662416462036794,0.9750831869749509
PEMAFIBRATE,-0.10468468612563259,0.611177025781495,0.9750831869749509
PD-318088,-0.104227639988,0.6225580341182293,0.9750831869749509
VORASIDENIB,-0.1031472480026665,0.6488340430106418,0.9750831869749509
DEOXYCHOLIC-ACID,-0.10298982795219999,0.6210783933885033,0.9750831869749509
GABAPENTIN-ENACARBIL,-0.09755763795700004,0.6327250686764694,0.9750831869749509
RACTOPAMINE,-0.0959845872963,0.6294199020539613,0.9750831869749509
PIVMECILLINAM,-0.0939605557993,0.6390891589283634,0.9750831869749509
AC-710,-0.0928467528459336,0.6312929723372006,0.9750831869749509
RISPERIDONE,-0.09235154899540002,0.6499466713186359,0.9750831869749509
ARDEPARIN,-0.0920979813388,0.6624079614759,0.9750831869749509
TERLIPRESSIN,-0.0914354666316,0.6517408393438276,0.9750831869749509
D-3263,-0.08707808659859806,0.6613611665985104,0.9750831869749509
TOLONIDINE,-0.08690319560677,0.601569836335663,0.9750831869749509
CNX-2006,-0.08666265109735,0.6026894278943311,0.9750831869749509
ABT-702,-0.08513456223475001,0.6417096127557242,0.9750831869749509
WHI-P154,-0.08489711994219999,0.6085522429351955,0.9750831869749509
CU-T12-9,-0.0845252672139335,0.6603287939427946,0.9750831869749509
CEFMETAZOLE,-0.0831331188995453,0.6051485521897388,0.9750831869749509
NVS-PAK1-1,-0.08285983201485919,0.6068326325623905,0.9750831869749509
PROXYMETACAINE,-0.08267153176859998,0.6399508063955547,0.9750831869749509
RS-23597-190,-0.08252889186090999,0.6045212970429275,0.9750831869749509
RIMANTADINE,-0.08223766085100001,0.6085522429351955,0.9750831869749509
IMMETHRIDINE,-0.08135102517512291,0.6579543031719328,0.9750831869749509
KB-R7943,-0.08123436010950003,0.6051485521897388,0.9750831869749509
VTP-27999,-0.07633781301500009,0.6292345201226461,0.9750831869749509
AMMONIUM-GLYCYRRHIZINATE,-0.07549584340556,0.6477017903908195,0.9750831869749509
TENOXICAM,-0.07397281876600001,0.6593105496525704,0.9750831869749509
MK-7622,-0.0703439330018608,0.6179538791198467,0.9750831869749509
ENZALUTAMIDE,-0.0687470207133,0.6330611917701934,0.9750831869749509
S15535,-0.06858080320839899,0.6118557528093094,0.9750831869749509
LUMIRACOXIB,-0.06705882928944,0.6347105561217257,0.9750831869749509
PYRANTEL,-0.0668349942067,0.6472883261982649,0.9750831869749509
ISOLIQUIRITIGENIN,-0.06621315802005,0.6051485521897388,0.9750831869749509
UBENIMEX,-0.066129776055,0.6091952800881433,0.9750831869749509
RIPASUDIL,-0.06492627196255,0.6310495347036745,0.9750831869749509
ORG-26576,-0.064736336354,0.6139490313721281,0.9750831869749509
DANTRON,-0.0641018805900859,0.6218132203758329,0.9750831869749509
CINFLUMIDE,-0.0638469932445,0.6327250686764694,0.9750831869749509
TESTOLACTONE,-0.06335365336050003,0.6390375313212139,0.9750831869749509
MIW-815,-0.062059416868076006,0.6426072600026352,0.9750831869749509
VERBASCOSIDE,-0.059050815501846515,0.624598563467762,0.9750831869749509
BEVANTOLOL,-0.056891579010600005,0.6355522104608478,0.9750831869749509
ALAFOSFALIN,-0.056754066546371995,0.6411858797379664,0.9750831869749509
PIRACETAM,-0.056368934620400005,0.6603287939427946,0.9750831869749509
QUIPAZINE,-0.054341412514,0.6045212970429275,0.9750831869749509
LANOCONAZOLE,-0.05313726943250008,0.6540982684875212,0.9750831869749509
ANETHOLE-TRITHIONE,-0.052659683796500004,0.6517408393438276,0.9750831869749509
ANISODAMINE,-0.052588979076899994,0.624854464957099,0.9750831869749509
CLOTIAPINE,-0.0523458598747,0.6540982684875212,0.9750831869749509
CHLORTETRACYCLINE,-0.04955685589155,0.6280692312999805,0.9750831869749509
SITAXENTAN,-0.04788033350249998,0.6026894278943311,0.9750831869749509
SERTACONAZOLE,-0.04531344513064999,0.662416462036794,0.9750831869749509
RS-39604,-0.0445399427352,0.6408242107104887,0.9750831869749509
O-ACETYL-L-SERINE,-0.043432186560251405,0.6478294056497267,0.9750831869749509
CAPREOMYCIN,-0.042775589403000025,0.6084174573333515,0.9750831869749509
ALARELIN,-0.0422322555492,0.6390375313212139,0.9750831869749509
VECABRUTINIB,-0.041309616470695004,0.6613611665985104,0.9750831869749509
HYPOESTOXIDE,-0.03946168831149999,0.624854464957099,0.9750831869749509
MK-8617,-0.03922754583136098,0.6613611665985104,0.9750831869749509
PRALMORELIN,-0.0384162265392588,0.6488340430106418,0.9750831869749509
PROPAFENONE,-0.03805614816700001,0.6144403211047349,0.9750831869749509
LINSIDOMINE,-0.03660233325499998,0.6512165590982215,0.9750831869749509
RETAPAMULIN,-0.03649421071930001,0.6451410609635875,0.9750831869749509
BALOFLOXACIN,-0.035966387305000014,0.6544342911751365,0.9750831869749509
LEUCOVORIN,-0.03466354941199998,0.6355522104608478,0.9750831869749509
TAK-779,-0.0344141466329424,0.64789175258621,0.9750831869749509
SOLCITINIB,-0.033672477520476,0.614939059713778,0.9750831869749509
HARMANE,-0.033358475276,0.6105074938200197,0.9750831869749509
QX-222,-0.03183486229900001,0.628621716039802,0.9750831869749509
OXALOACETATE,-0.02951906145699,0.6547735418136127,0.9750831869749509
U-54494A,-0.029510548846500007,0.6540982684875212,0.9750831869749509
COBIMETINIB,-0.028408368939999873,0.6051485521897388,0.9750831869749509
COLFOSCERIL-PALMITATE,-0.024892445601,0.6383796688845684,0.9750831869749509
DANIRIXIN,-0.024695279165100004,0.6472883261982649,0.9750831869749509
JNJ-42041935,-0.024259292338519506,0.6163750034803586,0.9750831869749509
EPACADOSTAT,-0.023550613864204997,0.6390375313212139,0.9750831869749509
RIFABUTIN,-0.023426075851680002,0.6603287939427946,0.9750831869749509
D-7193,-0.020365822975000003,0.6482650401604853,0.9750831869749509
PARSACLISIB,-0.01988032561363201,0.6426072600026352,0.9750831869749509
CHUANXIONGZINE,-0.018943814147499988,0.6172319664020314,0.9750831869749509
SELEGILINE,-0.0181344844211,0.6225580341182293,0.9750831869749509
CP-316819,-0.018116543484133996,0.6561639202942817,0.9750831869749509
PANTOTHENIC-ACID,-0.015678735222999993,0.6362217804625416,0.9750831869749509
TUBOCURARINE,-0.01495482443699997,0.6399508063955547,0.9750831869749509
CELECOXIB,-0.014714648134499991,0.611177025781495,0.9750831869749509
G007-LK,-0.014279401674563999,0.6478294056497267,0.9750831869749509
MK-4074,-0.014233692077920995,0.6364054905370204,0.9750831869749509
LENALIDOMIDE,-0.0142160698515,0.6390891589283634,0.9750831869749509
ADENINE,-0.0141220958006,0.6294199020539613,0.9750831869749509
ESTRONE,-0.013210161535099997,0.603477819032622,0.9750831869749509
LOREDIPLON,-0.013178444038350001,0.6390375313212139,0.9750831869749509
MALIC-ACID,-0.012186208868699998,0.6482650401604853,0.9750831869749509
CK-636,-0.011991599861500002,0.628621716039802,0.9750831869749509
RAMELTEON,-0.011646817826500011,0.6203533544484808,0.9750831869749509
ISOPROPAMIDE-IODIDE,-0.011240667294,0.6098469719445989,0.9750831869749509
S49076,-0.008836078361203106,0.64789175258621,0.9750831869749509
PROCHLORPERAZINE,-0.006464529593149998,0.6098469719445989,0.9750831869749509
OXYPHENONIUM,-0.006179174260050001,0.6399508063955547,0.9750831869749509
QUINPIROL-(-),-0.005719388063999992,0.6531245636274432,0.9750831869749509
AZ-10606120,-0.0034247074988738996,0.6417096127557242,0.9750831869749509
ISAXONINE,-0.0033390274544999876,0.6521640824331953,0.9750831869749509
TYRPHOSTIN-A9,-0.00049657672800002,0.662416462036794,0.9750831869749509
MADECASSOSIDE,-0.00011177664635590029,0.6179538791198467,0.9750831869749509
TRIFLOXYSTROBIN,0.0015472216228339386,0.6550854700916503,0.9750831869749509
WY-16922,0.001603509457862029,0.6068326325623905,0.9750831869749509
MONOMETHYL-FUMARATE,0.0040045635187596,0.6057844075942842,0.9750831869749509
MODALINE,0.004446037651914999,0.627834318617412,0.9750831869749509
ATENOLOL-(+),0.00501745806536915,0.64789175258621,0.9750831869749509
DIPYRIDAMOLE,0.0060157319356,0.6045212970429275,0.9750831869749509
TC1,0.007204487294,0.6165198489110895,0.9750831869749509
BIX-02188,0.007448337557999979,0.6531245636274432,0.9750831869749509
PD-168393,0.007989777552499994,0.6026894278943311,0.9750831869749509
SECLAZONE,0.00808743004526095,0.6411858797379664,0.9750831869749509
BENZTROPINE-MESYLATE,0.008462161767100004,0.6624079614759,0.9750831869749509
RESERPINE,0.009168010656000009,0.6210783933885033,0.9750831869749509
VADADUSTAT,0.0093107576984276,0.6488340430106418,0.9750831869749509
FUSIDIC-ACID,0.01015359821300002,0.6225580341182293,0.9750831869749509
AMMONIUM-LACTATE,0.011273967153999996,0.6456342840396525,0.9750831869749509
FEVIPIPRANT,0.013450914146550516,0.6355522104608478,0.9750831869749509
QUININE,0.014399637953100002,0.6531245636274432,0.9750831869749509
ORG-27569,0.014454020084999991,0.6593105496525704,0.9750831869749509
CHOLINE-ALFOSCERATE,0.015136522609999994,0.6032919008950605,0.9750831869749509
EXEMESTANE,0.017242779194800002,0.6294199020539613,0.9750831869749509
XYLOMETAZOLINE,0.01752304467275,0.6158173293730491,0.9750831869749509
FORMESTANE,0.017758237102500005,0.6382390337984377,0.9750831869749509
VALGANCICLOVIR,0.017903435513499988,0.6026894278943311,0.9750831869749509
UNC0321,0.017939438273200006,0.6280692312999805,0.9750831869749509
POTASSIUM-CANRENOATE,0.01816599933944,0.6469623311078836,0.9750831869749509
SODIUM-PICOSULFATE,0.0183280704135,0.662416462036794,0.9750831869749509
JNJ-42165279,0.019023591182250003,0.6581309005213375,0.9750831869749509
ARQ-092,0.019618380275441938,0.6478294056497267,0.9750831869749509
ESTRADIOL-CYPIONATE,0.02075721596450003,0.6460455183367588,0.9750831869749509
LY294002,0.02088411503500001,0.6172319664020314,0.9750831869749509
PF-06751979,0.022722145301917795,0.6118557528093094,0.9750831869749509
SGC-0946,0.022929127226599996,0.6144403211047349,0.9750831869749509
LORCASERIN,0.022955206060500003,0.6165198489110895,0.9750831869749509
SB-756050,0.023018810109499965,0.6417096127557242,0.9750831869749509
HEPTAMINOL,0.0235483117749,0.6399508063955547,0.9750831869749509
ICATIBANT-ACETATE,0.0252043711109,0.6517408393438276,0.9750831869749509
XANTHONE,0.025224600822999987,0.6603287939427946,0.9750831869749509
ROPINIROLE,0.027225150090745,0.6294199020539613,0.9750831869749509
BMS-265246,0.02742139707999991,0.64789175258621,0.9750831869749509
IKK-2-INHIBITOR,0.028350719743500008,0.662416462036794,0.9750831869749509
AS-77,0.02879708015400001,0.6417096127557242,0.9750831869749509
GW-803430,0.029239095585702653,0.632869142286627,0.9750831869749509
ETHOSUXIMIDE,0.029413801196649995,0.6521640824331953,0.9750831869749509
KI-20227,0.029526416914551608,0.6478294056497267,0.9750831869749509
FLUCLOXACILLIN,0.0309931264095,0.6502817348486285,0.9750831869749509
TC-ASK-10,0.03257038409257795,0.6271107231292362,0.9750831869749509
PEPOSERTIB,0.03257955513395505,0.6488340430106418,0.9750831869749509
NORFLOXACIN,0.03303219000449997,0.6088100130613039,0.9750831869749509
ACETYLCHOLINE,0.035964712998,0.6502817348486285,0.9750831869749509
HYDROFLUMETHIAZIDE,0.03607599212099999,0.6039024693505111,0.9750831869749509
JHW-007,0.03748490814529401,0.6603287939427946,0.9750831869749509
IMREG-1,0.03758966108,0.6603287939427946,0.9750831869749509
DALTROBAN,0.04132275335004999,0.6280692312999805,0.9750831869749509
DAPIVIRINE,0.04195209612400003,0.6051485521897388,0.9750831869749509
LY404187,0.04231852614848952,0.6603287939427946,0.9750831869749509
WZ811,0.04273118171569999,0.6144403211047349,0.9750831869749509
PERHEXILINE,0.04361516273150001,0.6203533544484808,0.9750831869749509
GUVACINE,0.043675019324999995,0.6085522429351955,0.9750831869749509
5-BDBD,0.04413906457200001,0.6045212970429275,0.9750831869749509
METHYLERGOMETRINE,0.0444541799552,0.6361072664836758,0.9750831869749509
ROSMARINIC-ACID,0.045174372650515,0.626291030181349,0.9750831869749509
PARAXANTHINE,0.04523728835799999,0.6098469719445989,0.9750831869749509
D-DELTA-TOCOPHEROL,0.045897916974450004,0.6310495347036745,0.9750831869749509
TULOBUTEROL,0.046048346694000014,0.6098469719445989,0.9750831869749509
MORINIDAZOLE,0.048177073923650005,0.6139490313721281,0.9750831869749509
MACOZINONE,0.0486972782821475,0.6613611665985104,0.9750831869749509
ASIMADOLINE,0.0515355232164193,0.6426072600026352,0.9750831869749509
M-344,0.0521495245300001,0.6569123166533588,0.9750831869749509
BAICALIN,0.052937645454849996,0.6322530307336156,0.9750831869749509
LUCANTHONE,0.055715495589503006,0.6550854700916503,0.9750831869749509
PIROMIDIC-ACID,0.056630937354999994,0.6613083848426305,0.9750831869749509
OCTISALATE,0.05837234240314,0.6521640824331953,0.9750831869749509
SDZ-21009,0.059938309085500005,0.6512165590982215,0.9750831869749509
FADROZOLE,0.06227106232899998,0.6144403211047349,0.9750831869749509
FLURIZAN,0.063695417576448,0.6478294056497267,0.9750831869749509
TACEDINALINE,0.064175489933955,0.6499466713186359,0.9750831869749509
BUPROPION,0.06469637878500001,0.6045212970429275,0.9750831869749509
DARUSENTAN,0.06622734528855,0.6517408393438276,0.9750831869749509
LEQ506,0.06907963014600801,0.6426072600026352,0.9750831869749509
SIS3,0.069271282451345,0.6172319664020314,0.9750831869749509
UF-010,0.06928544424973648,0.6294199020539613,0.9750831869749509
URSODIOL,0.06974393090620001,0.6531245636274432,0.9750831869749509
CGP-57380,0.07055312786720001,0.6225580341182293,0.9750831869749509
PIMAVANSERIN,0.07083769396225,0.6125438649651177,0.9750831869749509
LSZ-102,0.07397858206348498,0.6057844075942842,0.9750831869749509
ZALTOPROFEN,0.07682304100500004,0.6382390337984377,0.9750831869749509
SKF-81297,0.080129765367,0.6390891589283634,0.9750831869749509
FURSULTIAMINE,0.0808530786997,0.6442487123809079,0.9750831869749509
8-HYDROXY-DPAT,0.08158451458399996,0.6085522429351955,0.9750831869749509
BAY-60-6583,0.0825571169644165,0.64789175258621,0.9750831869749509
ALCLOFENAC,0.0872576395932,0.6453762513022738,0.9750831869749509
10058-F4,0.0921983566788,0.6105074938200197,0.9750831869749509
PALIFOSFAMIDE,0.0944176281018,0.6613083848426305,0.9750831869749509
GEFAPIXANT,0.09507156859711599,0.6550854700916503,0.9750831869749509
GIDAZEPAM,0.09535498070955001,0.6537481534820302,0.9750831869749509
PILSICAINIDE,0.095574827502,0.6435174067370041,0.9750831869749509
PREDNISOLONE,0.09576109364499999,0.6361072664836758,0.9750831869749509
4-IBP,0.0961553759445,0.6294199020539613,0.9750831869749509
AM-580,0.0963201322855,0.6603287939427946,0.9750831869749509
LAZERTINIB,0.097346450002057,0.64789175258621,0.9750831869749509
ACARBOSE,0.09879915751870001,0.6469623311078836,0.9750831869749509
AEG3482,0.09947793239805,0.6218132203758329,0.9750831869749509
BLONANSERIN,0.0998506463273,0.6125438649651177,0.9750831869749509
R306465,0.101025832855,0.6064290408027111,0.9750831869749509
BU-224,0.10196884676300003,0.6045212970429275,0.9750831869749509
ROVAZOLAC,0.10268927123558302,0.6488340430106418,0.9750831869749509
TAMOXIFEN,0.10297777686035,0.6382390337984377,0.9750831869749509
(R)-BACLOFEN,0.1030127707338,0.6009759340949383,0.9750831869749509
CILAZAPRIL,0.104408629216,0.6355522104608478,0.9750831869749509
NARLAPREVIR,0.1048476003264,0.6451410609635875,0.9750831869749509
PIFITHRIN-CYCLIC,0.10521807363136901,0.614939059713778,0.9750831869749509
AST-1306,0.10764011003304999,0.6382390337984377,0.9750831869749509
RUCAPARIB,0.107778975818,0.6603287939427946,0.9750831869749509
DICYCLOHEXYLAMINE,0.10792137642911201,0.6068326325623905,0.9750831869749509
DVD-111,0.10903106956795,0.6294199020539613,0.9750831869749509
OFLOXACIN,0.10972934247050004,0.6039024693505111,0.9750831869749509
BMS-CCR2-22,0.11015731576653401,0.6395387991862929,0.9750831869749509
BETP,0.11074155944632949,0.6478294056497267,0.9750831869749509
GSK3787,0.1118675043002,0.6531245636274432,0.9750831869749509
MOFEZOLAC,0.112881521507765,0.6390375313212139,0.9750831869749509
ACRIVASTINE,0.11540849439529999,0.6105074938200197,0.9750831869749509
WYE-125132,0.1154795956750001,0.6460455183367588,0.9750831869749509
P22077,0.1157993996268,0.6085522429351955,0.9750831869749509
BARDOXOLONE-METHYL,0.11758529510500004,0.6502817348486285,0.9750831869749509
METHYLPREDNISOLONE-ACEPONATE,0.11780571906423451,0.6077453755168157,0.9750831869749509
AMIDOPYRINE,0.11927570715300001,0.6322530307336156,0.9750831869749509
RETINALDEHYDE,0.1198128816283,0.6603287939427946,0.9750831869749509
L-CYSTEINESULFINIC-ACID,0.12177851306350002,0.6558138360064136,0.9750831869749509
CGH2466,0.12401263384549999,0.6603287939427946,0.9750831869749509
ERDAFITINIB,0.124815504256,0.640854959580723,0.9750831869749509
PUERARIN,0.125660470673,0.6603287939427946,0.9750831869749509
BMS-806,0.12789065946099998,0.6098469719445989,0.9750831869749509
A-769662,0.1279059432729,0.6098469719445989,0.9750831869749509
ENROFLOXACIN,0.12888800051800003,0.6583061477464853,0.9750831869749509
TOLAZOLINE,0.12891298115399996,0.627834318617412,0.9750831869749509
CORT-108297,0.13058748766752498,0.6057844075942842,0.9750831869749509
BURAMATE,0.131294845998365,0.611177025781495,0.9750831869749509
TRETAZICAR,0.1356068440919978,0.6163750034803586,0.9750831869749509
LUTEOLIN,0.13676697761300002,0.6105074938200197,0.9750831869749509
IOX1,0.1377462534476215,0.64789175258621,0.9750831869749509
VERUCERFONT,0.14062878940424597,0.6540982684875212,0.9750831869749509
DELAVIRDINE,0.1406435101005,0.6517408393438276,0.9750831869749509
E-2001,0.1423517835573144,0.6364054905370204,0.9750831869749509
BEPOTASTINE,0.14274502946169998,0.6435174067370041,0.9750831869749509
RG108,0.14313087472339997,0.6223937397182004,0.9750831869749509
REYNOUTRIN,0.145083226643622,0.64789175258621,0.9750831869749509
4-GALACTOSYLLACTOSE,0.146345121967829,0.6230927798856253,0.9750831869749509
SDZ-SER-082,0.1494472152875356,0.6603287939427946,0.9750831869749509
WZ-3146,0.1496899461950001,0.6294199020539613,0.9750831869749509
PARTHENOLIDE-(-),0.14995715792570502,0.6051485521897388,0.9750831869749509
DIOSMIN,0.1527620620929,0.6203533544484808,0.9750831869749509
AZD8055,0.1542051383299996,0.64789175258621,0.9750831869749509
MARBOFLOXACIN,0.1555787280841,0.628621716039802,0.9750831869749509
DQP-1105,0.1566619765291679,0.6172319664020314,0.9750831869749509
UPRIFOSBUVIR,0.15686517444928721,0.6240784438478462,0.9750831869749509
MEPACRINE,0.15758117589500004,0.6186857897615372,0.9750831869749509
NEU2000,0.1578861811520576,0.6426072600026352,0.9750831869749509
RUCINOL,0.15848463770771998,0.6573153098577056,0.9750831869749509
ETEBENECID,0.15868980750550005,0.6158173293730491,0.9750831869749509
SELENOMETHIONINE,0.1602012010578,0.6225028100559905,0.9750831869749509
OTAMIXABAN,0.16050430963650003,0.624854464957099,0.9750831869749509
SLV-319-(+/-),0.1639916216279739,0.6478294056497267,0.9750831869749509
LASOFOXIFENE,0.16747084233325601,0.6426072600026352,0.9750831869749509
ROQUINIMEX,0.16935715663000006,0.6469623311078836,0.9750831869749509
RIFAMYCIN-SV,0.1732809451036,0.6344484608724136,0.9750831869749509
ANISOMYCIN,0.185165938815,0.6051485521897388,0.9750831869749509
APALUTAMIDE,0.18542860346540002,0.6347105561217257,0.9750831869749509
VS-4718,0.187365507985,0.6225580341182293,0.9750831869749509
LETERMOVIR,0.18800254371200004,0.6563377649837983,0.9750831869749509
CP-673451,0.18933609164100001,0.6469623311078836,0.9750831869749509
SPERMINE,0.19098341268039998,0.627834318617412,0.9750831869749509
VAPENDAVIR,0.19303541298349391,0.611177025781495,0.9750831869749509
COMBRETASTATIN-A-4,0.2078129348850002,0.6382390337984377,0.9750831869749509
BUTYLPHTHALIDE,0.2361962425813,0.6217176660024037,0.9750831869749509
CIPROFIBRATE,0.24607528911999998,0.6225580341182293,0.9750831869749509
REPOTRECTINIB,0.2466533015393404,0.6118557528093094,0.9750831869749509
IMIQUIMOD,0.2626438984887,0.6469623311078836,0.9750831869749509
S-TRITYL-L-CYSTEINE,0.26355536035455485,0.6051485521897388,0.9750831869749509
DIETHYLSTILBESTROL,0.2706080255441,0.6051485521897388,0.9750831869749509
HYDROCORTISONE-VALERATE,0.2800345915625,0.6158173293730491,0.9750831869749509
ML141,0.29308614379335796,0.6540982684875212,0.9750831869749509
SERDEMETAN,0.299516061074,0.6172319664020314,0.9750831869749509
NVP-AUY922,0.3116067304000003,0.6172319664020314,0.9750831869749509
BRUCEANTIN,0.31337180478500004,0.6355522104608478,0.9750831869749509
BREQUINAR,0.3137631067736,0.6563377649837983,0.9750831869749509
VATALANIB,0.31605404709499996,0.6502613237251031,0.9750831869749509
LY2857785,0.34906899875064035,0.611177025781495,0.9750831869749509
SJG-136,0.35715351220614,0.6179538791198467,0.9750831869749509
PRIMAQUINE,0.36128702754392006,0.6502817348486285,0.9750831869749509
ZALDARIDE,0.399393692629,0.6469623311078836,0.9750831869749509
Y-320,0.42641879007000005,0.628621716039802,0.9750831869749509
FUMAGILLIN,0.438427029842844,0.6302290988428103,0.9750831869749509
ECHINOMYCIN,0.47595536086,0.63727063759721,0.9750831869749509
DINACICLIB,0.49668743170999985,0.662416462036794,0.9750831869749509
SCRIPTAID,0.5813427929514,0.6593105496525704,0.9750831869749509
IXAZOMIB,0.5821909939150003,0.6233130387164749,0.9750831869749509
DIPHENYLENEIODONIUM,0.646865179295,0.6355522104608478,0.9750831869749509
RESMINOSTAT,0.6874940213850002,0.6172319664020314,0.9750831869749509
CRENOLANIB,0.79151556917,0.6289017802251002,0.9750831869749509
SECLIDEMSTAT,0.8611939459041253,0.64789175258621,0.9750831869749509
PELITINIB,-0.35606765682350006,0.6639079018776488,0.9755510857574925
PD-407824,-0.25292237830549996,0.6665829574451543,0.9755510857574925
AMODIAQUINE,-0.21391029865625,0.6644713585841062,0.9755510857574925
ACETYL-L-LEUCINE,-0.0875232471891,0.6655199256963424,0.9755510857574925
ZEATIN,-0.087230990374767,0.6645414552979032,0.9755510857574925
SIRREAL-2,-0.06376888266562601,0.6645414552979032,0.9755510857574925
MEPROBAMATE,-0.057515900049500024,0.6665829574451543,0.9755510857574925
CLOSANTEL,-0.04838210091600001,0.6665829574451543,0.9755510857574925
SUXIBUZONE,-0.031412914381499984,0.6644713585841062,0.9755510857574925
ETILEVODOPA,-0.030106602615199998,0.6645460343316951,0.9755510857574925
ZATEBRADINE,-0.025086668007000046,0.6655199256963424,0.9755510857574925
ALMITRINE,-0.005576035795999995,0.6634369651261336,0.9755510857574925
TIRASEMTIV,0.008909298602999993,0.6639079018776488,0.9755510857574925
DOXOFYLLINE,0.031102648236000008,0.6634369651261336,0.9755510857574925
POTASSIUM-P-AMINOBENZOATE,0.05681073973749998,0.6644713585841062,0.9755510857574925
CCT018159,0.06332106788999997,0.6665829574451543,0.9755510857574925
OLODANRIGAN,0.0665407777873077,0.6665829574451543,0.9755510857574925
CINNAMALDEHYDE,0.08586174562429391,0.6665829574451543,0.9755510857574925
CP-99994,0.0894260016560149,0.6645414552979032,0.9755510857574925
ANDROGRAPHOLIDE,0.11388811522799999,0.6655199256963424,0.9755510857574925
SERATRODAST,0.1163978836882554,0.6665829574451543,0.9755510857574925
HEXESTROL,0.16337261450150004,0.6665829574451543,0.9755510857574925
RO-19-4605,0.242167255174,0.6665829574451543,0.9755510857574925
APY0201,0.455886356871553,0.6665829574451543,0.9755510857574925
DACTINOMYCIN,0.48013154125806956,0.6664041829849279,0.9755510857574925
SOFOSBUVIR-IMPURITY-M,-0.24331284264550837,0.667660752770741,0.9755513466239765
TELRATOLIMOD,-0.236676534034697,0.667660752770741,0.9755513466239765
ASP-6537,-0.0363863846671169,0.667660752770741,0.9755513466239765
THEAFLAVIN,-0.00654914149281699,0.667660752770741,0.9755513466239765
BQ-123,0.06552126858900001,0.6667455314378227,0.9755513466239765
HC-070,0.09458668003391041,0.667660752770741,0.9755513466239765
N-(P-AMYLCINNAMOYL)-ANTHRANILIC-ACID,0.15589477729061868,0.667660752770741,0.9755513466239765
APHIDICOLIN,-0.48005567128500015,0.6687536188430206,0.9760229577632938
PIRICAPIRON,-0.070921468053205,0.6685174807812406,0.9760229577632938
IBUTAMOREN,-0.014343664983500037,0.6687536188430206,0.9760229577632938
SODIUM-GUALENATE,0.08958629955050001,0.6685174807812406,0.9760229577632938
VU0364770,0.09236435591449998,0.6685174807812406,0.9760229577632938
ISOSTEVIOL,0.1665342029043,0.6695811722033604,0.9770057306591514
MITOMYCIN-C,-1.4236439990249998,0.6854834876673134,0.9772573366361675
RO-4987655,-1.0027080688369998,0.6780073699109379,0.9772573366361675
ROCILETINIB,-0.626089922575,0.6791606879980072,0.9772573366361675
STF-118804,-0.4154013641199996,0.6831022372606941,0.9772573366361675
RUTIN,-0.31597106271599995,0.6744553740865572,0.9772573366361675
CT7001,-0.28371019155623944,0.6803300499018171,0.9772573366361675
AS-703026,-0.24707669055500014,0.6831022372606941,0.9772573366361675
OMDM-2,-0.190608904356,0.6791606879980072,0.9772573366361675
TERBUTALINE,-0.19054960124999987,0.6791606879980072,0.9772573366361675
JNJ-7777120,-0.17934898411829997,0.6807850803958997,0.9772573366361675
ELIGLUSTAT,-0.17416372197875,0.673282238214933,0.9772573366361675
PHENACEMIDE,-0.17153014610099998,0.6709329006428086,0.9772573366361675
OLAPARIB,-0.162409858083,0.6780073699109379,0.9772573366361675
SGS-742,-0.1497159979747877,0.6739838438007475,0.9772573366361675
ESTRAMUSTINE,-0.1295894465055,0.6757475738636386,0.9772573366361675
FIDAXOMICIN,-0.12165405897286,0.6819358084157636,0.9772573366361675
SB-216641,-0.11554953158785,0.6791606879980072,0.9772573366361675
DEXFENFLURAMINE,-0.11098153709445,0.6807850803958997,0.9772573366361675
XMD8-92,-0.1075579743184455,0.6728603825615,0.9772573366361675
CAY10505,-0.09859634997349997,0.6706593545586328,0.9772573366361675
EMD-66684,-0.09664422003699999,0.6791606879980072,0.9772573366361675
CREATININE,-0.09285386120700001,0.6751230277119955,0.9772573366361675
DESLORELIN,-0.08429448113890697,0.6854834876673134,0.9772573366361675
PRX-07034,-0.0821520848777376,0.6803300499018171,0.9772573366361675
BAFETINIB,-0.07977544029780001,0.673282238214933,0.9772573366361675
L-670596,-0.07503268853149997,0.6728603825615,0.9772573366361675
ESTRADIOL-BENZOATE,-0.07140972322394999,0.6831022372606941,0.9772573366361675
ALPHA-GLUCOSYL-HESPERIDIN,-0.0706587898065517,0.6739838438007475,0.9772573366361675
RGX-104,-0.0693842180278948,0.6803300499018171,0.9772573366361675
NAB-2,-0.0685516528879126,0.6729611067210857,0.9772573366361675
BAKUCHIOL,-0.06805292406550001,0.6831022372606941,0.9772573366361675
BENURESTAT,-0.059549322225000006,0.6831022372606941,0.9772573366361675
UCL-2077,-0.0595383575111,0.6706593545586328,0.9772573366361675
MECARBINATE,-0.05942759310655,0.6728603825615,0.9772573366361675
METHYLLYCACONITINE,-0.057029738262490005,0.6780073699109379,0.9772573366361675
GALLAMINE-TRIETHIODIDE,-0.0558198003242,0.6810666450710616,0.9772573366361675
FLUCONAZOLE,-0.0550854619118,0.6842846873176831,0.9772573366361675
FOSFOMYCIN,-0.0545058886268,0.6810666450710616,0.9772573366361675
ESTRADIOL-3-O-SULFAMATE,-0.050121674000815096,0.6739838438007475,0.9772573366361675
DIBENZEPINE,-0.046952509185499994,0.6815157895539375,0.9772573366361675
QUINAGOLIDE,-0.04252994077330001,0.6709858347653985,0.9772573366361675
CEFONICID,-0.036590732567999995,0.6768697706485594,0.9772573366361675
ICA-121431,-0.03229725080296711,0.6729611067210857,0.9772573366361675
FOROPAFANT,-0.03039418601595,0.6839377843799899,0.9772573366361675
OMEGA-3-ACID-ESTERS,-0.028262984259659507,0.6834306388633604,0.9772573366361675
PROPOXYCAINE,-0.027534269582800003,0.6850689949718154,0.9772573366361675
UFENAMATE,-0.023498036463350004,0.6774498903807411,0.9772573366361675
ROSE-BENGAL-LACTONE,-0.017753898301504506,0.6748966096484204,0.9772573366361675
CEFEPIME,-0.015804949805500013,0.6779867788907872,0.9772573366361675
LIOTHYRONINE-(ISOMER),-0.0150536520212,0.6768697706485594,0.9772573366361675
EFAROXAN,-0.013191732740999995,0.6768697706485594,0.9772573366361675
CEVIMELINE,-0.012682725426500008,0.6706593545586328,0.9772573366361675
O-3M3FBS,-0.005983950882999994,0.6739838438007475,0.9772573366361675
CENTAZOLONE,-0.004850049773032106,0.6748966096484204,0.9772573366361675
ALTHIAZIDE,-0.0027627706889999937,0.6831022372606941,0.9772573366361675
TAMINADENANT,0.0003387409003402994,0.6739838438007475,0.9772573366361675
GASTRODIN,0.006116913948500113,0.6854834876673134,0.9772573366361675
DUTASTERIDE,0.007920950186000003,0.6751230277119955,0.9772573366361675
OCTENIDINE,0.008316947520000006,0.6791606879980072,0.9772573366361675
A-804598,0.013686664090719003,0.6728603825615,0.9772573366361675
MAVOGLURANT,0.01465229214439999,0.6709858347653985,0.9772573366361675
BTS-72664,0.018140333526913494,0.6834306388633604,0.9772573366361675
ACECAINIDE,0.025209972333200006,0.671752323462976,0.9772573366361675
R-1485,0.0273911506614586,0.6729611067210857,0.9772573366361675
SODIUM-ORTHOVANADATE,0.0277940533301837,0.6854834876673134,0.9772573366361675
MOPROLOL,0.04159182933400002,0.6780073699109379,0.9772573366361675
LINEZOLID,0.04780016148499994,0.6791606879980072,0.9772573366361675
CIMETIDINE,0.049935145536500025,0.6791606879980072,0.9772573366361675
SAR-245409,0.052017601284000015,0.6780073699109379,0.9772573366361675
ISOLEUCINE,0.05417616863489,0.6839377843799899,0.9772573366361675
H-89,0.05692165562335,0.6791606879980072,0.9772573366361675
CH-170,0.0578744794226,0.6780073699109379,0.9772573366361675
NAPAMEZOLE,0.06188942435693201,0.6803300499018171,0.9772573366361675
SUFENTANIL,0.06368893986341499,0.6850689949718154,0.9772573366361675
VIXOTRIGINE,0.0647640449847526,0.6739838438007475,0.9772573366361675
IBUPROFEN-(S),0.0727717655811,0.6842846873176831,0.9772573366361675
DICLAZURIL,0.07370897993800002,0.6791606879980072,0.9772573366361675
MUT056399,0.0814329047193445,0.6748966096484204,0.9772573366361675
DIMESNA,0.082220122147,0.6842846873176831,0.9772573366361675
ESTROPIPATE,0.08271422286425001,0.6831022372606941,0.9772573366361675
PENTAMIDINE,0.08720766328499996,0.6780073699109379,0.9772573366361675
17-HYDROXYPROGESTERONE-CAPROATE,0.09026721297080001,0.6842846873176831,0.9772573366361675
JZL-195,0.09661094139830201,0.6729611067210857,0.9772573366361675
CILOSTAMIDE,0.10817272801237,0.6751230277119955,0.9772573366361675
CLEMASTINE,0.115803209446,0.6831022372606941,0.9772573366361675
IEM1754,0.12463041489790001,0.6810666450710616,0.9772573366361675
LY303511,0.134039799924,0.6854834876673134,0.9772573366361675
PHORTRESS,0.15700843656864447,0.6834306388633604,0.9772573366361675
SD-169,0.15955669771205,0.6751230277119955,0.9772573366361675
SARACATINIB,0.160283164011473,0.6807850803958997,0.9772573366361675
SGC-707,0.1649226416891362,0.6854834876673134,0.9772573366361675
GDC-0927,0.1711278793194661,0.6854834876673134,0.9772573366361675
GSK189254,0.1795720619332925,0.6854834876673134,0.9772573366361675
R406,0.1833286598385,0.6850689949718154,0.9772573366361675
NOCODAZOLE,0.19002168519000007,0.6746404715705463,0.9772573366361675
GLESATINIB,0.19941703785174103,0.6739838438007475,0.9772573366361675
PROCAINE,0.2055185630695,0.6831022372606941,0.9772573366361675
FINAFLOXACIN,0.21269265827060002,0.6854834876673134,0.9772573366361675
STEMREGENIN-1,0.22826464685549994,0.6831022372606941,0.9772573366361675
NALTREXONE,0.238022285607,0.6744553740865572,0.9772573366361675
TORIN-2,0.2670620371300001,0.6807850803958997,0.9772573366361675
VE-821,0.3001167991009,0.6780073699109379,0.9772573366361675
WYE-687,-0.5900097250896152,0.6981950018019927,0.9776069667127621
ALISERTIB,-0.5714331455195001,0.7008301326464215,0.9776069667127621
RANOLAZINE,-0.40327424247699994,0.6993450108249188,0.9776069667127621
"2,3-DCPE",-0.3541531939871,0.6905838933460013,0.9776069667127621
ISPINESIB,-0.32360607971,0.6956318212055745,0.9776069667127621
AZD8330,-0.21804285623000008,0.7055724665719791,0.9776069667127621
WAY-629,-0.18488508223093952,0.6981950018019927,0.9776069667127621
SODIUM-ASCORBATE,-0.1625483542413241,0.691828390757378,0.9776069667127621
DELIVERT,-0.16169265923752002,0.6981950018019927,0.9776069667127621
NIACIN,-0.16009122153349997,0.6931377146664359,0.9776069667127621
INDEGLITAZAR,-0.158445110639322,0.691828390757378,0.9776069667127621
FLUMETHASONE,-0.15346949857755,0.7019281770766377,0.9776069667127621
ALOVUDINE,-0.150986951026359,0.7059380589675872,0.9776069667127621
TADALAFIL,-0.14841315144154998,0.7055724665719791,0.9776069667127621
SSR128129E,-0.12595219162069998,0.6893563802941002,0.9776069667127621
PF-05089771,-0.1189770464982779,0.6995033875543136,0.9776069667127621
CAPSAZEPINE,-0.11426104065899997,0.7019281770766377,0.9776069667127621
OXANDROLONE,-0.11273896121005,0.6931377146664359,0.9776069667127621
I-BZA2,-0.0972851630521,0.7055724665719791,0.9776069667127621
CETRIMONIUM,-0.09238224743000001,0.6879315008113325,0.9776069667127621
GR-103691,-0.0923804376706,0.6969046011119564,0.9776069667127621
GSK650394,-0.08491016388249997,0.7045829207529226,0.9776069667127621
TMC-353121,-0.08420108901900003,0.7055724665719791,0.9776069667127621
SUTEZOLID,-0.0797225990205,0.6930392465000802,0.9776069667127621
FLURALANER,-0.07905663725502499,0.6995033875543136,0.9776069667127621
THIOTHIXENE,-0.0787485718856,0.6931377146664359,0.9776069667127621
ML-228,-0.07829334168400992,0.6899230641793189,0.9776069667127621
ANTHRAQUINONE,-0.0725898154686599,0.691828390757378,0.9776069667127621
PAT-1251,-0.0715551006608536,0.6930902236949184,0.9776069667127621
DERAZANTINIB,-0.06714710184674305,0.6981950018019927,0.9776069667127621
JW-67,-0.06611920585451851,0.700619648328836,0.9776069667127621
ILOMASTAT,-0.06599274904800001,0.6993162368043635,0.9776069667127621
UNC1999,-0.06012615334499999,0.7019281770766377,0.9776069667127621
BIMU-8,-0.056726435750071996,0.6984634843303239,0.9776069667127621
SM-108,-0.05275022377709998,0.6921789997653613,0.9776069667127621
GR-79236,-0.04714735520510001,0.6930902236949184,0.9776069667127621
TCS-2314,-0.04686696638445089,0.6984634843303239,0.9776069667127621
ON123300,-0.046458231921234994,0.6981950018019927,0.9776069667127621
CGP-37849,-0.03594943138699999,0.6969046011119564,0.9776069667127621
JNJ-47965567,-0.03379195194922999,0.691828390757378,0.9776069667127621
OTILONIUM,-0.033512473782049995,0.6993162368043635,0.9776069667127621
PIPERACILLIN,-0.03030152421074999,0.6930392465000802,0.9776069667127621
SCH-58261,-0.029706164787,0.6905838933460013,0.9776069667127621
LYPRESSIN,-0.028529348375662483,0.6920053103832037,0.9776069667127621
DESMOPRESSIN-ACETATE,-0.01900006755950001,0.7045829207529226,0.9776069667127621
TENIDAP,-0.018725373183499996,0.6905838933460013,0.9776069667127621
SC-10,-0.018077136135500008,0.7019281770766377,0.9776069667127621
KF-38789,-0.017524966234999884,0.691828390757378,0.9776069667127621
VP-20629,-0.0169681328145425,0.6981950018019927,0.9776069667127621
ASTX660,-0.014019206574886978,0.7059380589675872,0.9776069667127621
OXETHAZAINE,-0.013962609230000006,0.691828390757378,0.9776069667127621
PENICILLIN-V-POTASSIUM,-0.012066207524000006,0.6879315008113325,0.9776069667127621
AUTOTAXIN-MODULATOR-1,-0.0087438957888793,0.6984634843303239,0.9776069667127621
MARIBAVIR,0.002809874685799997,0.6881455097647142,0.9776069667127621
"4,4-PENTAMETHYLENEPIPERIDINE",0.0050753097074,0.6981950018019927,0.9776069667127621
E-2012,0.006676226112299996,0.7045829207529226,0.9776069667127621
PICEATANNOL,0.007064770414499988,0.7055724665719791,0.9776069667127621
LORATADINE,0.011949116291899986,0.6921789997653613,0.9776069667127621
HALOBETASOL-PROPIONATE,0.012897155930500004,0.6943697529722643,0.9776069667127621
RO-1138452,0.015911923703266995,0.6984634843303239,0.9776069667127621
CITIOLONE,0.01694567758199997,0.7019281770766377,0.9776069667127621
SOBUZOXANE,0.0172319021391001,0.6995033875543136,0.9776069667127621
ENPROFYLLINE,0.017281612246000028,0.6893563802941002,0.9776069667127621
ARAMCHOL,0.017810543819872016,0.7059380589675872,0.9776069667127621
AZALOMYCIN-B,0.019610164674999986,0.6956318212055745,0.9776069667127621
DEFACTINIB,0.021394046353649998,0.7008301326464215,0.9776069667127621
ALTIRATINIB,0.0218682494726486,0.6920053103832037,0.9776069667127621
GSK369796,0.02514756589665451,0.691828390757378,0.9776069667127621
PHENOTHRIN,0.025333959769999997,0.7045829207529226,0.9776069667127621
PAZUFLOXACIN,0.02610421099150001,0.6993450108249188,0.9776069667127621
SBE-13,0.026617978814499982,0.6899230641793189,0.9776069667127621
TEGASEROD,0.0299378645875518,0.6920053103832037,0.9776069667127621
LONAFARNIB,0.030771667668999997,0.6881455097647142,0.9776069667127621
ARGLABIN,0.0325578144525,0.7045829207529226,0.9776069667127621
DMNB,0.03312334272465001,0.7045829207529226,0.9776069667127621
SIBUTRAMINE,0.03588508091050002,0.7019281770766377,0.9776069667127621
EMPAGLIFLOZIN,0.03626199015999999,0.7055724665719791,0.9776069667127621
ROSAMICIN,0.03677672971850651,0.7045829207529226,0.9776069667127621
CP-724714,0.03757891771300001,0.6881455097647142,0.9776069667127621
TC-I-2000,0.04017639853755539,0.6984634843303239,0.9776069667127621
LISURIDE,0.040754903733400016,0.6956318212055745,0.9776069667127621
L-ASPARAGINE-N-HYDROXY,0.041684586298275705,0.6899230641793189,0.9776069667127621
TOLTRAZURIL,0.04863095653999999,0.6956318212055745,0.9776069667127621
MYCOPHENOLIC-ACID,0.04868361176499997,0.6881455097647142,0.9776069667127621
NECROSTATIN-1,0.04879019053,0.6969046011119564,0.9776069667127621
ATENOLOL-(+/-),0.05141147322356,0.6879315008113325,0.9776069667127621
FK-409,0.052431127584502205,0.7059380589675872,0.9776069667127621
TC-G-1008,0.05290967568879551,0.6899230641793189,0.9776069667127621
IGMESINE,0.052968772239250006,0.7035402500181247,0.9776069667127621
CARBENDAZIM,0.0532132831091075,0.7035402500181247,0.9776069667127621
TELMISARTAN,0.0563502843208,0.6993450108249188,0.9776069667127621
ROGARATINIB,0.056679230628330024,0.6930902236949184,0.9776069667127621
GSK429286A,0.060268752024700015,0.7032464192543968,0.9776069667127621
MEPRYLCAINE,0.06317812670099998,0.7032464192543968,0.9776069667127621
CHLOROPROCAINE,0.06319090438194,0.6930392465000802,0.9776069667127621
COSTUNOLIDE,0.06527604624350003,0.6981950018019927,0.9776069667127621
RO-20-1724,0.06535597197050003,0.6869509489457035,0.9776069667127621
FRUQUINTINIB,0.06693678159535,0.7035402500181247,0.9776069667127621
TC-E-5006,0.070507806033328,0.6984634843303239,0.9776069667127621
A740003,0.07500323433539999,0.7045829207529226,0.9776069667127621
METERGOLINE,0.07650583467939,0.6881455097647142,0.9776069667127621
ETC-206,0.0768762065014647,0.6995033875543136,0.9776069667127621
SPIROXATRINE,0.07859151624495,0.6993450108249188,0.9776069667127621
S26948,0.08052672678404998,0.6980524041499161,0.9776069667127621
DAPHNETIN,0.08105669056109999,0.6943697529722643,0.9776069667127621
GBR-12783,0.08740752276899999,0.7045829207529226,0.9776069667127621
ZK-93426,0.10376327496829998,0.6881455097647142,0.9776069667127621
IBANDRONATE,0.106548008991,0.6877025071395109,0.9776069667127621
ZLN005,0.10755094699100001,0.6969046011119564,0.9776069667127621
PRAVASTATIN,0.11181876842899999,0.691828390757378,0.9776069667127621
ORPHENADRINE,0.11288070195460001,0.6969046011119564,0.9776069667127621
GRAZOPREVIR,0.1144363764384,0.6993450108249188,0.9776069667127621
ARTESUNATE,0.1220721449442,0.7006278268341013,0.9776069667127621
CETYLPYRIDINIUM,0.12230178208800002,0.7019281770766377,0.9776069667127621
CARSALAM,0.12491474259700001,0.7019281770766377,0.9776069667127621
CFM-2,0.139758691378,0.6969046011119564,0.9776069667127621
BROMISOVAL,0.13986002625297603,0.6981950018019927,0.9776069667127621
THYMOPENTIN,0.14508665950835797,0.7059380589675872,0.9776069667127621
PIOGLITAZONE,0.151142969734,0.7032464192543968,0.9776069667127621
MMV-390048,0.15464403580750452,0.7045829207529226,0.9776069667127621
PX-478,0.1589389712346699,0.700619648328836,0.9776069667127621
CBIPES,0.1640227068664819,0.6899230641793189,0.9776069667127621
NVP-DPP728,0.16512809966199998,0.7059380589675872,0.9776069667127621
RI-1,0.1661805610655,0.7032464192543968,0.9776069667127621
SYNEPHRINE,0.19715280655294998,0.7019281770766377,0.9776069667127621
SB-200646,0.284965580194,0.6981950018019927,0.9776069667127621
ECAMSULE-TRIETHANOLAMINE,0.2861909913955001,0.6993162368043635,0.9776069667127621
GO-6983,0.28791011373020003,0.6931377146664359,0.9776069667127621
MG-132,0.29397319254999976,0.6877025071395109,0.9776069667127621
NIMODIPINE,0.295497435998,0.6869509489457035,0.9776069667127621
JNJ-7706621,0.34848344452000013,0.6981950018019927,0.9776069667127621
BENZOCAINE,-0.2996439532546,0.7096089520060183,0.9776107729000758
LY2874455,-0.27610384603000004,0.7131915106701989,0.9776107729000758
AURANOFIN,-0.2144085603887449,0.709272661513508,0.9776107729000758
ETHAVERINE,-0.201685056305,0.7096089520060183,0.9776107729000758
EMD-1214063,-0.1945686131771,0.7118197070074821,0.9776107729000758
LY2584702,-0.14442571311222824,0.709272661513508,0.9776107729000758
DESERPIDINE,-0.140187219838,0.7109917430536583,0.9776107729000758
FLIBANSERIN,-0.13112589769331048,0.7101192252309518,0.9776107729000758
5-METHYLFURMETHIODIDE,-0.12806908911745,0.7118197070074821,0.9776107729000758
ERLOTINIB,-0.12690300927089998,0.7131915106701989,0.9776107729000758
GDC-0077,-0.10680867519909099,0.7123938243330357,0.9776107729000758
PHENYTOIN,-0.08487193433120001,0.7118197070074821,0.9776107729000758
BEFURALINE,-0.08007412302082,0.7063285614506658,0.9776107729000758
DICLOFENAMIDE,-0.07578485363737,0.7131915106701989,0.9776107729000758
NH125,-0.07113185993999993,0.7096089520060183,0.9776107729000758
DG051,-0.055841202453529096,0.7123938243330357,0.9776107729000758
HESPERETIN,-0.055396068272500015,0.7109917430536583,0.9776107729000758
NERIDRONIC-ACID,-0.04783681057199998,0.7077530920789834,0.9776107729000758
GW-501516,-0.046259425967,0.7109917430536583,0.9776107729000758
BAY-87-2243,-0.043703523170000036,0.7131915106701989,0.9776107729000758
PG-9,-0.04273286864895,0.7109917430536583,0.9776107729000758
CINACALCET,-0.03902269697399999,0.7109917430536583,0.9776107729000758
PCI-27483,-0.0339879464096866,0.7109917430536583,0.9776107729000758
PONATINIB,-0.016341995030000334,0.7096089520060183,0.9776107729000758
OCINAPLON,-0.014275078175149999,0.7101192252309518,0.9776107729000758
DPO-1,-0.013747249367849997,0.7082450606820234,0.9776107729000758
BENIDIPINE,-0.011030578633000027,0.7109917430536583,0.9776107729000758
KARTOGENIN,-0.003410308431806945,0.7109917430536583,0.9776107729000758
TOCERANIB,-0.0010557707415000117,0.7130072542336061,0.9776107729000758
INGENOL,0.0004458368380106971,0.7123938243330357,0.9776107729000758
SOTRASTAURIN,0.006587598824199999,0.7068996889207704,0.9776107729000758
TOLIMIDONE,0.010557234466999993,0.7118197070074821,0.9776107729000758
PHENYL-SALICYLATE,0.011814476779102842,0.7109917430536583,0.9776107729000758
FLUORESCEIN,0.013780288556749995,0.7082450606820234,0.9776107729000758
VILAZODONE,0.018791523074350003,0.7118197070074821,0.9776107729000758
NORETHISTERONE-ENANTHATE,0.019856003110249987,0.7130072542336061,0.9776107729000758
L-755507,0.021787573815654493,0.7109917430536583,0.9776107729000758
BISANTRENE,0.036461206494501894,0.7123938243330357,0.9776107729000758
DEXMEDETOMIDINE,0.0423649382789784,0.7109917430536583,0.9776107729000758
PHENYLPIRACETAM,0.0658003970238,0.7130072542336061,0.9776107729000758
DIMINAZENE-ACETURATE,0.0701530599559,0.7068996889207704,0.9776107729000758
ABAMETAPIR,0.07035074221605,0.7101192252309518,0.9776107729000758
BAY-11-7082,0.10771701276999979,0.7109917430536583,0.9776107729000758
TRIPTORELIN,0.12702895931995,0.7109917430536583,0.9776107729000758
AZM-475271,0.17602733721262154,0.7109917430536583,0.9776107729000758
ETRETINATE,0.2714888693797807,0.7109917430536583,0.9776107729000758
PF-03814735,0.33630326550300005,0.7131915106701989,0.9776107729000758
PHENYLMERCURIC-ACETATE,-0.37419936001,0.7144827431313947,0.9776136970005285
L-693403,-0.18353863314910002,0.7145820805596415,0.9776136970005285
GANGLIOSIDE-GM1,-0.038099646848600004,0.7138155970494986,0.9776136970005285
EMETINE,-0.031769851665000015,0.7145820805596415,0.9776136970005285
CPP,-0.011730884171500006,0.713670145785819,0.9776136970005285
SPIPERONE,0.04450402800624999,0.7145820805596415,0.9776136970005285
GLYBURIDE,0.10675004987049999,0.7145820805596415,0.9776136970005285
AMINOSALICYLATE,0.11582305367895,0.713670145785819,0.9776136970005285
CAFFEIC-ACID,0.30201843296599995,0.7144827431313947,0.9776136970005285
TRADIPITANT,-1.0177491627659596,0.7253669599183192,0.9782506163471774
AURORA-A-INHIBITOR-I,-0.7143574820349998,0.7273149425290559,0.9782506163471774
SARAFLOXACIN,-0.27050963216650004,0.7303395184585448,0.9782506163471774
FK-888,-0.2691703549364,0.7268844923282973,0.9782506163471774
IDRONOXIL,-0.2291992985497,0.7233417590035842,0.9782506163471774
EC-144,-0.19706755394584974,0.7243108816415761,0.9782506163471774
PKI-166,-0.17239396857985198,0.726690674333039,0.9782506163471774
NBI-98782,-0.15817891136655882,0.731883480580516,0.9782506163471774
BW-A4C,-0.15458906513225348,0.726690674333039,0.9782506163471774
MEDRONIC-ACID,-0.15171980036095,0.7299844183431057,0.9782506163471774
PERIFOSINE,-0.1491227234344,0.726430395492244,0.9782506163471774
"7,8,9,10-TETRAHYDROAZEPINO[2,1-B]QUINAZOLIN-12(6H)-ONE",-0.13612241403056452,0.726690674333039,0.9782506163471774
ASPIRIN,-0.1288437915435,0.72088566922457,0.9782506163471774
ASP-9521,-0.1278240155967112,0.7253669599183192,0.9782506163471774
DIOSMETIN,-0.1194771402179,0.7253669599183192,0.9782506163471774
METHARBITAL,-0.11835007638050002,0.716719877301311,0.9782506163471774
CHLORPHENSIN-CARBAMATE,-0.1170954048435,0.7321828425650405,0.9782506163471774
VABORBACTAM,-0.1105990628862271,0.731883480580516,0.9782506163471774
IMIDUREA,-0.10792107590227636,0.7303395184585448,0.9782506163471774
ZK-200775,-0.1077246395402,0.7203398313143277,0.9782506163471774
ETAZOLATE,-0.1008536442595,0.7306763280823906,0.9782506163471774
PYRAZOLANTHRONE,-0.09850674408560002,0.7273149425290559,0.9782506163471774
SPP-86,-0.09081480320908103,0.7156583803126197,0.9782506163471774
JNJ-26990990,-0.0901879005417,0.7233417590035842,0.9782506163471774
ASTEMIZOLE,-0.08547520508950002,0.7209388410819992,0.9782506163471774
HA-130,-0.0728512042344231,0.7174210597147551,0.9782506163471774
SPARSENTAN,-0.0715648654094606,0.7188702655139244,0.9782506163471774
AMG-319,-0.0667454462767,0.716719877301311,0.9782506163471774
CLIMBAZOLE,-0.06608767617809999,0.7195029049440086,0.9782506163471774
DECERNOTINIB,-0.05755640140938248,0.7179633437775998,0.9782506163471774
ISTAROXIME,-0.0524020605806,0.7243720224881436,0.9782506163471774
BROMHEXINE,-0.04859205679400003,0.7303395184585448,0.9782506163471774
LM11A-31,-0.0482162620395226,0.726690674333039,0.9782506163471774
ISOBUTAMBEN,-0.04584965376149999,0.7273149425290559,0.9782506163471774
TOFACITINIB,-0.0430987147599,0.731883480580516,0.9782506163471774
TESTOSTERONE,-0.04131839735149999,0.7258334806002577,0.9782506163471774
2-DEOXYGLUCOSE,-0.041174479220755,0.7238704573907373,0.9782506163471774
RO-61-8048,-0.035342839266158,0.7179633437775998,0.9782506163471774
CEFORANIDE,-0.0312934747282895,0.726690674333039,0.9782506163471774
SB-452533,-0.027328946274719053,0.7303395184585448,0.9782506163471774
PTEROSTILBENE,-0.02718835623905,0.7180863532467214,0.9782506163471774
CGS-15943,-0.02617656036749999,0.7174210597147551,0.9782506163471774
MANITIMUS,-0.0240686584824518,0.731883480580516,0.9782506163471774
TIDEGLUSIB,-0.02229262036800006,0.7212346703393282,0.9782506163471774
CLOFIBRATE,-0.019057416618500023,0.7303395184585448,0.9782506163471774
XIPAMIDE,-0.018312873205000024,0.7303395184585448,0.9782506163471774
ML213,-0.014308431963025652,0.7303395184585448,0.9782506163471774
NILOTINIB,-0.012929408909499979,0.7318665951348309,0.9782506163471774
EDASALONEXENT,-0.01228663028100405,0.7174210597147551,0.9782506163471774
CL-225385,-0.009648885148700007,0.7299844183431057,0.9782506163471774
DIETHYLCARBAMAZINE,-0.005696828793999992,0.7223945566738934,0.9782506163471774
DENOPAMINE,-0.004877919485486902,0.731883480580516,0.9782506163471774
TIQUIZIUM,-0.004559832727500018,0.7174210597147551,0.9782506163471774
ATIZORAM,5.521341799999413e-06,0.726430395492244,0.9782506163471774
ONX-0914,0.0003740489699999294,0.7273149425290559,0.9782506163471774
URIC-ACID,0.0050550235850000125,0.7258334806002577,0.9782506163471774
TC-I-15,0.00798009431802102,0.7243108816415761,0.9782506163471774
3-DEAZAURIDINE,0.008301609320513194,0.7243108816415761,0.9782506163471774
AM-404,0.009513235705000012,0.7159917992659572,0.9782506163471774
FOSINOPRIL,0.011242448304499997,0.7306763280823906,0.9782506163471774
U-18666A,0.012443435311000006,0.72881681568564,0.9782506163471774
UKI-1,0.012489521787438701,0.731883480580516,0.9782506163471774
SC-51089,0.016098504164641897,0.7303395184585448,0.9782506163471774
EG00229,0.0163167830928094,0.7243108816415761,0.9782506163471774
BETAHISTINE,0.017222070555600003,0.72881681568564,0.9782506163471774
LORAZEPAM,0.01818829652999998,0.728126128172033,0.9782506163471774
ETONOGESTREL,0.018260209042500003,0.7303395184585448,0.9782506163471774
MK-8998,0.02113259915645599,0.7188702655139244,0.9782506163471774
EPINASTINE,0.023276770586,0.731883480580516,0.9782506163471774
PREGNENOLONE,0.025598319592500002,0.7243720224881436,0.9782506163471774
PF-5274857,0.0289059121278,0.7321828425650405,0.9782506163471774
RIOCIGUAT,0.02952163354749998,0.72088566922457,0.9782506163471774
TEMOPORFIN,0.031241553467500002,0.7209388410819992,0.9782506163471774
METAMIZOLE,0.03201242845305,0.7238704573907373,0.9782506163471774
NVP-BHG712,0.032180858748,0.7195029049440086,0.9782506163471774
METHYLDOPA,0.0466379112688,0.7203398313143277,0.9782506163471774
LTA,0.049034475476,0.7299844183431057,0.9782506163471774
EIPA,0.049569798988173486,0.7303395184585448,0.9782506163471774
KML29,0.04992446892749401,0.7243108816415761,0.9782506163471774
BMS-770767,0.05705215059551,0.7188702655139244,0.9782506163471774
NOBILETIN,0.05821096982499996,0.7174210597147551,0.9782506163471774
4-IODO-6-PHENYLPYRIMIDINE,0.07263475712999998,0.7303395184585448,0.9782506163471774
POSACONAZOLE,0.0804298427456,0.7303395184585448,0.9782506163471774
SAPROPTERIN,0.08102985185899997,0.7223945566738934,0.9782506163471774
A-803467,0.083889493527915,0.7238704573907373,0.9782506163471774
MIDAFOTEL,0.08641716842400005,0.7226713567260918,0.9782506163471774
SKF-38393,0.0872915384158,0.7223945566738934,0.9782506163471774
ZOLMITRIPTAN,0.08886014335675,0.7180863532467214,0.9782506163471774
5-HYDROXYECTOINE,0.09750415592532052,0.7179633437775998,0.9782506163471774
CAMKII-IN-1,0.0987130528315723,0.7156583803126197,0.9782506163471774
LAMOTRIGINE,0.10163418059149999,0.7258334806002577,0.9782506163471774
AZASETRON,0.10646544351445,0.7238704573907373,0.9782506163471774
LINIFANIB,0.117753423629,0.7223945566738934,0.9782506163471774
IMEGLIMIN,0.12498745077110901,0.7179633437775998,0.9782506163471774
TAPRENEPAG,0.13291638942425,0.7197080216117071,0.9782506163471774
EPTIFIBATIDE,0.1379518115337,0.7159917992659572,0.9782506163471774
RUXOLITINIB,0.141919709046,0.7174210597147551,0.9782506163471774
BNTX,0.15085876858000002,0.72881681568564,0.9782506163471774
Y-39983,0.1576174355911,0.7258334806002577,0.9782506163471774
CRIZOTINIB-(S),0.16392745062126998,0.7280083947012009,0.9782506163471774
OXIPEROMIDE,0.1647400616675,0.7238704573907373,0.9782506163471774
ORG-9768,0.18861072669509998,0.7268844923282973,0.9782506163471774
CYANOCOBALAMIN,0.1957835867804,0.7243720224881436,0.9782506163471774
TAPINAROF,0.2077000210531068,0.731883480580516,0.9782506163471774
R547,0.20834725072000015,0.7268844923282973,0.9782506163471774
FLUPENTIXOL,0.22919433576105,0.7273149425290559,0.9782506163471774
DEBIO-0932,0.24193055682099995,0.7238704573907373,0.9782506163471774
PCI-24781,0.2685079681400002,0.728126128172033,0.9782506163471774
AP26113,0.37886530927699996,0.7258334806002577,0.9782506163471774
A-674563,0.5095981064649999,0.7273149425290559,0.9782506163471774
CLADRIBINE,0.7115861676300002,0.7321828425650405,0.9782506163471774
TOLTERODINE,-0.14448999061829998,0.7334491435098661,0.978846347500357
SULOCTIDIL,-0.09937992760465,0.7337099811624895,0.978846347500357
LIMKI-3,-0.0716400482869736,0.7329987453937583,0.978846347500357
"1-((Z)-3-CHLOROALLYL)-1,3,5,7-TETRAAZAADAMANTAN-1-IUM",0.011906947396449999,0.7334491435098661,0.978846347500357
ELAGOLIX,0.08336979053649995,0.7331739027897839,0.978846347500357
PROPOXUR,0.11172205439149996,0.7334491435098661,0.978846347500357
FOSTAMATINIB,0.333410733516,0.7337099811624895,0.978846347500357
PD-128907,0.0495432232326,0.7348034321063088,0.9798925398269526
MEPARFYLON,0.085638065691,0.7348034321063088,0.9798925398269526
INCB-057643,-0.1969278931882601,0.7384193962440444,0.9801455708700936
CARBOXYLOSARTAN,-0.1825409675294748,0.7354536181171747,0.9801455708700936
NTRC-824,-0.17095241801282313,0.736827821097497,0.9801455708700936
NUVENZEPINE,-0.1441582537438324,0.7384193962440444,0.9801455708700936
GALLOPAMIL,-0.14281498136169998,0.7369988796026373,0.9801455708700936
PIPERIDOLATE,-0.13345541035985,0.7369988796026373,0.9801455708700936
DIHYDROTESTOSTERONE,-0.12213473632875,0.7366473986473752,0.9801455708700936
BMS-986195,-0.0751675176709237,0.7384193962440444,0.9801455708700936
CLOFAZIMINE,-0.048185636798999995,0.7385505919054279,0.9801455708700936
EDO-S101,-0.03456147486012007,0.7384193962440444,0.9801455708700936
OXYMETAZOLINE,-0.008305199916399997,0.7385505919054279,0.9801455708700936
THIOCTIC-ACID,-0.007071149823999978,0.7385505919054279,0.9801455708700936
ALINIDINE,-0.0005772861402776053,0.7384193962440444,0.9801455708700936
CHLOROXINE,0.0005006578820000024,0.7385505919054279,0.9801455708700936
ALMOTRIPTAN,0.007293933210500009,0.736827821097497,0.9801455708700936
NAN-190,0.008595568589000013,0.7369988796026373,0.9801455708700936
SCH-202676,0.031030963874541462,0.736827821097497,0.9801455708700936
2-CMDO,0.03704655010049995,0.736827821097497,0.9801455708700936
DIGOXIN,0.25475020800000037,0.7369988796026373,0.9801455708700936
ROMIDEPSIN,0.2551291526749999,0.7369988796026373,0.9801455708700936
SIMUROSERTIB,0.38530250628224993,0.7384193962440444,0.9801455708700936
ELACESTRANT,0.5513131352249392,0.7384193962440444,0.9801455708700936
BW-348U87,0.6107251377046199,0.7384193962440444,0.9801455708700936
GLPG1837,-0.4112098608205035,0.743334939370748,0.9805455944712719
LYLAMINE,-0.40470543651733704,0.743334939370748,0.9805455944712719
INDISULAM,-0.25101035301695,0.7433302386590266,0.9805455944712719
E7449,-0.23557740174200004,0.7400333438911793,0.9805455944712719
DEHYDROEPIANDROSTERONE-SULFATE,-0.20946436872745,0.7399380655246904,0.9805455944712719
CLOPROSTENOL-(+/-),-0.1483385564225,0.743334939370748,0.9805455944712719
CGP-74514,-0.128786829134919,0.7417209496340176,0.9805455944712719
SUCROSE-OCTAACETATE,-0.12407760386726999,0.7400333438911793,0.9805455944712719
TRANYLCYPROMINE,-0.07608979444399999,0.743334939370748,0.9805455944712719
"4-ACETYL-1,1-DIMETHYLPIPERAZINIUM",-0.07334577299813999,0.7433392829162049,0.9805455944712719
BALICATIB,-0.07245815820270002,0.7426794811590912,0.9805455944712719
GOSERELIN-ACETATE,-0.03416060990999997,0.7433392829162049,0.9805455944712719
TAFAMIDIS-MEGLUMINE,-0.020832177123419997,0.7433392829162049,0.9805455944712719
ARSANILIC-ACID,-0.007367949889999975,0.7401235493013562,0.9805455944712719
TGX-221,0.005753512746600006,0.743334939370748,0.9805455944712719
N-ACETYLMANNOSAMINE,0.0194573724805,0.743334939370748,0.9805455944712719
H2L-5765834,0.029778085017055006,0.7417209496340176,0.9805455944712719
PNU-282987,0.0414396772745,0.743334939370748,0.9805455944712719
PF-3274167,0.062590990555065,0.7433302386590266,0.9805455944712719
IRBESARTAN,0.06780001415499998,0.7401235493013562,0.9805455944712719
LEVOCETIRIZINE,0.07013105896649996,0.7433392829162049,0.9805455944712719
GSK-LSD-1,0.09405006298052201,0.743334939370748,0.9805455944712719
ACECLIDINE,0.1078133968669,0.7417181838882476,0.9805455944712719
PF-04136309,0.11408226678700006,0.7433392829162049,0.9805455944712719
CLOMIPRAMINE,0.139280977136,0.7433392829162049,0.9805455944712719
AZD3264,0.14342118325414577,0.743334939370748,0.9805455944712719
BETAXOLOL,0.15621815140599998,0.7417181838882476,0.9805455944712719
TOPIRAMATE,0.20459662397599998,0.7417181838882476,0.9805455944712719
PIRINIXIC-ACID,0.22150202837750002,0.743334939370748,0.9805455944712719
FLUVASTATIN,-0.770866270435,0.764681537031685,0.9812127124172392
BEBT-908,-0.6567119846817944,0.7564038989909135,0.9812127124172392
OMBRABULIN,-0.5975900026091856,0.7629648686367871,0.9812127124172392
G-749,-0.38466874634025006,0.7449742714462166,0.9812127124172392
AZD8931,-0.31524730684979996,0.7641973534934093,0.9812127124172392
BIIB021,-0.2858998430399997,0.761206052713219,0.9812127124172392
PRAMIPEXOLE,-0.2850839522776,0.761206052713219,0.9812127124172392
KM-0118,-0.224437556156014,0.7449742714462166,0.9812127124172392
ML786,-0.2019838266000351,0.7564038989909135,0.9812127124172392
GR-113808,-0.182602248668,0.7581391381025601,0.9812127124172392
MITOXANTRONE,-0.18208544077499988,0.7629648686367871,0.9812127124172392
ZIRITAXESTAT,-0.14995722477038098,0.7629648686367871,0.9812127124172392
MCPP,-0.14742531040060003,0.7629648686367871,0.9812127124172392
SELETALISIB,-0.139488206513598,0.7647482383823172,0.9812127124172392
EPIANDROSTERONE,-0.13468455363549997,0.764681537031685,0.9812127124172392
OXOTREMORINE-M,-0.1317967668085,0.7498604433082094,0.9812127124172392
1-AZAKENPAULLONE,-0.12836516741862,0.7481964557720644,0.9812127124172392
GUANABEN-ACETATE,-0.12645632840600002,0.7484554846741975,0.9812127124172392
BROXYQUINOLINE,-0.12538624656500003,0.7621868569150076,0.9812127124172392
GRISEOFULVIN,-0.1229562157215,0.7629648686367871,0.9812127124172392
LUPANINE,-0.12224457850999998,0.7641973534934093,0.9812127124172392
ISEPAMICIN,-0.1156336033316,0.756753630420512,0.9812127124172392
SDZ-220-581,-0.1150508743852,0.7647482383823172,0.9812127124172392
EBROTIDINE,-0.11348918459833592,0.753082135935896,0.9812127124172392
AMINOTHIAZOLE,-0.10510764472199996,0.7530046241219921,0.9812127124172392
GP2A,-0.09953451706684999,0.7629648686367871,0.9812127124172392
CINNARAZINE,-0.09272795680800006,0.7481964557720644,0.9812127124172392
METARAMINOL,-0.08798104942000018,0.7594712964286763,0.9812127124172392
FORODESINE,-0.08569112663758499,0.756753630420512,0.9812127124172392
ALOE-EMODIN,-0.08079009698,0.7513396381330506,0.9812127124172392
IOPANIC-ACID,-0.0799599504773,0.7631115382292328,0.9812127124172392
NAFTOPIDIL,-0.07784232891109999,0.7564038989909135,0.9812127124172392
BIO-1211,-0.07363123221053841,0.753082135935896,0.9812127124172392
BENDAMUSTINE,-0.07096491731010002,0.7641973534934093,0.9812127124172392
DEFERIPRONE,-0.06816430500500002,0.7629648686367871,0.9812127124172392
SNX-2112,-0.06703443053000013,0.7513396381330506,0.9812127124172392
BAY-11-7085,-0.06363758561999999,0.7564038989909135,0.9812127124172392
ALPHA-METHYLHISTAMINE-DIHYDROBROMIDE-(S)-(+),-0.0586459800515,0.7496971402574264,0.9812127124172392
NORETHINDRONE-ACETATE,-0.05607042933000006,0.7499911732900887,0.9812127124172392
S-3304,-0.05533611726715501,0.7449742714462166,0.9812127124172392
FUDOSTEINE,-0.05413152938999999,0.7624636082410254,0.9812127124172392
LIRAGLUTIDE,-0.050630549280539505,0.753082135935896,0.9812127124172392
APCK-110,-0.04741910173475619,0.7504764591858648,0.9812127124172392
CHLORALOSE,-0.047209543971499957,0.7594712964286763,0.9812127124172392
VU-0422288,-0.044199952694458505,0.7592642259960849,0.9812127124172392
ALPELISIB,-0.043067752066345,0.7560720503017462,0.9812127124172392
ALPROSTADIL,-0.038970774035500005,0.7465552353991141,0.9812127124172392
BIFEMELANE,-0.034549177027,0.7624636082410254,0.9812127124172392
CEFETAMET-PIVOXIL,-0.0313072924434,0.7498604433082094,0.9812127124172392
TALIPEXOLE,-0.027645254124499974,0.7530046241219921,0.9812127124172392
VUF10460,-0.027372125623687016,0.7592642259960849,0.9812127124172392
NITROMIDE,-0.026633981372999993,0.7499911732900887,0.9812127124172392
DYDROGESTERONE,-0.025062393389500004,0.7594712964286763,0.9812127124172392
AFN-1252,-0.022430974908500018,0.7603496352653637,0.9812127124172392
FENOFIBRIC-ACID,-0.02039802652774,0.7594712964286763,0.9812127124172392
VE-822,-0.019592993851999974,0.7500324726305179,0.9812127124172392
MK-1903,-0.01704127937015501,0.7498604433082094,0.9812127124172392
NIDA-41020,-0.014784061560047804,0.7504764591858648,0.9812127124172392
LEVOBUNOLOL,-0.013967509031500014,0.7498604433082094,0.9812127124172392
FOLIC-ACID,-0.01371175899055,0.7577601185341277,0.9812127124172392
METHIOPRIL,-0.010332228925449993,0.7564038989909135,0.9812127124172392
TODRALAZINE,-0.009836416366000023,0.7481964557720644,0.9812127124172392
TRV130,-0.009640939078899999,0.756753630420512,0.9812127124172392
CCT128930,-0.008244062697599995,0.7465552353991141,0.9812127124172392
RIVANICLINE,-0.005455783313000007,0.7465552353991141,0.9812127124172392
CEFOZOPRAN,0.0008573483890000066,0.7466366482058507,0.9812127124172392
PIPECURONIUM,0.00204467580986,0.756753630420512,0.9812127124172392
PIROXIMONE,0.0043190673344000036,0.756753630420512,0.9812127124172392
AZD2858,0.006195911964999912,0.7465552353991141,0.9812127124172392
IOCETAMIC-ACID,0.007509984873599995,0.7624636082410254,0.9812127124172392
CENTANAFADINE,0.009737240941448299,0.7581391381025601,0.9812127124172392
ALLOPURINOL-RIBOSIDE,0.010320772843250002,0.7564038989909135,0.9812127124172392
BF2.649,0.010726259855000003,0.7564038989909135,0.9812127124172392
LINTOPRIDE,0.011427933446453986,0.7449742714462166,0.9812127124172392
AS-252424,0.011432206966930536,0.7498604433082094,0.9812127124172392
AZD5991,0.017077551842376026,0.7647482383823172,0.9812127124172392
ZOTEPINE,0.018069863983,0.7560720503017462,0.9812127124172392
DEHYDROCHOLATE,0.018092751718499944,0.7594712964286763,0.9812127124172392
NALTRINDOLE,0.020348017851199995,0.7629648686367871,0.9812127124172392
HYDROXYAMPHETAMINE,0.02219347770915,0.7560720503017462,0.9812127124172392
AMG-510,0.026027098422493983,0.7515476666041966,0.9812127124172392
CP-339818,0.026233820317,0.7564038989909135,0.9812127124172392
ITOPRIDE,0.0265390885658,0.7641973534934093,0.9812127124172392
SB-657510,0.02932250749365,0.7564038989909135,0.9812127124172392
SODIUM-NITROPRUSSIDE,0.029788429790165993,0.7629648686367871,0.9812127124172392
MEBEVERINE,0.03346345257654999,0.7499911732900887,0.9812127124172392
CLOPIDOL,0.0365483764025,0.7465552353991141,0.9812127124172392
TEMEFOS,0.04406935638145548,0.7564038989909135,0.9812127124172392
YODA-1,0.044444595300019096,0.7504764591858648,0.9812127124172392
ICRT-14,0.04537420462260952,0.7498604433082094,0.9812127124172392
FARNESYL-THIOSALICYLIC-ACID-AMIDE,0.0471553942299612,0.753082135935896,0.9812127124172392
NEVIRAPINE,0.0485454158392,0.7449363259037294,0.9812127124172392
SEW-2871,0.04930656169,0.7481964557720644,0.9812127124172392
CINCHOCAINE,0.053809381771,0.7624636082410254,0.9812127124172392
TELCAGEPANT,0.05421985104999999,0.761206052713219,0.9812127124172392
DARUNAVIR,0.0547944674095,0.7466366482058507,0.9812127124172392
SEP-227900,0.061207985299499945,0.7598987666147468,0.9812127124172392
HSR6071,0.065844496583577,0.7581391381025601,0.9812127124172392
SACLOFEN,0.06699282411900001,0.7577601185341277,0.9812127124172392
HYDROXYSAFFLOR-YELLOW-A,0.0700760825114033,0.7647482383823172,0.9812127124172392
CLINAFLOXACIN,0.0729972147457,0.7513396381330506,0.9812127124172392
DEXTROMETHORPHAN,0.07397743916749996,0.7629648686367871,0.9812127124172392
GTS21,0.077645681489,0.7546925548068137,0.9812127124172392
SDZ-205-557,0.087153404007,0.7629648686367871,0.9812127124172392
TENOFOVIR-ALAFENAMIDE,0.08945254819445403,0.7564038989909135,0.9812127124172392
SRPIN340,0.0896701527202,0.7530046241219921,0.9812127124172392
BFH772,0.09686682944096298,0.7647482383823172,0.9812127124172392
ERYTHRITOL,0.0971853727658,0.7484554846741975,0.9812127124172392
THIORIDAZINE,0.09985236286280001,0.7449363259037294,0.9812127124172392
COLFORSIN-DAPROATE,0.10153829670116,0.7530046241219921,0.9812127124172392
PICROTOXININ,0.10777843504300003,0.7564038989909135,0.9812127124172392
TIRATRICOL,0.10810066068000002,0.7532586069783188,0.9812127124172392
ALAGEBRIUM,0.10966282570915001,0.7530046241219921,0.9812127124172392
ARC-239,0.11042269160483001,0.761206052713219,0.9812127124172392
PRALIDOXIME-CHLORIDE,0.11703872473135,0.763493237591918,0.9812127124172392
HOMOHARRINGTONINE,0.1187877585649999,0.7624636082410254,0.9812127124172392
BEVENOPRAN,0.1264874714718745,0.7581391381025601,0.9812127124172392
SCOPINE,0.13300891111809998,0.7532586069783188,0.9812127124172392
GEPOTIDACIN,0.1371652569452631,0.7515476666041966,0.9812127124172392
DESIDUSTAT,0.1406639898420769,0.7449742714462166,0.9812127124172392
TALAROZOLE,0.144270503072,0.7629648686367871,0.9812127124172392
JW-642,0.146274352437487,0.7629648686367871,0.9812127124172392
PRONETHALOL,0.151062077475482,0.7629648686367871,0.9812127124172392
ICA-069673,0.15428243880749665,0.7498604433082094,0.9812127124172392
NOREPINEPHRINE,0.16210201200000007,0.7484554846741975,0.9812127124172392
ER-27319,0.16525449392999958,0.7532586069783188,0.9812127124172392
SULFASALAZINE,0.17050046751550002,0.7573253974070782,0.9812127124172392
CLOMIFENE,0.18466312198025,0.7564038989909135,0.9812127124172392
PHA-848125,0.18669654693000015,0.7577601185341277,0.9812127124172392
DOMPERIDONE,0.21096836101260003,0.7465552353991141,0.9812127124172392
PLX-4720,0.26073016846749997,0.7629648686367871,0.9812127124172392
AVN-944,0.26590492856545,0.7629648686367871,0.9812127124172392
HYMECROMONE,0.30406499112159996,0.7564038989909135,0.9812127124172392
IACS-10759,0.32254244978382796,0.7515476666041966,0.9812127124172392
AZ3146,0.541138835394,0.7577601185341277,0.9812127124172392
SNX-5422,-0.21303755646000022,0.7659548296512902,0.9823630349120069
HOMOCHLORCYCLIZINE,-0.1700609790667,0.7659548296512902,0.9823630349120069
HALOFUGINONE,-0.03375344007999992,0.7665566694954379,0.9825383524661387
NEDAPLATIN,0.021382134609649994,0.7665566694954379,0.9825383524661387
ETHYLENEDIAMINETETRAACETIC-ACID,0.06253348573938,0.7665566694954379,0.9825383524661387
GLYCEROL-MONOLAURATE,-0.12099078155420001,0.7671915456216898,0.983153250678392
ANIRACETAM,-0.0993642460286,0.7677365175115651,0.9832551154953089
PROCYANIDIN-B-2,-0.053208434667859995,0.7677365175115651,0.9832551154953089
SKF-96365,0.261762908556,0.7677365175115651,0.9832551154953089
SB-399885,0.08225227192740797,0.7680831895076436,0.9835003378278314
GW-405833,-0.12728935794500001,0.7695429106878129,0.9837791860053803
COT-INHIBITOR-1,-0.077659528556687,0.7695429106878129,0.9837791860053803
CERULENIN,-0.06355567039749999,0.7695429106878129,0.9837791860053803
RISEDRONATE,0.045856865523301205,0.7695429106878129,0.9837791860053803
PIPOFEZINE,0.04971311592397901,0.7695429106878129,0.9837791860053803
ALFAXALONE,0.05786616889349999,0.7688714058600352,0.9837791860053803
CAPECITABINE,0.14983704044100002,0.7690810263335052,0.9837791860053803
TIRAPAZAMINE,0.16575485211950003,0.7688714058600352,0.9837791860053803
IT1T,-0.396889018033292,0.7713745160313685,0.9839372600826856
RG7834,-0.3844002060825198,0.7713745160313685,0.9839372600826856
CM-4620,-0.1942514928599645,0.7713745160313685,0.9839372600826856
PT-2385,-0.12620084367919598,0.770840345264592,0.9839372600826856
EPRODISATE,-0.0020021985548999977,0.7702508155115533,0.9839372600826856
PREGNANOLONE,0.0010078316610137028,0.770840345264592,0.9839372600826856
TIPLAXTININ,0.07528025028600735,0.770840345264592,0.9839372600826856
VELARESOL,0.075817320058263,0.7713745160313685,0.9839372600826856
AGI-5198,0.109442327115,0.7706509259223664,0.9839372600826856
ST-2825,0.12117676511276171,0.770840345264592,0.9839372600826856
NEMOREXANT,0.1255458866508104,0.7713745160313685,0.9839372600826856
TROVAFLOXACIN,-0.07350297152050006,0.7720589697507347,0.9846121334897174
PREDNISOLONE-HEMISUCCINATE,-0.057423369992699994,0.7724547975776432,0.9847205898711577
L-655240,-0.006505899231000006,0.7724547975776432,0.9847205898711577
GSK256066,-0.04243020073249992,0.7732318540687337,0.9855129242223584
GINSENOSIDE-RE3,-0.0549432690502,0.7740516516819725,0.9861611010672818
DROTAVERINE,-0.014942995551499999,0.7740516516819725,0.9861611010672818
PACRITINIB,-0.481465788008,0.7742835136070132,0.9862582162266619
ISX-9,-0.27002635801037295,0.7761375798985446,0.9864660323487957
TOMEGLOVIR,-0.2374077723838283,0.7846767790759339,0.9864660323487957
BROMOSPORINE,-0.2321822050181,0.7789707705347187,0.9864660323487957
SD-208,-0.18593278124899998,0.7761375798985446,0.9864660323487957
GSK269962,-0.18211762141570104,0.785810404181272,0.9864660323487957
EPALRESTAT,-0.17720781657555001,0.7838179486914064,0.9864660323487957
VALRUBICIN,-0.17689415102500017,0.7761375798985446,0.9864660323487957
SORBIC-ACID,-0.1738596626478,0.7829237691419296,0.9864660323487957
CINALUKAST,-0.157611770108,0.7846767790759339,0.9864660323487957
TRODUSQUEMINE,-0.12298381118194013,0.778017515876364,0.9864660323487957
TOPIROXOSTAT,-0.12145840414174999,0.7817340707079379,0.9864660323487957
DEOXYCORTICOSTERONE-ACETATE,-0.11929255345029999,0.7759935027091912,0.9864660323487957
SALIDROSIDE,-0.11682812247649998,0.7827484274259504,0.9864660323487957
NAPHTHOQUINE-PHOSPHATE,-0.11130778700669999,0.7809294482731778,0.9864660323487957
VASOPRESSIN,-0.1062078835062,0.7809294482731778,0.9864660323487957
INDACATEROL,-0.1049590502869,0.7808466018761986,0.9864660323487957
METHAPYRILENE,-0.07932895094300002,0.7789707705347187,0.9864660323487957
RKI-1447,-0.07146208081335,0.7855023154733778,0.9864660323487957
YIL-781,-0.0684177353920655,0.7827484274259504,0.9864660323487957
BAY-41-2272,-0.06798280409177593,0.785810404181272,0.9864660323487957
PARITAPREVIR,-0.0592563764208,0.7838179486914064,0.9864660323487957
AT7867,-0.057583814353,0.7808466018761986,0.9864660323487957
BAMAQUIMAST,-0.046055090575619004,0.7846767790759339,0.9864660323487957
BNC105,-0.04159073627700005,0.7838179486914064,0.9864660323487957
FOSBRETABULIN,-0.029108627164999845,0.7761375798985446,0.9864660323487957
JNJ-54175446,-0.02881386909017385,0.7827484274259504,0.9864660323487957
SETMELANOTIDE,-0.027447959984123,0.7827484274259504,0.9864660323487957
AZD1480,-0.016604305358999982,0.7808466018761986,0.9864660323487957
LOMERIZINE,-0.015406671518000015,0.7808466018761986,0.9864660323487957
A-967079,-0.0027441330791015406,0.7797653555622553,0.9864660323487957
XALIPRODEN,0.0007056564970000512,0.7808466018761986,0.9864660323487957
DEXTRAN,0.013784138385659998,0.7809294482731778,0.9864660323487957
NEPAFENAC,0.018236384809,0.7808466018761986,0.9864660323487957
F351,0.02220076819599999,0.7770258814513986,0.9864660323487957
PD1-PDL-INHIBITOR-1,0.0231974894792195,0.785810404181272,0.9864660323487957
APR-246,0.0237139373977705,0.785810404181272,0.9864660323487957
KAF-156,0.0247285811710844,0.7846767790759339,0.9864660323487957
PR-619,0.02556645661908,0.7752950316141098,0.9864660323487957
ECABET,0.026172240447499995,0.7855023154733778,0.9864660323487957
BECLAMIDE,0.026228799803710002,0.7855023154733778,0.9864660323487957
DIHYDROXYPHENYLGLYCINE,0.03002599299706875,0.7827484274259504,0.9864660323487957
APYRAMIDE,0.0309775510814749,0.7846767790759339,0.9864660323487957
ISOFLURANE,0.031483699924800004,0.7849472597860738,0.9864660323487957
STEPRONIN,0.03898619077200002,0.778017515876364,0.9864660323487957
PYRETHRINS,0.04545687880096905,0.7827484274259504,0.9864660323487957
HYDROCHLOROTHIAZIDE,0.04993721135399992,0.7827484274259504,0.9864660323487957
OSPEMIFENE,0.0500899246436,0.7809294482731778,0.9864660323487957
2-(1-ADAMANTYLAMINO)BENZOIC-ACID,0.050981951378651996,0.785810404181272,0.9864660323487957
CYCLIZINE,0.05650330244775001,0.7827484274259504,0.9864660323487957
CDK9-IN-6,0.06743856641100249,0.7797653555622553,0.9864660323487957
BMS-906024,0.070184846979472,0.778017515876364,0.9864660323487957
ZM-323881,0.08437371811450001,0.7752950316141098,0.9864660323487957
ISO-1,0.08461464524259646,0.7761375798985446,0.9864660323487957
URMC-099,0.08897009297714453,0.7827484274259504,0.9864660323487957
TETRAHYDROZOLINE,0.09128948909699997,0.7789707705347187,0.9864660323487957
METHYCLOTHIAZIDE,0.09382734356550002,0.7752950316141098,0.9864660323487957
CAMICINAL,0.105141681539,0.7817340707079379,0.9864660323487957
AMIKACIN,0.10676933461089999,0.7846767790759339,0.9864660323487957
CASPOFUNGIN,0.10808861678101395,0.7827484274259504,0.9864660323487957
BASIMGLURANT,0.10845727163669999,0.7808466018761986,0.9864660323487957
ROXITHROMYCIN,0.11734945354456498,0.7817340707079379,0.9864660323487957
L-THEANINE,0.119098790339,0.7761375798985446,0.9864660323487957
GSK2801,0.1279540481569746,0.7769322770406675,0.9864660323487957
CFM-1571,0.14293915312904998,0.7789707705347187,0.9864660323487957
RTA-408,0.15912165587499993,0.7809294482731778,0.9864660323487957
CILENGITIDE,0.163051936438,0.7771204153380016,0.9864660323487957
BX-795,0.16705369522064006,0.7827484274259504,0.9864660323487957
CCMI,0.1737517890325,0.7827484274259504,0.9864660323487957
CRYSTAL-VIOLET,0.1827185722200002,0.7855023154733778,0.9864660323487957
CGP-60474,0.18622958857264038,0.7769322770406675,0.9864660323487957
MYRICITRIN,0.2058708071293,0.7827484274259504,0.9864660323487957
NVP-TAE684,0.27853125069499995,0.7827484274259504,0.9864660323487957
ATUVECICLIB,0.6527382748544799,0.778017515876364,0.9864660323487957
SGI-1027,-0.7954426842400001,0.8006279774181,0.9869368859008348
CC-90003,-0.5903167552782498,0.7980422424019565,0.9869368859008348
DIGOXIGENIN,-0.4061899525600001,0.7893750009205535,0.9869368859008348
TENOVIN-6,-0.3645315560934,0.8011394730006945,0.9869368859008348
PACLITAXEL,-0.3578861926550001,0.7960168446188369,0.9869368859008348
IBRUTINIB,-0.3012337685705,0.7960168446188369,0.9869368859008348
CYC065,-0.29105751828508986,0.8047475073632226,0.9869368859008348
CGP-37157,-0.283088018087,0.7940192813280346,0.9869368859008348
AMG900,-0.23618054414500023,0.7920489960542487,0.9869368859008348
ALECTINIB,-0.21210636906400004,0.8017689844483609,0.9869368859008348
I-BET-762,-0.19864229363800004,0.8017689844483609,0.9869368859008348
METOCLOPRAMIDE,-0.16694438877259998,0.8011394730006945,0.9869368859008348
L-778123,-0.15564244929605453,0.7977016239616731,0.9869368859008348
JNJ-10397049,-0.1322924870248921,0.7960168446188369,0.9869368859008348
FENTHION,-0.1209348207606,0.7933564254604937,0.9869368859008348
ANAMORELIN,-0.11412481040995,0.802673499436886,0.9869368859008348
RITONAVIR,-0.10696284895750002,0.7881881051754657,0.9869368859008348
BRIMONIDINE,-0.10593552639589998,0.7960168446188369,0.9869368859008348
KW-2449,-0.10176297282800001,0.7881881051754657,0.9869368859008348
ZD-7288,-0.09526132546,0.7901054467162321,0.9869368859008348
FMOC-L-LEUCINE,-0.090318726586,0.7878244260684458,0.9869368859008348
NORGESTREL,-0.08791111353800002,0.7960168446188369,0.9869368859008348
PRIDINOL,-0.0841545114594,0.7986103727347759,0.9869368859008348
APOCYNIN,-0.081982003497,0.7940192813280346,0.9869368859008348
THIAMET-G,-0.07950428746399998,0.8006279774181,0.9869368859008348
MM-206,-0.07663697124233204,0.8047475073632226,0.9869368859008348
REFAMETINIB,-0.07520577272790001,0.8000960460152109,0.9869368859008348
CGS-21680,-0.07075468893600001,0.803149019007277,0.9869368859008348
CEFPROZIL,-0.0696179406659275,0.7977016239616731,0.9869368859008348
LEFLUNOMIDE,-0.0696055294025,0.8000960460152109,0.9869368859008348
ATROPINE-OXIDE,-0.0677577264483612,0.802673499436886,0.9869368859008348
HYDROXYFASUDIL,-0.06249495267999999,0.802673499436886,0.9869368859008348
CNQX,-0.057719606888499975,0.7960168446188369,0.9869368859008348
SULFACETAMIDE,-0.05492880723700001,0.7881881051754657,0.9869368859008348
CAPTAMINE,-0.05340129317099995,0.7968355835092399,0.9869368859008348
NKP-1339,-0.05246017172441,0.7901054467162321,0.9869368859008348
GALETERONE,-0.051923001445649986,0.7943127166337227,0.9869368859008348
2-IMINOBIOTIN,-0.047710851075650006,0.8017689844483609,0.9869368859008348
CC4,-0.0421953797024109,0.802673499436886,0.9869368859008348
GANAXOLONE,-0.03926400274899999,0.8011394730006945,0.9869368859008348
IPAG,-0.036835454975550005,0.8011394730006945,0.9869368859008348
"3,5-DHPG-(S)",-0.0366690623012383,0.802673499436886,0.9869368859008348
MOXIDECTIN,-0.033205304734800004,0.7940192813280346,0.9869368859008348
TORIN-1,-0.032727714510000006,0.8011394730006945,0.9869368859008348
IEM1460,-0.031589974055,0.8006279774181,0.9869368859008348
SDM25N,-0.02988030810600001,0.7960168446188369,0.9869368859008348
BRD4770,-0.028993182217849994,0.7878244260684458,0.9869368859008348
TIZANIDINE,-0.025064208005000005,0.7874253397550832,0.9869368859008348
RESVERATROL,-0.02498577899885,0.804291233332681,0.9869368859008348
ETOSALAMIDE,-0.024035336212500008,0.7986103727347759,0.9869368859008348
KAKONEIN,-0.023724517094600002,0.7940192813280346,0.9869368859008348
DAUNORUBICIN,-0.023270634070000185,0.7898713044944297,0.9869368859008348
EMAMECTIN,-0.01990096763426097,0.8047475073632226,0.9869368859008348
ML161,-0.017867123372000027,0.7881881051754657,0.9869368859008348
CHLORINDIONE,-0.015245168099925002,0.8051860028573956,0.9869368859008348
CYCLANDELATE,-0.014687111559749999,0.7920489960542487,0.9869368859008348
A66,-0.013915610280400004,0.8051860028573956,0.9869368859008348
L-741742,-0.009771804822600004,0.8006279774181,0.9869368859008348
BROMANTAN,-0.008280808261805,0.7947360716996732,0.9869368859008348
S-METHYLCYSTEINE,-0.004103718214199999,0.8006279774181,0.9869368859008348
CARAZOLOL,-0.00307493362657,0.7906265266238263,0.9869368859008348
API-001,-0.0027630559340000027,0.7893750009205535,0.9869368859008348
AS-1949490,0.0012811410054799997,0.802673499436886,0.9869368859008348
FLURBIPROFEN-(+/-),0.004626143026000007,0.7866322030002177,0.9869368859008348
ACETYLSALICYLSALICYLIC-ACID,0.005640284861599995,0.803149019007277,0.9869368859008348
DIDANOSINE,0.006833132301000022,0.7898713044944297,0.9869368859008348
ML-348,0.009454654004282997,0.8036493833456633,0.9869368859008348
CLIDINIUM,0.010011209155000006,0.8051860028573956,0.9869368859008348
MIBAMPATOR,0.010452512498,0.7933564254604937,0.9869368859008348
LEVAMLODIPINE,0.015368144905888004,0.8047475073632226,0.9869368859008348
CARVEDILOL,0.016472853604500015,0.7868751960894227,0.9869368859008348
TENATOPRAZOLE,0.01729105611999998,0.8051860028573956,0.9869368859008348
NADIDE,0.0215465721676,0.7868751960894227,0.9869368859008348
NIZATIDINE,0.021684719229499994,0.8051860028573956,0.9869368859008348
CP-775146,0.022266470023514007,0.8036493833456633,0.9869368859008348
UNC669,0.026488494218000008,0.7898713044944297,0.9869368859008348
ACETANILIDE,0.030200711446999998,0.7874253397550832,0.9869368859008348
DEXLOXIGLUMIDE,0.032988925826400006,0.7874253397550832,0.9869368859008348
ZANUBRUTINIB,0.03493098666296798,0.8047475073632226,0.9869368859008348
CEFPIRAMIDE,0.03717076921500001,0.800434476727913,0.9869368859008348
TETRAETHYLENEPENTAMINE,0.0378131301526,0.7968355835092399,0.9869368859008348
OLEANOLIC-ACID,0.042031088089000024,0.7893750009205535,0.9869368859008348
PSI-6130,0.0510237643081,0.8006279774181,0.9869368859008348
XL388,0.0533978695802,0.7946567139608871,0.9869368859008348
BIPENAMOL,0.058114623975100005,0.7974511208590138,0.9869368859008348
GLPG0187,0.0585565028889633,0.7913518432152602,0.9869368859008348
BENZBROMARONE,0.06543780607270001,0.8017689844483609,0.9869368859008348
BQ-788,0.06805195328256465,0.7960168446188369,0.9869368859008348
ADENOSINE-PHOSPHATE,0.06827702907319999,0.7986103727347759,0.9869368859008348
RO-9187,0.07150858173399993,0.8011394730006945,0.9869368859008348
8-M-PDOT,0.07245371197799999,0.7940192813280346,0.9869368859008348
UBP-302,0.0772325077902,0.7893750009205535,0.9869368859008348
MASITINIB,0.078377152821,0.803149019007277,0.9869368859008348
TRICHLORMETHIAZIDE,0.0840598323626,0.7986103727347759,0.9869368859008348
CI-966,0.08530856011499999,0.7940192813280346,0.9869368859008348
VX-222,0.0916795159915,0.7893750009205535,0.9869368859008348
NANDROLONE-DECANOATE,0.09182789176682998,0.7887194899032053,0.9869368859008348
LODENOSINE,0.09265848760018018,0.7913518432152602,0.9869368859008348
DELPAZOLID,0.09281893077600001,0.8047475073632226,0.9869368859008348
TRICLOCARBAN,0.1041280112213,0.8016638678716786,0.9869368859008348
TIE2-KINASE-INHIBITOR,0.10577714769839999,0.7940192813280346,0.9869368859008348
TP-0903,0.11215958418797012,0.7977016239616731,0.9869368859008348
ADATANSERIN,0.12603740878399997,0.803149019007277,0.9869368859008348
DSM265,0.1287018587997368,0.7980422424019565,0.9869368859008348
MAVATREP,0.12939846078684303,0.8047475073632226,0.9869368859008348
PAVINETANT,0.13397612942840098,0.7980422424019565,0.9869368859008348
CARDIONOGEN-1,0.13949436485535846,0.7960168446188369,0.9869368859008348
LY2334737,0.150880574589,0.7940192813280346,0.9869368859008348
TOLAZAMIDE,0.15192872741900001,0.7960168446188369,0.9869368859008348
BOCEPREVIR,0.1583175363002,0.803149019007277,0.9869368859008348
NILUTAMIDE,0.16343241923395002,0.8051860028573956,0.9869368859008348
MIVEBRESIB,0.16454890823009993,0.8047475073632226,0.9869368859008348
THIAMINE,0.17524234844499997,0.8011394730006945,0.9869368859008348
BRL-44408,0.1862464873152252,0.7893750009205535,0.9869368859008348
CHLORAZANIL,0.19747920650850004,0.7943127166337227,0.9869368859008348
CHLOROPYRAMINE,0.2122406427050001,0.8051860028573956,0.9869368859008348
FLUDARABINE-PHOSPHATE,0.2170991355314,0.7960168446188369,0.9869368859008348
ZOLANTIDINE,0.23612274260899999,0.8006279774181,0.9869368859008348
SP-100030,0.24112250310985642,0.7893750009205535,0.9869368859008348
SB-743921,0.26271471255,0.803149019007277,0.9869368859008348
HYGROMYCIN-B,0.2861923297792,0.7986103727347759,0.9869368859008348
ABEMACICLIB,0.301998154717,0.7940192813280346,0.9869368859008348
AV-412,-0.902174068306,0.8093445030652311,0.9874314005806831
AZD2461,-0.3152061193333,0.8077093515654936,0.9874314005806831
CBL0137,-0.29159719487890534,0.8093445030652311,0.9874314005806831
BAY1217389,-0.2911627557675751,0.8093445030652311,0.9874314005806831
RIFAPENTINE,-0.25401686855056016,0.8157453387131137,0.9874314005806831
RHODAMINE-123,-0.2351970719514485,0.8067106222830901,0.9874314005806831
FK-866,-0.2000160073199999,0.813887820684936,0.9874314005806831
WZ8040,-0.18957446998009997,0.8093445030652311,0.9874314005806831
TRABECTEDIN,-0.16644680881258012,0.8114671655442416,0.9874314005806831
VELIPARIB,-0.16304011222550002,0.8092433498507496,0.9874314005806831
VESNARINONE,-0.15194037637985,0.8111463624145523,0.9874314005806831
TBA-354,-0.13987193962606315,0.8157453387131137,0.9874314005806831
BEMEGRIDE,-0.12176353365840001,0.8072509756784466,0.9874314005806831
HYDROXYPROPYL-BETA-CYCLODEXTRIN,-0.1094668131112,0.8093445030652311,0.9874314005806831
MLN1117,-0.09470928624532349,0.8157453387131137,0.9874314005806831
CB-03-01,-0.08917930647200001,0.8096916730864531,0.9874314005806831
CLOXACILLIN,-0.08534633726599997,0.8117754407388157,0.9874314005806831
NAVARIXIN,-0.07870221148124999,0.8141457310504447,0.9874314005806831
SCH-51344,-0.07793100039569856,0.8093445030652311,0.9874314005806831
"CBS,-N-CYCLOHEXYL-2-BENZOTHIAZOLESULFENAMIDE",-0.072788071304,0.8136195590553605,0.9874314005806831
CROTAMITON,-0.06969873280225,0.8117754407388157,0.9874314005806831
HTMT,-0.060422636545099995,0.8141457310504447,0.9874314005806831
TRIGONELLINE,-0.05440034982649998,0.8160293900648632,0.9874314005806831
ALIZAPRIDE,-0.053441310111800006,0.813887820684936,0.9874314005806831
SORAFENIB,-0.049684182856000014,0.8160293900648632,0.9874314005806831
CANDESARTAN-CILEXETIL,-0.0476602951719,0.8160293900648632,0.9874314005806831
BRL-15572,-0.0378535433651,0.813887820684936,0.9874314005806831
2'-C-METHYLGUANOSINE,-0.033501827326988004,0.8126080114762398,0.9874314005806831
SIMEPREVIR,-0.030349251604300007,0.8160293900648632,0.9874314005806831
PFK-015,-0.0262690536800001,0.813887820684936,0.9874314005806831
XANOMELINE,-0.02183964403999994,0.813887820684936,0.9874314005806831
BETA-FUNALTREXAMINE,-0.018394507861,0.8072509756784466,0.9874314005806831
LISOFYLLINE,-0.007836638707999999,0.8072509756784466,0.9874314005806831
WIN-64338,-0.0074315232080000015,0.8072509756784466,0.9874314005806831
DIMERCAPTOSUCCINIC-ACID,0.0026544178012000152,0.8103767534973637,0.9874314005806831
PSB-06126,0.00319125370400003,0.8117754407388157,0.9874314005806831
IFOSFAMIDE,0.006879484455500018,0.8093445030652311,0.9874314005806831
EPRISTERIDE,0.013464719160163396,0.8114671655442416,0.9874314005806831
ATB-346,0.015699306182459988,0.8093445030652311,0.9874314005806831
PD-0325901,0.015840315022999985,0.8160293900648632,0.9874314005806831
CAFFEIC-ACID-PHENETHYL-ESTER,0.0245544163925,0.8093445030652311,0.9874314005806831
VALBENAZINE,0.033202347436897,0.8114671655442416,0.9874314005806831
JNJ-27141491,0.035624656006157995,0.8160293900648632,0.9874314005806831
IDH-305,0.0373333583036442,0.8114671655442416,0.9874314005806831
LY344864,0.045377950152799995,0.8160293900648632,0.9874314005806831
RO-04-5595,0.04864360497350001,0.8160293900648632,0.9874314005806831
PF-05190457,0.05223897084275,0.8111463624145523,0.9874314005806831
PIKETOPROFEN,0.0695608649185,0.8092433498507496,0.9874314005806831
FAGOMINE,0.07363504044739999,0.8086072934779098,0.9874314005806831
SEROTONIN,0.07387269094274998,0.8136195590553605,0.9874314005806831
RIMONABANT,0.07674271010349998,0.8093445030652311,0.9874314005806831
METOPROLOL,0.07856642290100002,0.813887820684936,0.9874314005806831
OMEPRAZOLE-SULFIDE,0.08711693966703,0.8160293900648632,0.9874314005806831
SULFAPYRIDINE,0.1032901515485,0.8117754407388157,0.9874314005806831
SOTALOL,0.1038706100781,0.8160293900648632,0.9874314005806831
T-5601640,0.1059155665093856,0.8126080114762398,0.9874314005806831
SB-772077B,0.107943294732834,0.8126080114762398,0.9874314005806831
SD-2590,0.11614046899207817,0.8160293900648632,0.9874314005806831
SYM-2206,0.1175878016729,0.8072509756784466,0.9874314005806831
METHSCOPOLAMINE,0.12605635256499997,0.8092433498507496,0.9874314005806831
FANETIZOLE,0.14167332134185,0.8111463624145523,0.9874314005806831
DASATINIB,0.16917575639000004,0.8160293900648632,0.9874314005806831
CHLORPROGUANIL,0.16953607467255,0.8086072934779098,0.9874314005806831
WALRYCIN-B,0.18291216652852005,0.8114671655442416,0.9874314005806831
PRIMIDONE,0.195642695685395,0.8093445030652311,0.9874314005806831
COROSOLIC-ACID,0.26988313783600004,0.8111463624145523,0.9874314005806831
IKK-2-INHIBITOR-V,0.2959162632500001,0.8160293900648632,0.9874314005806831
VLX600,-0.040607443599999904,0.8162476546237251,0.9875069468023188
MK-0812,-0.024117025254000002,0.8167351582026614,0.9875311386243589
PIPERAZINE,-0.015675961619500023,0.8167351582026614,0.9875311386243589
SULBACTAM,0.010673337552499995,0.8167351582026614,0.9875311386243589
OTS167,-0.42515651373499974,0.824243750081755,0.9879037440221099
GDC-0152,-0.35131594334500005,0.82281652172441,0.9879037440221099
VINBLASTINE,-0.23014563540150001,0.8180160030183858,0.9879037440221099
CREATINOL-PHOSPHATE,-0.21233829352899997,0.8178235706529865,0.9879037440221099
DSR-6434,-0.20880525895941393,0.8227276919643849,0.9879037440221099
PF-06459988,-0.1856259196187089,0.8227276919643849,0.9879037440221099
BAFILOMYCIN-A1,-0.18412935548089693,0.8249477555349806,0.9879037440221099
GUANCYDINE,-0.13537837239109263,0.8249477555349806,0.9879037440221099
TRIFLUPROMAZINE,-0.11235539623100002,0.8205380540298027,0.9879037440221099
ACTINOMYCIN-D,-0.10615694990048574,0.8248046168337547,0.9879037440221099
LOTAMILAST,-0.10045664284121,0.8182007412077832,0.9879037440221099
FLUTAMIDE,-0.09433535758455,0.8227276919643849,0.9879037440221099
SODIUM-DODECYL-SULFATE,-0.08732274194635575,0.8227276919643849,0.9879037440221099
TIFENAZOXIDE,-0.08291561080971169,0.8248046168337547,0.9879037440221099
NAFAMOSTAT,-0.08105575457199998,0.8205380540298027,0.9879037440221099
MPS-BAY-2A,-0.07767634316346017,0.8227276919643849,0.9879037440221099
IDAZOXAN,-0.0654214325677,0.820261327011001,0.9879037440221099
AT-1015,-0.0645306058246479,0.8227276919643849,0.9879037440221099
EXO-IWR-1,-0.06018267712801101,0.8227276919643849,0.9879037440221099
RALTEGRAVIR,-0.059674678908500006,0.8227276919643849,0.9879037440221099
NPC-01,-0.054827187691999985,0.8180160030183858,0.9879037440221099
AMG458,-0.05260295056841999,0.824243750081755,0.9879037440221099
AZ191,-0.04790718604579999,0.8183782377603618,0.9879037440221099
GLECAPREVIR,-0.044671016585481,0.8249477555349806,0.9879037440221099
KL-001,-0.0423244876422338,0.8215912322567435,0.9879037440221099
OXOLINIC-ACID,-0.041250386325550004,0.8206683676476365,0.9879037440221099
OGERIN,-0.0365744944181918,0.8182007412077832,0.9879037440221099
SEMAXANIB,-0.024982860067500057,0.8227276919643849,0.9879037440221099
IPRATROPIUM,-0.0181386365595,0.8206683676476365,0.9879037440221099
ELVITEGRAVIR,-0.016392358735499997,0.8206683676476365,0.9879037440221099
PYRINTEGRIN,-0.009328506210430021,0.8227276919643849,0.9879037440221099
ATALUREN,-0.0063000414000000116,0.82281652172441,0.9879037440221099
CARMUSTINE,0.0008107467165999992,0.8178235706529865,0.9879037440221099
NS-8593,0.001714304532084987,0.8215912322567435,0.9879037440221099
CS-917,0.02285361535199998,0.8227276919643849,0.9879037440221099
GENIPOSIDE,0.023407668187599998,0.8248494935245716,0.9879037440221099
PAMABROM,0.024030871254072994,0.8227276919643849,0.9879037440221099
AMITIFADINE,0.027038966138100008,0.82281652172441,0.9879037440221099
PF-915275,0.0332322489550982,0.8215912322567435,0.9879037440221099
NAPIRIMUS,0.04348117221196275,0.8248046168337547,0.9879037440221099
APRONAL,0.0471624711454139,0.8249477555349806,0.9879037440221099
CP-91149,0.0495824923723,0.8249939424593665,0.9879037440221099
AZD9056,0.06115571008904385,0.8227276919643849,0.9879037440221099
SF-11,0.08711457345892736,0.8227276919643849,0.9879037440221099
DSPC,0.0889458978264246,0.8249477555349806,0.9879037440221099
PARA-TOLUENESULFONAMIDE,0.0920150173682,0.8206683676476365,0.9879037440221099
EQUOL,0.09959577621900001,0.8230550497730578,0.9879037440221099
FORSKOLIN,0.104281173783565,0.824243750081755,0.9879037440221099
YL0919,0.1352023318661441,0.8249477555349806,0.9879037440221099
FLUOROMETHOLONE,0.14000756761699998,0.8227276919643849,0.9879037440221099
SCH-900776,0.160730620301,0.8178235706529865,0.9879037440221099
TAZEMETOSTAT,-0.37603231493600003,0.83188947617573,0.9883171373313837
PF-04457845,-0.22709894983149997,0.8317684614552869,0.9883171373313837
THYMALFASIN,-0.21969575792609347,0.8317077267272437,0.9883171373313837
3PO,-0.1640372403192405,0.8294389373582672,0.9883171373313837
UNC0224,-0.15708138673240002,0.8295260811373384,0.9883171373313837
SIRAMESINE,-0.1420985004869,0.8272034298448081,0.9883171373313837
METICRANE,-0.13686020623700001,0.8316221006215654,0.9883171373313837
ASARALDEHYDE,-0.1274219371286,0.8271988646442321,0.9883171373313837
GSK2330672,-0.10388192506649999,0.8295260811373384,0.9883171373313837
SB-269970,-0.082591990369431,0.8272012144164034,0.9883171373313837
BRL-50481,-0.06920356449199999,0.8272012144164034,0.9883171373313837
SULMETOZINE,-0.06453403298470001,0.8317967818365045,0.9883171373313837
SONIDEGIB,-0.063260247151,0.8272034298448081,0.9883171373313837
MK-2295,-0.06042076837375,0.8317967818365045,0.9883171373313837
SAVOLITINIB,-0.050641515688213096,0.8294389373582672,0.9883171373313837
TALOPRAM,-0.0451637545738642,0.8305979086936344,0.9883171373313837
NVP-BSK805,-0.031488728368375005,0.8316221006215654,0.9883171373313837
BP-554,-0.02517707335109999,0.8272034298448081,0.9883171373313837
DONEPEZIL,-0.024965358494749984,0.8294389373582672,0.9883171373313837
PCO-400,-0.015326257263484952,0.8294389373582672,0.9883171373313837
DIMETHINDENE-(S)-(+),-0.01262772120663235,0.8294389373582672,0.9883171373313837
TAUROCHOLATE,-0.012467184325500008,0.8316221006215654,0.9883171373313837
VITAMIN-B12,-0.01048736598073,0.8294389373582672,0.9883171373313837
SALICYLIC-ACID,-0.001233906586500022,0.8316221006215654,0.9883171373313837
ABACAVIR,0.00016129265699998951,0.8293978297834592,0.9883171373313837
PRX-08066,0.004553776012000008,0.8293978297834592,0.9883171373313837
EPZ004777,0.0127238438118,0.8272034298448081,0.9883171373313837
USNIACIN-(+),0.01322231264099999,0.83188947617573,0.9883171373313837
LETOSTEINE,0.018142550247205,0.8294389373582672,0.9883171373313837
SODIUM-NITRITE,0.020435508156333007,0.8294389373582672,0.9883171373313837
APRATASTAT,0.02274409239450001,0.8295260811373384,0.9883171373313837
RIVASTIGMINE,0.026873371307500005,0.8294389373582672,0.9883171373313837
5-AMINOLEVULINIC-ACID,0.03460668897125,0.8272034298448081,0.9883171373313837
ER-50891,0.05803651260308655,0.8294389373582672,0.9883171373313837
BUCETIN,0.0656316112375,0.8316221006215654,0.9883171373313837
SULFAGUANIDINE,0.07657762047200001,0.8272012144164034,0.9883171373313837
METHYLTHIOURACIL,0.07663043831971,0.8317684614552869,0.9883171373313837
MAXACALCITOL,0.10364734648425,0.8317684614552869,0.9883171373313837
AGOMELATINE,0.1220562633695,0.8317684614552869,0.9883171373313837
NONIVAMIDE,0.1423351409375,0.8316221006215654,0.9883171373313837
GEMCITABINE,0.38345931593500016,0.8317684614552869,0.9883171373313837
CHR-6494,0.5549506879225699,0.8305979086936344,0.9883171373313837
CHLORMEZANONE,-0.1812740483003,0.8338768377550048,0.9887722260660342
PK-11195,-0.13112379521829998,0.8340082141434861,0.9887722260660342
TIOGUANINE,-0.10825495016699999,0.8337504798059462,0.9887722260660342
PX-12,-0.07647343306088,0.8337504798059462,0.9887722260660342
SULPIRIDE,-0.056736783568600006,0.8338768377550048,0.9887722260660342
MK-3207,-0.053618391087999984,0.8338768377550048,0.9887722260660342
PEPSTATIN,-0.035477096082000004,0.8341449140837965,0.9887722260660342
ACEMETACIN,-0.02020902317449999,0.8340082141434861,0.9887722260660342
METATINIB,-4.130658599998949e-05,0.8337504798059462,0.9887722260660342
ASA-404,0.03148591639500001,0.8338768377550048,0.9887722260660342
ADIPHENINE,0.034819843126000005,0.8338768377550048,0.9887722260660342
CIRAZOLINE,0.07106742128879999,0.8338768377550048,0.9887722260660342
JNJ-37822681,-0.21090404525035,0.8365267413199835,0.9888211079546233
MRK-560,-0.12356601714320531,0.8361626520061733,0.9888211079546233
GSK2110183,-0.10829194615439999,0.8361626520061733,0.9888211079546233
TAGATOSE,-0.025969027645800002,0.8359911315755526,0.9888211079546233
STETADERM,-0.014941326675050003,0.8365267413199835,0.9888211079546233
GKT137831,0.011990469880700003,0.8365267413199835,0.9888211079546233
ARIPIPRAZOLE,0.022496367674400004,0.8359911315755526,0.9888211079546233
MIZOLASTINE,0.044984456691099996,0.8361626520061733,0.9888211079546233
ICARITIN,0.05730092533875,0.8365267413199835,0.9888211079546233
LY2452473,0.05860167116149999,0.8365267413199835,0.9888211079546233
FISETIN,0.06125754756000455,0.8361626520061733,0.9888211079546233
AMG-517,0.08464081300080001,0.8361626520061733,0.9888211079546233
RIODOXOL,0.09309526720701938,0.8361626520061733,0.9888211079546233
VISOMITIN,0.10767741526869479,0.8361626520061733,0.9888211079546233
HER2-INHIBITOR-1,0.1427372864318145,0.8361626520061733,0.9888211079546233
ARV-825,-0.3481404035932152,0.8428983589333192,0.989266938680259
CALHEX-231,-0.1514262890359663,0.8428983589333192,0.989266938680259
TANNIC-ACID,-0.09886028343513048,0.8428983589333192,0.989266938680259
O-MERCAPTO-BENZOIC-ACID,-0.09457874912978101,0.839626894543611,0.989266938680259
4-P-PDOT,-0.0886949374508,0.840564457259578,0.989266938680259
SULFAMETER,-0.0777302648805,0.8382622553744714,0.989266938680259
EPEREZOLID,-0.07103275564849999,0.8428983589333192,0.989266938680259
TRICLABENDAZOLE,-0.06124030292649996,0.8393086238559349,0.989266938680259
JNJ-17203212,-0.05908429109299995,0.8428983589333192,0.989266938680259
XMD17-109,-0.04489562263190497,0.839626894543611,0.989266938680259
JNJ-1661010,-0.044355412666000016,0.842595977346112,0.989266938680259
EZETIMIBE,-0.04422375344479999,0.8389429711734826,0.989266938680259
BTB1,-0.042440303103423005,0.839626894543611,0.989266938680259
BRL-26314,-0.039716888218286506,0.842992183820956,0.989266938680259
SULFAMOXOLE,-0.03874201370268751,0.842992183820956,0.989266938680259
PAROXYPROPIONE,-0.02210574249535001,0.8382622553744714,0.989266938680259
PF-4191834,-0.020184024722920996,0.8384801701092742,0.989266938680259
NALOXONE-BENZOYLHYDRAZONE,-0.009663110582500009,0.8428983589333192,0.989266938680259
CYTARABINE,-0.0007376689671000011,0.8428983589333192,0.989266938680259
CHLOROTHIAZIDE,0.01760374850499999,0.8428983589333192,0.989266938680259
DECITABINE,0.02165141454399999,0.842595977346112,0.989266938680259
NITARSONE,0.026732557010999997,0.8408300352132705,0.989266938680259
GS-39783,0.029102136812000023,0.8428983589333192,0.989266938680259
PIPOTIAZINE-PALMITATE,0.03560811377999998,0.8387068936069753,0.989266938680259
PRANOPROFEN,0.04237021061299995,0.8382622553744714,0.989266938680259
IKK-16,0.04552615333600002,0.8403090772003969,0.989266938680259
IMIDAPRIL,0.04728650719899996,0.8428983589333192,0.989266938680259
ZK-164015,0.04872040531399999,0.840564457259578,0.989266938680259
NVP-BGJ398,0.054983590228759704,0.842992183820956,0.989266938680259
VALDECOXIB,0.062449180849,0.8393086238559349,0.989266938680259
MIFOBATE,0.06760663581179999,0.8428983589333192,0.989266938680259
ETIDRONIC-ACID,0.06785957101349999,0.8413943305763609,0.989266938680259
GW-583340,0.10071373840524998,0.8403090772003969,0.989266938680259
MEDRYSONE,0.11548807983700005,0.8382622553744714,0.989266938680259
METHYL-AMINOLEVULINATE,0.13578568646649647,0.8428983589333192,0.989266938680259
ASUNAPREVIR,0.1419394249595,0.8428983589333192,0.989266938680259
POTASSIUM-IODIDE,0.17413597223622299,0.8428983589333192,0.989266938680259
XL228,0.45830820224799984,0.842992183820956,0.989266938680259
VLX1570,0.4962571706937009,0.8384801701092742,0.989266938680259
VELNEPERIT,-0.10529477983250002,0.8435403723857213,0.9897269653412916
CHLORPYRIFOS,-0.051576772201,0.8438815664029932,0.9899439996845183
NSC-319726,-0.46547402053499987,0.8449139472816942,0.9901001402963826
DEXAMETHASONE-SODIUM-PHOSPHATE,-0.047535628647499995,0.8449139472816942,0.9901001402963826
EPOPROSTENOL,-0.011325635809700002,0.8449139472816942,0.9901001402963826
PADSEVONIL,0.05093781417505801,0.8452645982331435,0.9901001402963826
TRIAMCINOLONE-HEXACETONIDE,0.10724290278600239,0.8452645982331435,0.9901001402963826
CHRYSOPHANIC-ACID,0.1698621619723,0.8452645982331435,0.9901001402963826
CHIR-124,0.2263380472750005,0.8449139472816942,0.9901001402963826
PF-05212384,0.41045941330000035,0.8449139472816942,0.9901001402963826
ESAPRAZOLE,0.06649357086355001,0.8456294642407285,0.990161477253048
VINFLUNINE,0.12382451249550008,0.8456294642407285,0.990161477253048
RS-56812,-0.2234887020604,0.8472636035455643,0.9902451965452307
NMS-E973,-0.18898263534999993,0.8472636035455643,0.9902451965452307
PURVALANOL-B,-0.031004075448000018,0.8472636035455643,0.9902451965452307
PARTHENOLIDE,-0.0152983195751,0.8468787792915718,0.9902451965452307
VU0155069,-0.011508001005200004,0.8472636035455643,0.9902451965452307
CP-93129,-0.003155411885100004,0.8472636035455643,0.9902451965452307
LUBIPROSTONE,0.000578994923999987,0.8460094278269594,0.9902451965452307
APD668,0.04581001441749999,0.846863564559653,0.9902451965452307
CARISOPRODOL,0.06066853374100001,0.8472636035455643,0.9902451965452307
SELAMECTIN,0.09078525504519999,0.8468787792915718,0.9902451965452307
MILTEFOSINE,-0.17518309469165,0.849645578531832,0.990471676077303
LY2801653,-0.15875395984500007,0.849645578531832,0.990471676077303
PUTRESCINE,-0.11135063165728305,0.849645578531832,0.990471676077303
C34,-0.07902236290632039,0.8486770347504731,0.990471676077303
APIXABAN,-0.05940481044890001,0.849645578531832,0.990471676077303
XE-991,-0.0512699686975,0.849645578531832,0.990471676077303
UC-112,-0.03582661756181604,0.849645578531832,0.990471676077303
TC-S-7004,-0.006512715505325901,0.8486770347504731,0.990471676077303
SA-47,0.003505864062124206,0.849645578531832,0.990471676077303
VER-155008,0.04738413561068344,0.849645578531832,0.990471676077303
AZ-12080282,0.08766144547479301,0.8486770347504731,0.990471676077303
DAA-1106,0.10365294991538038,0.8486770347504731,0.990471676077303
QUIZARTINIB,0.1500080945597,0.8492119149032039,0.990471676077303
1-NAPHTHYL-PP1,0.3572943141539998,0.849645578531832,0.990471676077303
GDC-0623,-0.688199240166925,0.8521181125523042,0.991399513829662
OAC1,-0.236048575693,0.8539738047285786,0.991399513829662
AMBROXOL,-0.23045781087765,0.85345914102649,0.991399513829662
SORAPRAZAN,-0.18484350140296701,0.8520605209833992,0.991399513829662
ALIZARIN,-0.183922386948,0.8545090965027006,0.991399513829662
GUANETHIDINE,-0.13970494148945,0.85345914102649,0.991399513829662
AMG-837,-0.07933491920350003,0.85345914102649,0.991399513829662
TALC,-0.04549794961100001,0.8530882923162042,0.991399513829662
CRIDANIMOD,-0.035002348956549995,0.8525639730669545,0.991399513829662
SAXAGLIPTIN,-0.0015707786299999915,0.8539738047285786,0.991399513829662
NAFCILLIN,0.0007494488884999262,0.8544326067654816,0.991399513829662
TETRAHYDROURIDINE,0.008577665506999982,0.8544326067654816,0.991399513829662
MESNA,0.013341309047499972,0.8515767144381741,0.991399513829662
AFOBAZOLE,0.014210175303700001,0.8539738047285786,0.991399513829662
"D,L-MEVALONIC-ACID-LACTONE",0.03741796921190001,0.8530882923162042,0.991399513829662
,0.03741796921190001,0.8530882923162042,0.991399513829662
ILAPRAZOLE,0.0431423337163711,0.8520605209833992,0.991399513829662
CELGOSIVIR,0.04580712618583149,0.8520605209833992,0.991399513829662
CITALOPRAM,0.046823353786,0.8539738047285786,0.991399513829662
CAMPTOTHECIN,0.05334020557500008,0.8545090965027006,0.991399513829662
PHTHALYLSULFATHIAZOLE,0.10542086013810001,0.8515767144381741,0.991399513829662
PREDNISOLONE-ACETATE,0.10877970850000002,0.8544326067654816,0.991399513829662
IRGANOX-1010,0.11227684229728399,0.8520605209833992,0.991399513829662
ARIPIPRAZOLE-LAUROXIL,0.11313430601084769,0.8520605209833992,0.991399513829662
GENISTEIN,0.15528969410149998,0.85345914102649,0.991399513829662
V-51,0.17558927777486602,0.8521181125523042,0.991399513829662
TEROXIRONE,-0.2047109097568,0.8558384897102995,0.9921446183250258
4-(4-FLUOROBENZOYL)-1-(4-PHENYLBUTYL)-PIPERIDINE,-0.15537464685749997,0.8564038286630726,0.9921446183250258
GR-159897,-0.09776188028839998,0.8564038286630726,0.9921446183250258
METRIZAMIDE,-0.05522861729609,0.8564038286630726,0.9921446183250258
CDK1-5-INHIBITOR,-0.02261883734050002,0.8564038286630726,0.9921446183250258
UK-5099,0.0843748619312365,0.8564038286630726,0.9921446183250258
GOLVATINIB,0.09051480322199998,0.8564038286630726,0.9921446183250258
ATRASENTAN,0.14497184804899999,0.8558384897102995,0.9921446183250258
HEXOPRENALINE,-0.0841608741947,0.8576043783480918,0.992990854301454
AMFLUTIZOLE,0.079592493343555,0.8576043783480918,0.992990854301454
GSK2190915,0.189974942726575,0.8576043783480918,0.992990854301454
RYUVIDINE,-0.28212022347999977,0.8582500925662939,0.9931830297982099
METHOXAMINE,-0.023420733443000025,0.8582500925662939,0.9931830297982099
CEFOTAXIME,-0.0037831432377643,0.8588674456831609,0.9931830297982099
BMS-207940,0.02242778865220499,0.8588674456831609,0.9931830297982099
CITARINOSTAT,0.064558766322969,0.8588674456831609,0.9931830297982099
YS-201,0.08736145108649401,0.8588674456831609,0.9931830297982099
ASCIMINIB,0.4513655848249006,0.8588674456831609,0.9931830297982099
7-KETO-DHEA,-0.1049276753501,0.8595098966453862,0.9935633372932894
CIMETROPIUM,-0.0673108668802,0.8595098966453862,0.9935633372932894
BELOTECAN,-1.5793009899202541,0.8699514799357381,0.9935926548675454
ACELARIN,-0.90845485146188,0.9619499593587859,0.9935926548675454
THIOMERSAL,-0.7733072875900002,0.8931399720486181,0.9935926548675454
FIRSOCOSTAT,-0.5606075402450599,0.8725123180597291,0.9935926548675454
BI-78D3,-0.48497854597,0.897157678198832,0.9935926548675454
CYCLOHEXIMIDE,-0.47677959195499975,0.8716268133467765,0.9935926548675454
BOS-172722,-0.44956800511357,0.9550385337737853,0.9935926548675454
NSC-663284,-0.44201819354000005,0.9725044434174787,0.9935926548675454
AMETANTRONE,-0.44079257992896004,0.8999121493387034,0.9935926548675454
NSC-632839,-0.39312256039000015,0.9660807202968956,0.9935926548675454
TETRAMETHYLTHIURAM-MONOSULFIDE,-0.3821654384000004,0.9165489125928441,0.9935926548675454
PP242,-0.37511668230000006,0.9360188559916806,0.9935926548675454
GDC-0980,-0.3706063847900001,0.9176437825577034,0.9935926548675454
CINOBUFOTALIN,-0.3429061576883896,0.9274317964802413,0.9935926548675454
BITOPERTIN,-0.33588248543349997,0.8931399720486181,0.9935926548675454
MRX-2843,-0.3315627057024899,0.9205424353834115,0.9935926548675454
DAPANSUTRILE,-0.3282969689344781,0.8861952268095041,0.9935926548675454
INT-747,-0.305726765758,0.9071564816058665,0.9935926548675454
THONZONIUM,-0.294332044401,0.9725044434174787,0.9935926548675454
DANUSERTIB,-0.28431461288500004,0.961492731069838,0.9935926548675454
DILMAPIMOD,-0.278630853893527,0.9067821002738145,0.9935926548675454
E-4031,-0.277503833737,0.8631726247608855,0.9935926548675454
ELACYTARABINE,-0.27134383590256994,0.879349268543575,0.9935926548675454
DOXERCALCIFEROL,-0.26105882442499995,0.8957906686438386,0.9935926548675454
AVL-292,-0.25383700264569997,0.9079960190802191,0.9935926548675454
CCT196969,-0.2513314316817701,0.9274317964802413,0.9935926548675454
CGP-39551,-0.2476695287785798,0.879349268543575,0.9935926548675454
CARMOFUR,-0.23961049907999987,0.9100985034099437,0.9935926548675454
CK-101,-0.23416984875273206,0.8656848772011659,0.9935926548675454
ETOMOXIR,-0.22996293607000018,0.8631726247608855,0.9935926548675454
ETHACRIDINE-LACTATE-MONOHYDRATE,-0.229862553583,0.9675756036417996,0.9935926548675454
Y-29794,-0.21399910991001747,0.9587668689721324,0.9935926548675454
9-AMINOCAMPTOTHECIN,-0.21075608152850567,0.9721171358417333,0.9935926548675454
PEMETREXED,-0.2094285744425,0.8734338811620458,0.9935926548675454
GDC-0349,-0.20907761333999986,0.8743937504024242,0.9935926548675454
PERINDOPRIL,-0.20750274816699998,0.8850403516556178,0.9935926548675454
RU-SKI-43,-0.20356865490392,0.8631726247608855,0.9935926548675454
NAQUOTINIB,-0.20024949610856035,0.9587668689721324,0.9935926548675454
TRAZODONE,-0.2000609795823,0.9696678988337917,0.9935926548675454
WAY-207024,-0.1944713043335816,0.9125216697276324,0.9935926548675454
BENAZEPRIL,-0.19256977614850002,0.9176437825577034,0.9935926548675454
XAV-939,-0.19199843289770002,0.8631726247608855,0.9935926548675454
PIPERACETAZINE,-0.18954186411700003,0.8824444242489358,0.9935926548675454
EQUILIN,-0.1863267953428,0.9728616324909588,0.9935926548675454
ARCYRIAFLAVIN-A,-0.18492509162350002,0.9587668689721324,0.9935926548675454
ATGLISTATIN,-0.18251827604260001,0.9351837643436622,0.9935926548675454
CROLIBULIN,-0.18226673543771454,0.897157678198832,0.9935926548675454
BMS-599626,-0.181905301604,0.9079960190802191,0.9935926548675454
TTNPB,-0.1799115489136,0.9039794514917963,0.9935926548675454
TIVOZANIB,-0.17923102052400003,0.9691898771470493,0.9935926548675454
CYCLOPIAZONIC-ACID,-0.17733650990239996,0.9450415289637936,0.9935926548675454
TRYPTOPHAN,-0.1749941385106,0.9717610906935018,0.9935926548675454
OLEOYLETHANOLAMIDE,-0.1702500271854,0.8624752449798608,0.9935926548675454
BMS-986142,-0.16915028698448198,0.8930496889968522,0.9935926548675454
ENTRECTINIB,-0.16703800134295,0.9713741327219286,0.9935926548675454
SPIRAMYCIN,-0.1632810662856,0.8804108824433028,0.9935926548675454
DEFERASIROX,-0.16248436922360002,0.9264173277244934,0.9935926548675454
CARGLUMIC-ACID,-0.15995018363684999,0.8997823143908626,0.9935926548675454
IPI549,-0.15770106503409298,0.8999121493387034,0.9935926548675454
LY2811376,-0.155808578488,0.9665156135992705,0.9935926548675454
HARRINGTONINE,-0.1494922378700001,0.9389864799389761,0.9935926548675454
EFLOXATE,-0.1491405172165,0.9457546516645162,0.9935926548675454
LIOTHYRONINE,-0.1483360472913,0.9525241836353865,0.9935926548675454
TASULDINE,-0.14747062961055002,0.9717610906935018,0.9935926548675454
BETA-HYDROXYBUTYRATE,-0.1449939104217837,0.8767399050797139,0.9935926548675454
MISOPROSTOL,-0.14472849031899998,0.9071564816058665,0.9935926548675454
1-DEOXYMANNOJIRIMYCIN,-0.14388669233349993,0.897157678198832,0.9935926548675454
YM-298198,-0.13927538820499147,0.9450415289637936,0.9935926548675454
DOXYLAMINE,-0.13819534143200005,0.9593022600541086,0.9935926548675454
CEFIDEROCOL,-0.13799435385790798,0.8656848772011659,0.9935926548675454
BUPARLISIB,-0.13735198949499994,0.9130876178055347,0.9935926548675454
VINPOCETINE,-0.13673418766849998,0.9384256781399899,0.9935926548675454
BGT226,-0.13611403952500023,0.9197496539990971,0.9935926548675454
LICOGLIFLOZIN,-0.1358541836496284,0.8861952268095041,0.9935926548675454
STF-62247,-0.1330790946799999,0.9244853385270767,0.9935926548675454
ORTERONEL,-0.13263641275594998,0.9691898771470493,0.9935926548675454
SIPATRIGINE,-0.13254930437778,0.9642219844904466,0.9935926548675454
POLYMYXIN-B-SULFATE,-0.13228613397749214,0.9450415289637936,0.9935926548675454
SULFAMETHAZINE,-0.1319468411271,0.952526740982548,0.9935926548675454
EPOTHILONE-B,-0.13144196159,0.8957955950848207,0.9935926548675454
DEVAZEPIDE,-0.1311361765187254,0.8861952268095041,0.9935926548675454
CLEVIPREX,-0.1308402514935,0.9313324845908333,0.9935926548675454
P276-00,-0.1299860798200001,0.921578435854236,0.9935926548675454
OLMUTINIB,-0.12954826357494,0.9000508070889495,0.9935926548675454
DROPROPIZINE,-0.1294773133265,0.9419937850787863,0.9935926548675454
PNU-22394,-0.129251597439,0.8741659834163518,0.9935926548675454
CX-4945,-0.12911056520799996,0.9691898771470493,0.9935926548675454
TIC10,-0.1276990796361,0.8600497151261247,0.9935926548675454
AMIPRILOSE,-0.12725913365749997,0.8600497151261247,0.9935926548675454
BUTYLIDENEPHTHALIDE,-0.1271707101101217,0.9067821002738145,0.9935926548675454
FIPEXIDE,-0.1260123878097,0.9119626938292782,0.9935926548675454
NECA,-0.12395301871150005,0.9244853385270767,0.9935926548675454
JDTIC,-0.12292251651839001,0.8876739557799902,0.9935926548675454
LURBINECTEDIN,-0.1222799070111753,0.8835374089723209,0.9935926548675454
2-FLUOROFUCOSE,-0.1212484085660454,0.9205424353834115,0.9935926548675454
L-CITRULLINE,-0.120147028129,0.9461099168647438,0.9935926548675454
SETIPTILINE,-0.1200067030885,0.9360188559916806,0.9935926548675454
AZIMILIDE,-0.119454392638,0.8674254723475354,0.9935926548675454
BMS-911543,-0.11935323057117553,0.897157678198832,0.9935926548675454
TETRACAINE,-0.11932815540400002,0.868232031032468,0.9935926548675454
SILVER-SULFADIAZINE,-0.1186345958968955,0.9164874459935288,0.9935926548675454
NS-018,-0.11694195736971646,0.9628287337753054,0.9935926548675454
ADIPORON,-0.11654660268969999,0.8716268133467765,0.9935926548675454
HYDROXYSTILBAMIDINE,-0.11639671206485001,0.9582172051053613,0.9935926548675454
AR-A014418,-0.1154107509252,0.9351837643436622,0.9935926548675454
PROMETHAZINE,-0.1148717418813,0.866466708884717,0.9935926548675454
AD-5467,-0.11411414810550002,0.9499268945945119,0.9935926548675454
SUCROSE,-0.11359311290380873,0.9244853385270767,0.9935926548675454
ML-277,-0.11355048258944331,0.8668361166070764,0.9935926548675454
SKF-77434,-0.11228580651550002,0.946449512700956,0.9935926548675454
RG7800,-0.1119558142813975,0.8999121493387034,0.9935926548675454
GABAPENTIN,-0.11119034356899998,0.9147841170283114,0.9935926548675454
FURAMIDINE,-0.11117012146324651,0.9519024155408874,0.9935926548675454
ICOSAPENT,-0.11059916133600001,0.9457546516645162,0.9935926548675454
PNU-177864,-0.1103405133875002,0.8699514799357381,0.9935926548675454
FK-3311,-0.10884607229050003,0.9244853385270767,0.9935926548675454
DEBRISOQUIN,-0.10810049177509501,0.9294800467787651,0.9935926548675454
MACITENTAN,-0.10796954081735,0.8957932550668571,0.9935926548675454
AMYGDALIN,-0.10763850750499998,0.9100985034099437,0.9935926548675454
IRL-2500,-0.1072136287842,0.8835374089723209,0.9935926548675454
LIMAPROST-ALFADEX,-0.10701534602045,0.9725044434174787,0.9935926548675454
AMLEXANOX,-0.10534654874299998,0.9587668689721324,0.9935926548675454
ETHOXYQUIN,-0.10528322569190815,0.9587668689721324,0.9935926548675454
AROTINOLOL,-0.1050536088133,0.9688642455075667,0.9935926548675454
2-HYDROXYFLUTAMIDE,-0.10503786431235,0.8798782073511112,0.9935926548675454
GADOTERIDOL,-0.1047805567858,0.9435575426376721,0.9935926548675454
TRACAZOLATE,-0.1045120769096,0.9225878017402113,0.9935926548675454
EMD534085,-0.10342640848665008,0.9587668689721324,0.9935926548675454
METHYLPREDNISOLONE,-0.1025824402105,0.9384256781399899,0.9935926548675454
AMINOGUANIDINE,-0.10254892534849999,0.8809156388513595,0.9935926548675454
AC1NDSS5,-0.10159086879677037,0.9349988039705048,0.9935926548675454
MOMETASONE-FUROATE,-0.10138039498009999,0.8984869178514022,0.9935926548675454
EVENAMIDE,-0.1000862953322504,0.8656848772011659,0.9935926548675454
APRINDINE,-0.0998791730566,0.8929531344032661,0.9935926548675454
GAL-021,-0.09903705024829369,0.879349268543575,0.9935926548675454
KETOPROFEN,-0.09886394924,0.9717610906935018,0.9935926548675454
BIBU-1361,-0.09872763261464998,0.9381847165220538,0.9935926548675454
PREDNISONE,-0.0985175168477,0.9027045997275577,0.9935926548675454
ENIPORIDE,-0.09848104528831139,0.9619499593587859,0.9935926548675454
IMATINIB,-0.09773843803299997,0.8798782073511112,0.9935926548675454
TRANDOLAPRIL,-0.0975231412016,0.9322227127961272,0.9935926548675454
JNJ-26481585,-0.09726789027999994,0.9461099168647438,0.9935926548675454
RO-67-7476,-0.0943815344470236,0.9381847165220538,0.9935926548675454
HM-30181,-0.09435183421333201,0.9205424353834115,0.9935926548675454
EFLORNITHINE,-0.09400977281700001,0.9330901733781258,0.9935926548675454
ALOXISTATIN,-0.0938256550699,0.8944404494398064,0.9935926548675454
FURAZOLIDONE,-0.09358695660150002,0.9187103353451317,0.9935926548675454
MABUPROFEN,-0.09345782942375,0.9294800467787651,0.9935926548675454
MANGAFODIPIR,-0.0908584912005583,0.9550385337737853,0.9935926548675454
R-268712,-0.09012267345332714,0.9519024155408874,0.9935926548675454
SBHA,-0.08877331443444285,0.9450415289637936,0.9935926548675454
NOVOBIOCIN,-0.087775360839,0.9384256781399899,0.9935926548675454
ZM-336372,-0.08700276004500007,0.9039794514917963,0.9935926548675454
PIPERINE,-0.08632481144199997,0.9384256781399899,0.9935926548675454
TELITHROMYCIN,-0.084431020795,0.9254638362722898,0.9935926548675454
TUG-770,-0.08385881575198295,0.9164874459935288,0.9935926548675454
PHP-501,-0.0830789245500774,0.897157678198832,0.9935926548675454
TYRPHOSTIN-AG-825,-0.0818700983077855,0.897157678198832,0.9935926548675454
PLERIXAFOR,-0.0818601652236,0.9013955163571685,0.9935926548675454
PERFLUAMINE,-0.081716605711,0.8672810146583287,0.9935926548675454
VEMURAFENIB,-0.08143436035965002,0.886505116803097,0.9935926548675454
PIRENPERONE,-0.08123840631150003,0.8767399050797139,0.9935926548675454
CEFUROXIME,-0.08093380008499998,0.9457546516645162,0.9935926548675454
MORANTEL,-0.080546076473451,0.9587668689721324,0.9935926548675454
FEXINIDAZOLE,-0.08029321851037,0.9519024155408874,0.9935926548675454
SPARTEINE-(-),-0.08028530129539649,0.9450415289637936,0.9935926548675454
RIFAXIMIN,-0.08017865483700001,0.8944404494398064,0.9935926548675454
METOXIBUTROPATE,-0.0800304902641,0.8931399720486181,0.9935926548675454
CEFTRIAXONE,-0.079919279649,0.9435575426376721,0.9935926548675454
N-ACETYL-D-GLUCOSAMINE,-0.0798512895364,0.8722055018603012,0.9935926548675454
HALOPERIDOL,-0.078891095708,0.8876739557799902,0.9935926548675454
AZATADINE,-0.07818467775849999,0.868232031032468,0.9935926548675454
TELBIVUDINE,-0.0778652737102,0.9696678988337917,0.9935926548675454
NIGULDIPINE-(S)-(+),-0.07752882590499999,0.9012146332827797,0.9935926548675454
HESPERADIN,-0.07741672651000009,0.8944404494398064,0.9935926548675454
CEFOXITIN,-0.07646070377467559,0.9349988039705048,0.9935926548675454
AH-7614,-0.07626165276172099,0.9216985537137694,0.9935926548675454
CLOTRIMAZOLE,-0.07624296902088999,0.9696678988337917,0.9935926548675454
TANESPIMYCIN,-0.07560704738000013,0.9316135904269293,0.9935926548675454
ETHOXZOLAMIDE,-0.0749157398175,0.9176437825577034,0.9935926548675454
CIS-UROCANIC-ACID,-0.0748570356156,0.9427414589639083,0.9935926548675454
N-SALICOYLAMINOPHENOL,-0.07430402577319999,0.9381847165220538,0.9935926548675454
SC-560,-0.07409381292239998,0.9488080490506194,0.9935926548675454
TOLPERISONE,-0.07371729279649997,0.8819947816381792,0.9935926548675454
TAME,-0.073274756202,0.9397677242658635,0.9935926548675454
OXYBENZONE,-0.0723111890615,0.9197496539990971,0.9935926548675454
MITOFLAXONE,-0.07230228178715,0.9294800467787651,0.9935926548675454
NICOTINYL-ALCOHOL-TARTRATE,-0.07145493064500003,0.9012146332827797,0.9935926548675454
L-760735,-0.07133892881537199,0.8767399050797139,0.9935926548675454
BENPERIDOL,-0.0712425345445,0.9587668689721324,0.9935926548675454
TELMESTEINE,-0.070087477166,0.9283784829228153,0.9935926548675454
DIFLUNISAL,-0.0691928606365,0.8984869178514022,0.9935926548675454
BMS-927711,-0.06829558129470001,0.9130876178055347,0.9935926548675454
CPA-INHIBITOR,-0.06780272460125335,0.9535453737590693,0.9935926548675454
XYLAZINE,-0.06777629959049997,0.8783292164577957,0.9935926548675454
HYDROCORTISONE-PHOSPHATE,-0.06681656034239998,0.9660807202968956,0.9935926548675454
NU-7441,-0.06664861640664999,0.9389864799389761,0.9935926548675454
OCTOPAMINE,-0.06599726033600001,0.9027045997275577,0.9935926548675454
NSP-805,-0.0655879222330128,0.8999121493387034,0.9935926548675454
SB-742457,-0.06485333723950001,0.9330901733781258,0.9935926548675454
ENALAPRIL,-0.06476312098395,0.8798782073511112,0.9935926548675454
CR8-(R),-0.06453725135999999,0.9079960190802191,0.9935926548675454
PARDOPRUNOX,-0.06448661755599999,0.922449288262179,0.9935926548675454
ZAPRINAST,-0.06303433054,0.9091787858950899,0.9935926548675454
DECAMETHONIUM,-0.06277382054000001,0.8917597442699967,0.9935926548675454
LB42708,-0.06263806433200003,0.955626059250421,0.9935926548675454
IBOTENIC-ACID,-0.0626167818699937,0.9176437825577034,0.9935926548675454
GW-788388,-0.06238744555999998,0.9130876178055347,0.9935926548675454
LTB4,-0.0621777444225,0.8984869178514022,0.9935926548675454
MN-64,-0.06197510544656398,0.9535453737590693,0.9935926548675454
LULICONAZOLE,-0.060630100545799995,0.9696678988337917,0.9935926548675454
MSDC-0602K,-0.06042958553428379,0.9619499593587859,0.9935926548675454
DINITOLMIDE,-0.060190770232499996,0.9593022600541086,0.9935926548675454
BRIVUDINE,-0.059690746788000015,0.9351837643436622,0.9935926548675454
METHOCARBAMOL,-0.059367294604050005,0.9601323456903618,0.9935926548675454
LODOXAMIDE,-0.0584333105841,0.8741659834163518,0.9935926548675454
PIPENZOLATE,-0.058237311227999994,0.8984869178514022,0.9935926548675454
ONO-4817,-0.0574582318687,0.9125216697276324,0.9935926548675454
ENOXOLONE,-0.05745034802650001,0.9322227127961272,0.9935926548675454
SUGAMMADEX,-0.0573522483729358,0.9688642455075667,0.9935926548675454
DOXIFLURIDINE,-0.05644546782050003,0.9307471690665993,0.9935926548675454
SWAINSONINE,-0.05603012547805,0.9537991725415175,0.9935926548675454
TENAPANOR,-0.0555141830264115,0.9205424353834115,0.9935926548675454
OLVANIL,-0.0554797135575,0.921578435854236,0.9935926548675454
DACINOSTAT,-0.05487771679499964,0.9531350701022971,0.9935926548675454
CYM-5541,-0.054155692909314254,0.9381847165220538,0.9935926548675454
DR-4485,-0.053956096862828457,0.9535453737590693,0.9935926548675454
KI-16425,-0.053685617471000036,0.9587668689721324,0.9935926548675454
CHLORPROMAZINE,-0.05365868305589999,0.955626059250421,0.9935926548675454
TROFOSFAMIDE,-0.053656258377401206,0.9550385337737853,0.9935926548675454
7-METHYLXANTHINE,-0.053149351901700004,0.8873971794046104,0.9935926548675454
GAMITHROMYCIN,-0.053040043911483904,0.9619499593587859,0.9935926548675454
LIGUSTILIDE,-0.0527951307862605,0.8903434983870765,0.9935926548675454
VANCOMYCIN,-0.05269535804149997,0.8819947816381792,0.9935926548675454
BARASERTIB-HQPA,-0.05126553959499991,0.9039794514917963,0.9935926548675454
AZD5069,-0.0511672363445,0.9488080490506194,0.9935926548675454
APAFANT,-0.04960256586145001,0.9519024155408874,0.9935926548675454
CARBAMAZEPINE,-0.048282545863,0.8824419939100968,0.9935926548675454
PROPRANOLOL-(R),-0.048273017710499994,0.8903434983870765,0.9935926548675454
TIRACIZINE,-0.048074703780000005,0.8691217217677207,0.9935926548675454
TUAMINOHEPTANE,-0.04754715971999998,0.9389864799389761,0.9935926548675454
TC-G-1000,-0.0473311883064364,0.8903434983870765,0.9935926548675454
RISDIPLAM,-0.04717259098989315,0.9587668689721324,0.9935926548675454
BALAGLITAZONE,-0.0471294622629,0.8809156388513595,0.9935926548675454
RANIRESTAT,-0.046718872748900006,0.9154245842987188,0.9935926548675454
PHENSERINE,-0.04625158414705,0.9285158725203734,0.9935926548675454
NICERGOLINE,-0.0456760603935,0.8903434983870765,0.9935926548675454
2-METHYL-5-HYDROXYTRYPTAMINE,-0.04535799586950001,0.9197496539990971,0.9935926548675454
OXACEPROL,-0.044961550085483,0.897157678198832,0.9935926548675454
TMN-355,-0.04481577081723915,0.9656343811828061,0.9935926548675454
JW-74,-0.04443619179498301,0.9125216697276324,0.9935926548675454
PASIREOTIDE,-0.044295251975899994,0.873259700720684,0.9935926548675454
NVP-BVU972,-0.044142289720000005,0.8666500521765257,0.9935926548675454
TALTIRELIN,-0.04393145738901999,0.9696048582357598,0.9935926548675454
ACEPROMAZINE,-0.04369866617200002,0.9593022600541086,0.9935926548675454
BELINOSTAT,-0.04306156361000024,0.8757774590682239,0.9935926548675454
AZD0156,-0.04198093895051361,0.9412263378402622,0.9935926548675454
LIRIMILAST,-0.041964967062999986,0.9389864799389761,0.9935926548675454
INDOPROFEN,-0.041857322827,0.9285158725203734,0.9935926548675454
ACYCLOVIR,-0.0413575789005,0.9660807202968956,0.9935926548675454
XAMOTEROL,-0.04060039454799999,0.8606945865240176,0.9935926548675454
R-96544,-0.040555512148999995,0.9450415289637936,0.9935926548675454
LY2886721,-0.040520741749,0.9158803018737435,0.9935926548675454
BRIVANIB-ALANINATE,-0.04050467507793555,0.9072480873302808,0.9935926548675454
NITRENDIPINE,-0.04041928269765001,0.873259700720684,0.9935926548675454
10-HYDROXYCAMPTOTHECIN,-0.04041042427000008,0.9459857794803451,0.9935926548675454
NAXAGOLIDE,-0.0396334286952578,0.8725123180597291,0.9935926548675454
NALOXONE,-0.03937343775500002,0.8772175170601775,0.9935926548675454
PROGLUMIDE,-0.039310660982000006,0.9313324845908333,0.9935926548675454
POCAPAVIR,-0.03889999183813721,0.8656848772011659,0.9935926548675454
FEXOFENADINE,-0.03863048549699999,0.8891148614530133,0.9935926548675454
SPARTEINE-SULFATE,-0.038549515825349996,0.8984869178514022,0.9935926548675454
CHLORZOXAZONE,-0.038047558042499985,0.9052213942723407,0.9935926548675454
TCS-21311,-0.03749354906782801,0.8903434983870765,0.9935926548675454
DECLOPRAMIDE,-0.037191944515918104,0.8725123180597291,0.9935926548675454
ULIFLOXACIN,-0.03717462406900002,0.9499268945945119,0.9935926548675454
PHENPROCOUMON,-0.03616243429369999,0.952526740982548,0.9935926548675454
SUMATRIPTAN,-0.0361090156686,0.8809156388513595,0.9935926548675454
LUF-5834,-0.035679342406674,0.9584982614207439,0.9935926548675454
TOLRESTAT,-0.035628964924585005,0.9721171358417333,0.9935926548675454
SAQUINAVIR,-0.03447332382240001,0.8674254723475354,0.9935926548675454
LICOCHALCONE-A,-0.03441680731649999,0.9601323456903618,0.9935926548675454
BICALUTAMIDE,-0.03424677975750001,0.8903434983870765,0.9935926548675454
VIPADENANT,-0.034198276475113504,0.9442683124568537,0.9935926548675454
SALICYLAMIDE,-0.03405726436149997,0.9187103353451317,0.9935926548675454
WP921,-0.0340503707518418,0.8999121493387034,0.9935926548675454
RS-16566,-0.033947410979700006,0.8674254723475354,0.9935926548675454
PROPACETAMOL,-0.033187116749549994,0.8631726247608855,0.9935926548675454
TIPRENOLOL,-0.0326704666117,0.9576526900655683,0.9935926548675454
EGLUMETAD,-0.032259169437499985,0.9461099168647438,0.9935926548675454
ADEFOVIR,-0.0320971937765,0.8620150697772326,0.9935926548675454
NITROFLURBIPROFEN,-0.0317043112358325,0.9656343811828061,0.9935926548675454
METIPRANOLOL,-0.03027530542700002,0.8819947816381792,0.9935926548675454
AMG-487,-0.030039035369999995,0.9187103353451317,0.9935926548675454
RADIPRODIL,-0.029731050188866598,0.9550385337737853,0.9935926548675454
DEPTROPINE,-0.029485597835660002,0.886505116803097,0.9935926548675454
EBPC,-0.02941908586700001,0.9197496539990971,0.9935926548675454
FLUMAZENIL,-0.029300542200425002,0.8957932550668571,0.9935926548675454
EFONIDIPINE-MONOETHANOLATE,-0.028590408102000003,0.8631726247608855,0.9935926548675454
PIK-294,-0.02854719273025,0.9264173277244934,0.9935926548675454
BALOXAVIR,-0.027866178115460105,0.8930496889968522,0.9935926548675454
SAFINGOL,-0.02775343229200003,0.8691217217677207,0.9935926548675454
NECROSTATIN-2,-0.027701480592118008,0.8850657545128497,0.9935926548675454
A922500,-0.0273070470912,0.9728616324909588,0.9935926548675454
SULBENTINE,-0.027227478446,0.952526740982548,0.9935926548675454
LY288513,-0.02703035261115465,0.9450415289637936,0.9935926548675454
ECONAZOLE,-0.027001554332000008,0.8876739557799902,0.9935926548675454
ALVIMOPAN,-0.026999192001600003,0.946449512700956,0.9935926548675454
HEMIN,-0.026929382280948745,0.9244853385270767,0.9935926548675454
URIDINE-TRIACETATE,-0.026884998518499986,0.9450415289637936,0.9935926548675454
SINOMENINE,-0.026342731501000027,0.9381847165220538,0.9935926548675454
ML-193,-0.025289116925415106,0.9677151156898645,0.9935926548675454
NELOCIGUAT,-0.025090272561928695,0.9313324845908333,0.9935926548675454
GESTODENE,-0.0248325783599,0.9660807202968956,0.9935926548675454
OZAGREL,-0.024613718911150002,0.909623325627206,0.9935926548675454
PIRENZEPINE,-0.024268049620300006,0.921578435854236,0.9935926548675454
BISMUTH-SUBCITRATE-POTASSIUM,-0.023145244683299995,0.9709764206597158,0.9935926548675454
QX-314,-0.022849336915100008,0.9283784829228153,0.9935926548675454
L-ERGOTHIONEINE,-0.02262078158950004,0.9593022600541086,0.9935926548675454
LINOPIRDINE,-0.02243743390412,0.9130876178055347,0.9935926548675454
BIVALIRUDIN,-0.02233307869343,0.9294800467787651,0.9935926548675454
AR-12,-0.021859335497000004,0.9656343811828061,0.9935926548675454
PHENYLBUTAZONE,-0.02139253006849995,0.884836122122616,0.9935926548675454
PHENYLACETYLGLUTAMINE,-0.021003407267499996,0.9587668689721324,0.9935926548675454
CUDC-907,-0.02092737463499983,0.9537991725415175,0.9935926548675454
EPINEPHRINE,-0.020913762802950014,0.8957932550668571,0.9935926548675454
URIDINE,-0.020617548569,0.9459857794803451,0.9935926548675454
SCABERTOPIN,-0.020590570663300056,0.9550385337737853,0.9935926548675454
CURCUMOL,-0.020341444320410962,0.9349988039705048,0.9935926548675454
CAMOBUCOL,-0.02030227691035702,0.934326602243188,0.9935926548675454
LY266097,-0.020176378001960503,0.8668361166070764,0.9935926548675454
CIPROFLOXACIN,-0.020041878809999997,0.9079960190802191,0.9935926548675454
"3,4-DCPG-(R)",-0.020040575793678003,0.9176437825577034,0.9935926548675454
FLURBIPROFEN-(S)-(+),-0.019741478305000004,0.8743937504024242,0.9935926548675454
R-59022,-0.019516257077999977,0.921578435854236,0.9935926548675454
ABAFUNGIN,-0.019426437377999983,0.922449288262179,0.9935926548675454
MEDROXYPROGESTERONE,-0.0182126031615,0.8876739557799902,0.9935926548675454
GSK1838705A,-0.018073971771735,0.9187103353451317,0.9935926548675454
LITHOCHOLIC-ACID,-0.01727936400550001,0.9330901733781258,0.9935926548675454
NELFINAVIR,-0.0163992450901,0.8767399050797139,0.9935926548675454
NEMAZOLINE,-0.01589668424240598,0.9274317964802413,0.9935926548675454
TG-100801,-0.015275433503099997,0.9001046231510342,0.9935926548675454
DIAVERIDINE,-0.014987924425700003,0.9593022600541086,0.9935926548675454
DROXINOSTAT,-0.013983512637100001,0.9728616324909588,0.9935926548675454
ML347,-0.0139468006828,0.9593022600541086,0.9935926548675454
ASCORBIC-ACID,-0.013740516107650001,0.8783292164577957,0.9935926548675454
MONASTROL,-0.013597756200000033,0.8835374089723209,0.9935926548675454
CABERGOLINE,-0.01351099303245,0.9461099168647438,0.9935926548675454
R-121919,-0.013095755512046201,0.9412263378402622,0.9935926548675454
ENALAPRILAT,-0.011401372210199996,0.9365163139627892,0.9935926548675454
NEMIRALISIB,-0.010957707089502,0.9587668689721324,0.9935926548675454
ETHINYL-ESTRADIOL,-0.010812562019049982,0.8924653899486399,0.9935926548675454
TARAFENACIN,-0.010571660058499993,0.9197496539990971,0.9935926548675454
ETEROBARB,-0.010509972961333491,0.8704282960625428,0.9935926548675454
4-IODO-L-PHENYLALANINE,-0.009853593899999999,0.9079960190802191,0.9935926548675454
ALOSETRON,-0.009648168628750009,0.9656343811828061,0.9935926548675454
AROFYLLINE,-0.00949684977845,0.8767399050797139,0.9935926548675454
MDL-27531,-0.009466666753289152,0.9656343811828061,0.9935926548675454
PALMITOLEIC-ACID,-0.00879250525354,0.8668361166070764,0.9935926548675454
2-(3-MERCAPTOPROPYL)PENTANEDIOIC ACID,-0.00836049268989647,0.9535453737590693,0.9935926548675454
ASIATIC-ACID,-0.008078829711750002,0.9347554203989947,0.9935926548675454
XENALIPIN,-0.007358141613849997,0.8734338811620458,0.9935926548675454
S18986,-0.006121840019000013,0.955626059250421,0.9935926548675454
ERTEBEREL,-0.005996759780749997,0.8659821900963949,0.9935926548675454
METIROSINE,-0.005830225317000004,0.921578435854236,0.9935926548675454
BMS-754807,-0.005800291004499969,0.8767399050797139,0.9935926548675454
THIAZOVIVIN,-0.005248855283999987,0.8850403516556178,0.9935926548675454
MARIMASTAT,-0.004982846797000007,0.886505116803097,0.9935926548675454
BILOBALIDE,-0.004723385901999999,0.9656343811828061,0.9935926548675454
RN-1734,-0.004538020214999994,0.9587668689721324,0.9935926548675454
PIPOBROMAN,-0.0044404403009291465,0.9519024155408874,0.9935926548675454
3-MATIDA,-0.0041729682150985214,0.8835374089723209,0.9935926548675454
CHLORPHENAMINE,-0.0027015154886000092,0.8809156388513595,0.9935926548675454
REVERSAN,-0.0026611001620009955,0.9492869518650965,0.9935926548675454
METHOXSALEN,-0.0023194246177500044,0.9696048582357598,0.9935926548675454
MIOCAMYCIN,-0.0016668062468000004,0.8734338811620458,0.9935926548675454
CLAMIKALANT,-0.0014466323373130002,0.8767399050797139,0.9935926548675454
GALIDESIVIR,-0.0004953272115396506,0.9039794514917963,0.9935926548675454
TARIQUIDAR,-0.00032258243201,0.9029406457882916,0.9935926548675454
TRIMETOZINE,5.321872849999021e-05,0.8917597442699967,0.9935926548675454
CARBOXYAMIDOTRIAZOLE,0.0002279733427215003,0.9642219844904466,0.9935926548675454
AM-1241,0.0007419591510000045,0.9147841170283114,0.9935926548675454
BOPINDOLOL,0.0009522955180000237,0.921578435854236,0.9935926548675454
FOSCARNET,0.0011840311340000076,0.9531787666633463,0.9935926548675454
BUPARVAQUONE,0.0014067245733499906,0.8666500521765257,0.9935926548675454
NORETHINDRONE,0.0015510570972999994,0.9561984306104937,0.9935926548675454
MINOXIDIL,0.0023456169049999587,0.8809156388513595,0.9935926548675454
SCHISANDROL-B,0.00259698665475,0.8734338811620458,0.9935926548675454
OICR-9429,0.002887010746550997,0.8631726247608855,0.9935926548675454
CO-102862,0.0031697651392699998,0.9091787858950899,0.9935926548675454
WEHI-345-ANALOG,0.0036199281869004497,0.8704282960625428,0.9935926548675454
EPZ-5676,0.0036348469421999957,0.9264173277244934,0.9935926548675454
AFAMELANOTIDE,0.004174729599823304,0.8930496889968522,0.9935926548675454
ENDO-IWR-1,0.004653990789000029,0.9397677242658635,0.9935926548675454
CYCLOPHOSPHAMIDE,0.004867811737500005,0.9389864799389761,0.9935926548675454
BIO-5192,0.00510615860542199,0.9492869518650965,0.9935926548675454
A-922500,0.005250399277456991,0.9584982614207439,0.9935926548675454
ACESULFAME-POTASSIUM,0.00526343859099998,0.8886491460520429,0.9935926548675454
PROPOFOL,0.005680139536500012,0.9389864799389761,0.9935926548675454
FLUROXENE,0.0063163883081999855,0.9659341889756483,0.9935926548675454
EED226,0.006599094654553994,0.9400824146518303,0.9935926548675454
CARBINOXAMINE,0.006999062036499998,0.9728616324909588,0.9935926548675454
NICARDIPINE,0.0079145427607,0.8997823143908626,0.9935926548675454
LE-135,0.008119461840000008,0.8835374089723209,0.9935926548675454
SELONSERTIB,0.008226570976550107,0.9274317964802413,0.9935926548675454
ALLANTOIN,0.008574817344449998,0.9187103353451317,0.9935926548675454
XL-647,0.008672796367500013,0.9499268945945119,0.9935926548675454
VEDAPROFEN,0.008699102457072005,0.9412263378402622,0.9935926548675454
MADRASIN,0.009005254703112031,0.9381847165220538,0.9935926548675454
NEUROPATHIAZOL,0.009308869039828013,0.9587668689721324,0.9935926548675454
TILUDRONATE,0.010672075549000015,0.9307471690665993,0.9935926548675454
COPPER-HISTIDINE,0.010924882194999999,0.9119626938292782,0.9935926548675454
TCS2002,0.011140988606000019,0.9079960190802191,0.9935926548675454
LINAGLIPTIN,0.011160818414000018,0.9494681432005744,0.9935926548675454
VX-745,0.011515320724850009,0.9071564816058665,0.9935926548675454
GENIPIN,0.011885482680999981,0.9387971929038754,0.9935926548675454
AN2718,0.012122111453870599,0.930885874696792,0.9935926548675454
IBUTILIDE,0.01218307907549998,0.8997823143908626,0.9935926548675454
CHLORPROPHAM,0.01241902610069101,0.9584982614207439,0.9935926548675454
SOMANTADINE,0.012712158107537008,0.9033564365899325,0.9935926548675454
AM-92016,0.013259431197999993,0.8606945865240176,0.9935926548675454
NCS-382,0.013917528459000017,0.9067821002738145,0.9935926548675454
RHEIN,0.013985991685449999,0.9039794514917963,0.9935926548675454
POLIDOCANOL,0.014122884774999983,0.9013955163571685,0.9935926548675454
PIROZADIL,0.0143877551548677,0.8930496889968522,0.9935926548675454
WDR5-0103,0.0148439694887454,0.930885874696792,0.9935926548675454
ERGONOVINE,0.015509958171499999,0.8850403516556178,0.9935926548675454
RETIGABINE,0.015783394839999992,0.955626059250421,0.9935926548675454
TASISULAM,0.015979239137,0.8888898101382057,0.9935926548675454
LY311727,0.016398258558940892,0.9205424353834115,0.9935926548675454
W-54011,0.01679329475715502,0.9176437825577034,0.9935926548675454
IDO5L,0.01694050356400001,0.9665156135992705,0.9935926548675454
FOXY-5,0.0173475006039398,0.9033564365899325,0.9935926548675454
AMIFAMPRIDINE,0.017743319566000004,0.9079960190802191,0.9935926548675454
CARAMIPHEN,0.0181480551389,0.9570727137887075,0.9935926548675454
BUFLOMEDIL,0.01901947991499997,0.9176437825577034,0.9935926548675454
OC000459,0.019039164874132,0.9154245842987188,0.9935926548675454
ACETAZOLAMIDE,0.019162957432909994,0.9272793935644543,0.9935926548675454
AZAPROPAZONE,0.020088610317766056,0.9244853385270767,0.9935926548675454
BUTACLAMOL,0.020886462301599996,0.9587668689721324,0.9935926548675454
LEVOBUNOLOL-(+),0.02134442923575,0.8931399720486181,0.9935926548675454
PNU-37883,0.021384998241950004,0.9587668689721324,0.9935926548675454
GLIPIZIDE,0.021520811404310003,0.9691898771470493,0.9935926548675454
ROLAPITANT,0.0215857367591304,0.879349268543575,0.9935926548675454
CLINDAMYCIN-PALMITATE,0.02184777616400002,0.8819947816381792,0.9935926548675454
PF-04691502,0.021871371570000075,0.9147841170283114,0.9935926548675454
BROMINDIONE,0.02191373626768405,0.9587668689721324,0.9935926548675454
MEDORINONE,0.02266029949699999,0.9079960190802191,0.9935926548675454
DOXEPIN,0.022671920437199997,0.8957955950848207,0.9935926548675454
2-HYDROXYETHYL-SALICYLATE,0.0231949149615,0.972137725005502,0.9935926548675454
DWK-1339,0.023302129207930497,0.897157678198832,0.9935926548675454
VANILLYLACETONE,0.0234781450065,0.9419912322915136,0.9935926548675454
CALCITONIN,0.023564365574927998,0.9688642455075667,0.9935926548675454
HT-2157,0.023637960382802997,0.9481304873293175,0.9935926548675454
MTPG,0.023777906802999987,0.897157678198832,0.9935926548675454
CEFOTIAM,0.023881410127999998,0.9647055091620024,0.9935926548675454
METHACHOLINE,0.02402988465799999,0.9187103353451317,0.9935926548675454
ACLIDINIUM,0.024213171666600003,0.8824419939100968,0.9935926548675454
ALLYLISOTHIOCYANATE,0.025019523422499995,0.9603755698843486,0.9935926548675454
PRITELIVIR,0.0259104304032,0.8809156388513595,0.9935926548675454
CUTAMESINE,0.0260218639408,0.8944404494398064,0.9935926548675454
TOLVAPTAN,0.0262318579842,0.9158803018737435,0.9935926548675454
SR-33805,0.027836718942350014,0.875108684350839,0.9935926548675454
BMS-833923,0.02807693048077,0.8901555727896665,0.9935926548675454
METAZOSIN,0.028381554314599995,0.9365163139627892,0.9935926548675454
CGP-71683,0.02839135888100003,0.921578435854236,0.9935926548675454
BMS-986205,0.028562577950293988,0.9481304873293175,0.9935926548675454
POLYTHIAZIDE,0.028760522900500005,0.9154245842987188,0.9935926548675454
DAZOXIBEN,0.028942958831849996,0.868232031032468,0.9935926548675454
L-368899,0.029493133104000008,0.8850403516556178,0.9935926548675454
PIZOTIFEN,0.029586508531000005,0.9419937850787863,0.9935926548675454
JTE-607,0.02984415808849998,0.8873971794046104,0.9935926548675454
BD-1063,0.031088643941,0.8809156388513595,0.9935926548675454
ADOPRAZINE,0.03184071876870001,0.8824419939100968,0.9935926548675454
KU-0063794,0.03208500310599999,0.9725044434174787,0.9935926548675454
VU-0240551,0.033423171646947955,0.9442683124568537,0.9935926548675454
FIMASARTAN,0.03397095487454,0.9642219844904466,0.9935926548675454
NSC-4644,0.034175478449,0.9147841170283114,0.9935926548675454
TEPP-46,0.03460358385488402,0.9656343811828061,0.9935926548675454
LY450108,0.0346629449891834,0.9442683124568537,0.9935926548675454
ACETRIAZOIC-ACID,0.0347438361645325,0.8888082041096124,0.9935926548675454
L-PROLINE,0.034785965972799995,0.9576526900655683,0.9935926548675454
LANABECESTAT,0.0357962281550627,0.9274317964802413,0.9935926548675454
TCS-OX2-29,0.0362147919447713,0.8767399050797139,0.9935926548675454
PHENSUXIMIDE,0.0362473709562,0.9293008115023874,0.9935926548675454
LOMEFLOXACIN,0.03689354283649998,0.923480838888964,0.9935926548675454
MIRIDESAP,0.03717399948804839,0.9136590325592109,0.9935926548675454
EFATUTAZONE,0.0376420958399,0.9450415289637936,0.9935926548675454
CREATINE,0.03820490620900002,0.8606945865240176,0.9935926548675454
PD-161570,0.03851744970407989,0.9313324845908333,0.9935926548675454
TINAZOLINE,0.0387242041381203,0.9136590325592109,0.9935926548675454
AZD7762,0.03921868900000014,0.8924653899486399,0.9935926548675454
AMPEROZIDE,0.0392392628435,0.9187103353451317,0.9935926548675454
PYROTINIB,0.039460947668988944,0.8699514799357381,0.9935926548675454
RILUZOLE,0.04011915697601,0.9450415289637936,0.9935926548675454
EZATIOSTAT,0.040450115464000014,0.9725044434174787,0.9935926548675454
SALVINORIN-A,0.04124815175499996,0.9154101824766052,0.9935926548675454
PHENACETIN,0.041568780627500135,0.8850403516556178,0.9935926548675454
BMS-191095,0.04165155125598802,0.9164874459935288,0.9935926548675454
SEOCALCITOL,0.041790159827999995,0.8903434983870765,0.9935926548675454
VOGLIBOSE,0.0419990842101,0.9330901733781258,0.9935926548675454
BENDAZAC,0.042664886519570004,0.9642219844904466,0.9935926548675454
BROXALDINE,0.042868484411499985,0.9077531215721959,0.9935926548675454
S-NITROSOGLUTATHIONE,0.0430260359445,0.9172636655139047,0.9935926548675454
EW-7197,0.04336751402008815,0.9164874459935288,0.9935926548675454
ADELMIDROL,0.04357183484272453,0.8699514799357381,0.9935926548675454
BARNIDIPINE,0.04366420924910001,0.9656343811828061,0.9935926548675454
FEBUXOSTAT,0.04374113739550001,0.9450415289637936,0.9935926548675454
PF-06412562,0.043906430617917006,0.9481304873293175,0.9935926548675454
DIMEMORFAN,0.04396033784350001,0.9713741327219286,0.9935926548675454
SAL003,0.044222427263000005,0.9624473178470236,0.9935926548675454
ACETOHEXAMIDE,0.04439887511608,0.9435575426376721,0.9935926548675454
DORAMECTIN,0.04454749275275,0.9389864799389761,0.9935926548675454
PPY-A,0.04495239940999296,0.9400824146518303,0.9935926548675454
AJMALINE,0.045084475136,0.9373616154258158,0.9935926548675454
BENZOYLPAS,0.045479246454499966,0.8783292164577957,0.9935926548675454
CGS-20625,0.045549703635500004,0.8891148614530133,0.9935926548675454
IOPAMIDOL,0.04580064286829999,0.9624473178470236,0.9935926548675454
FELBAMATE,0.04606218158349999,0.8850403516556178,0.9935926548675454
BAMBUTEROL,0.04646698870999999,0.9696678988337917,0.9935926548675454
SULTAMICILLIN,0.0470064319986435,0.9688642455075667,0.9935926548675454
NBI-27914,0.047936670087289995,0.8606945865240176,0.9935926548675454
ML-365,0.0480609005162433,0.9125216697276324,0.9935926548675454
INIMUR,0.04821957808999999,0.8631726247608855,0.9935926548675454
LY225910,0.04826221524439999,0.921578435854236,0.9935926548675454
SID-7969543,0.0489032244125,0.960687872224604,0.9935926548675454
MACITENTAN-N-BUTYL-ANALOGUE,0.0491640634162492,0.9136590325592109,0.9935926548675454
LAQUINIMOD,0.04935528785099999,0.8672810146583287,0.9935926548675454
BATIMASTAT,0.049496674219999995,0.9172636655139047,0.9935926548675454
ESCULIN,0.05075982565199999,0.952526740982548,0.9935926548675454
GUAIFENESIN,0.05182354083350002,0.8716268133467765,0.9935926548675454
GR46611,0.052034355766999996,0.9176437825577034,0.9935926548675454
RS-67506,0.052152996754700004,0.9488080490506194,0.9935926548675454
DMPS,0.052315005756179006,0.9450415289637936,0.9935926548675454
PD-168568,0.052452496455558995,0.9216985537137694,0.9935926548675454
HBED,0.05310672117646811,0.9550385337737853,0.9935926548675454
HALOTHANE,0.053482902059,0.9459857794803451,0.9935926548675454
4-AMINOHIPPURIC-ACID,0.05353663985500001,0.9692713262958809,0.9935926548675454
BHQ,0.05534249041951895,0.9725044434174787,0.9935926548675454
LOTEPREDNOL,0.055404431472400005,0.9370631224310242,0.9935926548675454
SODIUM-TANSHINONE-II-A-SULFONATE,0.05642703593550001,0.9537991725415175,0.9935926548675454
HIPPURIC-ACID,0.057076974850279016,0.9216985537137694,0.9935926548675454
METHOXYPHENAMINE,0.057323641223,0.9084064793560382,0.9935926548675454
AMG-9810,0.057362652411200005,0.8767399050797139,0.9935926548675454
S-07662,0.057765044408468,0.897157678198832,0.9935926548675454
M-CHLOROPHENYLBIGUANIDE,0.057765800427,0.9457546516645162,0.9935926548675454
AMTHAMINE,0.05839233818049999,0.946449512700956,0.9935926548675454
SN-6,0.0591190355171,0.9079960190802191,0.9935926548675454
SULFAMONOMETHOXINE,0.06099172025465,0.9389864799389761,0.9935926548675454
LORLATINIB,0.06124708423415,0.8943922365545327,0.9935926548675454
CORDYCEPIN,0.06130272097495,0.9381847165220538,0.9935926548675454
ZOLPIDEM,0.061711491194999996,0.9725044434174787,0.9935926548675454
D-ALPHA-TOCOPHERYL-SUCCINATE,0.06227574823355,0.868232031032468,0.9935926548675454
TONABERSAT,0.062362966305999995,0.9728616324909588,0.9935926548675454
ASAPIPRANT,0.0628856013819915,0.9550385337737853,0.9935926548675454
PREGNENOLONE-SUCCINATE,0.06308148517050002,0.8984869178514022,0.9935926548675454
AMG-487-(+/-),0.06369455330255902,0.9584982614207439,0.9935926548675454
AGI-6780,0.063946759726,0.9079960190802191,0.9935926548675454
PEROSPIRONE,0.0641936642375,0.9656343811828061,0.9935926548675454
FILANESIB,0.06521850797000006,0.8835374089723209,0.9935926548675454
VALSARTAN,0.066090678626,0.923480838888964,0.9935926548675454
TCS-2002,0.06746713078176458,0.9519024155408874,0.9935926548675454
LGX818,0.0682350888356,0.8757774590682239,0.9935926548675454
HPGDS-IN-1,0.068282904353799,0.9550385337737853,0.9935926548675454
MSDC-0160,0.06859961286640079,0.9205424353834115,0.9935926548675454
SELINEXOR,0.06881152885999997,0.9130876178055347,0.9935926548675454
PROXYPHYLLINE,0.069078355152,0.9728616324909588,0.9935926548675454
EVOCALCET,0.06959138432452106,0.8631726247608855,0.9935926548675454
NB-001,0.069849536723399,0.8999121493387034,0.9935926548675454
FH-535,0.0699940811792095,0.9313324845908333,0.9935926548675454
SODIUM-STIBOGLUCONATE,0.07008646198750001,0.9347554203989947,0.9935926548675454
GSK2193874,0.07145720633432781,0.9244853385270767,0.9935926548675454
GEMCITABINE-ELAIDATE,0.07158168395581477,0.9442683124568537,0.9935926548675454
ACETOPHENAZINE,0.07228131957799999,0.9461099168647438,0.9935926548675454
BW-B70C,0.07302664351571561,0.9450415289637936,0.9935926548675454
BUTABINDIDE,0.07303740649077398,0.897157678198832,0.9935926548675454
AC-261066,0.07342836570718375,0.9519024155408874,0.9935926548675454
NKY-80,0.0734435294603265,0.9108083196682206,0.9935926548675454
ERYTHROSINE,0.0736450126856,0.8850403516556178,0.9935926548675454
TYRPHOSTIN-AG-18,0.073882212061155,0.8699514799357381,0.9935926548675454
GSK1904529A,0.07440489346305,0.9587668689721324,0.9935926548675454
PENFLURIDOL,0.07546537453650004,0.884836122122616,0.9935926548675454
CO-101244,0.0765532704356,0.8767399050797139,0.9935926548675454
PIBENZIMOL,0.07729847478810001,0.9412263378402622,0.9935926548675454
LOPINAVIR,0.07742302597999998,0.9351837643436622,0.9935926548675454
MEQUINOL,0.07769672152899998,0.9660807202968956,0.9935926548675454
TC-H-106,0.07890331671659648,0.9381847165220538,0.9935926548675454
"6,_7-DEHYDRO-17-ACETOXY-PROGESTERONE",0.07928941911069999,0.8674254723475354,0.9935926548675454
MEXILETINE,0.07933893140900003,0.87637992991621,0.9935926548675454
SOLAMARGINE,0.07969990418174999,0.9071564816058665,0.9935926548675454
FUROSEMIDE,0.080520266101997,0.9313324845908333,0.9935926548675454
17-PA,0.08172704215076101,0.9519024155408874,0.9935926548675454
E-64,0.08288959745095001,0.9713741327219286,0.9935926548675454
IODIXANOL,0.08355466467700012,0.8807941902023639,0.9935926548675454
THZ2,0.08385546603822025,0.9349988039705048,0.9935926548675454
ULIPRISTAL,0.08463268117009999,0.9205424353834115,0.9935926548675454
DAMINOZIDE,0.08587347285029359,0.9656343811828061,0.9935926548675454
ROTIGOTINE,0.08594876010816001,0.8809156388513595,0.9935926548675454
5-HYDROXYMETHYL-TOLTERODINE,0.08641822391750009,0.8850403516556178,0.9935926548675454
DROMOSTANOLONE-PROPIONATE,0.08675987469540002,0.9499268945945119,0.9935926548675454
NU-2058,0.08819634167589743,0.9313324845908333,0.9935926548675454
FENBENDAZOLE,0.08909026387500019,0.8696102691869658,0.9935926548675454
CONVALLATOXIN,0.08925928503225045,0.9481304873293175,0.9935926548675454
3-BROMO-7-NITROINDAZOLE,0.0898419230378,0.9488080490506194,0.9935926548675454
LOXOPROFEN,0.090313293962,0.868232031032468,0.9935926548675454
IPRAGLIFLOZIN-L-PROLINE,0.0905001796118,0.97320965894948,0.9935926548675454
BMS-536924,0.09071382972752007,0.9244853385270767,0.9935926548675454
DIGITOXIN,0.0910543865700002,0.9322227127961272,0.9935926548675454
BIRT-377,0.0931611710951882,0.8759427080912257,0.9935926548675454
GINSENOSIDE-C-K,0.093910156835226,0.9257380993313142,0.9935926548675454
DEFOROLIMUS,0.09418381847000001,0.8772175170601775,0.9935926548675454
BUFEXAMAC,0.096948143783,0.9624473178470236,0.9935926548675454
AMENAMEVIR,0.09795044372604442,0.8725123180597291,0.9935926548675454
TRYPTANTHRIN,0.098000198799895,0.9244853385270767,0.9935926548675454
TENALISIB,0.1006487304101225,0.9381847165220538,0.9935926548675454
SULFATHIAZOLE,0.10114708496249997,0.9119626938292782,0.9935926548675454
LAUROCAPRAM,0.10129970533999999,0.9012146332827797,0.9935926548675454
CLINDAMYCIN,0.101326742267,0.9001046231510342,0.9935926548675454
QUINAPRIL,0.10178340729890001,0.9158803018737435,0.9935926548675454
BUDIPINE,0.10302488699350001,0.9696678988337917,0.9935926548675454
EPHEDRINE-(RACEMIC),0.10365935378949998,0.9660807202968956,0.9935926548675454
I-BET151,0.10470121192799996,0.8772175170601775,0.9935926548675454
OPROZOMIB,0.10485953444500007,0.8767399050797139,0.9935926548675454
FENEBRUTINIB,0.105574954190809,0.9274317964802413,0.9935926548675454
ELLAGIC-ACID,0.10595574086475,0.9351837643436622,0.9935926548675454
T-0070907,0.1061715630915,0.8835374089723209,0.9935926548675454
IMAZODAN,0.10642120204363639,0.8725123180597291,0.9935926548675454
MESTINON,0.10705553941199997,0.9728616324909588,0.9935926548675454
GESTRINONE,0.10746879558685,0.9064316835593388,0.9935926548675454
GLN-1062,0.1078323493178336,0.8999121493387034,0.9935926548675454
RO-48-6791,0.10978390579083801,0.9205424353834115,0.9935926548675454
TAXIFOLIN,0.11021783690785,0.9450415289637936,0.9935926548675454
BI-224436,0.11299435363356952,0.9257380993313142,0.9935926548675454
ORANTINIB,0.113630173485,0.9427414589639083,0.9935926548675454
SB-328437,0.114312267775,0.9624473178470236,0.9935926548675454
AVE-0991,0.11497592818890096,0.9450415289637936,0.9935926548675454
EPIGALLOCATECHIN-(-),0.1154654543268738,0.9412263378402622,0.9935926548675454
KY02111,0.115558564492,0.9064316835593388,0.9935926548675454
GW-4064,0.1156918804506,0.9665156135992705,0.9935926548675454
MOTOLIMOD,0.11594139892205202,0.9535453737590693,0.9935926548675454
TETRADECYLTHIOACETIC-ACID,0.11632707839550002,0.8716268133467765,0.9935926548675454
I-BRD9,0.1171502975954741,0.9721171358417333,0.9935926548675454
VL285,0.117854065896729,0.9136590325592109,0.9935926548675454
CS-110266,0.11817767587390002,0.8606945865240176,0.9935926548675454
AGMATINE,0.1198682483117,0.8957906686438386,0.9935926548675454
LOVASTATIN,0.12144510913300001,0.9052213942723407,0.9935926548675454
PANOBINOSTAT,0.12219101725499959,0.9108083196682206,0.9935926548675454
TCS-5861528,0.1221913312878335,0.8668361166070764,0.9935926548675454
TEN-010,0.12310508515505991,0.8861952268095041,0.9935926548675454
FLI-06,0.1236874652855,0.8649336151128402,0.9935926548675454
S-38093,0.1239809485286116,0.9274317964802413,0.9935926548675454
ISOBUTYRAMIDE,0.12414920230050003,0.8627909365702384,0.9935926548675454
DEXTROROTATION-NIMORAZOLE-PHOSPHATE-ESTER,0.12543227446218097,0.8861952268095041,0.9935926548675454
3-METHYLADENINE,0.125863757111,0.9397677242658635,0.9935926548675454
LY2140023,0.126041374511,0.9100985034099437,0.9935926548675454
SB-505124,0.12762532810649996,0.9064316835593388,0.9935926548675454
BIBX-1382,0.1283984842432,0.9494681432005744,0.9935926548675454
LMI070,0.12862625162382013,0.9677151156898645,0.9935926548675454
CGP-52411,0.1309984324585,0.9450415289637936,0.9935926548675454
LINALOOL,0.13233726149570002,0.8886491460520429,0.9935926548675454
PYRITHYLDIONE,0.13346919576749997,0.9119626938292782,0.9935926548675454
ML-3403,0.1335270394380278,0.9033564365899325,0.9935926548675454
NAFTIFINE,0.13404633804499988,0.873259700720684,0.9935926548675454
RAF265,0.13475351456200002,0.9561984306104937,0.9935926548675454
RUPATADINE,0.13556668250148,0.97320965894948,0.9935926548675454
DCC-2618,0.136137933150694,0.9677151156898645,0.9935926548675454
ACTINOQUINOL,0.13645456924494997,0.8997823143908626,0.9935926548675454
AZD9272,0.13811696398217801,0.930885874696792,0.9935926548675454
HOMOQUINOLINIC-ACID,0.13827354341700002,0.9264173277244934,0.9935926548675454
TRIMIPRAMINE,0.13882091015750006,0.9130876178055347,0.9935926548675454
BETAMETHASONE-PHOSPHATE,0.14518254558916427,0.9656343811828061,0.9935926548675454
FINGOLIMOD,0.14535531674850005,0.9593022600541086,0.9935926548675454
FASUDIL,0.1457192799295,0.8666500521765257,0.9935926548675454
ROFECOXIB,0.14613968504660002,0.9582172051053613,0.9935926548675454
ML-281,0.1485744875037928,0.8942040634972852,0.9935926548675454
PERAMPANEL,0.1499133847515,0.97320965894948,0.9935926548675454
SCS,0.1504270304918,0.9283784829228153,0.9935926548675454
CATHARANTHINE,0.15053845847398895,0.9176437825577034,0.9935926548675454
PF-06873600,0.15325194640920992,0.9481304873293175,0.9935926548675454
PF-06747775,0.15374175219513872,0.9550385337737853,0.9935926548675454
LOMITAPIDE,0.1571609158385,0.8935809153341203,0.9935926548675454
PYRITHIONE-ZINC,0.15912399047999992,0.9675756036417996,0.9935926548675454
FLUMATINIB,0.1607322990176,0.902483726519395,0.9935926548675454
EXATECAN-MESYLATE,0.1621061079599997,0.9313324845908333,0.9935926548675454
VU10010,0.162448929447031,0.9108083196682206,0.9935926548675454
KHS-101,0.163362856390551,0.8759427080912257,0.9935926548675454
TRANILAST,0.16690816276155002,0.9108083196682206,0.9935926548675454
TROGLITAZONE,0.16715723298700003,0.9725044434174787,0.9935926548675454
APARARENONE,0.17003221581666697,0.8861952268095041,0.9935926548675454
CEDIRANIB,0.17417504442035,0.9582172051053613,0.9935926548675454
PITAVASTATIN,0.17595578952599988,0.9360188559916806,0.9935926548675454
GW-843682X,0.18179159992299987,0.9656343811828061,0.9935926548675454
DEMECLOCYCLINE,0.18368357666742607,0.8861952268095041,0.9935926548675454
PD-102807,0.185200915969,0.8767399050797139,0.9935926548675454
JZL-184,0.1857952133255,0.8931399720486181,0.9935926548675454
CEPHALOMANNINE,0.18784302506000028,0.9519024155408874,0.9935926548675454
SILDENAFIL,0.189641069748,0.879349268543575,0.9935926548675454
PF-06928215,0.1907123486287035,0.9067821002738145,0.9935926548675454
MECLOFENOXATE,0.19077512123815,0.8917597442699967,0.9935926548675454
BAY-K-8644-(+/-),0.193368041953,0.962931842331727,0.9935926548675454
TW-37,0.19347640421000012,0.924435554324881,0.9935926548675454
DIPHEMANIL,0.19461583147600003,0.9598239270930031,0.9935926548675454
EX-527,0.19479268146700002,0.8798782073511112,0.9935926548675454
CACCINH-A01,0.20184330129602174,0.9313324845908333,0.9935926548675454
CX-5461,0.2094384498675,0.884836122122616,0.9935926548675454
LXS196,0.22662561122346397,0.9205424353834115,0.9935926548675454
AZD4635,0.2436363954757963,0.8999121493387034,0.9935926548675454
A-987306,0.24571688823838062,0.8903434983870765,0.9935926548675454
ETRASIMOD,0.24946336210072845,0.9587668689721324,0.9935926548675454
ERK5-IN-1,0.263394947385966,0.8903434983870765,0.9935926548675454
APTO-253,0.28566216517645016,0.9349988039705048,0.9935926548675454
WORTMANNIN,0.287979723615268,0.9381847165220538,0.9935926548675454
OBATOCLAX,0.2915614989899997,0.9519024155408874,0.9935926548675454
SC-144,0.29467073063500004,0.9665156135992705,0.9935926548675454
TEMOCAPRIL,0.3147435493665,0.9381847165220538,0.9935926548675454
BUTAMBEN,0.3332994827656,0.8783292164577957,0.9935926548675454
PF-562271,0.3336959590670001,0.9531350701022971,0.9935926548675454
PEVONEDISTAT,0.34498145415000003,0.9225878017402113,0.9935926548675454
TG-02,0.35718572987999986,0.9147841170283114,0.9935926548675454
SPARFLOXACIN,0.3731706882400001,0.9387971929038754,0.9935926548675454
SKLB-1028,0.40352109160980504,0.897157678198832,0.9935926548675454
LANATOSIDE-C,0.4321058948650003,0.952526740982548,0.9935926548675454
IXAZOMIB-CITRATE,0.4413521510549998,0.8767399050797139,0.9935926548675454
PU-H71,0.48167476243499996,0.9397677242658635,0.9935926548675454
PD-166285,0.6589813832854148,0.8699514799357381,0.9935926548675454
HEMATOXYLIN,-0.2665254543115,0.9793765463530778,0.9937048705930758
RQ-00203078,-0.1395958091295224,0.9793765463530778,0.9937048705930758
RO-25-6981,-0.11657360732919998,0.9760975854483747,0.9937048705930758
PK-THPP,-0.10260253997773561,0.9769362848212957,0.9937048705930758
AKLOMIDE,-0.09967307777000001,0.9760975854483747,0.9937048705930758
XL888,-0.09835846826999983,0.9760975854483747,0.9937048705930758
ALVOCIDIB,-0.0949002674199999,0.9760975854483747,0.9937048705930758
WWL-113,-0.09105937974649403,0.9769362848212957,0.9937048705930758
MR-948,-0.070945591990496,0.9769362848212957,0.9937048705930758
FANTOFARONE,-0.06313069733083498,0.9793765463530778,0.9937048705930758
TOCAINIDE,-0.06049053878255,0.979644506884622,0.9937048705930758
MELOXICAM,-0.05211207552649999,0.9768898944678194,0.9937048705930758
MESTRANOL,-0.05084368895550004,0.9788188829520628,0.9937048705930758
PAQUINIMOD,-0.04624242388995659,0.9757808729982287,0.9937048705930758
BMS-626529,-0.0451506197131,0.9785285838110758,0.9937048705930758
6-CHLOROMELATONIN,-0.040350434760500015,0.979644506884622,0.9937048705930758
ALANTOLACTONE,-0.037963517309433994,0.9793765463530778,0.9937048705930758
VERCIRNON,-0.037470976252,0.9785285838110758,0.9937048705930758
IVACAFTOR,-0.027041182466000013,0.9760975854483747,0.9937048705930758
CLENBUTEROL,-0.019643118539000026,0.9799055919735097,0.9937048705930758
ETP-45658,-0.011733081808309898,0.9769362848212957,0.9937048705930758
NITAZOXANIDE,-0.011521402552600007,0.9788188829520628,0.9937048705930758
MAROPITANT,-0.0017828638891499993,0.9785285838110758,0.9937048705930758
NITENPYRAM,-0.0010153482823999985,0.9785285838110758,0.9937048705930758
DAIDZEIN,3.752914680000413e-05,0.9793765463530778,0.9937048705930758
DICHLOROPHEN,0.010749111729000005,0.9791014351008507,0.9937048705930758
GPI-688,0.013900645618209452,0.9793765463530778,0.9937048705930758
SALUBRINAL,0.03366077711800003,0.9793765463530778,0.9937048705930758
OXFENDAZOLE,0.05341836415279999,0.9764061200201103,0.9937048705930758
BENZNIDAZOLE,0.06084005281850002,0.9791014351008507,0.9937048705930758
BENZOIN,0.06286969433553,0.9769362848212957,0.9937048705930758
BUSPIRONE,0.06516825875849999,0.9799055919735097,0.9937048705930758
COTI-2,0.06929216984284275,0.9793765463530778,0.9937048705930758
GW-2580,0.081147898908,0.9760975854483747,0.9937048705930758
PROGESTERONE,0.0910953791219,0.9793765463530778,0.9937048705930758
ASC-J9,0.10008891775199999,0.9760975854483747,0.9937048705930758
INDIRUBIN,0.1028088054094,0.9764061200201103,0.9937048705930758
AG-556,0.10422090903749906,0.9793765463530778,0.9937048705930758
GSK1070916,0.11550539591100001,0.979644506884622,0.9937048705930758
ETOFIBRATE,0.11905539690950001,0.9791014351008507,0.9937048705930758
MOCETINOSTAT,0.135658908985,0.9793765463530778,0.9937048705930758
CYAMEMAZINE,0.141151423262,0.9785285838110758,0.9937048705930758
SARDOMOZIDE,-0.70980860827123,0.9826993220806945,0.9946035061494891
LIFITEGRAST,-0.24726932696899878,0.9826993220806945,0.9946035061494891
ATORVASTATIN,-0.083601994186,0.9831460253306611,0.9946035061494891
MEPHENTERMINE,-0.0578943581179,0.9831460253306611,0.9946035061494891
TAFLUPROST,-0.0440894158444773,0.9826993220806945,0.9946035061494891
TICAGRELOR,-0.009945064831999972,0.9826993220806945,0.9946035061494891
OLDA,0.028423600239999985,0.9829255956613446,0.9946035061494891
BMS-817378,0.03715063365752849,0.9814093212428494,0.9946035061494891
T-807,0.04483420640798402,0.9826993220806945,0.9946035061494891
FR-122047,0.045636097644999984,0.9831460253306611,0.9946035061494891
SORBINIL,0.06837581428799999,0.9829255956613446,0.9946035061494891
CYCLOVIROBUXIN-D,0.076680895173,0.9819830169524351,0.9946035061494891
NORTRIPTYLINE,0.10637136008521,0.9829255956613446,0.9946035061494891
THZ1,0.14237253098634017,0.9814093212428494,0.9946035061494891
UNBS-5162,0.2991222748514,0.9829255956613446,0.9946035061494891
LMK-235,-0.4706282227711449,0.9862501802121644,0.9947657657541451
TWS-119,-0.3845753800355,0.9862501802121644,0.9947657657541451
ISOETHARINE,-0.1886877845855,0.9864288533005973,0.9947657657541451
PCI-29732,-0.15690754597084655,0.9862501802121644,0.9947657657541451
HALOPEMIDE,-0.13314106848060003,0.9858783337104843,0.9947657657541451
TIVANTINIB,-0.10587262771999995,0.9862501802121644,0.9947657657541451
FLUTICASONE-PROPIONATE,-0.09123686975825002,0.9862501802121644,0.9947657657541451
"TROPANYL-3,5-DIMETHYLBENZOATE",-0.08388340662535,0.9866029411022254,0.9947657657541451
ETORICOXIB,-0.08025589423839999,0.9860667382061081,0.9947657657541451
NEURODAZINE,-0.03686433423120335,0.9862501802121644,0.9947657657541451
BENZO[D]THIAZOLE-2(3H)-THIONE,-0.03603363813549998,0.9860667382061081,0.9947657657541451
NS-19504,-0.02512650427223575,0.9862501802121644,0.9947657657541451
GALLIUM-TRIQUINOLIN-8-OLATE,-0.019816440940023494,0.9862501802121644,0.9947657657541451
RO-3,-0.014706832543571025,0.9861605372339136,0.9947657657541451
SU9516,-0.004197011577340981,0.9862501802121644,0.9947657657541451
GADODIAMIDE,0.018087685526500002,0.9866029411022254,0.9947657657541451
MONENSIN,0.027743859354999678,0.9864288533005973,0.9947657657541451
OSTARINE,0.06630252629328999,0.9866029411022254,0.9947657657541451
LITRONESIB,0.08025628093449988,0.9856847625300529,0.9947657657541451
"N-METHYL-(-)EPHEDRINE-[1R,2S]",0.101031683275,0.9864288533005973,0.9947657657541451
CABAGIN,0.10689186726830964,0.9862501802121644,0.9947657657541451
HYDROXYUREA,0.03985994654399999,0.9891892221250321,0.9972147789701445
ALTRETAMINE,-0.09945385308999999,0.9897548569067984,0.9972837467685945
TESAGLITAZAR,-0.058731581051000015,0.989887133844794,0.9972837467685945
DIPEPTAMIN,0.033722294968000055,0.9897548569067984,0.9972837467685945
BAY-1436032,0.06825377441817859,0.9896190725938754,0.9972837467685945
WAY-200070,-0.21004649573099998,0.9931248348763765,0.9973934277956071
FURAGIN,-0.18904422661165468,0.9931248348763765,0.9973934277956071
AMG-925,-0.14261661327469752,0.990704029723175,0.9973934277956071
PALOVAROTENE,-0.13368452012529997,0.9922956738055455,0.9973934277956071
PI-103,-0.10918685789499993,0.9933012344671102,0.9973934277956071
STREPTOZOTOCIN,-0.09182374596099999,0.9932141812422536,0.9973934277956071
TRIAZOLAM,-0.08193213485810001,0.9931248348763765,0.9973934277956071
DEQUALINIUM,-0.053487191334999906,0.993033103520419,0.9973934277956071
CHLORMIDAZOLE,-0.032553801232000024,0.9922956738055455,0.9973934277956071
BAVISANT,-0.031035411269349993,0.9931248348763765,0.9973934277956071
TETRABENAZINE,-0.030460862155000004,0.9933012344671102,0.9973934277956071
INDIBULIN,-0.021144417524999737,0.9933012344671102,0.9973934277956071
DEHYDROCHOLATE-ACID,-0.00590225202450001,0.9922956738055455,0.9973934277956071
NASTORAZEPIDE,0.003332552789299996,0.9928420932340113,0.9973934277956071
CONIVAPTAN,0.019928399210650004,0.993033103520419,0.9973934277956071
ZM-39923,0.033358941796536534,0.9931248348763765,0.9973934277956071
TABIMORELIN,0.04110957146519251,0.990704029723175,0.9973934277956071
LACTULOSE,0.07058799882850003,0.9932141812422536,0.9973934277956071
AMCASERTIB,0.1270172424344415,0.9931248348763765,0.9973934277956071
P5091,0.1365415147951,0.9933012344671102,0.9973934277956071
KPT-185,0.44435241934000036,0.9933012344671102,0.9973934277956071
GSK3117391,-0.4120053798240102,0.9965396040829922,0.9992655560290716
AM-630,-0.042080858124000003,0.9965848688817631,0.9992655560290716
LY334370,-0.0276696862241088,0.9965396040829922,0.9992655560290716
NEXTURASTAT-A,-0.024380877878300004,0.9965848688817631,0.9992655560290716
TALSACLIDINE,-0.016049793316831998,0.9965396040829922,0.9992655560290716
SITRAVATINIB,0.08788525358627497,0.9965396040829922,0.9992655560290716
ORLISTAT,0.09862674087000001,0.9965396040829922,0.9992655560290716
CEFTOBIPROLE,0.1268855589068762,0.9965396040829922,0.9992655560290716
WIKI4,0.1558965337368641,0.9953866401100804,0.9992655560290716
DABRAFENIB,-0.211871301186,1.0,1.0
ANABASINE,-0.09767636288599998,1.0,1.0
ICOTINIB,-0.03627860036149999,1.0,1.0
PYRITINOL,-0.029694162532999946,1.0,1.0
ENOXIMONE,0.01923388234805,1.0,1.0
ACETARSOL,0.04434067642,1.0,1.0
CEFIXIME,0.048593709984450006,1.0,1.0
HONOKIOL,0.05128789238249998,1.0,1.0
ACECLOFENAC,0.0830870751465,1.0,1.0
METRIZOIC-ACID,0.08373827187379,1.0,1.0
TOPOTECAN,0.08917865874500008,1.0,1.0
ANGUIDINE,0.1115956382650003,1.0,1.0
MELENGESTROL-ACETATE,0.1196840338015,1.0,1.0
CB-10-277,0.1473956152418,1.0,1.0
INIPARIB,0.15543553909699998,1.0,1.0
SULFINPYRAZONE,0.183296787359,1.0,1.0
TG-101209,0.18536909273500024,1.0,1.0
