feature,delta_value,p_value,corrected_p_value
IDASANUTLIN,2.4457054404350003,5.3491397511695496e-05,0.16948749301580718
MILADEMETAN,3.1299621134916107,4.25743966098324e-05,0.16948749301580718
AMG-232,1.878422056556,0.00011005312830425872,0.23246889135469584
RG7112,1.6667911947010763,0.00020163504650860914,0.27321110992619946
CGM097,2.092653565239,0.00021556817889079963,0.27321110992619946
SAR405838,2.268313500772734,0.00028764240195323183,0.30379831686293834
LINOPIRDINE,-0.35854589086695,0.0006222897125525704,0.5633499869208054
PTC-028,-3.18487455101848,0.05690923586648463,0.848805193799887
ADAVIVINT,-2.1970472203897002,0.11109712985764918,0.848805193799887
TC-S-7003,-2.1967236986757346,0.057056716267754735,0.848805193799887
POLYDATIN,-1.993672754482,0.010590409224499237,0.848805193799887
MELPHALAN,-1.8678623396210001,0.01262067367293497,0.848805193799887
PHA-680632,-1.8600511398055,0.031233991342606675,0.848805193799887
GDC-0575,-1.8553646614198906,0.1256293864276594,0.848805193799887
AP-18,-1.8181240312256355,0.07723553638016373,0.848805193799887
GSK923295,-1.7823232273865002,0.0035643926491951577,0.848805193799887
DEXRAZOXANE,-1.6550775393356,0.035626129842882846,0.848805193799887
AV-412,-1.6129236773109998,0.006613599963330516,0.848805193799887
4SC-202,-1.579687827513355,0.007804439953797174,0.848805193799887
ETOPOSIDE,-1.5381663345469998,0.0021257749587486677,0.848805193799887
ORNIPRESSIN,-1.51198497325165,0.030222318572015804,0.848805193799887
ELDECALCITOL,-1.4607239942891348,0.11280055477337408,0.848805193799887
NAQUOTINIB,-1.3860894653028102,0.0163392412214269,0.848805193799887
10-DEACETYLBACCATIN,-1.36427067288,0.08970873809949254,0.848805193799887
SKLB-1028,-1.344915610515012,0.024917755044732814,0.848805193799887
VE-822,-1.331518155387,0.05546105367945976,0.848805193799887
THREO-2-METHYLISOCITRATE-(DL),-1.3066339533839488,0.0033915285605877637,0.848805193799887
PF-06747775,-1.306414425106414,0.0029229783877140147,0.848805193799887
INDIBULIN,-1.2594005316149999,0.060597515265419954,0.848805193799887
COMBRETASTATIN-A-4,-1.2543176864449999,0.06691124000337006,0.848805193799887
BRIVARACETAM,-1.2435154878525,0.023599945666772433,0.848805193799887
AZ960,-1.1967446886030002,0.051008266154610855,0.848805193799887
EPZ011989,-1.1690810751210838,0.014251463547509417,0.848805193799887
SCABERTOPIN,-1.1054437856238901,0.04601919468541639,0.848805193799887
AEE788,-1.0954351488847,0.03345247727874631,0.848805193799887
K-STROPHANTHIDIN,-1.0791879364435002,0.049943742954660204,0.848805193799887
CABAZITAXEL,-1.02309133716,0.13448406388341985,0.848805193799887
MK-8745,-0.9808779249594999,0.0922020956336059,0.848805193799887
CID-5458317,-0.9743006306850002,0.14182354682341408,0.848805193799887
ZM-306416,-0.9739871496300001,0.00579000912622966,0.848805193799887
PF-477736,-0.9666293670199999,0.036634177048628286,0.848805193799887
LY2606368,-0.9527689461634999,0.09095534594736993,0.848805193799887
INDISULAM,-0.94881258433895,0.07837967092274457,0.848805193799887
AFATINIB,-0.9434393364825,0.014657247416904228,0.848805193799887
XL-647,-0.9212701967204999,0.017614889217406282,0.848805193799887
PD-168393,-0.9208786040725,0.1119613542637483,0.848805193799887
SARACATINIB,-0.909482265541527,0.06913252135356777,0.848805193799887
RESIBUFOGENIN,-0.9074548478675,0.08956719943511504,0.848805193799887
PARDOPRUNOX,-0.875761990968,0.024533488059323472,0.848805193799887
STF-31,-0.8612531964390548,0.11982328822586016,0.848805193799887
ALISERTIB,-0.8585919369180001,0.08004618319660768,0.848805193799887
PD-166285,-0.8439520628725949,0.08790617184811178,0.848805193799887
MERCAPTOPURINE,-0.8415845276620001,0.019218105675178555,0.848805193799887
ISRIB,-0.8379350144032846,0.008983561694805993,0.848805193799887
IRINOTECAN,-0.8096851202200002,0.12696798453468236,0.848805193799887
OPROZOMIB,-0.8074640228400001,0.1350611866670934,0.848805193799887
"2,3-DCPE",-0.8000187402541,0.06442235604325422,0.848805193799887
COSTUNOLIDE,-0.7703143499405,0.012182991537619517,0.848805193799887
POZIOTINIB,-0.7676302498115001,0.007469758060428665,0.848805193799887
K-RAS(G12C)-INHIBITOR-12,-0.7546884443107216,0.038546069137574204,0.848805193799887
BAFILOMYCIN-A1,-0.752032360720754,0.06098503022969167,0.848805193799887
PCI-29732,-0.7378173049111316,0.007184050125236209,0.848805193799887
JD-5037,-0.7308459095119999,0.058917878579522256,0.848805193799887
AMONAFIDE,-0.71657053027825,0.08643078066022979,0.848805193799887
METHIAZOLE,-0.7055822487900001,0.072577702975798,0.848805193799887
CONVALLATOXIN,-0.6935737033981093,0.024701156569523274,0.848805193799887
DACOMITINIB,-0.686272085501,0.017814986782998744,0.848805193799887
GSK3326595,-0.6802823342205401,0.054003342219246256,0.848805193799887
OSI-420,-0.668408676663,0.15342098023122405,0.848805193799887
VOLASERTIB,-0.66553161385,0.04059090074678254,0.848805193799887
LY2334737,-0.6092589697540001,0.0633470694830293,0.848805193799887
HYPOESTOXIDE,-0.6071710330255,0.022154151282486212,0.848805193799887
CUDC-101,-0.6022202699799999,0.11906388325230803,0.848805193799887
PARTHENOLIDE-(ALTERNATE-STEREO),-0.600964596313,0.09666504895115965,0.848805193799887
ARQ-092,-0.600198415589936,0.1478993354428748,0.848805193799887
TYRPHOSTIN-AG-1478,-0.5971761660675,0.031233991342606675,0.848805193799887
LAPATINIB,-0.5861282725145001,0.025772051880072037,0.848805193799887
CH5132799,-0.5855478227675,0.0837686721656663,0.848805193799887
BARASERTIB-HQPA,-0.583657345085,0.1597071347601634,0.848805193799887
TEDIZOLID-PHOSPHATE,-0.5458193160746,0.04299040920793896,0.848805193799887
LORACARBEF,-0.5448687026858345,0.12345715753839606,0.848805193799887
ARQ-621,-0.54382891486632,0.08182337378791597,0.848805193799887
RHC-80267,-0.5427791443026,0.00238879200719814,0.848805193799887
NVP-231,-0.5418859785453052,0.11145425779529244,0.848805193799887
ANLOTINIB,-0.5408809348259574,0.05230131982321826,0.848805193799887
SNS-314,-0.5401322634349999,0.1597071347601634,0.848805193799887
TAK-901,-0.5224247335349999,0.1589171427392695,0.848805193799887
TRYPTANTHRIN,-0.519647534741605,0.027138598052653902,0.848805193799887
ARTEMISININ,-0.51898940697525,0.041271543896996644,0.848805193799887
AZD8931,-0.5179419930658,0.143568115291347,0.848805193799887
CISAPRIDE,-0.5113736036840001,0.14541755531194134,0.848805193799887
BMS-754807,-0.5067625106985,0.08850485419094298,0.848805193799887
YK-4-279,-0.5010615235287601,0.0961044167188124,0.848805193799887
ENMD-2076,-0.499707304386,0.15398288460589238,0.848805193799887
THZ1-R,-0.48974475559447145,0.0802367502682842,0.848805193799887
BIX-02189,-0.48898268304750003,0.0826564690396736,0.848805193799887
PROADIFEN,-0.4862220350665,0.013339223435248484,0.848805193799887
MEPACRINE,-0.48482038558499996,0.1377196678535584,0.848805193799887
GRAMINE,-0.4846275398055,0.09075176591775759,0.848805193799887
GDC-0941,-0.47935335401095,0.0850890728162038,0.848805193799887
NAFCILLIN,-0.47577554378800013,0.045245609732249115,0.848805193799887
ALPHA-METHYLHISTAMINE-DIHYDROBROMIDE-(S)-(+),-0.4716043376626,0.011126931525441553,0.848805193799887
BROMFENAC,-0.4694966467985,0.13370795180538633,0.848805193799887
NIRAPARIB,-0.46789867492554,0.06960936453952442,0.848805193799887
WZ8040,-0.4622798201951,0.06817368217316355,0.848805193799887
CHRYSIN,-0.45716473388999995,0.018983780937875363,0.848805193799887
BMS-599626,-0.45627808201100006,0.012616369007842361,0.848805193799887
BYK-204165,-0.4480721222775,0.029089860990219565,0.848805193799887
TEROXIRONE,-0.4432804586848,0.09060601190489916,0.848805193799887
BATIMASTAT,-0.43924971596749995,0.06331898143116332,0.848805193799887
CLINDAMYCIN-PHOSPHATE,-0.4337597698395,0.13292467358767096,0.848805193799887
ZANUBRUTINIB,-0.432539523301878,0.05592647846197165,0.848805193799887
ICRT-14,-0.43230757213205945,0.1198209215102944,0.848805193799887
TOSEDOSTAT,-0.43215064056450003,0.1352336121812705,0.848805193799887
TASELISIB,-0.43008857663520006,0.1458728793586387,0.848805193799887
CATHARANTHINE,-0.429754467973517,0.03322044048222848,0.848805193799887
ASTEMIZOLE,-0.4271747403515,0.009491096053440909,0.848805193799887
LAZERTINIB,-0.425789830681777,0.02693413761599638,0.848805193799887
ADAPALENE,-0.42523994459000003,0.05282587022854095,0.848805193799887
PD-98059,-0.4192578137030001,0.028754492374722475,0.848805193799887
4-IODO-6-PHENYLPYRIMIDINE,-0.412533645583,0.11452449900434425,0.848805193799887
WARFARIN,-0.4091755258965001,0.06345419544350378,0.848805193799887
SJG-136,-0.408058755055423,0.027775724182223935,0.848805193799887
VOXTALISIB,-0.40631905010865005,0.15555149305305044,0.848805193799887
MESORIDAZINE,-0.40260632261465,0.08924164599420326,0.848805193799887
ETHAVERINE,-0.3982696531086,0.10117383939442733,0.848805193799887
ELN-441958,-0.39767403204149093,0.09727631095573708,0.848805193799887
SR-1078,-0.3948025419968975,0.1535346274774614,0.848805193799887
IBRUTINIB,-0.39445653458950003,0.09310643846662385,0.848805193799887
PF-3845,-0.388434616042,0.12837877285143115,0.848805193799887
NEBRACETAM,-0.3865413263085,0.013948323580769483,0.848805193799887
BOPINDOLOL,-0.38593946059719997,0.036679831763111265,0.848805193799887
ENIPORIDE,-0.38429716912824097,0.09523999259510728,0.848805193799887
APOCYNIN,-0.383451890744,0.06442235604325422,0.848805193799887
CNX-2006,-0.38024343115635,0.014564673931526212,0.848805193799887
API-001,-0.378295848153,0.005303280874592763,0.848805193799887
PP-2,-0.3760414372227,0.13202257029553055,0.848805193799887
VIGABATRIN,-0.3751581770984,0.14168228776843514,0.848805193799887
VP-20629,-0.3716491089388425,0.011118965106665574,0.848805193799887
SP-420,-0.370165895104973,0.02944093118489082,0.848805193799887
LEVAMLODIPINE,-0.36991530671298206,0.013358376632856927,0.848805193799887
ARRY-334543,-0.368539840332,0.15296600613907504,0.848805193799887
TOPOTECAN,-0.3684946297649998,0.1119301413862053,0.848805193799887
NOMEGESTROL-ACETATE,-0.36649997152100006,0.0761621748270661,0.848805193799887
EX-527,-0.365477023038,0.04301224142179041,0.848805193799887
YS-035,-0.36140286737669997,0.0761621748270661,0.848805193799887
TRACAZOLATE,-0.35946108136460003,0.05189490926586162,0.848805193799887
TIOTIDINE,-0.35935342027499995,0.11164259224604343,0.848805193799887
PIZOTIFEN,-0.35805860680699997,0.07727454742657652,0.848805193799887
ENTRECTINIB,-0.35408575830995,0.04504739298128893,0.848805193799887
MILRINONE,-0.353435942708,0.003827673949302002,0.848805193799887
8-HYDROXY-PIPAT,-0.353397674766,0.005087250577225535,0.848805193799887
PENICILLIN-V-POTASSIUM,-0.353161998553,0.06977956120609397,0.848805193799887
VOLINANSERIN,-0.3489692818425,0.024983553084886777,0.848805193799887
PROTIONAMIDE,-0.348378047949,0.005687557016209186,0.848805193799887
THYMOPENTIN,-0.343145106340278,0.07847708365804526,0.848805193799887
BRIGATINIB,-0.3429122817925,0.14593635220015674,0.848805193799887
ORNITHINE,-0.3425605160049,0.09967999170550888,0.848805193799887
NORGESTREL,-0.3417319464055,0.11717326213383909,0.848805193799887
SAM-315,-0.3388560551485346,0.05495789702471244,0.848805193799887
PAEONIFLORIN,-0.3375477674294585,0.10129914746972912,0.848805193799887
FTORAFUR,-0.3369932724486,0.024173895547187834,0.848805193799887
GDC-0152,-0.335231637103,0.15613309303502815,0.848805193799887
MIZOLASTINE,-0.3329751462424,0.14147128449500743,0.848805193799887
MMV-390048,-0.3325231918625695,0.049613084925250926,0.848805193799887
DEXTROMETHORPHAN,-0.33187127231400004,0.05482349696335944,0.848805193799887
BMS-906024,-0.330178137124964,0.1256293864276594,0.848805193799887
CANERTINIB,-0.3297947224317,0.04557743775414036,0.848805193799887
AS-77,-0.328960760949,0.1557224270498724,0.848805193799887
TULRAMPATOR,-0.32777600933297285,0.02085301073537956,0.848805193799887
LINIFANIB,-0.3276489276365,0.0785398972962263,0.848805193799887
ETRABAMINE,-0.3265903499513437,0.14342379788634005,0.848805193799887
FR-139317,-0.326450792895,0.03473071933451615,0.848805193799887
HYGROMYCIN-B,-0.3260424159298,0.04039088544615937,0.848805193799887
TRICLOSAN,-0.32488690970217,0.020249267666860117,0.848805193799887
LY2228820,-0.324295020272,0.0850890728162038,0.848805193799887
PHT-427,-0.3237308336903,0.13717246554429569,0.848805193799887
LIQUIRITIN,-0.3232891087523826,0.03000410044057816,0.848805193799887
EZATIOSTAT,-0.31997922367099996,0.07111978575999728,0.848805193799887
ITX3,-0.31865496931762516,0.032601241320302336,0.848805193799887
ATIPAMEZOLE,-0.318041933145,0.1203759615723544,0.848805193799887
CYCLOVALONE,-0.31661972056800003,0.1492317115240091,0.848805193799887
NORCYCLOBENZAPRINE,-0.31174079226109996,0.056078234038379186,0.848805193799887
DABIGATRAN,-0.31042692819900003,0.02831866841187638,0.848805193799887
PD-81723,-0.309980299699245,0.06994557833975022,0.848805193799887
BAY-K-8644-(S)-(-),-0.309900632079,0.060618179255737835,0.848805193799887
EMTRICITABINE,-0.30876459808310003,0.04613489436547737,0.848805193799887
FANANSERIN,-0.30860702242474997,0.004109646172658945,0.848805193799887
KG-5,-0.30808107384876005,0.1504488962270147,0.848805193799887
DOXEPIN,-0.30712419261080004,0.08115041597686899,0.848805193799887
VANDETANIB,-0.306801816406,0.1371681567223533,0.848805193799887
SB-334867,-0.30657044528399996,0.006613599963330516,0.848805193799887
ORG-12962,-0.306565358477,0.045895621846670696,0.848805193799887
SPARTEINE-(+),-0.3054228098704908,0.07597924927284846,0.848805193799887
METYRAPONE,-0.3044889982722,0.0614008856520605,0.848805193799887
PAPAVERINE,-0.30427016626600006,0.10562977723718378,0.848805193799887
PRN1008,-0.304103810415842,0.10302173859891589,0.848805193799887
LIMONIN,-0.2999384554066,0.11301802635799296,0.848805193799887
METHYLPARABEN,-0.299593063337644,0.054003342219246256,0.848805193799887
PERGOLIDE,-0.2985672487021,0.017756469236356397,0.848805193799887
DICLOFENAC,-0.295143434405,0.15881420986705186,0.848805193799887
TRIGONELLINE,-0.29495777270245,0.041271543896996644,0.848805193799887
IBUDILAST,-0.29314791017499997,0.07018709719380105,0.848805193799887
AZD3759,-0.29261866550473314,0.15259402498603666,0.848805193799887
GR-103691,-0.288048209835,0.09507827459790252,0.848805193799887
AZD1390,-0.287837387101086,0.04126850550313707,0.848805193799887
METHOXYAMINE,-0.2830315163518,0.046405159181397204,0.848805193799887
CHLORAMBUCIL,-0.2823026798725,0.11346279386188224,0.848805193799887
TOZASERTIB,-0.281658188966,0.0811647390733896,0.848805193799887
TERGURIDE,-0.281589819802085,0.03127586607871879,0.848805193799887
CILUPREVIR,-0.28003823709934994,0.06204092560362243,0.848805193799887
U-0521,-0.2794735491629,0.042895877748850814,0.848805193799887
EXHERIN,-0.277170108334,0.15249385578764513,0.848805193799887
DIPYRIDAMOLE,-0.2766219449823,0.09808823735060286,0.848805193799887
CIMETIDINE,-0.2751038894780001,0.1597071347601634,0.848805193799887
DIAZEPAM,-0.274772643174,0.05846908353960427,0.848805193799887
PD1-PDL-INHIBITOR-1,-0.274077896507321,0.047639576298879674,0.848805193799887
SDZ-SER-082,-0.2731527960695844,0.08790617184811178,0.848805193799887
TIBOLONE,-0.27149903457425,0.03224765222590139,0.848805193799887
K-MAP,-0.27032801493250996,0.10922655429470902,0.848805193799887
DIACEREIN,-0.2700284985815,0.06577905778898399,0.848805193799887
SD-2590,-0.2698201801264349,0.08651060140880203,0.848805193799887
CILOSTAMIDE,-0.2696464907835,0.1546994118094749,0.848805193799887
UNC1215,-0.2691795401951,0.036634177048628286,0.848805193799887
CAPSAZEPINE,-0.26885855976899997,0.028970107252599873,0.848805193799887
RIMEPORIDE,-0.268751359180165,0.10142621641119141,0.848805193799887
DMEOB,-0.26858439579899995,0.009677477933036655,0.848805193799887
SCOPOLAMINE-N-OXIDE,-0.2684600821601,0.019464767741340917,0.848805193799887
PHENAZONE,-0.268320199648,0.1405872055959203,0.848805193799887
AM-580,-0.268069864676,0.14365915354940034,0.848805193799887
GW-842166,-0.2674469082345,0.15498954736750284,0.848805193799887
CERULENIN,-0.26679901818215,0.07063952514387452,0.848805193799887
IDO5L,-0.266651202112,0.10706765820219377,0.848805193799887
FLUPENTIXOL,-0.26647416778294997,0.04909798160926555,0.848805193799887
CEFDINIR,-0.26634652539500003,0.09939880230979382,0.848805193799887
METHANTHELINE,-0.2655769535307823,0.07231010420347304,0.848805193799887
SULBUTIAMINE,-0.263567993907,0.15651878425631402,0.848805193799887
CH223191,-0.26271675619682,0.07847901515496225,0.848805193799887
CANGRELOR,-0.2617596126454142,0.06311190355289038,0.848805193799887
GSK650394,-0.26095032641519994,0.14294478070951566,0.848805193799887
TECADENOSON,-0.2590035498286555,0.07847708365804526,0.848805193799887
RO-5263397,-0.2588367953355568,0.09829424068863121,0.848805193799887
METRIZOIC-ACID,-0.2586939920614,0.12595638618399915,0.848805193799887
CHLORTETRACYCLINE,-0.25859601977835,0.12536644403297673,0.848805193799887
FLAVOXATE,-0.2577002305167,0.11854150249052062,0.848805193799887
FERROSTATIN-1,-0.25678140793725557,0.004630693760829956,0.848805193799887
DOXIFLURIDINE,-0.256198638503,0.1497834380591016,0.848805193799887
5-METHYLFURMETHIODIDE,-0.25528333982845003,0.10547461692481383,0.848805193799887
FIDAXOMICIN,-0.25487478541999997,0.08920329982861598,0.848805193799887
BIAPENEM,-0.2547535319035986,0.002073333407961865,0.848805193799887
ALGESTONE-ACETOPHENIDE,-0.2530080747485,0.1352336121812705,0.848805193799887
GPI-688,-0.2527223271231557,0.15793380495265652,0.848805193799887
STATTIC,-0.25147009754499994,0.11702979971361172,0.848805193799887
HC-070,-0.2505419040648793,0.05032242235173636,0.848805193799887
PLURISIN-#1,-0.25039911630548,0.09808823735060286,0.848805193799887
SGS-742,-0.2499212287857017,0.15192758583686675,0.848805193799887
EFATUTAZONE,-0.24952650237260005,0.04207707868229594,0.848805193799887
FIMASARTAN,-0.24939696830834998,0.005141427698940525,0.848805193799887
BETAMIPRON,-0.24860820143249998,0.02300595310513449,0.848805193799887
CINCHONINE,-0.2472046441566692,0.07473968339625785,0.848805193799887
ANDROGRAPHOLIDE,-0.2469109814748,0.10757671111113058,0.848805193799887
DRF053-(R),-0.244785111865,0.10274537684907978,0.848805193799887
MEISOINDIGO,-0.24394893712695,0.10231891598042508,0.848805193799887
DIACETAMATE,-0.2425562699482,0.012526924091680817,0.848805193799887
L-655240,-0.242534992499,0.06346262085317324,0.848805193799887
SILIBININ,-0.242186617395,0.062407418568705776,0.848805193799887
DIOSGENIN,-0.24035369315725003,0.037842993276835234,0.848805193799887
PRIMA1,-0.240027917601,0.12487940382503028,0.848805193799887
AMITRIPTYLINE,-0.23955045889530002,0.052058768750600205,0.848805193799887
ACEFYLLINE,-0.2389765819115,0.11626911024609997,0.848805193799887
AVEX-73,-0.2378295491394018,0.12191910498015404,0.848805193799887
CYANOPINDOLOL,-0.2372031310118,0.13686543092301678,0.848805193799887
IRL-2500,-0.23634012306215,0.04372810578607846,0.848805193799887
ALLYLTHIOUREA,-0.23625632572779998,0.07607187407516387,0.848805193799887
GBR-12935,-0.2354124707974,0.13297510667856532,0.848805193799887
PURVALANOL-B,-0.23527775241350002,0.09808823735060286,0.848805193799887
A61603,-0.23433443516695002,0.10325687937443512,0.848805193799887
SR-1664,-0.23319611947331587,0.03998556533834809,0.848805193799887
MK-8617,-0.2328494523532943,0.05306266526381246,0.848805193799887
TANGERITIN,-0.2320611168537,0.14711141247145648,0.848805193799887
SB-258585,-0.23178507253199998,0.030056469156352503,0.848805193799887
LUPANINE,-0.23141657340599997,0.1072349686763342,0.848805193799887
STATIL,-0.2303484367205904,0.09080164442938755,0.848805193799887
LEMBOREXANT,-0.23020058742065003,0.08956719943511504,0.848805193799887
KU-55933,-0.2292726953791,0.14089571957191,0.848805193799887
CARNITINE-(D/L),-0.2285348259388,0.062164500750371325,0.848805193799887
GR-159897,-0.22695877591019997,0.14147128449500743,0.848805193799887
PLOVAMER-ACETATE,-0.22631307769249998,0.04582863786900409,0.848805193799887
PF-06273340,-0.2258340711597629,0.027775724182223935,0.848805193799887
CIPEMASTAT,-0.2254800308625,0.12928861755681478,0.848805193799887
PICONOL,-0.22513557142455,0.119282083020884,0.848805193799887
VELNEPERIT,-0.2246073781145,0.14593635220015674,0.848805193799887
MK-3207,-0.222573809511,0.04092412841960581,0.848805193799887
VIDARABINE,-0.22230050589855,0.07317804924673119,0.848805193799887
THIOTHIXENE,-0.2216822777976,0.15555149305305044,0.848805193799887
CLOSANTEL,-0.2206304439178,0.026585318796974063,0.848805193799887
LAUROCAPRAM,-0.2204505899737,0.05819081670034564,0.848805193799887
NEOSTIGMINE,-0.21950898318905,0.050889442298863205,0.848805193799887
ZIBOTENTAN,-0.2189738166337,0.1589171427392695,0.848805193799887
MELANOTAN-II,-0.21758038218516831,0.04601919468541639,0.848805193799887
E-2001,-0.2170682117324216,0.06311190355289038,0.848805193799887
4-IODO-L-PHENYLALANINE,-0.216212734904,0.016876359881431924,0.848805193799887
BUTHIONINE-SULFOXIMINE,-0.2161661470389,0.10261006591345616,0.848805193799887
NITISINONE,-0.2160202095169,0.12686637705810164,0.848805193799887
FLOSEQUINAN,-0.2156192002024466,0.026711673619796074,0.848805193799887
SKF-77434,-0.2152416811035,0.11702979971361172,0.848805193799887
ML-277,-0.21521183750098904,0.010762336661675618,0.848805193799887
CHUANXIONGZINE,-0.21486779609259998,0.09001790391630991,0.848805193799887
CGP-39551,-0.214279649264519,0.04519682295038921,0.848805193799887
ESCULIN,-0.2139960729114,0.09648393254553982,0.848805193799887
HYDROQUINIDINE,-0.2139859743151,0.01850651490437242,0.848805193799887
YM-201636,-0.2138559087925,0.14770179111748935,0.848805193799887
HYDROXYPROGESTERONE,-0.2134373224205,0.04039088544615937,0.848805193799887
BERGAPTEN,-0.21342094571075,0.15918309619063153,0.848805193799887
AZD6765,-0.21312190797685,0.12291677943206038,0.848805193799887
PDE10-IN-1,-0.2121201268750709,0.14289942514741688,0.848805193799887
FLUCONAZOLE,-0.21205575960790002,0.138434222721373,0.848805193799887
DECOQUINATE,-0.21147574483950005,0.11547147007915134,0.848805193799887
SOLAMARGINE,-0.20937064417255002,0.005943564060961886,0.848805193799887
SPIROXATRINE,-0.20807320319775,0.1371681567223533,0.848805193799887
ZATEBRADINE,-0.20785628958000002,0.15082172605411726,0.848805193799887
LEVALLORPHAN,-0.20727427343254998,0.13999628431554112,0.848805193799887
CHLORAMPHENICOL,-0.20720454370014998,0.15037854371787399,0.848805193799887
BUPICOMIDE,-0.20710419684833312,0.10291756265464193,0.848805193799887
HYDROXYCHLOROQUINE,-0.20708402034915002,0.0979873350092203,0.848805193799887
L-HYDROXYPROLINE,-0.20687417567639999,0.07705254913255748,0.848805193799887
PHLOROGLUCIN,-0.20642960647126501,0.07026567343786638,0.848805193799887
RELCOVAPTAN,-0.20633429005700002,0.07611730946018434,0.848805193799887
LUFENURON,-0.2063178967775,0.05734685190136639,0.848805193799887
BROMPHENIRAMINE,-0.2054476025163,0.11069841135017076,0.848805193799887
CASTANOSPERMINE,-0.20436804327350003,0.038178788031949275,0.848805193799887
DEXTROROTATION-NIMORAZOLE-PHOSPHATE-ESTER,-0.20415686059544622,0.12191910498015404,0.848805193799887
20-HETE,-0.203636371599691,0.11651497923683528,0.848805193799887
ANR-94,-0.20225228663849226,0.06705381805469299,0.848805193799887
AFALANINE,-0.20175380746944999,0.13800576370912127,0.848805193799887
NITROMIDE,-0.201159979297,0.13290385290453244,0.848805193799887
MORANTEL,-0.2011134566406618,0.0797988862696907,0.848805193799887
RS-67333,-0.2001790071394,0.11089634117469822,0.848805193799887
BRIVANIB,-0.19985403680799996,0.08124440312417945,0.848805193799887
PROPAGERMANIUM,-0.19919648250042463,0.1557224270498724,0.848805193799887
CRENIGACESTAT,-0.1982835849472615,0.1198209215102944,0.848805193799887
TCS-3035,-0.19715075501649088,0.03926021550656859,0.848805193799887
BW-373U86,-0.19664330965840005,0.10547461692481383,0.848805193799887
RILMENIDINE,-0.19622319146948,0.04023096986176234,0.848805193799887
LINAPRAZAN,-0.19482376903149298,0.10792828897016131,0.848805193799887
NAPAMEZOLE,-0.1942945513696635,0.04685413292204154,0.848805193799887
PIRIBEDIL,-0.19350018651235,0.14391040260011317,0.848805193799887
PINOCEMBRIN,-0.19273861959689997,0.06231747173556949,0.848805193799887
BENZYLPENICILLIN,-0.19263794510499999,0.07002706726438403,0.848805193799887
PROCODAZOLE,-0.19181675432890002,0.048246206878633395,0.848805193799887
KETOTIFEN,-0.19117245807125,0.08124440312417945,0.848805193799887
REVEFENACIN,-0.19105487917631903,0.129427063702118,0.848805193799887
MIRIDESAP,-0.1903822368865746,0.08793627877669878,0.848805193799887
MBX-2982,-0.19030559731500007,0.09627944677981011,0.848805193799887
LGD-6972,-0.1866204197605717,0.08242440775312075,0.848805193799887
VELPATASVIR,-0.18640047473026403,0.1393111935451265,0.848805193799887
IKK-2-INHIBITOR,-0.18537660472550002,0.1086797026848245,0.848805193799887
PCO-400,-0.18489430970757814,0.09666504895115965,0.848805193799887
AMIBEGRON,-0.18456632676195,0.052217726759894355,0.848805193799887
ERYTHROMYCIN,-0.184215854764,0.10117383939442733,0.848805193799887
ISOXEPAC,-0.18409858189965,0.0826564690396736,0.848805193799887
RELUGOLIX,-0.1838473735593152,0.12751722773522184,0.848805193799887
CANDESARTAN-CILEXETIL,-0.18316884965059999,0.15793380495265652,0.848805193799887
LERISETRON,-0.18114641743900006,0.010502460960079275,0.848805193799887
MEBEVERINE,-0.181034805959,0.1390523353027042,0.848805193799887
A205804,-0.18077860090445,0.1589171427392695,0.848805193799887
NILUTAMIDE,-0.17920113245685,0.08784710610850746,0.848805193799887
ANABASINE,-0.17866640660799998,0.030654238632874323,0.848805193799887
QUIPAZINE,-0.178082766,0.1325419453795618,0.848805193799887
BALSALAZIDE,-0.1779620142274,0.1240742781797994,0.848805193799887
BENFLUOREX,-0.17754339535815003,0.08554026800569514,0.848805193799887
DOMIPHEN,-0.17737702852642998,0.15249385578764513,0.848805193799887
QUERCETIN,-0.1755625720245,0.1261941696479622,0.848805193799887
BD-1047,-0.175450215167,0.1142963294068845,0.848805193799887
UREA,-0.1751700301069,0.0837686721656663,0.848805193799887
BLEBBISTATIN-(+/-),-0.17421764473149992,0.13297510667856532,0.848805193799887
ML10302,-0.1737575467974325,0.09515858458798931,0.848805193799887
JNJ-39758979,-0.1737475542626271,0.06641686169811223,0.848805193799887
NS-19504,-0.17365728355285806,0.130987522824446,0.848805193799887
SR-140333,-0.17204754724997623,0.07867521376093914,0.848805193799887
LTX-315,-0.1712876078513467,0.04126850550313707,0.848805193799887
PK-THPP,-0.1706886950099461,0.1609830711346837,0.848805193799887
LB-100,-0.16977597709089998,0.051966680634355014,0.848805193799887
OLAPARIB,-0.16871429898,0.09507827459790252,0.848805193799887
CLOBAZAM,-0.16863470689135,0.0149128891217846,0.848805193799887
HPPH,-0.168125529994465,0.052135717947914245,0.848805193799887
PI3KD-IN-2,-0.16684705903194402,0.06098503022969167,0.848805193799887
TEIJIN-COMPOUND-1,-0.1661749180984691,0.1609830711346837,0.848805193799887
ZEATIN,-0.1658442619643823,0.15303182871376436,0.848805193799887
2-HYDROXYSACLOFEN,-0.165207469943,0.14975009085132374,0.848805193799887
XE-991,-0.1636877052815,0.0239595298896505,0.848805193799887
CPP,-0.16271936743700002,0.09403405614540389,0.848805193799887
LY266097,-0.1609239601727667,0.11145425779529244,0.848805193799887
AMBENONIUM,-0.1605593227236,0.11280055477337408,0.848805193799887
CEFONICID,-0.16049001279699998,0.1589171427392695,0.848805193799887
ML-213,-0.160379105762664,0.1609830711346837,0.848805193799887
EDITOL,-0.15871541496699998,0.14309995179361393,0.848805193799887
VANITIOLIDE,-0.1586717582281,0.05172936342493348,0.848805193799887
BETA-HYDROXY-BETA-METHYLBUTYRATE,-0.1577474552886035,0.06179592465176995,0.848805193799887
CINFLUMIDE,-0.15729187518319998,0.13860105711231302,0.848805193799887
EQUILIN,-0.1568437026956,0.12105981997909951,0.848805193799887
NELOCIGUAT,-0.1564729573975717,0.11280055477337408,0.848805193799887
U-50488-(-),-0.1554755920438,0.11717326213383909,0.848805193799887
ETHOXYQUIN,-0.15370322429239205,0.04704019356133049,0.848805193799887
CP-316819,-0.15252464023315118,0.10943579766571032,0.848805193799887
PRASUGREL,-0.15176130222499998,0.15498954736750284,0.848805193799887
BETAHISTINE,-0.1510755965441,0.09808823735060286,0.848805193799887
HEXAMINOLEVULINATE,-0.1502673197693,0.13250856411453335,0.848805193799887
EFAPROXIRAL,-0.14971502569950002,0.11855945232941684,0.848805193799887
VU0361737,-0.14853471797419998,0.09367098430247192,0.848805193799887
DCP-LA,-0.1479869972633719,0.12191910498015404,0.848805193799887
HYDROXOCOBALAMIN,-0.1470085429607029,0.06754970070571255,0.848805193799887
ANTHRAQUINONE,-0.1440266780393609,0.15137027824872015,0.848805193799887
NTRC-824,-0.14359225400784215,0.10941407599360091,0.848805193799887
D-(+)-MALTOSE,-0.14304311227600056,0.05406601620881997,0.848805193799887
GBR-13069,-0.1416287432606,0.10080812266618831,0.848805193799887
PIMETHIXENE,-0.1416058327433,0.1567238679451187,0.848805193799887
PIPAMPERONE,-0.14078808238879997,0.119282083020884,0.848805193799887
EFAROXAN,-0.1406208651692,0.02169324318185339,0.848805193799887
ID-8,-0.1404581311778,0.04167050228140726,0.848805193799887
ML204,-0.1404093656807034,0.10355344803566605,0.848805193799887
NVS-PAK1-1,-0.13915383516085425,0.10943579766571032,0.848805193799887
"3,3'-DIINDOLYLMETHANE",-0.13859335484721003,0.1064391223582592,0.848805193799887
BTZ043-RACEMATE,-0.1377960500642,0.023033426355753714,0.848805193799887
LICARBAZEPINE,-0.13648208729216502,0.09155170393967689,0.848805193799887
ZIDOVUDINE,-0.13608904047255502,0.05185009358874133,0.848805193799887
MAZINDOL,-0.13560121826140004,0.14147128449500743,0.848805193799887
XYLOMETAZOLINE,-0.13446767174345,0.08784710610850746,0.848805193799887
CEFOTAXIME,-0.1306167247124427,0.08793627877669878,0.848805193799887
GPBAR-A,-0.1301702227041306,0.12641706267574163,0.848805193799887
RS-67506,-0.1292132713055,0.08928049023671895,0.848805193799887
BW-A4C,-0.12903892458852928,0.10881595508647879,0.848805193799887
CLORANOLOL,-0.1248797326761,0.12731577998194576,0.848805193799887
CAROXAZONE,-0.12272493374016699,0.034536243903202375,0.848805193799887
MECLINERTANT,-0.1224959999836617,0.14999767615499554,0.848805193799887
SORBINIL,-0.1222007493009,0.1595380276642524,0.848805193799887
5-METHYLHYDANTOIN-(L),-0.12191757363514999,0.10390044007789485,0.848805193799887
T-1095,-0.1218636871641623,0.13728923321046846,0.848805193799887
LAPPACONITE,-0.1201303174305,0.11626911024609997,0.848805193799887
CLEMIZOLE,-0.1199877115404,0.11258621772648156,0.848805193799887
ML-3403,-0.1198471720752452,0.07934879753683444,0.848805193799887
NARINGIN,-0.1186422159271,0.04358921034207669,0.848805193799887
IGURATIMOD,-0.11780110747719999,0.07573691168911874,0.848805193799887
GSK-J5,-0.11126825007959835,0.1286766951709679,0.848805193799887
OXOTREMORINE-M,-0.10816659475149998,0.08790617184811178,0.848805193799887
TERBINAFINE,-0.10742304114599999,0.07369793320718686,0.848805193799887
VCH-916,-0.10424855067900002,0.08377090229570586,0.848805193799887
TD139,-0.10330932000143961,0.16080995993088132,0.848805193799887
3-BROMO-7-NITROINDAZOLE,-0.102508000311,0.10117383939442733,0.848805193799887
DOFEQUIDAR,-0.10234170510900001,0.13644811105812557,0.848805193799887
OLMUTINIB,-0.10112838199194,0.08101218676151528,0.848805193799887
FENEBRUTINIB,-0.100261105790442,0.06311190355289038,0.848805193799887
GLPG0492,-0.09928583052417206,0.11497860377953462,0.848805193799887
AST-1306,-0.09672941240885,0.06161414367710288,0.848805193799887
SIPONIMOD,-0.0947667423471,0.12928861755681478,0.848805193799887
TAPENTADOL,-0.09474360605850002,0.1567238679451187,0.848805193799887
FLECAINIDE,-0.093568970789,0.0895245803663228,0.848805193799887
L-NIL,-0.0933167442938,0.15082172605411726,0.848805193799887
MIW-815,-0.09232190667133,0.15411235739234888,0.848805193799887
SULFINPYRAZONE,-0.08795342681099999,0.1589171427392695,0.848805193799887
SB-243213,-0.0878028610051835,0.03669927881288804,0.848805193799887
DANTRON,-0.0843314595015859,0.0837686721656663,0.848805193799887
MR-948,-0.07863955493225594,0.1609830711346837,0.848805193799887
SALICYLAMIDE,-0.07493700794550001,0.09353251268909302,0.848805193799887
RAMIPRIL,-0.0730963108238,0.14660199589537967,0.848805193799887
GSK2801,-0.06957884452473315,0.1286766951709679,0.848805193799887
PIRICAPIRON,-0.067411599913705,0.15131273047707167,0.848805193799887
EDROPHONIUM,-0.0655791426131,0.12587552187694087,0.848805193799887
CIRAZOLINE,-0.0640021551669,0.06773893496365876,0.848805193799887
DELPAZOLID,-0.05600252151994997,0.07104393463627856,0.848805193799887
CINCHOPHEN,-0.05493783948650002,0.07244555547904394,0.848805193799887
UAMC-00039,-0.0348707108304636,0.15137027824872015,0.848805193799887
PRE-084,-0.02987663582950001,0.14309995179361393,0.848805193799887
EGF816,-0.00956359942375,0.134515915992685,0.848805193799887
OXINIACIC-ACID,0.022541059965,0.11069841135017076,0.848805193799887
EXALAMIDE,0.025302957669800008,0.1542486079437694,0.848805193799887
PD-118057,0.030189692220598502,0.1601688878486277,0.848805193799887
IGMESINE,0.03842984336725,0.16047364734499547,0.848805193799887
ORE1001,0.041664653872999974,0.15082172605411726,0.848805193799887
LY310762,0.04634843065968847,0.1258559703264267,0.848805193799887
MENADIONE-BISULFITE,0.05197738183645001,0.14593635220015674,0.848805193799887
CEFUROXIME,0.055269195405500016,0.10904168842449596,0.848805193799887
RO-08-2750,0.056572531568900006,0.14870043207346587,0.848805193799887
ALTHIAZIDE,0.060974797874999986,0.13603712811414362,0.848805193799887
ENALAPRIL,0.06197582575794999,0.05666903488129865,0.848805193799887
TALOPRAM,0.06399207322926129,0.12641706267574163,0.848805193799887
CORTISONE,0.0650108950221,0.1567238679451187,0.848805193799887
VU-0240551,0.06557317278029434,0.09727631095573708,0.848805193799887
ACEMETACIN,0.0661809395535,0.1115075337639672,0.848805193799887
2-CHLOROADENOSINE,0.068140364300245,0.1552244323435282,0.848805193799887
TTNPB,0.0688648924105,0.15037854371787399,0.848805193799887
GSK2190915,0.06909498052507501,0.0614008856520605,0.848805193799887
ATGLISTATIN,0.0702499091833,0.138434222721373,0.848805193799887
MEDRYSONE,0.07147206775900006,0.06671699590108497,0.848805193799887
MAVOGLURANT,0.07255527477169998,0.09395943105256331,0.848805193799887
AZD3988,0.07305853799351653,0.09431080159502479,0.848805193799887
LIDOFLAZINE,0.07457259800800001,0.13448406388341985,0.848805193799887
TETRADECYLTHIOACETIC-ACID,0.07572206906249998,0.15240628395674932,0.848805193799887
HQK-1001,0.0769493674065,0.15589143990705276,0.848805193799887
TXA127,0.0792226630187,0.139123977046473,0.848805193799887
TRIPELENNAMINE,0.079701902017,0.14182354682341408,0.848805193799887
EACT,0.0797393999284865,0.08249495820253898,0.848805193799887
REBAMIPIDE,0.082206150822,0.14975009085132374,0.848805193799887
ESTRAMUSTINE-PHOSPHATE,0.08221145504380001,0.06661814099012026,0.848805193799887
ACT-462206,0.083324434903154,0.1054856498305407,0.848805193799887
EBROTIDINE,0.08373186861096948,0.07267455913804163,0.848805193799887
5'-CHLORO-5'-DEOXY-ENBA-(+/-),0.08389982167719999,0.11089634117469822,0.848805193799887
ESI-09,0.0847823241734825,0.042786519908536755,0.848805193799887
NAFTIDROFURYL,0.08832477104700001,0.08781813281097275,0.848805193799887
ANETHOLE-TRITHIONE,0.0888784907304,0.053513390317439555,0.848805193799887
CAROVERINE,0.08931105041404999,0.14162806359154467,0.848805193799887
CHLOROPROCAINE,0.09163790162984001,0.15946357331437166,0.848805193799887
LIRANAFTATE,0.09184602367030001,0.1261941696479622,0.848805193799887
ZOLMITRIPTAN,0.09249429100574999,0.1598797807904423,0.848805193799887
YM-976,0.09344788124950001,0.10157491020317573,0.848805193799887
ELAFIBRANOR,0.09395943629516,0.14705724728090885,0.848805193799887
POMALIDOMIDE,0.094160258709,0.11214619196507679,0.848805193799887
ARIPIPRAZOLE-LAUROXIL,0.0942124807393427,0.129427063702118,0.848805193799887
NETUPITANT,0.0954287658175,0.12990615195437097,0.848805193799887
ISOCONAZOLE,0.095453192301,0.07735107533617877,0.848805193799887
PIPOTIAZINE,0.096797727465845,0.09523999259510728,0.848805193799887
F351,0.096853356486,0.1492317115240091,0.848805193799887
UNC669,0.09724198016749999,0.14865726438720123,0.848805193799887
LEVOMEPROMAZINE,0.09759183413934999,0.1352336121812705,0.848805193799887
N-SALICOYLAMINOPHENOL,0.09770667324049997,0.11530629128273644,0.848805193799887
MOGUISTEINE,0.0978904236975,0.15918309619063153,0.848805193799887
GLIQUIDONE,0.09965497427100001,0.12124052008402224,0.848805193799887
YM-511,0.09968846739529999,0.12928861755681478,0.848805193799887
7-KETO-DHEA,0.10147773518740001,0.09095534594736993,0.848805193799887
PYRIDOXAL,0.10158668775190001,0.08659454016728993,0.848805193799887
ISOLIQUIRITIGENIN,0.10186529937065,0.06323017154012978,0.848805193799887
EMIXUSTAT,0.10203134171239159,0.049613084925250926,0.848805193799887
DAPHNETIN,0.1036053114161,0.1397600156578906,0.848805193799887
DARUNAVIR,0.10383096227850003,0.05014651240844234,0.848805193799887
ETAMSYLATE,0.10419022131799999,0.09839940022208807,0.848805193799887
CILOMILAST,0.10447040549450001,0.15918309619063153,0.848805193799887
TENOXICAM,0.10589293646700002,0.14044253371920426,0.848805193799887
HYPERICIN,0.10717755916800004,0.07002706726438403,0.848805193799887
BAMAQUIMAST,0.1081006444892227,0.15855341495062525,0.848805193799887
ST-1859,0.10955837395029999,0.1492266241102466,0.848805193799887
RX-821002,0.10985189677720002,0.13930910976640046,0.848805193799887
ORBIFLOXACIN,0.11093671949600001,0.13999628431554112,0.848805193799887
INIPARIB,0.11273038854699999,0.09403405614540389,0.848805193799887
BROXATEROL,0.11404506732479999,0.13250856411453335,0.848805193799887
ADATANSERIN,0.11412443434599998,0.11555267637072952,0.848805193799887
ENZALUTAMIDE,0.1143004282781,0.11216668157272056,0.848805193799887
ALAFOSFALIN,0.11458606305611152,0.13512185201268234,0.848805193799887
DICYCLOVERINE,0.11682904976750003,0.15793380495265652,0.848805193799887
RELEBACTAM,0.11796905444852002,0.0797030016026008,0.848805193799887
LM11A-31,0.11829760137625199,0.1258559703264267,0.848805193799887
NETILMICIN,0.11857512052163416,0.044191416075922814,0.848805193799887
N-ACETYLCARNOSINE,0.11872935917954999,0.0826564690396736,0.848805193799887
NELARABINE,0.11881833807700001,0.064083996759465,0.848805193799887
PHP-501,0.1200358614586128,0.10775124438161865,0.848805193799887
HYDROCORTISONE-ACETATE,0.1212727062625,0.09648393254553982,0.848805193799887
SB-705498,0.1217072601119,0.14815464720099478,0.848805193799887
ZM-336372,0.12267515139399998,0.07447502516975642,0.848805193799887
L-152804,0.12310416555000003,0.15498954736750284,0.848805193799887
AZATADINE,0.12390701276550004,0.1064391223582592,0.848805193799887
GINKGOLIDE-A,0.12446084174549998,0.1535346274774614,0.848805193799887
DIMETHYL-FUMARATE,0.12465865952932,0.10459116620424194,0.848805193799887
ML-193,0.12466083486706897,0.0809094625426231,0.848805193799887
SALVIANOLIC-ACID-A,0.1256016123272393,0.1200963714049295,0.848805193799887
CIS-UROCANIC-ACID,0.1259297116687,0.05463252712577943,0.848805193799887
ST-2825,0.12596089717493092,0.11923732135605242,0.848805193799887
METFORMIN,0.12608177707294999,0.12686637705810164,0.848805193799887
LISURIDE,0.1264653889534,0.16113356813956747,0.848805193799887
PDP-EA,0.12648711952277047,0.11768624575320089,0.848805193799887
ML-348,0.126508919923764,0.08740306250741701,0.848805193799887
SUGAMMADEX,0.1266806805001089,0.04126850550313707,0.848805193799887
OT-R-ANTAGONIST-1,0.12720386131559552,0.045645494178228815,0.848805193799887
FARAMPATOR,0.1275166450052675,0.14551471822762982,0.848805193799887
L-PROLINE,0.1275806292662,0.1172748705976024,0.848805193799887
TIAPROFENIC-ACID,0.127770782921,0.06497060107551551,0.848805193799887
ANPIRTOLINE,0.12950736852600003,0.10433626952269084,0.848805193799887
ALPHA-LINOLENIC-ACID,0.1302319491887,0.07984492141075207,0.848805193799887
BAZEDOXIFENE,0.131351141538,0.06442235604325422,0.848805193799887
QUINELORANE,0.13138663446249998,0.07010756760501365,0.848805193799887
ESAXERENONE,0.1329865822677315,0.15855341495062525,0.848805193799887
TOLAZAMIDE,0.1334213692175,0.15267079974085698,0.848805193799887
BEZAFIBRATE,0.13347957752365,0.07096713209751193,0.848805193799887
ETOFYLLINE-CLOFIBRATE,0.13355678240200003,0.1209783306426737,0.848805193799887
SWAINSONINE,0.1338779331915,0.10195286254765445,0.848805193799887
ML213,0.13402652077680005,0.130987522824446,0.848805193799887
IVABRADINE,0.13415270057845,0.050889442298863205,0.848805193799887
CABALETTA,0.1343906973658,0.12503588393646206,0.848805193799887
AZ-10417808,0.13454476219598,0.13644811105812557,0.848805193799887
BIO-1211,0.13508258292005,0.1605883221281389,0.848805193799887
BMS-927711,0.135916290088,0.11875875253195345,0.848805193799887
MEPHENYTOIN,0.13808749171,0.14541755531194134,0.848805193799887
ALACEPRIL,0.13828950327630002,0.09410972890467956,0.848805193799887
ZONISAMIDE,0.13838468569115,0.0870123703892071,0.848805193799887
ACETYLCYSTEINE,0.1387579082725,0.06213004896822081,0.848805193799887
LY2365109,0.13959955557700002,0.1450166336529542,0.848805193799887
TRAPIDIL,0.13982767031100002,0.14716254032207082,0.848805193799887
TIROFIBAN,0.13990185322250004,0.11323870131661275,0.848805193799887
IMEGLIMIN,0.140369887006568,0.05455252332696339,0.848805193799887
GABAPENTIN-ENACARBIL,0.1416261757621,0.12662556814897455,0.848805193799887
PSB-603,0.1417274344957275,0.15303182871376436,0.848805193799887
CLODRONIC-ACID,0.1418779889942,0.15304570192702685,0.848805193799887
GSK2194069,0.14244569737377985,0.11145425779529244,0.848805193799887
VTP-27999,0.142904917425,0.05530243324159358,0.848805193799887
DESIDUSTAT,0.1429989047746339,0.15855341495062525,0.848805193799887
DEXNIGULDIPINE,0.1431644310979,0.14815464720099478,0.848805193799887
ONO-8130,0.1438971606237417,0.09819052962153262,0.848805193799887
PF-05190457,0.14407124451955,0.12662556814897455,0.848805193799887
AMG-487,0.14410242067999998,0.13800576370912127,0.848805193799887
VAPENDAVIR,0.1449448095732859,0.12530729711558627,0.848805193799887
TCS-PIM-1-1,0.14604185498268,0.08574149484003807,0.848805193799887
TALINOLOL,0.14638352679400002,0.035770659360521394,0.848805193799887
BIA-10-2474,0.1470520301701028,0.11130083944052067,0.848805193799887
LINCOMYCIN,0.1475690439795,0.11578803479484123,0.848805193799887
LENALIDOMIDE,0.14813640159232,0.05748955852517516,0.848805193799887
ROSOXACIN,0.14819130361165,0.1215376321312416,0.848805193799887
PHENYLBENZIMIDAZOLE-SULFONIC-ACID,0.14875191363975,0.0614008856520605,0.848805193799887
RAMELTEON,0.1493724002315,0.10080812266618831,0.848805193799887
TYRPHOSTIN-AG-99,0.1494727989406,0.06540682250849891,0.848805193799887
TRIPTORELIN,0.15007998817004997,0.1350611866670934,0.848805193799887
BISANTRENE,0.1503451701841716,0.08242440775312075,0.848805193799887
TC-SP-14,0.1510089321013047,0.020032562041205022,0.848805193799887
NIFENALOL,0.15305982754550002,0.11368994687059143,0.848805193799887
AMILORIDE,0.15345141532150003,0.04533685844373055,0.848805193799887
EPICATECHIN-GALLATE-(-),0.15367632971795,0.038421698362725465,0.848805193799887
CAPROMORELIN,0.154410666122965,0.06641686169811223,0.848805193799887
LACOSAMIDE,0.1544211558991,0.05189490926586162,0.848805193799887
PHENINDIONE,0.1545140709666,0.1101918933901617,0.848805193799887
CPA-INHIBITOR,0.15470963168555135,0.040366637108755064,0.848805193799887
BUTOFILOLOL,0.15471326488499998,0.10020606672431222,0.848805193799887
AZITHROMYCIN,0.15480632455315,0.11346279386188224,0.848805193799887
RAUWOLSCINE,0.15499373538179476,0.0797988862696907,0.848805193799887
IBUPROFEN-PICONOL,0.15530975586050003,0.10374808240980642,0.848805193799887
LOFEMIZOLE,0.1556064974556,0.11547147007915134,0.848805193799887
AVACOPAN,0.1557731896048888,0.12345715753839606,0.848805193799887
10058-F4,0.15652803392880002,0.12872294645692972,0.848805193799887
SOGRAZEPIDE,0.15667417369076772,0.11301802635799296,0.848805193799887
A-7,0.15711780235127998,0.058605943037607966,0.848805193799887
DELAMANID,0.1572845756394,0.052561181697111416,0.848805193799887
ABT-491,0.1580027169033,0.1569291144751645,0.848805193799887
SEGESTERONE-ACETATE,0.15823391685685773,0.1198209215102944,0.848805193799887
REBOXETINE,0.1583555091335,0.1240742781797994,0.848805193799887
OCTISALATE,0.1586183882072,0.13216498119998674,0.848805193799887
METACRESOL,0.15863319317684998,0.07837967092274457,0.848805193799887
BETAZOLE,0.1592023396043,0.09639519523622816,0.848805193799887
DIPHEMANIL,0.15942899220400003,0.14716254032207082,0.848805193799887
SGC-707,0.1600034797632642,0.09367098430247192,0.848805193799887
ELETRIPTAN,0.1605012547174,0.14560664415200641,0.848805193799887
"CP-945,598",0.16126681610899996,0.1349295177470732,0.848805193799887
MK-6096,0.1613762886078,0.034936162857023036,0.848805193799887
VT-464,0.16222600491,0.09060601190489916,0.848805193799887
WWL-113,0.16248491911396531,0.13564413584985568,0.848805193799887
CYPROTERONE-ACETATE,0.1627416131946,0.10247661580193096,0.848805193799887
INH1,0.16309458881012,0.15137027824872015,0.848805193799887
LAROTRECTINIB,0.1631856897522,0.14067914511398097,0.848805193799887
RSV604,0.16397793262420002,0.12731577998194576,0.848805193799887
17-ALPHA-METHYLTESTOSTERONE,0.164877089000345,0.08659454016728993,0.848805193799887
BENDAZAC,0.16574612509585002,0.03066408965381161,0.848805193799887
LOREDIPLON,0.16614766466324998,0.1101918933901617,0.848805193799887
MECLIZINE,0.16630799625810003,0.10810789922346029,0.848805193799887
AMFLUTIZOLE,0.167637977325555,0.017614889217406282,0.848805193799887
BETA-HYDROXYBUTYRATE,0.1680586400222433,0.05511376582434228,0.848805193799887
IBMX,0.16874477040575842,0.13564413584985568,0.848805193799887
TERIFLUNOMIDE,0.1693543937924,0.10234498849921478,0.848805193799887
VALPROIC-ACID,0.16949571538749997,0.05480032509648779,0.848805193799887
ROTIGOTINE,0.16971457061005998,0.07602585774771924,0.848805193799887
CALCIFEDIOL,0.17015981672725,0.023090600839582105,0.848805193799887
ESTRONE,0.17098645770075,0.12638702029295976,0.848805193799887
OLOMOUCINE,0.17113645671299998,0.0345919415147297,0.848805193799887
CLOXACILLIN,0.17154662638,0.10904168842449596,0.848805193799887
AMPA-(RS),0.1715853210321,0.14247317789222758,0.848805193799887
PLERIXAFOR,0.1717144043284,0.1101918933901617,0.848805193799887
SM-108,0.1720508768159,0.1349295177470732,0.848805193799887
TAK-875,0.17235102263976998,0.12436942091874134,0.848805193799887
AMINOGUANIDINE,0.17271199957080002,0.13448406388341985,0.848805193799887
PERHEXILINE,0.1727476338188,0.15131273047707167,0.848805193799887
MIOCAMYCIN,0.1727575036833,0.034936162857023036,0.848805193799887
RO-61-8048,0.1727601806980715,0.018741118642323088,0.848805193799887
CEFTRIAXONE,0.17281986426100002,0.0661056927478339,0.848805193799887
EPIRIZOLE,0.17283539715035,0.04582863786900409,0.848805193799887
YOHIMBINE,0.17289656101635004,0.10807136225222587,0.848805193799887
SACCHARIN,0.17309198213535001,0.0995093941633479,0.848805193799887
DIETHYLSTILBESTROL,0.17373688492810002,0.13091405787530813,0.848805193799887
WIN-18446,0.17377789132618693,0.021161774831422956,0.848805193799887
AM-1241,0.1742468351593,0.06551266400357045,0.848805193799887
CRIZOTINIB-(S),0.17428664652557,0.15345094585187669,0.848805193799887
CHF5074,0.17467528990765,0.08517902784495157,0.848805193799887
CC4,0.1757746291333,0.1388693150610077,0.848805193799887
SULFADOXINE,0.17638045170549999,0.081135897022114,0.848805193799887
MESALAZINE,0.1772756822835,0.13061969260806522,0.848805193799887
BICUCULLINE-METHOCHLORIDE-(-),0.178258929424,0.11280055477337408,0.848805193799887
HALOBETASOL-PROPIONATE,0.1784273952485,0.07217122390762738,0.848805193799887
BENZOTRIPT,0.17846407999199998,0.05447773147997727,0.848805193799887
ROFECOXIB,0.1789802679977,0.06299224150675009,0.848805193799887
BIVALIRUDIN,0.17913837053085,0.12856354272737425,0.848805193799887
ROLZIRACETAM,0.1791433725076,0.13250856411453335,0.848805193799887
ISAMOLTANE,0.1793308863983,0.11089634117469822,0.848805193799887
CEPHAPIRIN,0.17934584548600002,0.06783185968744726,0.848805193799887
BACAMPICILLIN,0.17937811286835,0.09549103434410668,0.848805193799887
TERAZOSIN,0.18004231459179998,0.08645036641584408,0.848805193799887
MOMETASONE-FUROATE,0.1800620269429,0.11069841135017076,0.848805193799887
SPIRAMYCIN,0.1802608849174,0.09704256492130574,0.848805193799887
HALOPEMIDE,0.181744209341,0.1492317115240091,0.848805193799887
EZETIMIBE,0.1819583424105,0.07085340439142956,0.848805193799887
METHOXYPHENAMINE,0.1824056884151,0.041418975778325096,0.848805193799887
FOXY-5,0.18241990223715498,0.028627782721081966,0.848805193799887
IBANDRONATE,0.182648051127,0.137173841339005,0.848805193799887
CIPROFIBRATE,0.183306535587,0.09507827459790252,0.848805193799887
NNC-05-2090,0.18343056880348,0.1458728793586387,0.848805193799887
IMETIT,0.18381000960899999,0.032816430924791196,0.848805193799887
LIOTHYRONINE-(ISOMER),0.18381065729329998,0.05447773147997727,0.848805193799887
BCX-1470,0.18441448003409505,0.09545179647177182,0.848805193799887
(R)-(-)-APOMORPHINE,0.1846342301397,0.10063110674807271,0.848805193799887
TASULDINE,0.18482999482745,0.07081060043427974,0.848805193799887
DIBENZOTHIOPHENE,0.18546909557263003,0.14168228776843514,0.848805193799887
ZAPRINAST,0.1858062728216,0.03916051938109982,0.848805193799887
TMC647055,0.1862394449302,0.01728968795006314,0.848805193799887
PLX8394,0.1868205645946187,0.03376512617114813,0.848805193799887
4-HYDROXY-PHENAZONE,0.1870374442937,0.12436942091874134,0.848805193799887
GEPOTIDACIN,0.187129844858592,0.06529971832478014,0.848805193799887
DITIOCARB-SODIUM-TRIHYDRATE,0.18792445341054997,0.0776800915955561,0.848805193799887
DYDROGESTERONE,0.18794167959949998,0.08244376479940141,0.848805193799887
TYRPHOSTIN-AG-825,0.18825563108599852,0.15137027824872015,0.848805193799887
L-760735,0.188602116943286,0.09515858458798931,0.848805193799887
GS-6201,0.18878652044277924,0.05012833120601488,0.848805193799887
DECERNOTINIB,0.18912959049142697,0.025601905721860732,0.848805193799887
OXICONAZOLE,0.18914655353305,0.14716254032207082,0.848805193799887
PARITAPREVIR,0.18965650689160002,0.035610823056995,0.848805193799887
"1,12-BESM",0.18979346097644997,0.15485293009248666,0.848805193799887
D-SERINE,0.1898961692435,0.11727554820430758,0.848805193799887
CLOPAMIDE,0.18998893238445,0.00880112376528478,0.848805193799887
PIROXIMONE,0.19108109553219998,0.02262629949996501,0.848805193799887
SULFANILAMIDE,0.19127377992950012,0.06519132886630465,0.848805193799887
PROCAINAMIDE,0.19142002500935001,0.09155170393967689,0.848805193799887
PEXIDARTINIB,0.1919027556436,0.053513390317439555,0.848805193799887
2-[1-(4-PIPERONYL)PIPERAZINYL]BENZOTHIAZOLE,0.1929736404952,0.026585318796974063,0.848805193799887
SY-640,0.19300588910605299,0.0922622313276604,0.848805193799887
FLUDROCORTISONE-ACETATE,0.19312204353293,0.06346262085317324,0.848805193799887
L-ASPARAGINE-N-HYDROXY,0.19316290297921174,0.05520445307443042,0.848805193799887
Z160,0.1941404591565,0.09346464841686021,0.848805193799887
DIARYLPROPIONITRILE,0.19440041720399998,0.13686543092301678,0.848805193799887
BILOBALIDE,0.19440856440999998,0.07231010420347304,0.848805193799887
EPRAZINONE,0.19442028437620001,0.06860835312122562,0.848805193799887
NS-3623,0.19447172354777598,0.11280055477337408,0.848805193799887
LUMACAFTOR,0.1950115969381,0.06792368277837312,0.848805193799887
DS2-(806622),0.195140728367,0.0723782504958645,0.848805193799887
FOSFOSAL,0.195148358371835,0.09704256492130574,0.848805193799887
TRICLOCARBAN,0.1962532082788,0.022649266243956964,0.848805193799887
EZUTROMID,0.19701130657300003,0.14490709433062382,0.848805193799887
COMPOUND-W,0.1971717282075,0.0645325214635602,0.848805193799887
MK-0812,0.197303439122,0.06833146258816954,0.848805193799887
BROMOCRIPTINE,0.1975151514819,0.064083996759465,0.848805193799887
CALCITONIN,0.1981328479754655,0.09829424068863121,0.848805193799887
PROPACETAMOL,0.19907980903244998,0.11906388325230803,0.848805193799887
ZK-93426,0.19958551371199998,0.11901852107819422,0.848805193799887
2-OLEOYLGLYCEROL,0.20027708059183247,0.09727631095573708,0.848805193799887
PREDNISOLONE-SODIUM-PHOSPHATE,0.20041880745,0.07731305721429867,0.848805193799887
FLUSPIRILENE,0.20053686506249999,0.12437617738559069,0.848805193799887
OZANIMOD,0.201098610089,0.15485293009248666,0.848805193799887
VU1545,0.20154641343228769,0.06772584087218922,0.848805193799887
ETHYLENEDIAMINETETRAACETIC-ACID,0.2015644197855,0.008680989173563174,0.848805193799887
ALCAFTADINE,0.2017813762145755,0.005772418009932701,0.848805193799887
ESTETROL,0.20230254285915,0.09395943105256331,0.848805193799887
LXR-623,0.20257662779139998,0.1086797026848245,0.848805193799887
ZURANOLONE,0.2026731625715934,0.04438687537474536,0.848805193799887
SEP-227900,0.20273628607149996,0.01769793644233173,0.848805193799887
NVP-DPP728,0.20296678748650004,0.07257918770062362,0.848805193799887
METHYCLOTHIAZIDE,0.20349346454750003,0.07375686212077572,0.848805193799887
TAK-063,0.20405120040885,0.056456824339818946,0.848805193799887
YODA-1,0.204209858384582,0.012881944268261279,0.848805193799887
MONOCTANOIN,0.20428728488160003,0.0720287829513979,0.848805193799887
"2,6-DIMETHYLPIPERIDINE",0.20431883500450002,0.12431112413020873,0.848805193799887
SCP-1,0.20460289268933,0.03345247727874631,0.848805193799887
RIBOSTAMYCIN,0.20495026730109148,0.06307730846622588,0.848805193799887
ROPINIROLE,0.205012092197645,0.15037854371787399,0.848805193799887
VINBURNINE,0.20603239714865,0.08241775653820725,0.848805193799887
L-ERGOTHIONEINE,0.2062433413914999,0.030083751500775205,0.848805193799887
LUZINDOLE,0.20656442613682285,0.10610848571777404,0.848805193799887
CYCLOHEXIMIDE,0.20662722697500002,0.14610046596342224,0.848805193799887
NITAZOXANIDE,0.20698862653189998,0.06960936453952442,0.848805193799887
SOTAGLIFLOZIN,0.2070195486921,0.11130083944052067,0.848805193799887
SR-3576,0.207182552780874,0.06246206746597254,0.848805193799887
DIFENPIRAMIDE,0.2076456799402,0.01657523313654695,0.848805193799887
RAMATROBAN,0.2078038671937,0.1497834380591016,0.848805193799887
GANT-58,0.20799480181267788,0.10355344803566605,0.848805193799887
DRONEDARONE,0.20818763995749998,0.1601238678603869,0.848805193799887
T-5224,0.20830421343899996,0.08377768495622878,0.848805193799887
IWP-L6,0.2083779325697,0.07002706726438403,0.848805193799887
KYNURENIC-ACID,0.2087397931139,0.06691124000337006,0.848805193799887
CEFCAPENE-PIVOXIL,0.2097852906626,0.15817551426873278,0.848805193799887
AAI101,0.209854697870611,0.017901086497178136,0.848805193799887
EMPAGLIFLOZIN,0.2098714561319,0.11363123672550808,0.848805193799887
JNJ-17203212,0.210615436446,0.11717326213383909,0.848805193799887
CID-2011756,0.21087035663131182,0.10943579766571032,0.848805193799887
NQDI-1,0.21090131288358666,0.045024838415817774,0.848805193799887
GLYCITEIN,0.21122313771345003,0.060597515265419954,0.848805193799887
LAROPIPRANT,0.21133318270399995,0.040313057985412314,0.848805193799887
LY2140023,0.21203113087699998,0.07352260923427015,0.848805193799887
INOSITOL,0.21207595600169998,0.12312678205647341,0.848805193799887
BERGENIN,0.212947024988,0.038461529454638294,0.848805193799887
GNF-5,0.2137266196947545,0.020602742971426613,0.848805193799887
FH1,0.214072976783,0.07727454742657652,0.848805193799887
SUTEZOLID,0.2144234643354,0.03066408965381161,0.848805193799887
BORONOPHENYLALANINE,0.21503428539784997,0.0797030016026008,0.848805193799887
JPH203,0.21535565413290642,0.07111978575999728,0.848805193799887
GENISTEIN,0.2155602902545,0.060597515265419954,0.848805193799887
AZOSEMIDE,0.21566593612845,0.036922061893464996,0.848805193799887
CARVEDILOL,0.2164070748555,0.10359858720950922,0.848805193799887
ORANTINIB,0.21675754037635,0.035770659360521394,0.848805193799887
GENIPOSIDE,0.21693732829860002,0.14865726438720123,0.848805193799887
ADX-10059,0.21703835376289599,0.022134310626232796,0.848805193799887
MEQUINOL,0.21734551228199994,0.12105981997909951,0.848805193799887
RANIRESTAT,0.2177089941288,0.06960936453952442,0.848805193799887
LEVOCABASTINE,0.2180271214113,0.11216668157272056,0.848805193799887
DORAMECTIN,0.21806393703435,0.020044668622627444,0.848805193799887
RISPERIDONE,0.2180743951336,0.06373334686046261,0.848805193799887
GSK2193874,0.2187271768779361,0.12530729711558627,0.848805193799887
TIPLAXTININ,0.21993950772503737,0.1605883221281389,0.848805193799887
SB-222200,0.22000181450150003,0.13091405787530813,0.848805193799887
BUTOCONAZOLE,0.2201715638396,0.07251203461145468,0.848805193799887
MABUPROFEN,0.22023148966875,0.03427244627619246,0.848805193799887
GOSERELIN-ACETATE,0.22038232621280002,0.13142783823363519,0.848805193799887
GSK9027,0.22091263204100578,0.032084523793660696,0.848805193799887
BISMUTH(III)-TRIFLUOROMETHANESULFONATE,0.22124643448480003,0.11855945232941684,0.848805193799887
FURSULTIAMINE,0.2213341349813,0.10390044007789485,0.848805193799887
PENTOSTATIN,0.221568652782395,0.056456824339818946,0.848805193799887
PF-05180999,0.22185766541211607,0.051222352649496275,0.848805193799887
PROPIVERINE,0.221956935302415,0.004882054877298146,0.848805193799887
N6-METHYLADENOSINE,0.22218407486421501,0.03957305441438333,0.848805193799887
RO-5028442,0.2224727458536224,0.0376333174229373,0.848805193799887
ETIDRONIC-ACID,0.22292709861499999,0.1258648175305877,0.848805193799887
JNJ-42165279,0.22335622280685,0.13654669701343472,0.848805193799887
GGTI-298,0.223807883704,0.055773048150137935,0.848805193799887
ML130,0.22502718433849997,0.011126931525441553,0.848805193799887
CICLESONIDE,0.2253487804679,0.10092836178934513,0.848805193799887
SULFACETAMIDE,0.22647470964099997,0.052058768750600205,0.848805193799887
T-0901317,0.22648028800500003,0.13686543092301678,0.848805193799887
ADENOSINE-TRIPHOSPHATE,0.22656789121390003,0.03713052347738597,0.848805193799887
AMCINONIDE,0.22705985652850003,0.014796820434150428,0.848805193799887
A-769662,0.22723251735709998,0.05172936342493348,0.848805193799887
ZOMETAPINE,0.22867400524631,0.02820724560382421,0.848805193799887
STETADERM,0.22944780946315002,0.10208931675733286,0.848805193799887
GTP-14564,0.22953856409205,0.07111978575999728,0.848805193799887
NORETHINDRONE-ACETATE,0.22966880857399996,0.04609117393507168,0.848805193799887
METHYLTHIOURACIL,0.22974750284771,0.03894043421836182,0.848805193799887
ENALAPRILAT,0.22977218390300003,0.018031010484937892,0.848805193799887
KME-4,0.22990386344119948,0.06204092560362243,0.848805193799887
SELENOMETHIONINE,0.2299844185683,0.0820270734889298,0.848805193799887
OMEPRAZOLE-MAGNESIUM,0.23098921758319998,0.09704256492130574,0.848805193799887
TC-I-15,0.2310066039015365,0.08410554784772419,0.848805193799887
SUPROFEN,0.23232914086310003,0.07925427854027588,0.848805193799887
TMN-355,0.23275636575817676,0.11280055477337408,0.848805193799887
TETRAHYDROURIDINE,0.232761423542,0.05731779055881126,0.848805193799887
DEXAMETHASONE-SODIUM-PHOSPHATE,0.23361450205450002,0.038257080521599034,0.848805193799887
ENOCITABINE,0.23491147436729998,0.07073083398935491,0.848805193799887
INDINAVIR,0.23579747104212,0.11109839120694022,0.848805193799887
GENIPOSIDIC-ACID,0.23589085325411,0.15103961384470926,0.848805193799887
LEVOBUNOLOL-(+),0.23644291235375003,0.04613489436547737,0.848805193799887
ACIPIMOX,0.2367042659769999,0.04106476298917132,0.848805193799887
LY223982,0.23697885544935,0.01657523313654695,0.848805193799887
MLN2480,0.23740189602589998,0.04182830975656247,0.848805193799887
ELAGOLIX,0.23856980918959997,0.11059830985193937,0.848805193799887
BUTEIN,0.23885211623,0.05432128608722004,0.848805193799887
CASPOFUNGIN-ACETATE,0.2389691355733,0.13052449037224986,0.848805193799887
OF-1,0.23897535058686056,0.0797988862696907,0.848805193799887
NCS-382,0.23958193171695003,0.03841027667207677,0.848805193799887
BETP,0.23966354870382678,0.08909051407822784,0.848805193799887
ZAPA,0.24080179994220002,0.09795928603414443,0.848805193799887
GDC-0810,0.24087751131250001,0.004430962545790531,0.848805193799887
ILOMASTAT,0.240909272476,0.12892324175507625,0.848805193799887
LEVODOPA,0.24133114707285,0.13227923462475927,0.848805193799887
DIPYROCETYL,0.24163363215311745,0.13686543092301678,0.848805193799887
GLY-GLN,0.24172104508495001,0.12046206278114147,0.848805193799887
CAPREOMYCIN,0.24191764603989996,0.027982897631502194,0.848805193799887
CCT-031374,0.2421939410523809,0.07231010420347304,0.848805193799887
PENFLURIDOL,0.24259305272800002,0.0404422878066449,0.848805193799887
CM-4620,0.24263719900509748,0.1256293864276594,0.848805193799887
PRIMIDONE,0.24301889140589497,0.035990573770763014,0.848805193799887
ASTRAGALOSIDE-A,0.24413344919159996,0.13528998139390952,0.848805193799887
VEMURAFENIB,0.24482947045635,0.10234498849921478,0.848805193799887
SOLITHROMYCIN,0.24506280547214998,0.08663815439467797,0.848805193799887
MILACEMIDE,0.24523566846404998,0.1597071347601634,0.848805193799887
ISEPAMICIN,0.2452913339996,0.03427244627619246,0.848805193799887
SAR407899,0.245343237977,0.012808665763694035,0.848805193799887
"L-798,106",0.24562766634704997,0.10900249736726074,0.848805193799887
CO-101244,0.24771073184159997,0.1388693150610077,0.848805193799887
BEPHENIUM-HYDROXYNAPHTHOATE,0.2483385817155,0.15268281382933668,0.848805193799887
EFONIDIPINE,0.249626974012789,0.10142621641119141,0.848805193799887
CYPROHEPTADINE,0.24963637961500001,0.06045506172685538,0.848805193799887
METHYLDOPA,0.2499471268412,0.15249385578764513,0.848805193799887
DIDEOXYADENOSINE,0.25060982307120006,0.10695333563976156,0.848805193799887
QUININE-ETHYL-CARBONATE,0.25106646126965,0.1377196678535584,0.848805193799887
IVACAFTOR,0.2513662416591,0.13448406388341985,0.848805193799887
OLSALAZINE,0.2522656577365,0.044550489953902726,0.848805193799887
ADRENALONE,0.2525326264975,0.08796677838300535,0.848805193799887
BINA,0.2527397823168515,0.008724324622561034,0.848805193799887
MEPRYLCAINE,0.253210534835,0.051562105958342645,0.848805193799887
FLOCTAFENINE,0.25439711259894504,0.08948253339796662,0.848805193799887
OXYTOCIN,0.2545206671653405,0.01367140701823053,0.848805193799887
NIACIN,0.2550261308829,0.11875875253195345,0.848805193799887
APABETALONE,0.25691988790199993,0.06939761005545163,0.848805193799887
PSB-06126,0.257054701195,0.1175248680966392,0.848805193799887
TANDUTINIB,0.257059028821,0.13644811105812557,0.848805193799887
DORSOMORPHIN,0.25723816101995484,0.010472596869091542,0.848805193799887
DABRAFENIB,0.25797211650279994,0.03275495281314791,0.848805193799887
LUBIPROSTONE,0.25803907308600005,0.046405159181397204,0.848805193799887
CB-839,0.25885308781974803,0.14743515758379197,0.848805193799887
ZILEUTON,0.2591385004436,0.0386642733325938,0.848805193799887
JNJ-40411813,0.2595721145836,0.036557849759350634,0.848805193799887
FENBUFEN,0.259674317885,0.011302483337665268,0.848805193799887
PREGNANOLONE,0.25979219228725187,0.005931845394000562,0.848805193799887
PHENACAINE,0.2598928376195,0.022603934137720418,0.848805193799887
MK-8998,0.260349351005005,0.04358921034207669,0.848805193799887
5-BDBD,0.26102219905,0.10594666516069902,0.848805193799887
DEXCHLORPHENIRAMINE,0.2616313269845,0.15028172850618057,0.848805193799887
HOKU-81,0.262436670552956,0.058917878579522256,0.848805193799887
LORATADINE,0.2627142432404,0.1390523353027042,0.848805193799887
CREATINOL-PHOSPHATE,0.26295153155005,0.021262784697645965,0.848805193799887
THIOCTIC-ACID,0.262963070093,0.12436942091874134,0.848805193799887
SGC-CBP30,0.26320246534635,0.10105025592540991,0.848805193799887
FLUOCINONIDE,0.2633641962997535,0.022387571164563958,0.848805193799887
SODIUM-BUTYRATE,0.26379621935865,0.0035222062862793834,0.848805193799887
NPC-01,0.263893556938,0.004430962545790531,0.848805193799887
NBQX,0.26497728925764996,0.11532067306767614,0.848805193799887
LY288513,0.26536430605620936,0.07723553638016373,0.848805193799887
UBP-302,0.2654785250852,0.07850869768452111,0.848805193799887
PRELADENANT,0.2667418686604,0.04207707868229594,0.848805193799887
AMIDOPYRINE,0.2691361850033,0.04377566027219716,0.848805193799887
ACY-1215,0.26966115822000003,0.064083996759465,0.848805193799887
XMD8-92,0.2703610462909867,0.0922020956336059,0.848805193799887
BENZOCAINE,0.27076602267399996,0.15513339941908752,0.848805193799887
USNIACIN-(+),0.27378388648199997,0.08970873809949254,0.848805193799887
AMFENAC,0.27498563851499996,0.09085219152701143,0.848805193799887
DANAZOL,0.27501100793795,0.14716254032207082,0.848805193799887
UNC0737,0.2751724754227,0.08663815439467797,0.848805193799887
ARCYRIAFLAVIN-A,0.2757487884102,0.08931984231716325,0.848805193799887
CALCIUM-GLUCEPTATE,0.27670455058926996,0.1569291144751645,0.848805193799887
CI-953,0.2778647774968161,0.014848007760242863,0.848805193799887
MAGNOLOL,0.27820914592,0.1198209215102944,0.848805193799887
ACITAZANOLAST,0.27835096716645,0.07351668592595823,0.848805193799887
AZTREONAM,0.2786960702960001,0.16113502416620862,0.848805193799887
AZACYCLONOL,0.2790904856456,0.023541841101876047,0.848805193799887
PHENAZOPYRIDINE,0.27938206705199997,0.1497834380591016,0.848805193799887
BUTACAINE,0.28008897206961997,0.09714028550090442,0.848805193799887
MESTINON,0.2804011361805,0.1489208073173174,0.848805193799887
RANITIDINE,0.281005230813,0.08645036641584408,0.848805193799887
THIOTEPA,0.28101804037956546,0.09515858458798931,0.848805193799887
SEMAPIMOD,0.2815322003039,0.01458507892804442,0.848805193799887
KETOHEXOKINASE-INHIBITOR-1,0.2833190472905224,0.15855341495062525,0.848805193799887
FLURBIPROFEN-(S)-(+),0.2837848134461,0.08812774351927935,0.848805193799887
GS-9973,0.28440553666645,0.09883514615616737,0.848805193799887
ETOFENAMATE,0.28455568975635,0.04630702481112114,0.848805193799887
RS-17053,0.28516303353809996,0.08377090229570586,0.848805193799887
ROCURONIUM,0.2855661154633,0.07986748413240703,0.848805193799887
HYDROCORTISONE-BUTYRATE,0.28636928831459996,0.01427471113588404,0.848805193799887
PJ-34,0.28664567482750003,0.008802504415677342,0.848805193799887
NEFOPAM,0.2869546520896,0.04007013805518127,0.848805193799887
BIX-02188,0.2871804610157,0.08512180635648797,0.848805193799887
PHENTOLAMINE,0.287212739704,0.03051020858044015,0.848805193799887
PROMAZINE,0.287337520497,0.10695333563976156,0.848805193799887
ZALEPLON,0.28853826717099995,0.10547461692481383,0.848805193799887
TBOA-(DL),0.29021734004624794,0.06518401065949683,0.848805193799887
POTASSIUM-IODIDE,0.290460474406508,0.024917755044732814,0.848805193799887
JOSAMYCIN,0.2911911950185,0.12595638618399915,0.848805193799887
CEFETAMET,0.2914614152569,0.03253088733296216,0.848805193799887
FG-2216,0.2923660253619,0.06166143813153772,0.848805193799887
FROVATRIPTAN,0.29279954188854995,0.024088136838850985,0.848805193799887
OXPRENOLOL,0.2928140884195,0.05172936342493348,0.848805193799887
IODOQUINOL,0.292950509967,0.06671699590108497,0.848805193799887
3-BROMOPYRUVATE,0.2947482290275,0.10864807118394074,0.848805193799887
CLOCORTOLONE-PIVALATE,0.2950870911412,0.03406919514414393,0.848805193799887
DARUSENTAN,0.29514104550155,0.0038248726056654874,0.848805193799887
CAMICINAL,0.29686144086550004,0.1475107055703972,0.848805193799887
TRIAMCINOLONE-ACETONIDE,0.2970301243709,0.02706279858332062,0.848805193799887
CINROMIDE,0.297389127288,0.05295484830580019,0.848805193799887
JIB04,0.297584013276,0.1142963294068845,0.848805193799887
METHYLPREDNISOLONE-SODIUM-SUCCINATE,0.29889458253299994,0.07602585774771924,0.848805193799887
MONEPANTEL,0.2990690388131471,0.129427063702118,0.848805193799887
DESIPRAMINE,0.2990827081199,0.03471607705371435,0.848805193799887
LICOGLIFLOZIN,0.300060880066402,0.1200963714049295,0.848805193799887
TIDEGLUSIB,0.3016166072425,0.12226192354185837,0.848805193799887
PICROTIN,0.303351862737,0.03884461277032547,0.848805193799887
AZD9056,0.30389703443545346,0.08931984231716325,0.848805193799887
1400W,0.3051941619594,0.04719463443248387,0.848805193799887
ABAFUNGIN,0.30553405102700004,0.11368994687059143,0.848805193799887
HYOSCYAMINE,0.30600503346353,0.005624178379050747,0.848805193799887
PILOCARPINE,0.30620055711899996,0.16079536531811667,0.848805193799887
AZD4282,0.3079932274743,0.07488773489994578,0.848805193799887
THIAMINE,0.308303055712,0.025287125599142972,0.848805193799887
BETA-GLYCEROPHOSPHORIC-ACID,0.3083220966517,0.012826197989119163,0.848805193799887
ISOMETHEPTENE-MUCATE,0.3091681924030001,0.06582283047061467,0.848805193799887
BMS-207940,0.30925043555279896,0.027775724182223935,0.848805193799887
PYROXAMIDE,0.30936485189199997,0.09962150904549895,0.848805193799887
PENTOLINIUM,0.3096975433363,0.01701978881601462,0.848805193799887
TOLPERISONE,0.31011559127550004,0.012086802866621418,0.848805193799887
BUCILLAMINE,0.3108869121923,0.027174467815889385,0.848805193799887
CP-376395,0.31092805752249664,0.0149892023199223,0.848805193799887
VESNARINONE,0.31128783700914997,0.011477466928089328,0.848805193799887
AGN-194310,0.312285442227,0.00649536917359488,0.848805193799887
ETRAVIRINE,0.312767161859,0.016445515539724162,0.848805193799887
JNJ-678,0.3135666940813915,0.047885060616650946,0.848805193799887
FLUMETHASONE-PIVALATE,0.31445999541840003,0.08511076655910634,0.848805193799887
FLUOROMETHOLONE-ACETATE,0.31563214396715,0.017993312570501938,0.848805193799887
GW-9508,0.3158298939223,0.09962150904549895,0.848805193799887
DIHOMO-GAMMA-LINOLENIC-ACID,0.316528329328,0.008144650014985507,0.848805193799887
SC-9,0.31663438550949996,0.05542050079255917,0.848805193799887
LOBENDAZOLE,0.31673311133149995,0.05932856248903872,0.848805193799887
ENOXIMONE,0.31728244199155003,0.011994456834325849,0.848805193799887
FENTIAZAC,0.3178171057359,0.04758755611172271,0.848805193799887
DFB,0.3180146040224,0.03736001674750485,0.848805193799887
BENZNIDAZOLE,0.3184699599423,0.061915906999766394,0.848805193799887
U-0126,0.318831288067,0.07231010420347304,0.848805193799887
METHYLPREDNISOLONE-ACEPONATE,0.3200799564852345,0.007131293047091917,0.848805193799887
POLYTHIAZIDE,0.3226033137434,0.038421698362725465,0.848805193799887
SALINOMYCIN,0.32378085902,0.1388693150610077,0.848805193799887
DEXAMETHASONE-ACETATE,0.3241315771138,0.07611730946018434,0.848805193799887
CGP-37849,0.324842901271,0.007653969722978541,0.848805193799887
TIOPRONIN,0.32559626970300004,0.033619535056080084,0.848805193799887
C188-9,0.3257146054928399,0.15192758583686675,0.848805193799887
DAPTOMYCIN,0.32588387662604,0.04140958706937559,0.848805193799887
FLUTICASONE-PROPIONATE,0.32642740852874996,0.12686637705810164,0.848805193799887
OP-0595,0.32642952264292346,0.016827271047207368,0.848805193799887
PIMAVANSERIN,0.32652693447755,0.030365099617287856,0.848805193799887
XIPAMIDE,0.32787399223505,0.019804159908028498,0.848805193799887
RISDIPLAM,0.32833724274307746,0.08243095805574269,0.848805193799887
EFLORNITHINE,0.3291347108446,0.12227667721471386,0.848805193799887
CLOPERASTINE-FENDIZOATE,0.32915544495064597,0.14294478070951566,0.848805193799887
DINITOLMIDE,0.32976500699550004,0.08647019540853028,0.848805193799887
AS-1949490,0.32991910551198,0.024917755044732814,0.848805193799887
EDOXUDINE,0.33064023186005004,0.024483344803465867,0.848805193799887
MERBROMIN,0.33164726792647004,0.04924956845779871,0.848805193799887
PR-619,0.33425121224334997,0.1086797026848245,0.848805193799887
ICA-110381,0.3344873158417118,0.0797988862696907,0.848805193799887
LORECLEZOLE,0.33452727974165,0.009905504674417942,0.848805193799887
ARAMCHOL,0.335206215606274,0.15411235739234888,0.848805193799887
TOLNAFTATE,0.3358491406109,0.0865520364272732,0.848805193799887
CHIDAMIDE,0.33589352895515,0.06385163655364008,0.848805193799887
BETRIXABAN,0.337286767795,0.1492266241102466,0.848805193799887
GENTIOPICRIN,0.3380545501426,0.024088136838850985,0.848805193799887
BUMETANIDE,0.33904675716370003,0.04927300833927658,0.848805193799887
TRICLABENDAZOLE,0.34017850314,0.0770326084761757,0.848805193799887
VALDECOXIB,0.34084341325699996,0.0719561842374854,0.848805193799887
DICHLOROPHEN,0.34260591729278,0.06860835312122562,0.848805193799887
AVANAFIL,0.3442921617315,0.03969961327470811,0.848805193799887
URACIL,0.34505579726785,0.06085483754242466,0.848805193799887
M-3M3FBS,0.3466025344465,0.08408836244123448,0.848805193799887
CYCLUC1,0.3468927327315592,0.052135717947914245,0.848805193799887
CAFFEINE,0.34700213789282003,0.0033136441672158563,0.848805193799887
GABAZINE,0.34711915117400005,0.07063952514387452,0.848805193799887
UH-232-(+),0.34753131132855,0.13717246554429569,0.848805193799887
EC-144,0.3485820468870102,0.14538292101679626,0.848805193799887
ALS-8112,0.3512387226648699,0.009414107305263066,0.848805193799887
LEVOCETIRIZINE,0.35474474244259996,0.12227667721471386,0.848805193799887
ATORVASTATIN,0.355935145111,0.0614911532696186,0.848805193799887
E7449,0.35675522823699996,0.07715597087660434,0.848805193799887
CI-976,0.3576642142484,0.03406919514414393,0.848805193799887
BETAMETHASONE,0.3582817548385,0.04112421893456113,0.848805193799887
BETAMETHASONE-VALERATE,0.3583182885335,0.037567449707648526,0.848805193799887
TUCIDINOSTAT,0.3602350576173429,0.09829424068863121,0.848805193799887
MEZLOCILLIN,0.36073919375769997,0.021801929178427864,0.848805193799887
SIMVASTATIN,0.36338289395900003,0.13090181255489824,0.848805193799887
LACIDIPINE,0.36744917122320003,0.008071487425268007,0.848805193799887
PADSEVONIL,0.36786189810236203,0.05306266526381246,0.848805193799887
FOLIC-ACID,0.3683499710034,0.029736528905964725,0.848805193799887
HYDROCORTISONE-VALERATE,0.3686115709215,0.01606216854942003,0.848805193799887
FLUNISOLIDE,0.36871346981005,0.0837686721656663,0.848805193799887
TIC10,0.3707567868819,0.004302286263398177,0.848805193799887
GALLOPAMIL,0.37459475139500004,0.020856445855535397,0.848805193799887
CALHEX-231,0.37651238030067197,0.10129914746972912,0.848805193799887
TG-100713,0.37681358436229995,0.014564673931526212,0.848805193799887
FOSAPREPITANT-DIMEGLUMINE,0.37801783074055,0.015223711088280863,0.848805193799887
RG2833,0.37958956647199993,0.09808823735060286,0.848805193799887
TIMONACIC,0.38118114656830004,0.013418657920497472,0.848805193799887
AMIPRILOSE,0.38318433054150003,0.024810116269247333,0.848805193799887
BAFETINIB,0.3840763779537,0.02084732323927902,0.848805193799887
AMISULPRIDE,0.385060296688,0.02258214688629365,0.848805193799887
BIS(MALTOLATO)OXOVANADIUM(IV),0.388777564614,0.07837967092274457,0.848805193799887
PHENACEMIDE,0.390739961355,0.12503588393646206,0.848805193799887
AZD7594,0.391089106130714,0.081091124163003,0.848805193799887
RIMCAZOLE,0.39178949523199996,0.03029770711854275,0.848805193799887
FLUDROXYCORTIDE,0.3931695328225,0.07712532396387979,0.848805193799887
MEDROXYPROGESTERONE-ACETATE,0.3933548475924,0.0415191276088871,0.848805193799887
BI-847325,0.3944391755550356,0.15259402498603666,0.848805193799887
ETIZOLAM,0.3963509471548,0.022332294265670658,0.848805193799887
NOBILETIN,0.39758187299099995,0.009388410178122322,0.848805193799887
NISOXETINE,0.397831687282,0.053863780032391624,0.848805193799887
UPAMOSTAT,0.39867807333873595,0.09080164442938755,0.848805193799887
CC-401,0.40797687035,0.0995383976605097,0.848805193799887
ACADESINE,0.40898780874000007,0.09069722293963975,0.848805193799887
LUSAPERIDONE,0.4093439307629862,0.039053317773015704,0.848805193799887
MELENGESTROL-ACETATE,0.40954897969350007,0.08924164599420326,0.848805193799887
PREGNENOLONE-SUCCINATE,0.41015948506549993,0.019262177254036176,0.848805193799887
VINPOCETINE,0.411475739443,0.046950006949074405,0.848805193799887
GOLGICIDE-A,0.4133223052215,0.12105981997909951,0.848805193799887
AMENAMEVIR,0.416757041523642,0.011248714844457653,0.848805193799887
TORASEMIDE,0.4169155612086,0.003919895269460203,0.848805193799887
ISOBUTAMBEN,0.4171163419735,0.030083751500775205,0.848805193799887
CYCLOVIROBUXIN-D,0.4182634083935,0.07488773489994578,0.848805193799887
CARMUSTINE,0.41918198715430005,0.07627349167516533,0.848805193799887
SUFUGOLIX,0.42119676901537195,0.027994116818799677,0.848805193799887
PRINOMASTAT,0.4289686238319318,0.14922925008898277,0.848805193799887
OXF-BD-02,0.43057952238740843,0.0422301770646701,0.848805193799887
RADOTINIB,0.4322089334799283,0.0035578276717396443,0.848805193799887
BUPHENINE,0.43262964187999997,0.14114979239863218,0.848805193799887
TRIMIPRAMINE,0.43427579849450004,0.03051020858044015,0.848805193799887
TADALAFIL,0.43428143896245003,0.034695605779124304,0.848805193799887
INCB-057643,0.44229863894854893,0.1200963714049295,0.848805193799887
TRIAMCINOLONE,0.4488420825215,0.021740920353630427,0.848805193799887
TOBRAMYCIN,0.4496373794815,0.007076645010569776,0.848805193799887
ISOFLUPREDONE-ACETATE,0.4496873783206,0.04842412365572247,0.848805193799887
SANGUINARIUM-CHLORIDE,0.452436617559445,0.13751873128897427,0.848805193799887
MALTOBIONIC-ACID,0.45842222711645,0.019804159908028498,0.848805193799887
FAMCICLOVIR,0.4618100655024999,0.04719463443248387,0.848805193799887
BETAMETHASONE-PHOSPHATE,0.464048935361395,0.005985059627807556,0.848805193799887
HYDROCORTISONE,0.46824611728695,0.04630702481112114,0.848805193799887
CLOBETASONE-BUTYRATE,0.468825643355,0.019597577658275533,0.848805193799887
SELONSERTIB,0.47049105251746315,0.09675747813739848,0.848805193799887
INDORAMIN,0.4748691480528999,0.002695065395455018,0.848805193799887
DESONIDE,0.48472158278499994,0.026481941415212543,0.848805193799887
SRT1720,0.4852729063739,0.14811262291344132,0.848805193799887
RAF265,0.48648345857700004,0.038461529454638294,0.848805193799887
I-BET-762,0.494744646442,0.11214619196507679,0.848805193799887
SPARFLOXACIN,0.49719419046500013,0.14168228776843514,0.848805193799887
D-7193,0.4979903923485,0.035626129842882846,0.848805193799887
SPP301,0.499022875058,0.015228435055262932,0.848805193799887
IVERMECTIN,0.500502396592,0.06954890256757208,0.848805193799887
PREDNISOLONE-TEBUTATE,0.5037901546304999,0.017776923842428894,0.848805193799887
CEFETAMET-PIVOXIL,0.5062949003460999,0.01164019597918349,0.848805193799887
METHYLPREDNISOLONE,0.509075497547,0.10359858720950922,0.848805193799887
BECLOMETHASONE,0.5092613346939,0.03297729190039729,0.848805193799887
BETAMETHASONE-DIPROPIONATE,0.5095846495955,0.08377090229570586,0.848805193799887
TANSHINONE-I,0.5099371472695,0.006778830758924539,0.848805193799887
DEXAMETHASONE,0.5148732035117001,0.010739042927750386,0.848805193799887
SB-505124,0.5205062670945,0.11702979971361172,0.848805193799887
DDR1-IN-1,0.521576340345478,0.10448565022527959,0.848805193799887
LEVOBUNOLOL,0.5239632761055,0.053816946384606094,0.848805193799887
CP-640186,0.5283864902293121,0.06007771980602615,0.848805193799887
FG-4592,0.5293528221145,0.11627249112293393,0.848805193799887
FLUMETHASONE,0.53294999635245,0.14817983121638476,0.848805193799887
LOVASTATIN,0.533052182012,0.04262476137038151,0.848805193799887
OXONIC-ACID,0.536901803607,0.08378460639115745,0.848805193799887
HALCINONIDE,0.5382768144835,0.11499097470974665,0.848805193799887
JTC-801,0.5390801908130001,0.1261941696479622,0.848805193799887
DIFLUPREDNATE,0.5445495401071501,0.008298664218441033,0.848805193799887
IACS-10759,0.5475083536140719,0.0922622313276604,0.848805193799887
GOSSYPOL,0.5487019595699998,0.12638702029295976,0.848805193799887
BETAMETHASONE-ACETATE,0.55976328935175,0.005001134246323349,0.848805193799887
GIVINOSTAT,0.5608479613349995,0.0415191276088871,0.848805193799887
CHR-6494,0.56132130682622,0.11350198311316066,0.848805193799887
AI-10-49,0.5631498590638909,0.13528998139390952,0.848805193799887
SB-939,0.5643558867199998,0.0895245803663228,0.848805193799887
RUBITECAN,0.5719565800099999,0.14376983254466158,0.848805193799887
NUTLIN-3,0.580800884988,0.002422799461901706,0.848805193799887
GALLIC-ACID,0.584658795091,0.017334771692488787,0.848805193799887
HTH-01-015,0.586634661858525,0.007023222666002337,0.848805193799887
SB-2343,0.6177711997449999,0.10288258768567399,0.848805193799887
AZD1080,0.6268217030735125,0.06438057603700315,0.848805193799887
PLX51107,0.6275719121607615,0.058917878579522256,0.848805193799887
BMS-986158,0.6280787302405499,0.12376339428332375,0.848805193799887
TP-0903,0.6341667763342249,0.05688398274621047,0.848805193799887
SR-27897,0.6414424551639998,0.11906388325230803,0.848805193799887
JNJ-10397049,0.6455238707760702,0.06651810333617268,0.848805193799887
PREDNISOLONE-HEMISUCCINATE,0.653826675283,0.01057094795561601,0.848805193799887
ON123300,0.6563732339748249,0.10941407599360091,0.848805193799887
ANISOMYCIN,0.663320218175,0.05511376582434228,0.848805193799887
MG-132,0.6692702692549997,0.16086062214036811,0.848805193799887
LIFIRAFENIB,0.6754583258210205,0.034489075319415835,0.848805193799887
CAPTAMINE,0.685220002921,0.004362526655608549,0.848805193799887
ERAVACYCLINE,0.686476251893193,0.04538804418298382,0.848805193799887
MAVATREP,0.6871365928848356,0.04438687537474536,0.848805193799887
STF-62247,0.696185690679,0.012177320625574271,0.848805193799887
DESISOBUTYRYL-CICLESONIDE,0.700770102098866,0.0029229783877140147,0.848805193799887
PD-161570,0.7029799219011069,0.07723553638016373,0.848805193799887
PHENYLMERCURIC-ACETATE,0.7068453794150003,0.06452665280379777,0.848805193799887
ARV-825,0.721230774149495,0.130987522824446,0.848805193799887
BAG-956,0.7231742295467654,0.09431080159502479,0.848805193799887
SECLIDEMSTAT,0.7419438650397854,0.12345715753839606,0.848805193799887
LGX818,0.7466909992099999,0.03987026779016491,0.848805193799887
ENCORAFENIB,0.7604976611921015,0.009388410178122322,0.848805193799887
ESOMEPRAZOLE,0.7699159680825001,0.001948748146880634,0.848805193799887
LY3009120,0.7985710344141115,0.02746359922501363,0.848805193799887
TRILACICLIB,0.8055961343033059,0.07468499642774225,0.848805193799887
OTS514,0.8252105777038201,0.05049652634392912,0.848805193799887
PHA-665752,0.8306399192949998,0.104987092198796,0.848805193799887
AZD3463,0.8368493591949999,0.08351916991996457,0.848805193799887
ALEXIDINE,0.843143941416,0.09381323810419365,0.848805193799887
CCT196969,0.847392253101137,0.026716084316203197,0.848805193799887
CUDC-907,0.8490949698000003,0.02287050496259647,0.848805193799887
ML786,0.8549845344700628,0.02258214688629365,0.848805193799887
PF-06873600,0.8639003098595199,0.028319000737209988,0.848805193799887
PF-04691502,0.8725152918900001,0.14870043207346587,0.848805193799887
G-749,0.91089701814562,0.09374162881914247,0.848805193799887
AC1NDSS5,0.9389400897149951,0.10682081229728539,0.848805193799887
PODOPHYLLOTOXIN,0.942223146725,0.12786065974163296,0.848805193799887
SARDOMOZIDE,0.98171334907622,0.0922622313276604,0.848805193799887
MOCETINOSTAT,1.00387563945,0.15037854371787399,0.848805193799887
GAMBOGIC-ACID,1.087165279235,0.14817983121638476,0.848805193799887
TOLONIUM,1.0915796576358,0.10941407599360091,0.848805193799887
VORINOSTAT,1.226163935812,0.14865726438720123,0.848805193799887
Y-320,1.351231014744,0.11089634117469822,0.848805193799887
DELANZOMIB,1.3742124316200002,0.00607281823885241,0.848805193799887
HARRINGTONINE,1.5113168168899997,0.013063427660521189,0.848805193799887
DPC,1.51313214607553,0.09829424068863121,0.848805193799887
GELDANAMYCIN,1.9145822698487196,0.011175327467315518,0.848805193799887
BELOTECAN,2.4952973938295155,0.12530729711558627,0.848805193799887
BETA-FUNALTREXAMINE,-0.2163325537319,0.16177551044354388,0.8499628201444293
NECA,-0.15766798393750003,0.1621062789373392,0.8499628201444293
HONOKIOL,-0.1402076564475,0.16207778914125082,0.8499628201444293
BRL-15572,-0.0678523491548,0.16177551044354388,0.8499628201444293
DETOMIDINE,-0.044179016651150003,0.1624278010406981,0.8499628201444293
ER-50891,0.18627181790748945,0.1624278010406981,0.8499628201444293
"1,3-DIPROPYL-8-PHENYLXANTHINE",0.20768297990360002,0.16177551044354388,0.8499628201444293
SUNITINIB,0.441969342621,0.1624278010406981,0.8499628201444293
GDC-0834,-0.15731001989299997,0.16453252344222502,0.852528700779542
CYM-50358,-0.1348356782919786,0.16370169165789372,0.852528700779542
BRIVANIB-ALANINATE,-0.08975584293579711,0.16332224723664346,0.852528700779542
NADIFLOXACIN,-0.015273646560200001,0.1643310540871108,0.852528700779542
CLINOFIBRATE,0.06307067423570001,0.16403660197642445,0.852528700779542
NOR-BINALTORPHIMINE,0.13147212436813,0.164298527366873,0.852528700779542
AMG-925,0.16463699776040525,0.16332224723664346,0.852528700779542
6-CHLOROMELATONIN,0.1787415850659,0.16337326407646324,0.852528700779542
CFM-2,0.19927558192100003,0.16403660197642445,0.852528700779542
PROPOXYCAINE,0.20839157398129998,0.16348136497430577,0.852528700779542
SIGUAZODAN,0.223241163053765,0.164298527366873,0.852528700779542
CAFFEIC-ACID-PHENETHYL-ESTER,0.24246194977199997,0.16453252344222502,0.852528700779542
TIVANTINIB,-1.3413731960749997,0.16698601600607443,0.8539224062762861
SGI-1027,-1.0207087543600002,0.16632142277707085,0.8539224062762861
AR-12,-0.74643231665,0.16701761250870084,0.8539224062762861
TALAZOPARIB,-0.5035130114349999,0.16722703269510353,0.8539224062762861
BEMESETRON,-0.3054049334515,0.1665421090321797,0.8539224062762861
EPIANDROSTERONE,-0.21313686717200003,0.16585336849951193,0.8539224062762861
PROGESTERONE,-0.2041318835205,0.16698601600607443,0.8539224062762861
AT-406,-0.200440380367379,0.1653957192451776,0.8539224062762861
PENICILLAMINE-(D),-0.19954296950355,0.16526234129920514,0.8539224062762861
RO-60-0175,-0.19604123924325,0.16698601600607443,0.8539224062762861
RO-48-8071,-0.19462679512469916,0.1660911160500096,0.8539224062762861
NAB-2,-0.10797013652827303,0.16645477066713943,0.8539224062762861
FIPI,-0.07879676175158545,0.16645477066713943,0.8539224062762861
ATALUREN,0.15429328263800002,0.16722703269510353,0.8539224062762861
NCX-1015,0.167712864375264,0.1653957192451776,0.8539224062762861
SARCOSINE,0.18616978188579997,0.16632142277707085,0.8539224062762861
TOPILUTAMIDE,0.2089818166016965,0.1653957192451776,0.8539224062762861
BROXYQUINOLINE,0.41233242029550005,0.16594855560460509,0.8539224062762861
NSC-319726,-0.988228195065,0.17492490368040559,0.8553233909126005
CYCLOCYTIDINE,-0.7768068097499996,0.17023315410872053,0.8553233909126005
AZD5582,-0.4528526173392101,0.1740841072995053,0.8553233909126005
VER-49009,-0.3827539899899999,0.1733194444145979,0.8553233909126005
O-3M3FBS,-0.372513300025,0.16916002235017835,0.8553233909126005
TIOXOLONE,-0.36509585958900004,0.17023315410872053,0.8553233909126005
NVP-AEW541,-0.353890846008,0.1740841072995053,0.8553233909126005
MS-424,-0.293242340686028,0.17007920328226744,0.8553233909126005
NPS-2143,-0.28567461928708504,0.17023315410872053,0.8553233909126005
OXETHAZAINE,-0.257859414338,0.1740841072995053,0.8553233909126005
MANIDIPINE,-0.25676892833049997,0.1679229405482563,0.8553233909126005
TAXIFOLIN,-0.25274848397625,0.17170421320914386,0.8553233909126005
TRAMIPROSATE,-0.24223964042300003,0.17067490021577048,0.8553233909126005
GSK2606414,-0.215647556887054,0.1740841072995053,0.8553233909126005
XANTHONE,-0.2052580169318,0.17170421320914386,0.8553233909126005
ATROPINE,-0.19872758511599997,0.17492490368040559,0.8553233909126005
PD-168568,-0.1980616499326499,0.17492283061120995,0.8553233909126005
ISOPROPYL-PALMITATE,-0.19374913289665002,0.1711566005278442,0.8553233909126005
DIHYDROXYPHENYLGLYCINE,-0.19347051546411986,0.1740841072995053,0.8553233909126005
METOCURINE,-0.1817061638086,0.16880864638373216,0.8553233909126005
NEFAZODONE,-0.17720113352625,0.17492490368040559,0.8553233909126005
AS-604850,-0.16826402136969998,0.17256710418898724,0.8553233909126005
PHOSPHATIDYLCHOLINE,-0.1339626268215,0.17492490368040559,0.8553233909126005
L-368899,-0.1278464550334,0.17023315410872053,0.8553233909126005
AM-630,-0.126162555195,0.1733194444145979,0.8553233909126005
S-3304,-0.120665098438077,0.16772518400630487,0.8553233909126005
PF-03084014,-0.11709657532994,0.16863009193950773,0.8553233909126005
EMD-386088,-0.1004108249007,0.1740841072995053,0.8553233909126005
N-METHYLQUIPAZINE,0.018111329724000008,0.1710982503179319,0.8553233909126005
MOPROLOL,0.022385121363,0.1733194444145979,0.8553233909126005
IMPENTAMINE,0.06585312811267871,0.17170421320914386,0.8553233909126005
BORNYL-ACETATE,0.08198732061586,0.17380607984184582,0.8553233909126005
FARNESYL-THIOSALICYLIC-ACID-AMIDE,0.08920497103172209,0.1717345370802178,0.8553233909126005
PRIDINOL,0.0934974470027,0.17256710418898724,0.8553233909126005
ALTIRATINIB,0.10287437103219985,0.17460950745331472,0.8553233909126005
PYRETHRINS,0.10637234396150755,0.16934875426586704,0.8553233909126005
LTA,0.11218680556699999,0.16991897300382264,0.8553233909126005
IBROLIPIM,0.112976763478525,0.1747951470383312,0.8553233909126005
CARBETOCIN,0.12267652162500003,0.16899527077952659,0.8553233909126005
EMRICASAN,0.1273678456286861,0.17245789847161064,0.8553233909126005
ACETRIAZOIC-ACID,0.131184574898256,0.1688951424300026,0.8553233909126005
POZANICLINE,0.14368191480704,0.1747951470383312,0.8553233909126005
PHENELZINE,0.15110533889600003,0.16825116929492123,0.8553233909126005
SODIUM-NITROPRUSSIDE,0.16151037822542658,0.1740841072995053,0.8553233909126005
VOGLIBOSE,0.17468241409969998,0.1734110303491363,0.8553233909126005
RHODAMINE-123,0.17622131617367248,0.1688951424300026,0.8553233909126005
RIZATRIPTAN,0.2031177049792,0.1734110303491363,0.8553233909126005
ISODIBUT,0.21747277137899998,0.1747951470383312,0.8553233909126005
SETMELANOTIDE,0.221665857232128,0.17170421320914386,0.8553233909126005
KRCA-0008,0.252437437358048,0.1740841072995053,0.8553233909126005
NGP555,0.373496033410719,0.17486138937940532,0.8553233909126005
LDN-212854,0.49953536266999987,0.1710982503179319,0.8553233909126005
CR8-(R),0.6608875050499998,0.16863009193950773,0.8553233909126005
CXD101,0.8178117159823701,0.17486138937940532,0.8553233909126005
WYE-125132,0.861821950075,0.17492490368040559,0.8553233909126005
THONZYLAMINE,-0.157782550443,0.17570035849868393,0.85735899795168
17-HYDROXYPROGESTERONE-CAPROATE,-0.0771099805373,0.17570035849868393,0.85735899795168
DEXTROAMPHETAMINE,0.14294413047895,0.17574709457775484,0.85735899795168
E7820,-1.2123616037154203,0.17974322937807852,0.8579046125834555
CURCUMIN,-0.6641491552034,0.17919676126734507,0.8579046125834555
GW-583340,-0.50597367376475,0.18048950076758352,0.8579046125834555
CK-101,-0.4650934310968281,0.18222180977392,0.8579046125834555
LINTOPRIDE,-0.307348021239407,0.17974322937807852,0.8579046125834555
RS-504393,-0.281501331387415,0.17971249487899976,0.8579046125834555
NIGULDIPINE-(S)-(+),-0.2659141115011,0.18053522763646912,0.8579046125834555
GRAPIPRANT,-0.2523010623058,0.17641997511357677,0.8579046125834555
PRADEFOVIR,-0.247343110236743,0.17974322937807852,0.8579046125834555
TWS-119,-0.24116707710000002,0.17707535468959046,0.8579046125834555
ADL5859,-0.21937500676304997,0.17707535468959046,0.8579046125834555
IBUPROFEN-(S),-0.18046068313490002,0.18053522763646912,0.8579046125834555
MARIMASTAT,-0.1792583017,0.1781065496583243,0.8579046125834555
AGI-5198,-0.156862520117,0.1765206010497553,0.8579046125834555
BMS-191011,-0.14106092105989998,0.18214250468365212,0.8579046125834555
SPIRADOLINE,-0.134684509883,0.17730666396451422,0.8579046125834555
UNC-3230,-0.09740097611499679,0.18074423958123054,0.8579046125834555
"4-PHENYL-1,2,3,4-TETRAHYDROISOQUINOLINE",-0.08691536657922226,0.178917664843099,0.8579046125834555
AMINOGLUTETHIMIDE,-0.085784885818,0.18053522763646912,0.8579046125834555
ML-281,-0.07867250993199255,0.17781579981901785,0.8579046125834555
ML218,-0.07222997693427355,0.1813715561870194,0.8579046125834555
IOPANIC-ACID,0.049585164313700004,0.17894814291193517,0.8579046125834555
DARGLITAZONE,0.07262582884579998,0.1797750193592822,0.8579046125834555
METHYSERGIDE,0.0775034681237507,0.1813715561870194,0.8579046125834555
ANDARINE,0.09443000038450006,0.18214250468365212,0.8579046125834555
RIBOCICLIB,0.10874895105999993,0.1813715561870194,0.8579046125834555
IBUTAMOREN,0.11158921976749991,0.18058260423406336,0.8579046125834555
DEXPANTHENOL,0.11430798161295,0.18214250468365212,0.8579046125834555
TESAGLITAZAR,0.11594415229,0.17890303872358193,0.8579046125834555
HT-2157,0.1181352924162924,0.18222180977392,0.8579046125834555
RWJ-50271,0.12107870860178496,0.18074423958123054,0.8579046125834555
TOPIROXOSTAT,0.12824522685995,0.1781065496583243,0.8579046125834555
TIRATRICOL,0.13907788618,0.17810439922592936,0.8579046125834555
GSK2256098,0.1416716490265087,0.17728979417971968,0.8579046125834555
BROMANTAN,0.142295654217225,0.1815031581200106,0.8579046125834555
ERYTHROMYCIN-ETHYLSUCCINATE,0.1449995383532,0.1806317204337472,0.8579046125834555
TAGATOSE,0.15346396782299998,0.17890303872358193,0.8579046125834555
RIFAMPIN,0.16160227983050002,0.18214250468365212,0.8579046125834555
FURAZOLIDONE,0.17756307388099998,0.18214250468365212,0.8579046125834555
ATIPRIMOD,0.18187150850960002,0.1815031581200106,0.8579046125834555
BEVENOPRAN,0.2048184872421024,0.17728979417971968,0.8579046125834555
CALCIPOTRIOL,0.27928931503300003,0.1797750193592822,0.8579046125834555
A740003,0.29575621722940004,0.178917664843099,0.8579046125834555
KARENITECIN,0.3031043275251335,0.178917664843099,0.8579046125834555
REGADENOSON,0.37529574452049996,0.1781065496583243,0.8579046125834555
DICHLORISONE-ACETATE,0.3921708307603,0.18193827950905417,0.8579046125834555
NESBUVIR,0.413218020154,0.18048950076758352,0.8579046125834555
SATRAPLATIN,-0.80764800905,0.18308632808284053,0.8601075929882102
SAPACITABINE,-0.67098233886035,0.1847256484230636,0.8601075929882102
RMC-4550,-0.4245645929513129,0.18385033838674347,0.8601075929882102
ICOSAPENT,-0.2918311925739,0.1845968000263295,0.8601075929882102
SBE-13,-0.1649763690705335,0.18370834236298028,0.8601075929882102
YS-201,-0.1059925363470986,0.1847256484230636,0.8601075929882102
ZD-0947,-0.023965829237935905,0.1847256484230636,0.8601075929882102
ETHOTOIN,0.037480423033000004,0.1845968000263295,0.8601075929882102
1-ETHYL-2-PYRROLIDONE,0.0742654486088,0.18308632808284053,0.8601075929882102
DALFOPRISTIN,0.1828867718780769,0.1847256484230636,0.8601075929882102
K-RAS(G12C)-INHIBITOR-6,0.21623813881500004,0.18471078920679906,0.8601075929882102
OSELTAMIVIR-CARBOXYLATE,0.2229904084002,0.1837395209732493,0.8601075929882102
BECLOMETHASONE-DIPROPIONATE,0.26086529188810004,0.18471078920679906,0.8601075929882102
LIDAMIDINE,0.3269052686498,0.1837395209732493,0.8601075929882102
PEVONEDISTAT,0.7754369475670001,0.1837395209732493,0.8601075929882102
ALFADOLONE-ACETATE,-0.20590209162339002,0.18532630419857954,0.8622707707095437
FLUPRAZINE,-0.14737066012484373,0.1859807152665084,0.8646806989316681
KETANSERIN,-0.16311730852102502,0.18761197162084076,0.8650524159524695
PROBUCOL,-0.15842220500250004,0.18761197162084076,0.8650524159524695
IOPAMIDOL,-0.1531664278108,0.187971781089877,0.8650524159524695
ELUXADOLINE,-0.09172338998030499,0.18744140272980292,0.8650524159524695
LIXIVAPTAN,0.05712162951649999,0.18744140272980292,0.8650524159524695
FLUCLOXACILLIN,0.13907826809649998,0.187780359197522,0.8650524159524695
TRANS-4-HYDROXYCROTONIC-ACID,0.19111203477349997,0.18751444185658794,0.8650524159524695
INDIPLON,0.1915706783031,0.18644889144662535,0.8650524159524695
RAVUCONAZOLE,0.19880784589394201,0.18744140272980292,0.8650524159524695
GEFAPIXANT,0.211810862358811,0.1872548566001958,0.8650524159524695
NECROSTATIN-1,0.226724877777,0.187971781089877,0.8650524159524695
NVP-HSP990,0.3704481227531704,0.18646917624426007,0.8650524159524695
HOMOHARRINGTONINE,0.631006191475,0.187780359197522,0.8650524159524695
C-021,0.981433997223145,0.18670829710438386,0.8650524159524695
AP26113,-0.33031304495900005,0.18867217207567333,0.8670163556515895
MYCOPHENOLIC-ACID,-0.291264805852,0.18867217207567333,0.8670163556515895
VU152100,0.1019376614753232,0.18888301244189853,0.8673562680031239
TELITHROMYCIN,-0.296770716538,0.1895786656534516,0.8690918199537015
CPI-1205,-0.22045854650964697,0.18980954376138914,0.8690918199537015
OCTOCRYLENE,-0.18677119975365,0.1895786656534516,0.8690918199537015
PF-02413873,0.1715376403817982,0.18980954376138914,0.8690918199537015
SILODOSIN,-0.2196351719459,0.19025182335815471,0.870079637334828
NILOTINIB,0.043286114286000016,0.1902998859627697,0.870079637334828
MEDORINONE,0.057433610910999994,0.19050019303174748,0.8703675005351
SDZ-220-040,-0.10650453672431168,0.19143711840831945,0.8733887828319081
ERASTIN,0.24822717987199994,0.19143711840831945,0.8733887828319081
DIM-C-PPHCO2ME,-0.9646224254345501,0.19925175827392738,0.8737229860405734
BMS-690514,-0.95999288147,0.2035185499905946,0.8737229860405734
CD-437,-0.8144246337199998,0.19823555243117885,0.8737229860405734
TENIPOSIDE,-0.7036973848249999,0.1946589114126911,0.8737229860405734
U-18666A,-0.43848604962,0.20619816269327074,0.8737229860405734
MK-7622,-0.3745359297308564,0.19762754564502683,0.8737229860405734
IRSOGLADINE,-0.346424562553,0.20427391047224241,0.8737229860405734
LEVOMEQUITAZINE,-0.343456853103,0.1956319784689916,0.8737229860405734
BENTIROMIDE,-0.33315341338999993,0.19401654338007912,0.8737229860405734
VORTIOXETINE,-0.3167093887731,0.2046001373849785,0.8737229860405734
TRIHEXYPHENIDYL,-0.31524946176412,0.20511768103340522,0.8737229860405734
YL0919,-0.30222860510098304,0.19762754564502683,0.8737229860405734
CJ-13610,-0.2932031624087115,0.20028520562176322,0.8737229860405734
SRC-KINASE-INHIBITOR-I,-0.2924245849089,0.20619816269327074,0.8737229860405734
NNC-711,-0.2917033728852,0.20142457534590041,0.8737229860405734
2-CHLORO-N6-CYCLOPENTYLADENOSINE,-0.27578051993285,0.19860433675480693,0.8737229860405734
TGX-221,-0.272190928179,0.19860433675480693,0.8737229860405734
GADOTERATE-MEGLUMINE,-0.2553239284612,0.1963662946911089,0.8737229860405734
RISEDRONATE,-0.2520140758691307,0.20458945374205473,0.8737229860405734
AZ-7371,-0.2348632819835255,0.20190774736864003,0.8737229860405734
AMMONIUM-GLYCYRRHIZINATE,-0.22404603994126,0.1919941743602428,0.8737229860405734
ROSAMICIN,-0.2232188626560875,0.20190774736864003,0.8737229860405734
TETRABENAZINE,-0.217095258814,0.2030099636374728,0.8737229860405734
SB-415286,-0.1932411075115,0.1946589114126911,0.8737229860405734
U-54494A,-0.1871914184415,0.19860433675480693,0.8737229860405734
VECURONIUM,-0.16245040831599997,0.20246546670398569,0.8737229860405734
TRIENTINE,-0.16213006335199998,0.20619816269327074,0.8737229860405734
BUPROPION,-0.1514302218947,0.2035185499905946,0.8737229860405734
PICEATANNOL,-0.1476271034175,0.20041107494054256,0.8737229860405734
SLV-319-(+/-),-0.1472707834425278,0.20225220510290243,0.8737229860405734
SB-202190,-0.14548158421839,0.19401654338007912,0.8737229860405734
ETOMIDATE,-0.1299010951535,0.2008643777631942,0.8737229860405734
HJC-0350,-0.12564213053203394,0.20225220510290243,0.8737229860405734
CANRENONE,-0.12264836726039997,0.19210644086794226,0.8737229860405734
PROPYLENE-GLYCOL,-0.10664447629589335,0.20190774736864003,0.8737229860405734
DISOPYRAMIDE,-0.09672211828415,0.1952863196781215,0.8737229860405734
PCI-34051,-0.0965213701629,0.19401654338007912,0.8737229860405734
P5091,-0.088404737166,0.19783655710176173,0.8737229860405734
PROMETHAZINE,-0.07588448470959999,0.20075067663967128,0.8737229860405734
HEMOGLOBIN-MODULATORS-1,-0.061035889088654996,0.19740393423372393,0.8737229860405734
PZ-2891,-0.0144260206246229,0.20296886327547936,0.8737229860405734
MILTEFOSINE,0.0395012080533,0.20142457534590041,0.8737229860405734
JNJ-26990990,0.0464879541576,0.20075067663967128,0.8737229860405734
LTB4,0.0497636016834,0.1998383289920712,0.8737229860405734
VIPADENANT,0.05056521321813051,0.19891374442145215,0.8737229860405734
TAK-220,0.06245961188664001,0.19891374442145215,0.8737229860405734
RANOLAZINE,0.06372495257710002,0.20563331184005085,0.8737229860405734
MELEVODOPA,0.06569362344405,0.19803510245257472,0.8737229860405734
INCYCLINIDE,0.07942495496270296,0.19662138981661004,0.8737229860405734
NAPIRIMUS,0.08355127724130323,0.19891374442145215,0.8737229860405734
ALMOREXANT,0.09041890749199999,0.1963662946911089,0.8737229860405734
ME0328,0.09137344817099999,0.19823555243117885,0.8737229860405734
ACECAINIDE,0.1096481589795,0.19823555243117885,0.8737229860405734
TRIFLUSAL,0.10996573612206856,0.19891374442145215,0.8737229860405734
ENCIPRAZINE,0.11062862833730001,0.2062631508784437,0.8737229860405734
AZ505,0.11528980350734952,0.2054710306938663,0.8737229860405734
SB-328437,0.117061354733,0.1956319784689916,0.8737229860405734
ETANIDAZOLE,0.12449076629050002,0.19276027046260946,0.8737229860405734
REV-5901,0.12598979658280002,0.19370180075914878,0.8737229860405734
MM77,0.129466325321,0.19305355844009398,0.8737229860405734
ML314,0.1316441203176478,0.2021176493033251,0.8737229860405734
MSDC-0160,0.1329216724722982,0.20567861636663376,0.8737229860405734
MEBICAR,0.13764933167535,0.1952863196781215,0.8737229860405734
AMINOTHIAZOLE,0.14237620337500007,0.20511768103340522,0.8737229860405734
LIMAPROST-ALFADEX,0.14564524453545,0.1958130777686523,0.8737229860405734
LY2979165,0.14615877227815946,0.19574712072641554,0.8737229860405734
VERBASCOSIDE,0.14623409061707898,0.2053590052137113,0.8737229860405734
ETHACIZIN,0.148760314868675,0.20015028157662274,0.8737229860405734
RADAFAXINE,0.14925121812065,0.1919941743602428,0.8737229860405734
EXISULIND,0.15052828901299997,0.20015028157662274,0.8737229860405734
THK5351,0.1506658505011676,0.20296886327547936,0.8737229860405734
VORICONAZOLE,0.15618975678,0.19305355844009398,0.8737229860405734
ANANDAMIDE,0.1602878334003,0.19335867802450557,0.8737229860405734
FOSAMPRENAVIR,0.1664274083042,0.19370180075914878,0.8737229860405734
SOPHOCARPINE,0.17362201646975,0.1953464968173314,0.8737229860405734
NITROFURANTOIN,0.1758124197084,0.20075067663967128,0.8737229860405734
TG100-115,0.17935389973580002,0.2030099636374728,0.8737229860405734
ALIZARIN,0.18093634563039998,0.19865085892371093,0.8737229860405734
CLONAZEPAM,0.1813142949159,0.19335867802450557,0.8737229860405734
CHLORPHENAMINE,0.190314330441,0.19823555243117885,0.8737229860405734
ALAGEBRIUM,0.19174287758914998,0.20511768103340522,0.8737229860405734
INDOPROFEN,0.20889213904779996,0.20572646353121693,0.8737229860405734
TARGININE,0.209087321099,0.19370180075914878,0.8737229860405734
AY-9944,0.20958246864677998,0.1956319784689916,0.8737229860405734
PARETHOXYCAINE,0.21280572459471428,0.19925175827392738,0.8737229860405734
LINALOOL,0.21486935580350003,0.20200495642473737,0.8737229860405734
PICLAMILAST,0.21548671366049998,0.19860433675480693,0.8737229860405734
DAU-5884,0.22195335924854998,0.19401654338007912,0.8737229860405734
FASORACETAM,0.2226366573118263,0.20296886327547936,0.8737229860405734
ERDAFITINIB,0.22493742070550002,0.20572646353121693,0.8737229860405734
E7046,0.2256317336012315,0.20296886327547936,0.8737229860405734
NVP-BEZ235,0.2283396201500001,0.2040550894206663,0.8737229860405734
AMODIAQUINE,0.23581638107475,0.20511768103340522,0.8737229860405734
SR-3306,0.23696629176486983,0.2021176493033251,0.8737229860405734
FAGOMINE,0.2589473118598,0.20292442195335803,0.8737229860405734
ENTINOSTAT,0.26379312137,0.19370180075914878,0.8737229860405734
SUVOREXANT,0.2716284113904,0.20563331184005085,0.8737229860405734
FENOLDOPAM,0.2735708388978,0.20511768103340522,0.8737229860405734
CTEP,0.304605390306,0.20563331184005085,0.8737229860405734
CHLORMADINONE-ACETATE,0.31536583129605,0.19723617536633176,0.8737229860405734
ETOFYLLINE,0.328530159368,0.19723617536633176,0.8737229860405734
L-694247,0.3319283310803663,0.19401654338007912,0.8737229860405734
LINEZOLID,0.42949698197249997,0.20142457534590041,0.8737229860405734
REPAGLINIDE,0.4335574926135001,0.20361306827407744,0.8737229860405734
PALBOCICLIB,0.5092262429690999,0.2008643777631942,0.8737229860405734
AZD2014,0.61169068373,0.20041107494054256,0.8737229860405734
COH29,0.6983117884947689,0.20567861636663376,0.8737229860405734
FN-1501,-1.4324228884239343,0.2072969720243817,0.873747403744892
OMTRIPTOLIDE,-1.0353269450095501,0.2167804647722239,0.873747403744892
MK-1775,-0.7809676457600001,0.20890330747086738,0.873747403744892
AMSACRINE,-0.7294465427450003,0.23439139632018258,0.873747403744892
LY3295668,-0.67230760759063,0.2167804647722239,0.873747403744892
AZATHIOPRINE,-0.6478395224707,0.2231317135759232,0.873747403744892
GDC-0068,-0.6114048115246,0.22595784927800644,0.873747403744892
XANOMELINE,-0.45528211061,0.2314739316963742,0.873747403744892
CMPD-1,-0.4228784561479999,0.2199809680884518,0.873747403744892
CEDIRANIB,-0.38626167271274997,0.2326383144584918,0.873747403744892
TRICIRIBINE,-0.3640548089212,0.22045051585500353,0.873747403744892
CASPOFUNGIN,-0.32561069332205506,0.21003039479905594,0.873747403744892
XYLAZINE,-0.3215525148935,0.21875800453339223,0.873747403744892
MUBRITINIB,-0.31894992892295,0.22812922804534297,0.873747403744892
BX-912,-0.31219253667650004,0.22504322966256318,0.873747403744892
STAVUDINE,-0.3066410937335,0.22195846916293638,0.873747403744892
ETP-46464,-0.30248782819213,0.2373776868379286,0.873747403744892
NEO-GILURYTMAL,-0.2961380072892,0.22033096042242295,0.873747403744892
BRD9876,-0.29015601966920507,0.2212249088656968,0.873747403744892
ISOGUVACINE,-0.2791126250185,0.21911991846499412,0.873747403744892
PD-407824,-0.2743722631285,0.23124525390799833,0.873747403744892
SEW-2871,-0.272699921946,0.2116340739083199,0.873747403744892
PRONETHALOL,-0.26349647695001804,0.22812922804534297,0.873747403744892
S18986,-0.26333648930700004,0.2199809680884518,0.873747403744892
DPCPX,-0.255528939657,0.22777807782384019,0.873747403744892
MEPIROXOL,-0.2456761190667,0.2212249088656968,0.873747403744892
BENZYLDIMETHYLHEXADECYLAMMONIUM,-0.23752384629775003,0.22377781968166632,0.873747403744892
PIRODAVIR,-0.23257655964200002,0.236127931552102,0.873747403744892
DEXFOSFOSERINE,-0.23185791254100002,0.23011351957516157,0.873747403744892
MIBAMPATOR,-0.2317496990269,0.2296575720155697,0.873747403744892
ITRACONAZOLE,-0.22770776470935,0.22504322966256318,0.873747403744892
Y-29794,-0.2236520149757545,0.2328407452743575,0.873747403744892
NIFURTIMOX,-0.22246269744699998,0.21095373218620372,0.873747403744892
ANAMORELIN,-0.22209163400405,0.23756774130542035,0.873747403744892
ROSIGLITAZONE,-0.22206569026599998,0.2345892773090268,0.873747403744892
CICLOPROFEN,-0.21046814240573047,0.2328407452743575,0.873747403744892
BENETHAMINE,-0.208478206805268,0.20872692463211806,0.873747403744892
GR-79236,-0.2039670537986,0.22199453569263905,0.873747403744892
CK-636,-0.20165551234509999,0.23441264344333113,0.873747403744892
DOXOFYLLINE,-0.1974216278202,0.20938022735290363,0.873747403744892
WR99210,-0.1912375333099557,0.21535054336713,0.873747403744892
ARTESUNATE,-0.1852807342326,0.2345892773090268,0.873747403744892
HALOPERIDOL-DECANOATE,-0.18244759079749998,0.23221702873053596,0.873747403744892
PRX-08066,-0.181245927581,0.20670520962899364,0.873747403744892
HTMT,-0.1735815853055,0.22468867028543815,0.873747403744892
MEGLUTOL,-0.1724996307279311,0.21003039479905594,0.873747403744892
ONO-AE3-208,-0.17214384742863173,0.21202004445248301,0.873747403744892
2-THIOURACIL,-0.1685486577338,0.21875800453339223,0.873747403744892
GUAIFENESIN,-0.16799463115379998,0.22439268845189453,0.873747403744892
GW-311616,-0.1632661287853176,0.21870218466843028,0.873747403744892
PAROXETINE,-0.15617909725755702,0.21516131336977118,0.873747403744892
BREMELANOTIDE,-0.15298568235915,0.2172157211108381,0.873747403744892
EPINASTINE,-0.1511417604076,0.20841456057653296,0.873747403744892
ALAPROCLATE,-0.15025175363779,0.2082812063688495,0.873747403744892
GBR-12783,-0.14946441276649997,0.21596446398212932,0.873747403744892
NIFURSOL,-0.1486488032623,0.23303798227390538,0.873747403744892
HISTAMINE,-0.14830085819605,0.22504322966256318,0.873747403744892
DESOGESTREL,-0.14712165094895,0.23439139632018258,0.873747403744892
URSOLIC-ACID,-0.144151057177,0.22856148167071688,0.873747403744892
GARENOXACIN,-0.1415088421853,0.2324304819741162,0.873747403744892
BMS-626529,-0.1387174032762,0.2261305642719018,0.873747403744892
RO-25-6981,-0.13641884544469998,0.21717281982311043,0.873747403744892
LOMEFLOXACIN,-0.13581981679650001,0.2282066714459503,0.873747403744892
ELLAGIC-ACID,-0.13244261229325,0.22856148167071688,0.873747403744892
TOLTERODINE,-0.12944901651329999,0.23564640283741334,0.873747403744892
EXIFONE,-0.12530837973460002,0.22812922804534297,0.873747403744892
DYPHYLLINE,-0.123726868747,0.22724860991303353,0.873747403744892
CIPROFLOXACIN,-0.1164148811231,0.2314739316963742,0.873747403744892
ALISKIREN-HEMIFUMARATE,-0.11555890328499996,0.21596446398212932,0.873747403744892
CEFOXITIN,-0.11089850254038464,0.21870218466843028,0.873747403744892
INDIUM(III)-ISOPROPOXIDE,-0.10977571862190999,0.22690132899015758,0.873747403744892
17-PA,-0.10938709194243229,0.2298970108344317,0.873747403744892
GLPG0187,-0.10911632714712899,0.22538532626089436,0.873747403744892
SB-452533,-0.10725594949533095,0.2269798436356375,0.873747403744892
ETRETINATE,-0.10198415384698994,0.2298970108344317,0.873747403744892
MAPROTILINE,-0.100550094935,0.2261305642719018,0.873747403744892
EB-47,-0.09986432352069088,0.2325687732669386,0.873747403744892
PROPANTHELINE,-0.09570417306349999,0.22156251208303168,0.873747403744892
GSK2239633A,-0.095554807977642,0.22830710503435603,0.873747403744892
BEGACESTAT,-0.09405869572318924,0.2326570200283522,0.873747403744892
HA-1004,-0.08886139879149996,0.213225680095655,0.873747403744892
SPERMIDINE,-0.08746250938876,0.21466013609718881,0.873747403744892
"TRANS-4-[8-(3-FLUOROPHENYL)-1,7-NAPHTHYRIDIN-6-YL]CYCLOHEXANECARBOXYLIC-ACID",-0.08574003425849999,0.236127931552102,0.873747403744892
PROXYMETACAINE,-0.08490491112279998,0.22156251208303168,0.873747403744892
MK-886,-0.08422085193553702,0.22538532626089436,0.873747403744892
SULFAMETER,-0.0829529254375,0.22156251208303168,0.873747403744892
NARASIN,-0.08067307374500032,0.23303798227390538,0.873747403744892
CHLOROTRIANISENE,-0.07989361318850002,0.21278981256718288,0.873747403744892
SEROTONIN,-0.07668778701246001,0.21234297128200186,0.873747403744892
TRIFLUOPERAZINE,-0.066392705551515,0.23756774130542035,0.873747403744892
CP-532623,-0.05410484505190688,0.21535054336713,0.873747403744892
KARTOGENIN,-0.04776319274472304,0.21557531371212213,0.873747403744892
CAPSAICIN,-0.0314268987425,0.23124525390799833,0.873747403744892
DAUCOSTEROL,-0.005622338966499996,0.2353034872990154,0.873747403744892
DESOXYCORTONE,0.011120745571500001,0.2136509723650084,0.873747403744892
SUCCINOBUCOL,0.0126651525615223,0.22538532626089436,0.873747403744892
BUCLADESINE,0.017222658248100008,0.23441264344333113,0.873747403744892
TRANS-2-UNDECENOIC-ACID,0.023140382510749985,0.23564640283741334,0.873747403744892
SKF-38393,0.024010137688400005,0.23441264344333113,0.873747403744892
CP-775146,0.034472808707753044,0.21535054336713,0.873747403744892
ERTEBEREL,0.035541171482899994,0.23032309394243344,0.873747403744892
TALSACLIDINE,0.04039186199129299,0.2372340042354345,0.873747403744892
GATIFLOXACIN,0.046966579109196,0.21480529669263493,0.873747403744892
FPA-124,0.048419723247,0.22363864083557428,0.873747403744892
ANISOTROPINE,0.049190964914450006,0.2296575720155697,0.873747403744892
PRUCALOPRIDE,0.051600940503095,0.23404527149997711,0.873747403744892
MK-4074,0.053197922408270495,0.2312557611406717,0.873747403744892
ACETYLSPIRAMYCIN,0.064786835105134,0.2269798436356375,0.873747403744892
PROACIPIMOX,0.06801818614504451,0.23612651122784434,0.873747403744892
DELCASERTIB,0.08206977910822791,0.2342313699106846,0.873747403744892
TALAMPANEL,0.08248662880563,0.21761621773924755,0.873747403744892
OC000459,0.08502105287485001,0.21473669358036107,0.873747403744892
DIDOX,0.0855513944378,0.23547725256335927,0.873747403744892
GEMFIBROZIL,0.08725618854449999,0.21141467103366063,0.873747403744892
TALADEGIB,0.08835729177433199,0.2344826070931849,0.873747403744892
IMATINIB,0.08929095142600008,0.23035782123718052,0.873747403744892
LOTAMILAST,0.0932983852483195,0.21117678947051066,0.873747403744892
TACALCITOL,0.0934453741626,0.22595784927800644,0.873747403744892
LOPINAVIR,0.09519845669899998,0.23441264344333113,0.873747403744892
TUG-770,0.09653191922497305,0.20863797772590342,0.873747403744892
AZD0156,0.10426645897976489,0.2372340042354345,0.873747403744892
APRACLONIDINE,0.1042776812081,0.2314739316963742,0.873747403744892
MOXIFLOXACIN,0.10447705544641,0.21294627515560105,0.873747403744892
PALMITOLEIC-ACID,0.10535245065292148,0.23612651122784434,0.873747403744892
KB-R7943,0.10592167843650002,0.23756774130542035,0.873747403744892
HYDROCORTISONE-HEMISUCCINATE,0.10673269281799996,0.23597157469298924,0.873747403744892
PINACIDIL,0.108425557029332,0.20678649030956509,0.873747403744892
BENPROPERINE,0.10938799078359998,0.223130390686737,0.873747403744892
CIPARGAMIN,0.11101647447845098,0.2328407452743575,0.873747403744892
TOLONIDINE,0.11343387691615,0.2324304819741162,0.873747403744892
OXFENICINE,0.11514880959476298,0.2326570200283522,0.873747403744892
MEDRONIC-ACID,0.11614707699004999,0.22642110329773568,0.873747403744892
LURBINECTEDIN,0.11744964872453512,0.21557531371212213,0.873747403744892
(R)-BACLOFEN,0.11982411402669998,0.23406480247725214,0.873747403744892
NSC-636819,0.12147685212164955,0.2298970108344317,0.873747403744892
PHENYTOIN,0.12453794708879999,0.21911991846499412,0.873747403744892
HBED,0.1256895929041277,0.2312557611406717,0.873747403744892
CHLOROTHIAZIDE,0.1260172184755,0.2219871666902995,0.873747403744892
DESOXYCORTICOSTERONE-PIVALATE,0.12678683398065,0.22642110329773568,0.873747403744892
JW-67,0.12893152834477695,0.22911047283512653,0.873747403744892
LY320135,0.12917814758700003,0.21278981256718288,0.873747403744892
ANTAZOLINE,0.1298955301832,0.21299762553119006,0.873747403744892
FEXARAMINE,0.1308009458529,0.21597908738263127,0.873747403744892
SCHISANDROL-B,0.13090736771785,0.23547725256335927,0.873747403744892
GUVACINE,0.132598570209,0.2136509723650084,0.873747403744892
PYRIDOXAMINE,0.13297819288430002,0.2234583346249207,0.873747403744892
TC-I-2000,0.1378566754288654,0.22556778013389267,0.873747403744892
DAPT,0.13824462732530002,0.22724860991303353,0.873747403744892
INDIRUBIN,0.1410224156019,0.23751765800729807,0.873747403744892
PCI-27483,0.1414174689766661,0.2328407452743575,0.873747403744892
CARUMONAM,0.14489886373650002,0.21188473751817372,0.873747403744892
OXYCLOZANIDE,0.14504760484760001,0.21597908738263127,0.873747403744892
FOMOCAINE,0.14513179159850004,0.21006032515564677,0.873747403744892
MECYSTEINE,0.1454283569599551,0.2269798436356375,0.873747403744892
PLECONARIL,0.14544773442799996,0.21761621773924755,0.873747403744892
MONASTROL,0.145602490435,0.21299762553119006,0.873747403744892
ONC201,0.1472267841931,0.21761621773924755,0.873747403744892
OXACILLIN,0.1494365243901,0.21308225649908685,0.873747403744892
PS178990,0.15061371657385,0.21278981256718288,0.873747403744892
ALFAXALONE,0.1514643130985,0.22751066006644338,0.873747403744892
PF-05089771,0.1531741968557711,0.2312557611406717,0.873747403744892
CABAGIN,0.15759356373745045,0.21557531371212213,0.873747403744892
TELBIVUDINE,0.1632413883335,0.2345892773090268,0.873747403744892
DEHYDROACETIC-ACID,0.16765790806824998,0.236127931552102,0.873747403744892
FOMEPIZOLE,0.16812345210005,0.21637300805763737,0.873747403744892
NU-1025,0.17205579773951,0.2313149041595648,0.873747403744892
PERINDOPRIL,0.172896420118,0.23597157469298924,0.873747403744892
MEGESTROL-ACETATE,0.1760299701745,0.2298970108344317,0.873747403744892
TERFENADINE,0.17653844084800002,0.2218153474103316,0.873747403744892
LIOTHYRONINE,0.1824578988717,0.21287352188745745,0.873747403744892
CARDIOGENOL-C,0.1830153551075,0.2269798436356375,0.873747403744892
LOMERIZINE,0.184533112826,0.23441264344333113,0.873747403744892
AMG-548,0.18489438229182042,0.22911047283512653,0.873747403744892
CGP-74514,0.18543068420672004,0.22904923805757638,0.873747403744892
PONATINIB,0.19410998656,0.2199809680884518,0.873747403744892
HYDROXYSAFFLOR-YELLOW-A,0.1952588296326376,0.21117678947051066,0.873747403744892
PROXODOLOL,0.195701897942,0.23441264344333113,0.873747403744892
CNX-774,0.19692363332399992,0.22281507552171853,0.873747403744892
O-304,0.19852812391781327,0.21117678947051066,0.873747403744892
FADROZOLE,0.19873380426329998,0.23035782123718052,0.873747403744892
DACINOSTAT,0.20976766887500053,0.22468867028543815,0.873747403744892
LAMIVUDINE,0.21376339016210003,0.21278981256718288,0.873747403744892
TC-H-106,0.21482696345502367,0.21278981256718288,0.873747403744892
NALOXONE,0.21540297128099997,0.2369348983104934,0.873747403744892
BAY-8002,0.2183539080047508,0.21117678947051066,0.873747403744892
BMS-182874,0.21864687913423342,0.21557531371212213,0.873747403744892
LOMITAPIDE,0.22264477771149999,0.22835993985312075,0.873747403744892
CAPRYLIC-ACID,0.22301569090474999,0.236720601998051,0.873747403744892
DIMERCAPTOSUCCINIC-ACID,0.22663277942760002,0.21721967524567098,0.873747403744892
CHLORHEXIDINE,0.22931420285036952,0.22156251208303168,0.873747403744892
AT7867,0.23388119391599999,0.2373776868379286,0.873747403744892
MEDETOMIDINE,0.235184662321,0.22504322966256318,0.873747403744892
MEPHENTERMINE,0.23828593290209998,0.21208022841657925,0.873747403744892
LY215490,0.2390107277235,0.20715245649462666,0.873747403744892
SELEGILINE,0.2396951803552,0.22281507552171853,0.873747403744892
BENACTYZINE,0.24039411443559677,0.20841456057653296,0.873747403744892
ZUCLOPENTHIXOL,0.24965312681449997,0.21095373218620372,0.873747403744892
ETHYL-VANILLIN,0.2521378285395,0.23035782123718052,0.873747403744892
DESLANOSIDE,0.25445030639999944,0.22642110329773568,0.873747403744892
BETA-NAPHTHOL,0.258670338624,0.2104977000553373,0.873747403744892
ONDANSETRON,0.2682418536153,0.22468867028543815,0.873747403744892
CPI-444,0.2738398917639004,0.2167804647722239,0.873747403744892
GSK2981278,0.2802263218247739,0.2212249088656968,0.873747403744892
BILASTINE,0.2805053354935,0.21896094410623168,0.873747403744892
E3330,0.286798759297603,0.22538532626089436,0.873747403744892
FINASTERIDE,0.2937937878923,0.20678649030956509,0.873747403744892
OGERIN,0.298349817756308,0.2342313699106846,0.873747403744892
PALONOSETRON,0.3253507266533,0.2247825865459362,0.873747403744892
BMS-536924,0.32779400327724606,0.21003039479905594,0.873747403744892
LY364947,0.3294659206149999,0.21006032515564677,0.873747403744892
PRN1371,0.33172195002069294,0.22249034708480397,0.873747403744892
TILMICOSIN,0.33190053377344997,0.21516131336977118,0.873747403744892
DESERPIDINE,0.33425091634649995,0.21006032515564677,0.873747403744892
A-987306,0.3491191674386565,0.2212249088656968,0.873747403744892
OXIPEROMIDE,0.3636385551595,0.23756774130542035,0.873747403744892
NALTREXONE,0.36963511825,0.236720601998051,0.873747403744892
LOTEPREDNOL,0.3817718378244,0.23077719358426996,0.873747403744892
PP242,0.38402243599100006,0.23751765800729807,0.873747403744892
FUMAGILLIN,0.39371002113282,0.2167804647722239,0.873747403744892
CAFFEIC-ACID,0.40222888873949997,0.22363864083557428,0.873747403744892
LY3023414,0.41886072731,0.23547725256335927,0.873747403744892
TAK-632,0.44879240333540005,0.22156251208303168,0.873747403744892
GW-3965,0.4728245684755,0.22670409981604567,0.873747403744892
MENADIONE,0.512946530413,0.21095373218620372,0.873747403744892
PCI-24781,0.5559089947300002,0.21308225649908685,0.873747403744892
AZALOMYCIN-B,0.690275501785,0.2104977000553373,0.873747403744892
PYRITHIONE-ZINC,0.7826474507849999,0.21729512025737996,0.873747403744892
LMK-235,-0.6319148232578549,0.2388082038084378,0.8746341019205219
SCH-202676,-0.1878496405864335,0.2388082038084378,0.8746341019205219
SODIUM-ASCORBATE,-0.0945083153756681,0.2388082038084378,0.8746341019205219
LY404187,0.05146730231959051,0.2388082038084378,0.8746341019205219
TAFAMIDIS-MEGLUMINE,0.10484773304898,0.2390510122339189,0.8746341019205219
IRBESARTAN,0.12490187634700001,0.23893119517933004,0.8746341019205219
PRUVANSERIN,0.1767662929835,0.23855217997367573,0.8746341019205219
VX-745,0.28038424964685,0.23841887058050648,0.8746341019205219
BMS-986020,0.30716733922786177,0.2388082038084378,0.8746341019205219
LIMKI-3,-0.16194534078312775,0.2397225724853237,0.8757871218474174
APD668,-0.15113406152799996,0.24004421845330337,0.8757871218474174
LX7101,0.0757966962687744,0.23986656756151215,0.8757871218474174
MPEP,0.124241481748,0.2404717677157182,0.8757871218474174
UROLITHIN-A,0.1298731553196245,0.24026373453123728,0.8757871218474174
ACDPP,0.2041633649768,0.2403691294559861,0.8757871218474174
CLARITHROMYCIN,0.2111598220668,0.2404717677157182,0.8757871218474174
RIFAPENTINE,0.38326133716982835,0.23986656756151215,0.8757871218474174
OSIMERTINIB,-0.22692257703774998,0.24199952732140828,0.8788257906222146
CARAZOLOL,0.09191266826184,0.24165533783493898,0.8788257906222146
BMS-582949,0.2258640377265294,0.24183206584744288,0.8788257906222146
MONENSIN,0.3178414476649998,0.24191690878808259,0.8788257906222146
ACRYLATE,0.3541609184054846,0.24183206584744288,0.8788257906222146
SODIUM-ORTHOVANADATE,-0.23506518308385482,0.24488277095020983,0.8798830315656037
T-0070907,-0.2278568959406,0.24488277095020983,0.8798830315656037
NEMONAPRIDE,-0.15972012056,0.24318218724302942,0.8798830315656037
CARBOXYPYRIDINE-DISULFIDE,-0.1328221268517,0.2447367156817165,0.8798830315656037
TETRAHYDROZOLINE,-0.09480404347400004,0.24492877823603043,0.8798830315656037
PIPOFEZINE,-0.09248170553187102,0.24488277095020983,0.8798830315656037
BIBU-1361,-0.09244399904765,0.24488277095020983,0.8798830315656037
ZD-7114,-0.0570983347759,0.24483546247239985,0.8798830315656037
PAROXYPROPIONE,0.06083166157924999,0.24492877823603043,0.8798830315656037
TRAVOPROST,0.10779967834049997,0.24492877823603043,0.8798830315656037
RQ-00203078,0.12025550801509141,0.24488277095020983,0.8798830315656037
TAVABOROLE,0.13542691163280002,0.2447367156817165,0.8798830315656037
METHAPYRILENE,0.136449256458,0.24492877823603043,0.8798830315656037
NABUMETONE,0.14925445712350002,0.2446851559542509,0.8798830315656037
RESORCINOL,0.1537331611305,0.24401136758239017,0.8798830315656037
VX-222,0.18214156605499998,0.24401136758239017,0.8798830315656037
BMS-649,0.2628177979475,0.24488277095020983,0.8798830315656037
ADENOSINE,0.26733278631359997,0.24318218724302942,0.8798830315656037
DAUNORUBICIN,0.564492815995,0.2434606751275582,0.8798830315656037
MEBENDAZOLE,-0.46916956478000005,0.24797309954662217,0.882316413153815
CORTODOXONE,-0.21722573098649997,0.2479466257209615,0.882316413153815
GABOXADOL,-0.1963830997933,0.24796686387053812,0.882316413153815
FORMONONETIN,-0.1461229899385,0.24796038191814507,0.882316413153815
TERAMEPROCOL,-0.1206746071402514,0.24703012196903518,0.882316413153815
DEMECLOCYCLINE,-0.1140234585896879,0.24640475211993518,0.882316413153815
BITHIONOL,-0.098752029175,0.24796686387053812,0.882316413153815
SACUBITRILAT,0.09235918515009299,0.24640475211993518,0.882316413153815
PRALIDOXIME,0.09245226610405,0.24793932244925077,0.882316413153815
IOHEXOL,0.1297287348419,0.24643147071868088,0.882316413153815
ERK5-IN-1,0.1521187550755947,0.24796038191814507,0.882316413153815
ML324,0.15909258276751703,0.24796038191814507,0.882316413153815
OLPRINONE,0.19014157750509997,0.24727880527762414,0.882316413153815
GAVESTINEL,0.22942269838815,0.2479466257209615,0.882316413153815
CENICRIVIROC,0.24740670941908302,0.24640475211993518,0.882316413153815
LORLATINIB,0.26227338767545,0.2479466257209615,0.882316413153815
DACTINOMYCIN,0.44774701630886504,0.24723218082748866,0.882316413153815
BI-409306,-0.049488600644352995,0.24951616756123507,0.8853213627298694
GAMITHROMYCIN,0.11150948028470001,0.24951616756123507,0.8853213627298694
BU-239,0.1193298394994,0.24950249247152534,0.8853213627298694
FLUMATINIB,0.14989490453440002,0.2494890856123605,0.8853213627298694
NEVIRAPINE,0.2139167523195,0.2494890856123605,0.8853213627298694
OLEANDRIN,-0.4797714798662991,0.25097379052838875,0.8868442839131787
ISOXSUPRINE,-0.31866501005399994,0.2510312236387582,0.8868442839131787
RN-1734,-0.22833335235299998,0.2510649590248134,0.8868442839131787
BENURESTAT,-0.186631775048,0.2510312236387582,0.8868442839131787
COMPOUND-58112,-0.15931818017140117,0.25074182593845884,0.8868442839131787
LE-135,-0.0019412135400000141,0.2510649590248134,0.8868442839131787
DIATRIZOIC-ACID,0.01652497902499997,0.2510312236387582,0.8868442839131787
DIMERCAPROL,0.1525498500306,0.25033446562608686,0.8868442839131787
GSK1070916,-0.706743529055,0.2541219130571085,0.888671629340055
BIBX-1382,-0.4508589664649,0.25254671447934485,0.888671629340055
RO-106-9920,-0.4090818296290001,0.25735523991424736,0.888671629340055
GSK369796,-0.3529610368125345,0.25735523991424736,0.888671629340055
ACEDOBEN,-0.3478719560665,0.2572389851810263,0.888671629340055
PALIFOSFAMIDE,-0.24344370291489997,0.25382171501459005,0.888671629340055
XILOBAM,-0.1856021083905,0.2571256489238378,0.888671629340055
EXO-1,-0.173656084587,0.25390529664654693,0.888671629340055
ORPHENADRINE,-0.15804458272000002,0.25572452744756524,0.888671629340055
KD025,-0.1541965375829,0.25572452744756524,0.888671629340055
PIKETOPROFEN,-0.15386023044699998,0.25602192515929245,0.888671629340055
TESTOSTERONE-UNDECANOATE,-0.13982193864120002,0.254432244609314,0.888671629340055
ABACAVIR,-0.13762884365000003,0.25254671447934485,0.888671629340055
SULFAQUINOXALINE,-0.1295551815800789,0.2547547400437822,0.888671629340055
PERAMIVIR,-0.11335074252165,0.25382171501459005,0.888671629340055
SECOISOLARICIRESINOL-(-),-0.10750583014207074,0.2585751258548902,0.888671629340055
GLIMEPIRIDE,-0.09223093641999996,0.25254671447934485,0.888671629340055
DEHYDROEPIANDROSTERONE-SULFATE,-0.08721948691355,0.2577226870397574,0.888671629340055
1-EBIO,-0.07066894853227,0.25887564881262604,0.888671629340055
ESTRADIOL-ACETATE,-0.06863214995373,0.254432244609314,0.888671629340055
ACEBUTOLOL,-0.049389849704130004,0.25887564881262604,0.888671629340055
DIMAPRIT,-0.013876095713999989,0.25419655998336244,0.888671629340055
PIRFENIDONE,-0.0037268287580000115,0.2540491032045509,0.888671629340055
ETORICOXIB,0.047732847797000016,0.2574745272755643,0.888671629340055
IVOSIDENIB,0.04888996896842959,0.2582815924526609,0.888671629340055
LACTULOSE,0.0595659289305,0.2541219130571085,0.888671629340055
ESTRAMUSTINE,0.060081883252499996,0.25874007968299817,0.888671629340055
GW-7647,0.08208215818345,0.2572644872216878,0.888671629340055
S1P1-AGONIST-III,0.09057442572758309,0.25419655998336244,0.888671629340055
NICERGOLINE,0.10563766187000002,0.2572644872216878,0.888671629340055
ACETOHEXAMIDE,0.11105389357438,0.2575969674462065,0.888671629340055
MITOFLAXONE,0.11884902241725001,0.25435164989725423,0.888671629340055
UF-010,0.1372886556023335,0.25419655998336244,0.888671629340055
SHA-68,0.15294853550829196,0.2582815924526609,0.888671629340055
DG051,0.164529102093236,0.2590147545196594,0.888671629340055
ORG-26576,0.1715478905969,0.2575969674462065,0.888671629340055
PRX-07034,0.1827680384767314,0.25582111257197093,0.888671629340055
EUPATILIN,0.18437281926495003,0.2574745272755643,0.888671629340055
DECLOXIZINE,0.1881211373293182,0.25735523991424736,0.888671629340055
BFH772,0.18977516546157897,0.2590147545196594,0.888671629340055
DROSPIRENONE,0.2099827679511,0.25734263796449985,0.888671629340055
CS-917,0.211644062016,0.25735523991424736,0.888671629340055
CZC-54252,0.21432395296331447,0.2582815924526609,0.888671629340055
TRAZODONE,0.2370842174087,0.25254671447934485,0.888671629340055
IMAZODAN,0.24072585907024868,0.25582111257197093,0.888671629340055
L-689560,0.24971364789413497,0.25419655998336244,0.888671629340055
IB-MECA,0.29846082852733,0.25751798224906275,0.888671629340055
PFK-158,0.3170091982480794,0.2588732683095921,0.888671629340055
ML161,0.393837611192,0.2540491032045509,0.888671629340055
TETRANDRINE,0.6061889978224,0.25734263796449985,0.888671629340055
VALRUBICIN,0.67264171817,0.25390529664654693,0.888671629340055
FRAX486,0.93220585776433,0.25735523991424736,0.888671629340055
CT7001,1.4040985294344903,0.25582111257197093,0.888671629340055
TG-100801,-0.13384447988300002,0.25930414391197,0.8887021957653617
TACEDINALINE,0.1560528177802,0.25930414391197,0.8887021957653617
NOSCAPINE,0.08278038746690002,0.26022795632748774,0.8913862482417783
BIPENAMOL,-0.0682872451937,0.26087089849366263,0.8917509373090097
IEM1754,0.157353307495865,0.26089730752262963,0.8917509373090097
VANILLIN,0.16498882297564998,0.26070379796819576,0.8917509373090097
BURAMATE,0.25575998958149804,0.26054105131326755,0.8917509373090097
INARIGIVIR,-1.1548234598447404,0.27206496951610115,0.8937665691153618
BMS-345541,-0.713404905342,0.2652583504075601,0.8937665691153618
PIM-447,-0.6738199410218702,0.27206496951610115,0.8937665691153618
ETHYNYLCYTIDINE,-0.6461913985283001,0.26223591318419115,0.8937665691153618
PF-4981517,-0.4543740081615001,0.26968989984502834,0.8937665691153618
PAQUINIMOD,-0.3116991409770234,0.26548463796044,0.8937665691153618
CICLOPIROX,-0.30151526655000005,0.2633560717487562,0.8937665691153618
ZM-39923,-0.2872617811046174,0.2702617592452823,0.8937665691153618
MIFOBATE,-0.2836325293432,0.2640750752691996,0.8937665691153618
AMG-176,-0.27957227822004593,0.27206496951610115,0.8937665691153618
SB-205384,-0.272342478281,0.2650379149527644,0.8937665691153618
SYNEPHRINE,-0.24648815498604998,0.2667489907988797,0.8937665691153618
PHCCC,-0.220596083141,0.27174863480057054,0.8937665691153618
DIROXIMEL-FUMARATE,-0.2199257954515,0.26750481292099704,0.8937665691153618
BAY-K-8644-(+/-),-0.219055229024,0.2650379149527644,0.8937665691153618
CIM-0216,-0.2127378456811544,0.2702617592452823,0.8937665691153618
NALBUPHINE,-0.20344046087649997,0.26651003909991766,0.8937665691153618
URSODEOXYCHOLYLTAURINE,-0.19666874054800004,0.2640750752691996,0.8937665691153618
CELGOSIVIR,-0.1906380105045495,0.26223591318419115,0.8937665691153618
GP2A,-0.18795424204985,0.27100898875997737,0.8937665691153618
6-DIAZO-5-OXO-L-NOR-LEUCINE,-0.165873210822961,0.268760975467341,0.8937665691153618
DUVELISIB,-0.16036601398775,0.26968989984502834,0.8937665691153618
METHYLCOBALAMIN,-0.1519283047806001,0.26548463796044,0.8937665691153618
BMS-813160,-0.14414713652053518,0.27206496951610115,0.8937665691153618
CINTRIAMIDE,-0.13641187302649999,0.26968989984502834,0.8937665691153618
CHLORALOSE,-0.12866573015349994,0.2635524772829727,0.8937665691153618
ACPC,-0.12863489988165,0.2635524772829727,0.8937665691153618
EPHEDRINE-(RACEMIC),-0.12359051095920001,0.26997207403774215,0.8937665691153618
CHLOROCRESOL,-0.1059899660261,0.2667489907988797,0.8937665691153618
GNE-7915,-0.1059635000001022,0.26223591318419115,0.8937665691153618
ICOMUCRET,-0.07128169130369999,0.26997207403774215,0.8937665691153618
PROCAINE,-0.05587501583650001,0.2667489907988797,0.8937665691153618
ALINIDINE,-0.0396218336145421,0.268760975467341,0.8937665691153618
ACYCLOVIR,-0.0252613273055,0.2635524772829727,0.8937665691153618
SODIUM-TETRADECYL-SULFATE,-0.01186297301449999,0.27174863480057054,0.8937665691153618
BARBITAL,-0.003214131253950002,0.26997207403774215,0.8937665691153618
BAY-1436032,0.024896901560590004,0.26548463796044,0.8937665691153618
MIANSERIN,0.03522465643399997,0.2652583504075601,0.8937665691153618
DMNB,0.04313352971664999,0.2637540440199295,0.8937665691153618
METENKEPHALIN,0.049234278820600004,0.2650379149527644,0.8937665691153618
SR-95639A,0.0496289335599,0.2650379149527644,0.8937665691153618
PRASTERONE-ACETATE,0.06473742924935,0.27055925931546143,0.8937665691153618
NARLAPREVIR,0.06584792262479999,0.27144057775524155,0.8937665691153618
BRIVUDINE,0.07223563512999998,0.26849002325620164,0.8937665691153618
ISAXONINE,0.07576901375150003,0.2667489907988797,0.8937665691153618
1-DEOXYMANNOJIRIMYCIN,0.08294924525550007,0.27100898875997737,0.8937665691153618
BEVIRIMAT-DIMEGLUMINE,0.08739469265099997,0.27144057775524155,0.8937665691153618
PLX647,0.08803495194042435,0.2669942651861459,0.8937665691153618
MDIVI-1,0.10469854173809999,0.27174863480057054,0.8937665691153618
TAME,0.11319029860159999,0.2633560717487562,0.8937665691153618
VALROCEMIDE,0.1157907071289,0.27086489470420094,0.8937665691153618
TPPS4,0.11842430115199998,0.27174863480057054,0.8937665691153618
ORG-25543,0.12093821438648353,0.2698834777863609,0.8937665691153618
AZD3965,0.13302373710187618,0.2663345643346904,0.8937665691153618
PEMAFIBRATE,0.135466554529609,0.2637540440199295,0.8937665691153618
MICAFUNGIN,0.13547539537966205,0.2669942651861459,0.8937665691153618
ASYMMETRICAL-DIMETHYLARGININE,0.1356021171125,0.26348041609931405,0.8937665691153618
(R)-(-)-ROLIPRAM,0.1363668149735,0.2640750752691996,0.8937665691153618
UDENAFIL,0.1365875686681218,0.268760975467341,0.8937665691153618
DCC-2618,0.13674209136093002,0.2659771080400837,0.8937665691153618
GW-788388,0.14589764802600003,0.26968989984502834,0.8937665691153618
FLUMECINOL,0.16491926945129998,0.27117900362566205,0.8937665691153618
PAROMOMYCIN,0.18819236074450002,0.26417349674683366,0.8937665691153618
ALLANTOIN,0.18957454325985001,0.2635524772829727,0.8937665691153618
PHENOLSULFONPHTHALEIN,0.19642573996999999,0.2667489907988797,0.8937665691153618
ZOTAROLIMUS,0.20719844192944997,0.27086489470420094,0.8937665691153618
CENTANAFADINE,0.2074289476416462,0.268760975467341,0.8937665691153618
SULFABENZAMIDE,0.21913506796250004,0.269003403998048,0.8937665691153618
ALTRENOGEST,0.22126158935799997,0.26849002325620164,0.8937665691153618
MEPHENESIN,0.23549831925829998,0.2635524772829727,0.8937665691153618
ELIPRODIL,0.25446373655599996,0.26849002325620164,0.8937665691153618
GADOTERIDOL,0.2793176753012,0.26750481292099704,0.8937665691153618
DIFLORASONE-DIACETATE,0.37978188190400003,0.2633560717487562,0.8937665691153618
BENZETHONIUM,0.5150791578249998,0.26997207403774215,0.8937665691153618
PKI-179,0.5525134721450002,0.26396097808987107,0.8937665691153618
IOX1,-0.1957806726148558,0.27355656788156624,0.89469440664617
TRIMETOZINE,-0.16563928856950003,0.2732217673069183,0.89469440664617
3-METHYLADENINE,-0.12265569117199998,0.272895692972997,0.89469440664617
DAMINOZIDE,-0.12209379847457211,0.27355656788156624,0.89469440664617
GUE-1654,-0.06519832952555515,0.2738290208787234,0.89469440664617
TENELIGLIPTIN,-0.055037348501499994,0.273900449565026,0.89469440664617
RIVANICLINE,-0.005652220980200004,0.2732217673069183,0.89469440664617
PF-06447475,0.027616690558022752,0.2738290208787234,0.89469440664617
IMIDUREA,0.15552716567863867,0.27355656788156624,0.89469440664617
DECAMETHONIUM,0.160176035326,0.2732217673069183,0.89469440664617
SODIUM-GUALENATE,0.20937962769450003,0.272895692972997,0.89469440664617
DISULFIRAM,-0.624876801196,0.274681320161162,0.8951678899810334
APRINDINE,0.030741946086599997,0.2746169745728094,0.8951678899810334
PCA-4248,0.04652959439150002,0.2750342246793549,0.8951678899810334
BEPRIDIL,0.077438847195,0.2750342246793549,0.8951678899810334
ETC-159,0.09408660463413199,0.2742527648778692,0.8951678899810334
GABAPENTIN,0.13879079240500003,0.2750342246793549,0.8951678899810334
BUPIVACAINE,0.16113698446700003,0.2750342246793549,0.8951678899810334
NBI-98782,-0.0857926677718618,0.2753966610787921,0.8958873928420461
SB-743921,-1.1634825812000003,0.2812418058511831,0.896265167543637
3-DEAZANEPLANOCIN-A,-0.47636834295979996,0.2859788809804693,0.896265167543637
S49076,-0.3966463434419542,0.2836052562265702,0.896265167543637
TIPIFARNIB,-0.3629871404235,0.2783468298102536,0.896265167543637
LY3200882,-0.358861886281703,0.2855582873357059,0.896265167543637
ATROPINE-OXIDE,-0.351500833042183,0.28022828169585445,0.896265167543637
INC-280,-0.336014931523,0.27960885495897914,0.896265167543637
REVERSAN,-0.2899879049485249,0.2818378889675779,0.896265167543637
4-METHYLHISTAMINE,-0.25953162311550004,0.28022828169585445,0.896265167543637
MK-7246,-0.24838963588079271,0.2855582873357059,0.896265167543637
RADEZOLID,-0.22491239412949998,0.27726972747004264,0.896265167543637
A66,-0.21558580371459998,0.28313087066234666,0.896265167543637
BEVANTOLOL,-0.198826312093055,0.2780666382363809,0.896265167543637
FANTOFARONE,-0.18747798765768098,0.28022828169585445,0.896265167543637
KML29,-0.18411369271518685,0.2859013303623109,0.896265167543637
MYCOPHENOLATE-MOFETIL,-0.17335957211499997,0.2812418058511831,0.896265167543637
SITAFLOXACIN,-0.1384433720803,0.27938521979806696,0.896265167543637
GSK2578215A,-0.12871686320799705,0.2818378889675779,0.896265167543637
FLEROXACIN,-0.12195690335499998,0.27687872999986596,0.896265167543637
PROCATEROL,-0.104172778424,0.28505321972238606,0.896265167543637
TRANYLCYPROMINE,-0.096692624828,0.2836052562265702,0.896265167543637
EUK-134,-0.0920330257868675,0.27687872999986596,0.896265167543637
BW-616U,-0.0842016302083424,0.27827158146852504,0.896265167543637
TOLRESTAT,-0.0832115901618185,0.27827158146852504,0.896265167543637
UNBS-5162,-0.0737398512665,0.28168648436126953,0.896265167543637
SULFANITRAN,-0.06301377982600004,0.28505321972238606,0.896265167543637
RUCINOL,-0.05861353687498,0.27794838513620335,0.896265167543637
ZILPATEROL,-0.04265331593295,0.2815818984565277,0.896265167543637
AVL-292,-0.0230523546547,0.28505321972238606,0.896265167543637
VORASIDENIB,-0.0070858606291071,0.2787560882573368,0.896265167543637
TAFENOQUINE,0.018595059616649992,0.28111816445092475,0.896265167543637
INDELOXAZINE,0.0334785562813795,0.27827158146852504,0.896265167543637
GSK2982772,0.0349121902106687,0.2855582873357059,0.896265167543637
A-922500,0.043480214412026486,0.2859013303623109,0.896265167543637
CTS-1027,0.04660690569415001,0.2780666382363809,0.896265167543637
PRALIDOXIME-CHLORIDE,0.05233526625335001,0.2845937237950622,0.896265167543637
GLIPIZIDE,0.0553678370333,0.2830952966098462,0.896265167543637
ANDROSTENONE,0.06238033453149999,0.28066713025614654,0.896265167543637
CYM-5442,0.06565987306958199,0.2818378889675779,0.896265167543637
PRINABEREL,0.07071040941299997,0.2851089272833015,0.896265167543637
AUTOTAXIN-MODULATOR-1,0.08917854636028746,0.2859013303623109,0.896265167543637
GLYCEROL-MONOLAURATE,0.09519784467850001,0.278084592977367,0.896265167543637
TORCITABINE,0.09791531175700001,0.28066713025614654,0.896265167543637
GLUCOSAMINE,0.09794857991599999,0.28313087066234666,0.896265167543637
SPAGLUMIC-ACID,0.09929775213115,0.2859788809804693,0.896265167543637
N-BENZYLNALTRINDOLE,0.10016627389339999,0.28164197667588997,0.896265167543637
ALBUTEROL,0.101946308016149,0.2851089272833015,0.896265167543637
IMEXON,0.1062131239055,0.2859788809804693,0.896265167543637
DALTROBAN,0.10628513162254999,0.2815818984565277,0.896265167543637
ILAPRAZOLE,0.10708490424665869,0.2855582873357059,0.896265167543637
7-METHOXYTACRINE,0.10780605252389999,0.2845937237950622,0.896265167543637
COROSOLIC-ACID,0.11396069508310003,0.28111816445092475,0.896265167543637
DROTAVERINE,0.1143320299816,0.2851089272833015,0.896265167543637
INDALPINE,0.11635412393502598,0.2823302933868156,0.896265167543637
PURVALANOL-A,0.1197748084219,0.28168648436126953,0.896265167543637
MESULERGINE,0.1234456025167,0.27938521979806696,0.896265167543637
DROPERIDOL,0.13860468525750003,0.2826690188593909,0.896265167543637
CIMETROPIUM,0.153886501743,0.27767153050499926,0.896265167543637
CYANOCOBALAMIN,0.1586116296513,0.2826690188593909,0.896265167543637
ALOGLIPTIN,0.1604193099666,0.279179120415611,0.896265167543637
RG7800,0.1659544100807377,0.2855582873357059,0.896265167543637
MAVACAMTEN,0.16795361597199548,0.2821432862529012,0.896265167543637
PELRINONE,0.180642024605362,0.2855582873357059,0.896265167543637
EPROBEMIDE,0.1822268346067,0.27615171614952305,0.896265167543637
GR125487,0.21812214475155,0.2859788809804693,0.896265167543637
AMD11070,0.2225673887714,0.2840926921531557,0.896265167543637
NALFURAFINE,0.23446385779720003,0.2845937237950622,0.896265167543637
GUANCYDINE,0.24824792901450296,0.2787560882573368,0.896265167543637
LIDOCAINE,0.2520598910313,0.2796434276581261,0.896265167543637
BENAZEPRIL,0.289541120732,0.28164197667588997,0.896265167543637
IKK-16,0.30527306323250003,0.2859788809804693,0.896265167543637
FLUOCINOLONE-ACETONIDE,0.31961444800100003,0.27615171614952305,0.896265167543637
DARIFENACIN,0.34033556114889996,0.2859788809804693,0.896265167543637
LY3214996,0.38014638000381906,0.2821432862529012,0.896265167543637
4-MU-8C,-0.17508025750150003,0.2864873539887006,0.8964030672786956
3-HYDROXY-3-PHENYLPENTANAMIDE,-0.11351592664073772,0.28642895643507604,0.8964030672786956
MEPARFYLON,-0.10662178806545,0.2867301589670058,0.8964030672786956
TERCIPRAZINE,-0.06855225037120839,0.28642895643507604,0.8964030672786956
AGMATINE,0.3077078137327,0.2867301589670058,0.8964030672786956
SSR180711,-0.17096780374546297,0.2870096839813817,0.8968345006854122
CYC116,-0.6314896054484997,0.288885874558244,0.8973328507993589
FEZOLINETANT,-0.17227552292307502,0.2904415924533753,0.8973328507993589
STAT3-INHIBITOR-VI,-0.16432757832424688,0.2904415924533753,0.8973328507993589
PHENYLBUTYRATE,-0.16393879736849998,0.288885874558244,0.8973328507993589
TFC-007,-0.13171690552065884,0.29000417775609033,0.8973328507993589
IDF-11774,-0.1284059755827962,0.2890011208152661,0.8973328507993589
TROPIFEXOR,-0.12147587188030831,0.2890011208152661,0.8973328507993589
BARASERTIB,-0.11627704530499994,0.2898706087878623,0.8973328507993589
UCL-2077,-0.0929005042151,0.2898706087878623,0.8973328507993589
ERGOCALCIFEROL,0.008409506009049994,0.2880982405752506,0.8973328507993589
NGD-94-1,0.04104958338665948,0.29056762029987127,0.8973328507993589
GEMCADIOL,0.07377068068324999,0.2880982405752506,0.8973328507993589
METHSCOPOLAMINE,0.09807010180200001,0.29015622157494836,0.8973328507993589
TIARAMIDE,0.11012016692565002,0.2886657123512374,0.8973328507993589
CRISABOROLE,0.12281425728815,0.2880982405752506,0.8973328507993589
TOCAINIDE,0.16147494385535,0.2898706087878623,0.8973328507993589
FENIGAM,0.1805663690233,0.28931483238198774,0.8973328507993589
7-AMINOCEPHALOSPORANIC-ACID,0.1837678082425,0.290556926791928,0.8973328507993589
CAMOSTAT-MESILATE,0.19083172033449,0.2898706087878623,0.8973328507993589
CERAMIDE,0.20857885198845,0.288885874558244,0.8973328507993589
QUINIDINE,0.2121459414965,0.28931483238198774,0.8973328507993589
ACTB-1003,0.2638730758834055,0.29056762029987127,0.8973328507993589
LACITOL,0.2650938980534999,0.2893776841911827,0.8973328507993589
CEFDITOREN-PIVOXIL,0.51546064389,0.290556926791928,0.8973328507993589
ZIPRASIDONE,0.1659423650639,0.29102841503479715,0.8978807527144642
PENTAGASTRIN,0.2016728630286,0.29102841503479715,0.8978807527144642
MELPERONE,0.17730638428519999,0.29128049446299475,0.8982211646773712
IPAG,-0.31463726435844996,0.2926768966549157,0.8990273844412026
IOXAGLIC-ACID,-0.2943294180005,0.2926768966549157,0.8990273844412026
SULFAMETOPYRAZINE,-0.20824265085455002,0.2926768966549157,0.8990273844412026
MDL-73005EF,-0.1221403878116,0.29186804437760294,0.8990273844412026
ISOFLOXYTHEPIN,0.056902510776000004,0.29186804437760294,0.8990273844412026
APRONAL,0.0861089438551439,0.29247181301107616,0.8990273844412026
CEP-33779,0.15332634703315,0.2926768966549157,0.8990273844412026
VATALANIB,0.17561069580799998,0.29217985947323,0.8990273844412026
AMG900,-0.7969406996250001,0.29328065913876233,0.8998390912911498
CHICAGO-SKY-BLUE-6B,-0.2583680412339,0.2960650947360024,0.8998390912911498
TRICHLOROETHYLENE,-0.1747751534336,0.29441790739543794,0.8998390912911498
BW-723C86,-0.1422363608851,0.2953161823122843,0.8998390912911498
CADAZOLID,-0.125162921407046,0.2959703872237488,0.8998390912911498
APRATASTAT,-0.07087649311889997,0.2958686656796258,0.8998390912911498
AMYLEINE,-0.0538384900919,0.2946796167561688,0.8998390912911498
CREATININE,0.007330526375999985,0.29453862922367013,0.8998390912911498
GTS21,0.078885232507,0.2953161823122843,0.8998390912911498
DEVAZEPIDE,0.07967273937346141,0.2959703872237488,0.8998390912911498
PHENSUXIMIDE,0.0808430149536,0.2946796167561688,0.8998390912911498
TUBOCURARINE,0.10185448479700004,0.29328065913876233,0.8998390912911498
CLIMBAZOLE,0.1035131663245,0.2946796167561688,0.8998390912911498
EPPTB,0.11986316030233247,0.2941464744925826,0.8998390912911498
SPHINGOSYLPHOSPHORYLCHOLINE,0.1200834165369,0.29453862922367013,0.8998390912911498
AMBRISENTAN,0.12441319592799999,0.29453862922367013,0.8998390912911498
4-HQN,0.15239896619500004,0.2953161823122843,0.8998390912911498
GNF-2,0.164989203972,0.2960650947360024,0.8998390912911498
MIRODENAFIL,0.17917054444150002,0.293730763166525,0.8998390912911498
SAQUINAVIR,0.22682986082259998,0.2953161823122843,0.8998390912911498
UPRIFOSBUVIR,0.23990677653045758,0.2959703872237488,0.8998390912911498
CAMPTOTHECIN,0.5363673954449997,0.29453862922367013,0.8998390912911498
TY-52156,-0.5785291206228765,0.2973879468711792,0.8999748898389028
OLEANOLIC-ACID,-0.17162420737989997,0.2973879468711792,0.8999748898389028
ETHINYL-ESTRADIOL,-0.039735397122,0.2973347240880314,0.8999748898389028
ITD-1,0.0313579463943176,0.2973879468711792,0.8999748898389028
DOXAPRAM,0.1145477383365,0.2962542820023396,0.8999748898389028
FLUCYTOSINE,0.1488978988333,0.2968036252970697,0.8999748898389028
DESOXIMETASONE,0.155246531016,0.2967175263220604,0.8999748898389028
PHIKAN-083,0.18172083551019502,0.2973879468711792,0.8999748898389028
PF-8380,0.2270424356654627,0.2973879468711792,0.8999748898389028
TRIAZOLAM,-0.24553498825535,0.29998524326425813,0.9000637132448279
DIOSMETIN,-0.22284845329230002,0.2994968637066191,0.9000637132448279
BENZTROPINE-MESYLATE,-0.1886496231051,0.29807710887234573,0.9000637132448279
ISOSORBIDE-MONONITRATE,-0.1752289995842,0.3009681250379975,0.9000637132448279
TCN238,-0.1480181542052712,0.30090243307031783,0.9000637132448279
PHLORIZIN,-0.12219498838652999,0.30090243307031783,0.9000637132448279
GUANETHIDINE,-0.11014855518065,0.2994794448836603,0.9000637132448279
ZLN005,-0.0935241382023,0.2987914982844576,0.9000637132448279
PF-04418948,-0.08592118073256891,0.2983282578484938,0.9000637132448279
MEGLUMINE,-0.06101845916250001,0.30018122879450215,0.9000637132448279
NIZATIDINE,0.0038965665475000077,0.30018122879450215,0.9000637132448279
L-838417,0.021991422472000505,0.2983282578484938,0.9000637132448279
CORDYCEPIN,0.033630156881900006,0.29998524326425813,0.9000637132448279
MDL-11939,0.0353117915939,0.2987914982844576,0.9000637132448279
CEFTOBIPROLE,0.049137702661916985,0.2994968637066191,0.9000637132448279
IDAZOXAN,0.080071994801,0.3009681250379975,0.9000637132448279
VILDAGLIPTIN,0.1014637541445,0.2994794448836603,0.9000637132448279
IBERDOMIDE,0.1384701424779644,0.2994968637066191,0.9000637132448279
IMISOPASEM-MANGANESE,0.1433500153157538,0.30090243307031783,0.9000637132448279
BRINCIDOFOVIR,0.1665280991673995,0.2994968637066191,0.9000637132448279
JNJ-10191584,0.1788728411973,0.30090243307031783,0.9000637132448279
BAVISANT,0.18454725412695003,0.29998524326425813,0.9000637132448279
SEVELAMER,0.225752404485,0.29797620164342997,0.9000637132448279
ACESULFAME-POTASSIUM,0.25822751563199997,0.29831313038784246,0.9000637132448279
RN-1,0.27950228263156973,0.30090243307031783,0.9000637132448279
PF-06840003,-0.30499464010780303,0.30305125963783086,0.9017037153225625
OSILODROSTAT,-0.211124659510248,0.30305125963783086,0.9017037153225625
ACETYL-11-KETO-BETA-BOSWELLIC-ACID,-0.1570078813527,0.3022940093834341,0.9017037153225625
OMARIGLIPTIN,-0.1399674734383,0.30319095269484153,0.9017037153225625
DIPEPTAMIN,-0.11262048151000004,0.3022940093834341,0.9017037153225625
PRAVADOLINE,-0.028800107321742,0.3032240204122425,0.9017037153225625
PONESIMOD,-0.012800486769800001,0.30240640910881156,0.9017037153225625
TELAPREVIR,0.0025799186907200095,0.30224262076364505,0.9017037153225625
TOMELUKAST,0.043439430694,0.3029199626542407,0.9017037153225625
2'-C-METHYLGUANOSINE,0.07493837737485648,0.3025495589662973,0.9017037153225625
HEXOPRENALINE,0.1082733311479,0.30319095269484153,0.9017037153225625
RAF709,0.37494993528718296,0.30305125963783086,0.9017037153225625
EMD534085,-1.1717281971043403,0.3044444804391837,0.9019470184867261
MORPHOTHIADIN,-0.19695572051007737,0.3044444804391837,0.9019470184867261
ESTRADIOL-CYPIONATE,-0.12836586829150004,0.3036717821637017,0.9019470184867261
S4,-0.022489833915573902,0.3044444804391837,0.9019470184867261
AT-1015,-0.0163139999598665,0.3044444804391837,0.9019470184867261
DESLORELIN,0.006359471772547004,0.3044444804391837,0.9019470184867261
CCT018159,0.13484067478099998,0.3044444804391837,0.9019470184867261
PLX-4720,0.22550362574687965,0.3037474040211784,0.9019470184867261
YC-1,-1.720699824622356,0.3452274231201127,0.9021359343528583
OMBRABULIN,-0.8677207173910353,0.35300064632413486,0.9021359343528583
KW-2478,-0.7476212534,0.32363907465585584,0.9021359343528583
GANETESPIB,-0.7085190106149999,0.32411311426684974,0.9021359343528583
STA-5326,-0.6679719680525,0.3311974124143925,0.9021359343528583
GSK461364,-0.6478341107999999,0.3228270028311001,0.9021359343528583
GUADECITABINE,-0.5965734963823099,0.31024386301784346,0.9021359343528583
FLUBENDAZOLE,-0.5819934585399997,0.31790271566590045,0.9021359343528583
BELIZATINIB,-0.45887499338189297,0.35180113249128375,0.9021359343528583
ICOTINIB,-0.4588747551565,0.3063866608787156,0.9021359343528583
HMN-214,-0.44954785266999986,0.3228270028311001,0.9021359343528583
MIDOSTAURIN,-0.4170449544450001,0.3269761787419423,0.9021359343528583
IXAZOMIB,-0.39524110771999954,0.34308654230826485,0.9021359343528583
OSI-930,-0.39243639636499994,0.3224046293631949,0.9021359343528583
JNJ-38877605,-0.3514048625728,0.33377392468029654,0.9021359343528583
PHTHALYLSULFATHIAZOLE,-0.3323451440797,0.34384156811474853,0.9021359343528583
AROFYLLINE,-0.33186713439805005,0.34308654230826485,0.9021359343528583
LORGLUMIDE,-0.3259430402973,0.31136538415484494,0.9021359343528583
CHLORMIDAZOLE,-0.31226502770500003,0.35900525561112706,0.9021359343528583
PHORTRESS,-0.30615143490260455,0.3574619462721438,0.9021359343528583
OCTODRINE,-0.3021274595580835,0.3066335890929097,0.9021359343528583
4-P-PDOT,-0.296435032146,0.3129648400942645,0.9021359343528583
PSI-697,-0.296409975575211,0.34013231568306623,0.9021359343528583
MARAVIROC,-0.2941395119672,0.3508844175640038,0.9021359343528583
FORSKOLIN,-0.29392074334600005,0.3428809995935267,0.9021359343528583
GSK2110183,-0.2895641570484,0.31522122377943973,0.9021359343528583
AM-92016,-0.286681651614,0.3350417351889121,0.9021359343528583
3'-FLUOROBENZYLSPIPERONE,-0.284704578324,0.3503037297635879,0.9021359343528583
VORUCICLIB,-0.27791050769452813,0.31388208920267224,0.9021359343528583
R112,-0.27558641775940806,0.32256846817981377,0.9021359343528583
SPIRONOLACTONE,-0.27533029600150005,0.30620639885543266,0.9021359343528583
CP-673451,-0.268336188459,0.3129648400942645,0.9021359343528583
SB-228357,-0.2640905014275,0.35132873709928847,0.9021359343528583
2'-MECCPA,-0.2589785684931,0.3202148827551029,0.9021359343528583
ROFLUMILAST,-0.2577221014795,0.32302662294592754,0.9021359343528583
YM-90709,-0.25351460024150996,0.33249255254489984,0.9021359343528583
K02288,-0.24043891101269999,0.3093806705975213,0.9021359343528583
COTI-2,-0.23815647718287022,0.32256846817981377,0.9021359343528583
MK-2206,-0.23679177724649997,0.3269761787419423,0.9021359343528583
ASTX660,-0.234909537394058,0.32124241357769245,0.9021359343528583
PF-06651600,-0.23356226269748792,0.32124241357769245,0.9021359343528583
MONOSODIUM-ALPHA-LUMINOL,-0.23354521424959998,0.3274040845082741,0.9021359343528583
CEFMETAZOLE,-0.23033196642846437,0.35692844819487535,0.9021359343528583
TH-302,-0.22925901722200015,0.31136538415484494,0.9021359343528583
TOFOGLIFLOZIN,-0.22839756850509996,0.3106327114144385,0.9021359343528583
SSR128129E,-0.2215198163543,0.3107334896289613,0.9021359343528583
VGX-1027,-0.2211245946198,0.33753747805948664,0.9021359343528583
NATEGLINIDE,-0.2181311364865,0.35058832722365063,0.9021359343528583
BUTYLPHTHALIDE,-0.2181145478527,0.35779256252836045,0.9021359343528583
VL285,-0.2127424317140545,0.3287145604493965,0.9021359343528583
YM-244769,-0.21082855115898838,0.34138205643455843,0.9021359343528583
ZARDAVERINE,-0.2090718922896,0.30886231263379216,0.9021359343528583
IMIDACLOPRID,-0.20274436048285,0.35058832722365063,0.9021359343528583
BETULINIC-ACID,-0.1926517865525,0.339151847946917,0.9021359343528583
RIODOXOL,-0.189018425642987,0.3608836682497607,0.9021359343528583
3-METHYL-GABA,-0.1864772367343166,0.3491002949701273,0.9021359343528583
THIOPROPERAZINE,-0.18224607797800002,0.33753747805948664,0.9021359343528583
RU-28318,-0.18061189487915,0.35132873709928847,0.9021359343528583
PRALMORELIN,-0.180000902761745,0.34788366735725973,0.9021359343528583
MK-5046,-0.173251993655398,0.3080141015757101,0.9021359343528583
ADAPREV,-0.17227803161599997,0.3468680156062961,0.9021359343528583
CEVIPABULIN,-0.17007902311756506,0.3574619462721438,0.9021359343528583
METAMIZOLE,-0.16690326929175,0.31910830332607265,0.9021359343528583
BI-D1870,-0.1637540404503,0.33876580463540307,0.9021359343528583
COUMOPHOS,-0.16294590855059998,0.31619403517081135,0.9021359343528583
ISOPRENALINE,-0.162300378648,0.3476544801333189,0.9021359343528583
CHOLINE-ALFOSCERATE,-0.160919070462,0.3301291956345316,0.9021359343528583
VANIPREVIR,-0.1593237647198937,0.34788366735725973,0.9021359343528583
TC-S-7005,-0.15694000067874295,0.3377442692851135,0.9021359343528583
GEMCITABINE-ELAIDATE,-0.1565184300391005,0.3574619462721438,0.9021359343528583
DOLASETRON,-0.1545246988512,0.34384156811474853,0.9021359343528583
DEXFENFLURAMINE,-0.15214361645495,0.3350633656139116,0.9021359343528583
CGP-57380,-0.149408178484,0.3275738626096597,0.9021359343528583
ILEPCIMIDE,-0.148199994866,0.30854107724020763,0.9021359343528583
CIMATEROL,-0.14391832887724998,0.3262760391985431,0.9021359343528583
HYPOXANTHINE,-0.142991992189,0.3116113060193074,0.9021359343528583
DIPIVEFRINE,-0.1413682094455,0.31888848754109367,0.9021359343528583
PYRANTEL-PAMOATE,-0.14133266994392785,0.33377392468029654,0.9021359343528583
LETRAZURIL,-0.1410445401482178,0.3066335890929097,0.9021359343528583
NAV-26,-0.13831274762406837,0.3423215880609296,0.9021359343528583
DENOTIVIR,-0.13731843107455,0.35369858871892446,0.9021359343528583
5-HMF,-0.13616904908555,0.3554964905188145,0.9021359343528583
PD-123319,-0.12814252916700003,0.360397547598983,0.9021359343528583
HYPERIN,-0.12778185668800002,0.33753747805948664,0.9021359343528583
PROPRANOLOL-(S),-0.12654000528554998,0.334968962843902,0.9021359343528583
KN-93,-0.12176236928633019,0.36102520585747966,0.9021359343528583
(S)-(+)-ROLIPRAM,-0.1210131647169,0.30754078028529186,0.9021359343528583
INDOLE-3-CARBINOL,-0.12075297856855002,0.3596952995769004,0.9021359343528583
TC-S-7006,-0.11757927891492997,0.31888848754109367,0.9021359343528583
INOSINE,-0.116555104242415,0.3265399847470697,0.9021359343528583
NXY-059,-0.11653998302425,0.30523893655742773,0.9021359343528583
WAY-208466,-0.1159088498827017,0.36102520585747966,0.9021359343528583
KO143,-0.1149324691293647,0.31983034555745915,0.9021359343528583
TC-E-5006,-0.11365773735951651,0.3423215880609296,0.9021359343528583
ELECLAZINE,-0.1136086553046877,0.33249255254489984,0.9021359343528583
F-16915,-0.11344917827933988,0.3152361002255032,0.9021359343528583
MINAPRINE,-0.11144912858055,0.34308654230826485,0.9021359343528583
L-ARGININE,-0.11110487148915,0.3585422792337849,0.9021359343528583
F-11440,-0.110231902508705,0.3134426712515277,0.9021359343528583
SD-0006,-0.1079162668387417,0.35971949878557163,0.9021359343528583
ARECAIDINE-PROPARGYL-ESTER,-0.1072476197533,0.32646483319595143,0.9021359343528583
IRGD-PEPTIDE,-0.10584041128435549,0.35180113249128375,0.9021359343528583
EVOCALCET,-0.10398965690138914,0.35300064632413486,0.9021359343528583
MERCAPTOSUCCINIC-ACID,-0.103726293825,0.3063866608787156,0.9021359343528583
NNC-63-0532,-0.1023440808819,0.334968962843902,0.9021359343528583
BUTABINDIDE,-0.10215465748379791,0.34138205643455843,0.9021359343528583
SF-11,-0.10038091733296636,0.33377392468029654,0.9021359343528583
AC-55649,-0.10022869875109999,0.31522122377943973,0.9021359343528583
PAZUFLOXACIN,-0.09686315661450001,0.35766989452235387,0.9021359343528583
AZ-12080282,-0.09565785405988833,0.3332064621251204,0.9021359343528583
"HYDRASTINE-(1R,-9S)",-0.0946724264132,0.3107334896289613,0.9021359343528583
AZD5363,-0.09421027785799999,0.3350417351889121,0.9021359343528583
PX-12,-0.09287109465488,0.35383690068472917,0.9021359343528583
BMS-817378,-0.092661501559443,0.3574619462721438,0.9021359343528583
A77636,-0.092176237227202,0.3152361002255032,0.9021359343528583
T-0156,-0.09095738165845002,0.35132873709928847,0.9021359343528583
CEFPIROME,-0.090901386059,0.33881647868887155,0.9021359343528583
PRAMIRACETAM,-0.090460759457,0.3350190476365378,0.9021359343528583
ALLICIN,-0.0875611747525796,0.3152361002255032,0.9021359343528583
MEPROBAMATE,-0.08681653036400006,0.30754078028529186,0.9021359343528583
DELAVIRDINE,-0.08549589810550001,0.3441525235247088,0.9021359343528583
PALMITOYLETHANOLAMIDE,-0.08502264489896,0.31910830332607265,0.9021359343528583
VALSARTAN,-0.084712846384,0.35058832722365063,0.9021359343528583
PHENYLEPHRINE,-0.08262617578340001,0.3350633656139116,0.9021359343528583
ESMOLOL,-0.081870070903,0.34261840598156124,0.9021359343528583
METHIOPRIL,-0.0815190043262,0.334968962843902,0.9021359343528583
AH-7614,-0.08057451503973949,0.32870819343387436,0.9021359343528583
ISONIAZID,-0.0804229620095,0.32646483319595143,0.9021359343528583
EG00229,-0.07833944738487245,0.3068104027883375,0.9021359343528583
BENDROFLUMETHIAZIDE,-0.0781566145525,0.34624912625253823,0.9021359343528583
PHA-543613,-0.07723219376024601,0.3608836682497607,0.9021359343528583
I-BRD9,-0.0746370039249592,0.3341607214560324,0.9021359343528583
ASIMADOLINE,-0.0735350400991548,0.34788366735725973,0.9021359343528583
PIMODIVIR,-0.0727356405467635,0.35971949878557163,0.9021359343528583
NIFLUMIC-ACID,-0.0695315974978,0.3580975099640309,0.9021359343528583
FUNAPIDE,-0.0661411963904798,0.33629847595457574,0.9021359343528583
DIPRAGLURANT,-0.06507179210780001,0.3269761787419423,0.9021359343528583
NSP-805,-0.0648986695767393,0.3287145604493965,0.9021359343528583
PNU-120596,-0.064787770439,0.32363907465585584,0.9021359343528583
LOXOPROFEN,-0.06395037167407,0.3311974124143925,0.9021359343528583
CARBETAPENTANE,-0.060988361775,0.35925380973109944,0.9021359343528583
LH846,-0.06000231590169576,0.36102520585747966,0.9021359343528583
MELATONIN,-0.059440911269040005,0.3313870962476151,0.9021359343528583
LY2157299,-0.05760425272900002,0.3313870962476151,0.9021359343528583
INCB-003284,-0.055432802175325,0.3427471800220514,0.9021359343528583
CJ-033466,-0.05490087841433951,0.3452274231201127,0.9021359343528583
FPL-62064,-0.05291489358675,0.33876580463540307,0.9021359343528583
TINORIDINE,-0.050589583739598196,0.3066335890929097,0.9021359343528583
LAURIC-DIETHANOLAMIDE,-0.049262035393300166,0.36102520585747966,0.9021359343528583
THIOPHANATE,-0.04663558484550004,0.35149417604628286,0.9021359343528583
FLUMEQUINE,-0.04514408928995001,0.35058832722365063,0.9021359343528583
FT011,-0.043170258214738,0.33629847595457574,0.9021359343528583
BIOTIN,-0.043036632086149995,0.35058832722365063,0.9021359343528583
PHENYLPIRACETAM,-0.04216408651549999,0.3455998756438693,0.9021359343528583
TC-NTR1-17,-0.041769648714811605,0.3515946193741869,0.9021359343528583
GDC-0927,-0.0401826111083247,0.3491002949701273,0.9021359343528583
NIFENAZONE,-0.04015231580709999,0.33629618667661654,0.9021359343528583
BUTYL-PARABEN,-0.039886061668754996,0.35536062918984146,0.9021359343528583
NARINGIN-DIHYDROCHALCONE,-0.03892955168300001,0.3300111944740507,0.9021359343528583
ESCITALOPRAM,-0.038419657162099996,0.33095696273716246,0.9021359343528583
ETHYLNOREPINEPHRINE,-0.03837427586828,0.35925380973109944,0.9021359343528583
EMD-53998,-0.03834862202049999,0.33876580463540307,0.9021359343528583
GSK3787,-0.0362434481648,0.3350417351889121,0.9021359343528583
RALINEPAG,-0.034672604549871006,0.35971949878557163,0.9021359343528583
CEFPROZIL,-0.03395314139378902,0.31186225379412835,0.9021359343528583
AB-423,-0.033108098380881,0.31754827225560844,0.9021359343528583
METIXENE,-0.030098782811000008,0.32646483319595143,0.9021359343528583
RILPIVIRINE,-0.03006329450208,0.35418707711951136,0.9021359343528583
CYCLOCREATINE,-0.02675825925563951,0.31186225379412835,0.9021359343528583
TORIN-2,-0.025815562530000058,0.34249439770236734,0.9021359343528583
DIPHENYLPYRALINE,-0.023580331090999995,0.33901216283372504,0.9021359343528583
SALICIN,-0.019849952034649995,0.31790271566590045,0.9021359343528583
OCAPERIDONE,-0.017791553464416302,0.35180113249128375,0.9021359343528583
CLOPIDOL,-0.016696718302499997,0.3400554635028641,0.9021359343528583
PHYSOSTIGMINE,-0.016659301211299993,0.3427471800220514,0.9021359343528583
ISX-9,-0.012844876890093547,0.35300064632413486,0.9021359343528583
IFENPRODIL,-0.01006105108859999,0.3596952995769004,0.9021359343528583
DPO-1,-0.010012690378750001,0.325179480098328,0.9021359343528583
NFKB-ACTIVATION-INHIBITOR-II,-0.008216415890535499,0.34138205643455843,0.9021359343528583
VU-0422288,-0.00434706413835001,0.3515946193741869,0.9021359343528583
CARMOXIROLE,0.0005577216070000168,0.34261840598156124,0.9021359343528583
H2L-5765834,0.0019396343557920026,0.35629024438342116,0.9021359343528583
DCPIB,0.004409148756999992,0.360397547598983,0.9021359343528583
QUINETHAZONE,0.004624837653000036,0.3508844175640038,0.9021359343528583
QUINESTROL,0.005071233854549995,0.3288581823430726,0.9021359343528583
DIMETHISOQUIN,0.008031156905499992,0.3452274231201127,0.9021359343528583
SANT-1,0.012865773108899997,0.32411311426684974,0.9021359343528583
SEN-1269,0.015489213381171402,0.35629024438342116,0.9021359343528583
CLIDINIUM,0.01600584669800001,0.35536062918984146,0.9021359343528583
CANAGLIFLOZIN,0.016141911502499995,0.3169439252265088,0.9021359343528583
WP921,0.017380878239019102,0.35971949878557163,0.9021359343528583
CARBIMAZOLE,0.022256271196999994,0.3311974124143925,0.9021359343528583
TALMAPIMOD,0.02292235512999996,0.31921571049797337,0.9021359343528583
TOLVAPTAN,0.0246748417985,0.33753747805948664,0.9021359343528583
CLINDAMYCIN,0.02473556764599999,0.33499522638045676,0.9021359343528583
PROPAFENONE,0.024862334587999996,0.35766989452235387,0.9021359343528583
SQUALAMINE,0.027182162228714002,0.32124241357769245,0.9021359343528583
CHLORINDIONE,0.028971357618875,0.34384156811474853,0.9021359343528583
ACEPROMAZINE,0.031194282167999965,0.3107334896289613,0.9021359343528583
AJ76-(+),0.034090558257650005,0.3169439252265088,0.9021359343528583
NEDAPLATIN,0.038206842848049996,0.34665363858606213,0.9021359343528583
L-693403,0.03899268350900001,0.35536062918984146,0.9021359343528583
TRIOXSALEN,0.04060298814250002,0.3107334896289613,0.9021359343528583
LY225910,0.0409501725293,0.3503037297635879,0.9021359343528583
CARAMIPHEN,0.0441312705375,0.3376203443245158,0.9021359343528583
HOMOCHLORCYCLIZINE,0.046296085524499986,0.3476544801333189,0.9021359343528583
BENPERIDOL,0.04666969686949998,0.3491002949701273,0.9021359343528583
TEMOPORFIN,0.046845641044800004,0.3215276562045333,0.9021359343528583
VARESPLADIB,0.049920498699000004,0.33892339571127006,0.9021359343528583
ISOVALERAMIDE,0.051095599778999995,0.309734830613307,0.9021359343528583
MORINIDAZOLE,0.05140530823014999,0.36020415605879774,0.9021359343528583
UMECLIDINIUM,0.0527877582009,0.3596952995769004,0.9021359343528583
ALARELIN,0.0534818209915,0.34021206960416217,0.9021359343528583
ETAZOLATE,0.05388243134449999,0.3350633656139116,0.9021359343528583
ETOMOXIR,0.05457053901999975,0.334968962843902,0.9021359343528583
VER-155008,0.05690010328256745,0.34138205643455843,0.9021359343528583
RAMOSETRON,0.057906487455999994,0.3301291956345316,0.9021359343528583
CYAMEMAZINE,0.058481732512029996,0.3336753331435739,0.9021359343528583
NALOXEGOL,0.0588951706962,0.34021206960416217,0.9021359343528583
COMPOUND-401,0.061858014772750006,0.3554964905188145,0.9021359343528583
LAZABEMIDE,0.062359564977000015,0.31888848754109367,0.9021359343528583
SULTIAME,0.062374910418625,0.34399405338770594,0.9021359343528583
METHARBITAL,0.0649562624205,0.3441525235247088,0.9021359343528583
GGSTOP,0.0666972676625881,0.32256846817981377,0.9021359343528583
OMECAMTIV-MECARBIL,0.06686712648500001,0.32646483319595143,0.9021359343528583
MIRABEGRON,0.0670253601278,0.339151847946917,0.9021359343528583
DOFETILIDE,0.06754141492099996,0.35900525561112706,0.9021359343528583
RU-SKI-43,0.06841257100954301,0.3375642172662958,0.9021359343528583
G007-LK,0.06963490455571125,0.3068104027883375,0.9021359343528583
ANTAGONIST-G,0.07054427236022348,0.3527216755408087,0.9021359343528583
SP-100030,0.07084897258423853,0.3116113060193074,0.9021359343528583
GINSENOSIDE-RD,0.07112909971600001,0.3455998756438693,0.9021359343528583
GKT137831,0.07182046421909999,0.35779256252836045,0.9021359343528583
SIRAMESINE,0.0730438449681,0.30987954963977293,0.9021359343528583
SCHISANDRIN-B,0.07357922329799998,0.34249439770236734,0.9021359343528583
PF-06751979,0.07396033342280971,0.3249645113379973,0.9021359343528583
PRESATOVIR,0.0745281259505,0.3455998756438693,0.9021359343528583
FENDILINE,0.07519197424199997,0.30582372975928374,0.9021359343528583
PI4KIII-BETA-INHIBITOR-1,0.07679598414636625,0.3527216755408087,0.9021359343528583
BTT-3033,0.07718230698481149,0.3515946193741869,0.9021359343528583
ALCLOMETASONE-DIPROPIONATE,0.07734711259449997,0.3152361002255032,0.9021359343528583
ETHANOLAMINE-OLEATE,0.07994506282177276,0.3491002949701273,0.9021359343528583
8-BROMO-CGMP,0.08001620683878001,0.34261840598156124,0.9021359343528583
TROVIRDINE,0.080158857687302,0.3527216755408087,0.9021359343528583
FLINDOKALNER,0.08113990903999999,0.35779256252836045,0.9021359343528583
AL-8697,0.0818546946895024,0.315450786928413,0.9021359343528583
NAPROXEN,0.0821997770898,0.33753747805948664,0.9021359343528583
ALIMEMAZINE,0.08293820357349999,0.31430466047385397,0.9021359343528583
ACECLIDINE,0.08314384404790001,0.3275738626096597,0.9021359343528583
LICOSTINEL,0.0844349895985661,0.34399405338770594,0.9021359343528583
AMMONIUM-LACTATE,0.08479135814789998,0.34336375309291967,0.9021359343528583
AZD9496,0.085987837641256,0.36102520585747966,0.9021359343528583
ANAGLIPTIN,0.08710977492808135,0.3262760391985431,0.9021359343528583
FMOC-L-LEUCINE,0.0880173122462,0.3258749087331836,0.9021359343528583
SU16F,0.088764741952783,0.3249645113379973,0.9021359343528583
GW-438014A,0.08983710489228725,0.3515946193741869,0.9021359343528583
APIGENIN,0.09172051172700002,0.3554964905188145,0.9021359343528583
NSC-405020,0.0920303329526,0.32388075714771347,0.9021359343528583
O-MERCAPTO-BENZOIC-ACID,0.09237668082306347,0.32424948339123083,0.9021359343528583
PNU-282987,0.0932177018695,0.32256846817981377,0.9021359343528583
BALICATIB,0.09357298167097,0.31204512335284385,0.9021359343528583
SITAXENTAN,0.0950485412175,0.3277370092119527,0.9021359343528583
NATAMYCIN,0.0961029185906,0.34812198781260406,0.9021359343528583
VINCAMINE,0.09706276230547001,0.34384156811474853,0.9021359343528583
LEQ506,0.09710382744522,0.34788366735725973,0.9021359343528583
DCEBIO,0.09737643966675,0.31910830332607265,0.9021359343528583
PROPYLTHIOURACIL,0.10084087332899999,0.32411311426684974,0.9021359343528583
RG108,0.10122789015299999,0.3508844175640038,0.9021359343528583
ADOMEGLIVANT,0.1029895889141869,0.3066335890929097,0.9021359343528583
LERCANIDIPINE,0.10344834222454999,0.34021206960416217,0.9021359343528583
S-ISOPROPYLISOTHIOUREA,0.1039406650199,0.3503037297635879,0.9021359343528583
BINDARIT,0.10566831176145,0.34308654230826485,0.9021359343528583
HEPTAMINOL,0.1056946023446,0.3107334896289613,0.9021359343528583
SIBUTRAMINE,0.10704184044450002,0.30718919916336507,0.9021359343528583
FK-33-824,0.1072021865204,0.3288581823430726,0.9021359343528583
APIXABAN,0.10763683946849997,0.35132873709928847,0.9021359343528583
ITOPRIDE,0.1076789394949,0.35652150285328565,0.9021359343528583
CEFOZOPRAN,0.1090387842529,0.30523893655742773,0.9021359343528583
JNJ-16259685,0.10931300504015001,0.3080141015757101,0.9021359343528583
OXA-06,0.1095880809703584,0.3377442692851135,0.9021359343528583
CLOBETASOL-PROPIONATE,0.1096730138083,0.3129648400942645,0.9021359343528583
SULBACTAM-PIVOXIL,0.10979643397244998,0.3324182818617085,0.9021359343528583
OTS167,0.11171831670999977,0.33499522638045676,0.9021359343528583
CIANIDANOL,0.11235426414039999,0.360397547598983,0.9021359343528583
PF-3274167,0.114034398131465,0.3363006492123515,0.9021359343528583
LENIOLISIB,0.11415546934592072,0.3116113060193074,0.9021359343528583
OXALOACETATE,0.11525304480326001,0.3183035918815039,0.9021359343528583
FOSCARNET,0.11702079785799996,0.3183035918815039,0.9021359343528583
AJMALINE,0.117193101317,0.31619403517081135,0.9021359343528583
TAVILERMIDE,0.1172202862414774,0.35971949878557163,0.9021359343528583
LODENOSINE,0.11778519849623019,0.34399405338770594,0.9021359343528583
TH-588,0.11846368321214487,0.3527216755408087,0.9021359343528583
TROPESIN,0.12208517408049996,0.36020415605879774,0.9021359343528583
TRAMADOL,0.12269245573255,0.3313870962476151,0.9021359343528583
TIAGABINE,0.12354059121455,0.35383690068472917,0.9021359343528583
GSK2330672,0.12369639810282,0.3496343486634387,0.9021359343528583
ABBV-744,0.12374806241858005,0.32256846817981377,0.9021359343528583
OMADACYCLINE,0.12389955145889074,0.3452274231201127,0.9021359343528583
CEFOPERAZONE,0.12554879131320001,0.31522122377943973,0.9021359343528583
HYDROXYAMPHETAMINE,0.12700194846115,0.350029968753354,0.9021359343528583
R-268712,0.12705168886252075,0.34138205643455843,0.9021359343528583
FENOBAM,0.12731099907760002,0.31921571049797337,0.9021359343528583
CHIR-98014,0.12864517949010001,0.34505174279905737,0.9021359343528583
IBUPROXAM,0.12868717693800003,0.31430466047385397,0.9021359343528583
THIAZOVIVIN,0.13184680024210002,0.31790271566590045,0.9021359343528583
PF-4191834,0.13195281831962782,0.31024386301784346,0.9021359343528583
JNJ-1661010,0.134369162688,0.32646483319595143,0.9021359343528583
CLOXYQUIN,0.1356780035725,0.3325637549003464,0.9021359343528583
TCS-HDAC6-20B,0.13641879120385,0.3111108079923455,0.9021359343528583
ARTICAINE,0.13703321207150002,0.3311974124143925,0.9021359343528583
EXEMESTANE,0.137469044424495,0.347192076670898,0.9021359343528583
BMY-45778,0.1376684720305,0.32646483319595143,0.9021359343528583
CEFADROXIL,0.1385461627094,0.30718919916336507,0.9021359343528583
LY2811376,0.14062422419440002,0.3350633656139116,0.9021359343528583
LY2584702,0.14092773053635974,0.32512084876495906,0.9021359343528583
TCV-309,0.14181197397158,0.3066335890929097,0.9021359343528583
PROPENTOFYLLINE,0.14655986937800003,0.35383690068472917,0.9021359343528583
LETOSTEINE,0.149784412261455,0.31522122377943973,0.9021359343528583
CLOTIAPINE,0.15027129739280004,0.33901216283372504,0.9021359343528583
LORCASERIN,0.1523669556462,0.3093806705975213,0.9021359343528583
CERULETIDE,0.1533735473107393,0.3249645113379973,0.9021359343528583
ADOPRAZINE,0.1536311144911,0.3443849208257551,0.9021359343528583
FH-535,0.1575630590850885,0.3262760391985431,0.9021359343528583
SECOISOLARICIRESINOL-DIGLUCOSIDE,0.1584414240982,0.34812198781260406,0.9021359343528583
DIZOCILPINE-(+),0.158980580601,0.3275738626096597,0.9021359343528583
ORIDONIN,0.16145994331949998,0.32256846817981377,0.9021359343528583
AMPROLIUM,0.1616459494454,0.3580975099640309,0.9021359343528583
ANISODAMINE,0.16822548282810001,0.3350190476365378,0.9021359343528583
NDD-094,0.16823749013931838,0.35971949878557163,0.9021359343528583
PRULIFLOXACIN,0.16992388111829998,0.3363006492123515,0.9021359343528583
"1S,2R-PHENYLPROPANOLAMINE",0.1704649931591,0.35900525561112706,0.9021359343528583
METRONIDAZOLE,0.17414937144849996,0.350029968753354,0.9021359343528583
SNG-1153,0.1748881241519813,0.33249255254489984,0.9021359343528583
CALCIUM-LEVOFOLINATE,0.17558305845949998,0.3224046293631949,0.9021359343528583
ESTRADIOL,0.17958250205999998,0.3102044802886865,0.9021359343528583
PROPRANOLOL,0.17984352803484,0.3428809995935267,0.9021359343528583
TARIQUIDAR,0.182235304776969,0.339151847946917,0.9021359343528583
FORODESINE,0.182468552458815,0.34812198781260406,0.9021359343528583
OZOLINONE,0.183482399844775,0.3441525235247088,0.9021359343528583
HC-030031,0.18542190749850002,0.31339863624933506,0.9021359343528583
TASQUINIMOD,0.18896288215130003,0.32338749394125854,0.9021359343528583
LFM-A13,0.1919909087086,0.31888848754109367,0.9021359343528583
FASUDIL,0.19495118745849999,0.34249439770236734,0.9021359343528583
TOREMIFENE,0.19547104752695,0.3277370092119527,0.9021359343528583
SOTRASTAURIN,0.1960600234949,0.34505174279905737,0.9021359343528583
KI-8751,0.197516455877,0.35149417604628286,0.9021359343528583
AVE-3085,0.1975372734010111,0.34013231568306623,0.9021359343528583
VESAMICOL,0.1991418498784,0.3228270028311001,0.9021359343528583
BETAMETHASONE-BUTYRATE-PROPIONATE,0.2002774666003281,0.34399405338770594,0.9021359343528583
IBUPROFEN,0.20179760783009998,0.34884857179549933,0.9021359343528583
CLOBUTINOL,0.2030163284777,0.3375642172662958,0.9021359343528583
3PO,0.20335797598018981,0.32256846817981377,0.9021359343528583
PRANIDIPINE,0.20411779013949996,0.3554964905188145,0.9021359343528583
XMD17-109,0.20633398183566298,0.35629024438342116,0.9021359343528583
RUFINAMIDE,0.20790711942605,0.33095696273716246,0.9021359343528583
ATENOLOL-(+/-),0.21354309066766,0.33670573572497087,0.9021359343528583
PREDNISOLONE-ACETATE,0.214922362307,0.3310965102811748,0.9021359343528583
JTE-013,0.21552939864307874,0.33377392468029654,0.9021359343528583
MIFEPRISTONE,0.21890089744900004,0.3468680156062961,0.9021359343528583
HYDROXYPROPYL-BETA-CYCLODEXTRIN,0.22027104331185,0.32302662294592754,0.9021359343528583
AG-556,0.22074909552422206,0.3452274231201127,0.9021359343528583
PIDOTIMOD,0.23166687821130003,0.3205154182759784,0.9021359343528583
ELTROMBOPAG,0.2523309304997,0.34342433963584973,0.9021359343528583
TEMAZEPAM,0.257948523148,0.3169439252265088,0.9021359343528583
XALIPRODEN,0.25802495624800004,0.3275738626096597,0.9021359343528583
DROXIDOPA,0.2587362408792,0.3224046293631949,0.9021359343528583
GDC-0879,0.2604745439074,0.3349136100481739,0.9021359343528583
OGLEMILAST,0.26529095123150004,0.3350633656139116,0.9021359343528583
2-IODOMELATONIN,0.2668548397301,0.31522122377943973,0.9021359343528583
AMG458,0.26999366153758,0.3195772125809615,0.9021359343528583
DHBP,0.27609958504838905,0.35692844819487535,0.9021359343528583
TERCONAZOLE,0.2856025061161,0.3310965102811748,0.9021359343528583
JQ1-(+),0.2912584079942,0.3169439252265088,0.9021359343528583
MERICITABINE,0.2973652033317,0.35652150285328565,0.9021359343528583
DEXLANSOPRAZOLE,0.29931691848770003,0.3349136100481739,0.9021359343528583
NICORANDIL,0.30213449050400004,0.3102044802886865,0.9021359343528583
GRAZOPREVIR,0.306900210889,0.33876580463540307,0.9021359343528583
SANT-2,0.3110601305436,0.33129419203475874,0.9021359343528583
TG-02,0.31559869526999984,0.3165762434318766,0.9021359343528583
BINIMETINIB,0.3268595124086,0.30832331261797263,0.9021359343528583
MK-1064,0.33972839253782405,0.3491002949701273,0.9021359343528583
SNX-5422,0.3572201238499999,0.30718919916336507,0.9021359343528583
EXATECAN-MESYLATE,0.3668258118399996,0.34138205643455843,0.9021359343528583
MITOMYCIN-C,0.3671848971595002,0.32302662294592754,0.9021359343528583
OCTENIDINE,0.37023060915499983,0.334968962843902,0.9021359343528583
NKY-80,0.38657693754824346,0.3080141015757101,0.9021359343528583
DEBIO-0932,0.3885723920676094,0.3375642172662958,0.9021359343528583
NAPABUCASIN,0.43267089508000023,0.3247407662304933,0.9021359343528583
RO-5126766,0.4654193276408316,0.3574619462721438,0.9021359343528583
PITAVASTATIN,0.5790970355659999,0.34505174279905737,0.9021359343528583
PYRIMETHAMINE,0.5803523568575,0.30582372975928374,0.9021359343528583
MERCK60,0.5829721263665721,0.31888848754109367,0.9021359343528583
MITOQUINONE,0.59444236497538,0.33629847595457574,0.9021359343528583
STF-118804,0.6960486126200003,0.35149417604628286,0.9021359343528583
HALOFUGINONE,0.73837622905,0.3274040845082741,0.9021359343528583
MLN0128,0.8381344425300001,0.3313870962476151,0.9021359343528583
CBL0137,1.2154789323359143,0.35300064632413486,0.9021359343528583
LXH254,-0.72714524160958,0.36372033262214987,0.9021877983533696
AZD5438,-0.5348780082800002,0.36429993510639735,0.9021877983533696
G-1,-0.28795194005400004,0.3620349956049076,0.9021877983533696
PARECOXIB,-0.233497080586,0.3639251226182597,0.9021877983533696
SB-225002,-0.23176308623100006,0.3639251226182597,0.9021877983533696
MEK1-2-INHIBITOR,-0.21229046144090002,0.36887621674823745,0.9021877983533696
SULFAPYRIDINE,-0.19333269011190002,0.3671202177282049,0.9021877983533696
PHENOTHRIN,-0.16643773452719998,0.36887621674823745,0.9021877983533696
VUF10166,-0.15375555163,0.3671202177282049,0.9021877983533696
MINOCYCLINE,-0.1367030380183,0.36606955860776713,0.9021877983533696
FPS-ZM1,-0.1201900436702095,0.36706215216336047,0.9021877983533696
BAY-85-8050,-0.11150450104684997,0.3639251226182597,0.9021877983533696
GSK356278,-0.10000199384409961,0.3677488829391041,0.9021877983533696
GW-843682X,-0.08999196015550015,0.3639251226182597,0.9021877983533696
LOPERAMIDE,-0.06699645186964599,0.3654139427015698,0.9021877983533696
CYCLOPAMINE,-0.0429102492165529,0.36372033262214987,0.9021877983533696
AZD3839,-0.041935899574721006,0.36372033262214987,0.9021877983533696
ALDA-1,-0.026335278308231052,0.3657994428373945,0.9021877983533696
2-FLUOROFUCOSE,0.0021509730355740025,0.3677488829391041,0.9021877983533696
DIFLUNISAL,0.018095034509999997,0.3631736846510585,0.9021877983533696
PT-2385,0.019872696370505483,0.36706215216336047,0.9021877983533696
EPIGALLOCATECHIN-GALLATE-(-),0.02508470951887401,0.36706215216336047,0.9021877983533696
NASTORAZEPIDE,0.0297208677237,0.36606955860776713,0.9021877983533696
ENILCONAZOLE,0.03601645852709999,0.3671202177282049,0.9021877983533696
PIKAMILONE,0.03768756301830001,0.3620349956049076,0.9021877983533696
SB-203186,0.049753035673955004,0.3639251226182597,0.9021877983533696
ARSANILIC-ACID,0.05330912344800001,0.3631736846510585,0.9021877983533696
THEAFLAVIN,0.056905287735241006,0.3677488829391041,0.9021877983533696
SEOCALCITOL,0.062228364571000006,0.36818591366107223,0.9021877983533696
TALNETANT,0.064699633727,0.3666087698211452,0.9021877983533696
REMETINOSTAT,0.065260860739563,0.3677488829391041,0.9021877983533696
AGI-6780,0.067072594697,0.3620349956049076,0.9021877983533696
FANETIZOLE,0.06782819658332,0.3642893564409154,0.9021877983533696
ARIPIPRAZOLE,0.06815529648150001,0.36822862893525465,0.9021877983533696
JNJ-63533054,0.06832025909930856,0.36706215216336047,0.9021877983533696
TRELAGLIPTIN,0.0691204888055,0.3620349956049076,0.9021877983533696
PIPOBROMAN,0.07670689553611955,0.36887621674823745,0.9021877983533696
BMS-806,0.10157143128259999,0.3671202177282049,0.9021877983533696
INTEGRIN-ANTAGONIST-1,0.10870818805328725,0.36224212651917154,0.9021877983533696
CLOBENPROPIT,0.11154382433265,0.36818591366107223,0.9021877983533696
COLFOSCERIL-PALMITATE,0.1158731413962,0.3677488829391041,0.9021877983533696
MCN-5652-(+/-),0.11968750168742505,0.36887621674823745,0.9021877983533696
CETRORELIX,0.14410323715110002,0.368403395877153,0.9021877983533696
PF-750,0.14970442850814863,0.36887621674823745,0.9021877983533696
ERCALCITRIOL,0.17785090032,0.36606955860776713,0.9021877983533696
CLOFEDANOL,0.17874789429705001,0.368403395877153,0.9021877983533696
I-BET151,0.1806387919781,0.3672432281002569,0.9021877983533696
L-CYSTINE,0.19234835141949,0.36753949589074597,0.9021877983533696
P276-00,0.22733410470000015,0.36599949806823007,0.9021877983533696
VLX1570,0.28340906078689976,0.3677488829391041,0.9021877983533696
RIMEXOLONE,0.326311415605,0.3648620839113649,0.9021877983533696
VINCRISTINE,0.35191959260500005,0.36887621674823745,0.9021877983533696
AZ-628,0.49069357445,0.3620349956049076,0.9021877983533696
BETA-LAPACHONE,0.5386306639715,0.3642893564409154,0.9021877983533696
ABEMACICLIB,0.634815500126,0.36599949806823007,0.9021877983533696
TELMISARTAN,0.07985399830705,0.3693249268307026,0.9029367520548467
AVITINIB,-2.374327993567391,0.37180510740304284,0.9034989427014288
NERATINIB,-0.5145526282520001,0.371406033665203,0.9034989427014288
REMODELIN,-0.312614521886375,0.3729134636421698,0.9034989427014288
BUTAMBEN,-0.30364332724339993,0.37017356796027334,0.9034989427014288
MEGLITINIDE,-0.28204566500100003,0.36999097808189874,0.9034989427014288
BAY-60-6583,-0.1969877847590235,0.3729134636421698,0.9034989427014288
APREMILAST,-0.161842037543,0.37326183241160493,0.9034989427014288
7-METHYLXANTHINE,-0.0924337332263,0.3725462288595398,0.9034989427014288
PF-04620110,-0.09007842300285,0.372477622374105,0.9034989427014288
GOLVATINIB,-0.08888460338560002,0.372477622374105,0.9034989427014288
5-HYDROXYECTOINE,-0.08864180980959552,0.37192195190929334,0.9034989427014288
METOXIBUTROPATE,-0.0612716077272,0.37326183241160493,0.9034989427014288
4-PPBP,-0.05936539656515,0.37326183241160493,0.9034989427014288
MENBUTONE,-0.0528661643819,0.37109336952269756,0.9034989427014288
CLONIXIN-LYSINATE,-0.005636894186500013,0.3702524945760428,0.9034989427014288
AMINOHYDROXYBUTYRIC-ACID,0.012510246416000015,0.37109336952269756,0.9034989427014288
DAPOXETINE,0.012905938291999985,0.37326183241160493,0.9034989427014288
MEFEXAMIDE,0.014094113356000026,0.371406033665203,0.9034989427014288
4BP-TQS,0.0557287967891474,0.3729134636421698,0.9034989427014288
DR-4485,0.0565315871386254,0.37192195190929334,0.9034989427014288
DUTASTERIDE,0.0660117102785,0.37068411835835047,0.9034989427014288
DIPT,0.0862869836252,0.3725462288595398,0.9034989427014288
NICODICOSAPENT,0.09180029965296581,0.3729134636421698,0.9034989427014288
FURAGIN,0.12833162619740532,0.3729134636421698,0.9034989427014288
ZOLIMIDINE,0.13188427280925,0.3725462288595398,0.9034989427014288
DANOPREVIR,0.18558086417885,0.372477622374105,0.9034989427014288
IMIQUIMOD,0.10223932649669999,0.3740093930597429,0.9049627811453191
TRICIRIBINE-PHOSPHATE,-0.710028710208565,0.3758889601812765,0.9051391123898722
AZD2858,-0.302728307365,0.3750930973611667,0.9051391123898722
BMS-863233,-0.284787587472924,0.3768214472429735,0.9051391123898722
CCT128930,-0.26464234048499996,0.3750930973611667,0.9051391123898722
ISOETHARINE,-0.21480928399850002,0.3750930973611667,0.9051391123898722
LM-22A4,-0.12078914023363946,0.37546546465551955,0.9051391123898722
A-438079,-0.11980148055401199,0.376977965588394,0.9051391123898722
SERTACONAZOLE,-0.08963313508884999,0.37722461666745344,0.9051391123898722
URAPIDIL,-0.05835859460199999,0.37616477407758453,0.9051391123898722
KB-SRC-4,-0.04600749931884221,0.37546546465551955,0.9051391123898722
L-168049,-0.01772362643799999,0.376977965588394,0.9051391123898722
M-CHLOROPHENYLBIGUANIDE,-0.009353092904000021,0.3750930973611667,0.9051391123898722
EPACADOSTAT,0.023267893234694997,0.3767178060871802,0.9051391123898722
SOMANTADINE,0.055566951590029,0.37546546465551955,0.9051391123898722
CINPA-1,0.06389612316579645,0.376977965588394,0.9051391123898722
JZL-184,0.08282452620949998,0.37722461666745344,0.9051391123898722
SUMANIROLE,0.11515201188565,0.3767178060871802,0.9051391123898722
IMMETHRIDINE,0.12128741532188148,0.3768214472429735,0.9051391123898722
EW-7197,0.12432234411484314,0.3768214472429735,0.9051391123898722
DAZMEGREL,0.12803492841999997,0.3768001940547928,0.9051391123898722
PREDNISONE,0.14871096819930002,0.3747874759168679,0.9051391123898722
GDC-0349,0.31537533129849993,0.3742878374118612,0.9051391123898722
VS-4718,-0.28385385380399997,0.37805469708627715,0.9067875153049728
ZM-447439,-0.4810832222799999,0.38106967327225283,0.9078347471394083
TIOGUANINE,-0.374070036997,0.38121323372857274,0.9078347471394083
THEOBROMINE,-0.14941844213500002,0.3811535696082933,0.9078347471394083
WAY-207024,-0.1250778596144814,0.380357092632306,0.9078347471394083
MK-8033,-0.11716956780150001,0.380172136748835,0.9078347471394083
RALTEGRAVIR,-0.074852040733,0.3811535696082933,0.9078347471394083
PF-06305591,-0.06697018673622002,0.38000039192585167,0.9078347471394083
GANCICLOVIR,-0.0583281464208,0.3811535696082933,0.9078347471394083
SN-2,-0.040102032663098294,0.380357092632306,0.9078347471394083
DABIGATRAN-ETEXILATE,-0.0162176878177,0.38121323372857274,0.9078347471394083
BTS,0.03424548171949998,0.3811535696082933,0.9078347471394083
FERROQUINE,0.04912181511030535,0.38106967327225283,0.9078347471394083
ASARALDEHYDE,0.07381177179349996,0.37891879313888577,0.9078347471394083
INDOCYANINE-GREEN,0.074091696951465,0.3809180744487446,0.9078347471394083
TENALISIB,0.1193229600165539,0.38106967327225283,0.9078347471394083
BENZAMIL,0.16601331625,0.3791193553221305,0.9078347471394083
WZ4003,0.1911498937789,0.3791193553221305,0.9078347471394083
4-CHLOROPHENYLGUANIDINE,0.28098678875050004,0.3791193553221305,0.9078347471394083
AZD8055,0.491003637735,0.3811535696082933,0.9078347471394083
TBA-354,-0.06012071605491845,0.3817605523921924,0.9087966267878751
S-METHYLCYSTEINE,0.0645598607482,0.3821268409021087,0.9089856572059545
ACENOCOUMAROL,0.133970824065,0.3821268409021087,0.9089856572059545
BETHANECHOL,-0.15074830393095,0.3834117661609159,0.9096519513896383
METHOPRENE-(S),0.0006023266505000152,0.38317209422203957,0.9096519513896383
YM-58483,0.051336050582200005,0.38307801704565336,0.9096519513896383
IMIDAFENACIN,0.09964009048299999,0.3829784525379315,0.9096519513896383
S26948,0.11572767688149999,0.38307801704565336,0.9096519513896383
BQ-123,0.183131874144,0.3829784525379315,0.9096519513896383
AMYGDALIN,0.2295056395307,0.3834117661609159,0.9096519513896383
AVASIMIBE,-0.1539109291258,0.3842056284297808,0.9105127402242038
APARARENONE,0.08399215046009298,0.38413934975829145,0.9105127402242038
AM211,0.15127600700103527,0.38413934975829145,0.9105127402242038
JNJ-54175446,-0.19157014166757727,0.38518853393623154,0.9106930409700392
DEXMEDETOMIDINE,-0.18574717357114853,0.38518853393623154,0.9106930409700392
TC-OT-39,-0.03253634826713603,0.3852876823166601,0.9106930409700392
CP-94253,0.012499378567147092,0.38518853393623154,0.9106930409700392
AGP-103,0.07127082324714,0.3852276346196658,0.9106930409700392
BRETAZENIL,0.0766601582247,0.3852276346196658,0.9106930409700392
SCH-221510,0.11523304700863846,0.38518853393623154,0.9106930409700392
CINACALCET,-0.0647544735192,0.38553768552752854,0.9109441883623969
FIACITABINE,-0.03121136679799999,0.38622577188999974,0.9112109890048132
NALTRIBEN,0.0385777418984,0.38622577188999974,0.9112109890048132
FULVESTRANT,0.05778097033999999,0.38622577188999974,0.9112109890048132
RS-45041-190,0.059119698008000016,0.38622577188999974,0.9112109890048132
ZALCITABINE,-0.20521673130855,0.38726509102224993,0.9112881105859628
ZK-200775,-0.17032126793920002,0.38726509102224993,0.9112881105859628
NEFIRACETAM,-0.16122420587349995,0.38682851975997956,0.9112881105859628
BMS-983970,-0.1289008294726934,0.38673917428899407,0.9112881105859628
U-75799E,-0.032092026118542005,0.38673917428899407,0.9112881105859628
DIENESTROL,0.11503856019949998,0.3872512616019538,0.9112881105859628
GSK2126458,0.18882678789000007,0.3872512616019538,0.9112881105859628
LCL-161,-0.33857913599920003,0.38834819023173717,0.9124814540224392
NB-001,-0.15605408212427,0.3883057772550519,0.9124814540224392
CINALUKAST,-0.07132313542600002,0.3883057772550519,0.9124814540224392
LINSIDOMINE,0.07062705018200001,0.38826519683657934,0.9124814540224392
EIPA,-0.14011985121841253,0.38933449136606624,0.9132701770960178
TC-G-1000,-0.0707268713434171,0.38933449136606624,0.9132701770960178
SAFINAMIDE,0.051811700919399996,0.3892677672476339,0.9132701770960178
DEBRISOQUIN,0.060219348731405,0.38940445297671455,0.9132701770960178
PFI-3,0.09726978736904834,0.38933449136606624,0.9132701770960178
RITA,-0.7811811655450001,0.39267062679318654,0.9138042559553271
GSK2656157,-0.5890462219781,0.3933335763899968,0.9138042559553271
AMRUBICIN,-0.554543924279365,0.39681455936450394,0.9138042559553271
APHIDICOLIN,-0.4891342212150005,0.39572254445829136,0.9138042559553271
BRONOPOL,-0.42514188289948895,0.39350748587755124,0.9138042559553271
NU-7441,-0.21652394202005,0.3954886555136652,0.9138042559553271
TEMSIROLIMUS,-0.173349356726,0.39742500368391853,0.9138042559553271
AMIKACIN,-0.1732283072034,0.3924996144337016,0.9138042559553271
DOXYLAMINE,-0.17022398589800003,0.39135680171486464,0.9138042559553271
PROFLAVINE-HEMISULFATE,-0.16521715587500002,0.3954886555136652,0.9138042559553271
DEMECARIUM,-0.16137397684749988,0.39350748587755124,0.9138042559553271
DAPIVIRINE,-0.16065112540449994,0.3943978622609884,0.9138042559553271
DIMEMORFAN,-0.1521934294665,0.3916094676489308,0.9138042559553271
CGP-37157,-0.15108491649949998,0.39450376804483955,0.9138042559553271
SULFAMONOMETHOXINE,-0.14700912066255,0.39135680171486464,0.9138042559553271
"16,16-DIMETHYLPROSTAGLANDIN-E2",-0.14582170617759999,0.39742500368391853,0.9138042559553271
MEPAZINE,-0.139565385733,0.396992988606357,0.9138042559553271
MIRIN,-0.132793827352651,0.39350748587755124,0.9138042559553271
PRANLUKAST,-0.1263243814811,0.39742500368391853,0.9138042559553271
ROBLITINIB,-0.12581579733129294,0.39350748587755124,0.9138042559553271
Y-27632,-0.12251727419800007,0.39350748587755124,0.9138042559553271
PRAMIPEXOLE,-0.10907427162870001,0.39450376804483955,0.9138042559553271
ISOFLURANE,-0.1086304562074,0.39408893044735993,0.9138042559553271
SA-47,-0.09340255570011238,0.39350748587755124,0.9138042559553271
LOSMAPIMOD,-0.08852911135340999,0.3933335763899968,0.9138042559553271
LY231617,-0.0843637298145832,0.3977074543040543,0.9138042559553271
PEXMETINIB,-0.0746248027741605,0.39526535515320094,0.9138042559553271
AP1903,-0.0671116001764,0.39450376804483955,0.9138042559553271
MANGAFODIPIR,-0.0415890951040223,0.3967207977398366,0.9138042559553271
SHP099,-0.02889878249134148,0.3917572125342683,0.9138042559553271
NGD-98-2,-0.015953535831806004,0.39350748587755124,0.9138042559553271
CP-91149,0.029478593389200003,0.3954886555136652,0.9138042559553271
TG-101209,0.03596507980500019,0.39135680171486464,0.9138042559553271
CLONIDINE,0.039204023482,0.39742500368391853,0.9138042559553271
ABX464,0.046114489800617,0.3924996144337016,0.9138042559553271
DORAVIRINE,0.0538270979599783,0.3924996144337016,0.9138042559553271
TAK-243,0.056432383656289886,0.3967207977398366,0.9138042559553271
LETROZOLE,0.060949686283500004,0.3954886555136652,0.9138042559553271
ARBUTIN,0.06159982526799995,0.396992988606357,0.9138042559553271
NSI-189,0.06903094936700002,0.39128161214111956,0.9138042559553271
TRIMETHOPRIM,0.075498047467,0.39450376804483955,0.9138042559553271
AVORALSTAT,0.09685362672095771,0.3967207977398366,0.9138042559553271
MRK-560,0.1078861844856595,0.39350748587755124,0.9138042559553271
YZ9,0.109084800399811,0.39526535515320094,0.9138042559553271
DIMETRIDAZOLE,0.1186011307656,0.3954886555136652,0.9138042559553271
BENZONATATE,0.12019628390850001,0.39135680171486464,0.9138042559553271
AS-252424,0.12313251337118053,0.39350748587755124,0.9138042559553271
TANSHINONE-IIA,0.14261784531857746,0.39681455936450394,0.9138042559553271
EFAVIRENZ,0.1521143255187,0.39572254445829136,0.9138042559553271
APREPITANT,0.1640950847661,0.39572254445829136,0.9138042559553271
BECLABUVIR,0.2041826858073566,0.3967207977398366,0.9138042559553271
LANDIOLOL,0.21836034169124502,0.3943978622609884,0.9138042559553271
DYNASORE,0.2264818423361715,0.3977074543040543,0.9138042559553271
AZD5153,0.2554788544906901,0.3967207977398366,0.9138042559553271
BROXALDINE,0.259263025309,0.396992988606357,0.9138042559553271
MOLIDUSTAT,0.2705571227749,0.39596889226914767,0.9138042559553271
QUINAGOLIDE,0.038903235840399994,0.39800486272948676,0.9141561490093358
LEDIPASVIR,-0.047601824406999976,0.39868271107203723,0.9144946109943217
NIMORAZOLE,0.0649421169595,0.39868271107203723,0.9144946109943217
AZD7545,0.1093205037851,0.39868271107203723,0.9144946109943217
XAV-939,0.1196476448905,0.39887377383435463,0.9144946109943217
EPEREZOLID,0.1771517815885,0.39887377383435463,0.9144946109943217
PHENPROCOUMON,-0.1451735286025,0.3996467606397802,0.9156043102582384
SPIPERONE,0.04493390217875,0.3996467606397802,0.9156043102582384
CHOLIC-ACID,0.08425511008185001,0.3999927923805541,0.915734944116897
CGP-12177,0.27431542896885,0.3999927923805541,0.915734944116897
DAROLUTAMIDE,-0.08608625053450003,0.4003574983493259,0.9159081108446492
ETOPOSIDE-PHOSPHATE,0.1339821607869,0.4003574983493259,0.9159081108446492
L-CITRULLINE,-0.23879569573999998,0.4013585799579593,0.916173312554165
TRABECTEDIN,-0.19110986858114032,0.400969260034736,0.916173312554165
3-CARBOXY-4-HYDROXYPHENYLGLYCINE-(R),0.0024819971879999903,0.40154198761584514,0.916173312554165
C646,0.016950179060999992,0.40206374975747716,0.916173312554165
ESTRADIOL-3-O-SULFAMATE,0.0528834223284807,0.400969260034736,0.916173312554165
ASP-6537,0.08876720324237002,0.400969260034736,0.916173312554165
FLUDARABINE,0.0984075434725,0.4019343299847459,0.916173312554165
GLPG0492-R-ENANTIOMER,0.09872886851498153,0.40191109962073346,0.916173312554165
ESONARIMOD,0.10242952745702101,0.4019343299847459,0.916173312554165
EBSELEN,0.1486585566547,0.40154198761584514,0.916173312554165
AXITINIB,0.319241417078,0.4019343299847459,0.916173312554165
AURORA-A-INHIBITOR-I,-0.3822828241949998,0.4080414588187473,0.916285869785401
ENTASOBULIN,-0.31608828567468983,0.40524493058376776,0.916285869785401
REMIMAZOLAM,-0.1783423669132,0.4047752083193017,0.916285869785401
BOS-172722,-0.17462907313032994,0.40524493058376776,0.916285869785401
ACRIVASTINE,-0.1716290105382,0.4071201561427712,0.916285869785401
SKEPINONE-L,-0.16761450290699997,0.4071201561427712,0.916285869785401
QUINPIROL-(-),-0.14973749165470002,0.4071201561427712,0.916285869785401
CLOPERASTINE,-0.14510333578449996,0.4080414588187473,0.916285869785401
ROLUPERIDONE,-0.1405001187689651,0.4061880427535527,0.916285869785401
GADODIAMIDE,-0.1332256538281,0.40568446351176113,0.916285869785401
TIVOZANIB,-0.12978092201000002,0.4057528648374401,0.916285869785401
MOXONIDINE,-0.11753870291489998,0.4080414588187473,0.916285869785401
2-(3-MERCAPTOPROPYL)PENTANEDIOIC ACID,-0.11726158004999718,0.40704671071970044,0.916285869785401
TAMSULOSIN,-0.10110550961154999,0.4033801272589477,0.916285869785401
ACEDAPSONE,-0.08786701584099998,0.4080414588187473,0.916285869785401
CP-339818,-0.08512248128399999,0.4079168367026408,0.916285869785401
ROLIPRAM,-0.08266148884745,0.4033801272589477,0.916285869785401
I-BZA,-0.062309685825649996,0.40568446351176113,0.916285869785401
BENZYLDIMETHYLOCTYLAMMONIUM,-0.061704971244903484,0.40704671071970044,0.916285869785401
PIVMECILLINAM,-0.0495332812886,0.4047630795454127,0.916285869785401
SB-399885,-0.034653912238713,0.4053976282742119,0.916285869785401
AZD8835,-0.03016030470491149,0.40704671071970044,0.916285869785401
TOLFENAMIC-ACID,-0.025624494264500003,0.4042906272731642,0.916285869785401
PF-04937319,-0.022228434477650008,0.4067187400417518,0.916285869785401
PANTOTHENIC-ACID,-0.02115233355,0.40727880672116634,0.916285869785401
"1,4-BUTANEDIOL",-0.0065475657093646,0.4061880427535527,0.916285869785401
CARBADOX,0.020297802653999997,0.4038310514124599,0.916285869785401
IDH-305,0.0356638523912454,0.40524493058376776,0.916285869785401
NIFEKALANT,0.060883543451800005,0.40568446351176113,0.916285869785401
EPALRESTAT,0.06468124181355,0.40234765560147334,0.916285869785401
TIPIRACIL,0.07422567358999999,0.4057528648374401,0.916285869785401
MOEXIPRIL,0.08526021319355001,0.4068104267641094,0.916285869785401
DERACOXIB,0.085946642583,0.4038310514124599,0.916285869785401
U-99194,0.09057262917334999,0.4079168367026408,0.916285869785401
"ISOQUINOLINE,-6,7-DIMETHOXY-1-METHYL-1,2,3,4-TETRAHYDRO,",0.0946027971166,0.4047630795454127,0.916285869785401
DELAPRIL,0.10512087743458,0.4033801272589477,0.916285869785401
MONTELUKAST,0.10513851410565,0.4042906272731642,0.916285869785401
L-745870,0.1351756947494,0.4071201561427712,0.916285869785401
ABT-737,0.17417290916689998,0.40568446351176113,0.916285869785401
DIOSMIN,0.185194455348,0.40568446351176113,0.916285869785401
U-104,0.22232637522319998,0.40568446351176113,0.916285869785401
AD-5467,-0.08250013687249999,0.40922194048696126,0.9182859195700684
DEHYDROCORYDALINE,-0.03865653154290001,0.40922194048696126,0.9182859195700684
DAPANSUTRILE,-0.3212113870926761,0.4095477350455551,0.9183665948279132
EIT-HYDROBROMIDE,0.12153004627299999,0.4095477350455551,0.9183665948279132
BMS-566419,-0.18780490249254755,0.41046851892884306,0.9185997082081707
NOVOBIOCIN,-0.1045054189031,0.4101757622937845,0.9185997082081707
AVAGACESTAT,0.017293556797999987,0.4101757622937845,0.9185997082081707
RAVOXERTINIB,0.185150002012236,0.41052144132011037,0.9185997082081707
GENZ-123346,0.332190683849276,0.41046851892884306,0.9185997082081707
CPI-203,0.34634699170529815,0.41052144132011037,0.9185997082081707
DIPHENIDOL,-0.0994809627541,0.4113785155752807,0.9198679086805059
ALVOCIDIB,0.023986199819999943,0.4113785155752807,0.9198679086805059
BMS-387032,0.11372448196999985,0.4115903790766253,0.9200170131247176
THIOGUANINE,-0.8233937490355,0.4124838118228005,0.9200668481242825
MDL-29951,-0.07739007439211841,0.41222126262727654,0.9200668481242825
BICIFADINE,-0.024807159442611526,0.41222126262727654,0.9200668481242825
CLOFIBRATE,0.137784410204,0.4124838118228005,0.9200668481242825
SU014813,0.15609592865650004,0.4124838118228005,0.9200668481242825
BROMOSPORINE,0.22343747047100004,0.412277910504125,0.9200668481242825
CLOFARABINE,-0.43624643232999993,0.41740725582491456,0.9209659173005518
GUANIDINE,-0.20189869012100004,0.418264148649359,0.9209659173005518
ETIFOXINE,-0.191349361524911,0.414775681303849,0.9209659173005518
PIRENOXINE,-0.1584784837588,0.4156631988107604,0.9209659173005518
ASP3026,-0.14113111188712002,0.41401015180691425,0.9209659173005518
LERSIVIRINE,-0.1250281221019,0.4156631988107604,0.9209659173005518
CARTEOLOL,-0.1155221760931,0.4156631988107604,0.9209659173005518
L-GLUTAMIC-ACID,-0.11279140491244999,0.4136976090262213,0.9209659173005518
TYRPHOSTIN-AG-879,-0.07617987747885,0.4140456166431282,0.9209659173005518
TELOTRISTAT,-0.074745758271,0.41316688508348476,0.9209659173005518
LITHIUM-CITRATE,-0.06517996144899499,0.4164034985965491,0.9209659173005518
RESATORVID,-0.050356555790999985,0.418264148649359,0.9209659173005518
JW-74,0.014997211648797998,0.41568353162218385,0.9209659173005518
ZALTIDINE,0.02160707501889,0.41820212396595724,0.9209659173005518
H-89,0.02600303818975,0.4170809577536029,0.9209659173005518
TIPRENOLOL,0.028306843319699994,0.415545458881334,0.9209659173005518
OSTARINE,0.03311262391329001,0.418264148649359,0.9209659173005518
NPPB,0.033787625150499934,0.418264148649359,0.9209659173005518
GINSENOSIDE-RE3,0.03988160180799999,0.41820212396595724,0.9209659173005518
AMG-487-(+/-),0.04191753620822203,0.41568353162218385,0.9209659173005518
CARBAZOCHROME,0.042379846545950006,0.418264148649359,0.9209659173005518
ETILEVODOPA,0.0650317489115,0.415545458881334,0.9209659173005518
DANIRIXIN,0.06660316665839999,0.41820212396595724,0.9209659173005518
SCH-58261,0.06770243534700002,0.4156631988107604,0.9209659173005518
HYDROXYUREA,0.08562614904725,0.4164034985965491,0.9209659173005518
FENOVERINE,0.08790107749359999,0.415545458881334,0.9209659173005518
VERUBECESTAT,0.0883990133727377,0.4182344302485269,0.9209659173005518
SAG,0.09235437374219355,0.414775681303849,0.9209659173005518
JNJ-37822681,0.09876760683194999,0.41820212396595724,0.9209659173005518
RIDINILAZOLE,0.11997294314225761,0.4182344302485269,0.9209659173005518
A-939572,0.12646328428368703,0.414775681303849,0.9209659173005518
DSPC,0.1484689498819989,0.4182344302485269,0.9209659173005518
ABIRATERONE-ACETATE,0.19090211150179998,0.4164034985965491,0.9209659173005518
METHENAMINE,0.20408637975390004,0.41734888523007974,0.9209659173005518
CRIZOTINIB,0.2172531795829,0.418264148649359,0.9209659173005518
CHLOROGENIC-ACID,0.33639861025459994,0.41644484593045317,0.9209659173005518
WP1066,1.05585788437,0.4164034985965491,0.9209659173005518
LICOCHALCONE-A,-0.06721045539199999,0.41891501708053835,0.9220786603818588
BMS-265246,0.40622463598399994,0.41910944913783676,0.9221863122175249
OXATOMIDE,-0.07133534343615,0.4199741259490898,0.9225462173248097
L-701324,0.059073641999599996,0.4199741259490898,0.9225462173248097
HARMANE,0.07202567242400001,0.4199741259490898,0.9225462173248097
PIPECURONIUM,0.09670608120311999,0.42000092109548304,0.9225462173248097
CGP-54626,0.15374887416299998,0.4199741259490898,0.9225462173248097
ONO-4059,-0.15660211650415645,0.42088375979621395,0.9225667194149456
DROXINOSTAT,-0.1554905372477,0.4208286405349698,0.9225667194149456
PA-452,-0.016810890335790196,0.42088375979621395,0.9225667194149456
HYDROFLUMETHIAZIDE,0.033079752716,0.4208286405349698,0.9225667194149456
SALIRASIB,0.07653163010649999,0.4208286405349698,0.9225667194149456
VX-11E,0.3450930340615799,0.42088375979621395,0.9225667194149456
S63845,-0.39117510254268995,0.4226181541864973,0.9231130854262359
EPZ015666,-0.22106774316590305,0.42268663133387807,0.9231130854262359
AQW-051,-0.159742239017579,0.4226181541864973,0.9231130854262359
PROPOXUR,-0.14559951003150007,0.42175628086550776,0.9231130854262359
PIPERIDOLATE,-0.11532208784785,0.4225078821460906,0.9231130854262359
UNC0321,-0.0759530264167,0.4227353911798859,0.9231130854262359
TENOVIN-6,0.013393716496999997,0.4225078821460906,0.9231130854262359
ETC-206,0.11463822009264191,0.4226181541864973,0.9231130854262359
CORT-108297,0.127211598346636,0.4226181541864973,0.9231130854262359
RIBOFLAVIN-TETRABUTYRATE,0.14695011342009762,0.4226181541864973,0.9231130854262359
SOBUZOXANE,0.21090293747372402,0.4226181541864973,0.9231130854262359
SITAGLIPTIN,-0.29428545541000006,0.4236152601662655,0.9234433793166923
UNC2250,-0.165529499789,0.4236152601662655,0.9234433793166923
WH-4-023,0.03774858764406376,0.42346973814803,0.9234433793166923
VERAPAMIL,0.059510095609,0.4236152601662655,0.9234433793166923
SILDENAFIL,0.06544427428654997,0.4233159874752107,0.9234433793166923
KF-38789,-0.73636779183,0.4263653598994189,0.9257888248761802
METHOXYFLURANE,-0.24764148879675,0.4255766754754712,0.9257888248761802
ACELARIN,-0.23949972670241992,0.42702867841456127,0.9257888248761802
SCMC-LYS,-0.22842579941895,0.4261287794973455,0.9257888248761802
3-CARBOXY-4-HYDROXYPHENYLGLYCINE-(S),-0.16415244761449999,0.42677673653298365,0.9257888248761802
LGK-974,-0.146920887148,0.42677673653298365,0.9257888248761802
LEVODROPROPIZINE,-0.12261354394350002,0.4249356946314975,0.9257888248761802
ESTRADIOL-VALERATE,0.03193863548115,0.42514275738906915,0.9257888248761802
BUTORPHANOL-(+)-TARTRATE,0.048686148648200006,0.42619085127503775,0.9257888248761802
SB-742457,0.0580480890865,0.42677673653298365,0.9257888248761802
FUDOSTEINE,0.06817587496490002,0.42677673653298365,0.9257888248761802
CYCLAMIC-ACID,0.09359015286000005,0.42677673653298365,0.9257888248761802
PIROZADIL,0.1117487594180416,0.42702867841456127,0.9257888248761802
MITOXANTRONE,0.1152500802750005,0.4263653598994189,0.9257888248761802
PILARALISIB,0.175774847469,0.42619085127503775,0.9257888248761802
THIOMERSAL,0.4081251823269999,0.42677673653298365,0.9257888248761802
TG-100572,-0.49925494501999995,0.4278564605022931,0.9259994502059533
W-54011,-0.11697821800021499,0.4278564605022931,0.9259994502059533
CHC,-0.08344620075155065,0.4278564605022931,0.9259994502059533
TREPIBUTONE,-0.040471121521899994,0.42729731237741353,0.9259994502059533
MYRICETIN,0.23305549527049998,0.4278564605022931,0.9259994502059533
CYTOCHALASIN-B,0.13503758961200002,0.4281517177539135,0.9263221015385967
CITALOPRAM,0.135499832175,0.4286743750650651,0.927136353169733
PIPERAZINEDIONE,0.1302230501285,0.4289955911144998,0.927514520945952
BENZOIN,-0.1537709855080519,0.43139803575082136,0.9296836022935914
DALFAMPRIDINE,-0.1069235911418,0.43105240366797803,0.9296836022935914
Y-26763,-0.08966908152349998,0.43065250281415646,0.9296836022935914
TREMORINE,0.007970304807999984,0.43028129131899284,0.9296836022935914
CONIVAPTAN,0.02565263953245,0.43065250281415646,0.9296836022935914
C34,0.027701983467221497,0.43139803575082136,0.9296836022935914
SORBIC-ACID,0.052254898317349995,0.43104069727480643,0.9296836022935914
DMH4,0.06754236392536153,0.43139803575082136,0.9296836022935914
SDZ-NKT-343,0.11772913486079999,0.43105240366797803,0.9296836022935914
KR-33494,0.1969740537814856,0.4314659104221954,0.9296836022935914
SCLAREOLIDE,-0.1417749818256,0.43226952481258163,0.9301500776697215
ML298,-0.035620599409206144,0.43226952481258163,0.9301500776697215
EDASALONEXENT,0.02377103574384555,0.43226952481258163,0.9301500776697215
PFI-4,0.12324848838386485,0.43226952481258163,0.9301500776697215
ALECTINIB,-0.526338834951,0.4327163225816447,0.9303875440818697
DEFEROXAMINE-MESYLATE,-0.21773511550355001,0.4335346030717473,0.9303875440818697
RUFLOXACIN,-0.043236255078,0.4338480657664392,0.9303875440818697
BUTYLATED-HYDROXYANISOLE,-0.042106817495850005,0.4338480657664392,0.9303875440818697
DYCLONINE,-0.036023203981899996,0.4335346030717473,0.9303875440818697
ADAPTAVIR,0.044691091494243496,0.43330601558447257,0.9303875440818697
ABC-294640,0.06925472331807195,0.43330601558447257,0.9303875440818697
TIRASEMTIV,0.078782226856,0.4327163225816447,0.9303875440818697
JX-401,0.26254987383195,0.4338480657664392,0.9303875440818697
CRYSTAL-VIOLET,0.46911367456999997,0.4338480657664392,0.9303875440818697
BAY-87-2243,-0.33980592364300005,0.4346233282399682,0.9314196926130126
CP-724714,-0.247853686027,0.4346233282399682,0.9314196926130126
ETHIMIZOL,-0.15622497884315,0.43538946954286706,0.9324309119611858
DNQX,-0.067732625874,0.43538946954286706,0.9324309119611858
TETRAETHYLENEPENTAMINE,-0.0932212081137,0.4359852950302334,0.9333701434535301
BAZ2-ICR,-0.08699308375322701,0.4367088361291668,0.9333701434535301
INIMUR,0.05653743927400001,0.4367088361291668,0.9333701434535301
TETRAZOL-5-YL-GLYCINE-(RS),0.06454473664160469,0.4367088361291668,0.9333701434535301
SPIZOFURONE,0.0677522372196235,0.43671176824044766,0.9333701434535301
GMX1778,0.1671411250618302,0.43671176824044766,0.9333701434535301
4-AMINOHIPPURIC-ACID,-0.12854904213,0.43747855455536366,0.9334348822280605
SAXAGLIPTIN,-0.07199129083899997,0.43747855455536366,0.9334348822280605
AMOXAPINE,0.075376362074,0.43747855455536366,0.9334348822280605
LURASIDONE,0.11867561924999998,0.43730896940521824,0.9334348822280605
AGOMELATINE,0.2153973197392,0.43730896940521824,0.9334348822280605
ERYTHROSINE,-0.1337827809091,0.43823907554994224,0.9337999400672441
NORNICOTINE,0.0975806174606,0.43823907554994224,0.9337999400672441
GSK163090,0.1556122657731,0.4381012624969942,0.9337999400672441
EHOP-016,0.16873434825012001,0.43823907554994224,0.9337999400672441
AURANOFIN,0.4099401897583501,0.43867305867141915,0.934410478252364
IXAZOMIB-CITRATE,-0.2851754526299999,0.44051561127173466,0.9347113050298071
FOSBRETABULIN,-0.283714764905,0.4411742959356404,0.9347113050298071
BF2.649,-0.1954160721158,0.4411742959356404,0.9347113050298071
CGP-7930,-0.11306908023480002,0.43899056147093185,0.9347113050298071
BRIMONIDINE,-0.0928478521205,0.4411742959356404,0.9347113050298071
CEPHALOSPORIN-C-ZN,-0.07322074123739,0.4409624371908628,0.9347113050298071
DESMOPRESSIN-ACETATE,-0.0725369449055,0.44051561127173466,0.9347113050298071
KIFUNENSINE,-0.006477770969800012,0.4396566559366375,0.9347113050298071
SPARSENTAN,0.0276530941585535,0.44042010945182997,0.9347113050298071
TAUROGLYCOCHOLATE,0.09850343545995108,0.4411742959356404,0.9347113050298071
TUFTSIN,0.0998778194675491,0.44042010945182997,0.9347113050298071
SELADELPAR,0.1238459247008627,0.4411742959356404,0.9347113050298071
MIROGABALIN-BESYLATE,0.1453653924950166,0.44042010945182997,0.9347113050298071
TRIAMCINOLONE-HEXACETONIDE,0.1641536153980776,0.44042010945182997,0.9347113050298071
PLUMBAGIN,0.169543283182397,0.44042010945182997,0.9347113050298071
DICHLORVOS,0.20514859721199996,0.4409624371908628,0.9347113050298071
TRIMETAZIDINE,-0.2160548137072,0.44191938164633215,0.9353517439855734
OAC1,-0.0825417763127,0.44191938164633215,0.9353517439855734
INDATRALINE,0.08189020278199999,0.44191938164633215,0.9353517439855734
ASCORBIC-ACID,-0.18797390916605,0.4426555289273344,0.9360564364042624
NONIVAMIDE,-0.13248732125149998,0.4426555289273344,0.9360564364042624
ITACITINIB,0.04172185798935,0.44269546155966144,0.9360564364042624
XL019,-0.23123872971769616,0.4440781046959119,0.9364234049662646
TASISULAM,-0.0998017204239,0.4441989514484127,0.9364234049662646
METITEPINE,-0.03488786644607,0.4433828963205093,0.9364234049662646
BISPHENOL-A,0.018802184823175028,0.4440781046959119,0.9364234049662646
SR-59230A,0.02016544919999999,0.4433828963205093,0.9364234049662646
10-DEBC,0.047953776075445,0.4441016386755626,0.9364234049662646
GESTRINONE,0.06593942813994999,0.4441016386755626,0.9364234049662646
PIMOBENDAN,0.0986814932085,0.4441989514484127,0.9364234049662646
MEPYRAMINE,0.25011112845599504,0.4441016386755626,0.9364234049662646
BROMINDIONE,-0.17914132460669677,0.4456658021447051,0.9370219602491693
L-(+)-RHAMNOSE-MONOHYDRATE,-0.08524592704135,0.4456658021447051,0.9370219602491693
IBIGLUSTAT,-0.04360257488102301,0.4449368731554132,0.9370219602491693
CID-2745687,-0.01294693934917851,0.4456658021447051,0.9370219602491693
CINTIRORGON,0.06252895046556853,0.4456658021447051,0.9370219602491693
HYMECROMONE,0.10278045071409998,0.4452915352636746,0.9370219602491693
PYROTINIB,0.10529402802449095,0.4456658021447051,0.9370219602491693
TYRPHOSTIN-AG-18,0.10601660058715501,0.4456658021447051,0.9370219602491693
SELEXIPAG,-0.09702671291185,0.4458294250103515,0.9370550800300489
SPARTEINE-SULFATE,-0.03678280491399499,0.4464602714283302,0.9376953129474114
SULMAZOLE,-0.03560538611499997,0.44657794768428083,0.9376953129474114
AZODICARBONAMIDE,0.16057968632999997,0.4463859005231503,0.9376953129474114
CHIR-99021,-0.301594332827,0.4484947761444318,0.9381161622865759
CUDC-427,-0.19144264838617503,0.44952097091824705,0.9381161622865759
EMD-1214063,-0.1911079580567,0.4484947761444318,0.9381161622865759
GW-4064,-0.1872560395815,0.4484947761444318,0.9381161622865759
ACIFRAN,-0.1428359890308,0.4500968385218215,0.9381161622865759
NIBENTAN,-0.1183477633751,0.4484947761444318,0.9381161622865759
ICATIBANT-ACETATE,-0.0801723574554,0.4473170884573747,0.9381161622865759
MACITENTAN-N-BUTYL-ANALOGUE,-0.0542681551697341,0.4494799379935651,0.9381161622865759
NIDA-41020,-0.004565594202029306,0.4474515790148581,0.9381161622865759
MOXISYLYTE,0.0057283696811,0.4478002347918527,0.9381161622865759
UK-356618,0.008655436280072981,0.4501832490947574,0.9381161622865759
CC-90003,0.010565715757230087,0.4494799379935651,0.9381161622865759
VU591,0.04105788207954611,0.4501832490947574,0.9381161622865759
CHLORPROPHAM,0.061491649543515214,0.4474515790148581,0.9381161622865759
BMS-CCR2-22,0.06494901848533902,0.4474515790148581,0.9381161622865759
APTIGANEL,0.0720868143063,0.4480470212985538,0.9381161622865759
FUCOXANTHIN,0.102027143122236,0.4494799379935651,0.9381161622865759
M-THP,0.13018793111749993,0.4500968385218215,0.9381161622865759
BEPOTASTINE,0.1343925005495,0.4487679159378619,0.9381161622865759
JW-642,0.16952193191620196,0.4501832490947574,0.9381161622865759
SODIUM-DODECYL-SULFATE,0.17537813301087846,0.4501832490947574,0.9381161622865759
N-ACETYLMANNOSAMINE,0.183105254654,0.4501832490947574,0.9381161622865759
ANACETRAPIB,0.2720917015771,0.4484947761444318,0.9381161622865759
ECONAZOLE,-0.42153669408500005,0.4508780069996502,0.9381879605700271
LISOFYLLINE,-0.11463075003599998,0.4508780069996502,0.9381879605700271
ILOPERIDONE,-0.02951049200700001,0.4508780069996502,0.9381879605700271
IOXILAN,0.049396708477000006,0.45125404825902515,0.9381879605700271
CABERGOLINE,0.0608934666672,0.45125404825902515,0.9381879605700271
RIOCIGUAT,0.13429894025599998,0.45125404825902515,0.9381879605700271
MRS-1220,0.346932160861,0.4508780069996502,0.9381879605700271
LISADIMATE,-0.047842962394199995,0.45196602741235836,0.9384366696304439
CRIDANIMOD,-0.026348687481549997,0.45196602741235836,0.9384366696304439
CEFOTIAM,0.0466073089736,0.45196602741235836,0.9384366696304439
NOLATREXED,0.168370418127265,0.45196602741235836,0.9384366696304439
LISINOPRIL,0.12024861361849999,0.45224247557990305,0.9387031011299855
DELTARASIN,-0.08301306355159455,0.45287729796266285,0.9391709448506865
ICI-192605,-0.0827034891916,0.45291248342491686,0.9391709448506865
2-AMINOBENZENESULFONAMIDE,0.13003601851265,0.45291248342491686,0.9391709448506865
LEFLUNOMIDE,-0.2479420189955,0.4538474735289286,0.9396676063704911
GDC-0084,-0.14275693951038004,0.45404919313390113,0.9396676063704911
PRAZIQUANTEL,-0.11084992497250001,0.4549313896709274,0.9396676063704911
CLOPROSTENOL-(+/-),-0.10435535281049999,0.45472652754726683,0.9396676063704911
SGX523,-0.10003273358700004,0.4549313896709274,0.9396676063704911
ETICLOPRIDE,-0.07455960977950002,0.4549313896709274,0.9396676063704911
AMN-082,-0.0636877736986275,0.45472652754726683,0.9396676063704911
CINNAMALDEHYDE,-0.0459643504887625,0.45472652754726683,0.9396676063704911
CLEVIPREX,-0.023939477222500005,0.45472652754726683,0.9396676063704911
WAY-316606,0.012669380792018292,0.45404919313390113,0.9396676063704911
CLANFENUR,0.236613613604825,0.45404919313390113,0.9396676063704911
NINTEDANIB,0.31838251720345,0.4549313896709274,0.9396676063704911
SAR-245409,-0.19522869535999998,0.455395593404504,0.940013640196854
ORITAVANCIN,-0.042532778619860004,0.4552645423881265,0.940013640196854
PHENYLBUTAZONE,0.05771571703,0.4559577290613105,0.9404589311961836
COTININE,0.09036823639200003,0.456056540250256,0.9404589311961836
SUXIBUZONE,0.13459588903990002,0.456056540250256,0.9404589311961836
SP-141,-0.33495142703195513,0.4583399741282028,0.9414181467534998
PH-797804,-0.33227852487400006,0.45735465739135006,0.9414181467534998
BML-284,-0.23539683663667987,0.4583399741282028,0.9414181467534998
ROVAZOLAC,-0.14011415677649502,0.45864452407031675,0.9414181467534998
MITOTANE,-0.10743702442088625,0.45929552468496093,0.9414181467534998
VIXOTRIGINE,-0.1040473510594783,0.45864452407031675,0.9414181467534998
LCQ908,-0.09901089960449999,0.4597950527485729,0.9414181467534998
OR-486,-0.08538780254045869,0.45929552468496093,0.9414181467534998
KS-176,-0.06744097907230265,0.4583399741282028,0.9414181467534998
ACTINOQUINOL,-0.053093086490929996,0.45735465739135006,0.9414181467534998
SERDEMETAN,-0.03435265655999986,0.4597950527485729,0.9414181467534998
CPCCOET,-0.0118480727795,0.4599385485795858,0.9414181467534998
SOTALOL,0.0884189966051,0.4597950527485729,0.9414181467534998
L-CYSTEINESULFINIC-ACID,0.09174635662900002,0.4580949696116665,0.9414181467534998
AMLODIPINE,0.095213291486,0.45735465739135006,0.9414181467534998
FUSIDIC-ACID,0.12057916278000003,0.4599385485795858,0.9414181467534998
NANDROLONE,0.122527597983,0.45735465739135006,0.9414181467534998
GSK-LSD-1,0.13449948173417942,0.45929552468496093,0.9414181467534998
RUXOLITINIB,0.161703212455,0.4597950527485729,0.9414181467534998
ALCURONIUM,0.16312686126649997,0.45735465739135006,0.9414181467534998
ANECORTAVE-ACETATE,0.17078804995949998,0.4599385485795858,0.9414181467534998
EVODIAMINE,0.19227349297000007,0.45929552468496093,0.9414181467534998
JNJ-38877618,0.21392259571202932,0.45864452407031675,0.9414181467534998
MICONAZOLE,-0.140298943299,0.46068886443421175,0.9426494458894413
ERYTHRITOL,-0.17285837529729997,0.46119354499008036,0.943073086351126
PIROMIDIC-ACID,0.3112110386467,0.46119354499008036,0.943073086351126
TC-A-2317,-0.5751548976756251,0.4778263184524385,0.9434211630689164
BERBERINE,-0.538606215228,0.4891256019508149,0.9434211630689164
TENOVIN-1,-0.514538390576232,0.5033465286943359,0.9434211630689164
PFI-1,-0.474185436425,0.46633118208220703,0.9434211630689164
BITOPERTIN,-0.3834940215835,0.47992869214595724,0.9434211630689164
JK-184,-0.36529598659500007,0.49973455755813356,0.9434211630689164
ACT-132577,-0.34290731811030395,0.487242831128208,0.9434211630689164
CAROVERIN,-0.2773570247559264,0.47728418703266917,0.9434211630689164
CAMOBUCOL,-0.264837555778423,0.49633094701839486,0.9434211630689164
SPERMINE,-0.2454742539695,0.5023349543605021,0.9434211630689164
AMINOPENTAMIDE,-0.2365587352637,0.4696827639345237,0.9434211630689164
ELACRIDAR,-0.2340423369545,0.49759801036112605,0.9434211630689164
MEPENZOLATE,-0.2223272165689,0.5023349543605021,0.9434211630689164
TELRATOLIMOD,-0.21452101027891698,0.46791293693219327,0.9434211630689164
CHLOROBUTANOL,-0.2137441671425,0.4871961078544069,0.9434211630689164
CERITINIB,-0.20991601356,0.48526277673854123,0.9434211630689164
CEP-32496,-0.20917702907300006,0.4896446707029952,0.9434211630689164
KU-60019,-0.1874925945925,0.47455928510066625,0.9434211630689164
GR-113808,-0.18712090181250002,0.466679468654148,0.9434211630689164
FLUMAZENIL,-0.18413544700592502,0.47673518994178576,0.9434211630689164
BQ-788,-0.17871224213897294,0.4778263184524385,0.9434211630689164
SKF-83566,-0.17360780446600002,0.4737184628304437,0.9434211630689164
PRIRALFINAMIDE,-0.17161483602105,0.48423388764504527,0.9434211630689164
ALISPORIVIR,-0.17138529795276503,0.46791293693219327,0.9434211630689164
BICALUTAMIDE,-0.16973033083500005,0.47953794450204035,0.9434211630689164
ICI-169369,-0.1695949704153541,0.4725857714705468,0.9434211630689164
MEGESTROL,-0.16757044792675102,0.491531572772977,0.9434211630689164
FLUDARABINE-PHOSPHATE,-0.161510310147,0.4895801897403518,0.9434211630689164
TCS2002,-0.160535725962,0.46910010316957884,0.9434211630689164
GLYCEROL-PHENYLBUTYRATE,-0.1571692136049565,0.487242831128208,0.9434211630689164
GM-1485,-0.152955643729963,0.491531572772977,0.9434211630689164
NIRIDAZOLE,-0.14191562929090001,0.46791293693219327,0.9434211630689164
PINCAINIDE,-0.1389356866244837,0.46383940943954416,0.9434211630689164
PIPERACILLIN,-0.13835384339105,0.46962574430976856,0.9434211630689164
APD597,-0.1382427925585059,0.500174770259174,0.9434211630689164
AZM-475271,-0.1372450152483704,0.47315564633979124,0.9434211630689164
ETHISTERONE,-0.13495954087499998,0.49718097613680146,0.9434211630689164
CEFAZOLIN,-0.1333452561075051,0.487242831128208,0.9434211630689164
RETIGABINE,-0.1322571492206,0.46910010316957884,0.9434211630689164
HTHQ,-0.1319660511298087,0.49198839955815443,0.9434211630689164
ETHAMBUTOL,-0.1313716139358,0.4937594095964418,0.9434211630689164
SB-239063,-0.13011699315250003,0.4946434440606353,0.9434211630689164
GINSENOSIDE-RE,-0.12831014185177145,0.5015534535343713,0.9434211630689164
STEMREGENIN-1,-0.12793499396450003,0.4696827639345237,0.9434211630689164
BEXAGLIFLOZIN,-0.12693290054745154,0.48252209147601066,0.9434211630689164
LABETALOL,-0.1267950613295,0.5019466730054053,0.9434211630689164
LETEPRINIM,-0.12244579679738,0.4990849599362448,0.9434211630689164
"1-((Z)-3-CHLOROALLYL)-1,3,5,7-TETRAAZAADAMANTAN-1-IUM",-0.12230315136755,0.47673518994178576,0.9434211630689164
TMC-353121,-0.11977957966700004,0.4937594095964418,0.9434211630689164
FRESELESTAT,-0.11795005017667598,0.4867572260591344,0.9434211630689164
PLINABULIN,-0.11680947441500011,0.48252209147601066,0.9434211630689164
AZD6738,-0.11497638142593991,0.49440099666694515,0.9434211630689164
TRANEXAMIC-ACID,-0.11357696494449998,0.48042622941539903,0.9434211630689164
BRL-37344,-0.1089291115019,0.47836171175565734,0.9434211630689164
SB-221284,-0.10821621151550001,0.4696091478969616,0.9434211630689164
TC-G-1004,-0.105431443698326,0.4685102058478573,0.9434211630689164
HYDRASTININE,-0.1012424199871,0.49288495370194785,0.9434211630689164
HEXYLRESORCINOL,-0.1008065173339,0.5023349543605021,0.9434211630689164
OLMESARTAN,-0.09918717824500001,0.49410787204914797,0.9434211630689164
CLEMASTINE,-0.09890743827819999,0.48353105922413797,0.9434211630689164
CDPPB,-0.09645576535220801,0.4805561790531706,0.9434211630689164
PHTPP,-0.09507187541995,0.48772235956190646,0.9434211630689164
CEFORANIDE,-0.09492461838463676,0.47166671762637236,0.9434211630689164
ITI214,-0.09435261259805439,0.46607454965765616,0.9434211630689164
HYCANTHONE,-0.09335439240099996,0.47836171175565734,0.9434211630689164
2-FLUORO-2-DEOXY-D-GALACTOSE,-0.0927146241934,0.48302972135594535,0.9434211630689164
RILUZOLE,-0.0925105582671,0.47953794450204035,0.9434211630689164
TAPINAROF,-0.09232190836697299,0.4867572260591344,0.9434211630689164
WHI-P154,-0.08645589480629999,0.47992869214595724,0.9434211630689164
"3,3'-DICHLOROBENZALDAZINE",-0.0822632205257,0.46468768720380627,0.9434211630689164
GW274150,-0.08147733981225042,0.4725857714705468,0.9434211630689164
CRESOPIRINE,-0.08111904751849999,0.4742743507673295,0.9434211630689164
PROTIRELIN,-0.0706279368405,0.5030138605265588,0.9434211630689164
PERFLUOROHEXYLOCTANE,-0.06742445059962371,0.491531572772977,0.9434211630689164
CGP-20712A,-0.06600150688883279,0.47166671762637236,0.9434211630689164
PF-04447943,-0.0659949491763,0.48166365977248626,0.9434211630689164
ALVIMOPAN,-0.0652122636305,0.47992869214595724,0.9434211630689164
LY456236,-0.06279490140999999,0.487242831128208,0.9434211630689164
BISACODYL,-0.06188507061699999,0.48819592443215465,0.9434211630689164
PROBENECID,-0.05984007670836,0.5027183899152012,0.9434211630689164
SAR405,-0.05827277014053241,0.500174770259174,0.9434211630689164
SALVIANOLIC-ACID-B,-0.055691818106400004,0.4999292641012727,0.9434211630689164
ELTOPRAZINE,-0.0533506232365,0.48526277673854123,0.9434211630689164
NEMIRALISIB,-0.053104647734380006,0.4778263184524385,0.9434211630689164
METOLAZONE,-0.05226989077200003,0.49718097613680146,0.9434211630689164
ACTARIT,-0.05193594692100001,0.4845449672060975,0.9434211630689164
PROPYPHENAZONE,-0.051166745843514994,0.4725857714705468,0.9434211630689164
ROBALZOTAN,-0.05032393515533751,0.46383940943954416,0.9434211630689164
EPZ005687,-0.04832587115449999,0.5030970697014527,0.9434211630689164
CACCINH-A01,-0.04745982866268715,0.47315564633979124,0.9434211630689164
PALMATINE-CHLORIDE,-0.0474069958875,0.48252209147601066,0.9434211630689164
SMER-28,-0.0469320890688081,0.4975959436269225,0.9434211630689164
DMP-543,-0.046782901604999996,0.49243949082791083,0.9434211630689164
AMG-208,-0.045907045414005,0.49973455755813356,0.9434211630689164
RV1729,-0.0438099600374814,0.46791293693219327,0.9434211630689164
R-1479,-0.0431493169044,0.47992869214595724,0.9434211630689164
METHACHOLINE,-0.042256968904800005,0.48353105922413797,0.9434211630689164
DOCUSATE,-0.040637568365660987,0.48252209147601066,0.9434211630689164
THIAMPHENICOL,-0.03875159751400001,0.46910010316957884,0.9434211630689164
PROXYPHYLLINE,-0.038317889093999996,0.4788904913680819,0.9434211630689164
SKI-II,-0.034971084531899996,0.47836171175565734,0.9434211630689164
NTNCB,-0.034471551207999995,0.47836171175565734,0.9434211630689164
ITE,-0.03387182331442701,0.4975959436269225,0.9434211630689164
TUBASTATIN-A,-0.0335297122144,0.48819592443215465,0.9434211630689164
A-317491,-0.03344673901678599,0.49440099666694515,0.9434211630689164
DPC-681,-0.03338671702166951,0.49188052520498904,0.9434211630689164
INDOXIMOD,-0.029799077089445007,0.49578909580949504,0.9434211630689164
CF102,-0.027969270004000013,0.48302972135594535,0.9434211630689164
OLEAMIDE,-0.027583144961300002,0.48302972135594535,0.9434211630689164
ALLOPURINOL,-0.025717446764000007,0.499509884139395,0.9434211630689164
TECALCET,-0.017488451014659998,0.4793373092927381,0.9434211630689164
A-804598,-0.016890913414056005,0.5015534535343713,0.9434211630689164
L-PHENYLISOPROPYLADENOSINE,-0.0164256757570909,0.4632658126218172,0.9434211630689164
LUMATEPERONE,-0.01564572433502548,0.48296120355457783,0.9434211630689164
OXFENDAZOLE,-0.014646438243999998,0.48402622101131454,0.9434211630689164
UNDECYLENIC-ACID,-0.013968628451095002,0.4778263184524385,0.9434211630689164
CEFMENOXIME,-0.012356259196000002,0.5019466730054053,0.9434211630689164
IDARUBICIN,-0.012295110475000204,0.4819330794848833,0.9434211630689164
CENOBAMATE,-0.009365178069703203,0.49633094701839486,0.9434211630689164
RO-9187,-0.008825215240000128,0.47992869214595724,0.9434211630689164
AVATROMBOPAG,-0.008200362675349994,0.4990849599362448,0.9434211630689164
N-METHYLFORMAMIDE,-0.006882572946862106,0.46791293693219327,0.9434211630689164
RS-23597-190,-0.004272738755700001,0.49243949082791083,0.9434211630689164
CIQ,-0.0006236369325945124,0.49188052520498904,0.9434211630689164
ASIVATREP,-0.0001236685576699991,0.48200805074328146,0.9434211630689164
AGN-195183,0.0009140371448011497,0.49440099666694515,0.9434211630689164
SB-218795,0.0018073996605000309,0.49973455755813356,0.9434211630689164
NICERITROL,0.0018765498522999996,0.4756160722893642,0.9434211630689164
RIBOFLAVIN,0.0025156478230999937,0.4788904913680819,0.9434211630689164
PF-5274857,0.0037104222086999997,0.493324892654728,0.9434211630689164
AC-261066,0.00572353495650265,0.49675865535116803,0.9434211630689164
GSK656,0.005855521001614988,0.48200805074328146,0.9434211630689164
GSK2830371,0.006575050551904993,0.487242831128208,0.9434211630689164
VU0357121,0.007663073939700005,0.4845153198261305,0.9434211630689164
TRETAZICAR,0.008922812331645505,0.47729567833956366,0.9434211630689164
FK-866,0.009399602989999867,0.48302972135594535,0.9434211630689164
LUCITANIB,0.014305714909499945,0.47455928510066625,0.9434211630689164
HYDROXYPROGESTERONE-ACETATE,0.015960066140600002,0.4950144476229773,0.9434211630689164
ZK-164015,0.01939800883999998,0.5019466730054053,0.9434211630689164
HEXAMETHONIUM,0.019448355149999985,0.46711615676592666,0.9434211630689164
BEMPEDOIC-ACID,0.02093600161715,0.4891574608945577,0.9434211630689164
5-FLUOROPYRIMIDINE,0.0220903507041861,0.4867572260591344,0.9434211630689164
MK-2894,0.0243698553898554,0.49198839955815443,0.9434211630689164
CHRYSOPHANIC-ACID,0.024420149211200004,0.5011552012755216,0.9434211630689164
Q-203,0.02658762229430163,0.48296120355457783,0.9434211630689164
HESPERIDIN,0.027295292564690002,0.49841661062744014,0.9434211630689164
ANASTROZOLE,0.027528923499999997,0.4742743507673295,0.9434211630689164
RESMETIROM,0.029815847799407096,0.5011552012755216,0.9434211630689164
GRISEOFULVIN,0.029935796291499978,0.4895801897403518,0.9434211630689164
AC-55541,0.03126515363910998,0.5033465286943359,0.9434211630689164
BTS-71321,0.031963419710257956,0.4632658126218172,0.9434211630689164
PREGNENOLONE,0.03270538112149998,0.4937594095964418,0.9434211630689164
KI16198,0.03496970111050002,0.46631197673878855,0.9434211630689164
OMBITASVIR,0.037562439019344404,0.46389012411081487,0.9434211630689164
ZOTEPINE,0.03763503794435,0.47992869214595724,0.9434211630689164
MATRINE,0.04020565279400001,0.48252209147601066,0.9434211630689164
SERTRALINE,0.04169665415936,0.48866363603009466,0.9434211630689164
L-778123,0.043332625402134894,0.500174770259174,0.9434211630689164
WDR5-0103,0.0454612562139444,0.5033465286943359,0.9434211630689164
STREPTOMYCIN,0.04713291089050001,0.4871961078544069,0.9434211630689164
CDBA,0.048322743279800004,0.46263367987881465,0.9434211630689164
BAM7,0.050220361888,0.470258319917253,0.9434211630689164
HEXAMETHYLENEBISACETAMIDE,0.0513470088096,0.4756160722893642,0.9434211630689164
LUTEOLIN,0.051421391873000016,0.46910010316957884,0.9434211630689164
PIBOSEROD,0.05273546894235,0.4744678786430989,0.9434211630689164
SU-11274,0.05335544838049999,0.46389012411081487,0.9434211630689164
SULFORAPHANE,0.053876370153189995,0.47082689972715697,0.9434211630689164
URIC-ACID,0.054576741777000004,0.46571754913301444,0.9434211630689164
VENETOCLAX,0.056346032198999974,0.49589774756899674,0.9434211630689164
SODIUM-MONOFLUOROPHOSPHATE,0.05737139696984997,0.46633118208220703,0.9434211630689164
PENTOXIFYLLINE,0.058001664056390005,0.475365844617367,0.9434211630689164
TAMINADENANT,0.0613700422800553,0.48200805074328146,0.9434211630689164
R-1485,0.06137023057593159,0.4975959436269225,0.9434211630689164
OMEPRAZOLE,0.063396000881,0.47482343682400485,0.9434211630689164
HC-067047,0.0670862033539325,0.4778263184524385,0.9434211630689164
HYDRALAZINE,0.0672428308519,0.4756160722893642,0.9434211630689164
ME-0328,0.06872497762481146,0.5033465286943359,0.9434211630689164
CYCLOPENTOLATE,0.06923344304550005,0.48819592443215465,0.9434211630689164
VASOPRESSIN,0.07049901272060001,0.4990849599362448,0.9434211630689164
IPIDACRINE,0.07199686382,0.49800985650623175,0.9434211630689164
GSK269962,0.07625544939288603,0.5033465286943359,0.9434211630689164
BENFOTIAMINE,0.076559015299,0.46633118208220703,0.9434211630689164
HEXESTROL,0.07809114767050002,0.487242831128208,0.9434211630689164
DIAVERIDINE,0.0795297793727,0.49288495370194785,0.9434211630689164
PYRIDOXAL-ISONICOTINOYL-HYDRAZONE,0.07979329969649002,0.48296120355457783,0.9434211630689164
ICARITIN,0.08016619882074999,0.49410787204914797,0.9434211630689164
IMMEPIP,0.0820307123785,0.4645067578791151,0.9434211630689164
PROPYLHEXEDRINE,0.08210211739091,0.49012556666174134,0.9434211630689164
TRANILAST,0.08410037580955,0.4946434440606353,0.9434211630689164
PICROTOXININ,0.08536938180400003,0.47315564633979124,0.9434211630689164
SNAP,0.08582959535250001,0.5031697082156874,0.9434211630689164
MABUTEROL,0.086807463517,0.4990849599362448,0.9434211630689164
RONIDAZOLE,0.0881758627403,0.4696827639345237,0.9434211630689164
TETRACAINE,0.0903362491224,0.47673518994178576,0.9434211630689164
ETONOGESTREL,0.09164708110327499,0.4946434440606353,0.9434211630689164
CIBENZOLINE,0.0926285514415,0.49012556666174134,0.9434211630689164
ANA-12,0.09278291377489051,0.47494772838448607,0.9434211630689164
CEFODIZIME,0.09281605120817502,0.49440099666694515,0.9434211630689164
TONABERSAT,0.094194586808,0.5023349543605021,0.9434211630689164
TRIAMTERENE,0.09868799396700001,0.46910010316957884,0.9434211630689164
MELOXICAM,0.100981938095,0.47988529537541624,0.9434211630689164
LP-533401,0.10138725184670784,0.49198839955815443,0.9434211630689164
AMG-PERK-44,0.10284703400403902,0.46937539845900866,0.9434211630689164
SALUBRINAL,0.103207842183,0.49198839955815443,0.9434211630689164
FPL-64176,0.10351520041685,0.47455928510066625,0.9434211630689164
ETAFENONE,0.10505254070339999,0.46481105071047235,0.9434211630689164
AMG-837,0.10679559783749998,0.49841661062744014,0.9434211630689164
AMPEROZIDE,0.10993161062120001,0.4651158539885196,0.9434211630689164
RS-0481,0.110820474058,0.4756160722893642,0.9434211630689164
GP1A,0.11157551395095,0.49690584756476797,0.9434211630689164
GONADORELIN,0.11261076538975001,0.4660754991627314,0.9434211630689164
WAY-255348,0.1133009552064638,0.48200805074328146,0.9434211630689164
VILOXAZINE,0.11334575155299997,0.475365844617367,0.9434211630689164
A-967079,0.11377384542295926,0.49440099666694515,0.9434211630689164
ML-365,0.1148373288622078,0.49188052520498904,0.9434211630689164
SULTOPRIDE,0.11686443515686251,0.47315564633979124,0.9434211630689164
NALTRINDOLE,0.11794023211017499,0.4845449672060975,0.9434211630689164
CBIPES,0.12175384069630388,0.4805561790531706,0.9434211630689164
ARMODAFINIL,0.12195462757600001,0.49759801036112605,0.9434211630689164
OXYBUPROCAINE,0.12360880971100002,0.46910010316957884,0.9434211630689164
NTZDPA,0.12601948908740002,0.49718097613680146,0.9434211630689164
PERILLYL-ALCOHOL,0.1271461001904,0.4847516756441288,0.9434211630689164
PIPOTIAZINE-PALMITATE,0.12758140624999997,0.49012556666174134,0.9434211630689164
HYDROXYSTILBAMIDINE,0.12768597083875,0.49106890062339426,0.9434211630689164
ACETYL-L-LEUCINE,0.128532613769,0.49243949082791083,0.9434211630689164
ALPRENOLOL,0.12974754383499998,0.4891256019508149,0.9434211630689164
CDK1-5-INHIBITOR,0.13076452192225,0.47953794450204035,0.9434211630689164
DOXERCALCIFEROL,0.131400412774,0.49781462137896726,0.9434211630689164
FISOGATINIB,0.13297308156718998,0.49633094701839486,0.9434211630689164
FENCLONINE-(+/-),0.13497345957950002,0.5019466730054053,0.9434211630689164
NIM811,0.1349745057397547,0.47728418703266917,0.9434211630689164
2-(1-ADAMANTYLAMINO)BENZOIC-ACID,0.1374127941224065,0.46937539845900866,0.9434211630689164
IROSUSTAT,0.13776108105525,0.46481105071047235,0.9434211630689164
ATOMOXETINE,0.13902342396150003,0.4696827639345237,0.9434211630689164
LYLAMINE,0.13976238865675497,0.4685102058478573,0.9434211630689164
PAVINETANT,0.14182214753191602,0.5011552012755216,0.9434211630689164
PHENFORMIN,0.14325886400269,0.46962574430976856,0.9434211630689164
BISINDOLYLMALEIMIDE-IX,0.14920425163200002,0.4645067578791151,0.9434211630689164
SUFENTANIL,0.1499418338524,0.494564126306022,0.9434211630689164
GAL-021,0.1501545946767793,0.5011552012755216,0.9434211630689164
PF-431396,0.15363917433461016,0.4805561790531706,0.9434211630689164
SSR-180711,0.1541302202375035,0.4805561790531706,0.9434211630689164
TRIPROLIDINE,0.155173864573,0.48819592443215465,0.9434211630689164
AMIODARONE,0.1557155000516,0.5027183899152012,0.9434211630689164
NEXTURASTAT-A,0.1574087552839,0.5019466730054053,0.9434211630689164
SR-57227A,0.15767173937169998,0.4896446707029952,0.9434211630689164
SONEPIPRAZOLE,0.1577779055701953,0.48200805074328146,0.9434211630689164
GSK1562590,0.162741162584883,0.46389012411081487,0.9434211630689164
CLONIXIN,0.16481609387759072,0.4867572260591344,0.9434211630689164
CD-1530,0.16557067190949998,0.4651158539885196,0.9434211630689164
METHOCARBAMOL,0.16571981434125,0.477814173251894,0.9434211630689164
ASAPIPRANT,0.1668465912938427,0.5011552012755216,0.9434211630689164
AKBA,0.1668644821122,0.48423388764504527,0.9434211630689164
DULOXETINE,0.1714881465137,0.4696091478969616,0.9434211630689164
FK-962,0.1744939574237,0.4756160722893642,0.9434211630689164
STRONTIUM-RANELATE,0.1752450742907659,0.46389012411081487,0.9434211630689164
LULICONAZOLE,0.17555771478730003,0.47941277868163523,0.9434211630689164
SCRIPTAID,0.188402238677,0.5019466730054053,0.9434211630689164
ANAGRELIDE,0.1913412249290745,0.4691791623612991,0.9434211630689164
PF-573228,0.1923499869645,0.49198839955815443,0.9434211630689164
CYCLIZINE,0.19242366948325,0.4895801897403518,0.9434211630689164
PAEONOL,0.21597186718900002,0.46389012411081487,0.9434211630689164
CC-223,0.22729733269714503,0.5015534535343713,0.9434211630689164
CEFACLOR,0.23460441338555,0.4651158539885196,0.9434211630689164
AZD7762,0.23809706496000027,0.494564126306022,0.9434211630689164
4-(4-FLUOROBENZOYL)-1-(4-PHENYLBUTYL)-PIPERIDINE,0.24022446689530003,0.49198839955815443,0.9434211630689164
DOLASTATIN-10,0.24111951295500056,0.4845449672060975,0.9434211630689164
ST-1535,0.24339452330689712,0.4867572260591344,0.9434211630689164
APATINIB,0.2469690747805,0.49781462137896726,0.9434211630689164
TPCA-1,0.2490398189725,0.5030970697014527,0.9434211630689164
MYRICITRIN,0.261502417636,0.5015534535343713,0.9434211630689164
R-428,0.2691091572478,0.47082689972715697,0.9434211630689164
NS-309,0.2826783492361095,0.487242831128208,0.9434211630689164
VE-821,0.2844084027977,0.49243949082791083,0.9434211630689164
GSK3117391,0.3197973175192099,0.4632658126218172,0.9434211630689164
PHA-767491,0.333440603717,0.4891256019508149,0.9434211630689164
EPOTHILONE-D,0.3414155806199999,0.4946434440606353,0.9434211630689164
AR-C155858,0.3577884194341885,0.49198839955815443,0.9434211630689164
CFI-400945,0.3685545988145651,0.487242831128208,0.9434211630689164
CRENOLANIB,0.5182459182449999,0.49249002062150693,0.9434211630689164
R306465,0.6000815841950002,0.47200870514849025,0.9434211630689164
GNF-7,0.8405887243832453,0.47315564633979124,0.9434211630689164
GEFITINIB,-0.38635299889865005,0.5048533530676411,0.9435777230536758
AMINOCAPROIC-ACID,-0.233453352143,0.5067364354908552,0.9435777230536758
TEBIPENEM,-0.1716980486929,0.5067364354908552,0.9435777230536758
NIFEDIPINE,-0.16515266581809201,0.5063726455831452,0.9435777230536758
RETAPAMULIN,-0.16437493881499998,0.5074503519278724,0.9435777230536758
GSK3179106,-0.1464291744766535,0.5060041843776271,0.9435777230536758
JNJ-27141491,-0.13908405833072102,0.5063726455831452,0.9435777230536758
ERGONOVINE,-0.1352716797815,0.507095642280284,0.9435777230536758
MEPTAZINOL,-0.11470607993750004,0.5048533530676411,0.9435777230536758
NUCLOMEDONE,-0.051678842435200004,0.5048698566236999,0.9435777230536758
MDL-27531,-0.03940035934394634,0.5063726455831452,0.9435777230536758
AZILSARTAN-MEDOXOMIL,-0.0292773815408982,0.505630961420757,0.9435777230536758
NITROCARAMIPHEN,-0.016129967097299996,0.5064492709293292,0.9435777230536758
DAPIPRAZOLE,-0.007631193102999999,0.5040885592101257,0.9435777230536758
SRPIN340,0.0007393102964999981,0.507095642280284,0.9435777230536758
CEFOSELIS,0.0013094982840000102,0.507095642280284,0.9435777230536758
MERBARONE,0.009679912578999972,0.505630961420757,0.9435777230536758
CGP-13501,0.0535144854267,0.5074503519278724,0.9435777230536758
RIFAXIMIN,0.07847969808299998,0.5067364354908552,0.9435777230536758
SAL003,0.13241052778700002,0.5067364354908552,0.9435777230536758
PROGLUMIDE,0.1359539436815,0.5048533530676411,0.9435777230536758
AFAMELANOTIDE,0.1556368591997323,0.5060041843776271,0.9435777230536758
HEMIN,0.16568830767486034,0.5063726455831452,0.9435777230536758
3-AMINO-BENZAMIDE,0.2038390434537,0.5044817818286278,0.9435777230536758
BI-78D3,0.31577098814499993,0.5048533530676411,0.9435777230536758
FLI-06,0.4761022934775,0.507095642280284,0.9435777230536758
BELINOSTAT,0.8323822567699999,0.5074503519278724,0.9435777230536758
CINOXATE,0.045205695193499984,0.5091185003602807,0.9461243216372724
VERINURAD,0.08012920121355,0.5091185003602807,0.9461243216372724
CARZENIDE,-0.21752824732229997,0.5118799273370487,0.9466292321839525
1-AZAKENPAULLONE,-0.15569030975562,0.5115501141977237,0.9466292321839525
MANDELIC-ACID,-0.1150935361486594,0.5112160794284285,0.9466292321839525
ETHAMIVAN,-0.0906604277039,0.5118799273370487,0.9466292321839525
BROMPERIDOL,-0.0698218915578,0.5118799273370487,0.9466292321839525
ROGARATINIB,-0.062905591164718,0.5108777415185843,0.9466292321839525
VONOPRAZAN,-0.058636398283000005,0.5115501141977237,0.9466292321839525
GSK256066,-0.051521420963499986,0.5105350168474843,0.9466292321839525
XL-147,-0.031380373426799994,0.5122055983129399,0.9466292321839525
ALPHA-METHYLHISTAMINE-DIHYDROBROMIDE-(R)-(-),-0.017514408473200002,0.5125272046115104,0.9466292321839525
PINDOLOL,-0.0015457685863500062,0.5125272046115104,0.9466292321839525
JNJ-47965567,0.00030307723460698544,0.5112160794284285,0.9466292321839525
ACECLOFENAC,0.021201150734500004,0.5118799273370487,0.9466292321839525
ISOXICAM,0.04347862145595,0.5112160794284285,0.9466292321839525
GADOBUTROL,0.049690655002299994,0.5122055983129399,0.9466292321839525
NU-6027,0.0529014397711,0.5125272046115104,0.9466292321839525
FURAMIDINE,0.059936131949680505,0.5112160794284285,0.9466292321839525
ROSIPTOR,0.07132997454290599,0.5108777415185843,0.9466292321839525
MIVEBRESIB,0.08153010995069021,0.5108777415185843,0.9466292321839525
FENRETINIDE,0.09462022494787,0.5098360617733748,0.9466292321839525
GW-441756,0.20619005302900006,0.5115501141977237,0.9466292321839525
KPT-9274,-1.02315558802941,0.5209750465597924,0.9468295384053503
MPI-0479605,-0.532124028884,0.5194157837823647,0.9468295384053503
LATANOPROST,-0.37901669521000003,0.5195526295554878,0.9468295384053503
EPITIOSTANOL,-0.317160066926,0.5203739918780015,0.9468295384053503
INX-08189,-0.2643892758493585,0.5160835994648635,0.9468295384053503
MECARBINATE,-0.23085815755334999,0.5209750465597924,0.9468295384053503
CYCLOPIAZONIC-ACID,-0.19898937299039998,0.5209750465597924,0.9468295384053503
MSDC-0602K,-0.1977995921329084,0.5206979405465377,0.9468295384053503
VALBENAZINE,-0.186888456123955,0.5157757142612183,0.9468295384053503
BAICALEIN,-0.17629808017919998,0.5151732587380204,0.9468295384053503
GSK2816126,-0.1622656854537,0.5151732587380204,0.9468295384053503
MACOZINONE,-0.12671880002548,0.5206979405465377,0.9468295384053503
TRIDIHEXETHYL,-0.12371267850039999,0.5172765937859758,0.9468295384053503
PP-1,-0.12354050761700003,0.5201093150143574,0.9468295384053503
LMI070,-0.11760210411001015,0.5208066791140081,0.9468295384053503
OSTHOL,-0.11635488588739998,0.5160835994648635,0.9468295384053503
AEG3482,-0.11386566434765,0.5166876593915,0.9468295384053503
DIADENOSINE-TETRAPHOSPHATE,-0.11369450587999999,0.5215186849570123,0.9468295384053503
CEFTIBUTEN,-0.10976388318420001,0.5166876593915,0.9468295384053503
LORNOXICAM,-0.08621165039849998,0.5215186849570123,0.9468295384053503
ADIPORON,-0.0742295434848,0.5166876593915,0.9468295384053503
PICOLAMINE,-0.05911196839356501,0.5166876593915,0.9468295384053503
GO-6983,-0.05895763276650001,0.5220486676958015,0.9468295384053503
2-OCTYLDODECAN-1-OL,-0.04794005722785,0.5194157837823647,0.9468295384053503
MACELIGNAN,-0.03245832539613766,0.5208066791140081,0.9468295384053503
PPT,-0.030231222870449995,0.5203739918780015,0.9468295384053503
SOLCITINIB,-0.026278216099832025,0.5149521641815902,0.9468295384053503
ETHYNODIOL-DIACETATE,-0.009152826002499975,0.5166876593915,0.9468295384053503
PIPENZOLATE,-0.001689474073999997,0.5166876593915,0.9468295384053503
ICARIIN,0.017854577727,0.5160835994648635,0.9468295384053503
NDT-9513727,0.022609622782354698,0.5209750465597924,0.9468295384053503
FENOPROFEN,0.026137572629000017,0.5145033270234591,0.9468295384053503
AZOMYCIN-(2-NITROIMIDAZOLE),0.029068520807399995,0.5169839815691263,0.9468295384053503
SURITOZOLE,0.030434443956000007,0.5148277121984441,0.9468295384053503
MEBROFENIN,0.03509264804699999,0.5141746097208543,0.9468295384053503
QUININE,0.0405178046795,0.5163875562859724,0.9468295384053503
TIABENDAZOLE,0.040789270660500004,0.5220486676958015,0.9468295384053503
MONOMETHYL-FUMARATE,0.0412194170539485,0.5206979405465377,0.9468295384053503
BU-224,0.05192648213199999,0.5212486054797194,0.9468295384053503
"L-732,138",0.059746946412135994,0.5151732587380204,0.9468295384053503
FOSINOPRIL,0.07153260928550004,0.5220486676958015,0.9468295384053503
AVN-492,0.07771644236219699,0.5206979405465377,0.9468295384053503
AZ3146,0.07813276392999996,0.521785350933511,0.9468295384053503
ICI-63197,0.08538011699600001,0.5151732587380204,0.9468295384053503
KETOCONAZOLE,0.08777617337405,0.5154638240678018,0.9468295384053503
RP-001,0.09147008129023301,0.5160835994648635,0.9468295384053503
ENOXACIN,0.094115144775285,0.5203739918780015,0.9468295384053503
PIPEMIDIC-ACID,0.10414637285080501,0.5154638240678018,0.9468295384053503
DAA-1106,0.10438836337534488,0.5208066791140081,0.9468295384053503
UB-165,0.10785639846190001,0.5203739918780015,0.9468295384053503
CLOTRIMAZOLE,0.10908582268481,0.5169839815691263,0.9468295384053503
DIFLOXACIN,0.1222138702672,0.5212486054797194,0.9468295384053503
VALETHAMATE,0.13493730996345,0.5198446366220677,0.9468295384053503
BD-1008,0.1365298702564,0.5151732587380204,0.9468295384053503
IMIPRAMINE,0.14117161574394999,0.5204172180247155,0.9468295384053503
MPS1-IN-1,0.1450126371594545,0.5160835994648635,0.9468295384053503
AMI-1,0.1461929197205226,0.5160835994648635,0.9468295384053503
CILOFEXOR,0.15469139639164942,0.5206979405465377,0.9468295384053503
MOTAPIZONE,0.1663154903309467,0.5206979405465377,0.9468295384053503
SKLB1002,0.1834532220685,0.5212486054797194,0.9468295384053503
EMETINE,0.18545561540499955,0.5215186849570123,0.9468295384053503
MK-1903,0.2056203049427372,0.5209750465597924,0.9468295384053503
DEFOROLIMUS,0.236372973215,0.5145033270234591,0.9468295384053503
PD-0325901,-0.5929338332769999,0.5256016530133278,0.9476599018188281
TAK-285,-0.38855708209599993,0.5246273820177696,0.9476599018188281
TALTOBULIN,-0.27110734547999993,0.5266095523906147,0.9476599018188281
INARIGIVIR-SOPROXIL,-0.143621609215973,0.5256442547038525,0.9476599018188281
CPI-360,-0.0972787330992492,0.5236229265741053,0.9476599018188281
NSC-663284,-0.09663303074000029,0.5256016530133278,0.9476599018188281
SORBITOL,-0.08806755369040001,0.5261331020768241,0.9476599018188281
TOLOXATONE,-0.07157630093365,0.5248866598533981,0.9476599018188281
ATENOLOL-(+),-0.05732432171989975,0.525890258063104,0.9476599018188281
D609,-0.015730923203268098,0.525890258063104,0.9476599018188281
TC2559,-0.010323387132399997,0.5256016530133278,0.9476599018188281
LOXAPINE,-0.0026409918385,0.5253950299521122,0.9476599018188281
ML-179,0.013472917902422457,0.5266952897616923,0.9476599018188281
EPRODISATE,0.039590538785400003,0.5248866598533981,0.9476599018188281
AZD4635,0.0597642950036417,0.5256442547038525,0.9476599018188281
ORMELOXIFENE,0.0911988890581336,0.5256442547038525,0.9476599018188281
ISTRADEFYLLINE,0.09156708748200001,0.5268432750682864,0.9476599018188281
ASCOMYCIN,0.0978744055664852,0.525890258063104,0.9476599018188281
CLOMIFENE,0.11657996398039999,0.5256016530133278,0.9476599018188281
PANOBINOSTAT,0.15671697013499974,0.525890258063104,0.9476599018188281
C-1,0.1609241930721,0.5268432750682864,0.9476599018188281
SUCROSE-OCTAACETATE,0.16707487892550002,0.5253950299521122,0.9476599018188281
AM-251,0.17927429622199997,0.5261331020768241,0.9476599018188281
SELAMECTIN,0.2831540055502,0.5268432750682864,0.9476599018188281
ALBENDAZOLE,0.29488149975,0.5268432750682864,0.9476599018188281
AZAPROPAZONE,0.31502381957199005,0.525890258063104,0.9476599018188281
APTO-253,0.3208163733103242,0.5236229265741053,0.9476599018188281
TANNIC-ACID,0.3284027790284058,0.525890258063104,0.9476599018188281
FLUVASTATIN,0.5926133792700001,0.5246273820177696,0.9476599018188281
ISOBUTYRAMIDE,0.015053415142800064,0.5275507260106894,0.9486631528745002
CEFOTETAN,0.052952355628299995,0.5281451058237828,0.9494625632922871
PHENIRAMINE,-0.19965271008750007,0.5302538092829607,0.9503547233304253
NVP-TAE226,-0.12110907365000001,0.5297274018758257,0.9503547233304253
NELFINAVIR,-0.0911478240953,0.5308560423636737,0.9503547233304253
NORELGESTROMIN,-0.0258443095263,0.5299536027995607,0.9503547233304253
SX-011,-0.006487092290399996,0.5310408829592924,0.9503547233304253
TRIFLUPROMAZINE,0.013828558258000001,0.5310408829592924,0.9503547233304253
SU3327,0.05720210505000001,0.5310408829592924,0.9503547233304253
4-PYRIMIDINECARBONITRILE,0.06277100093100008,0.5297274018758257,0.9503547233304253
FLUOROMETHYLCHOLINE,0.12304055183600003,0.5308560423636737,0.9503547233304253
BIBR-1532,0.12631386704714997,0.5308560423636737,0.9503547233304253
AFN-1252,0.13943375675449998,0.5294981483048331,0.9503547233304253
LEVOCARNITINE,0.156161261635,0.5303766251141215,0.9503547233304253
CINCHONIDINE,0.209145149248,0.5308290678179344,0.9503547233304253
XL228,0.2801263899597548,0.5295718451282437,0.9503547233304253
NVP-AUY922,0.29284578016999996,0.5308290678179344,0.9503547233304253
LDN193189,0.9106729475766544,0.5308290678179344,0.9503547233304253
NANCHANGMYCIN,0.06681715826999968,0.5312499859948482,0.9504605198332449
2-METHYL-5-HYDROXYTRYPTAMINE,0.0637759037465,0.5316602614704732,0.9506577530864527
SAR131675,0.09755905587115,0.5316602614704732,0.9506577530864527
TC-MPS1-12,-0.15754472287346988,0.5326177102903361,0.9512960626014262
KL-001,-0.06811196772031279,0.5326177102903361,0.9512960626014262
RO-1138452,-0.03473658519727206,0.5326177102903361,0.9512960626014262
TCS-2314,0.02059110663231646,0.5326177102903361,0.9512960626014262
FIRSOCOSTAT,-0.43424822013307995,0.5356084659601257,0.9513874453859208
BAY-11-7082,-0.16900138082000016,0.5357913061722199,0.9513874453859208
IOVERSOL,-0.1582873410153,0.5348525025991211,0.9513874453859208
RIFAMYCIN-SV,-0.1231539478475,0.5346571111325338,0.9513874453859208
CP-471474,-0.0743157332425931,0.5357913061722199,0.9513874453859208
PAOPA,-0.07233743076336269,0.5357913061722199,0.9513874453859208
KRN-633,-0.06773384236499999,0.5359717816045032,0.9513874453859208
SULFAMERAZINE,-0.05622405947600001,0.5357913061722199,0.9513874453859208
BC-11,-0.0233672367795452,0.5357913061722199,0.9513874453859208
EXAMORELIN,0.0048058953782000036,0.5350452824786325,0.9513874453859208
LANABECESTAT,0.012655312409438693,0.5356084659601257,0.9513874453859208
RETAGLIPTIN,0.0384141764038059,0.5356084659601257,0.9513874453859208
HPGDS-IN-1,0.0556399522767596,0.5356084659601257,0.9513874453859208
PI-828,0.06240320813450004,0.5334472631525882,0.9513874453859208
DIPHENCYPRONE,0.06379706859675001,0.5350452824786325,0.9513874453859208
TERLIPRESSIN,0.0780546693948,0.5350452824786325,0.9513874453859208
AVIBACTAM,0.10025352702095,0.5350452824786325,0.9513874453859208
DOTMP,0.1072741821190546,0.5356084659601257,0.9513874453859208
FEDRATINIB,0.1431117127578,0.5348525025991211,0.9513874453859208
PIRENZEPINE,0.1646422455761,0.5359717816045032,0.9513874453859208
AMOXICILLIN,0.16981828695035,0.5359284395977262,0.9513874453859208
GENZ-644282,0.36050673261499977,0.5354232141771383,0.9513874453859208
MRS-1845,-0.08581302151558501,0.5361369556676955,0.9514141383551348
DANUSERTIB,-0.5307276198499999,0.5400024936754755,0.9519947532878991
TRIFLURIDINE,-0.47761404204550006,0.5414908159515547,0.9519947532878991
NU-7026,-0.3233884350145,0.5413607378934222,0.9519947532878991
MECHLORETHAMINE,-0.3034969087200001,0.5414908159515547,0.9519947532878991
ELACYTARABINE,-0.24443113919344994,0.5406260137626864,0.9519947532878991
ALVESPIMYCIN,-0.24131466246000022,0.5414441841999248,0.9519947532878991
PSI-6130,-0.18013695283040002,0.5409256280972561,0.9519947532878991
PILSICAINIDE,-0.17745107586699999,0.5414571459253374,0.9519947532878991
NAFTOPIDIL,-0.16881264977789998,0.5414441841999248,0.9519947532878991
SC-12267,-0.0877861642432,0.5412175605871121,0.9519947532878991
RO-04-5595,-0.08438559647349997,0.5407767999911044,0.9519947532878991
CABOZANTINIB,-0.07084716413935,0.5404732305034303,0.9519947532878991
PF-03814735,-0.059383970014999954,0.5412175605871121,0.9519947532878991
FUROSEMIDE,-0.054863550074253004,0.5414441841999248,0.9519947532878991
3-MPPI,-0.0035474199667999973,0.5413607378934222,0.9519947532878991
O-ACETYL-L-SERINE,0.003631463656364,0.5385736476783674,0.9519947532878991
DEFACTINIB,0.010155953756549999,0.5404732305034303,0.9519947532878991
ABIRATERONE,0.015462750264000014,0.5414441841999248,0.9519947532878991
IOCETAMIC-ACID,0.0199052047449,0.5413607378934222,0.9519947532878991
TETOMILAST,0.0281666497901099,0.5406260137626864,0.9519947532878991
TESTOLACTONE,0.03726989122549998,0.5401615120336245,0.9519947532878991
VALGANCICLOVIR,0.04310863446749996,0.5413607378934222,0.9519947532878991
SPARTEINE-(-),0.048661488858683905,0.5407767999911044,0.9519947532878991
SU9516,0.05827996303967403,0.5407767999911044,0.9519947532878991
MN-64,0.0664068428439362,0.5415718929466429,0.9519947532878991
DIDANOSINE,0.07830153600900003,0.5414908159515547,0.9519947532878991
TOLMETIN,0.089303386427,0.5410725359852844,0.9519947532878991
2-BFI,0.10289697951155,0.5413607378934222,0.9519947532878991
DICLOFENAMIDE,0.10672737396342999,0.5412175605871121,0.9519947532878991
MK-2295,0.10801041008614998,0.5401615120336245,0.9519947532878991
VALNEMULIN,0.14652978848099998,0.5404732305034303,0.9519947532878991
CHLORQUINALDOL,0.16382385139635,0.5404732305034303,0.9519947532878991
SB-683698,0.18104025440505,0.5413607378934222,0.9519947532878991
BROMISOVAL,0.30227748447273806,0.5407767999911044,0.9519947532878991
NMS-E973,-0.7311600670100002,0.5609669762431742,0.9523716469907618
CEP-40783,-0.5299883671980399,0.5609282449205251,0.9523716469907618
TAK-733,-0.5170740090349999,0.5521367298365443,0.9523716469907618
BLU9931,-0.41460925819099437,0.5609477460844791,0.9523716469907618
WZ-4002,-0.36671467491770005,0.5467775147889009,0.9523716469907618
MG-624,-0.32582656164581253,0.5457853726702033,0.9523716469907618
VORELOXIN,-0.2799895358865001,0.5511487987058736,0.9523716469907618
PI-103,-0.2673043304849998,0.5610230958208164,0.9523716469907618
DEOXYCORTICOSTERONE-ACETATE,-0.2593429780313,0.5527013409957046,0.9523716469907618
OSELTAMIVIR-PHOSPHATE,-0.22056345857749998,0.5559744910853841,0.9523716469907618
ONX-0914,-0.2009186984000002,0.5559744910853841,0.9523716469907618
MTPG,-0.18257182397750005,0.5467775147889009,0.9523716469907618
DIHYDROERGOCRISTINE,-0.17686530646469997,0.5511487987058736,0.9523716469907618
ADELMIDROL,-0.16678278597880547,0.5457853726702033,0.9523716469907618
VAL-TYR,-0.1589495991078639,0.545666950870898,0.9523716469907618
SULFACHLORPYRIDAZINE,-0.1456993723153,0.5609859409854712,0.9523716469907618
OXYPHENONIUM,-0.13541591955638002,0.5509849875850934,0.9523716469907618
SODIUM-TANSHINONE-II-A-SULFONATE,-0.134092085738,0.5503763650241896,0.9523716469907618
DEOXYEPINEPHRINE,-0.1337568597095,0.5509849875850934,0.9523716469907618
ACAMPROSATE,-0.13187560418685002,0.5470818666635979,0.9523716469907618
SIMEPREVIR,-0.1159316532974,0.557521607338773,0.9523716469907618
ACOLBIFENE,-0.11303319419336681,0.5507310937384069,0.9523716469907618
EFONIDIPINE-MONOETHANOLATE,-0.104242728226,0.5508168441497217,0.9523716469907618
MIRTAZAPINE,-0.103892435533,0.5559231048961097,0.9523716469907618
POLYMYXIN-B-SULFATE,-0.09991070677006364,0.5558710309294272,0.9523716469907618
RIODIPINE,-0.09510720673228,0.5555433383463153,0.9523716469907618
AMPYRONE,-0.08956658071796335,0.5508168441497217,0.9523716469907618
SR-2211,-0.08806809707801,0.5457853726702033,0.9523716469907618
SIB-1757,-0.0869932873599999,0.5509014680797357,0.9523716469907618
MASITINIB,-0.08689728280100001,0.556025203031458,0.9523716469907618
AMPA-(S),-0.085615848695,0.5560752539158047,0.9523716469907618
MOFEGILINE,-0.084380634985046,0.5598228332883144,0.9523716469907618
AC260584,-0.081818292384285,0.5609282449205251,0.9523716469907618
PHA-793887,-0.07987347321500016,0.5560752539158047,0.9523716469907618
CRESOL,-0.07476509913122,0.5460176103475842,0.9523716469907618
LASOFOXIFENE,-0.07472119389216397,0.5507310937384069,0.9523716469907618
PARSACLISIB,-0.06532172524021299,0.5507310937384069,0.9523716469907618
EPETRABOROLE,-0.06043845691418599,0.5558182552865162,0.9523716469907618
GAMMA-LINOLENIC-ACID,-0.0576395436999,0.5509849875850934,0.9523716469907618
RESVERATROL,-0.0575359975178,0.5608680571128786,0.9523716469907618
NIKETHAMIDE,-0.056886021817615,0.5610230958208164,0.9523716469907618
TINIDAZOLE,-0.055450802330849994,0.5509849875850934,0.9523716469907618
ID-1101,-0.05312504726957219,0.5598228332883144,0.9523716469907618
"2-ETHYL-1,3-HEXANEDIOL",-0.051744492514573005,0.5470818666635979,0.9523716469907618
UNC0638,-0.049771435360499994,0.5502846299426118,0.9523716469907618
MONOSTEARIN,-0.04976097315689999,0.5609084670049864,0.9523716469907618
SRT2104,-0.037694698765800005,0.5502846299426118,0.9523716469907618
LY2452473,-0.037057284109,0.5608264670706353,0.9523716469907618
BT-11,-0.035237428286526984,0.545666950870898,0.9523716469907618
CIS-ACPD,-0.033366173858850004,0.5610230958208164,0.9523716469907618
ZSTK-474,-0.028252205718000023,0.5508168441497217,0.9523716469907618
CYM-5541,-0.02767304726409025,0.5609477460844791,0.9523716469907618
PARTHENOLIDE-(-),-0.019982135093095,0.5457853726702033,0.9523716469907618
OMAPATRILAT,-0.012919317616104986,0.5558182552865162,0.9523716469907618
POCAPAVIR,-0.009679314866323008,0.5609282449205251,0.9523716469907618
ROPIVACAINE,-0.0089953705182,0.5560752539158047,0.9523716469907618
CGP-25454A,-0.004978092990366001,0.5507310937384069,0.9523716469907618
IODIXANOL,-0.004752941196499938,0.5553092084631286,0.9523716469907618
AMZ30,-0.0019365107514225498,0.5558710309294272,0.9523716469907618
ZD-7288,-0.0013905102649999918,0.5461314855696306,0.9523716469907618
MOZAVAPTAN,0.0,0.5521367298365443,0.9523716469907618
RIPASUDIL,0.0014816178476499964,0.5506441941977689,0.9523716469907618
3-INDOLEBUTYRIC-ACID,0.0026021268689999932,0.5610230958208164,0.9523716469907618
AM679,0.008547134249713498,0.5566395236454462,0.9523716469907618
AMANTADINE,0.0100244408661,0.551067424150243,0.9523716469907618
LY2886721,0.01049522504,0.551067424150243,0.9523716469907618
4-PHENOLSULFONIC-ACID,0.0124929142795,0.545546952884789,0.9523716469907618
KUROMANIN,0.014564264374689051,0.553706163614416,0.9523716469907618
FLUPIRTINE,0.01595729983854066,0.5598228332883144,0.9523716469907618
CGK-733,0.019091632733500008,0.5559744910853841,0.9523716469907618
MOXIDECTIN,0.027373696655299998,0.5609669762431742,0.9523716469907618
SM-164,0.03216298169923304,0.5609477460844791,0.9523716469907618
ESAPRAZOLE,0.03276688893205001,0.5504668540589885,0.9523716469907618
DIQUAFOSOL,0.0332479239158608,0.5609282449205251,0.9523716469907618
TACRINE,0.035471984988,0.5555998445082801,0.9523716469907618
RESMINOSTAT,0.03609948907000016,0.5521367298365443,0.9523716469907618
HSR6071,0.042210323183764595,0.5558182552865162,0.9523716469907618
CYCLOPHOSPHAMIDE,0.04304498714049998,0.5460176103475842,0.9523716469907618
GPR120-MODULATOR-1,0.046047104452489995,0.5598228332883144,0.9523716469907618
PBT-1033,0.04851820883311697,0.5609282449205251,0.9523716469907618
SODIUM-PICOSULFATE,0.0499180465052,0.5610230958208164,0.9523716469907618
CHLORTHALIDONE,0.05413551156919999,0.5610230958208164,0.9523716469907618
BASMISANIL,0.05676053289316,0.5507310937384069,0.9523716469907618
NVP-BVU972,0.05949244567010001,0.5511487987058736,0.9523716469907618
N6022,0.060355109530000006,0.5557647636915858,0.9523716469907618
7-HYDROXY-DPAT,0.065636807256,0.5609669762431742,0.9523716469907618
CHLOROQUINE,0.0669894974368,0.5609669762431742,0.9523716469907618
JNJ-7777120,0.06719459789776001,0.5610230958208164,0.9523716469907618
MOTOLIMOD,0.0688901178799455,0.5598228332883144,0.9523716469907618
FLORIFENINE,0.0742617926019214,0.5609282449205251,0.9523716469907618
POSACONAZOLE,0.0755297811919,0.5467775147889009,0.9523716469907618
XYLOSE,0.07553443495200002,0.5583489828932278,0.9523716469907618
NI-57,0.07682927646372348,0.544562801748077,0.9523716469907618
1-HEXADECANOL,0.07916421316985,0.5527013409957046,0.9523716469907618
L-701252,0.083520302278,0.5459022491426423,0.9523716469907618
A-803467,0.085070401359915,0.5558710309294272,0.9523716469907618
NMS-1286937,0.08507291539499962,0.545546952884789,0.9523716469907618
NEPICASTAT,0.08603557472869999,0.5457853726702033,0.9523716469907618
TRV130,0.0863816080717,0.5504668540589885,0.9523716469907618
CHOLECALCIFEROL,0.08723183709849999,0.5527013409957046,0.9523716469907618
ROSTAFUROXINE,0.09179882333008,0.5509014680797357,0.9523716469907618
L-365260,0.0959165397083,0.5504668540589885,0.9523716469907618
NEOHESPERIDIN-DIHYDROCHALCONE,0.10280711156149999,0.5558710309294272,0.9523716469907618
DAPRODUSTAT,0.10561213832650002,0.5608264670706353,0.9523716469907618
CPI-169,0.10595669464243893,0.5508168441497217,0.9523716469907618
PHENYLACETYLGLUTAMINE,0.1116097860625,0.5521367298365443,0.9523716469907618
LINSITINIB,0.11216881434950002,0.545546952884789,0.9523716469907618
O-1918,0.11867836811149998,0.5459022491426423,0.9523716469907618
CYCLANDELATE,0.12321539628935,0.5559744910853841,0.9523716469907618
2-ETHOXYBENZOIC-ACID,0.1289445322930975,0.5505848651992709,0.9523716469907618
FR-180204,0.129353355033,0.5558710309294272,0.9523716469907618
ANTIMONYL,0.1307589709893195,0.5609477460844791,0.9523716469907618
DR-2313,0.1362655136500504,0.5457853726702033,0.9523716469907618
GSK429286A,0.14610738430042,0.5509014680797357,0.9523716469907618
BP-554,0.1488524523039,0.5560752539158047,0.9523716469907618
TAK-659,0.15670387727813795,0.5507310937384069,0.9523716469907618
ALMOTRIPTAN,0.17087282094850004,0.5457853726702033,0.9523716469907618
AMINOPHYLLINE,0.17089141872749997,0.5610230958208164,0.9523716469907618
NVP-TAE684,0.17601378458500005,0.5558710309294272,0.9523716469907618
SECLAZONE,0.17737452052666705,0.5476224084481918,0.9523716469907618
CARBENDAZIM,0.1865128544817075,0.5504668540589885,0.9523716469907618
GZD824,0.19026592989599997,0.5609859409854712,0.9523716469907618
ZOFENOPRIL-CALCIUM,0.20406692727145004,0.5467775147889009,0.9523716469907618
SEVOFLURANE,0.2086159896435,0.5583489828932278,0.9523716469907618
A-674563,0.2651378288949999,0.5559744910853841,0.9523716469907618
AT-7519,0.2973713661300006,0.5506441941977689,0.9523716469907618
PF-562271,0.34505491078500006,0.5511487987058736,0.9523716469907618
UPROSERTIB,0.45033252145000024,0.5609669762431742,0.9523716469907618
SODIUM-STIBOGLUCONATE,-0.005483036473500014,0.5613279810094456,0.9526340159766623
JNJ-64619178,-0.40856717294950995,0.5660608685469561,0.9528791237928518
FLT3-IN-1,-0.26375067245956996,0.5660467992821104,0.9528791237928518
SBI-115,-0.14577911827222012,0.5660608685469561,0.9528791237928518
AFLOQUALONE,-0.1391871656188,0.5660055726825083,0.9528791237928518
TALIPEXOLE,-0.10228280780749999,0.5660191541874677,0.9528791237928518
ZIMELIDINE,-0.09883757096750001,0.5629319209073564,0.9528791237928518
BIO-5192,-0.08148992229746616,0.5627264556524916,0.9528791237928518
SULFAGUANIDINE,-0.073828057994,0.5660328954523328,0.9528791237928518
RS-56812,-0.06392258147909999,0.5660328954523328,0.9528791237928518
TRIMETHOQUINOL,-0.05959093092525,0.5661338016537931,0.9528791237928518
A12B4C3,-0.03825590387057601,0.5660467992821104,0.9528791237928518
CVT-10216,-0.0287511270477117,0.5627264556524916,0.9528791237928518
HYODEOXYCHOLIC-ACID,-0.026917900326000013,0.5660608685469561,0.9528791237928518
TC-F-2,-0.023709773833308995,0.5627264556524916,0.9528791237928518
SC-10,0.002572256179499993,0.5660191541874677,0.9528791237928518
2-TEDC,0.015869928324500016,0.5660467992821104,0.9528791237928518
OZENOXACIN,0.02218179957384947,0.5660467992821104,0.9528791237928518
GSK2636771,0.04774436726735,0.5629319209073564,0.9528791237928518
TRAP-101,0.0481813469127,0.5660751061840416,0.9528791237928518
METHYLNALTREXONE,0.05992355727499998,0.5629319209073564,0.9528791237928518
MGCD-265,0.06255004187650001,0.5660191541874677,0.9528791237928518
EDONERPIC-MALEATE,0.06495364167650014,0.5660467992821104,0.9528791237928518
FOSPHENYTOIN,0.06687871306155,0.5661040986703525,0.9528791237928518
NALIDIXIC-ACID,0.09119110981150003,0.5660467992821104,0.9528791237928518
CARISOPRODOL,0.099583701956,0.5660328954523328,0.9528791237928518
LETERMOVIR,0.10764621144900002,0.5659921481957874,0.9528791237928518
D-3263,0.10910269774104597,0.5660608685469561,0.9528791237928518
COPPER-HISTIDINE,0.160721699442,0.5660191541874677,0.9528791237928518
PDD-00017273,0.2260722750963663,0.5660608685469561,0.9528791237928518
FIDARESTAT,0.2704696038018,0.5659921481957874,0.9528791237928518
PIK-293,0.289246172633,0.5660055726825083,0.9528791237928518
EVACETRAPIB,-0.29872685582886,0.5670575993296085,0.9541805647774109
TROPISETRON,-0.136139471071845,0.571167996799165,0.9564340839800165
AK-7,-0.13197386797537597,0.5688453327799069,0.9564340839800165
CLAMIKALANT,-0.130204657166498,0.571167996799165,0.9564340839800165
ASTILBIN,-0.098303577669963,0.5712159285916698,0.9564340839800165
PYRAZOLANTHRONE,-0.08177027301900001,0.5710739443750281,0.9564340839800165
SUCCINYLSULFATHIAZOLE,-0.07264316532440002,0.5710739443750281,0.9564340839800165
CCG-1423,-0.06653576485003998,0.571167996799165,0.9564340839800165
TENOFOVIR,-0.05221025016803,0.5697277187517622,0.9564340839800165
ALX-40-4C,-0.003580606532166894,0.5712159285916698,0.9564340839800165
AZD3514,-0.0032114274874999738,0.571264479700862,0.9564340839800165
DIBENZEPINE,0.005158088744900008,0.571264479700862,0.9564340839800165
RKI-1447,0.03305483898785,0.5710739443750281,0.9564340839800165
IEM1460,0.03649991839900002,0.5711206725519634,0.9564340839800165
AMIFOSTINE,0.06535354755117295,0.571167996799165,0.9564340839800165
CENTPROPAZINE,0.07512865634119,0.570982231758304,0.9564340839800165
GKA-50,0.1170988570463708,0.571167996799165,0.9564340839800165
CIS-ACONITIC-ACID,0.12271694124487645,0.571167996799165,0.9564340839800165
SKF-86002,0.16547338712499998,0.571167996799165,0.9564340839800165
DORAMAPIMOD,0.16622506758709998,0.570982231758304,0.9564340839800165
HLCL-61,-0.012429483091437848,0.5721535793843087,0.9574167500814269
DINOPROSTONE,0.0767659075156353,0.5721535793843087,0.9574167500814269
CROLIBULIN,-1.069841809626415,0.5763111415404842,0.9576832356076426
CFI-402257,-0.5615297867469999,0.5763932240188653,0.9576832356076426
CCT129202,-0.4861052020700001,0.5762301142852168,0.9576832356076426
AMPALEX,-0.1470917465813,0.5738279289097358,0.9576832356076426
EMAMECTIN,-0.13803758803749,0.5763932240188653,0.9576832356076426
PHTHALYLSULFACETAMIDE,-0.11636987550809999,0.5763111415404842,0.9576832356076426
S-17092,-0.09090675151799602,0.5763932240188653,0.9576832356076426
PF-04136309,-0.07495397165999995,0.5759931641848227,0.9576832356076426
TS-011,-0.063822021270872,0.5763111415404842,0.9576832356076426
ISO-1,-0.06184515643741324,0.5763111415404842,0.9576832356076426
N6-CYCLOPENTYLADENOSINE,-0.016627252264050013,0.5738279289097358,0.9576832356076426
CUTAMESINE,0.008677618932500006,0.5762301142852168,0.9576832356076426
CELIPROLOL,0.011735113465649982,0.5763111415404842,0.9576832356076426
FEBUPROL,0.024587458161554998,0.5763932240188653,0.9576832356076426
TC-S-7009,0.0249225730095205,0.5749958196245426,0.9576832356076426
AMINOMETHYLTRANSFERASE,0.0303011482523,0.5762301142852168,0.9576832356076426
"CHROMANOL-293B-(-)-[3R,4S]",0.03302809559050002,0.5763111415404842,0.9576832356076426
PINAVERIUM,0.04160323384712,0.5760711450676406,0.9576832356076426
CID-16020046,0.04603279939680811,0.5749958196245426,0.9576832356076426
TRIMETHOBENZAMIDE,0.06402858296950001,0.5761501220305789,0.9576832356076426
MOROXYDINE,0.078327191022,0.5763932240188653,0.9576832356076426
AZIMILIDE,0.081917300783,0.5762301142852168,0.9576832356076426
AMINOLEVULINIC-ACID-BENZYL-ESTER,0.08641995006565001,0.5738279289097358,0.9576832356076426
BRL-44408,0.1209275237779817,0.5763111415404842,0.9576832356076426
LY344864,0.1527867001199,0.5763111415404842,0.9576832356076426
GSK2881078,0.192035683814807,0.5763932240188653,0.9576832356076426
AVN-944,0.259426029877265,0.5738279289097358,0.9576832356076426
EGLUMETAD,-0.04503455546899998,0.5767325295495889,0.9579958164497364
SELINEXOR,-1.0673958104099999,0.5810247601275594,0.9584763675232748
CC-115,-0.4379104667824052,0.5783669694806239,0.9584763675232748
LY2801653,-0.33481217247999995,0.5793131488603738,0.9584763675232748
2-METHYLIMIDAZOLE,-0.2956585195774821,0.5814760330581465,0.9584763675232748
EMD-66684,-0.2472156234255,0.5793131488603738,0.9584763675232748
FEBUXOSTAT,-0.2342267509125,0.5793131488603738,0.9584763675232748
PAMIPARIB,-0.20698316261480998,0.5815925503509674,0.9584763675232748
ATRACTYLENOLIDE-I,-0.1862452495896784,0.5815925503509674,0.9584763675232748
DECLOPRAMIDE,-0.1548342687507025,0.5815925503509674,0.9584763675232748
HOMATROPINE,-0.12074580322530001,0.5812474944533386,0.9584763675232748
L-THEANINE,-0.1141722106095,0.5793131488603738,0.9584763675232748
DEAZAGUANINE,-0.1091873743065329,0.5815925503509674,0.9584763675232748
AFOBAZOLE,-0.10532172625649999,0.5813610241286322,0.9584763675232748
PSB-1115,-0.0734364602425,0.5817106058852004,0.9584763675232748
IXABEPILONE,-0.05884770806000006,0.5813610241286322,0.9584763675232748
CLOZAPINE,-0.04924845287599999,0.5817106058852004,0.9584763675232748
SACUBITRIL,-0.002398219421499981,0.5810247601275594,0.9584763675232748
CENTAZOLONE,0.0035559427043755434,0.5783669694806239,0.9584763675232748
CGP-53353,0.007026172203999995,0.5814760330581465,0.9584763675232748
R-96544,0.012041709955500024,0.5793131488603738,0.9584763675232748
N-ALPHA-METHYLHISTAMINE-DIHYDROCHLORIDE,0.013582243389399992,0.5810247601275594,0.9584763675232748
E-2012,0.029478301162999987,0.5793131488603738,0.9584763675232748
OLODANRIGAN,0.0347192505064807,0.5814760330581465,0.9584763675232748
SB-772077B,0.0678105211648535,0.5811775738668514,0.9584763675232748
D-DELTA-TOCOPHEROL,0.07170536876325,0.5817106058852004,0.9584763675232748
2-HYDROXYETHYL-SALICYLATE,0.0846382778232,0.5817106058852004,0.9584763675232748
PALIPERIDONE,0.09784412839315998,0.5792456769241303,0.9584763675232748
DBPR-211,0.1001699689708514,0.5815925503509674,0.9584763675232748
CEBRANOPADOL,0.1580486792685,0.5810247601275594,0.9584763675232748
CIPAMFYLLINE,0.163517372996426,0.5815925503509674,0.9584763675232748
AS-2444697,0.16592229111528248,0.5814760330581465,0.9584763675232748
TERODILINE,0.04901360779079999,0.5819514551898812,0.958577162212682
GEMCITABINE,0.15867016792,0.5820743127969702,0.958577162212682
PENCICLOVIR,0.1567128727755,0.5823446619160725,0.9587732196835935
BI-2536,-0.5860164076950001,0.5848228559634207,0.9609193464728305
MK-0773,-0.2057916240751,0.5869669378084943,0.9609193464728305
TIRAPAZAMINE,-0.1831194683372,0.5860768312321065,0.9609193464728305
BMY-7378,-0.17417947378399998,0.5865132023115713,0.9609193464728305
BLEBBISTATIN-(-),-0.156862066894,0.5860768312321065,0.9609193464728305
TROSPIUM,-0.1140032449233,0.5869669378084943,0.9609193464728305
PSI-7976,-0.059505384716999954,0.5869669378084943,0.9609193464728305
CARIPORIDE,-0.03670998830585,0.5848228559634207,0.9609193464728305
PHA-568487,-0.02577810157447575,0.5866624675715545,0.9609193464728305
TIMOLOL,-0.017601114747999996,0.5865132023115713,0.9609193464728305
ARC-239,-0.016949123273970003,0.5865132023115713,0.9609193464728305
ST-91,-0.016045152813499997,0.5863658657781197,0.9609193464728305
BROMHEXINE,-0.009360456777000009,0.5866624675715545,0.9609193464728305
METAZOSIN,0.0014981306890999857,0.5872795938887215,0.9609193464728305
MY-5445,0.0036527269542000057,0.5863658657781197,0.9609193464728305
DMP-777,0.009019957721000005,0.5874390955082445,0.9609193464728305
CITARINOSTAT,0.015562536245695008,0.5868136996893941,0.9609193464728305
FORMESTANE,0.01722254647650001,0.5860768312321065,0.9609193464728305
SEMAGACESTAT,0.029738299581999972,0.5862204208194463,0.9609193464728305
DMH1,0.046545593926499984,0.5860768312321065,0.9609193464728305
XBD173,0.0644639116517,0.5874390955082445,0.9609193464728305
ACITRETIN,0.0741135695692,0.587000375432575,0.9609193464728305
WAY-200070,0.0768924794775,0.5848228559634207,0.9609193464728305
BUTYLATED-HYDROXYTOLUENE,0.08305712813925001,0.5860768312321065,0.9609193464728305
FENOFIBRATE,0.3260328501006,0.5874390955082445,0.9609193464728305
EFINACONAZOLE,0.012131791646499995,0.58760077052053,0.9609357633002834
IODOPHENPROPIT,-0.010539473130000004,0.5879043184823132,0.9611841244123888
BREFELDIN-A,-0.2478921599849997,0.5903568022810533,0.9625268948922732
MF-101,-0.18290557369535,0.5911491861557744,0.9625268948922732
2-IMINOBIOTIN,-0.07145019378050002,0.59282664837692,0.9625268948922732
LOBENZARIT,-0.048488616803385,0.5911491861557744,0.9625268948922732
DEHYDROCHOLATE,-0.04674961730450006,0.5915050369949164,0.9625268948922732
UK-383367,-0.04466161232350002,0.5903568022810533,0.9625268948922732
VBY-825,-0.039009204042053304,0.591870237988369,0.9625268948922732
OLVANIL,-0.0289423258999,0.5916864458364636,0.9625268948922732
CGH2466,-0.002188717331500001,0.591870237988369,0.9625268948922732
GSK2256294A,0.003513256785806468,0.5908880146497506,0.9625268948922732
5-OCTANOYLSALICYLIC-ACID,0.006579981104173498,0.592056460736207,0.9625268948922732
FONDAPARINUX,0.020822086576508102,0.592056460736207,0.9625268948922732
TYRPHOSTIN-AG-1296,0.03393356801900001,0.5916864458364636,0.9625268948922732
ADRAFINIL,0.0374179545723,0.5916864458364636,0.9625268948922732
RS-127445,0.04274162487899999,0.5911491861557744,0.9625268948922732
VX-765,0.06107201521320001,0.5911491861557744,0.9625268948922732
FERULIC-ACID,0.0612719551518,0.5926302045574687,0.9625268948922732
PK-11195,0.0649378290919,0.5922451626249775,0.9625268948922732
ASIATIC-ACID,0.0824963454697,0.5902520202020766,0.9625268948922732
EVATANEPAG,0.0926898803625,0.5926302045574687,0.9625268948922732
OTILONIUM,0.108131802084,0.59282664837692,0.9625268948922732
ALENDRONATE,0.15339087477115,0.5928113515579596,0.9625268948922732
TRAXOPRODIL,0.16208620672299998,0.5922451626249775,0.9625268948922732
GILTERITINIB,0.16930449531140002,0.5926302045574687,0.9625268948922732
TEDIZOLID,0.1944819642369,0.5911491861557744,0.9625268948922732
KU-0063794,0.25521900233999995,0.5903568022810533,0.9625268948922732
BGP-15,0.2748197938620851,0.592056460736207,0.9625268948922732
MOXAVERINE,-0.1154894459859,0.5930257789820835,0.9626035761807028
ELACESTRANT,-0.5031856971042306,0.5973206188166373,0.9628585993430786
CH55,-0.5003160211578175,0.6076194445229615,0.9628585993430786
TMS,-0.34495422591,0.6119495292798212,0.9628585993430786
S-TRITYL-L-CYSTEINE,-0.3139365440521851,0.6076194445229615,0.9628585993430786
THONZONIUM,-0.260417507231,0.6076194445229615,0.9628585993430786
ETOSALAMIDE,-0.2337080514368,0.6122656316758441,0.9628585993430786
SARAFLOXACIN,-0.22575284606650003,0.6129104221750593,0.9628585993430786
ISPINESIB,-0.2147769450899999,0.5966648059692717,0.9628585993430786
VERUBULIN,-0.186040081061,0.598003058922669,0.9628585993430786
CENERIMOD,-0.17512802699586205,0.6076194445229615,0.9628585993430786
MEMANTINE,-0.17420355730799997,0.6023489417356622,0.9628585993430786
LITRONESIB,-0.16353061050250006,0.6039440630932877,0.9628585993430786
ETACRYNIC-ACID,-0.15978476314836,0.6073304905310825,0.9628585993430786
ONCRASIN-1,-0.15252360972134998,0.6129104221750593,0.9628585993430786
SECURININE,-0.1500173163055,0.6070453131582259,0.9628585993430786
SESAMIN,-0.14449034882714,0.6104004582962399,0.9628585993430786
MEVASTATIN,-0.13498839735550006,0.5986485565443008,0.9628585993430786
LODOXAMIDE,-0.1312633864824,0.6073304905310825,0.9628585993430786
QUINAPRIL,-0.12272017843699998,0.6067638388617578,0.9628585993430786
BAY-60-7550,-0.12083479085739746,0.6023489417356622,0.9628585993430786
AT-9283,-0.11838819621000063,0.5959147356483887,0.9628585993430786
CP-93129,-0.10969249561484,0.6125859016634871,0.9628585993430786
PHYTOSPHINGOSINE,-0.10634065991149999,0.6071015339214388,0.9628585993430786
ZOLPIDEM,-0.10299686548914999,0.5959147356483887,0.9628585993430786
FAVIPIRAVIR,-0.10239248236000001,0.6073304905310825,0.9628585993430786
BIX-01294,-0.09926912058910001,0.6125859016634871,0.9628585993430786
RITANSERIN,-0.0950423791728,0.6127298736425008,0.9628585993430786
TAMIBAROTENE,-0.091137229338,0.5964518512284896,0.9628585993430786
SUN-11602,-0.08936868575219606,0.6129104221750593,0.9628585993430786
AMBROXOL,-0.08731447283365,0.606485995995792,0.9628585993430786
NICLOSAMIDE,-0.08705230184250001,0.6122656316758441,0.9628585993430786
BUSERELIN,-0.085978280640894,0.6132392783570562,0.9628585993430786
AMG-337,-0.08455135574475,0.609436851318996,0.9628585993430786
DIMETHINDENE-(S)-(+),-0.08093689479028235,0.5959147356483887,0.9628585993430786
1-OCTANOL,-0.07627849575699999,0.6045116929426031,0.9628585993430786
BENDAZOL,-0.073980902091281,0.6026059559024894,0.9628585993430786
BUTENAFINE,-0.0737617611827,0.6028664111562514,0.9628585993430786
NS-5806,-0.07183860085008603,0.5970991339262872,0.9628585993430786
1-NAPHTHYL-PP1,-0.07108118044000022,0.6071015339214388,0.9628585993430786
BAY1125976,-0.068853834598682,0.6132392783570562,0.9628585993430786
SYM-2206,-0.0638921140712,0.5968805484998663,0.9628585993430786
CC-930,-0.060099835966800005,0.6014963997039647,0.9628585993430786
PROGUANIL,-0.057242692078999985,0.606485995995792,0.9628585993430786
CYM-50260,-0.054825062032179905,0.5936334809793652,0.9628585993430786
PROPOFOL,-0.05294720506049999,0.6122656316758441,0.9628585993430786
UNC0224,-0.0509497874686,0.609436851318996,0.9628585993430786
REYNOUTRIN,-0.0477774158423893,0.6076194445229615,0.9628585993430786
PARTHENOLIDE,-0.0460928506696,0.6116375136858123,0.9628585993430786
LY311727,-0.045660235042628006,0.6132392783570562,0.9628585993430786
LYPRESSIN,-0.044418366709513796,0.6035323056862999,0.9628585993430786
NVP-TNKS656,-0.04312587102995452,0.6023489417356622,0.9628585993430786
STRYCHNINE,-0.04192294744150005,0.6018449674634234,0.9628585993430786
METHYLBENACTYZIUM-BROMIDE,-0.03986516659707201,0.6132392783570562,0.9628585993430786
WIN-64338,-0.03885747058,0.6125859016634871,0.9628585993430786
ARGIRELINE,-0.0377778937756263,0.6026059559024894,0.9628585993430786
ATOVAQUONE,-0.035618021023999996,0.6014963997039647,0.9628585993430786
TICLOPIDINE,-0.034898816246999975,0.6073304905310825,0.9628585993430786
CL-225385,-0.030622837065400005,0.6088145675292664,0.9628585993430786
JZL-195,-0.030162173810528742,0.6125428970648443,0.9628585993430786
EVP-6124,-0.025718254426499998,0.6015978771170285,0.9628585993430786
DIOSCIN,-0.025653602700600006,0.6023489417356622,0.9628585993430786
L-VALINE,-0.024720819241000003,0.5966648059692717,0.9628585993430786
ABT-202,-0.024448051857499986,0.6014963997039647,0.9628585993430786
CPI-0610,-0.0243392680421524,0.6125428970648443,0.9628585993430786
PEROSPIRONE,-0.018036971314999983,0.6014963997039647,0.9628585993430786
TC-G-1005,-0.014479559810778503,0.6023489417356622,0.9628585993430786
ZOXAZOLAMINE,-0.008263234210600004,0.6070453131582259,0.9628585993430786
DELIVERT,-0.003940129395999997,0.6014963997039647,0.9628585993430786
OLEOYLETHANOLAMIDE,-0.0032795778827999916,0.6119495292798212,0.9628585993430786
OPICAPONE,-0.001146209872927,0.598003058922669,0.9628585993430786
NN-DNJ,-0.0005174683448170014,0.6079122506364153,0.9628585993430786
AMD-3465,0.00048002784569945584,0.6076194445229615,0.9628585993430786
SKF-89976A,0.005685491576000012,0.6073304905310825,0.9628585993430786
AMTHAMINE,0.007119530677499986,0.606485995995792,0.9628585993430786
OMEGA-3-ACID-ESTERS,0.01225038494166053,0.6035323056862999,0.9628585993430786
DIPERODON,0.014060573213299999,0.6125859016634871,0.9628585993430786
ERTUGLIFLOZIN,0.014677366993799998,0.6119495292798212,0.9628585993430786
BEMEGRIDE,0.01625541500899999,0.5968805484998663,0.9628585993430786
BIMU-8,0.020560687066343536,0.6125428970648443,0.9628585993430786
7-NITROINDAZOLE,0.02266631157115001,0.6116375136858123,0.9628585993430786
OXALIPLATIN,0.023872265944999915,0.5986485565443008,0.9628585993430786
RITODRINE,0.025070024556400006,0.6067638388617578,0.9628585993430786
CEFIXIME,0.025681607576549997,0.5959147356483887,0.9628585993430786
PF-05175157,0.026178831012809593,0.5973206188166373,0.9628585993430786
CAREBASTINE,0.03045270861405,0.6127298736425008,0.9628585993430786
TOMEGLOVIR,0.031079029739355002,0.6026059559024894,0.9628585993430786
ADENOSINE-PHOSPHATE,0.0321781564522,0.5966648059692717,0.9628585993430786
AF38469,0.033451759672221526,0.5971949409706593,0.9628585993430786
GLUTAMINE-(L),0.033630939314400005,0.5986485565443008,0.9628585993430786
PERAMPANEL,0.03672312408449996,0.6116375136858123,0.9628585993430786
CHLORPHENOXAMINE,0.037013621863180704,0.5973206188166373,0.9628585993430786
PI3K-IN-2,0.03718081344449997,0.6088145675292664,0.9628585993430786
CU-CPT-4A,0.03907981980419665,0.5970991339262872,0.9628585993430786
L-ASPARTIC-ACID,0.040136384693249996,0.6070453131582259,0.9628585993430786
ORY-1001,0.04384449575224697,0.6035323056862999,0.9628585993430786
TIGECYCLINE,0.05380013091900371,0.5973206188166373,0.9628585993430786
GR-144053,0.05837743124299996,0.6014963997039647,0.9628585993430786
HA-966-(S)-(-),0.061862820284399975,0.606485995995792,0.9628585993430786
MLN1117,0.06506134521217355,0.6098997271167916,0.9628585993430786
BENSERAZIDE,0.06790217559949996,0.5970991339262872,0.9628585993430786
CRT0044876,0.07160239445309999,0.6125859016634871,0.9628585993430786
SIB-1553A,0.0734594077664,0.598003058922669,0.9628585993430786
BMS-833923,0.0782643822782,0.6091235787096644,0.9628585993430786
CARFILZOMIB,0.08193510140000004,0.5982367383421676,0.9628585993430786
NICOTINYL-ALCOHOL-TARTRATE,0.08314007651300001,0.6125859016634871,0.9628585993430786
PNU-177864,0.085773716145676,0.6023489417356622,0.9628585993430786
MONOBENZONE,0.09229950379000001,0.5959147356483887,0.9628585993430786
SULFAPHENAZOLE,0.101176685849,0.6073304905310825,0.9628585993430786
NE-100,0.1054805406233,0.609436851318996,0.9628585993430786
CHROMANOL-(+/-),0.10907146576799998,0.6023489417356622,0.9628585993430786
RGB-286638,0.11126469993750998,0.6035323056862999,0.9628585993430786
PHENOTHIAZINE,0.11693474029599998,0.5975450612499258,0.9628585993430786
CINOXACIN,0.12107280357499997,0.6125859016634871,0.9628585993430786
THZ2,0.12490073912135546,0.5971949409706593,0.9628585993430786
MIDAFOTEL,0.13402067203650003,0.5934323241330814,0.9628585993430786
NPS-2407,0.13778560167529258,0.6132392783570562,0.9628585993430786
TAZEMETOSTAT,0.1526498491305,0.6045116929426031,0.9628585993430786
LENVATINIB,0.159202440399,0.5975450612499258,0.9628585993430786
KPT-185,0.16216033144999997,0.606485995995792,0.9628585993430786
SULFATINIB,0.16767007531385203,0.5970991339262872,0.9628585993430786
ACETANILIDE,0.179063923924,0.6073304905310825,0.9628585993430786
NEMAZOLINE,0.179707512696174,0.6026059559024894,0.9628585993430786
VU10010,0.18695847315366798,0.5970991339262872,0.9628585993430786
VEDAPROFEN,0.23479521982749002,0.6079122506364153,0.9628585993430786
KI-16425,0.282356028282,0.6127298736425008,0.9628585993430786
CHLORZOXAZONE,0.29175896850449995,0.5966648059692717,0.9628585993430786
A-887826,0.322858923076376,0.5970991339262872,0.9628585993430786
VISOMITIN,0.3488269825343142,0.6076194445229615,0.9628585993430786
DIPHENYLENEIODONIUM,0.3568606981375,0.6014963997039647,0.9628585993430786
OLDA,0.367601268869,0.6125859016634871,0.9628585993430786
MAYTANSINOL-ISOBUTYRATE,0.4620282039899999,0.6020953009143318,0.9628585993430786
CYC065,0.4835230798534802,0.6132392783570562,0.9628585993430786
DAZOXIBEN,-0.07575026862064999,0.6135725576445209,0.9628963384726467
DICOUMAROL,-0.06803295305500001,0.6137191590801673,0.9628963384726467
FAROPENEM,0.0037800312523849997,0.6135725576445209,0.9628963384726467
DROMOSTANOLONE-PROPIONATE,-0.1292923404345,0.6149517390719481,0.9645913788363701
BALOFLOXACIN,-0.3260032062565,0.6203261045112547,0.9657008274247388
OLUMACOSTAT-GLASARETIL,-0.32092363226487497,0.6293424638177235,0.9657008274247388
RIGOSERTIB,-0.3057775397300002,0.6175057086032192,0.9657008274247388
BIRINAPANT,-0.231308208855,0.6276228564968811,0.9657008274247388
OXYMATRINE,-0.1871526608481,0.6235529056747605,0.9657008274247388
ISOQUERCITRIN,-0.1724471078466282,0.6347501117197584,0.9657008274247388
AMIFAMPRIDINE,-0.15242582434259,0.6231565101859307,0.9657008274247388
CNQX,-0.145967793396,0.6297514179895016,0.9657008274247388
CARBENOXOLONE,-0.1443109749375,0.6258390615152689,0.9657008274247388
FIPRONIL,-0.12684786692515,0.6297514179895016,0.9657008274247388
CYSTEAMINE,-0.12319971373389714,0.6342745679132988,0.9657008274247388
PASIREOTIDE,-0.11315767583542,0.6219981891406875,0.9657008274247388
L-QUISQUALIC-ACID,-0.11218391096480002,0.6219981891406875,0.9657008274247388
TREQUINSIN,-0.10604595844985001,0.6235529056747605,0.9657008274247388
KAF-156,-0.1011585965917904,0.6347501117197584,0.9657008274247388
FILGOTINIB,-0.09678644834599999,0.6223792526313361,0.9657008274247388
"4,4-PENTAMETHYLENEPIPERIDINE",-0.0959719611762,0.6342745679132988,0.9657008274247388
MORACIZINE,-0.08766250247179999,0.635469851721818,0.9657008274247388
BMS-626531,-0.08558435107248069,0.6347501117197584,0.9657008274247388
AMYLENE-HYDRATE,-0.08496104347635,0.6163145451833789,0.9657008274247388
COT-INHIBITOR-2,-0.084636330502597,0.6342745679132988,0.9657008274247388
SIRREAL-2,-0.08251513222053106,0.6252951570911807,0.9657008274247388
CYCLOPENTHIAZIDE,-0.07987467717099994,0.6272069263720121,0.9657008274247388
OTENZEPAD,-0.07690040161799999,0.6231565101859307,0.9657008274247388
RETINALDEHYDE,-0.07437565491349998,0.635469851721818,0.9657008274247388
PIMONIDAZOLE,-0.068130268414625,0.635469851721818,0.9657008274247388
TOLIMIDONE,-0.0659802514491,0.6324343115413209,0.9657008274247388
GAMMA-AMINOBUTYRIC-ACID,-0.0659284735265,0.6189568921911119,0.9657008274247388
ECTOINE-ZWITTERION,-0.06428205183676303,0.6252951570911807,0.9657008274247388
CATHEPSIN-INHIBITOR-1,-0.0627867458826,0.6338053391739633,0.9657008274247388
N-(P-AMYLCINNAMOYL)-ANTHRANILIC-ACID,-0.05904274951735719,0.6347501117197584,0.9657008274247388
BGT226,-0.058466739265000456,0.6168083143497354,0.9657008274247388
ALOE-EMODIN,-0.05644030219400001,0.6276228564968811,0.9657008274247388
KETOPROFEN,-0.05338196196600001,0.6251927441123806,0.9657008274247388
TITANOCENE-DICHLORIDE,-0.052087439234,0.6251927441123806,0.9657008274247388
PD-102807,-0.05022806056750001,0.6183811501109914,0.9657008274247388
OBIDOXIME,-0.049751080059,0.6256413234553235,0.9657008274247388
SB-206553,-0.048586151472999994,0.6324343115413209,0.9657008274247388
NS-11394,-0.0469563206622807,0.6293424638177235,0.9657008274247388
PANIPENEM,-0.0463236588680561,0.623954617749909,0.9657008274247388
DC-260126,-0.04590657071721185,0.6342745679132988,0.9657008274247388
VU0364770,-0.04219208661149998,0.6272069263720121,0.9657008274247388
DSR-6434,-0.04065308685231303,0.6182216513843621,0.9657008274247388
PF-06412562,-0.04021779996595801,0.623954617749909,0.9657008274247388
ACETOPHENAZINE,-0.04021055271999996,0.6200976780842392,0.9657008274247388
VARENICLINE,-0.0392994380413,0.6189568921911119,0.9657008274247388
ENDO-IWR-1,-0.03723315731400001,0.6168083143497354,0.9657008274247388
CHLORPYRIFOS,-0.03655270557700001,0.6273732617565682,0.9657008274247388
AMRINONE,-0.03476940030799999,0.6189568921911119,0.9657008274247388
ACENEURAMIC-ACID,-0.03261620641110001,0.6338053391739633,0.9657008274247388
RUCAPARIB,-0.03109498903070001,0.6289039554284047,0.9657008274247388
HECLIN,-0.029011406206997707,0.6342745679132988,0.9657008274247388
LEUPROLIDE,-0.0271818524932,0.6197122214274366,0.9657008274247388
AMITIFADINE,-0.026372190730399994,0.6328853309489826,0.9657008274247388
PKI-166,-0.02069535401430797,0.6227231794084472,0.9657008274247388
LASALOCID,-0.02030047147900002,0.6223792526313361,0.9657008274247388
BRUCINE,-0.016284681953800006,0.6178613155113395,0.9657008274247388
ROLAPITANT,-0.0160648127219724,0.6293424638177235,0.9657008274247388
WIKI4,-0.01281393324785493,0.6317139142847432,0.9657008274247388
NITROFURAZONE,-0.010800495871999993,0.6256168281566891,0.9657008274247388
PELITINIB,-0.010409555244000002,0.6256168281566891,0.9657008274247388
DICLOFENSINE,-0.008948707179899998,0.6324343115413209,0.9657008274247388
UFENAMATE,-0.007976810689350002,0.6306940656155711,0.9657008274247388
BUTAPROST,-0.0038360983798070014,0.6293424638177235,0.9657008274247388
MISONIDAZOLE,-0.0014895711558999963,0.6251927441123806,0.9657008274247388
STREPTOZOTOCIN,-0.0014698695479999913,0.6227653265162957,0.9657008274247388
TAZAROTENE,-0.0008403873829950005,0.6240550905082243,0.9657008274247388
GSK690693,-0.0008103885915999864,0.6291784131128779,0.9657008274247388
FOSFLUCONAZOLE,0.0025578398495477994,0.6347501117197584,0.9657008274247388
J147,0.004798167208221002,0.6235529056747605,0.9657008274247388
BET-BAY-002,0.004964054090192516,0.6227231794084472,0.9657008274247388
DIXYRAZINE,0.0078523844230092,0.6289039554284047,0.9657008274247388
AMOROLFINE,0.012865836886000015,0.6178613155113395,0.9657008274247388
GW-1929,0.014345561361450002,0.6324343115413209,0.9657008274247388
GSK1838705A,0.014496985342035001,0.6333423006990662,0.9657008274247388
GSK2879552,0.014508902019175485,0.6162968167703928,0.9657008274247388
ARGLABIN,0.017576021386000007,0.635469851721818,0.9657008274247388
OGLUFANIDE,0.018069371247939003,0.6342745679132988,0.9657008274247388
RGX-104,0.0213956840777188,0.6185868111250521,0.9657008274247388
E-64,0.023217005858650004,0.6260467969674903,0.9657008274247388
DAPAGLIFLOZIN,0.02410677884500001,0.6240550905082243,0.9657008274247388
CINNARAZINE,0.025342768254999926,0.6231565101859307,0.9657008274247388
CEFPIRAMIDE,0.03191073920750001,0.6316264497795587,0.9657008274247388
ETILEFRINE,0.034590283889,0.6324343115413209,0.9657008274247388
DIZOCILPINE-(-),0.035401251794600005,0.6338053391739633,0.9657008274247388
O6-BENZYLGUANINE,0.0373706273786,0.6284712607359153,0.9657008274247388
IBUTILIDE,0.03763173459750002,0.6272069263720121,0.9657008274247388
GALLAMINE-TRIETHIODIDE,0.038347046506649995,0.6222536412610016,0.9657008274247388
TROVENTOL,0.038650551571900005,0.635469851721818,0.9657008274247388
OMEPRAZOLE-SULFIDE,0.04076556626065,0.6240550905082243,0.9657008274247388
THIOPERAMIDE,0.04511215972349309,0.6219981891406875,0.9657008274247388
XL888,0.04668515962999997,0.6231565101859307,0.9657008274247388
L-161982,0.04711712238599999,0.6333423006990662,0.9657008274247388
S-111,0.056590663184760005,0.6284712607359153,0.9657008274247388
HUPERZINE-A,0.060518027074050004,0.6251927441123806,0.9657008274247388
L-741742,0.060824534224200005,0.6231565101859307,0.9657008274247388
FLUOXETINE,0.06199062620519999,0.6183811501109914,0.9657008274247388
LYCOPENE,0.063863590903,0.6222536412610016,0.9657008274247388
CARDIONOGEN-1,0.06403243563346425,0.6342745679132988,0.9657008274247388
ALVERINE,0.06586146830455,0.6189568921911119,0.9657008274247388
EQUOL,0.06779839791200001,0.6316264497795587,0.9657008274247388
BISOPROLOL,0.07306542549100004,0.6218485076530056,0.9657008274247388
AMPRENAVIR,0.07458914064915,0.616063624981546,0.9657008274247388
DIMINAZENE-ACETURATE,0.0790752283952,0.6276228564968811,0.9657008274247388
NS-1643,0.07965663723699445,0.6182216513843621,0.9657008274247388
SB-271046,0.07967563508020001,0.631157039696143,0.9657008274247388
AZD6482,0.0805171748667,0.6280442650050154,0.9657008274247388
NAXAGOLIDE,0.0823465780468195,0.6293424638177235,0.9657008274247388
CARPROFEN,0.0871380297126,0.6171547382290403,0.9657008274247388
VATINOXAN,0.08977309032606415,0.6235529056747605,0.9657008274247388
PACOCF3,0.104518940662485,0.634205587284929,0.9657008274247388
ACEGLUTAMIDE,0.104649679436,0.629786903736542,0.9657008274247388
PF-04885614,0.10547511266155235,0.6182216513843621,0.9657008274247388
ACOZIBOROLE,0.109973738967094,0.6235529056747605,0.9657008274247388
HER2-INHIBITOR-1,0.11365223074602349,0.6182216513843621,0.9657008274247388
DILMAPIMOD,0.11474269465808,0.6347501117197584,0.9657008274247388
CARBARSONE,0.11547842282656948,0.6235529056747605,0.9657008274247388
DILAZEP,0.12365961264035999,0.629786903736542,0.9657008274247388
SOBETIROME,0.12391800581000001,0.6200976780842392,0.9657008274247388
PSORALEN,0.1351270130769,0.6347501117197584,0.9657008274247388
DIHYDROTESTOSTERONE,0.14198699939625,0.6197122214274366,0.9657008274247388
1-ACETYL-4-METHYLPIPERAZINE,0.1598398297323,0.6168083143497354,0.9657008274247388
OCTINOXATE,0.16176674636959998,0.6227653265162957,0.9657008274247388
ZSET1446,0.1627955891448266,0.6347501117197584,0.9657008274247388
CEFMINOX,0.16767640597750003,0.6306940656155711,0.9657008274247388
COT-INHIBITOR-1,0.1947024459689007,0.6289039554284047,0.9657008274247388
DORZOLAMIDE,0.20837122419,0.6276228564968811,0.9657008274247388
RYUVIDINE,0.21296126695999984,0.6333423006990662,0.9657008274247388
VERUCERFONT,0.27755275500199195,0.6342745679132988,0.9657008274247388
AT13387,0.37948039656,0.6328853309489826,0.9657008274247388
CDK9-IN-6,-0.001885750007139031,0.6356621093562129,0.9657613970247713
RTA-408,-0.43866209869500006,0.6372271675251021,0.9674433542421111
TETRACYCLINE,0.11407390537450002,0.6372271675251021,0.9674433542421111
GS-9620,0.11568032817849999,0.6372271675251021,0.9674433542421111
2-PMDQ,-0.06430984681190001,0.6376801273552415,0.9676673771671851
AMFEPRAMONE,0.0950978536202,0.6376801273552415,0.9676673771671851
FLURIZAN,0.068086178961869,0.6381605556280079,0.967941795256174
PARICALCITOL,0.13682103186809,0.6381664542496914,0.967941795256174
GALLIUM-TRIQUINOLIN-8-OLATE,-0.1390645655434955,0.63966450731171,0.9687345092698961
NAFADOTRIDE,-0.1344812268205,0.63966450731171,0.9687345092698961
BMS-986195,-0.1067859767813587,0.6401773206818648,0.9687345092698961
KAEMPFEROL,-0.079672614095,0.6391585145041976,0.9687345092698961
ZOLIFLODACIN,-0.05542156275975459,0.6401773206818648,0.9687345092698961
R-1487,-0.032585890216846304,0.6401773206818648,0.9687345092698961
BASIMGLURANT,0.009139072444699997,0.6391585145041976,0.9687345092698961
PANCURONIUM,0.03981278268249999,0.6402177883576338,0.9687345092698961
LOSARTAN,0.053115095744350006,0.6390080227970022,0.9687345092698961
GW-501516,0.16108250390399997,0.63966450731171,0.9687345092698961
DEQUALINIUM,-0.17184976917499983,0.6406970932312523,0.96899701188698
CLORPRENALINE,0.04237691149609999,0.6406970932312523,0.96899701188698
FLUOXYMESTERONE,-0.018814944518549995,0.6412101069227458,0.969310221271336
GSK-3-INHIBITOR-IX,0.20483852025627,0.6412101069227458,0.969310221271336
PARGYLINE,-0.115754013434,0.642299609538475,0.9704941882797606
QUAZINONE,0.06342692178822315,0.6421738530741246,0.9704941882797606
THIRAM,-0.3705271860999999,0.644530552750407,0.9707506506071835
ONO-4817,-0.1111265422662275,0.6446346727283756,0.9707506506071835
TC-S-7004,-0.10004032775583135,0.6446346727283756,0.9707506506071835
QUETIAPINE,-0.09558864721330002,0.6434660018261299,0.9707506506071835
OROTIC-ACID,-0.09145738695184999,0.6450735347493844,0.9707506506071835
REMACEMIDE,-0.057455729845860004,0.644530552750407,0.9707506506071835
TC-G-1008,-0.0373428260269406,0.6446346727283756,0.9707506506071835
ATIZORAM,-0.022446133638099997,0.642848682457563,0.9707506506071835
RS-102895,-0.007460112532049992,0.6450735347493844,0.9707506506071835
3-MATIDA,-0.0007855572792105081,0.6450735347493844,0.9707506506071835
NIALAMIDE,0.009397531572500006,0.6439947555804129,0.9707506506071835
BVT-2733,0.06404673195542004,0.6446346727283756,0.9707506506071835
TOLAMOLOL,0.06781660524774999,0.642848682457563,0.9707506506071835
PALOMID-529,0.100325379405,0.644530552750407,0.9707506506071835
CHLOROXINE,0.1072620653371,0.6434660018261299,0.9707506506071835
MEFLOQUINE,0.13682022502815,0.6439947555804129,0.9707506506071835
PENTAMIDINE,0.22726330062799993,0.644530552750407,0.9707506506071835
TRIMETREXATE,-0.5091748533287701,0.6456238467947456,0.9708871184476278
PIRMENOL,-0.1543742930201079,0.6456238467947456,0.9708871184476278
LXS196,-0.09588878102332105,0.6456238467947456,0.9708871184476278
HESPERADIN,-0.4908028520900003,0.6499212169850346,0.9711103524272106
BRUCEANTIN,-0.40187457305499974,0.6469718949004921,0.9711103524272106
SB-218078,-0.37064605710349996,0.6493487134680862,0.9711103524272106
KENPAULLONE,-0.26990246388780004,0.6469718949004921,0.9711103524272106
AZD8797,-0.211580439475478,0.6505014083255694,0.9711103524272106
LEUCYLLEUCINE-METHYL-ESTER,-0.17775583086929997,0.6506129639327536,0.9711103524272106
TRIPTOLIDE,-0.14418226535,0.6487837462975385,0.9711103524272106
SUCCINIC-ACID,-0.135272567054,0.6499212169850346,0.9711103524272106
RO-15-4513,-0.089220065613,0.6505014083255694,0.9711103524272106
ABX-1431,-0.080250403683718,0.6505014083255694,0.9711103524272106
SE-METHYLSELENOCYSTEINE,-0.05322868792399993,0.6499212169850346,0.9711103524272106
SCLAREOL,-0.041177920936000006,0.6510894430450531,0.9711103524272106
CARGLUMIC-ACID,-0.031745135995559996,0.6482261679418633,0.9711103524272106
WY-16922,-0.018701923162882494,0.651135850948906,0.9711103524272106
FOSTEMSAVIR,-0.0179979179733067,0.6510894430450531,0.9711103524272106
ABT-702,-0.00897774271985001,0.6505014083255694,0.9711103524272106
T-5601640,0.005662699611115152,0.651135850948906,0.9711103524272106
MOCLOBEMIDE,0.010496672333999979,0.6499212169850346,0.9711103524272106
GABA-LINOLEAMIDE,0.012129647991349995,0.6493487134680862,0.9711103524272106
ROCILETINIB,0.016708775133050024,0.6469718949004921,0.9711103524272106
RIPAZEPAM,0.02016064515845,0.6473202751815612,0.9711103524272106
TAK-593,0.024364851216800015,0.6487132227404648,0.9711103524272106
L-755507,0.0336885142162095,0.6505014083255694,0.9711103524272106
TERUTROBAN,0.05899900201569999,0.6473202751815612,0.9711103524272106
ANTALARMIN,0.0606914479330528,0.651135850948906,0.9711103524272106
MUT056399,0.06347899566169951,0.6487132227404648,0.9711103524272106
FIPEXIDE,0.06435832385100002,0.6493487134680862,0.9711103524272106
MOTESANIB,0.0645938598844,0.6473202751815612,0.9711103524272106
ZM-241385,0.10354781962099999,0.6499212169850346,0.9711103524272106
PREGABALIN,0.12816819968620002,0.6473202751815612,0.9711103524272106
NBI-27914,0.16722425329909,0.6499212169850346,0.9711103524272106
BMS-935177,0.16778231761409199,0.6510894430450531,0.9711103524272106
SB-525334,0.17732317602700004,0.6499212169850346,0.9711103524272106
K-858,0.26004192567999995,0.6505014083255694,0.9711103524272106
PAMABROM,0.366448188939253,0.6505014083255694,0.9711103524272106
IPRONIAZID,0.32554118398899995,0.6516854809149124,0.9714728046478005
ER-27319,0.44158374326999983,0.6516854809149124,0.9714728046478005
AZD8330,-0.4311327434500001,0.6535259444053362,0.9716289752417014
BUTACLAMOL,-0.1778719924877,0.6527549230951204,0.9716289752417014
FOSFOMYCIN,-0.16716502600405,0.6523129888967178,0.9716289752417014
L-670596,-0.15612501450759997,0.6585588951209281,0.9716289752417014
4-IBP,-0.1267451082585,0.6527549230951204,0.9716289752417014
P22077,-0.11142224118460001,0.6588432549492806,0.9716289752417014
DEFLAZACORT,-0.10582809200000004,0.655947883143831,0.9716289752417014
FENSPIRIDE,-0.10520188030040001,0.6535232774371162,0.9716289752417014
PINITOL,-0.08329367587926001,0.654119457503032,0.9716289752417014
CAFESTOL,-0.0781210346332,0.6585588951209281,0.9716289752417014
TESTOSTERONE,-0.07319434053450001,0.654119457503032,0.9716289752417014
TIANEPTINE,-0.058793798882700005,0.6541530150924372,0.9716289752417014
ISBUFYLLINE,-0.05716601074399996,0.6553302673589334,0.9716289752417014
INDOBUFEN,-0.051850440308299994,0.6527549230951204,0.9716289752417014
MR-16728,-0.036349527938000004,0.6588432549492806,0.9716289752417014
N-[2-(PIPERIDINYLAMINO)ETHYL]-4-IODOBENZAMIDE,-0.033616460875149995,0.6585588951209281,0.9716289752417014
BX-795,-0.02315583647774,0.655947883143831,0.9716289752417014
ARCTIGENIN,-0.022705860979999992,0.6527549230951204,0.9716289752417014
FENTICONAZOLE,-0.00881251209975,0.6585588951209281,0.9716289752417014
PROTRIPTYLINE,-0.001987416905999989,0.6572083664450392,0.9716289752417014
CRISDESALAZINE,0.0010532628036230007,0.6565738593473172,0.9716289752417014
SANCYCLINE,0.0023170615405972497,0.655947883143831,0.9716289752417014
CEFIDEROCOL,0.006242775502188089,0.6565738593473172,0.9716289752417014
RAMIFENAZONE,0.010396827626,0.6535232774371162,0.9716289752417014
MIDODRINE,0.010710722914499982,0.6535259444053362,0.9716289752417014
CISPLATIN,0.02187805334845,0.6583953112722536,0.9716289752417014
ML347,0.024293548538600003,0.6547208460185769,0.9716289752417014
DSM265,0.028053706694827804,0.6565738593473172,0.9716289752417014
APCK-110,0.03195762510656,0.657663669483907,0.9716289752417014
FLIBANSERIN,0.0354813597742895,0.6585036786597889,0.9716289752417014
PAFURAMIDINE,0.04157389202994999,0.6535259444053362,0.9716289752417014
PROCYSTEINE,0.042601730334150004,0.6585036786597889,0.9716289752417014
AZAPERONE,0.052770549523999954,0.6572083664450392,0.9716289752417014
ADRENOSTERONE,0.0540900626623,0.6588432549492806,0.9716289752417014
RIVAROXABAN,0.06969065606449998,0.6572083664450392,0.9716289752417014
NU-2058,0.06995514093654645,0.655947883143831,0.9716289752417014
ZALTOPROFEN,0.08392383868600001,0.6535259444053362,0.9716289752417014
POLIDOCANOL,0.10250036117199998,0.6585036786597889,0.9716289752417014
DONEPEZIL,0.13208131767135,0.6585588951209281,0.9716289752417014
BRILLIANT-GREEN,0.17088213547999942,0.6572083664450392,0.9716289752417014
THIORIDAZINE,0.1845363261789,0.654119457503032,0.9716289752417014
LY2608204,0.2492911375250002,0.6583953112722536,0.9716289752417014
NSC-697923,0.2506700788799998,0.6588432549492806,0.9716289752417014
NMS-P715,0.2905907725685295,0.657663669483907,0.9716289752417014
ICG-001,0.3045135440037,0.6547208460185769,0.9716289752417014
NAMPT-IN-1,0.4145358362199101,0.6552797904447741,0.9716289752417014
FLUNIXIN-MEGLUMIN,-0.090048609557,0.6601109154727594,0.9716894010106564
FR-122047,-0.06703648248000002,0.659472902530063,0.9716894010106564
PIPERINE,-0.049622081692,0.6591648486474495,0.9716894010106564
"CIS-9,TRANS-11-CONJUGATED-LINOLEIC-ACID",-0.02756841361500001,0.6601109154727594,0.9716894010106564
THIODIGLYCOL,-0.006521214667000008,0.6601109154727594,0.9716894010106564
PHENYL-AMINOSALICYLATE,0.0023638839360000663,0.6601109154727594,0.9716894010106564
CILENGITIDE,0.08358748979700004,0.659472902530063,0.9716894010106564
VERCIRNON,0.11835507346169999,0.6598352796098701,0.9716894010106564
HIGENAMINE,-0.24335941734168998,0.6618731219722434,0.9725500582773566
CU-T12-9,-0.16652256560233547,0.6614127113436647,0.9725500582773566
MITAPIVAT,-0.1030847258976017,0.6620768425766951,0.9725500582773566
TC-E-5002,-0.08765761953287263,0.6618731219722434,0.9725500582773566
GINSENOSIDE-C-K,-0.048377179808104076,0.6618731219722434,0.9725500582773566
PNU-74654,-0.011159733782500014,0.6614127113436647,0.9725500582773566
T-807,0.017590105717655014,0.6620768425766951,0.9725500582773566
A-784168,0.0553296674153012,0.6614127113436647,0.9725500582773566
CCT245737,0.44892953131662994,0.6614127113436647,0.9725500582773566
DEPTROPINE,-0.16764604758186,0.664177868720778,0.9726728455564574
FEXOFENADINE,-0.143585307716,0.6648438457435852,0.9726728455564574
OXYMETAZOLINE,-0.1389369607723,0.6648438457435852,0.9726728455564574
N-ACETYLTRYPTAMINE,-0.1250793494089,0.664177868720778,0.9726728455564574
TCS-5861528,-0.10692191594004526,0.6642177014368627,0.9726728455564574
A-867744,-0.0772811764187395,0.6642177014368627,0.9726728455564574
KP-1212,-0.06550889501770002,0.664383510809968,0.9726728455564574
HYDROXYTOLUIC-ACID,-0.06160011628505,0.6627500360886438,0.9726728455564574
EFLOXATE,-0.06049234275850002,0.6655186812814062,0.9726728455564574
TIOCONAZOLE,-0.0578185884571,0.664383510809968,0.9726728455564574
CE3F4,-0.0511585912902966,0.6642177014368627,0.9726728455564574
IDEBENONE,-0.04609849552900003,0.6655186812814062,0.9726728455564574
AS-1269574,-0.0398046375520908,0.6642177014368627,0.9726728455564574
BCI-540,-0.006801844700999982,0.6655186812814062,0.9726728455564574
SCH-28080,0.011902531411160001,0.664177868720778,0.9726728455564574
WZ811,0.027871526931399992,0.664177868720778,0.9726728455564574
SB-590885,0.029361333681200016,0.664177868720778,0.9726728455564574
OCTREOTIDE,0.03140471010635,0.6655372350217452,0.9726728455564574
METHYLATROPINE-NITRATE,0.0359725322685,0.6655186812814062,0.9726728455564574
ROXARSONE,0.06171612817649996,0.6655186812814062,0.9726728455564574
BICYCLOL,0.1168046016477,0.6655372350217452,0.9726728455564574
PMPA,0.13476527857694998,0.6645003226727014,0.9726728455564574
NEPAFENAC,-0.12388120651100001,0.6662025527038586,0.9727478286830306
KAKONEIN,0.00037489977260000105,0.6662025527038586,0.9727478286830306
DEXLOXIGLUMIDE,0.05708921371100001,0.6662025527038586,0.9727478286830306
BRL-54443,0.182010908258,0.6662025527038586,0.9727478286830306
TRETINOIN,-0.08592147767293451,0.6668956421328913,0.9730871941506175
S-07662,0.041850871824677005,0.6668956421328913,0.9730871941506175
PF-06282999,0.3445540730609414,0.6668956421328913,0.9730871941506175
AVADOMIDE,-0.1048403408323549,0.6675981366025385,0.973215871095074
A-381393,-0.0510086296058672,0.6675981366025385,0.973215871095074
TREPROSTINIL,-0.0409272636359764,0.6675981366025385,0.973215871095074
PF-06409577,0.040979570177690994,0.6675981366025385,0.973215871095074
ALFUZOSIN,-0.1655691970682,0.6709439001361087,0.9733233400049055
VELIPARIB,-0.14564122815000002,0.6705060869916941,0.9733233400049055
GIMERACIL,-0.124257444787,0.6702320488159136,0.9733233400049055
CIDOFOVIR,-0.12251245796049998,0.6706276731587388,0.9733233400049055
CFM-1571,-0.08653401852195,0.6709439001361087,0.9733233400049055
ALX-5407,-0.0697337268271,0.6705060869916941,0.9733233400049055
GENIPIN,-0.030208353740400012,0.6706276731587388,0.9733233400049055
RASAGILINE,-0.029259057197000005,0.6695295522388336,0.9733233400049055
IMILOXAN,-0.027085275860200014,0.6705060869916941,0.9733233400049055
TRIACETIN,-0.008286276274500015,0.6709439001361087,0.9733233400049055
A-33903,-0.006267058616162,0.6697639978152037,0.9733233400049055
OXYBUTYNIN,-0.001779200826999977,0.6716652936470651,0.9733233400049055
PUMOSETRAG,0.011453304338499976,0.6712585961220776,0.9733233400049055
TALTIRELIN,0.021709822919000005,0.6690321143643478,0.9733233400049055
METHYLLYCACONITINE,0.03082530150099999,0.6716652936470651,0.9733233400049055
LITHIUM-ACETOACETATE,0.0325572910859,0.6716652936470651,0.9733233400049055
BVT-948,0.03663487940569,0.6716652936470651,0.9733233400049055
3-DEAZAURIDINE,0.03748036488275924,0.6707975139006783,0.9733233400049055
AROTINOLOL,0.04764813678590001,0.6681796017502043,0.9733233400049055
TAMOXIFEN,0.08289065659635,0.6695295522388336,0.9733233400049055
NITARSONE,0.09647064436859999,0.668310228225142,0.9733233400049055
PD-198306,0.11322636823589999,0.6709439001361087,0.9733233400049055
MORNIFLUMATE,0.11451396054565002,0.6702284662567082,0.9733233400049055
CYM-5520,0.1369634848445371,0.6707975139006783,0.9733233400049055
TENOFOVIR-DISOPROXIL,0.13885683963375,0.6709439001361087,0.9733233400049055
SCH-900776,0.19345160653849997,0.6706276731587388,0.9733233400049055
RHEIN,-0.31750983660955,0.6723964218208315,0.9734923749322845
HESPERETIN,-0.0064944660404999965,0.6723964218208315,0.9734923749322845
BHQ,0.06364602715837095,0.6723964218208315,0.9734923749322845
TU-2100,0.16077756461612,0.6723964218208315,0.9734923749322845
DENOPAMINE,-0.0643030414463473,0.67313748232277,0.9736754680391221
TALAPORFIN,0.13419229626099,0.67313748232277,0.9736754680391221
SOFOSBUVIR-IMPURITY-M,0.1417261369929986,0.67313748232277,0.9736754680391221
CENTHAQUIN,0.1755621366975019,0.67313748232277,0.9736754680391221
AZAGUANINE-8,-0.26621028973375016,0.6779147938522527,0.9752431438460217
TRICHOSTATIN-A,-0.23371800531999964,0.676777008336236,0.9752431438460217
DARAPLADIB,-0.195534591157,0.6760934538638158,0.9752431438460217
ADD-233089,-0.17365278294300004,0.6760934538638158,0.9752431438460217
Y-134,-0.1537044353445,0.6763863260009093,0.9752431438460217
OXACEPROL,-0.0837364300557969,0.6779147938522527,0.9752431438460217
RO-20-1724,-0.08195935325349996,0.674898069423884,0.9752431438460217
BUFLOMEDIL,-0.06158838969899999,0.6760934538638158,0.9752431438460217
ALRESTATIN,-0.049000149564699995,0.677145432738691,0.9752431438460217
V-51,-0.03987793305436685,0.6751383086124396,0.9752431438460217
PHENYLMETHYLSULFONYL-FLUORIDE,-0.01767062113728851,0.6779147938522527,0.9752431438460217
MCOPPB,-0.008428284228659988,0.6774026680402159,0.9752431438460217
ACETYLSALICYLSALICYLIC-ACID,0.002100685488399999,0.6756372707572714,0.9752431438460217
FLUORESCEIN,0.0038670905979499987,0.6763863260009093,0.9752431438460217
BMS-911543,0.01702747887548245,0.6779147938522527,0.9752431438460217
RO-90-7501,0.0278671305818,0.6754223160920776,0.9752431438460217
CHLORINDANOL,0.038815258234000005,0.6762051927305084,0.9752431438460217
CYROMAZINE,0.040302162705999955,0.6763863260009093,0.9752431438460217
METHYL-AMINOLEVULINATE,0.05950896455161246,0.6779147938522527,0.9752431438460217
BMS-688521,0.08502665687135152,0.6774026680402159,0.9752431438460217
SQ-109,0.1068896574098,0.6754223160920776,0.9752431438460217
RIBITOL,0.173326574531,0.6763863260009093,0.9752431438460217
VINBLASTINE,0.2040888537005,0.6754223160920776,0.9752431438460217
SR-3677,0.2213421828823836,0.6779147938522527,0.9752431438460217
APY-29,-0.8054255636198846,0.6834504988420802,0.9757878669450079
SIMUROSERTIB,-0.77516123986453,0.6786946176990607,0.9757878669450079
LY2090314,-0.5556651789320001,0.6819781623890566,0.9757878669450079
LESTAURTINIB,-0.3490755433150001,0.6963796583802544,0.9757878669450079
FLORFENICOL,-0.2562249658485,0.6928143450672175,0.9757878669450079
BAY-61-3606,-0.2411198565854945,0.6945728562210123,0.9757878669450079
GINKGOLIDE-B,-0.212494610361,0.699184825434876,0.9757878669450079
LANATOSIDE-C,-0.20478502633499973,0.6928143450672175,0.9757878669450079
SB-269970,-0.179012369457631,0.68815688670265,0.9757878669450079
TEN-010,-0.17179059333721014,0.6898611948018734,0.9757878669450079
MALOTILATE,-0.16170762372164998,0.6911022238448428,0.9757878669450079
C-751,-0.14197337796305,0.6911022238448428,0.9757878669450079
DIPHENHYDRAMINE,-0.13359505747249997,0.6818457101446451,0.9757878669450079
PF-04217903,-0.12589380702699998,0.6864977941655787,0.9757878669450079
MADECASSOSIDE,-0.11732485885321439,0.6786946176990607,0.9757878669450079
GW-0742,-0.11177896142799998,0.6992348502043013,0.9757878669450079
IDELALISIB,-0.1067023291648,0.6856846476655074,0.9757878669450079
RBC8,-0.09768749875327551,0.7001589760137211,0.9757878669450079
TC-FPR-43,-0.0976224055971743,0.6840327191770981,0.9757878669450079
OXELAIDIN,-0.095513114324,0.6928143450672175,0.9757878669450079
DIGOXIGENIN,-0.0951265183800003,0.6945728562210123,0.9757878669450079
TILETAMINE,-0.09397333846599998,0.699184825434876,0.9757878669450079
CARIPRAZINE,-0.09204951870000001,0.6974234360121288,0.9757878669450079
BENZOYLPAS,-0.09174341351950002,0.6983230852085848,0.9757878669450079
UK-5099,-0.0893739741369805,0.6890032746108671,0.9757878669450079
CYTISINE,-0.082789271751435,0.6808723535371164,0.9757878669450079
M-344,-0.08227404505999991,0.699184825434876,0.9757878669450079
PINDOLOL-(-),-0.08186267311691946,0.6945728562210123,0.9757878669450079
TIQUIZIUM,-0.08153821885700002,0.6938054792895986,0.9757878669450079
DEXTROSE,-0.0746487225487,0.7001589760137211,0.9757878669450079
RISLENEMDAZ,-0.0742378975679927,0.6898611948018734,0.9757878669450079
PRT062070,-0.0690402336632,0.68815688670265,0.9757878669450079
PIRLINDOLE,-0.0685517705607,0.68815688670265,0.9757878669450079
FLUTRIMAZOLE,-0.06715178923949996,0.6819781623890566,0.9757878669450079
BARDOXOLONE-METHYL,-0.06285453530499963,0.6856846476655074,0.9757878669450079
MARIBAVIR,-0.0574361954892,0.6974234360121288,0.9757878669450079
KY02111,-0.052398027663,0.6965356640002611,0.9757878669450079
WWL-123,-0.051723503339898155,0.6906872168767555,0.9757878669450079
SB-268262,-0.050131831908809765,0.6906872168767555,0.9757878669450079
SN-38,-0.04063579381999993,0.6873218011739946,0.9757878669450079
CUR-61414,-0.0401829029845055,0.6840327191770981,0.9757878669450079
BCTC,-0.03842909264349015,0.6945728562210123,0.9757878669450079
AH11110,-0.03829000350180001,0.6992348502043013,0.9757878669450079
KEVETRIN,-0.037623988289880006,0.6818092645273377,0.9757878669450079
YM-750,-0.03546905877620815,0.6885051860464477,0.9757878669450079
AN2718,-0.0340593574914841,0.6906872168767555,0.9757878669450079
CS-110266,-0.03093399563046,0.682642715994418,0.9757878669450079
H-151,-0.02982016914417801,0.6954700980981646,0.9757878669450079
ELTANOLONE,-0.02879832287100001,0.6873218011739946,0.9757878669450079
GRANISETRON,-0.025642098752999998,0.6876589494468544,0.9757878669450079
ZM-323881,-0.021187633894999988,0.6802831816279606,0.9757878669450079
ENISAMIUM-IODIDE,-0.020979154269199995,0.6810592679470224,0.9757878669450079
FLOXURIDINE,-0.020751336609999838,0.6997474473933927,0.9757878669450079
NEUROPATHIAZOL,-0.01875034155275289,0.6945728562210123,0.9757878669450079
EPERISONE,-0.016868850801035,0.6819781623890566,0.9757878669450079
TRANS-4-METHOXYCINNAMIC-ACID,-0.015955110173261358,0.6840327191770981,0.9757878669450079
LANSOPRAZOLE,-0.015088938432000015,0.6873218011739946,0.9757878669450079
ICA-121431,-0.010288964401466857,0.697365705037686,0.9757878669450079
SCH-23390,-0.0093619213072,0.6992348502043013,0.9757878669450079
GK921,-0.008784883001069943,0.7001589760137211,0.9757878669450079
ORG-9768,-0.008319307905699999,0.6850992779060463,0.9757878669450079
COLFORSIN-DAPROATE,-0.0057729552516700006,0.6928143450672175,0.9757878669450079
LX1031,-0.005694425789000007,0.6810592679470224,0.9757878669450079
ORTERONEL,-0.004400395581500002,0.6876589494468544,0.9757878669450079
BI-224436,0.00032527120377251473,0.6952256087168256,0.9757878669450079
ETHENZAMIDE,0.0017695813810000294,0.6928143450672175,0.9757878669450079
SMI-4A,0.0027374967980000053,0.6936876854594689,0.9757878669450079
OCO-1112,0.005459131782999976,0.6938054792895986,0.9757878669450079
EMOXIPIN,0.007003310353999981,0.6936876854594689,0.9757878669450079
6-BENZYLAMINOPURINE,0.007005879704400003,0.6810592679470224,0.9757878669450079
PYRONARIDINE,0.010130026493499991,0.6982367573767467,0.9757878669450079
CPSI-1306-(+/-),0.012289965276473497,0.6840327191770981,0.9757878669450079
ISOLEUCINE,0.013823497118499999,0.6982367573767467,0.9757878669450079
TABIMORELIN,0.013929718068470986,0.6818092645273377,0.9757878669450079
EPOPROSTENOL,0.015825625079499986,0.6983230852085848,0.9757878669450079
TENOFOVIR-ALAFENAMIDE,0.01643826938582199,0.7001589760137211,0.9757878669450079
ZD-7155,0.01663871157869999,0.6992348502043013,0.9757878669450079
AC-264613,0.016835161761049995,0.6890032746108671,0.9757878669450079
PIRQUINOZOL,0.017652385190857017,0.6885051860464477,0.9757878669450079
NMS-873,0.018576909594000046,0.6818457101446451,0.9757878669450079
VANILLYLACETONE,0.030549988078200002,0.6933497421035699,0.9757878669450079
SC-560,0.03194407278070001,0.682642715994418,0.9757878669450079
BAY-W-9798,0.035127147305830005,0.6810990352954611,0.9757878669450079
ZAFIRLUKAST,0.0352859015135,0.6919526006269787,0.9757878669450079
QX-314,0.036121743529399994,0.6992348502043013,0.9757878669450079
ALPHA-GLUCOSYL-HESPERIDIN,0.0362855694925617,0.6898611948018734,0.9757878669450079
SR-33805,0.03863243967735,0.6907308834272197,0.9757878669450079
ACETYL-FARNESYL-CYSTEINE,0.03937797711999996,0.6983230852085848,0.9757878669450079
SINOMENINE,0.04318741154199998,0.6890032746108671,0.9757878669450079
"ICI-118,551",0.044786980608265026,0.6878822769932968,0.9757878669450079
MM-102,0.047047836664599996,0.6992348502043013,0.9757878669450079
SIS3,0.050702542297129005,0.7001589760137211,0.9757878669450079
PPY-A,0.05249509835669697,0.6840327191770981,0.9757878669450079
PIROXICAM,0.05361333924599998,0.6965356640002611,0.9757878669450079
ELESCLOMOL,0.05384335721000011,0.6864977941655787,0.9757878669450079
LAFUTIDINE,0.05421576084400004,0.68815688670265,0.9757878669450079
VERALIPRIDE,0.05433388577367919,0.6954700980981646,0.9757878669450079
PARA-TOLUENESULFONAMIDE,0.0553433774242,0.6965356640002611,0.9757878669450079
CINEPAZET,0.05835196904699999,0.6982367573767467,0.9757878669450079
OG-L002,0.05854596915729998,0.695353312511571,0.9757878669450079
CARBINOXAMINE,0.05951866618449997,0.6928143450672175,0.9757878669450079
CGP-78608,0.063110186140242,0.6890032746108671,0.9757878669450079
GS-39783,0.06351187326400004,0.6890032746108671,0.9757878669450079
CA-4948,0.06381528718237019,0.6842692777928037,0.9757878669450079
PA-824,0.06485622227500001,0.6810592679470224,0.9757878669450079
PIRINIXIC-ACID,0.065600779031,0.6997474473933927,0.9757878669450079
"3,4-DCPG-(R)",0.067702951311047,0.7001589760137211,0.9757878669450079
MRK-016,0.0689581684619604,0.6840502279965507,0.9757878669450079
DIHYDREXIDINE,0.0717725721707806,0.6890032746108671,0.9757878669450079
CGP-52411,0.07209916282909999,0.6819781623890566,0.9757878669450079
METHYLBENZETHONIUM-CHLORIDE,0.07389536493141491,0.6834504988420802,0.9757878669450079
DILTIAZEM,0.0744187357815,0.6974234360121288,0.9757878669450079
SETIPIPRANT,0.07552331294849998,0.70014627107805,0.9757878669450079
IDALOPIRDINE,0.08179565375774,0.6965356640002611,0.9757878669450079
ICI-162846,0.08184977534599996,0.6819229098128627,0.9757878669450079
GABEXATE,0.08396481924405,0.6943322761546491,0.9757878669450079
ISOPENTYL-4-METHOXYCINNAMATE,0.0854716567018131,0.6945728562210123,0.9757878669450079
S-SULFO-L-CYSTEINE,0.09110086073635,0.6965356640002611,0.9757878669450079
FLUTAMIDE,0.09259836071455,0.6878822769932968,0.9757878669450079
JDTIC,0.09422455554121,0.6936876854594689,0.9757878669450079
AM095,0.0960526577775,0.6945728562210123,0.9757878669450079
BUCLIZINE,0.10310017604209999,0.6982367573767467,0.9757878669450079
ISRADIPINE,0.10328392137499998,0.6965356640002611,0.9757878669450079
GUANADREL,0.107970078509,0.6819229098128627,0.9757878669450079
PERFLUBRON,0.1102791971031,0.6829479694156495,0.9757878669450079
HA-130,0.1118789578886698,0.6834504988420802,0.9757878669450079
PENBUTOLOL,0.117416695076,0.6818457101446451,0.9757878669450079
R-121919,0.1196532992548273,0.6954700980981646,0.9757878669450079
SULFISOMIDIN,0.1214567223646205,0.6898611948018734,0.9757878669450079
OXOLINIC-ACID,0.12677271952175,0.6856846476655074,0.9757878669450079
TOPIRAMATE,0.134435530102,0.68815688670265,0.9757878669450079
HEMOMEX-S,0.140362766448,0.6936876854594689,0.9757878669450079
PF-429242,0.16144208861077247,0.6834504988420802,0.9757878669450079
PD-128907,0.18505439080515,0.695353312511571,0.9757878669450079
TICAGRELOR,0.1960938876015,0.6978611744786976,0.9757878669450079
CAPTOPRIL,0.20623656436905002,0.6891401932728796,0.9757878669450079
ISOPROPYL-MYRISTATE,0.206625101926,0.695353312511571,0.9757878669450079
PEFICITINIB,0.21792082628495,0.6943322761546491,0.9757878669450079
PFK-015,0.23719984483099998,0.68815688670265,0.9757878669450079
GDC-0980,0.29356187332000006,0.6819781623890566,0.9757878669450079
JNJ-26481585,0.30537099214999985,0.6934130196784436,0.9757878669450079
DIGOXIN,0.4123859384900004,0.6965356640002611,0.9757878669450079
VERDINEXOR,-0.5207327252516798,0.7010957142659003,0.9758414596541705
TOLBUTAMIDE,-0.06539022800050001,0.7020453234280201,0.9758414596541705
BUTIBUFEN,-0.05351782898474215,0.7019700623110887,0.9758414596541705
TELATINIB,-0.0053875171685,0.7020453234280201,0.9758414596541705
LY3000328,0.028969221825531494,0.7019700623110887,0.9758414596541705
DICHLOROACETATE,0.03581858671999999,0.7015869555268446,0.9758414596541705
TRANSCROCETINATE,0.08696154213133371,0.7010957142659003,0.9758414596541705
INT-767,0.08733367542458997,0.7019700623110887,0.9758414596541705
SENNOSIDE-A,0.09046680635743291,0.7019700623110887,0.9758414596541705
POLAPREZINC,0.1088934206827953,0.7010957142659003,0.9758414596541705
INGENOL,0.11064889012287381,0.7010957142659003,0.9758414596541705
GLICLAZIDE,0.14445897870254998,0.7019847195247672,0.9758414596541705
SULBACTAM,-0.23007486209899997,0.7049740685690036,0.9762955165747949
PNU-22394,-0.1751369233734,0.7047981162562944,0.9762955165747949
RIFABUTIN,-0.16754023856913,0.7057078559737198,0.9762955165747949
AZD9668,-0.15328437075700002,0.7057078559737198,0.9762955165747949
COBIMETINIB,-0.15242397438999977,0.7057078559737198,0.9762955165747949
RWJ-21757,-0.102862039009575,0.7057078559737198,0.9762955165747949
ROXATIDINE-ACETATE,-0.08571038218350002,0.7038477624234888,0.9762955165747949
SAPROPTERIN,-0.08225387074900004,0.7047981162562944,0.9762955165747949
MCPP,-0.07701494277415002,0.7057078559737198,0.9762955165747949
ETHOSUXIMIDE,-0.0685566488555,0.7038477624234888,0.9762955165747949
SULBENTINE,-0.039402220081000014,0.7038477624234888,0.9762955165747949
FINAFLOXACIN,-0.032944979851999984,0.7057613636466995,0.9762955165747949
ESTRIOL,-0.029901419058999998,0.7029100465027001,0.9762955165747949
TILUDRONATE,-0.014585133757999968,0.7049740685690036,0.9762955165747949
TERBUTALINE,0.02771671428000011,0.7057613636466995,0.9762955165747949
PANTETHINE,0.033265204916541,0.7039842239464511,0.9762955165747949
EMEDASTINE,0.068833583792,0.7049740685690036,0.9762955165747949
ODANACATIB,0.082188513544,0.7049740685690036,0.9762955165747949
IDRA-21,0.09263547539999983,0.7047981162562944,0.9762955165747949
LY2109761,0.0990492748915,0.7038477624234888,0.9762955165747949
TEMOCAPRIL,0.10336494664850004,0.7057613636466995,0.9762955165747949
GW-542573X,0.1475999793689775,0.7057613636466995,0.9762955165747949
PERZINFOTEL,0.0662514338754,0.705977891148519,0.9763819066364393
TRIAPINE,-0.19738942523299996,0.7078407465704379,0.9766137189237677
URIDINE,-0.1510502217615,0.7078407465704379,0.9766137189237677
RUBOXISTAURIN,-0.11951975022337002,0.7067377671407024,0.9766137189237677
BUSPIRONE,-0.1096291239295,0.7074491394034343,0.9766137189237677
THALIDOMIDE,-0.07853247050055001,0.7074491394034343,0.9766137189237677
SODIUM-DANSHENSU,-0.041417283232,0.7078407465704379,0.9766137189237677
ATICAPRANT,0.008992438990700402,0.7067377671407024,0.9766137189237677
BESIFLOXACIN,0.03559713043750001,0.7077275964177356,0.9766137189237677
TROFOSFAMIDE,0.046336835501326196,0.7067377671407024,0.9766137189237677
HOMOQUINOLINIC-ACID,0.052482103344,0.7074491394034343,0.9766137189237677
CARMOFUR,0.1328990911650001,0.7078407465704379,0.9766137189237677
AMTOLMETIN-GUACIL,-0.108456546557,0.7084121758156746,0.9767884200618402
AT13148,-0.08740987817791654,0.7087380709238349,0.9767884200618402
CI-923,0.00291712969758251,0.7087380709238349,0.9767884200618402
NVP-BGJ398,0.016405096410854803,0.7087380709238349,0.9767884200618402
VLX600,0.2971372686100002,0.7084121758156746,0.9767884200618402
DIBUTYL-PHTHALATE,-0.04473410667899999,0.7093881150142263,0.9770468343501743
CARSALAM,-0.022881373609,0.7093881150142263,0.9770468343501743
PHENACETIN,0.027572853869500036,0.7093881150142263,0.9770468343501743
CX-5461,-0.17168122556300003,0.7107804479044909,0.9771543964570858
GSK239512,-0.1092553977698199,0.7113797461325722,0.9771543964570858
PALOVAROTENE,-0.0883958081993,0.7107804479044909,0.9771543964570858
TAURINE,-0.064782345252,0.7113797461325722,0.9771543964570858
GALANTAMINE,-0.050778076959799995,0.7113797461325722,0.9771543964570858
AMG319,-0.048262190071145,0.7118268284743012,0.9771543964570858
ELIGLUSTAT,-0.02315151370212,0.7118268284743012,0.9771543964570858
A-366,-0.022938927474094997,0.7118268284743012,0.9771543964570858
DECITABINE,-0.01175543060000006,0.7111327309406914,0.9771543964570858
METHIMAZOLE,-0.009363075883600004,0.7103772163513878,0.9771543964570858
HM-30181,-0.0072499350040660104,0.712395977849414,0.9771543964570858
ECTOINE,-0.0055474479032190036,0.712395977849414,0.9771543964570858
EPTIFIBATIDE,0.017888391235799998,0.7103772163513878,0.9771543964570858
PIFITHRIN-CYCLIC,0.025546218214931,0.7107928005535338,0.9771543964570858
LUF-5834,0.026567687354734998,0.7107928005535338,0.9771543964570858
EPZ020411,0.05651384419931929,0.7113797461325722,0.9771543964570858
NAS-181,0.05888009031452,0.712395977849414,0.9771543964570858
IRGANOX-1010,0.190352625877246,0.712395977849414,0.9771543964570858
AMETANTRONE,0.32973512745137024,0.712395977849414,0.9771543964570858
HALOFANTRINE,0.21272422246849992,0.7129286702473838,0.9776734437043219
BRINZOLAMIDE,-0.0031627614385000002,0.7134261924222569,0.9777209734817998
BMS-777607,0.10452595944715,0.7134261924222569,0.9777209734817998
VANCOMYCIN,0.10563579819650004,0.7134261924222569,0.9777209734817998
MESNA,-0.21494672533050002,0.7149438787964464,0.9779846650888937
REPSOX,-0.12069051482850013,0.7149438787964464,0.9779846650888937
ISOPROPAMIDE-IODIDE,-0.1201898779402,0.7149438787964464,0.9779846650888937
METICRANE,-0.1102950233512,0.7149438787964464,0.9779846650888937
TESTOSTERONE-PROPIONATE,-0.06990891009782435,0.7149438787964464,0.9779846650888937
ALOPERINE,-0.06724640623649997,0.717013847878018,0.9779846650888937
APOPTOSIS-ACTIVATOR-II,-0.0654046494594,0.717013847878018,0.9779846650888937
RO-67-7476,-0.056848126823432495,0.717013847878018,0.9779846650888937
COLISTIN-B-SULFATE,-0.04825638255100001,0.7166036592818994,0.9779846650888937
BTS-72664,-0.04399400480709301,0.7155291530702934,0.9779846650888937
ALIBENDOL,-0.035537431796999974,0.717013847878018,0.9779846650888937
CLINAFLOXACIN,-0.0292116037009,0.7139295652385329,0.9779846650888937
IDRONOXIL,-0.026882074201,0.7155297324850222,0.9779846650888937
BMS-779788,-0.02335260429072586,0.717013847878018,0.9779846650888937
CPI-1189,-0.007630197361000013,0.7166036592818994,0.9779846650888937
RS-39604,0.0181059330192,0.7159718806800783,0.9779846650888937
FENOFIBRIC-ACID,0.028784644791949997,0.7149438787964464,0.9779846650888937
XENALIPIN,0.06477502963585,0.7155297324850222,0.9779846650888937
CEFEPIME,0.06551440240599998,0.7166036592818994,0.9779846650888937
FLUPHENAZINE,0.08643245339399999,0.7159718806800783,0.9779846650888937
CILOSTAZOL,0.09596836452919999,0.7159718806800783,0.9779846650888937
DOCETAXEL,0.3565622452099999,0.7166036592818994,0.9779846650888937
PRIMAQUINE,-0.2001845124949999,0.7184230563283703,0.9780122251241424
AR-42,-0.19400230596000023,0.7184230563283703,0.9780122251241424
EPZ004777,-0.0684183825395,0.7184230563283703,0.9780122251241424
BENZOFENAC,-0.0022729134579514976,0.7175404682045619,0.9780122251241424
BMY-14802,0.003251373294250001,0.7176826763229893,0.9780122251241424
LUCANTHONE,0.010747455488028024,0.7180700648506653,0.9780122251241424
HYDROXYZINE,0.037021430749499984,0.7184230563283703,0.9780122251241424
CGS-9896,0.043400202227491025,0.7175404682045619,0.9780122251241424
NIMODIPINE,0.04720850670509999,0.7184230563283703,0.9780122251241424
PF-03758309,-0.5588931466000002,0.719461953665073,0.9785745168587381
REVERSINE,-0.45282444768061025,0.7226633907236111,0.9785745168587381
ALTRETAMINE,-0.16705706123599998,0.7215818369258623,0.9785745168587381
AZD1480,-0.14334573424000002,0.7215818369258623,0.9785745168587381
RESERPINE,-0.142276286438,0.719461953665073,0.9785745168587381
AMCASERTIB,-0.12226553697924847,0.7226633907236111,0.9785745168587381
MINOXIDIL,-0.102043426317,0.7215818369258623,0.9785745168587381
PSB-11,-0.08730099511099995,0.7226633907236111,0.9785745168587381
AMISELIMOD,-0.08704241953302994,0.7237597439761738,0.9785745168587381
SB-216641,-0.08262060293100001,0.7236964206738952,0.9785745168587381
IOX2,-0.07897102891249996,0.7239320396139757,0.9785745168587381
SILVER-SULFADIAZINE,-0.07594010685921804,0.7223428217871772,0.9785745168587381
FPL-12495,-0.0666839615441715,0.7223428217871772,0.9785745168587381
EMODEPSIDE,-0.0664847039630162,0.7237597439761738,0.9785745168587381
PYRITHYLDIONE,-0.05421109571520001,0.7205147871362552,0.9785745168587381
CHLOROXOQUINOLINE,-0.04698548134950001,0.7191408237821363,0.9785745168587381
MI-14,-0.029336804427364027,0.7226633907236111,0.9785745168587381
R-59022,-0.02619257960999999,0.7215818369258623,0.9785745168587381
AM-24,-0.025398958081500014,0.7239320396139757,0.9785745168587381
DESLORATADINE,-0.024018994775999974,0.7239320396139757,0.9785745168587381
NORETHINDRONE,-0.008960792760999998,0.719461953665073,0.9785745168587381
CARBOXYLOSARTAN,0.00189452694451199,0.7223428217871772,0.9785745168587381
JI-101,0.004167266252599,0.7226633907236111,0.9785745168587381
GEPEFRINE,0.011155726227800002,0.7213271764598483,0.9785745168587381
SULISOBENZONE,0.018855961106999997,0.7205147871362552,0.9785745168587381
DELGOCITINIB,0.019380115022712203,0.7237597439761738,0.9785745168587381
TODRALAZINE,0.030948362163999987,0.7215818369258623,0.9785745168587381
ANIRACETAM,0.04228834215300001,0.7215818369258623,0.9785745168587381
MILNACIPRAN,0.06021377991257,0.7224433956056344,0.9785745168587381
NORETHISTERONE-ENANTHATE,0.06731805216784999,0.7235754080889335,0.9785745168587381
GANT-61,0.06780708215444992,0.7226633907236111,0.9785745168587381
TRANDOLAPRIL,0.0753792054337,0.7205147871362552,0.9785745168587381
BRD4770,0.10973709843595002,0.7235754080889335,0.9785745168587381
METERGOLINE,-0.09317898679410999,0.7250090776318573,0.979194911541577
TORCETRAPIB,-0.027840158313499952,0.7248712001484436,0.979194911541577
DIMPYLATE,-0.017282287089500012,0.7248712001484436,0.979194911541577
AZD1981,0.04567538596110001,0.7248712001484436,0.979194911541577
ANGUIDINE,-0.500465583245,0.7261005709879693,0.9797207023095614
RUTAECARPINE,-0.21304274311350002,0.7283280939843596,0.9797207023095614
GESTODENE,-0.13017229507150002,0.7261005709879693,0.9797207023095614
METOCLOPRAMIDE,-0.12301562439459998,0.7294553598033933,0.9797207023095614
OMDM-2,-0.11575776885825001,0.7297272707749929,0.9797207023095614
NAN-190,-0.0997253507807,0.7294553598033933,0.9797207023095614
GEDUNIN,-0.08533463963089999,0.7283280939843596,0.9797207023095614
IFOSFAMIDE,-0.05926977520264998,0.7297272707749929,0.9797207023095614
CEFTIOFUR,-0.0518256267262,0.7261005709879693,0.9797207023095614
DASOTRALINE,-0.046160106697656966,0.7283280939843596,0.9797207023095614
4-DAMP,-0.03720317920914455,0.7283280939843596,0.9797207023095614
EPRINOMECTIN,-0.018851170351399993,0.7272068103043543,0.9797207023095614
BTK-IN-1,-0.0164464564255465,0.7294647284727662,0.9797207023095614
UNC0631,-0.01592696175399999,0.7271406768447277,0.9797207023095614
PQ-401,-0.0022917245748880002,0.7262759330774349,0.9797207023095614
CLOPIDOGREL,0.0071942273892999994,0.7261005709879693,0.9797207023095614
LEONURINE,0.013150445041228,0.7294647284727662,0.9797207023095614
PEPSTATIN,0.017007877972000013,0.7282993468917471,0.9797207023095614
HALOPROGIN,0.023055307247,0.7294553598033933,0.9797207023095614
ZLN024,0.02916092885093215,0.7283280939843596,0.9797207023095614
VU0155069,0.037754609302599995,0.7272068103043543,0.9797207023095614
AZELAIC-ACID,0.04854256594099998,0.7282993468917471,0.9797207023095614
RU-58841,0.05442466262590001,0.7297272707749929,0.9797207023095614
PF-04995274,0.076330893279407,0.7294647284727662,0.9797207023095614
PF-4708671,0.10083659016350001,0.7294553598033933,0.9797207023095614
VLX-600,0.19301693195368985,0.7291785847357006,0.9797207023095614
COPANLISIB,0.2337653512000002,0.7271406768447277,0.9797207023095614
PRLX-93936,1.3539535494474801,0.7294647284727662,0.9797207023095614
TRIBOMSALAN,-0.02644124326875702,0.7311016542259751,0.9805272344613765
CLOFAZIMINE,-0.0034615354639000034,0.7305706713552739,0.9805272344613765
AS-2034178,8.384638849351367e-05,0.7311016542259751,0.9805272344613765
AIM-100,0.02952503741838765,0.7311016542259751,0.9805272344613765
ALPIDEM,0.03722245097356053,0.7311016542259751,0.9805272344613765
SALICYL-ALCOHOL,-0.038806894975499995,0.7317009589325085,0.9811233552169503
AZ20,-0.4590229976200002,0.7349927543638021,0.9812705426833126
DIENOGEST,-0.3689224473699999,0.7328465236030657,0.9812705426833126
BAY-2402234,-0.29826879150749996,0.7351847290451166,0.9812705426833126
"4-ACETYL-1,1-DIMETHYLPIPERAZINIUM",-0.1318045037184,0.7349927543638021,0.9812705426833126
Y-39983,-0.12093111077000002,0.7347473426392686,0.9812705426833126
PYRINTEGRIN,-0.10366081999881005,0.7340076744909341,0.9812705426833126
GW-803430,-0.05246314959097884,0.7360359443067271,0.9812705426833126
PK-44,-0.044943470246242206,0.7340076744909341,0.9812705426833126
METHYLERGOMETRINE,-0.021862008038699997,0.7341712003165755,0.9812705426833126
MEFENAMIC-ACID,-0.012774839995999987,0.7341712003165755,0.9812705426833126
THIETHYLPERAZINE,-0.008149683253,0.7349927543638021,0.9812705426833126
PROPRANOLOL-(R),-0.004300071609649986,0.735774884868372,0.9812705426833126
BANOXANTRONE,0.0002396608029600067,0.7351847290451166,0.9812705426833126
SANAZOLE,0.001385670086058638,0.7360359443067271,0.9812705426833126
OXYFEDRINE,0.010128585803901,0.7353894865328435,0.9812705426833126
ARBIDOL,0.014072374044250005,0.7353894865328435,0.9812705426833126
CHLORAZANIL,0.017261071985000043,0.7341712003165755,0.9812705426833126
C11-ACETATE,0.019894942758145497,0.7340076744909341,0.9812705426833126
PF-03882845,0.030021618370227505,0.7360359443067271,0.9812705426833126
"L-655,708",0.03661530288899999,0.735774884868372,0.9812705426833126
MD-920,0.0503452970927,0.7361464667692075,0.9812705426833126
NIMESULIDE,0.05325574164470001,0.7349927543638021,0.9812705426833126
FRUQUINTINIB,0.06356973581934999,0.7329699276161316,0.9812705426833126
LSZ-102,0.073621241043444,0.7351847290451166,0.9812705426833126
ULIPRISTAL,0.12270771087754999,0.7340951823194757,0.9812705426833126
PETCM,0.12717504309855,0.735774884868372,0.9812705426833126
AMBAZONE,0.13659263410425,0.7349927543638021,0.9812705426833126
MERTANSINE,0.45365215345972,0.7351847290451166,0.9812705426833126
ETHIONAMIDE,-0.08224314122035,0.7373156772164182,0.9817964796218622
MAFENIDE,-0.04646005677250001,0.7373156772164182,0.9817964796218622
LIRIMILAST,-0.03733474596199998,0.7373156772164182,0.9817964796218622
DENATONIUM-BENZOATE,-0.02962728020188,0.7373156772164182,0.9817964796218622
NITHIAMIDE,-0.02137681523099999,0.7373156772164182,0.9817964796218622
DOXORUBICIN,-0.3571202693300002,0.7385006972218391,0.9818790536456361
PF-06459988,-0.331001114425437,0.7397018466315712,0.9818790536456361
PSB-36,-0.19093195488700004,0.7397018466315712,0.9818790536456361
TANESPIMYCIN,-0.17824121801500015,0.7393984894851722,0.9818790536456361
D-PHENYLALANINE,-0.1282547970097,0.7385006972218391,0.9818790536456361
MIZORIBINE,-0.012101764704499973,0.7376595509924857,0.9818790536456361
TAK-779,0.003199546870498407,0.7397018466315712,0.9818790536456361
CALCITRIOL,0.014524384702000015,0.7393984894851722,0.9818790536456361
ZM-226600,0.03576269583000001,0.7385006972218391,0.9818790536456361
MPS1-IN-5,0.050844354206545095,0.7397018466315712,0.9818790536456361
LY303511,0.052722747357,0.7397018466315712,0.9818790536456361
AZD1446,0.05388262334899999,0.7388146200249436,0.9818790536456361
SODIUM-OXYBATE,0.09927887682884999,0.7397018466315712,0.9818790536456361
PICARTAMIDE,0.1401131336137,0.7388146200249436,0.9818790536456361
DICLOXACILLIN,0.155475101629,0.7385006972218391,0.9818790536456361
ASENAPINE,-0.04687506033199998,0.7405439585673184,0.9821739358394928
TIMOFIBRATE,0.007463844476100004,0.7401947805630205,0.9821739358394928
SR-2640,0.1531005560996,0.7405439585673184,0.9821739358394928
PARBENDAZOLE,0.1969367475799999,0.7405439585673184,0.9821739358394928
KD-023,-0.21006090887125,0.741838918078809,0.9824343504099092
DEGARELIX,-0.0957819967087,0.7413202864907289,0.9824343504099092
PHENSERINE,-0.033776398659950004,0.7413202864907289,0.9824343504099092
UBENIMEX,-0.009228887246999995,0.74173619356331,0.9824343504099092
DITOLYLGUANIDINE,0.06123559243150001,0.741838918078809,0.9824343504099092
CROMOGLICIC-ACID,0.0767951909988,0.74229062170785,0.9824343504099092
PD-153035,0.08257631802605,0.7421538563745826,0.9824343504099092
MK-0354,0.0871173050595,0.7413202864907289,0.9824343504099092
CETRIMONIUM,0.09970608995000019,0.7421538563745826,0.9824343504099092
WAY-170523,0.19428732465159998,0.7421538563745826,0.9824343504099092
BRL-26314,-0.0793706333870815,0.7429143977280113,0.982683986292806
GDC-0994,0.04346998684359804,0.7429143977280113,0.982683986292806
SULFAMETHAZINE,0.058773432501999984,0.7429444497915154,0.982683986292806
LY2183240,-0.61820308515,0.7454103223946471,0.982971074206698
MPS-BAY-2A,-0.11363346619834047,0.7454103223946471,0.982971074206698
SGC-0946,-0.10880470549230001,0.7461087055285178,0.982971074206698
SULFADIAZINE,-0.08875538004917,0.7441690492139259,0.982971074206698
PRILOCAINE,-0.074135134251,0.7441690492139259,0.982971074206698
PIOGLITAZONE,-0.028246185783000005,0.7441690492139259,0.982971074206698
DIANHYDROGALACTITOL,-0.026017102658792993,0.7457650545104003,0.982971074206698
DMAB-ANABASEINE,-0.024780439809000007,0.7441690492139259,0.982971074206698
URSODIOL,-0.007553735097839999,0.7441690492139259,0.982971074206698
A-1120,-0.0034036634121898945,0.7454103223946471,0.982971074206698
VU0364439,0.017168491378999978,0.7441690492139259,0.982971074206698
ADEFOVIR,0.03691879478999999,0.7459613483867968,0.982971074206698
DASABUVIR,0.038652287694599996,0.7459613483867968,0.982971074206698
KHS-101,0.06901621225770954,0.744747395732542,0.982971074206698
LAQUINIMOD,0.0765390427945,0.7457650545104003,0.982971074206698
PALOSURAN,0.0883634114543,0.7446744426449206,0.982971074206698
CYT-997,0.34463220408999984,0.7461087055285178,0.982971074206698
9-AMINOACRIDINE,0.34594369585100004,0.7459613483867968,0.982971074206698
CCT137690,0.4093146085200001,0.7461087055285178,0.982971074206698
SOLRIAMFETOL,-0.0714711478001064,0.7466686087863524,0.9832998698834404
LUSUTROMBOPAG,0.10571591897484597,0.7466686087863524,0.9832998698834404
AMINEPTINE,-0.07995005825762999,0.7479190224720833,0.9835490261023818
AZLOCILLIN,-0.0627365586576,0.7479442570281486,0.9835490261023818
APAFANT,-0.05444497322030001,0.7479190224720833,0.9835490261023818
TROGLITAZONE,-0.03175024214899996,0.7479190224720833,0.9835490261023818
LONIDAMINE,-0.013131691734749998,0.7479190224720833,0.9835490261023818
FRENTIZOLE,-0.011135031626300002,0.7473395792218613,0.9835490261023818
R547,0.23474084561999975,0.7479442570281486,0.9835490261023818
RGFP966,-0.23042804979,0.7485869983551448,0.9841900017793677
HEXACHLOROPHENE,-0.15276721219391,0.7498512953276989,0.9846265351205197
SB-366791,-0.064692050602,0.7498512953276989,0.9846265351205197
TEGOBUVIR,-0.0284542852434,0.7498512953276989,0.9846265351205197
ETEROBARB,0.037036211679165515,0.7498134371734961,0.9846265351205197
PF-670462,0.04066835289597254,0.7498134371734961,0.9846265351205197
PYRAZINAMIDE,0.1411976766618,0.7498512953276989,0.9846265351205197
COLCHICINE,-0.5829833688300003,0.7662522387728247,0.984993777191352
EPOTHILONE-B,-0.47534549182999997,0.764228931978713,0.984993777191352
IT1T,-0.413266741648183,0.7582090196621534,0.984993777191352
CYTOCHLOR,-0.2968222743445,0.7540148471142416,0.984993777191352
BARDOXOLONE,-0.26324838918499993,0.7540148471142416,0.984993777191352
ADAROTENE,-0.2520580832000001,0.7612563216440311,0.984993777191352
LY2603618,-0.23441456264500005,0.7712893098399607,0.984993777191352
BEKANAMYCIN,-0.206462624243,0.7637578582145441,0.984993777191352
HALOPERIDOL,-0.19006014297139,0.7612563216440311,0.984993777191352
TYRPHOSTIN-AG-835,-0.18298731162750004,0.7683814198826526,0.984993777191352
OLIGOMYCIN-A,-0.181871880729,0.7662522387728247,0.984993777191352
BORTEZOMIB,-0.1527380374399998,0.7555471490489882,0.984993777191352
CANDESARTAN,-0.15096760679800003,0.7742234502430367,0.984993777191352
TP-3654,-0.14961684531762304,0.7524318970482313,0.984993777191352
CORTICOSTERONE,-0.144904080153,0.7568690210023444,0.984993777191352
RN-1747,-0.11877602871095,0.7568690210023444,0.984993777191352
PP-121,-0.1005422669949998,0.7542430423910373,0.984993777191352
PIRENPERONE,-0.09980690415050003,0.7741570126504681,0.984993777191352
FIRATEGRAST,-0.095937695843,0.7529563490632118,0.984993777191352
GIDAZEPAM,-0.09533321475904999,0.7651942649815131,0.984993777191352
GSK-0660,-0.09417023050750001,0.7683814198826526,0.984993777191352
KHELLIN,-0.09139018138800001,0.7682587157904568,0.984993777191352
MECLOFENOXATE,-0.08719430000015001,0.765594483995764,0.984993777191352
4-(AMINOMETHYL)BENZOIC-ACID,-0.08285135909160721,0.7568690210023444,0.984993777191352
SALVINORIN-A,-0.08266676797100003,0.7578112823328643,0.984993777191352
RO-28-1675,-0.0820029496781,0.7669785222030256,0.984993777191352
RILAPLADIB,-0.07753383017173998,0.7698035603115456,0.984993777191352
AVAPRITINIB,-0.07281657614562997,0.7524318970482313,0.984993777191352
PRAZOSIN,-0.072800464545,0.7727134576842754,0.984993777191352
APYRAMIDE,-0.06798634510759771,0.7639996752873102,0.984993777191352
COUMARIN,-0.065682324889,0.7612563216440311,0.984993777191352
AM-404,-0.0649624986066,0.7669785222030256,0.984993777191352
AMG-319,-0.0636213230327,0.756438219723926,0.984993777191352
OLTIPRAZ,-0.06199790852199999,0.7637578582145441,0.984993777191352
CB-10-277,-0.0590087446907,0.7741260945266872,0.984993777191352
MSX-122,-0.058338748473744796,0.7636712182336445,0.984993777191352
TIAPRIDE,-0.058314323515500005,0.7684977098758217,0.984993777191352
5-CARBOXAMIDOTRYPTAMINE,-0.0564520036908,0.7599122992107631,0.984993777191352
8-HYDROXY-DPAT,-0.05456467251300001,0.7741260945266872,0.984993777191352
ALPHA-TOCHOPHERYL-ACETATE,-0.0545301626514935,0.7599122992107631,0.984993777191352
NKP-1339,-0.05401329653499,0.764228931978713,0.984993777191352
DIHYDROXYACETONE,-0.0534216999940325,0.7683814198826526,0.984993777191352
BEFURALINE,-0.0522906957841,0.759203815395283,0.984993777191352
A922500,-0.051316986897999996,0.7542430423910373,0.984993777191352
METAXALONE,-0.04877432251649999,0.765594483995764,0.984993777191352
SB-756050,-0.04618079150800003,0.7723930894690076,0.984993777191352
JW-55,-0.04437578232306944,0.7653658572752016,0.984993777191352
PEMIROLAST,-0.04375355995500002,0.7540148471142416,0.984993777191352
BTS-54505,-0.042759759013,0.7585862262797964,0.984993777191352
GSK-J2,-0.0423883596518205,0.7636712182336445,0.984993777191352
MESTRANOL,-0.036634715477500024,0.7741894278617516,0.984993777191352
TROLEANDOMYCIN,-0.036625181721780004,0.7599122992107631,0.984993777191352
3-DEAZAADENOSINE,-0.03589303568050001,0.7628815025444791,0.984993777191352
SDZ-205-557,-0.035834876827600004,0.7683814198826526,0.984993777191352
CLENBUTEROL,-0.03301019993300003,0.7684977098758217,0.984993777191352
NEDOCROMIL,-0.03137549597,0.7555471490489882,0.984993777191352
PIPERAQUINE-PHOSPHATE,-0.02645082508950003,0.7540148471142416,0.984993777191352
LEVAMISOLE,-0.025877702464999985,0.7723930894690076,0.984993777191352
AZILSARTAN,-0.02441554430049997,0.7537489121519628,0.984993777191352
RWJ-67657,-0.021804217506096846,0.7567325498746273,0.984993777191352
APC-100,-0.02152202555945445,0.7636712182336445,0.984993777191352
CIS-UROCANIC ACID,-0.02099562626302,0.7682587157904568,0.984993777191352
OZAGREL,-0.019033697610050006,0.7653997612598769,0.984993777191352
SORAPRAZAN,-0.017306876615309996,0.7698035603115456,0.984993777191352
GSK503,-0.016526075748385022,0.7706289199388067,0.984993777191352
L-KYNURENINE,-0.013626641758443997,0.7524318970482313,0.984993777191352
VUF11207,-0.012100723495986399,0.7722766128288554,0.984993777191352
8-M-PDOT,-0.012027487030000006,0.7555471490489882,0.984993777191352
6-AMINOPENICILLANIC-ACID,-0.0098170442363915,0.7568690210023444,0.984993777191352
KHK-IN-1,-0.009749290554759926,0.7741570126504681,0.984993777191352
PF-514273,-0.008520632347691987,0.7639996752873102,0.984993777191352
7-CHLOROKYNURENIC-ACID,-0.008382140230460002,0.7741260945266872,0.984993777191352
DACLATASVIR,-0.003501195511000005,0.7584130677781573,0.984993777191352
RO-3306,-0.003299823099552899,0.751600739057135,0.984993777191352
OBATOCLAX,-0.0028467606200002216,0.7568690210023444,0.984993777191352
RUTIN,-0.0027531744815000037,0.7649675657508215,0.984993777191352
IPSAPIRONE,-0.00036425584195000013,0.7511328114119074,0.984993777191352
AQ-13,0.0,0.7698035603115456,0.984993777191352
S15535,0.0,0.7698035603115456,0.984993777191352
DOSULEPIN,4.713789000007629e-06,0.7698841852228506,0.984993777191352
SAROGLITAZAR,0.0007090597391695153,0.7741570126504681,0.984993777191352
DAIDZEIN,0.0014880723500000081,0.7723930894690076,0.984993777191352
PRAVASTATIN,0.002881835169499969,0.7540148471142416,0.984993777191352
UBP-310,0.0034701161229327496,0.7626186562167101,0.984993777191352
OTAMIXABAN,0.0036461059005000185,0.7537489121519628,0.984993777191352
CAY10505,0.007588130670500015,0.7712893098399607,0.984993777191352
PNU-37883,0.009392102782349997,0.7511328114119074,0.984993777191352
IBOTENIC-ACID,0.010483530821293205,0.7683814198826526,0.984993777191352
NMDA,0.010750419340100001,0.7628815025444791,0.984993777191352
METHOXSALEN,0.011626270263000019,0.7742198640107305,0.984993777191352
OXANDROLONE,0.012850129779749989,0.7684977098758217,0.984993777191352
URB597,0.013633222291542499,0.7567325498746273,0.984993777191352
LIAROZOLE,0.014343241664894257,0.7584737287033549,0.984993777191352
IDAZOXANE,0.015707872135140105,0.7706289199388067,0.984993777191352
CT-7758,0.0161847317147,0.764228931978713,0.984993777191352
GDC-0077,0.016993171297332993,0.7639996752873102,0.984993777191352
PALMITOYLCARNITINE,0.01731043082835,0.7628815025444791,0.984993777191352
BOSENTAN,0.01740493858925,0.7684977098758217,0.984993777191352
DIHYDROSTREPTOMYCIN,0.017808262736999994,0.7555471490489882,0.984993777191352
FUREGRELATE,0.02018833204740797,0.7653658572752016,0.984993777191352
DESVENLAFAXINE,0.02428582913799998,0.7612563216440311,0.984993777191352
OLOPATADINE,0.0248594658135,0.7568690210023444,0.984993777191352
MK-0752,0.026325390230499957,0.7741260945266872,0.984993777191352
LY2510924,0.027987924573994405,0.7582090196621534,0.984993777191352
AZD1283,0.030112889101999996,0.7612563216440311,0.984993777191352
MDL-72832,0.030633120563499996,0.7628815025444791,0.984993777191352
AS-1892802,0.030988081070634152,0.751600739057135,0.984993777191352
CLORSULON,0.03131391391599997,0.7555471490489882,0.984993777191352
LEVOTHYROXINE,0.032947779988000025,0.7723930894690076,0.984993777191352
VERICIGUAT,0.0334156268169749,0.7626186562167101,0.984993777191352
URETHANE,0.03547046892201,0.7585500007789601,0.984993777191352
NAPHTHOQUINE-PHOSPHATE,0.03564568726049999,0.759203815395283,0.984993777191352
ML-323,0.03602029017656459,0.7567325498746273,0.984993777191352
OCINAPLON,0.03940087332295,0.756438219723926,0.984993777191352
GANGLIOSIDE-GM1,0.0402606538494,0.7653997612598769,0.984993777191352
CQS,0.043502750891142,0.7582090196621534,0.984993777191352
PRITELIVIR,0.0456912656709,0.7727134576842754,0.984993777191352
TELCAGEPANT,0.048239164681999985,0.7669785222030256,0.984993777191352
ASPARTAME,0.04882671310049999,0.7623415383917277,0.984993777191352
PYRANTEL,0.050897541743000006,0.7532277805071725,0.984993777191352
PUTRESCINE,0.05182301168962544,0.7511328114119074,0.984993777191352
GPI-1046,0.052612650980617605,0.7567325498746273,0.984993777191352
GW-6471,0.06147726683973098,0.7722766128288554,0.984993777191352
BMS-470539,0.063243517668577,0.7741570126504681,0.984993777191352
6-IODO-NORDIHYDROCAPSAICIN,0.06365298582650003,0.7662522387728247,0.984993777191352
SOFALCONE,0.066008055216,0.7723930894690076,0.984993777191352
SB-297006,0.06918401417486496,0.7683814198826526,0.984993777191352
TIENILIC-ACID,0.06965067120826152,0.7584737287033549,0.984993777191352
ZD-2079,0.07082725939400002,0.7669785222030256,0.984993777191352
TALAROZOLE,0.0713536888265,0.7662522387728247,0.984993777191352
SIB-1893,0.07425064096230259,0.7511328114119074,0.984993777191352
COBICISTAT,0.075210880420095,0.7516867262425195,0.984993777191352
TRICHLORMETHIAZIDE,0.0759032841086,0.765594483995764,0.984993777191352
LUMIRACOXIB,0.07833497044650001,0.7727134576842754,0.984993777191352
METHANESULFONYL-FLUORIDE,0.0796845059447365,0.7511328114119074,0.984993777191352
GSK1292263,0.0825071203318,0.7698841852228506,0.984993777191352
CG-400549,0.08659237830600003,0.7537489121519628,0.984993777191352
PACRITINIB,0.09126355885100002,0.7669785222030256,0.984993777191352
SULFAMETHOXYPYRIDAZINE,0.091932345238485,0.7712893098399607,0.984993777191352
LRRK2-IN-1,0.09948281196848949,0.7584737287033549,0.984993777191352
DELAFLOXACIN,0.09999985756894071,0.7698035603115456,0.984993777191352
TRIFLOXYSTROBIN,0.10050607408326495,0.7698035603115456,0.984993777191352
VITAMIN-B12,0.10064146137885,0.7601260381317935,0.984993777191352
ROSE-BENGAL-LACTONE,0.10312645115247901,0.7706289199388067,0.984993777191352
SELETALISIB,0.10499757752399799,0.7698035603115456,0.984993777191352
MEBHYDROLIN,0.11213037854000002,0.7669785222030256,0.984993777191352
DPPE,0.12155389406424999,0.7662522387728247,0.984993777191352
MK-3697,0.12198156350049999,0.7612563216440311,0.984993777191352
TRABODENOSON,0.122451907703072,0.7582090196621534,0.984993777191352
AZD2461,0.14193331055049996,0.7504056663908302,0.984993777191352
12-O-TETRADECANOYLPHORBOL-13-ACETATE,0.15123642261,0.7529563490632118,0.984993777191352
RESIQUIMOD,0.1638825341813,0.7653997612598769,0.984993777191352
BENZYDAMINE,0.18645466816300005,0.7653997612598769,0.984993777191352
VINORELBINE,0.21774067908000005,0.7662522387728247,0.984993777191352
CHLORPROPAMIDE,0.221497330956,0.7741260945266872,0.984993777191352
BMS-986142,-0.161505003363681,0.7756203688987794,0.9850829466957084
LONAFARNIB,-0.11675312521700001,0.7755517030725627,0.9850829466957084
DEHYDROCHOLATE-ACID,-0.09769770207700001,0.775692583874323,0.9850829466957084
BATEFENTEROL,-0.0754658670644584,0.7756203688987794,0.9850829466957084
UKI-1,-0.05862059820516999,0.7756203688987794,0.9850829466957084
SACLOFEN,-0.03169246038699999,0.7755517030725627,0.9850829466957084
PD-184352,-0.029948319750999985,0.775692583874323,0.9850829466957084
EF5,0.04994285366377371,0.7756203688987794,0.9850829466957084
PRACTOLOL,0.0719924587415,0.7755517030725627,0.9850829466957084
OXYPHENCYCLIMINE,-0.7777918591599999,0.7876805208636474,0.9858695649238265
OTX015,-0.18628205787,0.7843156586025792,0.9858695649238265
RALOXIFENE,-0.137718293711,0.7797663774851764,0.9858695649238265
RG4733,-0.13551849136845,0.7827157269035717,0.9858695649238265
BLZ945,-0.1328599586900283,0.7872915225872047,0.9858695649238265
FG-7142,-0.1141943309174,0.7812312006278721,0.9858695649238265
SALIDROSIDE,-0.11112028050349998,0.7799451330394519,0.9858695649238265
OUABAIN,-0.10821026591499994,0.788446734264471,0.9858695649238265
AG-490,-0.10301553043299999,0.7857454774848417,0.9858695649238265
METHOXAMINE,-0.09338661243500002,0.788446734264471,0.9858695649238265
ASCIMINIB,-0.08287716730710239,0.7872915225872047,0.9858695649238265
MRS-1334,-0.0790408584228342,0.7857454774848417,0.9858695649238265
UC-112,-0.07738609727268098,0.7857454774848417,0.9858695649238265
TIE2-KINASE-INHIBITOR,-0.07199112467600002,0.7842203508562123,0.9858695649238265
AZELIRAGON,-0.06569092899595,0.7832487276815995,0.9858695649238265
TIZANIDINE,-0.064065581002,0.778460832958916,0.9858695649238265
DAIDZIN,-0.06332726216843701,0.7872915225872047,0.9858695649238265
ESTROPIPATE,-0.062432118923949995,0.7827157269035717,0.9858695649238265
MK-0893,-0.06041664963110001,0.7785482278984924,0.9858695649238265
VOCLOSPORIN,-0.0590224919982375,0.7857454774848417,0.9858695649238265
DROFENINE,-0.05459051503599999,0.7842203508562123,0.9858695649238265
DACARBAZINE,-0.05004823168094999,0.7847172890496601,0.9858695649238265
OAC2,-0.048263956841937954,0.7776051280815116,0.9858695649238265
3-ALPHA-BIS-(4-FLUOROPHENYL)-METHOXYTROPANE,-0.04814200570900001,0.7842203508562123,0.9858695649238265
FIROCOXIB,-0.04787885301080001,0.788446734264471,0.9858695649238265
CHROMOCARB,-0.045928961463139996,0.7827157269035717,0.9858695649238265
"ICI-185,282",-0.04162574687599996,0.7847172890496601,0.9858695649238265
TIPRANAVIR,-0.03625079212800003,0.7849472597860738,0.9858695649238265
WNT-C59,-0.03260770059725,0.7797663774851764,0.9858695649238265
ADIPIC-ACID,-0.032155648551219496,0.7861519350487751,0.9858695649238265
OFLOXACIN,-0.019350288096499968,0.7827157269035717,0.9858695649238265
SLV-320,-0.016341158566749996,0.7801333481766646,0.9858695649238265
EED226,-0.012279298532070354,0.7861519350487751,0.9858695649238265
BMS-309403,-0.012147920184371164,0.7792054789859786,0.9858695649238265
METHYLPHENIDATE,-0.011809958006499977,0.7827157269035717,0.9858695649238265
PERETINOIN,-0.009676354735499992,0.7801333481766646,0.9858695649238265
AMINOSALICYLATE,-0.0060274799379999855,0.7876805208636474,0.9858695649238265
TRILOSTANE,-0.004744768439700009,0.7842203508562123,0.9858695649238265
AZ191,0.007958278234500016,0.7827157269035717,0.9858695649238265
BICTEGRAVIR,0.008367112272273897,0.7872915225872047,0.9858695649238265
KI-20227,0.013447349496212652,0.7861519350487751,0.9858695649238265
BISMUTH-OXALATE,0.016860176817349998,0.7778508129344645,0.9858695649238265
AZELNIDIPINE,0.017048082470949993,0.782975228836946,0.9858695649238265
A-582941,0.017651083469246487,0.7857454774848417,0.9858695649238265
GLESATINIB,0.0202128832833941,0.7814497930370563,0.9858695649238265
ULIFLOXACIN,0.02109156881799998,0.7832487276815995,0.9858695649238265
TYLOSIN,0.021238059147,0.782975228836946,0.9858695649238265
BRL-50481,0.02445461119600001,0.7842203508562123,0.9858695649238265
NLG919,0.02445941282357105,0.7845993112752648,0.9858695649238265
NAFTIFINE,0.024899494633999986,0.7797663774851764,0.9858695649238265
PAC-1,0.026624208425999996,0.7876805208636474,0.9858695649238265
INDACATEROL,0.0278420589627,0.7842203508562123,0.9858695649238265
DIMESNA,0.029578222319999986,0.778460832958916,0.9858695649238265
LY450108,0.04067672111672585,0.7845993112752648,0.9858695649238265
POLYINOSINE,0.050080338512797355,0.7776051280815116,0.9858695649238265
SDM25N,0.05510808168299999,0.7847172890496601,0.9858695649238265
BETAXOLOL,0.056493790985000014,0.778460832958916,0.9858695649238265
TRICAPRYLIN,0.060177093849700006,0.7769964877929196,0.9858695649238265
CINCHOCAINE,0.07148402906000001,0.7854182778597101,0.9858695649238265
ENOXOLONE,0.07446538589349999,0.788446734264471,0.9858695649238265
RACTOPAMINE,0.0763651831333,0.7857454774848417,0.9858695649238265
MRK-409,0.08131025367431602,0.7861519350487751,0.9858695649238265
"TROPANYL-3,5-DIMETHYLBENZOATE",0.08326692595335,0.7797663774851764,0.9858695649238265
BISMUTH-SUBSALICYLATE,0.08340328167269559,0.7872915225872047,0.9858695649238265
TEMEFOS,0.08350028880487748,0.7799451330394519,0.9858695649238265
CHLORCYCLIZINE,0.08551065326754997,0.7785482278984924,0.9858695649238265
BAN-ORL-24,0.08639528122343999,0.7859065619205591,0.9858695649238265
MK-8245,0.08722167408699999,0.7842203508562123,0.9858695649238265
CEP-37440,0.1033294024141,0.7869223910711971,0.9858695649238265
GF109203X,0.116671556764328,0.7857454774848417,0.9858695649238265
DOXAZOSIN,0.12348116399800002,0.7842203508562123,0.9858695649238265
DALCETRAPIB,0.12474884756349996,0.7843156586025792,0.9858695649238265
AMG-510,0.139914700162529,0.7872915225872047,0.9858695649238265
TEPOXALIN,0.1435875355413,0.788446734264471,0.9858695649238265
DIHYDROARTEMISININ,0.18229011080149998,0.7799451330394519,0.9858695649238265
PROCHLORPERAZINE,0.23995447419735003,0.788446734264471,0.9858695649238265
WP1130,0.31867793111499987,0.7843156586025792,0.9858695649238265
IKK-2-INHIBITOR-V,0.39797652466449995,0.7847172890496601,0.9858695649238265
LIFITEGRAST,-0.2176954754008168,0.793145245332092,0.9861019069392715
NARATRIPTAN,-0.117494492455,0.7899917122094124,0.9861019069392715
ZOSUQUIDAR,-0.0948245017817,0.7926249857105908,0.9861019069392715
4E1RCAT,-0.070836744201,0.7907954226090544,0.9861019069392715
NICAINOPROL,-0.069512584306995,0.793145245332092,0.9861019069392715
CURCUMOL,-0.06515587356473096,0.7916109337764534,0.9861019069392715
IMREG-1,-0.043454994805399993,0.7908999052857192,0.9861019069392715
"5-AMINO-3-D-RIBOFURANOSYLTHIAZOLO[4,5-D]PYRIMIDIN-2,7(3H,6H)-DIONE",-0.038689827825499956,0.7895508747416392,0.9861019069392715
TOMIVOSERTIB,-0.02931712593829859,0.793145245332092,0.9861019069392715
S-14506,-0.023562774851,0.7908999052857192,0.9861019069392715
AMG-517,-0.02149956400719999,0.7908999052857192,0.9861019069392715
LSN-2463359,-0.020284262728953034,0.7931154561167674,0.9861019069392715
RS-16566,-0.0187568280278,0.7899917122094124,0.9861019069392715
LU-AA-47070,-0.00533339242756542,0.7931154561167674,0.9861019069392715
DIHYDROMYRICETIN,-8.037862999993317e-06,0.7892934493845889,0.9861019069392715
ELVITEGRAVIR,0.0009220368264000051,0.7910815129207817,0.9861019069392715
MEDICA-16,0.01562816101908,0.7892934493845889,0.9861019069392715
PD-173074,0.016146852762499997,0.7908999052857192,0.9861019069392715
PF-4800567,0.018161684643257597,0.7931154561167674,0.9861019069392715
BMS-587101,0.02075209163939999,0.7920594962908581,0.9861019069392715
3-CPMT,0.023984092198600003,0.7899917122094124,0.9861019069392715
XAMOTEROL,0.035986369461000006,0.7899917122094124,0.9861019069392715
ORLISTAT,0.04219024541850003,0.7895508747416392,0.9861019069392715
AZD8186,0.06468761094693354,0.7916109337764534,0.9861019069392715
GSK-37647,0.0669239522497399,0.7931154561167674,0.9861019069392715
RO-3,0.06875267957126599,0.7931154561167674,0.9861019069392715
BAICALIN,0.08477543975284998,0.7910815129207817,0.9861019069392715
CABOTEGRAVIR,0.09897645937692512,0.7916109337764534,0.9861019069392715
EPIGALLOCATECHIN-(-),0.1107716692578607,0.793145245332092,0.9861019069392715
RACECADOTRIL,-0.05582160294500002,0.7936936020344199,0.9865901051573398
ETHOPABATE,-0.06664636655,0.7941892150565808,0.986819030551677
GLYBURIDE,-0.0535867749232,0.7941892150565808,0.986819030551677
BVD-523,-0.12974127362350002,0.797095706410128,0.9871082806946723
EPROSARTAN,-0.11461549023250006,0.7947546650148494,0.9871082806946723
ZCL-278,-0.035640565411,0.7957746159021497,0.9871082806946723
EBPC,-0.03026316145800001,0.7967557981431935,0.9871082806946723
SIROLIMUS,-0.017192328724299998,0.797095706410128,0.9871082806946723
ASUNAPREVIR,-0.014089951642699994,0.797095706410128,0.9871082806946723
NICOTINE,-0.000803628441000015,0.7972896787804326,0.9871082806946723
TW-37,-0.0004327712099998493,0.7972896787804326,0.9871082806946723
ICI-199441,0.02184012233254,0.797095706410128,0.9871082806946723
DOCOSANOL,0.03321306655709999,0.7972896787804326,0.9871082806946723
CARBOXYAMIDOTRIAZOLE,0.0377190377070915,0.7953508802214089,0.9871082806946723
NPC-15199,0.0450019141312,0.7967557981431935,0.9871082806946723
BW-B70C,0.04625176514614651,0.79738161415118,0.9871082806946723
POTASSIUM-CANRENOATE,0.04714564000884,0.7957746159021497,0.9871082806946723
BETA-AMYLOID-SYNTHESIS-INHIBITOR,0.061808941773000003,0.7957746159021497,0.9871082806946723
M8-B,0.0684400477515289,0.79738161415118,0.9871082806946723
PUERARIN,0.10994100928700001,0.79738161415118,0.9871082806946723
RAD140,0.11196137502451348,0.79738161415118,0.9871082806946723
FURVINA,0.1174387094034875,0.79738161415118,0.9871082806946723
ASPIRIN,-0.233330381463,0.7997189715764079,0.9875740684031249
FOSTAMATINIB,-0.10001741398700001,0.7999428725945792,0.9875740684031249
NSC-9965,-0.063796716151,0.7999428725945792,0.9875740684031249
CCG-50014,-0.04814865764730003,0.7997503654930516,0.9875740684031249
CHLOROPYRAMINE,-0.04609879668499972,0.7999428725945792,0.9875740684031249
CARBOPLATIN,-0.03207793855100005,0.7997503654930516,0.9875740684031249
MOSAPRIDE,-0.01739136400450003,0.7999428725945792,0.9875740684031249
KN-62,-0.002419415203816347,0.7986394556068791,0.9875740684031249
TAFLUPROST,0.0014880520252820995,0.7990106470264661,0.9875740684031249
XIBENOLOL,0.0205383376398,0.7980410598650202,0.9875740684031249
RO-48-6791,0.0228268411124322,0.7990106470264661,0.9875740684031249
TIPELUKAST,0.0350074095815801,0.7990106470264661,0.9875740684031249
INDAPAMIDE,0.04550620576308,0.7983386940234792,0.9875740684031249
JNJ-42041935,0.0492133930573945,0.7986394556068791,0.9875740684031249
ETP-45658,0.20827021965870007,0.8000955132052459,0.9875740684031249
MNITMT,-0.025379794481,0.8006621634420568,0.9876963460643009
D-ALPHA-TOCOPHERYL-SUCCINATE,0.07593404295995,0.8006621634420568,0.9876963460643009
BMS-707035,0.31655348163600006,0.8006621634420568,0.9876963460643009
BUFEXAMAC,-0.0705709870965,0.8015687589153786,0.9880453657356066
EMBELIN,-0.0406979932739,0.8015687589153786,0.9880453657356066
ISAVUCONAZOLE,-0.03415300284600001,0.8014206719473388,0.9880453657356066
MEXENEONE,0.08226014846199997,0.8015687589153786,0.9880453657356066
MIVOBULIN,-0.5074326809999201,0.8032167892528028,0.9884542668246382
MITIGLINIDE,-0.10271715005795,0.8024408472487682,0.9884542668246382
NALOXONE-BENZOYLHYDRAZONE,-0.06527775704890001,0.803304319732821,0.9884542668246382
5-AMINOLEVULINIC-ACID,0.021655966546359998,0.8024408472487682,0.9884542668246382
JNJ-7706621,0.021957473190000076,0.803304319732821,0.9884542668246382
SM-21,0.04281488840349998,0.803304319732821,0.9884542668246382
DQP-1105,0.0881935220622044,0.8032167892528028,0.9884542668246382
SB-216763,0.100051669722,0.8032167892528028,0.9884542668246382
KW-2449,0.16249531414309998,0.8024408472487682,0.9884542668246382
DALBAVANCIN,-0.3521198632870606,0.8090629542699956,0.9885747841930693
REPOTRECTINIB,-0.3175854075109199,0.8048874114473675,0.9885747841930693
ATUVECICLIB,-0.27330846942055054,0.8048874114473675,0.9885747841930693
BIPERIDEN,-0.172987488665,0.8073738363748336,0.9885747841930693
NOMIFENSINE,-0.16755953857555,0.808136372249522,0.9885747841930693
VANOXERINE,-0.15291454718250008,0.8095253701372223,0.9885747841930693
PEMETREXED,-0.14575327275949998,0.8040345033430751,0.9885747841930693
IOWH032,-0.14433734481100002,0.805756286671411,0.9885747841930693
DEFERASIROX,-0.10830657874965,0.8082365886842722,0.9885747841930693
EVEROLIMUS,-0.09554574242399999,0.8073738363748336,0.9885747841930693
OXIBENDAZOLE,-0.07295454236499999,0.808136372249522,0.9885747841930693
CB-03-01,-0.070249843704,0.8040632237008902,0.9885747841930693
SONIDEGIB,-0.06135536241499999,0.808136372249522,0.9885747841930693
GR46611,-0.052466789703499994,0.8095253701372223,0.9885747841930693
OXYPURINOL,-0.0505024992803,0.8082914244942366,0.9885747841930693
AQ-RA741,-0.05037705241389999,0.8073738363748336,0.9885747841930693
BUSULFAN,-0.04475391949271,0.8095253701372223,0.9885747841930693
TUG-891,-0.02854326441555549,0.807091573365347,0.9885747841930693
KINETIN,-0.028381942495999957,0.8058095123289689,0.9885747841930693
BEDAQUILINE,-0.028062936782000003,0.8095253701372223,0.9885747841930693
BUDIPINE,-0.02493987252999999,0.8097982806921608,0.9885747841930693
ISOSTEVIOL,-0.010280223141800007,0.8097982806921608,0.9885747841930693
PIDOLIC-ACID,-0.009536287092499984,0.8057074083726683,0.9885747841930693
NPY-5RA972,-0.0006420797020000035,0.8073738363748336,0.9885747841930693
LEVOSIMENDAN,0.008781674601004985,0.8095253701372223,0.9885747841930693
BENDAMUSTINE,0.026595035230999986,0.8097982806921608,0.9885747841930693
DIHYDROERGOTAMINE,0.029829793611499983,0.8095253701372223,0.9885747841930693
FPH1-(BRD-6125),0.031328260796499974,0.8090629542699956,0.9885747841930693
CZC24832,0.045276825103999996,0.808136372249522,0.9885747841930693
MMPX,0.048614632519905006,0.808136372249522,0.9885747841930693
ENZASTAURIN,0.06098020527699999,0.808136372249522,0.9885747841930693
BALAPIRAVIR,0.06685077814116,0.8075024740783546,0.9885747841930693
RO-10-5824,0.0693353968225,0.8049189108924468,0.9885747841930693
CFTRINH-172,0.085119209429,0.808136372249522,0.9885747841930693
CHLORMEZANONE,0.11071506778799999,0.8073738363748336,0.9885747841930693
BLONANSERIN,0.1373003615383,0.8065810852928648,0.9885747841930693
SKF-81297,0.1399559075792,0.8097982806921608,0.9885747841930693
EDELFOSINE,0.14348494333600004,0.8057074083726683,0.9885747841930693
INGENOL-MEBUTATE,0.19064677641149996,0.808136372249522,0.9885747841930693
9-AMINOCAMPTOTHECIN,0.22327953580301507,0.805684332678006,0.9885747841930693
ABT-751,0.30317284315400006,0.8037979979322676,0.9885747841930693
A-485,-0.34795642247266145,0.8149197959416159,0.9885807365059165
VINFLUNINE,-0.30906792282749995,0.8160556781130303,0.9885807365059165
PROSCILLARIDIN-A,-0.2806702037400002,0.8172679118018574,0.9885807365059165
NUVENZEPINE,-0.2683131750222286,0.8166737539947431,0.9885807365059165
PERUVOSIDE,-0.1756892022250005,0.8157584801480233,0.9885807365059165
SQUARIC-ACID-DIBUTYL-ESTER,-0.1621388653906073,0.8149197959416159,0.9885807365059165
CV-1808,-0.1446404792046,0.8220032699997074,0.9885807365059165
DWK-1339,-0.13784008412714602,0.8149197959416159,0.9885807365059165
SALICYLIC-ACID,-0.13593936854050004,0.8230632737581214,0.9885807365059165
BIBN4096,-0.12884561970805,0.8195576896978053,0.9885807365059165
SAVOLITINIB,-0.1247850564792331,0.8207869992158064,0.9885807365059165
MARBOFLOXACIN,-0.12200494726299999,0.8190155661475743,0.9885807365059165
FK-888,-0.1054869659285,0.8184518970789997,0.9885807365059165
TOLCAPONE,-0.09379582966200001,0.8178653716216279,0.9885807365059165
RO-19-4605,-0.092373224591,0.8220032699997074,0.9885807365059165
NSC-5844,-0.09178312403583815,0.8141030998057153,0.9885807365059165
M-25,-0.08220580231845051,0.8211295520157018,0.9885807365059165
SAFINGOL,-0.07024680729700003,0.8212987919766708,0.9885807365059165
FUMONISIN-B1,-0.06395550242849801,0.8166737539947431,0.9885807365059165
METAPROTERENOL,-0.05603485496799998,0.8230632737581214,0.9885807365059165
PF-06260414,-0.055727747020377,0.8166737539947431,0.9885807365059165
PIRETANIDE,-0.03512734233449999,0.8114825221108789,0.9885807365059165
ETODOLAC,-0.034741163160499966,0.8195576896978053,0.9885807365059165
LORAZEPAM,-0.032415470999999974,0.8178653716216279,0.9885807365059165
NG-NITRO-ARGININE,-0.03226282605183434,0.8211295520157018,0.9885807365059165
PYRAZINOYLGUANIDINE,-0.030917156550500008,0.8131895415989988,0.9885807365059165
ABT-639,-0.02829370529865,0.8160556781130303,0.9885807365059165
TCS-2002,-0.0271994454079338,0.8207869992158064,0.9885807365059165
FINGOLIMOD,-0.025929518720499978,0.8230632737581214,0.9885807365059165
PIMOZIDE,-0.025914151649500006,0.8220032699997074,0.9885807365059165
SOLIFENACIN-SUCCINATE,-0.023277056878749997,0.8114825221108789,0.9885807365059165
MECLOFENAMIC-ACID,-0.021683412267400004,0.8220032699997074,0.9885807365059165
EPHEDRINE,-0.018203450392499987,0.8230632737581214,0.9885807365059165
ECABAPIDE,-0.015270035534999976,0.8212987919766708,0.9885807365059165
HA-966-(R)-(+),-0.015194055171000004,0.8195576896978053,0.9885807365059165
LEVOSULPIRIDE,-0.010433295552999988,0.8190155661475743,0.9885807365059165
CYM-50769,-0.009338460199143,0.8211295520157018,0.9885807365059165
CASIN,-0.00883748611336549,0.8149197959416159,0.9885807365059165
BIFENDATE,-0.008587088659899999,0.8157584801480233,0.9885807365059165
VELARESOL,-0.008072016966805012,0.8107752204450995,0.9885807365059165
VELIFLAPON,-0.007793145730145001,0.8220827284155122,0.9885807365059165
ROSMARINIC-ACID,-0.004329623286675,0.8138420834912923,0.9885807365059165
WB-4101,-0.0017045248979999927,0.8190155661475743,0.9885807365059165
MUPIROCIN,0.0005528689974500026,0.8220827284155122,0.9885807365059165
PIK-93,0.006238551474000015,0.8190155661475743,0.9885807365059165
SKA-31,0.008233465183100003,0.8190155661475743,0.9885807365059165
IPI549,0.008830783093221994,0.8166737539947431,0.9885807365059165
2-CMDO,0.011106989578999915,0.8157584801480233,0.9885807365059165
GLECAPREVIR,0.012447550190447305,0.8225826902482019,0.9885807365059165
BTB06584,0.0144757591220214,0.8207869992158064,0.9885807365059165
BUPRANOLOL,0.01676487666275,0.8100394892603575,0.9885807365059165
3-AQC,0.018142939277000003,0.8207869992158064,0.9885807365059165
CARBAMAZEPINE,0.022222300737500006,0.8155435692501102,0.9885807365059165
Y-11,0.02360227711325795,0.8141030998057153,0.9885807365059165
PROLYLLEUCYLGLYCINAMIDE,0.02560158283809999,0.8197006967867769,0.9885807365059165
NAFAMOSTAT,0.026531666696000017,0.8131895415989988,0.9885807365059165
ML-9,0.029819756927350005,0.8114825221108789,0.9885807365059165
SECALCIFEROL,0.0332984474635,0.8230632737581214,0.9885807365059165
CARBACHOL,0.03491058641955,0.8213356195152943,0.9885807365059165
THIAMET-G,0.03566547212730001,0.8131895415989988,0.9885807365059165
TESTOSTERONE-ENANTHATE,0.03623448775235,0.8157584801480233,0.9885807365059165
SULPIRIDE,0.037669879136999984,0.8131895415989988,0.9885807365059165
SODIUM-GLUCONATE,0.04007186151,0.8103199479539106,0.9885807365059165
BUCETIN,0.0431645746605,0.8230632737581214,0.9885807365059165
DOMPERIDONE,0.047348964954100015,0.8172679118018574,0.9885807365059165
TRIMEBUTINE,0.04952387537450004,0.8138420834912923,0.9885807365059165
TIRACIZINE,0.051462983075399996,0.8155435692501102,0.9885807365059165
SERTINDOLE,0.05417685860379998,0.8157584801480233,0.9885807365059165
TANDOSPIRONE,0.0603142386563,0.8155435692501102,0.9885807365059165
MIGLITOL,0.0627892933,0.8145633772318215,0.9885807365059165
SB-200646,0.063476413226,0.8220032699997074,0.9885807365059165
IODOANTIPYRINE,0.07193522390610001,0.8125111054982326,0.9885807365059165
SULFAMETHOXAZOLE,0.0773718673005,0.8230632737581214,0.9885807365059165
SARI-59-801,0.09105738711375,0.8127450169168724,0.9885807365059165
SQ-22536,0.0927530919499,0.8212987919766708,0.9885807365059165
SC-19220,0.11062856366455999,0.8190155661475743,0.9885807365059165
SERATRODAST,0.1226147909567635,0.8149197959416159,0.9885807365059165
1-PHENYLBIGUANIDE,0.1322318103991,0.8190155661475743,0.9885807365059165
SELUMETINIB,0.14903201843699998,0.8138420834912923,0.9885807365059165
BNTX,0.14970854822000002,0.8190155661475743,0.9885807365059165
A-1070722,0.15126724467845204,0.8141030998057153,0.9885807365059165
PRISOTINOL,0.1660770156455791,0.8225826902482019,0.9885807365059165
MERIMEPODIB,0.18568947193899998,0.8178653716216279,0.9885807365059165
UBP-296,0.25117316938366496,0.8207869992158064,0.9885807365059165
OXYQUINOLINE,0.392806861987,0.8118052023642311,0.9885807365059165
FLUFENAMIC-ACID,-0.17394635736300001,0.823936445391891,0.988700688402114
FLUROTHYL,-0.16024971455473003,0.8234029980487916,0.988700688402114
SIPATRIGINE,-0.14398809890078,0.8258164057475263,0.988700688402114
ZINC-UNDECYLENATE,-0.1000303328088159,0.8266642473007143,0.988700688402114
NHI-2,-0.08530826709751115,0.8266642473007143,0.988700688402114
AZELASTINE,-0.06836691922879999,0.8270636498689611,0.988700688402114
1E-1-(2-HYDROXY-5-METHYLPHENYL)-1-DODECANONE OXIME,-0.05726276035855239,0.8269115954505986,0.988700688402114
PIPERAZINE,-0.05448119711400001,0.823936445391891,0.988700688402114
ALBENDAZOLE-OXIDE,-0.028476227334500004,0.8252828980151752,0.988700688402114
CGP-71683,-0.013563602867999958,0.824851599870428,0.988700688402114
NSC-3852,-0.013313213335000018,0.8266642473007143,0.988700688402114
DEXTRAN,-0.01060027824234,0.8258164057475263,0.988700688402114
ETIFENIN,-0.0037517955211758495,0.8266642473007143,0.988700688402114
YM-022,-0.003691422089550006,0.8258164057475263,0.988700688402114
BIMATOPROST,0.002711330050000016,0.8262488271549089,0.988700688402114
OICR-9429,0.016500522653526,0.8266642473007143,0.988700688402114
TROXIPIDE,0.022831325972499983,0.8244031311998359,0.988700688402114
SALAZODINE,0.028777805909955,0.8244031311998359,0.988700688402114
DIETHYLCARBAMAZINE,0.032653132661000006,0.824851599870428,0.988700688402114
MINERVAL,0.03568035647741047,0.8269115954505986,0.988700688402114
TACROLIMUS,0.071649131783502,0.8270636498689611,0.988700688402114
ROTUNDINE,0.1031943936266,0.8270636498689611,0.988700688402114
DIAZOOXONORLEUCINE,0.12519895419369997,0.823936445391891,0.988700688402114
NALMEFENE,0.12705191373485,0.8266642473007143,0.988700688402114
SNX-2112,0.35489315789999987,0.8270636498689611,0.988700688402114
VINDESINE,-0.26569906386350006,0.8281202967584903,0.9891970504677056
PYM50028,-0.01153177195235,0.8282593577057986,0.9891970504677056
NECROSTATIN-2,0.009394115124947033,0.8281703858900544,0.9891970504677056
DONITRIPTAN,0.03544979209150001,0.8282593577057986,0.9891970504677056
L-METHIONINE,0.036498513919650005,0.8281202967584903,0.9891970504677056
SULTAMICILLIN,0.0116855223936751,0.8285017055867641,0.9893000392506734
MK-5108,-0.17541268388700004,0.828868302659775,0.9895513251610765
CTS21166,-0.07509829516684999,0.8303644772237251,0.9902182333772573
ROSUVASTATIN,-0.017576749588400012,0.8300180726650184,0.9902182333772573
VERNAKALANT,0.006016372149300009,0.8300180726650184,0.9902182333772573
MORIN,0.04600762192450003,0.8299632200468138,0.9902182333772573
Y-27152,0.06198020801050008,0.8303644772237251,0.9902182333772573
PARACETAMOL,0.0655287531291,0.8303644772237251,0.9902182333772573
TANAPROGET,-0.22778992657600003,0.8310174140568217,0.9904377191796274
FPL-55712,-0.05653261254949998,0.8310174140568217,0.9904377191796274
AH6809,0.0998487466878,0.8310174140568217,0.9904377191796274
MK2-IN-1,-0.15258864689691098,0.832551221715697,0.9911161327834777
URMC-099,-0.1497846617817764,0.832551221715697,0.9911161327834777
DIFTALONE,-0.09782738908315,0.8319427020043,0.9911161327834777
ACEBILUSTAT,-0.09018818655460806,0.832551221715697,0.9911161327834777
GEMIGLIPTIN,-0.015803464780884048,0.832551221715697,0.9911161327834777
INDOMETHACIN,-0.012280847947999995,0.8328378423657912,0.9911161327834777
PRENYLAMINE,0.02532472690885,0.832551221715697,0.9911161327834777
BUNAZOSIN,0.2204085540659,0.8328378423657912,0.9911161327834777
EVOBRUTINIB,-0.075141998504292,0.8344304746741666,0.9912639086743068
PROQUAZONE,-0.010849845225749999,0.8341680378674998,0.9912639086743068
CEVIMELINE,-0.010052203408499993,0.8346826916026671,0.9912639086743068
VELEDIMEX,0.004700649928836009,0.8344304746741666,0.9912639086743068
WAY-100635,0.015610417330999993,0.8346826916026671,0.9912639086743068
METHSUXIMIDE,0.0566415904092,0.8346826916026671,0.9912639086743068
MK-571,0.06315190842745,0.8341680378674998,0.9912639086743068
RIPRETINIB,0.0658541545596699,0.8344304746741666,0.9912639086743068
AG-1024,0.071681325643,0.8345263591288138,0.9912639086743068
WAY-161503,0.154623130038,0.8345263591288138,0.9912639086743068
AZD4573,1.1257190946675895,0.8344304746741666,0.9912639086743068
A-412997,0.05918068578899781,0.835225053855049,0.9917221596926074
D-64131,-0.6668167818420001,0.8425131843755013,0.992011529057516
CHIR-124,-0.20828402286499959,0.8405061321469851,0.992011529057516
TMPH,-0.16459762277999998,0.8384476023430013,0.992011529057516
SHIKIMIC-ACID,-0.1518925489235,0.8384476023430013,0.992011529057516
8-BROMO-CAMP,-0.12069819559779998,0.8424166299769632,0.992011529057516
AX-024,-0.10685040008870249,0.8363356027669666,0.992011529057516
TULOBUTEROL,-0.10164259235699999,0.8405061321469851,0.992011529057516
MISOPROSTOL,-0.09303905139390001,0.8380792247971854,0.992011529057516
N-METHYLLIDOCAINE-IODIDE,-0.0885557302472,0.8365524459862856,0.992011529057516
CB-5083,-0.08755980767344518,0.8411347318207977,0.992011529057516
CIPROXIFAN,-0.0774168732485,0.8425131843755013,0.992011529057516
TARANABANT,-0.073712571181,0.8408038880508977,0.992011529057516
OLANZAPINE,-0.0718053336683,0.8408038880508977,0.992011529057516
NSC-4644,-0.0685190515487,0.8365524459862856,0.992011529057516
GW-9662,-0.06655366689299996,0.8386210673945887,0.992011529057516
GUANOSINE,-0.06586916688609999,0.8384476023430013,0.992011529057516
"3,4-METHYLENEDIOXY-BETA-NITROSTYRENE",-0.05879539144365001,0.8425131843755013,0.992011529057516
BL-5583,-0.057980404304000005,0.8424166299769632,0.992011529057516
DBEQ,-0.057302531568,0.8424166299769632,0.992011529057516
NVP-BHG712,-0.05375499925499999,0.8386210673945887,0.992011529057516
METIPRANOLOL,-0.05315302580600001,0.842316173754679,0.992011529057516
PIM-1-INHIBITOR-2,-0.04313133001445352,0.8384476023430013,0.992011529057516
SB-431542,-0.03724123271900004,0.8424166299769632,0.992011529057516
BOCEPREVIR,-0.034443166385,0.8386210673945887,0.992011529057516
EVANS-BLUE,-0.027891907378300003,0.8425131843755013,0.992011529057516
BENIDIPINE,-0.024312789049000014,0.8384476023430013,0.992011529057516
ML141,-0.02125062718370299,0.8384476023430013,0.992011529057516
PRECLAMOL,-0.018381613945,0.8403686705101464,0.992011529057516
PHENYL-SALICYLATE,-0.01788049139796466,0.8384476023430013,0.992011529057516
INT-747,-0.014649195031000012,0.8380792247971854,0.992011529057516
KU14R,-0.010024556051,0.8424166299769632,0.992011529057516
APALUTAMIDE,-0.0059729511771000054,0.8424166299769632,0.992011529057516
EPRISTERIDE,0.0397517413871361,0.8403686705101464,0.992011529057516
5-FLUORO-3-PYRIDYL-METHANOL,0.045788073559860004,0.8408038880508977,0.992011529057516
BENZBROMARONE,0.05761519715760001,0.8422115742535439,0.992011529057516
LEUCOVORIN,0.06147828881100004,0.8408038880508977,0.992011529057516
TYLOXAPOL,0.067120801428,0.8425131843755013,0.992011529057516
BALOXAVIR-MARBOXIL,0.0725721691212472,0.8384476023430013,0.992011529057516
APRICITABINE,0.0755123218691,0.8402256046620552,0.992011529057516
BS-181,0.07597532865200002,0.8365524459862856,0.992011529057516
CITCO,0.079876066202,0.8424166299769632,0.992011529057516
CLOMIPRAMINE,0.093997972116,0.8367609419487958,0.992011529057516
BMS-770767,0.095278245229243,0.8403686705101464,0.992011529057516
FEXINIDAZOLE,0.1114099682853,0.8408038880508977,0.992011529057516
TAS-103,0.2326720741599999,0.8361099005334788,0.992011529057516
"HYDROXYTACRINE-MALEATE-(R,S)",-0.06704343203200003,0.8443530674799022,0.9925886323002238
ATB-346,-0.0562318102163516,0.8443530674799022,0.9925886323002238
TARTARIC-ACID,-0.0009844244836263003,0.8443530674799022,0.9925886323002238
K145,0.01256686023926501,0.8443530674799022,0.9925886323002238
CGS-21680,0.024365085725000013,0.8444130214187323,0.9925886323002238
RACLOPRIDE,0.054805732658250006,0.8443530674799022,0.9925886323002238
FESOTERODINE,0.06280044120345,0.8444130214187323,0.9925886323002238
TRAM-39,0.07696220569402955,0.8443530674799022,0.9925886323002238
PHLORETIN,0.09349384546300005,0.8443530674799022,0.9925886323002238
AZ7550,-0.6575072188056499,0.8821721980262563,0.993294870340555
ELTANEXOR,-0.5732072414062905,0.8642091261326792,0.993294870340555
DIGITOXIN,-0.3861254518199999,0.8991695202099733,0.993294870340555
PD-318088,-0.376159066083,0.8482895664383561,0.993294870340555
PACLITAXEL,-0.34634116806500037,0.866011485570072,0.993294870340555
ON-01500,-0.33778607928495985,0.8978572595220464,0.993294870340555
REFAMETINIB,-0.31273295744990004,0.8543043076445117,0.993294870340555
VU0238429,-0.28450574578999976,0.8600604235708078,0.993294870340555
TRADIPITANT,-0.26753319836427014,0.8642091261326792,0.993294870340555
AS-703026,-0.25144056804500003,0.8932728301422118,0.993294870340555
FENTHION,-0.2210204208886,0.8603111944472351,0.993294870340555
THIOCOLCHICOSIDE,-0.2160219468115,0.8783790469398194,0.993294870340555
RS-100329,-0.20133508404805,0.8850085145279267,0.993294870340555
EDO-S101,-0.198194752057406,0.8821721980262563,0.993294870340555
PF-05212384,-0.18904218433999942,0.8991695202099733,0.993294870340555
DILOXANIDE,-0.176732624033,0.8638841905500457,0.993294870340555
EPOTHILONE-A,-0.1692072258099997,0.8850085145279267,0.993294870340555
BUPARLISIB,-0.1609472408050001,0.8946258095467281,0.993294870340555
"1,5-DICAFFEOYLQUINIC-ACID",-0.151438084448,0.8913362889682216,0.993294870340555
DANOFLOXACIN,-0.15009026799755001,0.8965104709989776,0.993294870340555
SANGIVAMYCIN,-0.14947277419999994,0.8483058544767925,0.993294870340555
BIFEMELANE,-0.14745820099900003,0.8656033052523308,0.993294870340555
REMOXIPRIDE,-0.14655344602599996,0.8859183583216146,0.993294870340555
TROMETAMOL,-0.1462154277654,0.8543043076445117,0.993294870340555
PROXYFAN,-0.14454983075459998,0.856189956862664,0.993294870340555
ETHACRIDINE-LACTATE-MONOHYDRATE,-0.1404567674784999,0.8828347852284596,0.993294870340555
NEMOREXANT,-0.1324791479647493,0.870189496274577,0.993294870340555
ALOXISTATIN,-0.12806361462389998,0.8896183124756479,0.993294870340555
ADEFOVIR-DIPIVOXIL,-0.12760590127399996,0.8850085145279267,0.993294870340555
INOSITOL-HEXANICOTINATE,-0.12225919043342498,0.8723357909325129,0.993294870340555
TROXERUTIN,-0.11536780271809999,0.8828347852284596,0.993294870340555
TNP-470,-0.11494471890202895,0.8912954698312061,0.993294870340555
T-025,-0.11153704366597367,0.8978572595220464,0.993294870340555
SURAMIN,-0.1091397065421,0.8697482122093871,0.993294870340555
BUTYLIDENEPHTHALIDE,-0.1085706130766032,0.8642091261326792,0.993294870340555
CLEBOPRIDE,-0.10717559274828001,0.882997632547975,0.993294870340555
MK-0557,-0.10607556227941603,0.8642091261326792,0.993294870340555
ALANOSINE,-0.10250003660202,0.8821721980262563,0.993294870340555
MEDROXYPROGESTERONE,-0.1019527307108,0.8896183124756479,0.993294870340555
SID-7969543,-0.0997005919125,0.885952618453624,0.993294870340555
GSK1059615,-0.09671698039310606,0.8985018185921549,0.993294870340555
MADRASIN,-0.09265807753400096,0.8680592865515623,0.993294870340555
3-(4-METHYLBENZYLIDENE)CAMPHOR,-0.09000600725595,0.8578493225573187,0.993294870340555
ML167,-0.0895486430791,0.8600604235708078,0.993294870340555
TEMANOGREL,-0.08951311886293103,0.8642091261326792,0.993294870340555
PREDNISOLONE,-0.08917909979,0.8483227373071708,0.993294870340555
"2,4-DINITROPHENOL",-0.08724627235450001,0.8991695202099733,0.993294870340555
BROXURIDINE,-0.08694544438476501,0.8570984705390674,0.993294870340555
ENTECAVIR,-0.08646988370300002,0.8483227373071708,0.993294870340555
TEMOZOLOMIDE,-0.08562393032250501,0.8723357909325129,0.993294870340555
DASATINIB,-0.08338351631999985,0.8723357909325129,0.993294870340555
ELBASVIR,-0.08323563804935,0.8750926891888648,0.993294870340555
TROPICAMIDE,-0.0822406561242,0.8756194053547928,0.993294870340555
DEFERIPRONE,-0.08201119050860001,0.866011485570072,0.993294870340555
LOFEXIDINE,-0.08054936645299998,0.8482895664383561,0.993294870340555
BALAGLITAZONE,-0.0796986056913,0.8777743594533426,0.993294870340555
LEVOFLOXACIN,-0.07909404632599998,0.8667095719885822,0.993294870340555
NITRENDIPINE,-0.07593450416365001,0.8946258095467281,0.993294870340555
RUXOLITINIB-(S),-0.07467981402249999,0.8482738426258009,0.993294870340555
AMEZINIUM,-0.07450204168805971,0.862565592054179,0.993294870340555
DIGITOXIGENIN,-0.07310260789500012,0.8680592865515623,0.993294870340555
ASP-9521,-0.0726973670501341,0.8582365246846337,0.993294870340555
SB-612111,-0.07239347131740692,0.8502672938912859,0.993294870340555
PURMORPHAMINE,-0.071481489402,0.8844162517567826,0.993294870340555
NH125,-0.07054271191999995,0.8541709374215121,0.993294870340555
NNC-55-0396,-0.06964917378480001,0.8718624572241991,0.993294870340555
FELODIPINE,-0.06749648948650006,0.866011485570072,0.993294870340555
ECABET,-0.0663975545746,0.8521789268968154,0.993294870340555
EVP4593,-0.06586655384699999,0.8888087302748456,0.993294870340555
GW-405833,-0.06563608155470001,0.8740052969261015,0.993294870340555
SDZ-21009,-0.0637698764186,0.8676620081780452,0.993294870340555
MANNITOL-D,-0.06337888405299999,0.8978572595220464,0.993294870340555
R406,-0.06269303251700004,0.8483227373071708,0.993294870340555
CLIOQUINOL,-0.06240119050500001,0.8913362889682216,0.993294870340555
FLUROXENE,-0.06235691424440001,0.859288707706183,0.993294870340555
CX-4945,-0.061963787007000004,0.8913362889682216,0.993294870340555
DIRITHROMYCIN,-0.0618096783461,0.8463383143662659,0.993294870340555
DERAZANTINIB,-0.06162634476231005,0.8918847455853379,0.993294870340555
HEMADO,-0.061198427348700006,0.8659577041759241,0.993294870340555
QUINOLINIC-ACID,-0.05963612600339999,0.8946258095467281,0.993294870340555
AZACITIDINE,-0.056563661079000016,0.8955497109753134,0.993294870340555
FURALTADONE,-0.05508060706574999,0.8783790469398194,0.993294870340555
PRANOPROFEN,-0.054853702227000034,0.8580276569875211,0.993294870340555
GW-2580,-0.05447637115200002,0.8836930864044997,0.993294870340555
G-15,-0.0531408962583,0.8659577041759241,0.993294870340555
CGP-60474,-0.050133367170759335,0.8706865133457111,0.993294870340555
PF-03049423,-0.049594192188699995,0.8828741851927495,0.993294870340555
NK-252,-0.04787899309587294,0.8918847455853379,0.993294870340555
TOFACITINIB,-0.04702605385135,0.8906428778830235,0.993294870340555
GSK189254,-0.04691749737467549,0.8978572595220464,0.993294870340555
VU29,-0.0454480106669895,0.8849484190976754,0.993294870340555
TEMPOL,-0.04523347109499998,0.882997632547975,0.993294870340555
HEXYLCAINE,-0.04517300132929999,0.8978572595220464,0.993294870340555
PENTETIC-ACID,-0.045054258417399996,0.8697482122093871,0.993294870340555
DIXANTHOGEN,-0.04446740079020001,0.8894856558504153,0.993294870340555
CLADRIBINE,-0.04352768121000006,0.8851753291543272,0.993294870340555
VABORBACTAM,-0.042534182354092204,0.8941819282867801,0.993294870340555
EO-1428,-0.04161856776799999,0.8850085145279267,0.993294870340555
SB-408124,-0.04052939282359999,0.8596957479290912,0.993294870340555
TROLOX,-0.03973802466000009,0.8932728301422118,0.993294870340555
A-839977,-0.039217653968715904,0.8859183583216146,0.993294870340555
DBPR108,-0.037817851730395036,0.869732567663217,0.993294870340555
LDC1267,-0.0374693128712445,0.869732567663217,0.993294870340555
CHROMIUM-PICOLINATE,-0.036284164527999985,0.8896183124756479,0.993294870340555
CKD-712,-0.03567207719543765,0.8840980884649483,0.993294870340555
"7,8,9,10-TETRAHYDROAZEPINO[2,1-B]QUINAZOLIN-12(6H)-ONE",-0.03524953501572453,0.8912954698312061,0.993294870340555
KASUGAMYCIN,-0.034945675370472495,0.8941819282867801,0.993294870340555
FLURBIPROFEN-AXETIL,-0.0345474819375199,0.8881738541942724,0.993294870340555
RABEPRAZOLE,-0.0342730774486,0.8968826662419825,0.993294870340555
KT-433,-0.034134448613399995,0.8767576959022763,0.993294870340555
ANDROSTERONE,-0.033637798056499996,0.8540426166394944,0.993294870340555
PIFITHRIN-MU,-0.032433056657500015,0.8991695202099733,0.993294870340555
CYACETACIDE,-0.0320895289225,0.8991695202099733,0.993294870340555
BAY-11-7085,-0.03182625113000004,0.8740052969261015,0.993294870340555
SEMAXANIB,-0.031486677346000025,0.8596957479290912,0.993294870340555
CH-170,-0.031013083687300005,0.8718624572241991,0.993294870340555
BRICICLIB,-0.03095087398908536,0.8912954698312061,0.993294870340555
AZASETRON,-0.03077179104575,0.8978572595220464,0.993294870340555
MK-0608,-0.030642830751460803,0.870189496274577,0.993294870340555
BEXAROTENE,-0.030516639782000005,0.8656033052523308,0.993294870340555
CL316243,-0.03046160590149999,0.8584537625204081,0.993294870340555
UNC-926,-0.030444012778823484,0.8992476994072532,0.993294870340555
VU-0364739,-0.028271626261208757,0.8920936735985143,0.993294870340555
RIMANTADINE,-0.027939633872999997,0.8540426166394944,0.993294870340555
LEVCROMAKALIM,-0.0275453733513462,0.8918847455853379,0.993294870340555
TOLAZOLINE,-0.026978237609000005,0.8873820337898835,0.993294870340555
EI1,-0.026356091663231496,0.8502672938912859,0.993294870340555
P7C3,-0.025456278280987996,0.8821721980262563,0.993294870340555
BROMEBRIC-ACID,-0.0238131594675261,0.8918847455853379,0.993294870340555
DOPAMINE,-0.0233327791563,0.8723489064508376,0.993294870340555
AM-281,-0.022371571179399995,0.8955497109753134,0.993294870340555
ZANAMIVIR,-0.022235784749350007,0.8497133512769094,0.993294870340555
PERFLUAMINE,-0.022065894260500013,0.8695582526288461,0.993294870340555
NIFUROXAZIDE,-0.021819735340499982,0.8638841905500457,0.993294870340555
SINEFUNGIN,-0.021817113522958648,0.856189956862664,0.993294870340555
FOROPAFANT,-0.02177905284327,0.8889976657722144,0.993294870340555
LY2828360,-0.0213621747249084,0.8821721980262563,0.993294870340555
AZD7687,-0.021165770805000005,0.8786682668351191,0.993294870340555
VILAZODONE,-0.020827170409149998,0.8888087302748456,0.993294870340555
ALTANSERIN,-0.020001068632999996,0.8777743594533426,0.993294870340555
IODIPAMIDE,-0.01841154323300001,0.8873820337898835,0.993294870340555
U-0124,-0.018384628415804998,0.8799584312834833,0.993294870340555
SUMATRIPTAN,-0.017013987248000004,0.8600604235708078,0.993294870340555
SDZ-WAG-994,-0.016587681058500003,0.8502672938912859,0.993294870340555
TGR-1202,-0.016289406233049995,0.8503814976823826,0.993294870340555
PSNCBAM-1,-0.0158022870046041,0.8680592865515623,0.993294870340555
PBI-4050,-0.015476443731964995,0.8582365246846337,0.993294870340555
AZD9272,-0.015379122304034515,0.8920936735985143,0.993294870340555
FK-3311,-0.014672337918500034,0.8978572595220464,0.993294870340555
NITROFLURBIPROFEN,-0.014019653769282199,0.8859183583216146,0.993294870340555
GR-135531,-0.013066834415000006,0.8777743594533426,0.993294870340555
YO-01027,-0.013016535386000005,0.8814974521910136,0.993294870340555
SB-747651A,-0.010641476663813255,0.8992476994072532,0.993294870340555
STEPRONIN,-0.010537188500999994,0.8524314759389908,0.993294870340555
PARACHLOROPHENOL,-0.00862707718700001,0.8851688188942402,0.993294870340555
XL388,-0.008592345787899996,0.8656033052523308,0.993294870340555
PRT062607,-0.007906553571899996,0.8605720968463724,0.993294870340555
SULOCTIDIL,-0.007357309803949996,0.8932728301422118,0.993294870340555
NORFLOXACIN,-0.007162226172999997,0.8913362889682216,0.993294870340555
NADIDE,-0.005713386597900001,0.8790082981521208,0.993294870340555
CITICOLINE,-0.005705413385349994,0.864547127230908,0.993294870340555
DANEGAPTIDE,-0.005117021655480003,0.8977107228931814,0.993294870340555
FLURALANER,-0.004832299593584999,0.8582365246846337,0.993294870340555
WORTMANNIN,-0.004709194676436046,0.8918847455853379,0.993294870340555
TAK-715,-0.0046240076989999546,0.8659577041759241,0.993294870340555
BMS-299897,-0.004505791927999991,0.8836930864044997,0.993294870340555
S-NITROSOGLUTATHIONE,-0.003122503166649998,0.8695582526288461,0.993294870340555
MUSCIMOL,-0.0030808194100000186,0.8680592865515623,0.993294870340555
CP-547632,-0.0023802458324839737,0.8881738541942724,0.993294870340555
ORG-27569,-0.0022983832550000083,0.8482895664383561,0.993294870340555
ISOTIQUIMIDE,-0.0021470452592914913,0.8554099112099611,0.993294870340555
LIGUSTILIDE,-0.0021418257452155004,0.8859183583216146,0.993294870340555
KAINIC-ACID,-0.0018995311314999874,0.8771928245396368,0.993294870340555
BENZOIC-ACID,-0.0015920630799499957,0.8888087302748456,0.993294870340555
GNTI,-0.0011774015574789985,0.8799584312834833,0.993294870340555
SULFATHIAZOLE,-0.0007679287295000448,0.8580276569875211,0.993294870340555
HOMOSALATE,0.0,0.8896183124756479,0.993294870340555
ABT-072,0.0,0.8821721980262563,0.993294870340555
VECABRUTINIB,0.00019876331094700883,0.852272026431393,0.993294870340555
DY131,0.0006536472547000009,0.8955497109753134,0.993294870340555
SORAFENIB,0.0018561758554999919,0.8786682668351191,0.993294870340555
AC-710,0.0022658240909232494,0.8706865133457111,0.993294870340555
AMPICILLIN,0.002366979458199997,0.8706485572402445,0.993294870340555
ISTAROXIME,0.002410031007200001,0.8946258095467281,0.993294870340555
TETRINDOLE,0.0030833117320000214,0.8790082981521208,0.993294870340555
PD-173212,0.003108909455153089,0.8918847455853379,0.993294870340555
SK&F-10047-(+),0.0036236243857500003,0.866011485570072,0.993294870340555
PAZOPANIB,0.0038917066403999917,0.8723489064508376,0.993294870340555
PF-06650833,0.004016325307186555,0.856189956862664,0.993294870340555
SB-649868,0.005310316595313003,0.8941819282867801,0.993294870340555
GUANFACINE,0.005338903499000014,0.8991695202099733,0.993294870340555
TARAFENACIN,0.006490656141500004,0.8540426166394944,0.993294870340555
TIOTROPIUM,0.0093315018107,0.8543043076445117,0.993294870340555
SUCRALOSE,0.009747334036000005,0.890460175350714,0.993294870340555
BTB1,0.010130490071733556,0.8706865133457111,0.993294870340555
ALMITRINE,0.010239674389999981,0.8502133994852794,0.993294870340555
2-DEOXYGLUCOSE,0.010500871223700001,0.8850085145279267,0.993294870340555
MRS-3777,0.011133770884,0.856189956862664,0.993294870340555
IBC-293,0.013010938054999976,0.8799584312834833,0.993294870340555
OSEMOZOTAN,0.013217431240845,0.849373685186211,0.993294870340555
HALOTHANE,0.013271875330050004,0.8497133512769094,0.993294870340555
PERCHLOZONE,0.013586692402000014,0.8734930062499803,0.993294870340555
UNC1999,0.013945533193999993,0.8521789268968154,0.993294870340555
PAT-1251,0.014826133731271604,0.8761772992760927,0.993294870340555
ICI-89406,0.0151580234915,0.8918847455853379,0.993294870340555
CP-99994,0.015348051535758953,0.849373685186211,0.993294870340555
BARNIDIPINE,0.015691732038400005,0.8850085145279267,0.993294870340555
GEPON,0.0163734087941875,0.869732567663217,0.993294870340555
CETYLPYRIDINIUM,0.01649791319900007,0.8697482122093871,0.993294870340555
NICARAVEN,0.016553786480999977,0.8728550939049544,0.993294870340555
MECAMYLAMINE,0.016752066985999986,0.8756194053547928,0.993294870340555
BUTYLSCOPOLAMINE-BROMIDE,0.017003479129799992,0.8680592865515623,0.993294870340555
PYRIDOXINE,0.017694628323500022,0.8783790469398194,0.993294870340555
LEVONORGESTREL,0.018220034687999986,0.8968826662419825,0.993294870340555
KBG,0.018372392232000018,0.8596957479290912,0.993294870340555
SB-706375,0.019205130849465887,0.8706865133457111,0.993294870340555
ALOVUDINE,0.019807219357099004,0.8642091261326792,0.993294870340555
PEPOSERTIB,0.020498995970419043,0.852272026431393,0.993294870340555
BIRT-377,0.020604476125436255,0.8778125088053987,0.993294870340555
CO-102862,0.02142180230414,0.8747803115323844,0.993294870340555
ACEXAMIC-ACID,0.0223412834021,0.8968826662419825,0.993294870340555
ACIVICIN,0.022569575814999965,0.8723357909325129,0.993294870340555
GSK2837808A,0.02265477361550311,0.8799584312834833,0.993294870340555
CROMAKALIM,0.023095295014499917,0.8844162517567826,0.993294870340555
WAY-362450,0.02420728769245,0.8802283075317331,0.993294870340555
PUROMYCIN,0.025625233159999983,0.8544430314644172,0.993294870340555
ABT-239,0.02583434903249998,0.8814974521910136,0.993294870340555
BAY-1251152,0.025980944339949907,0.852272026431393,0.993294870340555
GALIDESIVIR,0.02722627177834605,0.8621207302536041,0.993294870340555
FAMOTIDINE,0.027292972269199994,0.847091556245119,0.993294870340555
CHLORAMPHENICOL-PALMITATE,0.02730344842900001,0.8756194053547928,0.993294870340555
ACALABRUTINIB,0.027346989593500015,0.8503814976823826,0.993294870340555
NANDROLONE-DECANOATE,0.028397129270303523,0.862565592054179,0.993294870340555
OSPEMIFENE,0.028696650107300006,0.8937077259962591,0.993294870340555
ATAZANAVIR,0.029346580453999987,0.8932728301422118,0.993294870340555
TA-01,0.029480060521405588,0.8920936735985143,0.993294870340555
CHLORPROMAZINE,0.03219647539499999,0.8836930864044997,0.993294870340555
PHENTERMINE,0.03225960874549999,0.8888087302748456,0.993294870340555
FAMPROFAZONE,0.03263752456050001,0.8814974521910136,0.993294870340555
TC-ASK-10,0.03347124948308147,0.8579837414885324,0.993294870340555
ZOPOLRESTAT,0.0343467612867,0.8706485572402445,0.993294870340555
BML-190,0.03523020092849996,0.8596957479290912,0.993294870340555
MASOPROCOL,0.035858073507999993,0.8851688188942402,0.993294870340555
EDOXABAN,0.03622835928500001,0.8888087302748456,0.993294870340555
METHACYCLINE,0.036743013244999984,0.8761921640640034,0.993294870340555
TOYOCAMYCIN,0.03950514868595523,0.8706865133457111,0.993294870340555
BREXPIPRAZOLE,0.04023503121500002,0.8659577041759241,0.993294870340555
NORFLUOXETINE,0.04046826297036202,0.8840980884649483,0.993294870340555
NIZOFENONE,0.04106639702699999,0.8483227373071708,0.993294870340555
HORDENINE,0.041331170185000016,0.8740052969261015,0.993294870340555
VADADUSTAT,0.0414474710622111,0.870189496274577,0.993294870340555
BW-180C,0.04157345225099998,0.8932728301422118,0.993294870340555
LY255283,0.042195202854,0.8659577041759241,0.993294870340555
"CP-105,696",0.0426716062840503,0.8881738541942724,0.993294870340555
ALPHA-ASARONE,0.04461094077004295,0.8859183583216146,0.993294870340555
ENASIDENIB,0.04514706953270001,0.8503814976823826,0.993294870340555
SOMATOSTATIN,0.04551210651625,0.8706485572402445,0.993294870340555
NAVITOCLAX,0.04783886612400001,0.8676620081780452,0.993294870340555
VICRIVIROC,0.048297535602999986,0.8844162517567826,0.993294870340555
CGS-15943,0.04929695035699999,0.8723357909325129,0.993294870340555
SNAP-94847,0.050328909570964996,0.8850085145279267,0.993294870340555
TASIMELTEON,0.050528261056199994,0.8951277770493336,0.993294870340555
GLN-1062,0.050536827967106,0.8821721980262563,0.993294870340555
CEPHALOTHIN,0.05063612287949998,0.8521789268968154,0.993294870340555
AMUVATINIB,0.05090225556165,0.8913561337675956,0.993294870340555
ARDEPARIN,0.051393087478000005,0.8844162517567826,0.993294870340555
BMS-191095,0.05161574798498253,0.869732567663217,0.993294870340555
AMPHOTERICIN-B,0.0517179124982794,0.8992476994072532,0.993294870340555
NITENPYRAM,0.053797660115200006,0.8627203021493584,0.993294870340555
TOLTRAZURIL,0.054042749227,0.8991695202099733,0.993294870340555
ADX-47273,0.0546054957605,0.8756194053547928,0.993294870340555
IMIRESTAT,0.05473589442870651,0.8941819282867801,0.993294870340555
FGIN-1-43,0.0557461039795,0.8713946134090378,0.993294870340555
FAROPENEM-MEDOXOMIL,0.056210079075050004,0.8740052969261015,0.993294870340555
CAPECITABINE,0.056384424082499995,0.8894856558504153,0.993294870340555
SC-144,0.05658181162500009,0.882997632547975,0.993294870340555
ARECOLINE,0.05803450745100001,0.8932728301422118,0.993294870340555
CHINIOFON,0.059743637746499996,0.8991695202099733,0.993294870340555
FLUOROMETHOLONE,0.06004566087799998,0.8786682668351191,0.993294870340555
ACETOHYDROXAMIC-ACID,0.0602578151303,0.8961443139156463,0.993294870340555
EMIGLITATE,0.061943911146332804,0.8821721980262563,0.993294870340555
HYDROCORTISONE-PHOSPHATE,0.06225817970650002,0.8697482122093871,0.993294870340555
ZAMIFENACIN,0.06378729100249997,0.8521789268968154,0.993294870340555
4-GALACTOSYLLACTOSE,0.0662065256173675,0.8849484190976754,0.993294870340555
NEOHESPERIDIN,0.06715875937575003,0.856189956862664,0.993294870340555
UNC0642,0.06716279365770002,0.8503814976823826,0.993294870340555
NEURODAZINE,0.06760988663977055,0.8680592865515623,0.993294870340555
EXO-IWR-1,0.06773048466578599,0.8740052969261015,0.993294870340555
CGP-55845,0.0678427425485,0.8977107228931814,0.993294870340555
EFLETIRIZINE,0.068621018798248,0.8941819282867801,0.993294870340555
NICOTINAMIDE,0.0699731385015,0.8596957479290912,0.993294870340555
TG-003,0.07000803332,0.8896183124756479,0.993294870340555
FORMOTEROL,0.07088861228499999,0.8482895664383561,0.993294870340555
TAUROCHOLATE,0.0714736906035,0.8638841905500457,0.993294870340555
KETOROLAC,0.07184989137400002,0.890460175350714,0.993294870340555
SGI-1776,0.073508217427,0.8851753291543272,0.993294870340555
TOSUFLOXACIN,0.07385315161604551,0.8977107228931814,0.993294870340555
MEXILETINE,0.07733778464000005,0.8503814976823826,0.993294870340555
FK-409,0.08115357908705291,0.852272026431393,0.993294870340555
BROPIRIMINE,0.0816109961832,0.8533889735474045,0.993294870340555
SOBLIDOTIN,0.08370423461643961,0.852272026431393,0.993294870340555
SB-242235,0.0861265018788,0.8605720968463724,0.993294870340555
CLOFIBRIC-ACID,0.0861518261779,0.8667095719885822,0.993294870340555
MECLOCYCLINE-SULFOSALICYLATE,0.08624052315399999,0.8790082981521208,0.993294870340555
CGS-20625,0.0868523456285,0.8910260280585177,0.993294870340555
BENZO[D]THIAZOLE-2(3H)-THIONE,0.08730107387050001,0.890460175350714,0.993294870340555
YM-298198,0.0896340413897236,0.8680592865515623,0.993294870340555
BAKUCHIOL,0.09087489760149997,0.8932728301422118,0.993294870340555
INDEGLITAZAR,0.0924364599892385,0.8740052969261015,0.993294870340555
TYRPHOSTIN-AG-494,0.09595984035835001,0.8859183583216146,0.993294870340555
YM-155,0.09653219318499984,0.8918847455853379,0.993294870340555
ESLICARBAZEPINE-ACETATE,0.09659664806360001,0.8541709374215121,0.993294870340555
LEVOBUNOLOL-(+/-),0.097458403945,0.8697482122093871,0.993294870340555
SULPHADIMETHOXINE,0.1038675662467,0.8580276569875211,0.993294870340555
LY411575,0.10658269822805,0.8873820337898835,0.993294870340555
PELANSERIN,0.1074795938741,0.8718624572241991,0.993294870340555
NEBIVOLOL,0.10791053594800001,0.8659577041759241,0.993294870340555
LINAGLIPTIN,0.11179219696100001,0.8734930062499803,0.993294870340555
ZK-811752,0.1119036566739,0.8836930864044997,0.993294870340555
ZOLANTIDINE,0.112952285913,0.8600604235708078,0.993294870340555
FELYPRESSIN,0.11299955555642571,0.8821721980262563,0.993294870340555
NVP-ADW742,0.11451573038575,0.8978572595220464,0.993294870340555
METACETAMOL,0.1151122157485,0.8521789268968154,0.993294870340555
GSK1904529A,0.11660298320604999,0.8740052969261015,0.993294870340555
AMG-9810,0.11978524831840001,0.856189956862664,0.993294870340555
FISETIN,0.12134916124756136,0.856189956862664,0.993294870340555
RIVASTIGMINE,0.1231197310895,0.8680592865515623,0.993294870340555
"1-(1,2-DIPHENYLETHYL)PIPERIDINE-(+/-)",0.1232296632806,0.8888087302748456,0.993294870340555
TALNIFLUMATE,0.12542429507599995,0.8483058544767925,0.993294870340555
SCOPOLAMINE,0.12893860179145,0.8888087302748456,0.993294870340555
CI-966,0.1294588901,0.8836930864044997,0.993294870340555
RS-79948,0.141124741554,0.8836930864044997,0.993294870340555
"N-METHYL-(-)EPHEDRINE-[1R,2S]",0.14925622506000003,0.8991695202099733,0.993294870340555
TC1,0.15902884219820002,0.8482895664383561,0.993294870340555
JTE-607,0.15974524196085998,0.8706485572402445,0.993294870340555
SULINDAC,0.167910041068,0.8740052969261015,0.993294870340555
LB42708,0.17199915205799998,0.8600604235708078,0.993294870340555
TORIN-1,0.1866922284700001,0.8540426166394944,0.993294870340555
OSI-027,0.2192579922365,0.8697482122093871,0.993294870340555
API-1,0.2763068263410198,0.8859183583216146,0.993294870340555
CINOBUFOTALIN,0.36245617580352985,0.870189496274577,0.993294870340555
AZD5991,0.37986183189258593,0.870189496274577,0.993294870340555
CEPHALOMANNINE,0.4505175436300002,0.8680592865515623,0.993294870340555
BMS-214662,0.4985292787078546,0.856189956862664,0.993294870340555
BEBT-908,0.5957810156707852,0.8502672938912859,0.993294870340555
LY2857785,0.6536786312620002,0.8621207302536041,0.993294870340555
BAY1217389,-0.6091645106595451,0.9038355655376104,0.993560684048633
ML-228,-0.26907172870684004,0.9135797627900579,0.993560684048633
MIBEFRADIL,-0.248141376418,0.9036906022172878,0.993560684048633
APY0201,-0.18236816743390993,0.9038355655376104,0.993560684048633
WZ-3146,-0.1818496922599997,0.9104391975280894,0.993560684048633
ROSCOVITINE,-0.1779079620256,0.9133776589253483,0.993560684048633
4-CMTB,-0.1277079178092185,0.9135797627900579,0.993560684048633
TENAPANOR,-0.12040854711411919,0.9001960797054468,0.993560684048633
BENZTHIAZIDE,-0.10405792354099996,0.9062766752542233,0.993560684048633
RIMONABANT,-0.09640593394300001,0.9104391975280894,0.993560684048633
CHLOROXYLENOL,-0.09483475834599997,0.9109792925106339,0.993560684048633
NOV-002,-0.08931428109450001,0.9062766752542233,0.993560684048633
AMINOPURVALANOL-A,-0.08861803958050007,0.9038355655376104,0.993560684048633
PIPERONYL-BUTOXIDE,-0.087121706169,0.916891727996908,0.993560684048633
ADENINE,-0.0846375966445,0.9158082105587777,0.993560684048633
DOLUTEGRAVIR,-0.07939415267694999,0.916812273315661,0.993560684048633
ZEBULARINE,-0.07677585200572899,0.9038355655376104,0.993560684048633
DROPROPIZINE,-0.07467294015100001,0.9014869541765916,0.993560684048633
ESTRADIOL-BENZOATE,-0.07370055925305,0.9050717819787818,0.993560684048633
FLURBIPROFEN-(+/-),-0.07146735829,0.9146961067240316,0.993560684048633
2-IODOHIPPURIC-ACID,-0.07121213389954345,0.9064099214843587,0.993560684048633
ERDOSTEINE,-0.07094423762260002,0.9109792925106339,0.993560684048633
DANTROLENE,-0.06913220086735,0.9146961067240316,0.993560684048633
QUIFLAPON,-0.068397400237,0.9086124975543596,0.993560684048633
AKLOMIDE,-0.0660666300404,0.9133776589253483,0.993560684048633
IOPODIC-ACID,-0.0642230952967,0.9061510111134489,0.993560684048633
REGORAFENIB,-0.06211531410400001,0.9144850569880654,0.993560684048633
RHEOCHRYSIDIN,-0.06071342042349995,0.9158082105587777,0.993560684048633
SB-203580,-0.0589236151011,0.9014869541765916,0.993560684048633
NM107,-0.0573910572537,0.9144850569880654,0.993560684048633
CELECOXIB,-0.057334946221449995,0.9040718789023611,0.993560684048633
TETRAHYDROPAPAVERINE,-0.056866672844500005,0.9158082105587777,0.993560684048633
GEMIFLOXACIN,-0.056770429665250005,0.9086287860680882,0.993560684048633
PIPERACETAZINE,-0.05419972539200002,0.9111765155300833,0.993560684048633
ORNIDAZOLE,-0.05117623418500006,0.9004485612248028,0.993560684048633
MODALINE,-0.050956928911765,0.916891727996908,0.993560684048633
PROCYANIDIN-B-2,-0.046145160765019996,0.9014869541765916,0.993560684048633
WALRYCIN-B,-0.04491717182095001,0.9062159668048784,0.993560684048633
METIROSINE,-0.0434977131274,0.9074297133714571,0.993560684048633
"ICI-215,001",-0.041082678141719994,0.9133776589253483,0.993560684048633
NINGETINIB-TOSYLATE,-0.03983099183188621,0.9062159668048784,0.993560684048633
PIMECROLIMUS,-0.03965940859150002,0.9121098407136375,0.993560684048633
TENIDAP,-0.0374229698295,0.9133776589253483,0.993560684048633
TOZADENANT,-0.035300742866999996,0.9074297133714571,0.993560684048633
KW-3902,-0.0350194473769121,0.9064099214843587,0.993560684048633
CHOLINE,-0.03392738796385,0.9146961067240316,0.993560684048633
TCS-OX2-29,-0.030677748677895397,0.9158082105587777,0.993560684048633
PIK-294,-0.029323218854250002,0.9062766752542233,0.993560684048633
ACETAZOLAMIDE,-0.02875316740599998,0.9106076008202095,0.993560684048633
VERDIPERSTAT,-0.027952815094183903,0.912241246950831,0.993560684048633
CORTISONE-ACETATE,-0.02767219611268,0.9094831361850166,0.993560684048633
2-CYANOPYRIMIDINE,-0.026955042338,0.9160682765527186,0.993560684048633
GLUTATHIONE-MONOISOPROPYL-ESTER,-0.026180329175999995,0.9104391975280894,0.993560684048633
WAY-213613,-0.025005289389499974,0.916891727996908,0.993560684048633
ENFLURANE,-0.024719126897500027,0.9155837803141859,0.993560684048633
GANODERIC-ACID-A,-0.0210205714802204,0.9098193280525982,0.993560684048633
FENACLON,-0.019923653339999986,0.9110746674727107,0.993560684048633
WYE-687,-0.017922921704835115,0.9158082105587777,0.993560684048633
BENFLURALIN,-0.014852385106540952,0.9129390652374045,0.993560684048633
CINANSERIN,-0.013651109277800014,0.916891727996908,0.993560684048633
AG-14361,-0.011512923972899991,0.9123814988925926,0.993560684048633
HOMATROPINE-METHYLBROMIDE,-0.007989482289349994,0.916891727996908,0.993560684048633
PRIDOPIDINE,-0.006162947547700026,0.9062159668048784,0.993560684048633
ALPROSTADIL,-0.005683599903500008,0.9109792925106339,0.993560684048633
MIGLUSTAT,-0.00012645634600000344,0.916891727996908,0.993560684048633
BRL-52537,0.0006954277740000014,0.9133776589253483,0.993560684048633
LOXISTATIN-ACID,0.0009091255764999695,0.9014612781794591,0.993560684048633
MOFEZOLAC,0.0015074761060750001,0.9135542717147163,0.993560684048633
SULMETOZINE,0.005797131344999998,0.9074064434541941,0.993560684048633
GS-967,0.005897569427969013,0.9001960797054468,0.993560684048633
TCN201,0.006223804641219549,0.9064099214843587,0.993560684048633
ASP-2535,0.008082752488814016,0.9135797627900579,0.993560684048633
SYM-2081,0.013165730722000002,0.9094831361850166,0.993560684048633
N-HYDROXYNICOTINAMIDE,0.01405029380664452,0.9129390652374045,0.993560684048633
CROTAMITON,0.015969632482050005,0.9109792925106339,0.993560684048633
PF-02545920,0.01710809344085,0.9104391975280894,0.993560684048633
LANIFIBRANOR,0.0171750235705335,0.9062159668048784,0.993560684048633
AZ-10606120,0.0181857308689426,0.9098193280525982,0.993560684048633
RALTITREXED,0.01912868650735,0.9040718789023611,0.993560684048633
PROCYCLIDINE,0.02481046414009999,0.9036906022172878,0.993560684048633
9-ANTHRACENECARBOXYLIC-ACID,0.026493517292742297,0.9098193280525982,0.993560684048633
QUIZARTINIB,0.0321891693537,0.9086124975543596,0.993560684048633
ISOFLUROPHATE,0.03514266681717089,0.9098193280525982,0.993560684048633
EPINEPHRINE,0.03873358025774999,0.9146961067240316,0.993560684048633
DIOXYBENZONE,0.04234903962499997,0.9109792925106339,0.993560684048633
CAPADENOSON,0.047857869704700004,0.9133776589253483,0.993560684048633
ETEBENECID,0.04982926466450005,0.9050717819787818,0.993560684048633
TOFISOPAM,0.0504524455325,0.9061510111134489,0.993560684048633
METHICILLIN,0.050674793541350016,0.9050717819787818,0.993560684048633
BARICITINIB,0.0595365082499999,0.9062766752542233,0.993560684048633
5-HYDROXYMETHYL-TOLTERODINE,0.05984322080150006,0.916891727996908,0.993560684048633
VORAPAXAR,0.063328754675805,0.9061510111134489,0.993560684048633
CLOMETHIAZOLE,0.070545189306315,0.9040718789023611,0.993560684048633
CCMQ,0.07153107499066216,0.9098193280525982,0.993560684048633
EUGENOL,0.08244918162494999,0.916812273315661,0.993560684048633
ATN-161,0.0845101781242,0.9014869541765916,0.993560684048633
LY2795050,0.09593026981242542,0.9062159668048784,0.993560684048633
NSC-632839,0.09915531774000019,0.916891727996908,0.993560684048633
AZD7986,0.115284519872485,0.9062159668048784,0.993560684048633
CLEVUDINE,0.11551011241449999,0.9062766752542233,0.993560684048633
VX-702,0.11768633988765,0.9094831361850166,0.993560684048633
MAXACALCITOL,0.1287892025173,0.9036906022172878,0.993560684048633
LPA2-ANTAGONIST-1,0.12973641710434847,0.9057165470014593,0.993560684048633
EPZ-5676,0.1332487894355,0.9004485612248028,0.993560684048633
IMIDAZOACRIDINONE,0.13850527876033003,0.9062159668048784,0.993560684048633
DG-172,0.14804338364608755,0.9158082105587777,0.993560684048633
CYCLOSPORIN-A,0.152089478623615,0.909937978230048,0.993560684048633
TC-O-9311,0.1611613801142765,0.9158082105587777,0.993560684048633
LANOCONAZOLE,0.19737861185849992,0.9040718789023611,0.993560684048633
RIBAVIRIN,0.20635752934899998,0.9127209303746625,0.993560684048633
ACTINOMYCIN-D,0.2563748335451894,0.9057165470014593,0.993560684048633
BREQUINAR,-0.38092230357000006,0.91794774586494,0.9940250966415114
RITONAVIR,-0.14318883376650005,0.91794774586494,0.9940250966415114
DALARGIN,0.029878963428499994,0.91794774586494,0.9940250966415114
PENTYLENETETRAZOL,0.0841706534534,0.91794774586494,0.9940250966415114
BALOXAVIR,-0.06264531284105002,0.9182715765787055,0.9940360404474302
BW-348U87,0.08453633485049972,0.9182715765787055,0.9940360404474302
UNC0646,0.001270814941499998,0.918617377338212,0.9940707513989496
CHLORPROGUANIL,0.0048402732110499995,0.918617377338212,0.9940707513989496
CYT387,-0.2507103446212,0.9193304603320118,0.9945027530085283
PTC-209,-0.012421490908099998,0.9193304603320118,0.9945027530085283
7-HYDROXYSTAUROSPORINE,-0.39192916763499985,0.9207684020253555,0.9945303159425051
UNC-2327,-0.0314080600915278,0.9207566444237858,0.9945303159425051
NS-018,-0.02600389472913156,0.9201687815475277,0.9945303159425051
ABT-724,-0.0031217727900000047,0.9203622884133197,0.9945303159425051
FLOPROPIONE,0.0016827220465000514,0.9207684020253555,0.9945303159425051
CHLORPHENESIN,0.007171789625499997,0.9197072770675174,0.9945303159425051
LY2874455,0.026353667309999995,0.9203622884133197,0.9945303159425051
PX-478,0.049947997905494,0.9201687815475277,0.9945303159425051
PERPHENAZINE,0.16339238539615003,0.9197072770675174,0.9945303159425051
GLPG1837,-0.2310882910424135,0.9218018756758796,0.9946294033982715
METHOTREXATE,-0.19636750440499995,0.9218018756758796,0.9946294033982715
ICA-069673,-0.05711698500409004,0.9218018756758796,0.9946294033982715
XD-14,-0.0418220476970359,0.9218018756758796,0.9946294033982715
CARBARIL,-0.03128729350155925,0.9218018756758796,0.9946294033982715
CCMI,0.03502586427550003,0.9218018756758796,0.9946294033982715
ESZOPICLONE,-0.056814123702000036,0.9222649440004533,0.9948688561201301
BENZOQUINONIUM-DIBROMIDE,-0.05666553688859,0.9228087638116025,0.9948688561201301
SULCONAZOLE,-0.012514520471950001,0.9228087638116025,0.9948688561201301
ZOMEPIRAC,0.0418144445332,0.9228087638116025,0.9948688561201301
PIBENZIMOL,0.0984815316271,0.9226848473790429,0.9948688561201301
TELOTRISTAT-ETHYL,0.005966624704000001,0.9231906997001533,0.9949420857142639
OXIRACETAM,0.017210337610000348,0.9231906997001533,0.9949420857142639
GANAXOLONE,-0.16487944691799994,0.9237900782032459,0.9951292890767746
MANITIMUS,-0.0938526892979662,0.924306611252311,0.9951292890767746
BETA-CCB,-0.08465943313049998,0.9237900782032459,0.9951292890767746
SULOPENEM,-0.07201015469317198,0.924306611252311,0.9951292890767746
SAMERIDINE,0.037993993643046696,0.924306611252311,0.9951292890767746
STANOZOLOL,0.08850298292300002,0.924306611252311,0.9951292890767746
COLFORSIN,-0.0539999567465,0.9248582655788413,0.9953849913337496
OLEUROPEIN,0.08312696434195001,0.9248582655788413,0.9953849913337496
GSK-J4,-0.18138331097059998,0.9338022002038915,0.9957878362886209
DAPSONE,-0.14790776465709998,0.9312493046509378,0.9957878362886209
LDN-57444,-0.14655478924044998,0.9295381355988135,0.9957878362886209
ALFACALCIDOL,-0.116991639721,0.9362337306473917,0.9957878362886209
SIVELESTAT,-0.11013626418199998,0.9311037818178508,0.9957878362886209
PF-06463922,-0.0970912908747,0.9311037818178508,0.9957878362886209
OCTOPAMINE,-0.08422118271599999,0.9268453202923237,0.9957878362886209
PAGOCLONE,-0.08401215511358591,0.9363894139883054,0.9957878362886209
MAROPITANT,-0.07975808404015,0.9311037818178508,0.9957878362886209
EC-23,-0.07459160672658371,0.9346474326000288,0.9957878362886209
ZALDARIDE,-0.07252521123299999,0.9312493046509378,0.9957878362886209
CLINDAMYCIN-PALMITATE,-0.0703197778773,0.9268453202923237,0.9957878362886209
PICOTAMIDE,-0.06940354142564999,0.9355398262400729,0.9957878362886209
2-PYRIDYLETHYLAMINE,-0.06405132927999999,0.9329265090360035,0.9957878362886209
ROXITHROMYCIN,-0.062279992182935,0.9354867708887042,0.9957878362886209
TCS-21311,-0.061244560277942006,0.9338022002038915,0.9957878362886209
ETHYL-PARABEN,-0.057989539915345,0.9296365245070707,0.9957878362886209
DIAZOXIDE,-0.0572128222344,0.9359619729162628,0.9957878362886209
20-HYDROXYECDYSONE,-0.0535535598915,0.9277999852086095,0.9957878362886209
PROPYLPARABEN,-0.052337429833842694,0.9338022002038915,0.9957878362886209
SCH-51344,-0.05124506402518253,0.9338022002038915,0.9957878362886209
KX2-391,-0.050892663836999974,0.929574069084228,0.9957878362886209
SSR240612,-0.049565055221512805,0.9303460057228778,0.9957878362886209
LY2784544,-0.04918670157149996,0.9354867708887042,0.9957878362886209
PHENPROBAMATE,-0.043198470174299994,0.9354867708887042,0.9957878362886209
PRAMOXINE,-0.03419157562900001,0.9346553341563564,0.9957878362886209
ETOFIBRATE,-0.033381162768500006,0.9268453202923237,0.9957878362886209
AVOBENZONE,-0.03153032759300001,0.9277999852086095,0.9957878362886209
CL-218872,-0.03146059073905,0.929574069084228,0.9957878362886209
OXYBENZONE,-0.027665628289500005,0.9296365245070707,0.9957878362886209
ALLOPURINOL-RIBOSIDE,-0.021362660240500004,0.9359619729162628,0.9957878362886209
AV-608,-0.017576609053000014,0.9354867708887042,0.9957878362886209
PF-06928215,-0.016209377291590506,0.9303460057228778,0.9957878362886209
TTP-22,-0.015015299461505802,0.9279399857643883,0.9957878362886209
AZD1208,-0.011058035534500021,0.9346553341563564,0.9957878362886209
WYE-354,-0.0076591203009999664,0.9359619729162628,0.9957878362886209
OPC-21268,-0.006609574364703497,0.9351292046110271,0.9957878362886209
DICYCLOHEXYLAMINE,-0.003559931259471988,0.9279399857643883,0.9957878362886209
NILVADIPINE,-0.002046844742499998,0.9287300745648026,0.9957878362886209
BUTALBITAL,-0.0015034371975000127,0.9338022002038915,0.9957878362886209
SB-657510,0.0038734950133499993,0.9277999852086095,0.9957878362886209
TILORONE,0.011666206290899997,0.9287300745648026,0.9957878362886209
PEFLOXACIN,0.01331575488550002,0.9287300745648026,0.9957878362886209
"3,5-DHPG-(S)",0.0152267285970112,0.9338022002038915,0.9957878362886209
SC-236,0.02724235079683099,0.9351292046110271,0.9957878362886209
FLUNARIZINE,0.02974579922499998,0.928466333629852,0.9957878362886209
TELENZEPINE,0.02978899349,0.9312493046509378,0.9957878362886209
TRIBROMOETHANOL,0.030071969863274498,0.9277999852086095,0.9957878362886209
GPP-78,0.03177211691057025,0.9351292046110271,0.9957878362886209
METARAMINOL,0.03185768932999977,0.9287300745648026,0.9957878362886209
VENLAFAXINE,0.03772549269046,0.9346720708445536,0.9957878362886209
DOCONEXENT-ETHYL-ESTER,0.039191647521999995,0.9295381355988135,0.9957878362886209
DEHYDROEPIANDROSTERONE,0.04052273781499999,0.9329265090360035,0.9957878362886209
SODIUM-NITRITE,0.0459428631219778,0.9277999852086095,0.9957878362886209
GDC-0623,0.046232821997839846,0.927405102394047,0.9957878362886209
L-165041,0.0514744845689,0.9359619729162628,0.9957878362886209
NEU2000,0.053664490177492495,0.9363894139883054,0.9957878362886209
ABAMETAPIR,0.06380815560045,0.925865093623866,0.9957878362886209
TC-I-2014,0.0703998126762085,0.9338022002038915,0.9957878362886209
URIDINE-TRIACETATE,0.07280896014000002,0.9359619729162628,0.9957878362886209
CYTARABINE,0.07532027046340001,0.929574069084228,0.9957878362886209
RUPATADINE,0.07692046668649997,0.9354867708887042,0.9957878362886209
ABARELIX,0.07759500222476698,0.9363894139883054,0.9957878362886209
JHW-007,0.08157310356623901,0.9338022002038915,0.9957878362886209
FGIN-1-27,0.0848725298412,0.9354867708887042,0.9957878362886209
HA14-1,0.11008723021,0.9362337306473917,0.9957878362886209
TYRPHOSTIN-A9,0.11054166666599999,0.9296365245070707,0.9957878362886209
BISMUTH-SUBCITRATE-POTASSIUM,0.11062612309900002,0.9290513225585649,0.9957878362886209
CI-844,0.12109056355000003,0.9359619729162628,0.9957878362886209
LARAZOTIDE-ACETATE,0.1575115107291905,0.9303460057228778,0.9957878362886209
ERLOTINIB,0.24378199408200002,0.9321294910639447,0.9957878362886209
TAPRENEPAG,-0.10611608645235002,0.9373535434035128,0.9961444582505552
CX-516,-0.029017367048999987,0.9372146826891542,0.9961444582505552
GUACETISAL,-0.02294448591241,0.9373535434035128,0.9961444582505552
BD-1063,0.004884015643000006,0.9372146826891542,0.9961444582505552
PIK-75,-0.46200902529999954,0.9423540017687906,0.9971562212979236
FILANESIB,-0.36133200300000023,0.9423540017687906,0.9971562212979236
MEPIVACAINE,-0.297685119489,0.9431835869433097,0.9971562212979236
I-CBP-112,-0.1834523489309658,0.9398081810083257,0.9971562212979236
ARGATROBAN,-0.17480670950199997,0.940881780255519,0.9971562212979236
D-4476,-0.14900379380399997,0.940881780255519,0.9971562212979236
PRALATREXATE,-0.12217447569700024,0.9423540017687906,0.9971562212979236
SN-6,-0.1136240596421,0.9431835869433097,0.9971562212979236
MC1568,-0.097963893119416,0.9398081810083257,0.9971562212979236
CLORGILINE,-0.09091677683652301,0.9405842158297483,0.9971562212979236
CILNIDIPINE,-0.06158637190025,0.9405842158297483,0.9971562212979236
ROMIDEPSIN,-0.05993283442500008,0.9413405028447631,0.9971562212979236
ETRASIMOD,-0.058443033424822544,0.9398081810083257,0.9971562212979236
4-METHYLGENISTEIN,-0.04480069542949999,0.9398081810083257,0.9971562212979236
PD-166793,-0.032552203689349996,0.9405842158297483,0.9971562212979236
CAMYLOFINE-CHLORHYDRATE,-0.0313566047055,0.9405842158297483,0.9971562212979236
ZONIPORIDE,-0.029184668682412096,0.9423237173247275,0.9971562212979236
ANIDULAFUNGIN,-0.01529467768800001,0.9413405028447631,0.9971562212979236
GW-627368,-0.013630048479568196,0.9423237173247275,0.9971562212979236
SARPOGRELATE,0.003327198323500008,0.9423540017687906,0.9971562212979236
TALC,0.0046781620248999845,0.9429338384058894,0.9971562212979236
TCS-2210,0.01792901116387502,0.9398081810083257,0.9971562212979236
LY334370,0.0286439018120642,0.9424364893526262,0.9971562212979236
L-733060,0.0354170750843,0.9431835869433097,0.9971562212979236
CH-5183284,0.03924045782423846,0.941895175496232,0.9971562212979236
ALIZAPRIDE,0.052157786417900004,0.9431835869433097,0.9971562212979236
SECNIDAZOLE,0.0659490851850002,0.9423540017687906,0.9971562212979236
TETRAMISOLE,0.06748065435350001,0.9405842158297483,0.9971562212979236
MRX-2843,0.09978945274095996,0.9424364893526262,0.9971562212979236
"TRANS-10,CIS-12-CONJUGATED-LINOLEIC-ACID",0.12947659386199994,0.9423540017687906,0.9971562212979236
NEMORUBICIN,0.2511846892000005,0.9413405028447631,0.9971562212979236
ATRASENTAN,-0.298318820545,0.9439115463315867,0.997330886377115
FORETINIB,-0.26229562917500004,0.9487497454172213,0.997330886377115
TECASTEMIZOLE,-0.20415033839449992,0.9451002843200051,0.997330886377115
FDCYD,-0.19124822610000014,0.9439115463315867,0.997330886377115
TUAMINOHEPTANE,-0.1854836455026,0.9524515354386665,0.997330886377115
DINACICLIB,-0.17880026657000014,0.947197405306911,0.997330886377115
LATREPIRDINE,-0.1599954680254999,0.947197405306911,0.997330886377115
SETIPTILINE,-0.1439253485535,0.9498073412427638,0.997330886377115
DOVITINIB,-0.11292908417999992,0.9458175873258472,0.997330886377115
DICLAZURIL,-0.11057882444199996,0.9518300782755652,0.997330886377115
MM-206,-0.10115867713564186,0.9545402514829119,0.997330886377115
DUP-697,-0.1006997898238,0.9498073412427638,0.997330886377115
THZ1,-0.09378247587749033,0.9564045061061358,0.997330886377115
IMIDAPRIL,-0.09259440590500004,0.9518300782755652,0.997330886377115
LDN-27219,-0.08836921869124051,0.9518300782755652,0.997330886377115
TAK-960,-0.08691744024628001,0.949522938970514,0.997330886377115
ASC-J9,-0.0798805330707,0.9491556833793577,0.997330886377115
ATENOLOL-(-),-0.068330919249445,0.947197405306911,0.997330886377115
DU-728,-0.06647252974089,0.9492318350216337,0.997330886377115
DESOXYPEGANINE,-0.05904349000870002,0.947197405306911,0.997330886377115
AC-7954-(+/-),-0.05134796515549997,0.9511921623895536,0.997330886377115
DYNOLE-34-2,-0.04486725116055598,0.9518300782755652,0.997330886377115
EMODIN,-0.04141099080749999,0.9518300782755652,0.997330886377115
ICLAPRIM,-0.0411924577975309,0.9545402514829119,0.997330886377115
M-14157,-0.034206794293999976,0.9496379864302498,0.997330886377115
MELUADRINE,-0.0339782786978,0.9551306374252122,0.997330886377115
CETIRIZINE,-0.030727447806499997,0.9524515354386665,0.997330886377115
EPLERENONE,-0.02696446118144,0.9487497454172213,0.997330886377115
BECLAMIDE,-0.025850010465089997,0.9524515354386665,0.997330886377115
IPRAGLIFLOZIN-L-PROLINE,-0.023268018576699995,0.947197405306911,0.997330886377115
ALLYLISOTHIOCYANATE,-0.022444680967005,0.9496379864302498,0.997330886377115
YIL-781,-0.0209237883646976,0.9518300782755652,0.997330886377115
ETHOXZOLAMIDE,-0.014540811386499986,0.9458175873258472,0.997330886377115
GLASDEGIB,-0.011890716899250003,0.9487497454172213,0.997330886377115
BROMOPRIDE,-0.006970839179999994,0.9524515354386665,0.997330886377115
PHENOLPHTHALEIN,-0.005823819618000048,0.9533116105556265,0.997330886377115
FENBENDAZOLE,-0.0055140717399999595,0.9533116105556265,0.997330886377115
FERB-033,-0.005355481862055001,0.9458175873258472,0.997330886377115
MALIC-ACID,-0.0024199686940999943,0.9563457014182883,0.997330886377115
GUANIDINOETHYLDISULFIDE-BICARBONATE,-0.0019265234403774527,0.9518300782755652,0.997330886377115
SASAPYRINE,-0.0016062646440000161,0.9511921623895536,0.997330886377115
TEGASEROD,-0.0009155823220962506,0.9491477330685713,0.997330886377115
FELBINAC,-0.00040819438570000033,0.9551306374252122,0.997330886377115
NARINGENIN,-0.00023910269000002038,0.9533116105556265,0.997330886377115
SENICAPOC,0.002645953825999997,0.9533116105556265,0.997330886377115
CHENODEOXYCHOLIC-ACID,0.005857563297499979,0.9465163922261549,0.997330886377115
CLOROTEPINE,0.0065245908525999995,0.9567134814895327,0.997330886377115
SPP-86,0.007810691775571976,0.949522938970514,0.997330886377115
PF-915275,0.01675249400579505,0.9567262834600729,0.997330886377115
CINACIGUAT,0.017083560946499987,0.9530571626927302,0.997330886377115
ANISINDIONE,0.017125536121224527,0.9564045061061358,0.997330886377115
SULFAMOXOLE,0.01751778344046248,0.9564045061061358,0.997330886377115
HYDROXYFASUDIL,0.019785852017999983,0.9458175873258472,0.997330886377115
EBASTINE,0.020367336821099993,0.9545528750819254,0.997330886377115
GUANABEN-ACETATE,0.021801839424750002,0.9563457014182883,0.997330886377115
INDIRUBIN-3-MONOXIME,0.02411158759750001,0.9487497454172213,0.997330886377115
RADIPRODIL,0.028946943054768005,0.9484868844856702,0.997330886377115
EMORFAZONE,0.029515307424499995,0.9505371252179672,0.997330886377115
LITHOCHOLIC-ACID,0.0310239891916,0.9530571626927302,0.997330886377115
ALCLOFENAC,0.0343959743611,0.9505371252179672,0.997330886377115
SALICYLANILIDE,0.037364971291,0.9494128498533244,0.997330886377115
N-ACETYLGLYCYL-D-GLUTAMIC-ACID,0.03918880652115,0.9530571626927302,0.997330886377115
BETAINE,0.03966095929725,0.9563457014182883,0.997330886377115
TC-LPA5-4,0.04567055745585852,0.9567262834600729,0.997330886377115
SULFAFURAZOLE,0.045852947278999995,0.9551306374252122,0.997330886377115
RS-102221,0.04754059772290001,0.9551306374252122,0.997330886377115
NERIDRONIC-ACID,0.05000779630544999,0.9563457014182883,0.997330886377115
AGN-192403,0.05356375116300005,0.9491556833793577,0.997330886377115
PG-9,0.05455256331134999,0.95514879291882,0.997330886377115
2-CHLOROPYRAZINE,0.05743903533130001,0.9497380102835858,0.997330886377115
BENTAZEPAM,0.06291879790954,0.9567134814895327,0.997330886377115
PF-04457845,0.069576177598,0.9533116105556265,0.997330886377115
EMERAMIDE,0.079259818689971,0.9545402514829119,0.997330886377115
ASA-404,0.082445513083,0.9551306374252122,0.997330886377115
POTASSIUM-P-AMINOBENZOATE,0.09139638566949998,0.9524515354386665,0.997330886377115
RG7834,0.09217115552977018,0.9545402514829119,0.997330886377115
GR-127935,0.09221075962299999,0.9498073412427638,0.997330886377115
GLYCOPYRROLATE,0.09714487919130001,0.9557058852914001,0.997330886377115
LASMIDITAN,0.09969519784146799,0.9518300782755652,0.997330886377115
3-ALPHA-HYDROXY-5-BETA-ANDROSTAN-17-ONE,0.10735314147549996,0.9458175873258472,0.997330886377115
CEPHARANTHINE,0.11462993818799999,0.947197405306911,0.997330886377115
VALACICLOVIR,0.12329876559450001,0.9518300782755652,0.997330886377115
MOLINDONE,0.143152025209,0.9491556833793577,0.997330886377115
TUCATINIB,0.17938433368040002,0.9436071668993301,0.997330886377115
NORETYNODREL,0.18481733854399995,0.9533116105556265,0.997330886377115
NOCODAZOLE,-0.3437748861200003,0.9647839776414973,0.9973631429550031
TRAMETINIB,-0.337673627127,0.9643294082703201,0.9973631429550031
SULFASALAZINE,-0.15603116699000003,0.9595309773174479,0.9973631429550031
THYMALFASIN,-0.1481830027764824,0.9605962419254829,0.9973631429550031
HIPPURIC-ACID,-0.1311028660300221,0.9639331636948876,0.9973631429550031
METOPROLOL,-0.12212417723299995,0.9611081140269768,0.9973631429550031
SULFACARBAMIDE,-0.10061189494650002,0.9647839776414973,0.9973631429550031
CEFTIZOXIM,-0.0948053822113823,0.9638629479720922,0.9973631429550031
BENZOXIQUINE,-0.06505434500085,0.9643294082703201,0.9973631429550031
TROVAFLOXACIN,-0.04582844961400001,0.9595309773174479,0.9973631429550031
TCS-359,-0.04115315097300001,0.9643294082703201,0.9973631429550031
L-NAME,-0.0387530585592,0.9616068561140844,0.9973631429550031
TOCERANIB,-0.03422319711750002,0.9623873641946916,0.9973631429550031
TRODUSQUEMINE,-0.03146545139989998,0.9605962419254829,0.9973631429550031
TENATOPRAZOLE,-0.029478948595000026,0.9643294082703201,0.9973631429550031
FUTIBATINIB,-0.0243405054439132,0.9605962419254829,0.9973631429550031
COR-170,-0.020206464419023747,0.9639331636948876,0.9973631429550031
AZASERINE,-0.019933298266471708,0.9638629479720922,0.9973631429550031
BP-897,-0.01979452655149999,0.9578453124497704,0.9973631429550031
METATINIB,-0.014923251405000004,0.9589194589567328,0.9973631429550031
HEMATOXYLIN,-0.012228619066499968,0.9638629479720922,0.9973631429550031
LIRAGLUTIDE,-0.010096866322767517,0.9636648943497055,0.9973631429550031
GLAFENINE,-0.007983990560450016,0.9647839776414973,0.9973631429550031
CW-008,-3.472772025148174e-05,0.9578453124497704,0.9973631429550031
NAPHAZOLINE,0.00515519630224999,0.9589194589567328,0.9973631429550031
IPRATROPIUM,0.0071275128125,0.9647839776414973,0.9973631429550031
LESINURAD,0.00768012340799995,0.9583893170666622,0.9973631429550031
ECHINOMYCIN,0.007958509890000354,0.9633841238943857,0.9973631429550031
SCS,0.010788079721999994,0.9611081140269768,0.9973631429550031
ALOSETRON,0.010868850790999987,0.9615507326919163,0.9973631429550031
FALECALCITRIOL,0.015128705164500017,0.9572868941179531,0.9973631429550031
ENPROFYLLINE,0.019164670629000014,0.9643294082703201,0.9973631429550031
WISKOSTATIN,0.022770998967649114,0.9638629479720922,0.9973631429550031
GSK-J1,0.02833152503914768,0.9636648943497055,0.9973631429550031
ALANTOLACTONE,0.031524878433480605,0.9578453124497704,0.9973631429550031
N-MPPP,0.0425775277605,0.9615507326919163,0.9973631429550031
DEOXYCHOLIC-ACID,0.04516923068514,0.9616068561140844,0.9973631429550031
ML133,0.04690353906600003,0.9589194589567328,0.9973631429550031
DINOPROST,0.05363651313100001,0.9595309773174479,0.9973631429550031
NBI-74330-(+/-),0.05710682776570203,0.9639331636948876,0.9973631429550031
GLUTATHIONE,0.0748306281294,0.9630565093099328,0.9973631429550031
CKI-7,0.07494068422574406,0.9638629479720922,0.9973631429550031
PENTOBARBITAL,0.07697595099820001,0.9589194589567328,0.9973631429550031
KM-0118,0.11785408058246159,0.9605962419254829,0.9973631429550031
TECOVIRIMAT,0.1343408250832,0.9611081140269768,0.9973631429550031
IDOXURIDINE,0.17338430013300005,0.9595309773174479,0.9973631429550031
TP-003,0.1863608016431997,0.9638629479720922,0.9973631429550031
THIOSTREPTON,0.19300393654549997,0.9643294082703201,0.9973631429550031
AZD4547,0.1955208395945,0.9615507326919163,0.9973631429550031
D-157495,0.21371673090109894,0.9605962419254829,0.9973631429550031
10-HYDROXYCAMPTOTHECIN,0.31259396343500034,0.9630565093099328,0.9973631429550031
UNC2025,-0.38222919367437,0.98556913574955,0.9980662646721825
ERIBULIN,-0.3618701777131199,0.9848394551422448,0.9980662646721825
WAY-629,-0.22582000398365148,0.9879506528793556,0.9980662646721825
TEPP-46,-0.225160663568857,0.9879506528793556,0.9980662646721825
PTEROSTILBENE,-0.22350794203255,0.9765184146915373,0.9980662646721825
NSC-23766,-0.211623473183,0.9850365312114632,0.9980662646721825
ZK-93423,-0.19436074280549998,0.9871791649552291,0.9980662646721825
UPF-1069,-0.18423058686299998,0.9939751546799295,0.9980662646721825
JTE-907,-0.18223803609899997,0.979321099927201,0.9980662646721825
PYRITINOL,-0.17783016630999993,0.9702714798252512,0.9980662646721825
LEVALBUTEROL,-0.16019894906299997,0.9677435642779159,0.9980662646721825
NOREPINEPHRINE,-0.1512956621049999,0.9764855043775905,0.9980662646721825
"4,5,6,7-TETRABROMOBENZOTRIAZOLE",-0.1439917913469,0.9730692926119036,0.9980662646721825
HKI-357,-0.14086245113546525,0.9781941110705014,0.9980662646721825
XL041,-0.128716400831915,0.9787764632856288,0.9980662646721825
PAMIDRONATE,-0.12684440403576003,0.9832027405497183,0.9980662646721825
ALPHA-METHYLSEROTONIN,-0.12389299734980852,0.9879506528793556,0.9980662646721825
GSK2334470,-0.12294023076199556,0.9759040535621506,0.9980662646721825
FEVIPIPRANT,-0.11981250203816249,0.9698826425557878,0.9980662646721825
ZACOPRIDE,-0.11739410138599998,0.9935893755664733,0.9980662646721825
BAX-CHANNEL-BLOCKER,-0.10159107507449999,0.9730692926119036,0.9980662646721825
MM-11253,-0.10012448519980076,0.9927842728073155,0.9980662646721825
TEZACAFTOR,-0.0899042048975,0.9823876985440022,0.9980662646721825
SBHA,-0.08937584624310975,0.9759040535621506,0.9980662646721825
SNC-80,-0.085312501490139,0.9741923198484779,0.9980662646721825
ATPA,-0.08524696628,0.9808951442716227,0.9980662646721825
ADIPHENINE,-0.0847581347778,0.9790523225860812,0.9980662646721825
TELMESTEINE,-0.08406360314,0.9730692926119036,0.9980662646721825
NAVARIXIN,-0.08239048181625,0.9765184146915373,0.9980662646721825
5-HYDROXYTRYPTOPHAN,-0.07856408015399999,0.9764855043775905,0.9980662646721825
ACALISIB,-0.06743055885975002,0.9709282966406999,0.9980662646721825
CITIOLONE,-0.067067033906,0.9821602454970679,0.9980662646721825
ACETARSOL,-0.063681840632,0.9881062797354375,0.9980662646721825
DH-97,-0.06363056231205694,0.9939751546799295,0.9980662646721825
DPI-201106,-0.06354868746799999,0.9790523225860812,0.9980662646721825
SJ-733,-0.0627483463756571,0.9879506528793556,0.9980662646721825
HYDROCHLOROTHIAZIDE,-0.06258932685200003,0.9759040535621506,0.9980662646721825
PERIFOSINE,-0.06084921730839998,0.981188454490009,0.9980662646721825
BMS-986205,-0.06026555844890796,0.9666545069403333,0.9980662646721825
NARINGENINIC-ACID,-0.05858054258995102,0.9783551788168346,0.9980662646721825
DOXYCYCLINE,-0.057677106726999994,0.9832027405497183,0.9980662646721825
2-METHOXYESTRADIOL,-0.05720735436550001,0.9765184146915373,0.9980662646721825
DOBUTAMINE,-0.05659380983245001,0.9871791649552291,0.9980662646721825
ENTACAPONE,-0.053775425690999995,0.9821602454970679,0.9980662646721825
PGL5001,-0.052790104186600004,0.9765184146915373,0.9980662646721825
SUBSTANCE-P,-0.052763542509704,0.9927305658599193,0.9980662646721825
BICUCULLINE-(+),-0.051904514183999995,0.9939751546799295,0.9980662646721825
CLOFOCTOL,-0.051655576998349995,0.9743616400079137,0.9980662646721825
ZIRITAXESTAT,-0.05125361613601501,0.9939751546799295,0.9980662646721825
WAY-600,-0.04818436935550008,0.9940529746779243,0.9980662646721825
LEVO-PHENCYNONATE,-0.0478575353393,0.9938952699345395,0.9980662646721825
SKF-96365,-0.047476229631,0.9790523225860812,0.9980662646721825
ACLIDINIUM,-0.0418743968892,0.9911368041666333,0.9980662646721825
OPIPRAMOL,-0.04093145942795,0.9879506528793556,0.9980662646721825
TRYPTOPHAN,-0.040554039771620004,0.981441199149924,0.9980662646721825
ZAMI-633,-0.03958877085204049,0.9698826425557878,0.9980662646721825
PANTOPRAZOLE,-0.03936285526649999,0.9743616400079137,0.9980662646721825
TAZOBACTAM,-0.03766034540000002,0.9821602454970679,0.9980662646721825
AMLEXANOX,-0.03636391084249996,0.9935893755664733,0.9980662646721825
APR-246,-0.03501002253575991,0.9927842728073155,0.9980662646721825
2-PHENYLMELATONIN,-0.0341844565298,0.9823876985440022,0.9980662646721825
NORTRIPTYLINE,-0.03311288053969,0.9790523225860812,0.9980662646721825
AMELTOLIDE,-0.033049733740000004,0.9730692926119036,0.9980662646721825
SDZ-220-581,-0.031782493482400004,0.980642762903111,0.9980662646721825
GALETERONE,-0.031124534696999995,0.9782023483888846,0.9980662646721825
CIGLITAZONE,-0.031018653190600015,0.975017265727507,0.9980662646721825
PENTACOSANOIC-ACID,-0.03025349128542,0.9743616400079137,0.9980662646721825
NERBACADOL,-0.030226035836600003,0.9690736235055547,0.9980662646721825
VISMODEGIB,-0.029974624024999993,0.9790523225860812,0.9980662646721825
IODODEXETIMIDE,-0.029011652495999962,0.9850365312114632,0.9980662646721825
PARAXANTHINE,-0.028656083291299997,0.9762152021772383,0.9980662646721825
LEVETIRACETAM,-0.027723377970500007,0.9938952699345395,0.9980662646721825
SD-208,-0.02650194333200001,0.9935893755664733,0.9980662646721825
2-OXOGLUTARIC-ACID,-0.02593839972414999,0.9830864014532588,0.9980662646721825
PIRACETAM,-0.024965555045000004,0.9935893755664733,0.9980662646721825
AR-A014418,-0.023993005838999992,0.9910215818727188,0.9980662646721825
NGB-2904,-0.02317040754699999,0.9702714798252512,0.9980662646721825
EDAGLITAZONE,-0.021043026219533294,0.9711429917097845,0.9980662646721825
E-4031,-0.02023197202435001,0.9807697819084112,0.9980662646721825
"5,7-DICHLOROKYNURENIC-ACID",-0.019340617856499986,0.9882579358945344,0.9980662646721825
NVP-BSK805,-0.019019493005205,0.9940529746779243,0.9980662646721825
ENROFLOXACIN,-0.01745894324249997,0.9821602454970679,0.9980662646721825
OXAZEPAM,-0.014894290123650011,0.9935893755664733,0.9980662646721825
LAMOTRIGINE,-0.01329599034050001,0.979321099927201,0.9980662646721825
CYCLOBENZAPRINE,-0.012588043796249997,0.9938952699345395,0.9980662646721825
I-BZA2,-0.008999952839499989,0.9706504019289152,0.9980662646721825
CREATINE,-0.008648950145,0.9730692926119036,0.9980662646721825
METHAZOLAMIDE,-0.006888134353999986,0.9755846530190427,0.9980662646721825
BNC105,-0.00655292869699986,0.9876268462006021,0.9980662646721825
TIFENAZOXIDE,-0.005716114351141471,0.9854617351300886,0.9980662646721825
BUPARVAQUONE,-0.005528222142149999,0.9941288089964994,0.9980662646721825
AC-186,-0.005032449503089648,0.9783551788168346,0.9980662646721825
PNU-142633,-0.0026088078986499993,0.981441199149924,0.9980662646721825
ARECAIDINE-BUT-2-YNYL-ESTER,-0.0025441937736000036,0.9706504019289152,0.9980662646721825
DVD-111,-0.0007788501082500038,0.9879506528793556,0.9980662646721825
SULFAMETHIZOLE,-0.00041054562750000856,0.9762152021772383,0.9980662646721825
MJ-15,0.0005000131082390918,0.9939751546799295,0.9980662646721825
"CBS,-N-CYCLOHEXYL-2-BENZOTHIAZOLESULFENAMIDE",0.0017615242019999866,0.9938952699345395,0.9980662646721825
PU-H71,0.003411978134999938,0.9941288089964994,0.9980662646721825
LOMEGUATRIB,0.004410664080699997,0.9850365312114632,0.9980662646721825
FLUVOXAMINE,0.0050308787861999965,0.9910215818727188,0.9980662646721825
VU0360172,0.005488383152754406,0.9698826425557878,0.9980662646721825
DIETHYLTOLUAMIDE,0.0060320798287,0.9702714798252512,0.9980662646721825
AZD5069,0.008611922748599996,0.9730692926119036,0.9980662646721825
SUCROSE,0.012185545721963054,0.9819268380590165,0.9980662646721825
LY294002,0.01229300638200001,0.9939751546799295,0.9980662646721825
N-ACETYL-D-GLUCOSAMINE,0.012339056603499987,0.9755846530190427,0.9980662646721825
NS-8593,0.012873545036335504,0.9927842728073155,0.9980662646721825
CHLORPHENSIN-CARBAMATE,0.012881896271000004,0.9911368041666333,0.9980662646721825
HP-228,0.0140852819721912,0.9666545069403333,0.9980662646721825
ROQUINIMEX,0.014428780560000076,0.9850365312114632,0.9980662646721825
GSK2838232,0.01490981227353308,0.9709282966406999,0.9980662646721825
NISOLDIPINE,0.016993520571974507,0.9759040535621506,0.9980662646721825
TC-N-1752,0.017088491263010985,0.9783551788168346,0.9980662646721825
BU226,0.017318910751999983,0.9850365312114632,0.9980662646721825
PHA-848125,0.01739752539000028,0.9675099309485409,0.9980662646721825
AVE-0991,0.017443209698314747,0.9819268380590165,0.9980662646721825
SINCALIDE,0.018282488104929294,0.9848394551422448,0.9980662646721825
SC-51089,0.021487044107122495,0.9939751546799295,0.9980662646721825
ACETYLCHOLINE,0.022030821398,0.9823876985440022,0.9980662646721825
HEPSULFAM,0.024015977826912005,0.9666545069403333,0.9980662646721825
UPADACITINIB,0.02633232098821855,0.9698826425557878,0.9980662646721825
OLMESARTAN-MEDOXOMIL,0.0263916408518,0.9706504019289152,0.9980662646721825
ACUMAPIMOD,0.027134385242003484,0.9759040535621506,0.9980662646721825
A-61603,0.028750779650272007,0.9927305658599193,0.9980662646721825
VUF10460,0.029564851210252985,0.9927842728073155,0.9980662646721825
GASTRODIN,0.03125993536750016,0.9698826425557878,0.9980662646721825
AUT-1,0.03153425620889509,0.9787764632856288,0.9980662646721825
LEVOBETAXOLOL,0.0415533015925085,0.9879506528793556,0.9980662646721825
OXCARBAZEPINE,0.041563206081000004,0.9940529746779243,0.9980662646721825
CAMKII-IN-1,0.0416082837716433,0.98556913574955,0.9980662646721825
FENOTEROL,0.0439468156,0.9911368041666333,0.9980662646721825
TROMARIL,0.04654713823600001,0.9670877777053088,0.9980662646721825
GW-1100,0.04661942578627495,0.9819268380590165,0.9980662646721825
MK-2461,0.04739812981343,0.9882579358945344,0.9980662646721825
TEPRENONE,0.0488152148858,0.9910215818727188,0.9980662646721825
QX-222,0.049271881178999985,0.9730692926119036,0.9980662646721825
SD-169,0.04995134751985,0.9755846530190427,0.9980662646721825
N-ACETYL-TYROSINE,0.050582080936425,0.9937289683556467,0.9980662646721825
SCOPINE,0.05108203081479999,0.9816872392038267,0.9980662646721825
2-HYDROXYFLUTAMIDE,0.05277366062295,0.9941288089964994,0.9980662646721825
5-IODO-A-85380,0.0535716555466,0.9911368041666333,0.9980662646721825
INCB-3284,0.05420364898630001,0.981188454490009,0.9980662646721825
MACITENTAN,0.05449525051104999,0.9755846530190427,0.9980662646721825
ITX5061,0.06167403295849121,0.9787764632856288,0.9980662646721825
BENAXIBINE,0.062123002228282015,0.9927842728073155,0.9980662646721825
MONOCROTALINE,0.0625774335017518,0.9909033227445643,0.9980662646721825
"D,L-MEVALONIC-ACID-LACTONE",0.06312901628425,0.9697699353877309,0.9980662646721825
,0.06312901628425,0.9697699353877309,0.9980662646721825
DROLOXIFENE,0.06507959849155001,0.9937289683556467,0.9980662646721825
ACARBOSE,0.07007988479490002,0.9910215818727188,0.9980662646721825
DMPS,0.070352051078229,0.9879506528793556,0.9980662646721825
ZOLEDRONIC-ACID,0.07437595885518974,0.9819268380590165,0.9980662646721825
IU1,0.07437953626299998,0.9697699353877309,0.9980662646721825
FELBAMATE,0.07505096193449999,0.9881062797354375,0.9980662646721825
5-FLUOROURACIL,0.08128843329000002,0.9782023483888846,0.9980662646721825
TINAZOLINE,0.0831833693791279,0.9909033227445643,0.9980662646721825
YM-298198-DESMETHYL,0.086606980241859,0.9698826425557878,0.9980662646721825
NICARDIPINE,0.0884142767331,0.9941288089964994,0.9980662646721825
RI-1,0.0885789107749,0.9850365312114632,0.9980662646721825
SPAUTIN-1,0.08909780081817348,0.9698826425557878,0.9980662646721825
REPARIXIN,0.0944859723778,0.9911368041666333,0.9980662646721825
METRIZAMIDE,0.09488896631275,0.9819268380590165,0.9980662646721825
CPI-613,0.09907291743299998,0.9670877777053088,0.9980662646721825
CINEPAZIDE,0.10280859996789998,0.9816872392038267,0.9980662646721825
NELOTANSERIN,0.10644438426740399,0.9787764632856288,0.9980662646721825
SITRAVATINIB,0.11910221285061395,0.9909033227445643,0.9980662646721825
COLESEVALAM,0.12011008538950002,0.9936423709164508,0.9980662646721825
OXAPROZIN,0.12247409210110001,0.9823876985440022,0.9980662646721825
AZD3264,0.12335679723581976,0.9939751546799295,0.9980662646721825
MOLSIDOMINE,0.1308202553074,0.9670877777053088,0.9980662646721825
VARDENAFIL,0.1340746201821,0.9941288089964994,0.9980662646721825
N20C,0.1357475143593,0.9910215818727188,0.9980662646721825
BQU57,0.15097512841195723,0.9939751546799295,0.9980662646721825
BIFONAZOLE,0.16445965962299997,0.9765184146915373,0.9980662646721825
ALPELISIB,0.185498631033855,0.9765184146915373,0.9980662646721825
BIIB021,0.21842154997999996,0.9850365312114632,0.9980662646721825
NONOXYNOL-9,0.22966520279249997,0.9940529746779243,0.9980662646721825
KPT-276,0.2605358547000003,0.9790523225860812,0.9980662646721825
ECAMSULE-TRIETHANOLAMINE,0.2863514770300002,0.9906572004773332,0.9980662646721825
EPIRUBICIN,0.31425204624,0.9823876985440022,0.9980662646721825
RX-3117,0.34543608913770996,0.9927305658599193,0.9980662646721825
RO-4987655,-0.14623320927499994,0.9970071378123694,0.9987792655283599
EVENAMIDE,-0.04168372031123531,0.9969677158550215,0.9987792655283599
PD-160170,-0.0321141243613,0.9970071378123694,0.9987792655283599
SELITRECTINIB,-0.026095997782286995,0.9969677158550215,0.9987792655283599
CHLORPROTHIXENE,-0.014840593088370003,0.9966403098498181,0.9987792655283599
S-38093,-0.012815327958613298,0.9969677158550215,0.9987792655283599
TRICHLOROACETIC-ACID,0.05205124941684999,0.9966403098498181,0.9987792655283599
BAY-1895344,0.052545449509800335,0.9969677158550215,0.9987792655283599
"6,_7-DEHYDRO-17-ACETOXY-PROGESTERONE",0.0934039397057,0.9970071378123694,0.9987792655283599
BAMBUTEROL,0.094985383931,0.9970455473776874,0.9987792655283599
BOSUTINIB,0.10407948526800001,0.9970455473776874,0.9987792655283599
SIREMADLIN,0.10545497742755791,0.9969677158550215,0.9987792655283599
PARCETASAL,0.1131737246255476,0.9969677158550215,0.9987792655283599
MLN-8054,0.371237652934,0.9968856702300262,0.9987792655283599
BAY-41-2272,-0.129772846500945,1.0,1.0
CILAZAPRIL,-0.06084058730239999,1.0,1.0
IOBENGUANE,-0.04293498668079999,1.0,1.0
ALTINICLINE,-0.02210563478325,1.0,1.0
AMMONIUM-PERFLUOROCAPRYLATE,-0.0011038062523885117,1.0,1.0
BADGE,0.006880320014499994,1.0,1.0
NS-9283,0.008597774369099004,1.0,1.0
WEHI-345-ANALOG,0.028996498941663305,1.0,1.0
IPRIFLAVONE,0.09694214295349995,1.0,1.0
REBASTINIB,0.3056680587644296,1.0,1.0
TETRAMETHYLTHIURAM-MONOSULFIDE,0.3965281092299999,1.0,1.0
