feature,delta_value,p_value,corrected_p_value
RG7112,1.778008741770484,2.946919072813161e-06,0.01784116721956266
IDASANUTLIN,2.2521662810820002,1.1261585746922934e-05,0.01784116721956266
SAR405838,2.527075087639183,6.3360778439838605e-06,0.01784116721956266
MILADEMETAN,3.1967994160737874,1.0520141007728528e-05,0.01784116721956266
AMG-232,1.9237028988354998,1.4119731392136015e-05,0.017895347566393185
CGM097,2.0557419687128,6.756602497705711e-05,0.07136098337993514
ML-348,-0.2911347664383075,0.00032039128041305877,0.2900456491396505
PIM-1-INHIBITOR-2,-0.49441336867029656,0.0012168995920836443,0.9639365893792567
ACELARIN,-1.7276343444436102,0.06264933199692964,0.9989488049122789
INARIGIVIR,-1.6780671559080353,0.03336817208863601,0.9989488049122789
10-DEACETYLBACCATIN,-1.637070521688,0.004249922653793614,0.9989488049122789
TOLONIUM,-1.55673029348318,0.2274956824321176,0.9989488049122789
CETRIMONIUM,-1.5495895065249998,0.057051221135485206,0.9989488049122789
TRIAPINE,-1.50313348939,0.11085770069807094,0.9989488049122789
JD-5037,-1.4424861006335354,0.07465064362416322,0.9989488049122789
ARV-825,-1.4194643298979654,0.014029144746888274,0.9989488049122789
OTX015,-1.417450180266,0.004895599021979708,0.9989488049122789
S-TRITYL-L-CYSTEINE,-1.3442091098238802,0.13557428448164474,0.9989488049122789
SC-144,-1.32502721408,0.12574977526365333,0.9989488049122789
BIRINAPANT,-1.301447924046,0.0506882958155185,0.9989488049122789
OMTRIPTOLIDE,-1.2526594285683652,0.3177359398949019,0.9989488049122789
PIM-447,-1.2424779775927202,0.3247491255114503,0.9989488049122789
CEP-40783,-1.21647327347423,0.03844093941354244,0.9989488049122789
E7820,-1.2120979958748848,0.12576257522303633,0.9989488049122789
TC-S-7003,-1.188834729292445,0.13935575606281533,0.9989488049122789
NSC-663284,-1.169212237785,0.13187256310607273,0.9989488049122789
PFI-1,-1.148695051036,0.1396973585567212,0.9989488049122789
BI-78D3,-1.142004598545,0.0675337744939399,0.9989488049122789
AMETANTRONE,-1.11100899704868,0.04727069870122057,0.9989488049122789
TW-37,-1.08737583462,0.07152776394708646,0.9989488049122789
AMISELIMOD,-1.0829722838345859,0.713929292761325,0.9989488049122789
POLYDATIN,-1.0685611942070001,0.027837385118214902,0.9989488049122789
SATRAPLATIN,-1.0670541381999998,0.005108494900763766,0.9989488049122789
MG-132,-1.0201096047100005,0.04841110181415078,0.9989488049122789
THONZONIUM,-1.0007144892295,0.03453691931895274,0.9989488049122789
DEXRAZOXANE,-0.9858632749905999,0.027837385118214902,0.9989488049122789
ALISERTIB,-0.9611432962505001,0.24405773645296058,0.9989488049122789
TEROXIRONE,-0.9535115420703,0.16338066598413903,0.9989488049122789
MLN0128,-0.9454433778699998,0.1703712182629611,0.9989488049122789
TMS,-0.936747617345,0.17870166290505562,0.9989488049122789
METHYLBENZETHONIUM-CHLORIDE,-0.9222120771092854,0.2274956824321176,0.9989488049122789
VALRUBICIN,-0.9215789719250003,0.3954456059054121,0.9989488049122789
GEMCITABINE,-0.9159634704399999,0.3195772125809615,0.9989488049122789
MECHLORETHAMINE,-0.9090207798200001,0.1068714180590387,0.9989488049122789
EMD534085,-0.9075086130648504,0.31056983704804964,0.9989488049122789
OXYPHENCYCLIMINE,-0.8784765201100002,0.0770326084761757,0.9989488049122789
MK-1775,-0.87705277334,0.3490117653921745,0.9989488049122789
SCH-900776,-0.8698494852850001,0.1628287514747665,0.9989488049122789
BMS-387032,-0.86497794823,0.20762480429016172,0.9989488049122789
CYC065,-0.8647179854929643,0.9770626293419096,0.9989488049122789
LY2603618,-0.8456723258850001,0.3215276562045333,0.9989488049122789
AZD5582,-0.832483383196125,0.056565079945598375,0.9989488049122789
BATIMASTAT,-0.826460409541,0.03050751649251131,0.9989488049122789
ELDECALCITOL,-0.8209115127889297,0.12123641384497343,0.9989488049122789
GDC-0152,-0.8156632941290001,0.036243166014240685,0.9989488049122789
CICLOPIROX,-0.8003251258800002,0.5129903938502676,0.9989488049122789
ABBV-744,-0.783365263908645,0.13935575606281533,0.9989488049122789
GW-843682X,-0.7764042496700001,0.219350080524902,0.9989488049122789
INCB-057643,-0.7703381442275801,0.24716795085679888,0.9989488049122789
IRINOTECAN,-0.7666640718500002,0.07073083398935491,0.9989488049122789
DOXERCALCIFEROL,-0.7547761146549999,0.17399196886527613,0.9989488049122789
PF-05212384,-0.7417152581899997,0.15455362252056767,0.9989488049122789
JQ1-(+),-0.7295327906813001,0.2232604360718622,0.9989488049122789
ASTX660,-0.7033621313993406,0.03277627885731376,0.9989488049122789
MENADIONE,-0.6900892040995,0.002355743317873644,0.9989488049122789
CAMPTOTHECIN,-0.6795192240449999,0.20544137437837406,0.9989488049122789
ETOPOSIDE,-0.6768762983620001,0.03157806329442664,0.9989488049122789
VOLASERTIB,-0.666334845475,0.4793169650406066,0.9989488049122789
TYRPHOSTIN-A9,-0.6564197782375,0.6016989613385968,0.9989488049122789
LY3295668,-0.6538245610958897,0.05587779729462216,0.9989488049122789
VERDINEXOR,-0.6492295180267051,0.5947908956591319,0.9989488049122789
CONVALLATOXIN,-0.64606857233803,0.7463495220251402,0.9989488049122789
TAS-103,-0.6426584281899999,0.9036906022172878,0.9989488049122789
K-STROPHANTHIDIN,-0.6417316409315,0.37205563715249546,0.9989488049122789
MG-624,-0.6403862517164689,0.05564602703725754,0.9989488049122789
TORIN-1,-0.62578235344,0.24514268583347154,0.9989488049122789
ABT-751,-0.6208626687969999,0.48388444792654994,0.9989488049122789
VER-49009,-0.61503603385,0.12716617454734017,0.9989488049122789
SECLIDEMSTAT,-0.6082779895079495,0.44056951662469823,0.9989488049122789
LY2090314,-0.5993356391165,0.4885101035104298,0.9989488049122789
OBATOCLAX,-0.5978558254050004,0.8639211614693181,0.9989488049122789
ENTINOSTAT,-0.59500152518,0.6845731713812544,0.9989488049122789
AMG900,-0.5924622033050002,0.6547208460185769,0.9989488049122789
BW-348U87,-0.590608277831675,0.11216632398888142,0.9989488049122789
ARQ-621,-0.5886163320973004,0.45664400077733835,0.9989488049122789
MELPHALAN,-0.588019628559,0.1360931691101043,0.9989488049122789
THREO-2-METHYLISOCITRATE-(DL),-0.580392968294319,0.324396734443515,0.9989488049122789
BMS-986158,-0.5758417560954998,0.27144010022271636,0.9989488049122789
LCL-161,-0.5683173856182,0.009441029056803376,0.9989488049122789
CALCITRIOL,-0.562898425495,0.039875125858653104,0.9989488049122789
PD-166285,-0.5620487010731559,0.324396734443515,0.9989488049122789
CURCUMIN,-0.5609083730454,0.14964503727605083,0.9989488049122789
CETYLPYRIDINIUM,-0.560367959112,0.13507015103933856,0.9989488049122789
LY2334737,-0.5554657076680001,0.9730692926119036,0.9989488049122789
NSC-632839,-0.55078464732,0.5609859409854712,0.9989488049122789
OLEANDRIN,-0.53802690744328,0.24070983026170567,0.9989488049122789
NOCODAZOLE,-0.5378727942650001,0.11575677647248735,0.9989488049122789
TENIPOSIDE,-0.5355613373249999,0.8057074083726683,0.9989488049122789
OXF-BD-02,-0.5349598577174925,0.15949143968503,0.9989488049122789
WYE-125132,-0.5306379347850001,0.13216498119998674,0.9989488049122789
ALFACALCIDOL,-0.529292744109,0.16834091007747254,0.9989488049122789
AZD5153,-0.525038607113905,0.2163386199044347,0.9989488049122789
TOSEDOSTAT,-0.523659366423,0.130992137235036,0.9989488049122789
IVERMECTIN,-0.523058529436,0.3225999228769567,0.9989488049122789
ETHAVERINE,-0.519544832333,0.06612993011715508,0.9989488049122789
AT-9283,-0.518086613675,0.6735206208010739,0.9989488049122789
I-BET151,-0.515843192751,0.21022712680218636,0.9989488049122789
AT-406,-0.50924405117627,0.04569036775423483,0.9989488049122789
ADEFOVIR-DIPIVOXIL,-0.5053976078614999,0.20369152749167496,0.9989488049122789
CCT245737,-0.5046316798714601,0.6683146912205774,0.9989488049122789
GDC-0575,-0.50171782075603,0.5799415725311505,0.9989488049122789
AZD5991,-0.5009166951431678,0.3805265081912028,0.9989488049122789
BUPARLISIB,-0.49903768592999986,0.4606956275062052,0.9989488049122789
BNTX,-0.497664417395,0.04173076518237858,0.9989488049122789
TEN-010,-0.49633827808847997,0.09683195998893143,0.9989488049122789
ISPINESIB,-0.4920468353399998,0.7317009589325085,0.9989488049122789
DANOFLOXACIN,-0.49026143703805,0.015356136259995875,0.9989488049122789
OTS167,-0.4891694446799999,0.6367180541709399,0.9989488049122789
RIBOCICLIB,-0.48029896970999997,0.31743393082874927,0.9989488049122789
MEBENDAZOLE,-0.47958699029500007,0.3196382251776906,0.9989488049122789
CYT-997,-0.47587997920000014,0.5824588315873355,0.9989488049122789
DOXYCYCLINE,-0.474716876317,0.2531662180855818,0.9989488049122789
SALINOMYCIN,-0.47345495283500005,0.31056983704804964,0.9989488049122789
ANGUIDINE,-0.46815526245999983,0.271482247046159,0.9989488049122789
GDC-0941,-0.46648058712545,0.823767090297954,0.9989488049122789
CEFETAMET-PIVOXIL,-0.46564521206139997,0.00500942579308611,0.9989488049122789
D-7193,-0.46052846783799994,0.43991676643505606,0.9989488049122789
BROMOSPORINE,-0.458381536753,0.35149417604628286,0.9989488049122789
CPI-169,-0.454334967659563,0.19865728332035304,0.9989488049122789
12-O-TETRADECANOYLPHORBOL-13-ACETATE,-0.45178770746950003,0.18558560761930754,0.9989488049122789
BRUCEANTIN,-0.4516466869400002,0.4885101035104298,0.9989488049122789
BRILLIANT-GREEN,-0.4515038810900007,0.4218979975810897,0.9989488049122789
4E1RCAT,-0.44992616788499995,0.16834091007747254,0.9989488049122789
MK-5108,-0.44956591267049995,0.296826540511395,0.9989488049122789
EPOTHILONE-A,-0.44938964529500014,0.9829081410360564,0.9989488049122789
BRIVARACETAM,-0.44798574730249996,0.052217726759894355,0.9989488049122789
PF-4981517,-0.44296033725899997,0.46493649279338367,0.9989488049122789
KPT-9274,-0.4401115358044101,0.7806282644628137,0.9989488049122789
LEVOCETIRIZINE,-0.43998555199450007,0.3368517554464495,0.9989488049122789
I-BET-762,-0.431837750362,0.5503763650241896,0.9989488049122789
BAY1125976,-0.431603300797053,0.19080481268844296,0.9989488049122789
CREATINOL-PHOSPHATE,-0.42936482776299995,0.010171925910469486,0.9989488049122789
BETULINIC-ACID,-0.428504997763,0.0596447675813077,0.9989488049122789
CHIR-124,-0.42727840153499974,0.9702714798252512,0.9989488049122789
MRS-1220,-0.42544788502100006,0.21439068027036567,0.9989488049122789
NERATINIB,-0.423367406545,0.8178653716216279,0.9989488049122789
APHIDICOLIN,-0.42211025286500004,0.1519678312383554,0.9989488049122789
TRIPTOLIDE,-0.42204454107,0.15508225654876645,0.9989488049122789
GAMBOGIC-ACID,-0.4204667623799998,0.3706628850097583,0.9989488049122789
CARIPORIDE,-0.4179059957677,0.06036852796412104,0.9989488049122789
PROSCILLARIDIN-A,-0.41721148130999985,0.5396982112365563,0.9989488049122789
ZM-306416,-0.41520041530999974,0.44810369776087666,0.9989488049122789
PHENYLMERCURIC-ACETATE,-0.41385940650999986,0.5242312693690687,0.9989488049122789
CRYSTAL-VIOLET,-0.41372255839999994,0.8490544709812577,0.9989488049122789
BALOXAVIR-MARBOXIL,-0.4125732772083127,0.010573387481711471,0.9989488049122789
BMS-754807,-0.4125323721135,0.5391300407438244,0.9989488049122789
OSI-930,-0.41224765396999996,0.4345867223987424,0.9989488049122789
ELESCLOMOL,-0.40301596751,0.462085286747705,0.9989488049122789
CFI-400945,-0.4020515303496248,0.20881799637044074,0.9989488049122789
OXIPEROMIDE,-0.4005940474675,0.04633278379449542,0.9989488049122789
ONX-0914,-0.39871731177,0.06346262085317324,0.9989488049122789
BITOPERTIN,-0.3959227952755,0.47778842934700405,0.9989488049122789
EMETINE,-0.3910324598699999,0.5258089534529393,0.9989488049122789
CCT129202,-0.38919496470500015,0.2969810788228844,0.9989488049122789
WORTMANNIN,-0.38866033955580903,0.15118790698406726,0.9989488049122789
BAY-11-7085,-0.3847915517599998,0.41152147697070995,0.9989488049122789
DPC,-0.3821822675613955,0.7792251078346246,0.9989488049122789
JNJ-64619178,-0.380434383376135,0.8125005061657362,0.9989488049122789
NH125,-0.37653254455999985,0.18934138369756348,0.9989488049122789
FLOXURIDINE,-0.37373197557499993,0.36068922455200714,0.9989488049122789
CX-5461,-0.37294508052700004,0.4101757622937845,0.9989488049122789
AR-C155858,-0.3729383840374835,0.11289593593916078,0.9989488049122789
PF-477736,-0.37057928481500024,0.3095913148820554,0.9989488049122789
KPT-185,-0.3689082424150003,0.42351560107419517,0.9989488049122789
SULCONAZOLE,-0.36818501890655,0.34384156811474853,0.9989488049122789
DOMIPHEN,-0.36657327416143,0.12865168451863568,0.9989488049122789
CAPSAICIN,-0.3664415515225,0.012952217196438562,0.9989488049122789
NIRAPARIB,-0.364187014482845,0.14452691053492167,0.9989488049122789
DALCETRAPIB,-0.363799896439,0.21756677421175374,0.9989488049122789
XMD8-92,-0.3634253843122258,0.0675337744939399,0.9989488049122789
PDD-00017273,-0.36104861511566505,0.14852179509564417,0.9989488049122789
MITOQUINONE,-0.3607623401623208,0.7517986355000709,0.9989488049122789
BML-284,-0.36067612635232504,0.5685047128648113,0.9989488049122789
PELITINIB,-0.360612523362,0.4750456800689117,0.9989488049122789
HYPOESTOXIDE,-0.35964899192300004,0.22971961073972258,0.9989488049122789
PR-619,-0.35941397686965004,0.43162261502515,0.9989488049122789
FPH1-(BRD-6125),-0.358903287133,0.2652785146393405,0.9989488049122789
A-784168,-0.3575573120733838,0.1247045878241285,0.9989488049122789
ASTEMIZOLE,-0.3566910846985,0.4208286405349698,0.9989488049122789
TOPOTECAN,-0.35414812552999986,0.2588207339926062,0.9989488049122789
UH-232-(+),-0.35041053398395006,0.02148147066081129,0.9989488049122789
TELAPREVIR,-0.3495073821093,0.30952051589812124,0.9989488049122789
TH-302,-0.3493822994660001,0.5533779509908874,0.9989488049122789
BTZ043-RACEMATE,-0.346483496436,0.01321435937268614,0.9989488049122789
G-1,-0.34582986453950015,0.5324052547624791,0.9989488049122789
ISRIB,-0.3455732339903726,0.01740848375910989,0.9989488049122789
RESIQUIMOD,-0.3452888865585,0.23253820916287626,0.9989488049122789
BRD4770,-0.34333656780705,0.6316264497795587,0.9989488049122789
GLPG1837,-0.3425418959612775,0.08787642728190197,0.9989488049122789
TG-100801,-0.342125460513,0.02854458090541659,0.9989488049122789
CLOFAZIMINE,-0.339466274839,0.05676948551760978,0.9989488049122789
ORNIPRESSIN,-0.3388669929958299,0.2938412340994857,0.9989488049122789
RUFINAMIDE,-0.3376741178185,0.032747153479458384,0.9989488049122789
SU3327,-0.3376448029849999,0.4606027607708284,0.9989488049122789
RESIBUFOGENIN,-0.33502726579949993,0.6943322761546491,0.9989488049122789
AMMONIUM-GLYCYRRHIZINATE,-0.33459703411126,0.03517073680421993,0.9989488049122789
PARDOPRUNOX,-0.331896422648,0.19687898130704173,0.9989488049122789
BVT-948,-0.331848680829,0.03214390696429283,0.9989488049122789
BAY-8002,-0.331397607707147,0.21104446486460504,0.9989488049122789
PROTIONAMIDE,-0.331348939111,0.07984492141075207,0.9989488049122789
GENZ-644282,-0.3309369758250007,0.2809984460241929,0.9989488049122789
DIPIVEFRINE,-0.3304412810306,0.13005131457146923,0.9989488049122789
RU-58841,-0.32934066395655,0.20369152749167496,0.9989488049122789
HMN-214,-0.3290144045800001,0.30320511555450946,0.9989488049122789
ALECTINIB,-0.328616552318,0.5451771806265187,0.9989488049122789
MIGLITOL,-0.32747168761199996,0.12576257522303633,0.9989488049122789
KW-2478,-0.32699260329000013,0.3469068320879154,0.9989488049122789
ADAROTENE,-0.3216110156800003,0.8093832757084554,0.9989488049122789
TAPINAROF,-0.3208639292305464,0.06575234320330346,0.9989488049122789
TALAZOPARIB,-0.3190305828065,0.10568017801371264,0.9989488049122789
FLT3-IN-1,-0.3177961346170599,0.26222716708560967,0.9989488049122789
ACESULFAME-POTASSIUM,-0.31767920051100007,0.9316135904269293,0.9989488049122789
TCS-21311,-0.314426261326066,0.6579507592650893,0.9989488049122789
EMPAGLIFLOZIN,-0.3134708210935,0.01573824479427551,0.9989488049122789
BGT226,-0.3126596863649995,0.39199083073250285,0.9989488049122789
K-858,-0.3122823520650002,0.8864317776589388,0.9989488049122789
SULOCTIDIL,-0.31062256719515,0.44709732655862244,0.9989488049122789
PNU-37883,-0.31024042279655,0.09757604125918315,0.9989488049122789
MK-8745,-0.30783634137165,0.9203645704062895,0.9989488049122789
RTA-408,-0.307657441665,0.36191623287943275,0.9989488049122789
ML-228,-0.30749515804135497,0.525748592505669,0.9989488049122789
BENZYLDIMETHYLHEXADECYLAMMONIUM,-0.30707317455175,0.1130665091032913,0.9989488049122789
SOMATOSTATIN,-0.30641015222765,0.02173155694968295,0.9989488049122789
MRS-1845,-0.30640192299293495,0.015792756044895568,0.9989488049122789
CLORGILINE,-0.30512478401545,0.07244555547904394,0.9989488049122789
GOLGICIDE-A,-0.3033915184025,0.788446734264471,0.9989488049122789
PF-3845,-0.30335520396899995,0.3631736846510585,0.9989488049122789
BENZOQUINONIUM-DIBROMIDE,-0.30325405719469,0.03966867046306649,0.9989488049122789
N6-CYCLOPENTYLADENOSINE,-0.302186800822,0.023156099486111067,0.9989488049122789
MOFEZOLAC,-0.301189730591235,0.05852459343873907,0.9989488049122789
CLADRIBINE,-0.30008877336499973,0.8830661183883439,0.9989488049122789
DESIDUSTAT,-0.29968584819155664,0.03911891043786272,0.9989488049122789
NANCHANGMYCIN,-0.2995112351400002,0.3820718854271279,0.9989488049122789
IDAZOXAN,-0.29734216071200004,0.09714028550090442,0.9989488049122789
CENICRIVIROC,-0.2967122406920645,0.3354563605170384,0.9989488049122789
DHBP,-0.2966452787262799,0.8415204683786623,0.9989488049122789
OGLEMILAST,-0.29602494402650004,0.6114253083274995,0.9989488049122789
NOMIFENSINE,-0.29523702343755,0.004823689709925765,0.9989488049122789
MK-8617,-0.294286523915371,0.35754447013237745,0.9989488049122789
ADENOSINE-TRIPHOSPHATE,-0.293906144925,0.14460565810963977,0.9989488049122789
HALOFANTRINE,-0.2934973264295001,0.14388242666523235,0.9989488049122789
TROMETAMOL,-0.2934281595314,0.7175227772004266,0.9989488049122789
SR-27897,-0.29228110612500036,0.5344219203413451,0.9989488049122789
NEFOPAM,-0.2911112081814,0.08188308888481495,0.9989488049122789
TIAPROFENIC-ACID,-0.2907582870955,0.002177248036658841,0.9989488049122789
GEMCITABINE-ELAIDATE,-0.2902574879340154,0.6216175420254919,0.9989488049122789
A740003,-0.29016184798559996,0.056565079945598375,0.9989488049122789
STANOZOLOL,-0.29000248007099994,0.028879420835867937,0.9989488049122789
LY2811376,-0.2891045157685,0.06514602880769226,0.9989488049122789
BISACODYL,-0.28887480544965,0.1019683409332202,0.9989488049122789
DOVITINIB,-0.2879060018349997,0.4533699001000937,0.9989488049122789
GSK461364,-0.28442788285999976,0.44939178912722977,0.9989488049122789
DRF053-(R),-0.28412516703400004,0.13439491514994492,0.9989488049122789
GUANETHIDINE,-0.28277873932805,0.052174999532634395,0.9989488049122789
AM095,-0.28112201399225,0.38364149158644967,0.9989488049122789
DILTIAZEM,-0.2807605698937,0.055865239065437694,0.9989488049122789
ROLZIRACETAM,-0.27979539130389997,0.0960235824374309,0.9989488049122789
FOSAPREPITANT-DIMEGLUMINE,-0.27947535981445,0.4284222402063944,0.9989488049122789
ACEBILUSTAT,-0.27920783022695805,0.12646744695436624,0.9989488049122789
CELIPROLOL,-0.27882174196935,0.04555536374110054,0.9989488049122789
HALOFUGINONE,-0.27815435334500016,0.501014077381321,0.9989488049122789
CD-1530,-0.2779547171355,0.0995093941633479,0.9989488049122789
TELRATOLIMOD,-0.27740248975771953,0.10581728044774434,0.9989488049122789
NVP-AEW541,-0.27644030936749997,0.32090299426874946,0.9989488049122789
ACYCLOVIR,-0.275641306412,0.04379630582020919,0.9989488049122789
ASCIMINIB,-0.27464168169393943,0.35754447013237745,0.9989488049122789
BITHIONOL,-0.27290194528688,0.022377414461697144,0.9989488049122789
CGP-74514,-0.27264092974089393,0.916841686465005,0.9989488049122789
TETRANDRINE,-0.27258934663,0.48388444792654994,0.9989488049122789
BASIMGLURANT,-0.2725878331673,0.11689485619940558,0.9989488049122789
2-OXOGLUTARIC-ACID,-0.27257511278015,0.1996585401603187,0.9989488049122789
CHOLECALCIFEROL,-0.2723068481107,0.4616082618604511,0.9989488049122789
RYUVIDINE,-0.2716329804700002,0.2603824905750116,0.9989488049122789
VX-765,-0.27160539221900004,0.084357482734211,0.9989488049122789
PERAMIVIR,-0.2709748904682,0.09559098681290942,0.9989488049122789
EB-47,-0.270947845511609,0.03976989664893093,0.9989488049122789
ESCULIN,-0.27007053307703,0.20702644741781462,0.9989488049122789
SB-218795,-0.26987882135850005,0.0529632223103715,0.9989488049122789
SULOPENEM,-0.26960686629902714,0.08069541753266636,0.9989488049122789
SM-21,-0.26868817911275,0.011949079523964056,0.9989488049122789
ARTICAINE,-0.26859613022685,0.15404744843609147,0.9989488049122789
CYACETACIDE,-0.26850633999074996,0.050867789828124475,0.9989488049122789
CORDYCEPIN,-0.26838477981705,0.6171648585444262,0.9989488049122789
ERASTIN,-0.2681230443789,0.49751912975242574,0.9989488049122789
TMPH,-0.26783130156179996,0.3038044338258312,0.9989488049122789
DPPE,-0.26705800261375,0.13935575606281533,0.9989488049122789
FIPRONIL,-0.26634201240855004,0.021889926312479126,0.9989488049122789
PHENOTHIAZINE,-0.26622281251149993,0.37738621906775116,0.9989488049122789
TC-O-9311,-0.26593845596261456,0.20369152749167496,0.9989488049122789
APABETALONE,-0.26561015302365,0.24154658632379267,0.9989488049122789
PRIMIDONE,-0.265490516389105,0.0063743636197649755,0.9989488049122789
NILVADIPINE,-0.2654875863055,0.15028172850618057,0.9989488049122789
TC-A-2317,-0.2650962438381803,0.97151744141097,0.9989488049122789
MALOTILATE,-0.26501432189765,0.0530237340227673,0.9989488049122789
GSK2334470,-0.26422780224123354,0.3038044338258312,0.9989488049122789
GALIDESIVIR,-0.26413012082909737,0.133713513661825,0.9989488049122789
FAVIPIRAVIR,-0.264112915833,0.026858783129310317,0.9989488049122789
ATENOLOL-(-),-0.264104659253845,0.27762303976982194,0.9989488049122789
COLFORSIN,-0.2628631455475,0.20855651210103388,0.9989488049122789
EXO-IWR-1,-0.2626190017927695,0.06135182473004749,0.9989488049122789
FLI-06,-0.2618682614515,0.3036717821637017,0.9989488049122789
TECADENOSON,-0.26157817439349995,0.23847011304080046,0.9989488049122789
BANOXANTRONE,-0.2614158175530501,0.07233867843152325,0.9989488049122789
TRIGONELLINE,-0.26095529690499997,0.05564602703725754,0.9989488049122789
RS-127445,-0.26055291496985,0.05563942367997989,0.9989488049122789
RETINALDEHYDE,-0.260418460132,0.031598607730115774,0.9989488049122789
AZALOMYCIN-B,-0.26019520257499984,0.4298220136164188,0.9989488049122789
TROMARIL,-0.25990053537435,0.11200949889809904,0.9989488049122789
SK&F-10047-(+),-0.25988142727125,0.022305123050071783,0.9989488049122789
RO-106-9920,-0.2595257968260001,0.6735206208010739,0.9989488049122789
C188-9,-0.2587893827472201,0.06898095134587093,0.9989488049122789
CUDC-101,-0.2580733575399998,0.9260358654695614,0.9989488049122789
DABIGATRAN,-0.2579793964705,0.09410972890467956,0.9989488049122789
RHEIN,-0.25769865209705,0.17942916461815428,0.9989488049122789
COLCHICINE,-0.25767120740000005,0.8807947935435065,0.9989488049122789
AZD3965,-0.25749644149441436,0.02607708745354723,0.9989488049122789
SB-415286,-0.2571776439805,0.06896200167874833,0.9989488049122789
LACIDIPINE,-0.25709053070099996,0.15568683880668338,0.9989488049122789
PIPOTIAZINE-PALMITATE,-0.255627284502,0.05565276521016723,0.9989488049122789
ABIRATERONE,-0.2540810933045,0.133713513661825,0.9989488049122789
MONOSODIUM-ALPHA-LUMINOL,-0.2539150296896,0.20544137437837406,0.9989488049122789
C646,-0.25314392905300004,0.10492132149172971,0.9989488049122789
FEBUPROL,-0.2529771597698,0.25608556370582913,0.9989488049122789
VUF10166,-0.25296894345,0.07857069058162525,0.9989488049122789
LORACARBEF,-0.25280828920581255,0.5344219203413451,0.9989488049122789
UNC2025,-0.25265316934736504,0.8660585839472803,0.9989488049122789
RUTIN,-0.25230482600299997,0.7144827431313947,0.9989488049122789
ALVOCIDIB,-0.2520351114500001,0.7227860093840852,0.9989488049122789
NICERGOLINE,-0.2513986936785,0.21403731475049326,0.9989488049122789
PUROMYCIN,-0.2512269645299998,0.5044817818286278,0.9989488049122789
NALTRINDOLE,-0.25117586291450006,0.03453691931895274,0.9989488049122789
INIMUR,-0.25019619367225,0.035151787320745045,0.9989488049122789
OXAPROZIN,-0.2501092608669,0.03939875959477753,0.9989488049122789
PERFLUAMINE,-0.249478198801,0.41364303923107215,0.9989488049122789
SOTAGLIFLOZIN,-0.248979601198,0.15055195672275293,0.9989488049122789
NOV-002,-0.24896107681800006,0.16607359933315713,0.9989488049122789
TIVANTINIB,-0.24879726432499982,0.4795897618650552,0.9989488049122789
VLX-600,-0.24801099034359497,0.3438106977588583,0.9989488049122789
R306465,-0.24786937994999914,0.202863459434795,0.9989488049122789
EPIRUBICIN,-0.2476868654750004,0.6813602519012436,0.9989488049122789
LEVODOPA,-0.24750702703615002,0.0872597088048017,0.9989488049122789
LITRONESIB,-0.2470040896725001,0.26777063721034766,0.9989488049122789
MAGNOLOL,-0.2467470760235,0.5297346412174109,0.9989488049122789
TUBASTATIN-A,-0.2463605875116,0.213225680095655,0.9989488049122789
BQU57,-0.24615998374078976,0.24154658632379267,0.9989488049122789
EQUILIN,-0.2458633361377,0.3936937283422782,0.9989488049122789
CPI-1189,-0.245028821056,0.2247825865459362,0.9989488049122789
RIBAVIRIN,-0.24467628795649998,0.14388242666523235,0.9989488049122789
MGCD-265,-0.2430313838355,0.46057374065206724,0.9989488049122789
BMS-806,-0.24279773665600002,0.16337326407646324,0.9989488049122789
PERUVOSIDE,-0.2420744410650002,0.3139895454766374,0.9989488049122789
TOLTRAZURIL,-0.241944694272515,0.04023964159671002,0.9989488049122789
GAL-021,-0.2418061767234197,0.11379962232869947,0.9989488049122789
CDPPB,-0.24122975507244157,0.002665614939267347,0.9989488049122789
LGK-974,-0.24067518571,0.03873819056471601,0.9989488049122789
SDZ-SER-082,-0.24064462895162417,0.13557428448164474,0.9989488049122789
FLUVOXAMINE,-0.24052107783570004,0.33460146831694004,0.9989488049122789
MUPIROCIN,-0.24036027499485,0.034086172996355614,0.9989488049122789
TRIMETAZIDINE,-0.2400254629094,0.25041145737447745,0.9989488049122789
CHRYSOPHANIC-ACID,-0.23929877567520003,0.17429955420112175,0.9989488049122789
EVP4593,-0.2392279943095,0.5219973675924174,0.9989488049122789
RHEOCHRYSIDIN,-0.23920503229515996,0.029940634128472497,0.9989488049122789
WZ-4002,-0.2391046706822,0.7642355096495574,0.9989488049122789
MK-3207,-0.23884691098835,0.2250520761526532,0.9989488049122789
SAR407899,-0.2384616213015,0.01432507353701694,0.9989488049122789
ZALCITABINE,-0.23776130942704998,0.22140987955977376,0.9989488049122789
ULIPRISTAL,-0.23753434196800002,0.16535971366974167,0.9989488049122789
TENOXICAM,-0.23746666921315,0.1665184934768137,0.9989488049122789
ISOETHARINE,-0.23719276052850002,0.49288495370194785,0.9989488049122789
BUTAPROST,-0.2369121352587716,0.12224871095049528,0.9989488049122789
EPRAZINONE,-0.23671143861049998,0.1519678312383554,0.9989488049122789
XL041,-0.23657166381030148,0.44610785330116554,0.9989488049122789
OLUMACOSTAT-GLASARETIL,-0.23623863282909552,0.3500821382487469,0.9989488049122789
VIPADENANT,-0.23493432931523364,0.21875239712950378,0.9989488049122789
ERK5-IN-1,-0.23458960022748898,0.2274956824321176,0.9989488049122789
CINFLUMIDE,-0.23447405719201,0.02581149971620799,0.9989488049122789
BT-11,-0.2344259126530165,0.08846748240357166,0.9989488049122789
XILOBAM,-0.23428699271950004,0.20779176561675505,0.9989488049122789
BROMPHENIRAMINE,-0.23402061829669002,0.23597157469298924,0.9989488049122789
SODIUM-MONOFLUOROPHOSPHATE,-0.2338851531176,0.191794374938426,0.9989488049122789
NERBACADOL,-0.23388347994539999,0.05026064814901438,0.9989488049122789
TOLONIDINE,-0.23360289746235,0.006668281563075498,0.9989488049122789
AR-A014418,-0.2331274632271,0.16870315942593395,0.9989488049122789
ZARDAVERINE,-0.23302007566314997,0.696009210873267,0.9989488049122789
PARTHENOLIDE-(-),-0.232963424691295,0.5922504606343233,0.9989488049122789
ATGLISTATIN,-0.2329365250061,0.13625082742736896,0.9989488049122789
NALOXONE-BENZOYLHYDRAZONE,-0.232759636854,0.10968912593353701,0.9989488049122789
JNJ-38877618,-0.23259827163014166,0.35754447013237745,0.9989488049122789
SB-590885,-0.23247475429499997,0.8509509689583401,0.9989488049122789
TIPIRACIL,-0.23237981154999998,0.17560067510841626,0.9989488049122789
SALUBRINAL,-0.23199513350799994,0.12824964908196876,0.9989488049122789
SB-203580,-0.2309593951533,0.6963800771478859,0.9989488049122789
SULFAMERAZINE,-0.23066906252105,0.19617454310776727,0.9989488049122789
6-DIAZO-5-OXO-L-NOR-LEUCINE,-0.22975885002334182,0.12935463503514713,0.9989488049122789
AMINOLEVULINIC-ACID-BENZYL-ESTER,-0.22959816288734997,0.5344219203413451,0.9989488049122789
CP-673451,-0.2295960633585,0.6144527298136968,0.9989488049122789
JNJ-42165279,-0.22942610616865,0.00812140537020918,0.9989488049122789
MATRINE,-0.22922372849949996,0.08655654169029914,0.9989488049122789
L-CYSTEINESULFINIC-ACID,-0.2282702533745,0.0675074915678183,0.9989488049122789
CARAZOLOL,-0.22805482508916,0.10832095763145862,0.9989488049122789
CANDESARTAN-CILEXETIL,-0.2276565581631,0.21403731475049326,0.9989488049122789
SODIUM-DODECYL-SULFATE,-0.22720887849051655,0.37975522604752066,0.9989488049122789
TREQUINSIN,-0.22700745865715002,0.09193370998051922,0.9989488049122789
EPACADOSTAT,-0.22657144596670498,0.009045792003317267,0.9989488049122789
AVE-3085,-0.22615717587823292,0.0522899199737077,0.9989488049122789
DESLORATADINE,-0.22607376459899997,0.05563942367997989,0.9989488049122789
BROXALDINE,-0.22589992512300006,0.4654473246314895,0.9989488049122789
TRICHLOROACETIC-ACID,-0.2255895465086,0.24573994198946103,0.9989488049122789
MITOMYCIN-C,-0.22539439294999974,0.5344219203413451,0.9989488049122789
ORNITHINE,-0.22488399123789998,0.13491828915319531,0.9989488049122789
EFAROXAN,-0.2246604509225,0.4038310514124599,0.9989488049122789
LY2365109,-0.2245137259294,0.1681354090853051,0.9989488049122789
DECITABINE,-0.2243090818750002,0.6189900003063826,0.9989488049122789
SULFADIAZINE,-0.22400798466320002,0.06124097185190422,0.9989488049122789
HEXACHLOROPHENE,-0.22397816335364001,0.18226474591149566,0.9989488049122789
EX-527,-0.2239603914814,0.2838298356432306,0.9989488049122789
PROPYLTHIOURACIL,-0.223856227941,0.24232793904765504,0.9989488049122789
OCINAPLON,-0.22375857075295,0.0945682818818144,0.9989488049122789
BIPENAMOL,-0.2237275698084,0.08096734719929666,0.9989488049122789
MTPG,-0.22348303796350005,0.05844110698273352,0.9989488049122789
ASIATIC-ACID,-0.22300917062515,0.05159143094702145,0.9989488049122789
D-64131,-0.22199751698000014,0.9777915120820623,0.9989488049122789
CUDC-907,-0.22194402765999977,0.26595572682459945,0.9989488049122789
ECHINOMYCIN,-0.2213698758599998,0.8338023237834149,0.9989488049122789
SPERMINE,-0.22123410678799998,0.5443684451764051,0.9989488049122789
AJMALINE,-0.22095933652700006,0.1380044882704909,0.9989488049122789
PRENYLAMINE,-0.22080415596965,0.05844110698273352,0.9989488049122789
METOCLOPRAMIDE,-0.2207504904486,0.23129653886313284,0.9989488049122789
SARDOMOZIDE,-0.22069464036362518,0.6047859174598139,0.9989488049122789
CUDC-427,-0.21989819365224955,0.24070983026170567,0.9989488049122789
CROTAMITON,-0.21978120303425,0.7999428725945792,0.9989488049122789
ETHOSUXIMIDE,-0.21968499398450003,0.24191690878808259,0.9989488049122789
BUNAZOSIN,-0.21947815892400002,0.11505010165511519,0.9989488049122789
TYLOSIN,-0.219298673176,0.07391303746058592,0.9989488049122789
VECURONIUM,-0.21884399458284998,0.3001023895787649,0.9989488049122789
VISOMITIN,-0.21871420554998533,0.6527931850992597,0.9989488049122789
PAPAVERINE,-0.21841707739900001,0.6948937102764077,0.9989488049122789
LY456236,-0.21818870966750015,0.3682423985761125,0.9989488049122789
CP-339818,-0.21796346189250002,0.3314582268912213,0.9989488049122789
CATHEPSIN-INHIBITOR-1,-0.2179435689988,0.08995278631947444,0.9989488049122789
"CIS-9,TRANS-11-CONJUGATED-LINOLEIC-ACID",-0.2177579554705,0.0570079424648854,0.9989488049122789
CHLOROBUTANOL,-0.21773789903399998,0.05606759763099848,0.9989488049122789
LY294002,-0.2177225065358,0.3495432138822592,0.9989488049122789
TIRAPAZAMINE,-0.217678575593,0.17921557905949692,0.9989488049122789
TILORONE,-0.21759489199150003,0.1845968000263295,0.9989488049122789
NQDI-1,-0.2174324882759648,0.15679060108268003,0.9989488049122789
GR-127935,-0.21742262502294,0.28389599911420293,0.9989488049122789
EDO-S101,-0.21713338454153852,0.5038292652670564,0.9989488049122789
TALAMPANEL,-0.21659850969047,0.39095562378232207,0.9989488049122789
NAN-190,-0.21633118844469998,0.2684873131626424,0.9989488049122789
NVS-PAK1-1,-0.21605313978751425,0.15748231281332048,0.9989488049122789
SC-9,-0.21573234694149995,0.07484699404068251,0.9989488049122789
NITISINONE,-0.2153306914086,0.38364149158644967,0.9989488049122789
PHLORETIN,-0.21531049652130996,0.3350259637125709,0.9989488049122789
FH-535,-0.2148578646642111,0.2745789246207153,0.9989488049122789
PIOGLITAZONE,-0.21454353691740002,0.28844706447763946,0.9989488049122789
CGP-39551,-0.21446697561069894,0.04972722267053729,0.9989488049122789
PROPRANOLOL-(R),-0.214324039095,0.06861231433906123,0.9989488049122789
ARGATROBAN,-0.21376725903000002,0.08519089384025734,0.9989488049122789
NSC-636819,-0.21369406480982667,0.15949143968503,0.9989488049122789
UNC0321,-0.2128830406557,0.40922194048696126,0.9989488049122789
ORIDONIN,-0.21287315706735,0.8248027097215431,0.9989488049122789
GABAPENTIN-ENACARBIL,-0.21234875237450004,0.17032803729815893,0.9989488049122789
HYDRASTININE,-0.2119934681115,0.5410725359852844,0.9989488049122789
PD-153035,-0.21190521267875004,0.44310790245867726,0.9989488049122789
ACT-132577,-0.21185275283385097,0.0961401475702309,0.9989488049122789
PNU-177864,-0.2114817070215137,0.1432179081355903,0.9989488049122789
CEFONICID,-0.21129875322399,0.1261036318144987,0.9989488049122789
DIARYLPROPIONITRILE,-0.21123428445755005,0.20369152749167496,0.9989488049122789
HYPOXANTHINE,-0.21122961420700004,0.11452681616903596,0.9989488049122789
PEROSPIRONE,-0.21105369790525,0.0418312389194332,0.9989488049122789
PHENINDIONE,-0.2103090024979,0.11158230276935996,0.9989488049122789
MERICITABINE,-0.2101154545843,0.3098310986618873,0.9989488049122789
EXATECAN-MESYLATE,-0.2099274584049997,0.8807947935435065,0.9989488049122789
SINOMENINE,-0.209334676461145,0.6323303870911263,0.9989488049122789
KP-1212,-0.20920313188345002,0.15949143968503,0.9989488049122789
VANITIOLIDE,-0.20882458638610002,0.5460176103475842,0.9989488049122789
PRALIDOXIME-CHLORIDE,-0.2088184614545,0.08355241418488828,0.9989488049122789
GSK2656157,-0.2086165607971,0.5635109138529999,0.9989488049122789
YS-201,-0.20856621161332034,0.07945566518171272,0.9989488049122789
ESMOLOL,-0.20785666560505,0.11200949889809904,0.9989488049122789
ZAPA,-0.20751488341899993,0.5785265007415821,0.9989488049122789
CANAGLIFLOZIN,-0.20684145126300002,0.5040650603095155,0.9989488049122789
POTASSIUM-CANRENOATE,-0.20626585625876,0.018149500499162214,0.9989488049122789
ZOLEDRONIC-ACID,-0.20559253952632553,0.17258713789494862,0.9989488049122789
JTE-013,-0.2052514792879553,0.271454357960596,0.9989488049122789
UNC2250,-0.20490592399200003,0.940881780255519,0.9989488049122789
CARBETAPENTANE,-0.20459783020699998,0.35925380973109944,0.9989488049122789
CEFCAPENE-PIVOXIL,-0.20458359019039998,0.20201565527370036,0.9989488049122789
ETHYLENEDIAMINETETRAACETIC-ACID,-0.20432065380299996,0.5337794572409109,0.9989488049122789
PF-03814735,-0.20372218200949999,0.5752625036200805,0.9989488049122789
THIOPHANATE,-0.20360763192040002,0.047406880250537305,0.9989488049122789
OXYMATRINE,-0.20341294857675,0.37205563715249546,0.9989488049122789
PHOSPHATIDYLCHOLINE,-0.2032941112565,0.1998383289920712,0.9989488049122789
TAXIFOLIN,-0.20301182176175,0.1888628405868239,0.9989488049122789
PROPOFOL,-0.20255066801849997,0.16337326407646324,0.9989488049122789
PANTETHINE,-0.202407495353,0.09171073169809459,0.9989488049122789
XANOMELINE,-0.20238360035499992,0.2592919239020789,0.9989488049122789
THIAZOVIVIN,-0.20217984801599997,0.10105025592540991,0.9989488049122789
MDL-11939,-0.20212223050800002,0.1419373511057289,0.9989488049122789
BUTYL-PARABEN,-0.202015293173355,0.2077950625953935,0.9989488049122789
FMOC-L-LEUCINE,-0.2019987990705,0.045588325574699,0.9989488049122789
ADENOSINE-PHOSPHATE,-0.201605580198135,0.07451866535944673,0.9989488049122789
GSK1562590,-0.2015753920395128,0.5391300407438244,0.9989488049122789
ETHOXZOLAMIDE,-0.20157147373804998,0.1817540770593371,0.9989488049122789
GP2A,-0.20123932788635002,0.1432179081355903,0.9989488049122789
GO-6983,-0.201219856636,0.3582799113299947,0.9989488049122789
SAG,-0.20121174934687763,0.10049922234440894,0.9989488049122789
BENZYDAMINE,-0.20093222228500007,0.5433359483767458,0.9989488049122789
IRL-2500,-0.20073918878785,0.170350376989982,0.9989488049122789
LIXIVAPTAN,-0.2005677629744,0.1328047688923912,0.9989488049122789
CEPHALOMANNINE,-0.20029850378499958,0.5111968096807104,0.9989488049122789
BMS-779788,-0.20000924126900685,0.2905694241149879,0.9989488049122789
SCP-1,-0.19968170774567,0.2259166375319338,0.9989488049122789
TETRAHYDROURIDINE,-0.19948854361400004,0.1475881582405552,0.9989488049122789
CARBAMAZEPINE,-0.19893399524550004,0.5469465581935696,0.9989488049122789
THIOCTIC-ACID,-0.19886860511434498,0.05497302168590255,0.9989488049122789
IDF-11774,-0.1986250706196167,0.31082276448595325,0.9989488049122789
SECURININE,-0.19855351953749997,0.17971249487899976,0.9989488049122789
ALARELIN,-0.19854692520040002,0.02581149971620799,0.9989488049122789
LETROZOLE,-0.198196375931971,0.21735650056954658,0.9989488049122789
GS-39783,-0.19803518272570497,0.10968912593353701,0.9989488049122789
WYE-354,-0.19776467090169997,0.9658241242728414,0.9989488049122789
RHC-80267,-0.1975865340441,0.23868863000762996,0.9989488049122789
TERLIPRESSIN,-0.1973590575036,0.2943959280396511,0.9989488049122789
MIRABEGRON,-0.1968856691867,0.2243821834116817,0.9989488049122789
IVABRADINE,-0.19685845880399996,0.34587698955059,0.9989488049122789
NNC-05-2090,-0.19669012714102,0.32090299426874946,0.9989488049122789
VLX600,-0.1963547027899999,0.4578320311629681,0.9989488049122789
PG-9,-0.19594518342814998,0.05473944887225045,0.9989488049122789
DIADENOSINE-TETRAPHOSPHATE,-0.1958986132226,0.23911755645065447,0.9989488049122789
PHTHALYLSULFACETAMIDE,-0.19556457154055,0.22475686383245486,0.9989488049122789
NSI-189,-0.195161029342,0.29397715226930243,0.9989488049122789
SEVELAMER,-0.195072915349,0.016771585793669323,0.9989488049122789
MOSAPRIDE,-0.19504041630250002,0.2684216738455316,0.9989488049122789
HOMATROPINE-METHYLBROMIDE,-0.19492176608285,0.09204094001322473,0.9989488049122789
PHA-767491,-0.19487389242800002,0.8454989101220725,0.9989488049122789
PJ-34,-0.19471541275000004,0.3368517554464495,0.9989488049122789
GSK1292263,-0.194406276122,0.5238892011248946,0.9989488049122789
CTS-1027,-0.19402639204465,0.32090299426874946,0.9989488049122789
ICLAPRIM,-0.19401573616173956,0.07348722536632459,0.9989488049122789
SHIKIMIC-ACID,-0.194013588887,0.1681354090853051,0.9989488049122789
EVATANEPAG,-0.19377540543455002,0.308109237316998,0.9989488049122789
PAROXYPROPIONE,-0.19377475733735003,0.15455362252056767,0.9989488049122789
EMD-66684,-0.19369503065250002,0.2561974265312601,0.9989488049122789
CCT128930,-0.19351666501999998,0.28313087066234666,0.9989488049122789
CDK9-IN-6,-0.19350161890036385,0.01895428504767673,0.9989488049122789
CHLORMIDAZOLE,-0.19349680508500006,0.13697896095767845,0.9989488049122789
BIX-02189,-0.1934718554816,0.5250683490744141,0.9989488049122789
5-METHYLHYDANTOIN-(L),-0.19326184756815,0.032072078159131316,0.9989488049122789
TRIDIHEXETHYL,-0.193031506306,0.3582799113299947,0.9989488049122789
PROPAFENONE,-0.1928440420505,0.2625127937229763,0.9989488049122789
CTS21166,-0.19259978795885002,0.06193775999127159,0.9989488049122789
OTILONIUM,-0.1925907693992,0.4847516756441288,0.9989488049122789
ALPIDEM,-0.19208434227988644,0.044649628459066254,0.9989488049122789
CHF5074,-0.19203963981685002,0.14655543311097796,0.9989488049122789
TELMESTEINE,-0.1917095145785,0.36381015586885335,0.9989488049122789
EUGENOL,-0.19153503295605,0.39942857630565154,0.9989488049122789
ARQ-092,-0.19098272447164855,0.3473632076884736,0.9989488049122789
KUROMANIN,-0.19086602618706944,0.13233669730989361,0.9989488049122789
ZANAMIVIR,-0.1908448762539,0.039875125858653104,0.9989488049122789
CHLORMADINONE-ACETATE,-0.19081381642394998,0.17492490368040559,0.9989488049122789
TRIFLURIDINE,-0.190588215136,0.7077530920789834,0.9989488049122789
NEFIRACETAM,-0.19058145922500003,0.24424432142772323,0.9989488049122789
LIMAPROST-ALFADEX,-0.19053635734385,0.28732221398508917,0.9989488049122789
FURAZOLIDONE,-0.1904871639795,0.10647583568084082,0.9989488049122789
PRIDOPIDINE,-0.19035304862868502,0.25308852265312565,0.9989488049122789
BUMETANIDE,-0.19016004752530002,0.47497644712068043,0.9989488049122789
JTE-607,-0.18992865665449998,0.20201565527370036,0.9989488049122789
CYM-50358,-0.1898984081862567,0.1250133075682117,0.9989488049122789
AZD6765,-0.18959758683785,0.056565079945598375,0.9989488049122789
RIDINILAZOLE,-0.18935917876825636,0.07233867843152325,0.9989488049122789
BIVALIRUDIN,-0.18935475739615001,0.20201565527370036,0.9989488049122789
ORG-9768,-0.18918137166755,0.4474218578281767,0.9989488049122789
ALPROSTADIL,-0.18873888415845,0.06078534692799069,0.9989488049122789
L-KYNURENINE,-0.188608278280054,0.1465126073366396,0.9989488049122789
DR-2313,-0.18847210410957954,0.13557428448164474,0.9989488049122789
CILOSTAZOL,-0.18834795170025,0.21702124989248228,0.9989488049122789
TENIDAP,-0.18834667433749996,0.15591321186424925,0.9989488049122789
GDC-0834,-0.18792475123999997,0.39942857630565154,0.9989488049122789
SULFADOXINE,-0.1879225861335,0.03955851034308674,0.9989488049122789
AG-490,-0.187555059463,0.44907994876159496,0.9989488049122789
BUSPIRONE,-0.18735334086405,0.15772374395257538,0.9989488049122789
SB-756050,-0.18710288288710003,0.4795897618650552,0.9989488049122789
INDOCYANINE-GREEN,-0.186902833461335,0.024383433694411524,0.9989488049122789
PRAMIRACETAM,-0.18689973503789997,0.373488472708175,0.9989488049122789
OLMESARTAN,-0.18680448107,0.3181940225926906,0.9989488049122789
PF-06928215,-0.1866831308320185,0.24716795085679888,0.9989488049122789
AZD2014,-0.18664264568500033,0.9168584488878047,0.9989488049122789
UBENIMEX,-0.18634605872249996,0.40064093260168476,0.9989488049122789
GEMCADIOL,-0.18569632972875003,0.11661901807206757,0.9989488049122789
CIMETROPIUM,-0.18560938624625,0.18689377489915093,0.9989488049122789
AZD3514,-0.18530170576839994,0.29411488282494136,0.9989488049122789
PHENPROCOUMON,-0.18484984800725,0.11433777180981995,0.9989488049122789
HTHQ,-0.18483310796081867,0.15949143968503,0.9989488049122789
PHTHALYLSULFATHIAZOLE,-0.18474907587669998,0.081135897022114,0.9989488049122789
5-METHYLFURMETHIODIDE,-0.18474043984445,0.0831128255966346,0.9989488049122789
TALMAPIMOD,-0.18463979427700006,0.7261895116009631,0.9989488049122789
PHENYTOIN,-0.18457838336935,0.1327767605601812,0.9989488049122789
5-HMF,-0.18449305031455,0.170350376989982,0.9989488049122789
5-HYDROXYTRYPTOPHAN,-0.1843745144625,0.3983348105204939,0.9989488049122789
4-IBP,-0.1841780392185,0.22204168546070013,0.9989488049122789
SNAP,-0.1841541253044,0.227846539095239,0.9989488049122789
AROFYLLINE,-0.18412564817205,0.5111968096807104,0.9989488049122789
CI-976,-0.1834259971506,0.9500571059525382,0.9989488049122789
PD-102807,-0.18320286266699998,0.3139895454766374,0.9989488049122789
IMATINIB,-0.1830455224445,0.9722414065971003,0.9989488049122789
ZAPRINAST,-0.18302353129550003,0.15105497432412401,0.9989488049122789
PF-05180999,-0.18269695048416815,0.10581728044774434,0.9989488049122789
PERINDOPRIL,-0.1825434583767,0.1278588263137145,0.9989488049122789
MELPERONE,-0.182486933569,0.0506882958155185,0.9989488049122789
AMINOCAPROIC-ACID,-0.18246739103800003,0.05526795831983328,0.9989488049122789
CP-91149,-0.1824342077126,0.39135680171486464,0.9989488049122789
"N-METHYL-(-)EPHEDRINE-[1R,2S]",-0.1824203459753,0.24796686387053812,0.9989488049122789
PYRONARIDINE,-0.18199206470700002,0.8834105632597351,0.9989488049122789
VT-464,-0.1814967095185,0.5330520154786802,0.9989488049122789
PHENYLBUTYRATE,-0.1814075416625,0.3495432138822592,0.9989488049122789
DIGOXIGENIN,-0.1808872773400001,0.6579507592650893,0.9989488049122789
DIMETRIDAZOLE,-0.1808210105934,0.21597908738263127,0.9989488049122789
ETHOTOIN,-0.18069576952889,0.15043091924073293,0.9989488049122789
COUMOPHOS,-0.18054390407159998,0.30421750700677386,0.9989488049122789
ZAMI-633,-0.18031573902503828,0.12296095067108515,0.9989488049122789
BAM7,-0.1803034815195,0.1974914255890191,0.9989488049122789
METFORMIN,-0.17965112424205,0.342235360550342,0.9989488049122789
MECARBINATE,-0.17957683561935,0.3386183463319664,0.9989488049122789
K-RAS(G12C)-INHIBITOR-6,-0.1794420383814,0.43991676643505606,0.9989488049122789
ISEPAMICIN,-0.17913484865930002,0.2843835391667735,0.9989488049122789
TENOFOVIR-DISOPROXIL,-0.17900382062025,0.17023315410872053,0.9989488049122789
TAK-875,-0.17884458489949998,0.23932806543290808,0.9989488049122789
WALRYCIN-B,-0.17863383663387,0.7517986355000709,0.9989488049122789
ETOFYLLINE-CLOFIBRATE,-0.1785990970545,0.2938412340994857,0.9989488049122789
RS-100329,-0.17859181782525,0.9146973227401848,0.9989488049122789
Y-29794,-0.1785800313228485,0.15949143968503,0.9989488049122789
LESINURAD,-0.1784399442725,0.47213751586231634,0.9989488049122789
AR-12,-0.17840256373150004,0.9544430046734634,0.9989488049122789
TELOTRISTAT-ETHYL,-0.1783089167921,0.09902902338576963,0.9989488049122789
SEW-2871,-0.17830206436920001,0.20919867912291823,0.9989488049122789
DYCLONINE,-0.17800299371140002,0.12722667678605878,0.9989488049122789
DIMETHINDENE-(S)-(+),-0.17793313949723236,0.21403731475049326,0.9989488049122789
TREMORINE,-0.1779273246878,0.09008259853289496,0.9989488049122789
ITE,-0.17783745703310352,0.01249392464554923,0.9989488049122789
CK-636,-0.17778336498805,0.24749905439764242,0.9989488049122789
PIPECURONIUM,-0.17734042946227999,0.15277173865747862,0.9989488049122789
RACTOPAMINE,-0.177144024875115,0.5533779509908874,0.9989488049122789
BMS-986205,-0.1768356653250775,0.3318622979742132,0.9989488049122789
OLODANRIGAN,-0.1766858194889203,0.12646744695436624,0.9989488049122789
TIRASEMTIV,-0.17650396268200003,0.9657528081581478,0.9989488049122789
FLUROTHYL,-0.17648216375073,0.7144827431313947,0.9989488049122789
ISOXICAM,-0.17644785389265,0.2745789246207153,0.9989488049122789
TESTOSTERONE-ENANTHATE,-0.17629086261590002,0.08019534765690378,0.9989488049122789
URMC-099,-0.1761825838135751,0.4533699001000937,0.9989488049122789
LASALOCID,-0.17603267854500004,0.41252106115534604,0.9989488049122789
BML-190,-0.17572895033894997,0.20369152749167496,0.9989488049122789
DIHYDROTESTOSTERONE,-0.17570025168325,0.14655543311097796,0.9989488049122789
SALICYLIC-ACID,-0.17538077490500004,0.2808069857287555,0.9989488049122789
VUF10460,-0.17537111422746432,0.007131508442675128,0.9989488049122789
HYDROCORTISONE-BUTYRATE,-0.1752050584254,0.894998209940442,0.9989488049122789
TYRPHOSTIN-AG-18,-0.175194996032345,0.170350376989982,0.9989488049122789
CITALOPRAM,-0.1748248874827,0.0749477616558616,0.9989488049122789
ISAXONINE,-0.1746988174795,0.17971249487899976,0.9989488049122789
MPEP,-0.174672789880005,0.14516414526195917,0.9989488049122789
PRITELIVIR,-0.174641246837,0.1643551659930299,0.9989488049122789
AC-710,-0.17406880032993058,0.6820848438163485,0.9989488049122789
MUBRITINIB,-0.17403246066399997,0.8920745137740237,0.9989488049122789
DECLOXIZINE,-0.1739466730350278,0.2905694241149879,0.9989488049122789
CAPSAZEPINE,-0.17374559596199998,0.3215276562045333,0.9989488049122789
PROGLUMIDE,-0.17356946683850002,0.45768288310890703,0.9989488049122789
RETAGLIPTIN,-0.1735326153475239,0.1386833016868039,0.9989488049122789
"16,16-DIMETHYLPROSTAGLANDIN-E2",-0.17352947020759998,0.09906774987916538,0.9989488049122789
GNF-2,-0.1734709019374,0.20779176561675505,0.9989488049122789
METHYLPHENIDATE,-0.17289531123449997,0.6709439001361087,0.9989488049122789
AZD3264,-0.17263798194040525,0.2532189495924513,0.9989488049122789
LEVOBETAXOLOL,-0.17248408844017984,0.36068922455200714,0.9989488049122789
FAMOTIDINE,-0.1721451095305,0.49751912975242574,0.9989488049122789
SC-51089,-0.17202660667297998,0.2274956824321176,0.9989488049122789
CCT018159,-0.17200763161105004,0.03640959093400758,0.9989488049122789
AAI101,-0.1719408621975282,0.49469993839963966,0.9989488049122789
EPLERENONE,-0.17191546310784,0.2809015084676666,0.9989488049122789
SACCHARIN,-0.17182648306365,0.42514275738906915,0.9989488049122789
T-0156,-0.17177681869980502,0.15738390557920223,0.9989488049122789
PI-828,-0.17170171201149997,0.3766343952477391,0.9989488049122789
PNU-74654,-0.1716031486845,0.4620188003271287,0.9989488049122789
PIROXIMONE,-0.17117132666860002,0.022586189573419818,0.9989488049122789
IDEBENONE,-0.17115101946078004,0.23078369171447277,0.9989488049122789
AMINOHYDROXYBUTYRIC-ACID,-0.17083911501959997,0.6774865805767136,0.9989488049122789
TINAZOLINE,-0.1704300349397955,0.6610504693009125,0.9989488049122789
FK-409,-0.17031955800409118,0.07233867843152325,0.9989488049122789
2-THIOURACIL,-0.1702979869248,0.31790271566590045,0.9989488049122789
METRIZAMIDE,-0.1702632165315,0.0529632223103715,0.9989488049122789
HESPERETIN,-0.17011397013300003,0.07193314568739358,0.9989488049122789
METHOXYPHENAMINE,-0.16977552893450004,0.04773319520139184,0.9989488049122789
AMG-208,-0.16953001470805001,0.31056983704804964,0.9989488049122789
JNJ-54175446,-0.1693796480597956,0.4279788779081364,0.9989488049122789
EVANS-BLUE,-0.1693033312861,0.3474607581985808,0.9989488049122789
"5-AMINO-3-D-RIBOFURANOSYLTHIAZOLO[4,5-D]PYRIMIDIN-2,7(3H,6H)-DIONE",-0.1692729055149999,0.692595110606679,0.9989488049122789
SULTIAME,-0.16914322577344865,0.24716795085679888,0.9989488049122789
ENPROFYLLINE,-0.16862110365889998,0.47649174393128957,0.9989488049122789
CASTANOSPERMINE,-0.16846716331350003,0.21141601136396593,0.9989488049122789
TS-011,-0.1684077152829345,0.5391300407438244,0.9989488049122789
GSK656,-0.1683553218234755,0.35754447013237745,0.9989488049122789
TIRACIZINE,-0.16830612290849997,0.20994681978167684,0.9989488049122789
PHA-793887,-0.16826948201999992,0.554149688735898,0.9989488049122789
ARECOLINE,-0.1681701971875,0.01531338954461779,0.9989488049122789
PAMABROM,-0.16808961300687353,0.6222023439882295,0.9989488049122789
APIXABAN,-0.1680579566693,0.5775268940629252,0.9989488049122789
INDIPLON,-0.1680576500155,0.5960451933794405,0.9989488049122789
DIANHYDROGALACTITOL,-0.16762401830270002,0.1128943976686778,0.9989488049122789
NELARABINE,-0.16749017706909503,0.6589514883981173,0.9989488049122789
OROTIC-ACID,-0.167432090629745,0.0961401475702309,0.9989488049122789
ISONIAZID,-0.1674106308746,0.024558579599406945,0.9989488049122789
SAFINGOL,-0.16739213752649998,0.20489809026207417,0.9989488049122789
FOLIC-ACID,-0.1673919242226,0.3268114334875454,0.9989488049122789
BENIDIPINE,-0.16703220938540003,0.2561974265312601,0.9989488049122789
MABUTEROL,-0.16689815608199998,0.14376983254466158,0.9989488049122789
LISOFYLLINE,-0.1668593164255,0.19661849579022106,0.9989488049122789
ETIFENIN,-0.16680725317960055,0.17712643439168785,0.9989488049122789
NVP-DPP728,-0.1666647581044,0.18123776161608884,0.9989488049122789
AM-580,-0.16647402902500003,0.2905694241149879,0.9989488049122789
ONDANSETRON,-0.1660992659687,0.7122388317924814,0.9989488049122789
LISADIMATE,-0.1660842418462,0.11661901807206757,0.9989488049122789
URIC-ACID,-0.1660602248395,0.9832361408846589,0.9989488049122789
NAB-2,-0.16602948829249914,0.1250133075682117,0.9989488049122789
HYOSCYAMINE,-0.16602817465946998,0.37496527885938336,0.9989488049122789
SD-0006,-0.16602172590251765,0.5507760715930471,0.9989488049122789
BLEBBISTATIN-(-),-0.165926242224,0.16185802971148722,0.9989488049122789
GSK-J4,-0.16584665356359998,0.9317109214183749,0.9989488049122789
BOCEPREVIR,-0.1656164595843,0.7261895116009631,0.9989488049122789
SQUARIC-ACID-DIBUTYL-ESTER,-0.16551060949288837,0.6272575855382218,0.9989488049122789
MEPENZOLATE,-0.16533891508600002,0.08166233235599824,0.9989488049122789
FPL-62064,-0.16533094375975,0.4154983951395035,0.9989488049122789
IODOQUINOL,-0.16528388748040002,0.08416351973587723,0.9989488049122789
LUSAPERIDONE,-0.1651796059162438,0.06264933199692964,0.9989488049122789
DAU-5884,-0.1651152902015,0.0675337744939399,0.9989488049122789
PROMETHAZINE,-0.1650583226681,0.13662745783788938,0.9989488049122789
FENACLON,-0.164920228212,0.838267132553325,0.9989488049122789
ZM-336372,-0.16460395007850004,0.31743393082874927,0.9989488049122789
RN-1747,-0.16457593171605,0.5486082086949211,0.9989488049122789
CHLORPROGUANIL,-0.16439446852144998,0.1946852694246024,0.9989488049122789
RU-28318,-0.16408173399085,0.2561974265312601,0.9989488049122789
PLERIXAFOR,-0.16404188904460001,0.14452691053492167,0.9989488049122789
COLFOSCERIL-PALMITATE,-0.1639746749889,0.10142621641119141,0.9989488049122789
ALISPORIVIR,-0.16367798228721198,0.4166566325729606,0.9989488049122789
GLYCEROL-MONOLAURATE,-0.1636698232405,0.2643918291292122,0.9989488049122789
FELYPRESSIN,-0.1636304856640088,0.4418293454310679,0.9989488049122789
ADATANSERIN,-0.1631003102261645,0.28389599911420293,0.9989488049122789
BENZAMIL,-0.16309564316914998,0.47649174393128957,0.9989488049122789
EMD-1214063,-0.163030150713185,0.5040650603095155,0.9989488049122789
TRETINOIN,-0.16286181929545201,0.5020565969989815,0.9989488049122789
CIMATEROL,-0.1626899083699,0.2809015084676666,0.9989488049122789
BQ-788,-0.16242240671050895,0.05038936432957994,0.9989488049122789
CREATININE,-0.16242007963745,0.18071570780258484,0.9989488049122789
NNC-711,-0.16229250558799996,0.1412766894088677,0.9989488049122789
ML-193,-0.16207449133927426,0.19876368761588847,0.9989488049122789
ERTUGLIFLOZIN,-0.1619763905784,0.9776494669355478,0.9989488049122789
PF-04136309,-0.1618168199469998,0.549497788301068,0.9989488049122789
THYMALFASIN,-0.16163997411423564,0.0939762181036802,0.9989488049122789
PENTAMIDINE,-0.16155134635200008,0.8927697098081292,0.9989488049122789
ALVERINE,-0.16152655472113503,0.11472103365761678,0.9989488049122789
HYCANTHONE,-0.16119500670954998,0.6600277116514566,0.9989488049122789
EPIGALLOCATECHIN-(-),-0.1611939857622123,0.05774725799078122,0.9989488049122789
BCI-540,-0.16112666860775,0.4678053005054922,0.9989488049122789
FIROCOXIB,-0.1608141572208,0.23303798227390538,0.9989488049122789
TOLOXATONE,-0.16076075077805,0.01432507353701694,0.9989488049122789
BEXAGLIFLOZIN,-0.16073790833497603,0.3875520100713439,0.9989488049122789
SC-10,-0.1607135195539,0.15240628395674932,0.9989488049122789
SIS3,-0.16057306833227852,0.3495432138822592,0.9989488049122789
CYCLOPHOSPHAMIDE,-0.16044949744250003,0.23631633374714534,0.9989488049122789
BUTOFILOLOL,-0.160448121296065,0.15277173865747862,0.9989488049122789
GABAPENTIN,-0.16038908670949997,0.46492580600974065,0.9989488049122789
CAPECITABINE,-0.16015833393509998,0.45068862081307015,0.9989488049122789
INDORAMIN,-0.15996035514259999,0.35754447013237745,0.9989488049122789
NEPICASTAT,-0.15991693270400004,0.5297346412174109,0.9989488049122789
NECA,-0.15985998005600005,0.3682423985761125,0.9989488049122789
CARBOXYPYRIDINE-DISULFIDE,-0.1598211271327,0.4990849599362448,0.9989488049122789
THZ1,-0.15972589497846545,0.8144859217726514,0.9989488049122789
DIPYRIDAMOLE,-0.15955948072429998,0.6045160213447127,0.9989488049122789
BI-D1870,-0.15952576181425,0.15366996018219364,0.9989488049122789
BROXYQUINOLINE,-0.1594523166422,0.7898713044944297,0.9989488049122789
TAPRENEPAG,-0.15930977942235,0.5450505523199849,0.9989488049122789
ISOPROPYL-PALMITATE,-0.1592917977335,0.6097904411804563,0.9989488049122789
AMILORIDE,-0.15910673347361498,0.06616631982391642,0.9989488049122789
METHIOPRIL,-0.15873051479375,0.219350080524902,0.9989488049122789
BARASERTIB-HQPA,-0.15861424073599983,0.7971191126722499,0.9989488049122789
DIAZOXIDE,-0.1584819916775,0.470759033231269,0.9989488049122789
PANTOPRAZOLE,-0.15840798702995,0.2561974265312601,0.9989488049122789
LY2606368,-0.15834007858599997,0.6493926767425137,0.9989488049122789
TRICHOSTATIN-A,-0.15828815033999977,0.5420359142566069,0.9989488049122789
I-BZA,-0.1582827920162,0.040068867014245294,0.9989488049122789
DIHYDROXYPHENYLGLYCINE,-0.15783410623320132,0.35323401144668687,0.9989488049122789
TAPENTADOL,-0.1578322701575,0.12467741834429877,0.9989488049122789
POLAPREZINC,-0.15769005091156105,0.3354563605170384,0.9989488049122789
DIPHENHYDRAMINE,-0.15759636956849998,0.5443684451764051,0.9989488049122789
CALCIUM-LEVOFOLINATE,-0.15744020388410002,0.7553115070013674,0.9989488049122789
MARIBAVIR,-0.15737024218795,0.7157036298519501,0.9989488049122789
ELAGOLIX,-0.1572689634555,0.1714436695046354,0.9989488049122789
TOMEGLOVIR,-0.15714230971622875,0.14452427949356292,0.9989488049122789
OTAMIXABAN,-0.1570843302335,0.44310790245867726,0.9989488049122789
METHOXYAMINE,-0.1570022774653,0.4033992268729534,0.9989488049122789
LOMEFLOXACIN,-0.15685609394350003,0.14602072308831654,0.9989488049122789
CL-225385,-0.15672389719975,0.30464192203661,0.9989488049122789
BENZETHONIUM,-0.15671257179499998,0.4175704379177402,0.9989488049122789
SC-236,-0.15587193197752025,0.2221512462126234,0.9989488049122789
NICARAVEN,-0.155699112752,0.06833146258816954,0.9989488049122789
MIOCAMYCIN,-0.15569110989619997,0.16805424965419935,0.9989488049122789
SCLAREOLIDE,-0.15560423738454998,0.271454357960596,0.9989488049122789
BMS-182874,-0.15556069144202148,0.31743393082874927,0.9989488049122789
SBHA,-0.15544132123549803,0.6735206208010739,0.9989488049122789
VIDARABINE,-0.15521291110555,0.5678079220080939,0.9989488049122789
L-655240,-0.15505828567149998,0.43810444891303435,0.9989488049122789
RELCOVAPTAN,-0.154766503844,0.8226583062276059,0.9989488049122789
PLOVAMER-ACETATE,-0.15465210650099998,0.2411409646754199,0.9989488049122789
BUTAMBEN,-0.15452547010815001,0.5921454388685505,0.9989488049122789
TERUTROBAN,-0.15409036510465002,0.1613696438166795,0.9989488049122789
PF-05190457,-0.15404450251114998,0.2496582518981978,0.9989488049122789
RISEDRONATE,-0.1540438032295421,0.13557428448164474,0.9989488049122789
RO-90-7501,-0.15401082482605,0.17262480026296578,0.9989488049122789
APTIGANEL,-0.1538144413917,0.521552442738025,0.9989488049122789
COMPOUND-W,-0.153785449195,0.507095642280284,0.9989488049122789
CINCHOPHEN,-0.153722024229,0.2967175263220604,0.9989488049122789
TRANSCROCETINATE,-0.1535829772804956,0.708573958353613,0.9989488049122789
SULMETOZINE,-0.15342895548445,0.17494464597538617,0.9989488049122789
KAKONEIN,-0.1534262847875,0.17765717839919748,0.9989488049122789
ZEATIN,-0.1532672553568675,0.09322258661304675,0.9989488049122789
TRIMETHOBENZAMIDE,-0.153096729087705,0.37824517697950655,0.9989488049122789
AQW-051,-0.15299968199431502,0.25308852265312565,0.9989488049122789
ZAMIFENACIN,-0.1526196317301,0.5118799273370487,0.9989488049122789
DS2-(806622),-0.1526026742518,0.056327977529300785,0.9989488049122789
FIDAXOMICIN,-0.1524100800918,0.1655066536481703,0.9989488049122789
A-887826,-0.15236782677173202,0.6683146912205774,0.9989488049122789
SB-399885,-0.1522939438980695,0.031357045039087685,0.9989488049122789
NITHIAMIDE,-0.1519317703796,0.5537687643349167,0.9989488049122789
HUPERZINE-A,-0.1519307385876,0.16805424965419935,0.9989488049122789
DEXTROSE,-0.1515395445078,0.09056488197952106,0.9989488049122789
TACALCITOL,-0.15153480550155,0.4578320311629681,0.9989488049122789
APREMILAST,-0.15144435196349998,0.5448652241491887,0.9989488049122789
AS-77,-0.15140892814025,0.808164043951114,0.9989488049122789
CLOPERASTINE-FENDIZOATE,-0.1513918297477555,0.39942857630565154,0.9989488049122789
TC1,-0.15138354768499998,0.2953161823122843,0.9989488049122789
ALOGLIPTIN,-0.1513765171404,0.47826132485668693,0.9989488049122789
PF-04885614,-0.15121166848976014,0.35694935748257406,0.9989488049122789
EXAMORELIN,-0.15117432727365,0.04151045604771934,0.9989488049122789
SODIUM-TETRADECYL-SULFATE,-0.1511147338082,0.27146840538446615,0.9989488049122789
PIRMENOL,-0.1511143957326299,0.028879420835867937,0.9989488049122789
OXYFEDRINE,-0.15082337781135,0.5984736237769765,0.9989488049122789
URSODEOXYCHOLYLTAURINE,-0.15060983681815002,0.3758932599811329,0.9989488049122789
LX7101,-0.15048402353579596,0.4714567041212919,0.9989488049122789
APATINIB,-0.1503873868491,0.42929416616808524,0.9989488049122789
3-BROMO-7-NITROINDAZOLE,-0.15036449131399998,0.5799956930298551,0.9989488049122789
DIPRAGLURANT,-0.15020715852549998,0.11953085509083228,0.9989488049122789
REVERSAN,-0.15014779753775848,0.13519976225668448,0.9989488049122789
AKBA,-0.1500066694878,0.42729731237741353,0.9989488049122789
BC-11,-0.14988571827177516,0.17942916461815428,0.9989488049122789
ML213,-0.1495632890078841,0.9544430046734634,0.9989488049122789
1400W,-0.1495490832354,0.014596673767195291,0.9989488049122789
WZ811,-0.1495311078835,0.296523440915913,0.9989488049122789
LCQ908,-0.1494385690865,0.4533699001000937,0.9989488049122789
APRONAL,-0.14924551324844632,0.1406097429683546,0.9989488049122789
TROVENTOL,-0.14919399488715002,0.5581679240828987,0.9989488049122789
AM-251,-0.14915423680000006,0.2969810788228844,0.9989488049122789
SGX523,-0.14908009520350002,0.26835423274740233,0.9989488049122789
E7046,-0.14876420712915797,0.18359546621632672,0.9989488049122789
NAPAMEZOLE,-0.14875847167654088,0.8069292661668057,0.9989488049122789
TROPISETRON,-0.14869135357334498,0.20116291739453307,0.9989488049122789
CIMETIDINE,-0.14862741649649996,0.49751912975242574,0.9989488049122789
TASISULAM,-0.1485533661755,0.8112845524474719,0.9989488049122789
MELEVODOPA,-0.14843794781305,0.1425199751865258,0.9989488049122789
SB-297006,-0.148246473791836,0.7210530391592899,0.9989488049122789
RS-0481,-0.14813534787690003,0.32223862938734305,0.9989488049122789
COMPOUND-401,-0.1481059208442,0.43634921643700886,0.9989488049122789
MIFEPRISTONE,-0.14808105860299992,0.16348136497430577,0.9989488049122789
CLIMBAZOLE,-0.1480212631866,0.2745605732038495,0.9989488049122789
DAPT,-0.14790805237069998,0.48819592443215465,0.9989488049122789
GARENOXACIN,-0.14789401421280002,0.49994472190673045,0.9989488049122789
DIHYDROXYACETONE,-0.14772570453904038,0.07896984813144108,0.9989488049122789
ELVITEGRAVIR,-0.1476817379946,0.39585173983206,0.9989488049122789
LAROPIPRANT,-0.14765486475150003,0.17837023512274386,0.9989488049122789
AZILSARTAN-MEDOXOMIL,-0.14748607020229998,0.8849409428503903,0.9989488049122789
HEXYLRESORCINOL,-0.14731743072895,0.33772298408667245,0.9989488049122789
LITHOCHOLIC-ACID,-0.147204087337,0.3997355302711637,0.9989488049122789
VORELOXIN,-0.14714761368649998,0.3693085693147776,0.9989488049122789
PF-06650833,-0.14652710866599306,0.5486082086949211,0.9989488049122789
LEVOBUNOLOL-(+),-0.14634219746905,0.403642148437229,0.9989488049122789
VERALIPRIDE,-0.14615581364341734,0.11055156889164504,0.9989488049122789
JNJ-17203212,-0.14599924257499997,0.13557428448164474,0.9989488049122789
CHLORINDIONE,-0.145977639709125,0.3954886555136652,0.9989488049122789
PRASUGREL,-0.14594924251199995,0.38364149158644967,0.9989488049122789
DVD-111,-0.14559423704245,0.7157140283400826,0.9989488049122789
IBC-293,-0.14546630994,0.32791514746467154,0.9989488049122789
ITACITINIB,-0.14519614185274998,0.23779772337153493,0.9989488049122789
SUVOREXANT,-0.14511652638999994,0.4606956275062052,0.9989488049122789
SB-203186,-0.1450914674872,0.3954456059054121,0.9989488049122789
METAXALONE,-0.1448453868335,0.8814974521910136,0.9989488049122789
ML347,-0.1448378201978,0.6175057086032192,0.9989488049122789
EPOTHILONE-B,-0.14470076951,0.33376970427423247,0.9989488049122789
LY411575,-0.14467342177155001,0.5166876593915,0.9989488049122789
ITI214,-0.1445140486689947,0.5601884325713066,0.9989488049122789
BMS-587101,-0.14451346119910002,0.046108275067518384,0.9989488049122789
CLOCORTOLONE-PIVALATE,-0.1442614025005,0.8400542400603668,0.9989488049122789
VELIFLAPON,-0.14417348026024498,0.15067772678073932,0.9989488049122789
ENIPORIDE,-0.14400590796007695,0.12576257522303633,0.9989488049122789
TEMOZOLOMIDE,-0.14359309961035,0.4034355857362003,0.9989488049122789
GRISEOFULVIN,-0.14358996269900004,0.15118790698406726,0.9989488049122789
RO-15-4513,-0.14353949938465,0.23025820621171433,0.9989488049122789
ETHYL-VANILLIN,-0.14352075561399996,0.5776940554787874,0.9989488049122789
6-AMINOPENICILLANIC-ACID,-0.14349536758205925,0.6944989943666622,0.9989488049122789
1-DEOXYMANNOJIRIMYCIN,-0.1433180492135,0.1491644139495122,0.9989488049122789
MM-102,-0.14324319479949998,0.341758019921796,0.9989488049122789
SRT1720,-0.14300587028290002,0.9373894511674218,0.9989488049122789
FORMOTEROL,-0.1429442928493,0.1307417955972218,0.9989488049122789
D-(+)-MALTOSE,-0.14290547596251035,0.019426573669102352,0.9989488049122789
LOFEXIDINE,-0.14280012368550005,0.160092122900103,0.9989488049122789
R-121919,-0.1427244252878187,0.25308852265312565,0.9989488049122789
T-0901317,-0.14265468365455,0.5297346412174109,0.9989488049122789
NVP-231,-0.14258156953083012,0.8408596256518204,0.9989488049122789
TEMANOGREL,-0.14257141156174852,0.4901686547690849,0.9989488049122789
3-AMINO-BENZAMIDE,-0.14244376405700002,0.11392066553401171,0.9989488049122789
VOGLIBOSE,-0.14220593931849998,0.3264533546748354,0.9989488049122789
ROFECOXIB,-0.14215640167949994,0.4177285875128802,0.9989488049122789
SAM-315,-0.14177814312945108,0.5848720090516057,0.9989488049122789
U-0521,-0.1417742613004,0.20881799637044074,0.9989488049122789
ERLOTINIB,-0.14133787537349998,0.9330184983464973,0.9989488049122789
CIM-0216,-0.14124865229796585,0.41560022937214347,0.9989488049122789
CIPEMASTAT,-0.1411770069765,0.3106327114144385,0.9989488049122789
AZATHIOPRINE,-0.1408496787172,0.9608971165190435,0.9989488049122789
ETC-206,-0.1408387704244051,0.4207923455947392,0.9989488049122789
RESERPINE,-0.14078776135999999,0.43277886698363444,0.9989488049122789
PROPOXYCAINE,-0.1406700487127,0.45125404825902515,0.9989488049122789
ZALEPLON,-0.14047797429499997,0.9168584488878047,0.9989488049122789
SALICYLAMIDE,-0.140169770466,0.7350952735722343,0.9989488049122789
HEXESTROL,-0.14013322183249996,0.3314582268912213,0.9989488049122789
ESAPRAZOLE,-0.14001583940865,0.22353914067264868,0.9989488049122789
KU-60019,-0.139954690589,0.07656455158292372,0.9989488049122789
NATEGLINIDE,-0.13964853937350002,0.41358355257190216,0.9989488049122789
DPO-1,-0.13959674820765,0.3107334896289613,0.9989488049122789
LOTAMILAST,-0.1394603164858335,0.46785089872571595,0.9989488049122789
CHIR-99021,-0.13932256817945,0.8618762343754476,0.9989488049122789
GEPOTIDACIN,-0.13924338250249052,0.21104446486460504,0.9989488049122789
PSORALEN,-0.13917842625955001,0.36131290938634275,0.9989488049122789
OSELTAMIVIR-PHOSPHATE,-0.1390912714595,0.3476544801333189,0.9989488049122789
PLX51107,-0.13892777310357896,0.31082276448595325,0.9989488049122789
AMONAFIDE,-0.13891512924604998,0.25663072702120127,0.9989488049122789
AS-604850,-0.13861917586470002,0.4696827639345237,0.9989488049122789
ZURANOLONE,-0.13857715664676307,0.3538008702832398,0.9989488049122789
PPT,-0.13846418110155,0.22475686383245486,0.9989488049122789
PD-160170,-0.1384153687732,0.4145590464151272,0.9989488049122789
PENTAGASTRIN,-0.13835361846,0.5243086293018286,0.9989488049122789
PF-514273,-0.13823231615344578,0.21367971238218286,0.9989488049122789
ALOPERINE,-0.138211382246,0.23025820621171433,0.9989488049122789
TALSACLIDINE,-0.1381254413273146,0.24134506034518766,0.9989488049122789
NIFENALOL,-0.13799632025550002,0.14860566488371896,0.9989488049122789
PSB-36,-0.13792611998050003,0.4321523091446372,0.9989488049122789
LIOTHYRONINE,-0.1377582363713,0.5485379216297195,0.9989488049122789
RIODIPINE,-0.13768227877828002,0.036557849759350634,0.9989488049122789
GLUTAMINE-(L),-0.1374651238551,0.7829237691419296,0.9989488049122789
OSIMERTINIB,-0.1374399002907,0.8400542400603668,0.9989488049122789
FK-866,-0.1372212527550003,0.9490874285704407,0.9989488049122789
SELAMECTIN,-0.13695293809175,0.23129653886313284,0.9989488049122789
PROQUAZONE,-0.1369283638029,0.5046160516876455,0.9989488049122789
SODIUM-GLUCONATE,-0.1368351018307,0.42929416616808524,0.9989488049122789
MEQUINOL,-0.13680272550300004,0.10956758550087427,0.9989488049122789
"L-732,138",-0.13674827732637898,0.36068922455200714,0.9989488049122789
PLUMBAGIN,-0.13662225823262053,0.18837889917930195,0.9989488049122789
GR-144053,-0.13650536109175002,0.5486082086949211,0.9989488049122789
ACALISIB,-0.13640733096048552,0.5439603879491688,0.9989488049122789
HIPPURIC-ACID,-0.13640711151868767,0.2676964068830221,0.9989488049122789
CHLORAMBUCIL,-0.13623274723150003,0.34587698955059,0.9989488049122789
MOTAPIZONE,-0.136017741256016,0.15676940933224562,0.9989488049122789
LIRIMILAST,-0.13599581739695,0.2903468336607642,0.9989488049122789
ALMOTRIPTAN,-0.1359735159239,0.3386183463319664,0.9989488049122789
PURMORPHAMINE,-0.135735339636,0.434551701444453,0.9989488049122789
KENPAULLONE,-0.13566206963545002,0.35694935748257406,0.9989488049122789
NICAINOPROL,-0.1355575727299591,0.2652242545353529,0.9989488049122789
INDIRUBIN-3-MONOXIME,-0.13553597758449998,0.4885101035104298,0.9989488049122789
SALICIN,-0.13552079109685,0.4080414588187473,0.9989488049122789
TRICLOSAN,-0.13546708102967,0.41652704006047925,0.9989488049122789
ML10302,-0.13521439676938318,0.45768288310890703,0.9989488049122789
FIMASARTAN,-0.13516835825635,0.11415488386596437,0.9989488049122789
TIOTIDINE,-0.13512550449649996,0.133713513661825,0.9989488049122789
SALAZODINE,-0.134981026507945,0.1304817324295329,0.9989488049122789
INGENOL-MEBUTATE,-0.1349532198715001,0.6967367304443324,0.9989488049122789
RESATORVID,-0.13479592807549995,0.3162658167835207,0.9989488049122789
MINAPRINE,-0.1346911167138,0.8471093666021025,0.9989488049122789
DEXTROMETHORPHAN,-0.13460057868700004,0.4448131236912376,0.9989488049122789
DECOQUINATE,-0.13457860380050002,0.3593813949040876,0.9989488049122789
DEXLOXIGLUMIDE,-0.13448486761439998,0.039640134581890904,0.9989488049122789
L-693403,-0.1344370256423,0.5118799273370487,0.9989488049122789
PF-03049423,-0.13427461124,0.2713960175730601,0.9989488049122789
BMS-626531,-0.13426724120544334,0.24716795085679888,0.9989488049122789
BAFILOMYCIN-A1,-0.13400809266386693,0.6715020354823618,0.9989488049122789
TICLOPIDINE,-0.133989694632,0.6600277116514566,0.9989488049122789
MANDELIC-ACID,-0.13375680506411491,0.3038044338258312,0.9989488049122789
TFC-007,-0.133734741750566,0.1598553378734311,0.9989488049122789
TERBUTALINE,-0.13362123533999992,0.4795897618650552,0.9989488049122789
SILVER-SULFADIAZINE,-0.1334492695700573,0.8144859217726514,0.9989488049122789
RONIDAZOLE,-0.1333797933932,0.4426555289273344,0.9989488049122789
BAICALEIN,-0.1333037626268,0.9829081410360564,0.9989488049122789
RIBOFLAVIN-TETRABUTYRATE,-0.1331323857621025,0.35754447013237745,0.9989488049122789
HYDROXYFASUDIL,-0.13276511861550006,0.8415204683786623,0.9989488049122789
SULFACARBAMIDE,-0.1326972505865,0.2625127937229763,0.9989488049122789
GR-79236,-0.1326591829601,0.713929292761325,0.9989488049122789
CAROVERIN,-0.1326025349859258,0.4291356979641656,0.9989488049122789
ADIPIC-ACID,-0.13256052946986616,0.05909795085719057,0.9989488049122789
RADEZOLID,-0.13251836879,0.3972485837997095,0.9989488049122789
M-3M3FBS,-0.1325043350285,0.11452681616903596,0.9989488049122789
BICALUTAMIDE,-0.13249330344100002,0.19865728332035304,0.9989488049122789
METHSUXIMIDE,-0.132457435875821,0.4055270915486998,0.9989488049122789
SLV-320,-0.132454134148,0.4545203046842221,0.9989488049122789
DELAPRIL,-0.13243073254082,0.12123641384497343,0.9989488049122789
FEDRATINIB,-0.1323611808451,0.8118052023642311,0.9989488049122789
CGS-15943,-0.132330768575,0.48403878801733224,0.9989488049122789
BAVISANT,-0.13207308540334997,0.37975522604752066,0.9989488049122789
PERZINFOTEL,-0.131858817242,0.022649266243956964,0.9989488049122789
GADOTERIDOL,-0.13167188511379999,0.45895545847965313,0.9989488049122789
DOXAZOSIN,-0.131670842817777,0.2117831807571372,0.9989488049122789
FLUCONAZOLE,-0.13152709428089998,0.2620535739240526,0.9989488049122789
PF-06447475,-0.13118326602199498,0.12304973104581773,0.9989488049122789
CARGLUMIC-ACID,-0.1311283570492,0.8183544974933388,0.9989488049122789
CALCITONIN,-0.13108024463225296,0.27144010022271636,0.9989488049122789
HALOPEMIDE,-0.130977019817645,0.7525404920485135,0.9989488049122789
PF-06305591,-0.1308199921017775,0.25608556370582913,0.9989488049122789
MARBOFLOXACIN,-0.13081271995100002,0.39851517781139767,0.9989488049122789
KX2-391,-0.13079934112500013,0.808164043951114,0.9989488049122789
ERGONOVINE,-0.13079479640749997,0.8932728301422118,0.9989488049122789
RWJ-50271,-0.1307276316068454,0.09013202806776843,0.9989488049122789
OMARIGLIPTIN,-0.13058613772459998,0.16417731528619006,0.9989488049122789
UMECLIDINIUM,-0.13031661090245,0.14517952642637513,0.9989488049122789
MEGESTROL,-0.1302495157147615,0.46785089872571595,0.9989488049122789
NEUROPATHIAZOL,-0.12985275470118535,0.3875520100713439,0.9989488049122789
METHAZOLAMIDE,-0.129681566314,0.16258261976369603,0.9989488049122789
LE-135,-0.12963049982600003,0.70507784294566,0.9989488049122789
GBR-13069,-0.12949803883259997,0.3881528540593421,0.9989488049122789
NIFURTIMOX,-0.1294801520305,0.6310836445243815,0.9989488049122789
TOCERANIB,-0.12913613136270002,0.36191623287943275,0.9989488049122789
CPI-203,-0.1290346231684345,0.3473632076884736,0.9989488049122789
ENILCONAZOLE,-0.1288374071793,0.3671202177282049,0.9989488049122789
PIMODIVIR,-0.1286469924831509,0.3177359398949019,0.9989488049122789
IOBENGUANE,-0.12864203855429998,0.3386183463319664,0.9989488049122789
MAVOGLURANT,-0.12862495693940001,0.2977852800864852,0.9989488049122789
Y-134,-0.1283878475925,0.48819592443215465,0.9989488049122789
LANABECESTAT,-0.12830932402860135,0.2906829162146981,0.9989488049122789
A-1120,-0.1278853136127778,0.9033761125172047,0.9989488049122789
DACINOSTAT,-0.1277643681049998,0.6261438007300147,0.9989488049122789
GOSSYPOL,-0.12768751295000014,0.7144827431313947,0.9989488049122789
COLFORSIN-DAPROATE,-0.12760914194084,0.5490586790086784,0.9989488049122789
IXAZOMIB-CITRATE,-0.12740684397000024,0.4448131236912376,0.9989488049122789
ZOLMITRIPTAN,-0.12738521125345,0.9168584488878047,0.9989488049122789
SAXAGLIPTIN,-0.12731287864649998,0.32754222970699554,0.9989488049122789
WAY-208466,-0.12725220631652404,0.3192800643744409,0.9989488049122789
ARSANILIC-ACID,-0.12716152427559999,0.23911755645065447,0.9989488049122789
CC-401,-0.1271021807305,0.12123641384497343,0.9989488049122789
UB-165,-0.126940885004,0.19371461302193205,0.9989488049122789
RANIRESTAT,-0.12690972630470002,0.20462032690227072,0.9989488049122789
TY-52156,-0.12678278409301252,0.4321523091446372,0.9989488049122789
KU-55933,-0.12676550682760002,0.14517952642637513,0.9989488049122789
BMS-688521,-0.12669335195094203,0.17212753587533314,0.9989488049122789
CLOMETHIAZOLE,-0.126424942881235,0.19865728332035304,0.9989488049122789
METHYLATROPINE-NITRATE,-0.1263655092458685,0.20957492814161327,0.9989488049122789
TRIAZOLAM,-0.12623895880035002,0.6071439278853321,0.9989488049122789
NSC-697923,-0.12605462524500055,0.7435966148685866,0.9989488049122789
ACEGLUTAMIDE,-0.12602458033949995,0.6641970747356635,0.9989488049122789
RAMOSETRON,-0.12594820499615,0.6590316712778447,0.9989488049122789
GR-159897,-0.1257338456959,0.37205563715249546,0.9989488049122789
TOFACITINIB,-0.1257151099893,0.6300966369542226,0.9989488049122789
PHENTOLAMINE,-0.125440703424,0.18376376273097672,0.9989488049122789
BALICATIB,-0.1253536865067,0.24004421845330337,0.9989488049122789
OXOLINIC-ACID,-0.12526361114915,0.5968621048740197,0.9989488049122789
C-1,-0.1251383891384,0.39199083073250285,0.9989488049122789
V-51,-0.12511233276405131,0.12224794908525043,0.9989488049122789
LINALOOL,-0.125091632606,0.8248494935245716,0.9989488049122789
AZACYCLONOL,-0.12499868344799997,0.6780789058485265,0.9989488049122789
GR-103691,-0.12485254416390001,0.6396030082609112,0.9989488049122789
PANTOTHENIC-ACID,-0.12482704548234999,0.7573953892544676,0.9989488049122789
BAICALIN,-0.12482201382515001,0.18606966136384795,0.9989488049122789
VERUBULIN,-0.12462050115150003,0.670635025228635,0.9989488049122789
LTB4,-0.12447152239334999,0.69302877792574,0.9989488049122789
SCHISANDROL-B,-0.12442703389434999,0.20462032690227072,0.9989488049122789
PRX-07034,-0.1243625455439716,0.6352126156916167,0.9989488049122789
IMREG-1,-0.12434139686524999,0.7425429871012064,0.9989488049122789
LEVAMISOLE,-0.12433735503400001,0.2938412340994857,0.9989488049122789
NEOHESPERIDIN,-0.12425444407950999,0.3350259637125709,0.9989488049122789
DIAVERIDINE,-0.12416300866159999,0.09648393254553982,0.9989488049122789
CLOFIBRATE,-0.12414107086100001,0.4751631396797642,0.9989488049122789
SNG-1153,-0.12411530213222297,0.708573958353613,0.9989488049122789
FLUNIXIN-MEGLUMIN,-0.12407805759899998,0.8697482122093871,0.9989488049122789
DIMERCAPROL,-0.12388938772699998,0.5480371231150597,0.9989488049122789
EMD-53998,-0.12378921134099999,0.403642148437229,0.9989488049122789
CARBOPLATIN,-0.12376823122449998,0.2887919481460812,0.9989488049122789
L-701252,-0.12376691443745001,0.22777561425248238,0.9989488049122789
BENTAZEPAM,-0.12375277871899999,0.46341476103474133,0.9989488049122789
FANANSERIN,-0.12375275828674999,0.23893119517933004,0.9989488049122789
MYRICETIN,-0.12360004896919999,0.43634921643700886,0.9989488049122789
"ICI-215,001",-0.12345209980272,0.3205803826860133,0.9989488049122789
DIOSGENIN,-0.12320023675255001,0.44056951662469823,0.9989488049122789
CGP-71683,-0.12319497392249995,0.9096213958539661,0.9989488049122789
LABETALOL,-0.1227648187681,0.25041145737447745,0.9989488049122789
PYRIDOXAMINE,-0.12271987618364999,0.16580332852091684,0.9989488049122789
DIPHENCYPRONE,-0.12271500923834998,0.27460416221255224,0.9989488049122789
GSK1904529A,-0.12263356088277999,0.32791514746467154,0.9989488049122789
ETILEVODOPA,-0.12255354992785,0.2526868880065536,0.9989488049122789
CLINOFIBRATE,-0.12253608351119999,0.36381015586885335,0.9989488049122789
MCN-5652-(+/-),-0.12248873872577394,0.3758932599811329,0.9989488049122789
ERYTHROSINE,-0.12242980461725,0.1524411133491285,0.9989488049122789
ZATEBRADINE,-0.12241963138050005,0.37516258872731534,0.9989488049122789
GRAMINE,-0.12238138784300001,0.5533779509908874,0.9989488049122789
ERGOCALCIFEROL,-0.12233623579615,0.12540838110920305,0.9989488049122789
5-FLUOROURACIL,-0.12228084590900001,0.928466333629852,0.9989488049122789
SYM-2206,-0.12225109002681,0.45630228701259656,0.9989488049122789
DAPTOMYCIN,-0.12207841135995999,0.9347554203989947,0.9989488049122789
BENZOIN,-0.1220376332989203,0.25743337324019666,0.9989488049122789
HEMOGLOBIN-MODULATORS-1,-0.12202008066415498,0.22915941521050476,0.9989488049122789
MESTRANOL,-0.12196180082320002,0.47240537100618607,0.9989488049122789
ACENEURAMIC-ACID,-0.1218520019112,0.7281082556236878,0.9989488049122789
ALPHA-METHYLHISTAMINE-DIHYDROBROMIDE-(R)-(-),-0.12174962172659999,0.403642148437229,0.9989488049122789
FLUPHENAZINE,-0.12156193109845,0.27770125889621344,0.9989488049122789
VX-745,-0.12148953180184999,0.26104252994932564,0.9989488049122789
CHLOROXYLENOL,-0.12141817212399997,0.16708888325738536,0.9989488049122789
LEVETIRACETAM,-0.12132516112399999,0.6747375310217318,0.9989488049122789
RITODRINE,-0.1212473230647,0.8830661183883439,0.9989488049122789
ESI-09,-0.12122043143253183,0.15513607766001136,0.9989488049122789
PERETINOIN,-0.12120346976000002,0.21528324340062144,0.9989488049122789
FURALTADONE,-0.1211414198445,0.8451137743280484,0.9989488049122789
BUTYLIDENEPHTHALIDE,-0.12113495605157351,0.3318622979742132,0.9989488049122789
CLODRONIC-ACID,-0.12102823078800001,0.36303761367948184,0.9989488049122789
PINAVERIUM,-0.12102106132000001,0.34082282474651315,0.9989488049122789
MOEXIPRIL,-0.1208714797238,0.6877025071395109,0.9989488049122789
ICI-169369,-0.12085406861253589,0.3074036765810938,0.9989488049122789
CL-218872,-0.12082590789905,0.3350259637125709,0.9989488049122789
CELECOXIB,-0.12077492752105,0.45768288310890703,0.9989488049122789
EPRISTERIDE,-0.12071764249388811,0.30400958127532896,0.9989488049122789
MOXONIDINE,-0.12067989459634998,0.14068190758091367,0.9989488049122789
VORAPAXAR,-0.120650171231695,0.08663815439467797,0.9989488049122789
CARMOXIROLE,-0.12046517864838999,0.22235187988906224,0.9989488049122789
MODALINE,-0.120384709828265,0.1845968000263295,0.9989488049122789
CHLORPROMAZINE,-0.12014757436964998,0.17538617636273746,0.9989488049122789
HYDROXYPROGESTERONE-ACETATE,-0.11999068301815,0.329459418156267,0.9989488049122789
MK-0608,-0.11997736776088411,0.16102129041275182,0.9989488049122789
DANUSERTIB,-0.11994915805000006,0.6036691286156983,0.9989488049122789
TROPICAMIDE,-0.11992097626835002,0.5258089534529393,0.9989488049122789
CAREBASTINE,-0.1199102769782,0.726405680270062,0.9989488049122789
DROPROPIZINE,-0.11966385108184999,0.3069489781837239,0.9989488049122789
TENOFOVIR,-0.11934518239692998,0.5785265007415821,0.9989488049122789
BERBERINE,-0.11921900711999994,0.3095913148820554,0.9989488049122789
TRODUSQUEMINE,-0.11920560513338496,0.655849204369839,0.9989488049122789
GSK2801,-0.11920069028906369,0.33514050106345383,0.9989488049122789
DSM265,-0.1191017510790272,0.4811734660950977,0.9989488049122789
ANPIRTOLINE,-0.11904253671891,0.6446844087435051,0.9989488049122789
PROCYSTEINE,-0.118983908039795,0.6232370260492253,0.9989488049122789
BUCETIN,-0.11897557568120001,0.4038310514124599,0.9989488049122789
ALOE-EMODIN,-0.11897099019599999,0.972063889106728,0.9989488049122789
INDEGLITAZAR,-0.11880869591071502,0.3495432138822592,0.9989488049122789
INDOBUFEN,-0.11860849642730001,0.28732221398508917,0.9989488049122789
PHCCC,-0.11848658065700002,0.5559519767112837,0.9989488049122789
TIABENDAZOLE,-0.118448885624,0.3162658167835207,0.9989488049122789
ST-91,-0.11838160761259998,0.9583893170666622,0.9989488049122789
ACTINOMYCIN-D,-0.11825068496249003,0.8396991254889158,0.9989488049122789
BISMUTH-SUBSALICYLATE,-0.11820701311715331,0.7354895088468657,0.9989488049122789
ALIBENDOL,-0.1181450737325,0.470759033231269,0.9989488049122789
RGFP966,-0.11804271797154,0.7999428725945792,0.9989488049122789
LP-533401,-0.11790283194947636,0.470759033231269,0.9989488049122789
DIACEREIN,-0.11790265534700003,0.18410126570065233,0.9989488049122789
ESOMEPRAZOLE,-0.11789435237500001,0.46493649279338367,0.9989488049122789
PROPYLPARABEN,-0.1178284667201224,0.7210530391592899,0.9989488049122789
GABOXADOL,-0.11781725660949999,0.5632478828618658,0.9989488049122789
SF-11,-0.11781623260469687,0.24442854407853032,0.9989488049122789
GOLVATINIB,-0.11780680096341002,0.9601325488242769,0.9989488049122789
THIOTHIXENE,-0.1178062402941,0.3881528540593421,0.9989488049122789
NIFEKALANT,-0.11776739933586,0.2807147887927498,0.9989488049122789
WZ4003,-0.117760127835,0.9228087638116025,0.9989488049122789
PA-824,-0.11772783375500001,0.2024070866899177,0.9989488049122789
SURITOZOLE,-0.11748693150629999,0.3442129113242063,0.9989488049122789
JNJ-38877605,-0.11747560722650002,0.7696884336790062,0.9989488049122789
FOMOCAINE,-0.11744483623034999,0.13187256310607273,0.9989488049122789
L-ARGININE,-0.11741474406147501,0.48278097944338627,0.9989488049122789
CRISABOROLE,-0.11740672988365,0.47240537100618607,0.9989488049122789
F351,-0.1173830229408,0.4157071172105755,0.9989488049122789
N-BENZYLNALTRINDOLE,-0.117290276805635,0.342235360550342,0.9989488049122789
TOLRESTAT,-0.1172771208353707,0.5656494509791652,0.9989488049122789
IDAZOXANE,-0.11723495687826989,0.6504742147164402,0.9989488049122789
XIPAMIDE,-0.117227649637,0.7371508960182673,0.9989488049122789
URSOLIC-ACID,-0.11716836376099998,0.5048314656229096,0.9989488049122789
LUPANINE,-0.1169603846965,0.40064093260168476,0.9989488049122789
VU0364770,-0.11684549723550003,0.5872418739299734,0.9989488049122789
BMS-770767,-0.11615567215117001,0.5701396016000662,0.9989488049122789
3-CARBOXY-4-HYDROXYPHENYLGLYCINE-(R),-0.11595034122906502,0.1907454952874803,0.9989488049122789
TRV130,-0.1158293951353,0.22353914067264868,0.9989488049122789
GEDUNIN,-0.11578820596553499,0.38364149158644967,0.9989488049122789
CETIRIZINE,-0.1156334238222,0.29328065913876233,0.9989488049122789
NEMAZOLINE,-0.11557284159614599,0.2591071704256216,0.9989488049122789
PAOPA,-0.11548784029798599,0.45768288310890703,0.9989488049122789
ML314,-0.11525141803534536,0.4278179513117867,0.9989488049122789
NSC-4644,-0.11519625358885,0.3867313352419762,0.9989488049122789
LYPRESSIN,-0.11517344991084905,0.10048638682521634,0.9989488049122789
WAY-170523,-0.1151314540335,0.7306170285263387,0.9989488049122789
BROXATEROL,-0.1149691911337,0.5975481895669847,0.9989488049122789
COT-INHIBITOR-2,-0.11490927935791903,0.36068922455200714,0.9989488049122789
SUCROSE,-0.11489365379802373,0.3004587242812673,0.9989488049122789
BARICITINIB,-0.11488125257500004,0.3403647078223929,0.9989488049122789
VU0360172,-0.11476357572713769,0.11452681616903596,0.9989488049122789
AZD7687,-0.1146990701951,0.28409958308972516,0.9989488049122789
GLPG0492,-0.114542373714254,0.08628650123762431,0.9989488049122789
HSR6071,-0.11441608342374081,0.9827959351128169,0.9989488049122789
S63845,-0.11440108680740146,0.25608556370582913,0.9989488049122789
LINOPIRDINE,-0.11435391868639999,0.823767090297954,0.9989488049122789
FLORFENICOL,-0.11423528437700002,0.5121047847568203,0.9989488049122789
GALANTAMINE,-0.11417787558264,0.4663775514304249,0.9989488049122789
DOLUTEGRAVIR,-0.11412828394844998,0.5250683490744141,0.9989488049122789
CEFMINOX,-0.11409040469295499,0.22076238056002384,0.9989488049122789
FOSFOSAL,-0.114083178644665,0.5235290451686408,0.9989488049122789
MICONAZOLE,-0.11408207958900002,0.7341712003165755,0.9989488049122789
EFONIDIPINE,-0.11408132823183878,0.5084270521593919,0.9989488049122789
SODIUM-ORTHOVANADATE,-0.1140164561720579,0.7317717128266401,0.9989488049122789
ROVAZOLAC,-0.11377599565501145,0.6610504693009125,0.9989488049122789
APRATASTAT,-0.11365911783109997,0.11780088294746179,0.9989488049122789
UF-010,-0.11363747202844848,0.9033761125172047,0.9989488049122789
ETHIMIZOL,-0.11360314981610001,0.3095913148820554,0.9989488049122789
DESIPRAMINE,-0.1135466921811,0.05589080933887076,0.9989488049122789
OSTARINE,-0.11339900222031,0.28696820387499333,0.9989488049122789
TALOPRAM,-0.1133218845602722,0.5794477658036012,0.9989488049122789
NEBRACETAM,-0.1132605928955,0.2905694241149879,0.9989488049122789
ADIPHENINE,-0.11312022856280002,0.4024906824654715,0.9989488049122789
TIAPRIDE,-0.11297667716099999,0.29331498822280766,0.9989488049122789
EMOXIPIN,-0.11292924218435002,0.4105126795499928,0.9989488049122789
PALOMID-529,-0.1129240803067,0.8073738363748336,0.9989488049122789
FLUORESCEIN,-0.11276091919765001,0.9718840855815314,0.9989488049122789
HYDROCHLOROTHIAZIDE,-0.11273292522850009,0.4751631396797642,0.9989488049122789
DIMETHISOQUIN,-0.11264875942010003,0.470759033231269,0.9989488049122789
AMPA-(RS),-0.1125250601697,0.18934138369756348,0.9989488049122789
7-CHLOROKYNURENIC-ACID,-0.11246581712920999,0.296523440915913,0.9989488049122789
DEXTROAMPHETAMINE,-0.11219973737015,0.7278607713296317,0.9989488049122789
CINNAMALDEHYDE,-0.11219662707979045,0.6579507592650893,0.9989488049122789
HEXAMINOLEVULINATE,-0.11218921265635001,0.7581135748514893,0.9989488049122789
LIMONIN,-0.1121804921386,0.42495205968196637,0.9989488049122789
MIDOSTAURIN,-0.11202909067000011,0.45768288310890703,0.9989488049122789
S-17092,-0.11202022792690744,0.30064046995263116,0.9989488049122789
TASIMELTEON,-0.11200849607715001,0.1613696438166795,0.9989488049122789
MEFLOQUINE,-0.11198667248975,0.35946783650573755,0.9989488049122789
MADRASIN,-0.11188201087983046,0.8471093666021025,0.9989488049122789
GSK429286A,-0.1118815113405,0.4024906824654715,0.9989488049122789
RIPAZEPAM,-0.11159127523689999,0.8258939952297807,0.9989488049122789
PF-06463922,-0.1115869518416,0.3829784525379315,0.9989488049122789
MK-5046,-0.11147532093800999,0.4751631396797642,0.9989488049122789
PF-04995274,-0.1113241320838157,0.2501160011309066,0.9989488049122789
VELNEPERIT,-0.11116880426550002,0.2643918291292122,0.9989488049122789
DMAB-ANABASEINE,-0.11109661820355,0.5799956930298551,0.9989488049122789
CEFMETAZOLE,-0.11096275066586744,0.5297346412174109,0.9989488049122789
"1-(1,2-DIPHENYLETHYL)PIPERIDINE-(+/-)",-0.11072539081800001,0.4439502415760962,0.9989488049122789
PSNCBAM-1,-0.11065396280280908,0.3875520100713439,0.9989488049122789
GABAZINE,-0.11061271492949998,0.5344219203413451,0.9989488049122789
IOHEXOL,-0.1105857138003,0.2750342246793549,0.9989488049122789
SSR128129E,-0.11053847027879998,0.5863658657781197,0.9989488049122789
MUSCIMOL,-0.11048587513765001,0.5066158665910702,0.9989488049122789
DIROXIMEL-FUMARATE,-0.11039174462665,0.3151218995612949,0.9989488049122789
GOSERELIN-ACETATE,-0.11021938353900002,0.2232604360718622,0.9989488049122789
OLOMOUCINE,-0.10991509761540999,0.470759033231269,0.9989488049122789
OCTOCRYLENE,-0.10978524417065,0.13999628431554112,0.9989488049122789
ABT-639,-0.1097268274175,0.2843835391667735,0.9989488049122789
ETICLOPRIDE,-0.10972660094050002,0.31743393082874927,0.9989488049122789
ATIPAMEZOLE,-0.1096589874587,0.5290332594347273,0.9989488049122789
FEZOLINETANT,-0.1096144985772135,0.3682423985761125,0.9989488049122789
FLURBIPROFEN-(S)-(+),-0.10958655156500002,0.8815166500306794,0.9989488049122789
ETRASIMOD,-0.10955353152369557,0.9033761125172047,0.9989488049122789
SB-649868,-0.10951299419127397,0.27144010022271636,0.9989488049122789
INDIRUBIN,-0.1095004434001,0.20994681978167684,0.9989488049122789
RS-16566,-0.10949384776605,0.4145590464151272,0.9989488049122789
H2L-5765834,-0.10940697003738103,0.2927258018377066,0.9989488049122789
SEOCALCITOL,-0.109273261254695,0.6171648585444262,0.9989488049122789
"6,_7-DEHYDRO-17-ACETOXY-PROGESTERONE",-0.10923261587905,0.6600277116514566,0.9989488049122789
DESLORELIN,-0.10904163570462999,0.12824964908196876,0.9989488049122789
3-MATIDA,-0.10885428773789801,0.32090299426874946,0.9989488049122789
ADRENALONE,-0.10874941884700001,0.38130893941386834,0.9989488049122789
PA-452,-0.10866491376411999,0.33918358844720686,0.9989488049122789
RUPATADINE,-0.10855558171900004,0.6360400245486137,0.9989488049122789
ML130,-0.108431297456,0.5920430199888429,0.9989488049122789
TAMSULOSIN,-0.10835240780994998,0.170350376989982,0.9989488049122789
IDELALISIB,-0.10825609987030001,0.7070578605220976,0.9989488049122789
NORETHINDRONE-ACETATE,-0.10821831145799998,0.5246273820177696,0.9989488049122789
ESTRADIOL-ACETATE,-0.10809699591982999,0.3452446660225904,0.9989488049122789
AC-261066,-0.1080209683167348,0.19127740778169444,0.9989488049122789
ME0328,-0.10795925158445001,0.3713543557343727,0.9989488049122789
RUXOLITINIB-(S),-0.10786623586750002,0.5682199400881833,0.9989488049122789
IOPODIC-ACID,-0.10767570707379999,0.539841311917282,0.9989488049122789
UNC0646,-0.1076611002187,0.15946357331437166,0.9989488049122789
RELUGOLIX,-0.10747648486730821,0.15888458575492959,0.9989488049122789
TRIHEXYPHENIDYL,-0.10738601587450003,0.3976147519565305,0.9989488049122789
ICRT-14,-0.10737879358961094,0.3038044338258312,0.9989488049122789
AVIBACTAM,-0.10734672521869999,0.3991049053225033,0.9989488049122789
FLUOROMETHYLCHOLINE,-0.10728218850695,0.324396734443515,0.9989488049122789
IMIDUREA,-0.10725593332919885,0.1491644139495122,0.9989488049122789
NPS-2143,-0.107030115645185,0.828868302659775,0.9989488049122789
DELGOCITINIB,-0.10698678630833179,0.7463495220251402,0.9989488049122789
PHENTERMINE,-0.10690833094891501,0.791426126073881,0.9989488049122789
CARUMONAM,-0.1068893544993,0.3151218995612949,0.9989488049122789
PONESIMOD,-0.1068806673502,0.894998209940442,0.9989488049122789
RX-821002,-0.1067208222933,0.7971191126722499,0.9989488049122789
L-838417,-0.10647763765501539,0.28905702513759834,0.9989488049122789
VALETHAMATE,-0.10646550835255,0.18689377489915093,0.9989488049122789
ANASTROZOLE,-0.10643483105424999,0.7996758352629703,0.9989488049122789
LINAGLIPTIN,-0.1062369715725,0.8885971635296221,0.9989488049122789
MEFENAMIC-ACID,-0.106165045061,0.7697184024856237,0.9989488049122789
INIPARIB,-0.10612861728100004,0.8422115742535439,0.9989488049122789
ROQUINIMEX,-0.10590407247,0.5417630682854582,0.9989488049122789
PHENYLBENZIMIDAZOLE-SULFONIC-ACID,-0.10565680867175,0.16657319772384727,0.9989488049122789
GEMIGLIPTIN,-0.1056371157815873,0.5824155747231048,0.9989488049122789
OMEPRAZOLE,-0.10553565276749999,0.7632841306140199,0.9989488049122789
CKI-7,-0.10552207018364375,0.32090299426874946,0.9989488049122789
SKF-83566,-0.105488794052,0.09546116864516799,0.9989488049122789
BENFLUOREX,-0.10536525719715001,0.5775268940629252,0.9989488049122789
PF-06273340,-0.10530174017071504,0.20327991763696784,0.9989488049122789
HEPTAMINOL,-0.1052282336187,0.32370621227391294,0.9989488049122789
METHACYCLINE,-0.104969629733,0.3360346402520946,0.9989488049122789
BETRIXABAN,-0.104962604515,0.8509509689583401,0.9989488049122789
FRESELESTAT,-0.10488221992060498,0.24134506034518766,0.9989488049122789
CGP-60474,-0.10486975833058487,0.7602085497757689,0.9989488049122789
MK-2295,-0.1048144034354,0.2588207339926062,0.9989488049122789
OXANDROLONE,-0.10459235242965001,0.3264533546748354,0.9989488049122789
NANDROLONE-DECANOATE,-0.1045828777898547,0.4967227766602639,0.9989488049122789
PHENSERINE,-0.10457671957695,0.39596889226914767,0.9989488049122789
ERDOSTEINE,-0.10457084849665,0.38592224479289583,0.9989488049122789
NAFADOTRIDE,-0.10452096610337502,0.4620188003271287,0.9989488049122789
PAROXETINE,-0.10447370086430002,0.473801430452621,0.9989488049122789
GSK2981278,-0.1042405631263267,0.9658241242728414,0.9989488049122789
ROGARATINIB,-0.1041256725993755,0.7572601505606869,0.9989488049122789
MIBAMPATOR,-0.10411441545062002,0.6906680223515647,0.9989488049122789
THIETHYLPERAZINE,-0.10401057522750001,0.9666926450121487,0.9989488049122789
CLEVUDINE,-0.10398433966249992,0.20529112086663215,0.9989488049122789
A-939572,-0.10397693622482795,0.6476521537389621,0.9989488049122789
MCPP,-0.10392743286435002,0.4238290030353613,0.9989488049122789
AC-55541,-0.1039062387859695,0.26424460139842476,0.9989488049122789
L-ASPARTIC-ACID,-0.10381901029144999,0.25055638300108674,0.9989488049122789
GSK3326595,-0.10378854230598444,0.9541442109452929,0.9989488049122789
ME-0328,-0.10376147145096123,0.20443453200475947,0.9989488049122789
STRYCHNINE,-0.10374189880850004,0.20450053332564178,0.9989488049122789
RESORCINOL,-0.10372947014419998,0.6171648585444262,0.9989488049122789
SULFAMETOPYRAZINE,-0.10364753968774999,0.6261438007300147,0.9989488049122789
CHIR-98014,-0.10361425991149999,0.8172128739090069,0.9989488049122789
OMECAMTIV-MECARBIL,-0.10357928290499996,0.8335745807964523,0.9989488049122789
NIRIDAZOLE,-0.10354090197890001,0.1465126073366396,0.9989488049122789
MCOPPB,-0.10351172347485602,0.8534404112240324,0.9989488049122789
EMIXUSTAT,-0.10336746659133711,0.28732221398508917,0.9989488049122789
BENZOXIQUINE,-0.1033654029891,0.3412872189781525,0.9989488049122789
AZD9496,-0.10332092509406504,0.06241041554587898,0.9989488049122789
BUTORPHANOL-(+)-TARTRATE,-0.103059801675,0.32867654395517076,0.9989488049122789
NECROSTATIN-1,-0.1030544934081,0.983018892004347,0.9989488049122789
DYPHYLLINE,-0.10292398463234999,0.13692119014149295,0.9989488049122789
4-(AMINOMETHYL)BENZOIC-ACID,-0.10291677687433196,0.5629779684891021,0.9989488049122789
ENZALUTAMIDE,-0.10286921082029998,0.2565244704826405,0.9989488049122789
PSB-1115,-0.1026768458759,0.48730518713188775,0.9989488049122789
NALMEFENE,-0.1026251887396,0.5922504606343233,0.9989488049122789
PAEONIFLORIN,-0.10260329719913401,0.7806282644628137,0.9989488049122789
TAMINADENANT,-0.10248382938162336,0.47670979987173145,0.9989488049122789
OCO-1112,-0.102455757106,0.48403878801733224,0.9989488049122789
TRIACETIN,-0.10240647561050001,0.3412872189781525,0.9989488049122789
OPC-21268,-0.10238125677804749,0.5310018586663963,0.9989488049122789
PRILOCAINE,-0.10236280054285,0.46492580600974065,0.9989488049122789
BUTALBITAL,-0.10205710411499999,0.3071748018792846,0.9989488049122789
SALVIANOLIC-ACID-A,-0.1020447531156638,0.21902126125267352,0.9989488049122789
TANSHINONE-I,-0.10198776716399999,0.9531787666633463,0.9989488049122789
UREA,-0.101957769098,0.47649174393128957,0.9989488049122789
UNC-2327,-0.10195713168147019,0.5849561096776412,0.9989488049122789
MESTINON,-0.10170043228710002,0.6468160909457348,0.9989488049122789
PI-103,-0.10168294177500004,0.691596998279468,0.9989488049122789
LDC1267,-0.10166262836235901,0.17149944984491738,0.9989488049122789
PF-06840003,-0.10165343330995852,0.687298661464894,0.9989488049122789
BVT-2733,-0.10147736347197048,0.5101498098361084,0.9989488049122789
DACOMITINIB,-0.10137191958779998,0.8075554917356436,0.9989488049122789
GW-438014A,-0.10135280584789694,0.20158456860766938,0.9989488049122789
FENEBRUTINIB,-0.10132923113512052,0.3177359398949019,0.9989488049122789
ETOFIBRATE,-0.101322316706,0.856457246782089,0.9989488049122789
ESTRAMUSTINE-PHOSPHATE,-0.10130155581360001,0.3600742604458488,0.9989488049122789
MDL-27531,-0.10128954250228633,0.5066158665910702,0.9989488049122789
MIZOLASTINE,-0.10123050972594999,0.5020565969989815,0.9989488049122789
AZD2461,-0.10115896135650002,0.5334268208244433,0.9989488049122789
VABORBACTAM,-0.10113390655246315,0.09118841013508434,0.9989488049122789
LXR-623,-0.1011225390363,0.27455456294857095,0.9989488049122789
PFI-3,-0.1011209880910324,0.35323401144668687,0.9989488049122789
OXOTREMORINE-M,-0.10102864386799998,0.271454357960596,0.9989488049122789
CDK1-5-INHIBITOR,-0.10096060412699998,0.6997811359555655,0.9989488049122789
EXEMESTANE,-0.10091478968039999,0.13005131457146923,0.9989488049122789
TERCIPRAZINE,-0.1007951534555116,0.6159135274144121,0.9989488049122789
AZ-10417808,-0.10078851973650002,0.5048314656229096,0.9989488049122789
NBI-74330-(+/-),-0.10075184975760729,0.45025763467320046,0.9989488049122789
NIMESULIDE,-0.10065383815999998,0.45227913919107066,0.9989488049122789
TC-E-5006,-0.10052869131464748,0.7177785727936441,0.9989488049122789
KI-16425,-0.10050317145900006,0.6374205500684976,0.9989488049122789
NB-001,-0.1004355182654096,0.37276693794413773,0.9989488049122789
SACUBITRIL,-0.10039498958100002,0.6762636527019983,0.9989488049122789
LY255283,-0.10037971414059998,0.43097870919435965,0.9989488049122789
ELUXADOLINE,-0.100317361352405,0.1425199751865258,0.9989488049122789
DIPHEMANIL,-0.10030195458249991,0.5402521393407743,0.9989488049122789
OLEANOLIC-ACID,-0.10022529760459999,0.5873234887748717,0.9989488049122789
ZONISAMIDE,-0.10015208538284999,0.7371508960182673,0.9989488049122789
EVOBRUTINIB,-0.10014660692184903,0.29397715226930243,0.9989488049122789
MOXAVERINE,-0.1001411473455,0.3376203443245158,0.9989488049122789
PRESATOVIR,-0.10013494799549999,0.1714436695046354,0.9989488049122789
OLAPARIB,-0.10013328189750001,0.4145590464151272,0.9989488049122789
TESTOSTERONE-PROPIONATE,-0.09988040155865,0.8325188126792755,0.9989488049122789
ANISODAMINE,-0.09987190617890002,0.5196057150441526,0.9989488049122789
LAMIVUDINE,-0.09981844549749999,0.35692844819487535,0.9989488049122789
LETOSTEINE,-0.09965301155224501,0.324396734443515,0.9989488049122789
NICOTINE,-0.09964598180400003,0.08693708914099169,0.9989488049122789
LM11A-31,-0.09947440924566026,0.32756653672386704,0.9989488049122789
LY2874455,-0.09938756650499991,0.7526258138592761,0.9989488049122789
GPI-1046,-0.099323243448649,0.0848141314339126,0.9989488049122789
MECYSTEINE,-0.0990536362059859,0.3495432138822592,0.9989488049122789
VU591,-0.09902171433451054,0.3071748018792846,0.9989488049122789
JK-184,-0.09896572236000023,0.7479477414312314,0.9989488049122789
POLYMYXIN-B-SULFATE,-0.09896505387497109,0.5297346412174109,0.9989488049122789
WP921,-0.09895608028024319,0.1205207925514135,0.9989488049122789
MK-0354,-0.0988915483557,0.16180748665730404,0.9989488049122789
ZALTIDINE,-0.09856328712220999,0.3455998756438693,0.9989488049122789
CYM-5442,-0.09847818173837451,0.42652951730448263,0.9989488049122789
TAZOBACTAM,-0.09833026897550001,0.9381941216309514,0.9989488049122789
SORAPRAZAN,-0.09827459685137452,0.4125449945707137,0.9989488049122789
OPICAPONE,-0.098139146835937,0.109942074260676,0.9989488049122789
DESVENLAFAXINE,-0.09811477401495002,0.7549118711902529,0.9989488049122789
EMEDASTINE,-0.09804301901099999,0.6479014402801193,0.9989488049122789
TELMISARTAN,-0.09796076820369999,0.2997552881077572,0.9989488049122789
ONO-8130,-0.0979445703060643,0.6222023439882295,0.9989488049122789
ARGIRELINE,-0.0978111662721721,0.5507760715930471,0.9989488049122789
ARECAIDINE-BUT-2-YNYL-ESTER,-0.09773893830194999,0.5776940554787874,0.9989488049122789
ZIRITAXESTAT,-0.09772361472611552,0.4663775514304249,0.9989488049122789
ZOTEPINE,-0.0977059555869,0.9223830758416297,0.9989488049122789
CH55,-0.09750539341066997,0.70507784294566,0.9989488049122789
PILSICAINIDE,-0.09749509839950005,0.7502126829245079,0.9989488049122789
MIROGABALIN-BESYLATE,-0.0974720336090537,0.4547352624264034,0.9989488049122789
ACEDOBEN,-0.09740277248019999,0.34487544329507724,0.9989488049122789
RAMATROBAN,-0.09724061650599997,0.805756286671411,0.9989488049122789
SULPIRIDE,-0.09717360005685001,0.7495262952952877,0.9989488049122789
DAPRODUSTAT,-0.09679673937269997,0.642848682457563,0.9989488049122789
PELRINONE,-0.09662670481932376,0.7792251078346246,0.9989488049122789
ROSIPTOR,-0.0966200711460954,0.2906829162146981,0.9989488049122789
ARDEPARIN,-0.0966182160529,0.5481459306458913,0.9989488049122789
BILOBALIDE,-0.0966098882095,0.4795897618650552,0.9989488049122789
PROCATEROL,-0.09660856377749999,0.3600742604458488,0.9989488049122789
PD-168393,-0.09660381464250001,0.691596998279468,0.9989488049122789
7-METHOXYTACRINE,-0.0965113836533,0.21528324340062144,0.9989488049122789
PRE-084,-0.09644984934400003,0.47778842934700405,0.9989488049122789
TULRAMPATOR,-0.09643139328049026,0.44907994876159496,0.9989488049122789
DAPSONE,-0.09640943289750001,0.43514180460301255,0.9989488049122789
SR-2640,-0.09640347552619997,0.5085174602680393,0.9989488049122789
PAQUINIMOD,-0.09632102806599764,0.4003552265949841,0.9989488049122789
FLUMEQUINE,-0.09616229463345001,0.4649144774132812,0.9989488049122789
PRELADENANT,-0.09614164787855001,0.5204231868267928,0.9989488049122789
CGP-54626,-0.09601208774549996,0.44776944106855066,0.9989488049122789
AG-556,-0.09597303851985683,0.6527931850992597,0.9989488049122789
DESOGESTREL,-0.09581838990444999,0.32791514746467154,0.9989488049122789
EMAMECTIN,-0.09568513485923497,0.7032329924524046,0.9989488049122789
LOXAPINE,-0.09566082420364,0.18071570780258484,0.9989488049122789
NAPROXEN,-0.09562650519069998,0.8665082114238457,0.9989488049122789
OMBITASVIR,-0.09558274064955544,0.2905694241149879,0.9989488049122789
SB-239063,-0.09548533477900001,0.48403878801733224,0.9989488049122789
PRANOPROFEN,-0.09546245002600007,0.3744421631472843,0.9989488049122789
RIBITOL,-0.09546110365499993,0.6601109154727594,0.9989488049122789
RUXOLITINIB,-0.0952622813615,0.6171648585444262,0.9989488049122789
UAMC-00039,-0.0951671793974788,0.41152147697070995,0.9989488049122789
CGS-20625,-0.0951609658895,0.48367904186851174,0.9989488049122789
1-OCTANOL,-0.0951344903154,0.3983348105204939,0.9989488049122789
TOLNAFTATE,-0.09511944082110002,0.7338074071219691,0.9989488049122789
EBPC,-0.09508378663630002,0.03496928657815,0.9989488049122789
TIOCONAZOLE,-0.0948398361685,0.9090344083657707,0.9989488049122789
POZANICLINE,-0.09480719094091002,0.17032803729815893,0.9989488049122789
XL388,-0.09463255624690001,0.6610633991505144,0.9989488049122789
TAFAMIDIS-MEGLUMINE,-0.09444909115952001,0.5872418739299734,0.9989488049122789
ACY-1215,-0.09439109427050002,0.5774398831516085,0.9989488049122789
LITHIUM-CITRATE,-0.09423038911123999,0.7898713044944297,0.9989488049122789
BX-795,-0.09420220806361979,0.4885101035104298,0.9989488049122789
SOPHOCARPINE,-0.09419542401424999,0.5187669344111476,0.9989488049122789
NKP-1339,-0.09419499050485,0.20489809026207417,0.9989488049122789
TYLOXAPOL,-0.094139594306,0.8618762343754476,0.9989488049122789
D-PHENYLALANINE,-0.09412636578710001,0.5370739166616303,0.9989488049122789
TASULDINE,-0.0941079511395,0.3829082214390015,0.9989488049122789
ENFLURANE,-0.0940841776366,0.8699463794966105,0.9989488049122789
TOBRAMYCIN,-0.09395073144610006,0.6410127553041405,0.9989488049122789
BAKUCHIOL,-0.09380684222649999,0.32370621227391294,0.9989488049122789
RO-19-4605,-0.09371437073099997,0.4533699001000937,0.9989488049122789
E-4031,-0.09360553034800001,0.37975522604752066,0.9989488049122789
DCPIB,-0.09353617604299999,0.6897262263582777,0.9989488049122789
ELACYTARABINE,-0.09353139539628508,0.8913702672972513,0.9989488049122789
SQ-109,-0.09348917934685,0.32223862938734305,0.9989488049122789
TBA-354,-0.09348818290546065,0.522693104461265,0.9989488049122789
ALAFOSFALIN,-0.0934320283652228,0.12030427435275327,0.9989488049122789
CIS-UROCANIC-ACID,-0.0934100990981,0.4663605066268527,0.9989488049122789
AMG-9810,-0.09340910756775,0.9772122103641975,0.9989488049122789
PF-4708671,-0.09332216219987,0.39585173983206,0.9989488049122789
MR-16728,-0.0932592641901,0.5776940554787874,0.9989488049122789
SIROLIMUS,-0.09322901115445,0.7317717128266401,0.9989488049122789
PIROMIDIC-ACID,-0.09315313244980002,0.20762480429016172,0.9989488049122789
PF-5274857,-0.09309350846056,0.8281122933640891,0.9989488049122789
CILAZAPRIL,-0.09307810234075,0.324396734443515,0.9989488049122789
DROMOSTANOLONE-PROPIONATE,-0.09307520213449999,0.981188454490009,0.9989488049122789
WH-4-023,-0.09307056698074054,0.8583099888792466,0.9989488049122789
SONEPIPRAZOLE,-0.09303311311428239,0.13118029537394268,0.9989488049122789
ECABET,-0.09299997690325,0.13323850865823023,0.9989488049122789
RETAPAMULIN,-0.0929992753223,0.6189900003063826,0.9989488049122789
YM-155,-0.09285931903,0.4620188003271287,0.9989488049122789
AMG458,-0.09274281023292,0.928466333629852,0.9989488049122789
AZD4635,-0.09270096352291121,0.8856912072112384,0.9989488049122789
TIPRENOLOL,-0.0926950989756,0.17728768044742904,0.9989488049122789
4-HQN,-0.09267724732549998,0.5185236381899284,0.9989488049122789
PF-562271,-0.09267134528299992,0.5310849675642475,0.9989488049122789
TREPIBUTONE,-0.0926688048192,0.14376983254466158,0.9989488049122789
"TRANS-4-[8-(3-FLUOROPHENYL)-1,7-NAPHTHYRIDIN-6-YL]CYCLOHEXANECARBOXYLIC-ACID",-0.09260842960099999,0.3368517554464495,0.9989488049122789
RUFLOXACIN,-0.09246997448755,0.5443684451764051,0.9989488049122789
SAR-245409,-0.09244855629800003,0.8131895415989988,0.9989488049122789
MABUPROFEN,-0.0924459977106,0.5975481895669847,0.9989488049122789
TUBOCURARINE,-0.09244322344849998,0.5490586790086784,0.9989488049122789
T-025,-0.09243947191555915,0.5533779509908874,0.9989488049122789
ALFUZOSIN,-0.0924274412729,0.7317009589325085,0.9989488049122789
L-733060,-0.0924207444774,0.4692713224594435,0.9989488049122789
INDOMETHACIN,-0.092360623128,0.17421906358127837,0.9989488049122789
FIDARESTAT,-0.0922813821865,0.17475163474689348,0.9989488049122789
NILOTINIB,-0.09227868315000001,0.79092940959121,0.9989488049122789
HALOPERIDOL-DECANOATE,-0.09220769483650001,0.9498642681546059,0.9989488049122789
GW-2580,-0.09218606312650002,0.6600277116514566,0.9989488049122789
VOLINANSERIN,-0.09214178272763,0.2274956824321176,0.9989488049122789
ATROPINE,-0.09213269990149997,0.6019269553954136,0.9989488049122789
HALOTHANE,-0.092102031192,0.30523967776320815,0.9989488049122789
BETAMIPRON,-0.09204813040509999,0.9109792925106339,0.9989488049122789
NEU2000,-0.09202548989706319,0.9770626293419096,0.9989488049122789
NIBENTAN,-0.091983950593645,0.3843378583812328,0.9989488049122789
TRIOXSALEN,-0.09192849185464999,0.5212201505924923,0.9989488049122789
PREGNANOLONE,-0.09188162373915999,0.5018612284663218,0.9989488049122789
HA-1004,-0.09182629997399994,0.9662639754778316,0.9989488049122789
DICYCLOHEXYLAMINE,-0.09175322875564249,0.4312159391192756,0.9989488049122789
DISOPYRAMIDE,-0.091566327629674,0.5872418739299734,0.9989488049122789
NELOTANSERIN,-0.0914696708645848,0.2874136047967898,0.9989488049122789
ZIBOTENTAN,-0.091298876072,0.2898706087878623,0.9989488049122789
SULFACHLORPYRIDAZINE,-0.09129733500900003,0.4294825955256806,0.9989488049122789
DAPIVIRINE,-0.09127794532399996,0.5775268940629252,0.9989488049122789
ACECLOFENAC,-0.09123681667515,0.21999597016749628,0.9989488049122789
CASPOFUNGIN,-0.09122288296830953,0.3386183463319664,0.9989488049122789
METAZOSIN,-0.09122093015420002,0.33310881960126815,0.9989488049122789
SAMERIDINE,-0.09113526561874316,0.4992535174708579,0.9989488049122789
GRAZOPREVIR,-0.09105758642200001,0.4398188549797565,0.9989488049122789
4-MU-8C,-0.09094411415350001,0.5761501220305789,0.9989488049122789
CEFODIZIME,-0.09094021589881364,0.2965981646332909,0.9989488049122789
BENURESTAT,-0.0909285636795,0.3412872189781525,0.9989488049122789
CHLORMEZANONE,-0.09078724736967,0.6094753725688145,0.9989488049122789
MK-0893,-0.09077027498355,0.219350080524902,0.9989488049122789
GSK2881078,-0.09071797257406852,0.37276693794413773,0.9989488049122789
SULFATHIAZOLE,-0.09064738570050002,0.13879173842360967,0.9989488049122789
CISPLATIN,-0.0904596783588,0.1827325014331883,0.9989488049122789
PHENPROBAMATE,-0.0904243546421,0.7070578605220976,0.9989488049122789
3-AQC,-0.09041211770499999,0.3350259637125709,0.9989488049122789
SCH-58261,-0.09040933487720001,0.37516258872731534,0.9989488049122789
TOSUFLOXACIN,-0.09027938403180451,0.5438588539443743,0.9989488049122789
OICR-9429,-0.090168172326359,0.219350080524902,0.9989488049122789
FIPEXIDE,-0.090152182306,0.23078369171447277,0.9989488049122789
CILUPREVIR,-0.090009775817506,0.28416919706234045,0.9989488049122789
SB-2343,-0.08998874187500006,0.7696884336790062,0.9989488049122789
HYDROQUINIDINE,-0.08995918204,0.38317209422203957,0.9989488049122789
BENPERIDOL,-0.08994761889650002,0.6021608623118206,0.9989488049122789
PSI-697,-0.08981390709394849,0.56041731968199,0.9989488049122789
SODIUM-NITRITE,-0.0898053502589625,0.6787422368199145,0.9989488049122789
MANITIMUS,-0.08974939348264101,0.19572548543829227,0.9989488049122789
FGIN-1-27,-0.0896291682426,0.2232604360718622,0.9989488049122789
AMIFOSTINE,-0.08958153395820276,0.216681980419285,0.9989488049122789
FULVESTRANT,-0.08942556882899999,0.35267503739591255,0.9989488049122789
RIVANICLINE,-0.0894028224047,0.8601157321722541,0.9989488049122789
ETEROBARB,-0.08937810302418156,0.11094647571592849,0.9989488049122789
AL-8697,-0.0892806631987823,0.5522778090672316,0.9989488049122789
NARINGENINIC-ACID,-0.08927664519400716,0.1877686169595465,0.9989488049122789
TC-S-7005,-0.089227580538666,0.5904886695353557,0.9989488049122789
ICARITIN,-0.08913879501285,0.6149517390719481,0.9989488049122789
CEFOTETAN,-0.0889770002432,0.6047859174598139,0.9989488049122789
RS-102221,-0.08895661650795,0.3240491289054488,0.9989488049122789
OLPRINONE,-0.088946669699,0.9487557811181019,0.9989488049122789
DAIDZEIN,-0.088942776508465,0.27772796483779993,0.9989488049122789
3-CPMT,-0.0889190912851,0.7711392596630728,0.9989488049122789
CYANOPINDOLOL,-0.08888877077035,0.7587942519514004,0.9989488049122789
XENALIPIN,-0.0887460919664,0.17032803729815893,0.9989488049122789
SGC-0946,-0.0887322458438,0.3230340720460403,0.9989488049122789
9-AMINOACRIDINE,-0.08872643521300005,0.4702329758176339,0.9989488049122789
MITOFLAXONE,-0.0886335084261,0.7193815715109699,0.9989488049122789
FOSPHENYTOIN,-0.08830972971425001,0.4769364497589641,0.9989488049122789
EZUTROMID,-0.08825555456249501,0.7029936383560373,0.9989488049122789
LICOGLIFLOZIN,-0.08809700511415824,0.9084397583825714,0.9989488049122789
PF-06409577,-0.0880908902986775,0.35754447013237745,0.9989488049122789
PIPENZOLATE,-0.08806878002600002,0.7564398604347067,0.9989488049122789
METHYLTHIOURACIL,-0.08802927238349,0.9222649440004533,0.9989488049122789
GSK-LSD-1,-0.08797611781283851,0.3954456059054121,0.9989488049122789
METHIMAZOLE,-0.08792426021299998,0.37516258872731534,0.9989488049122789
ATAZANAVIR,-0.0878604450771,0.35578385994629436,0.9989488049122789
"5,7-DICHLOROKYNURENIC-ACID",-0.0877415003675,0.8728279891245058,0.9989488049122789
N-ALPHA-METHYLHISTAMINE-DIHYDROCHLORIDE,-0.08773125690700001,0.5356586744518841,0.9989488049122789
DINOPROSTONE,-0.0876736392180355,0.7157825697069456,0.9989488049122789
BEPRIDIL,-0.08744915591800001,0.8592186234362276,0.9989488049122789
SULFASALAZINE,-0.08708300595500001,0.6934130196784436,0.9989488049122789
TESTOSTERONE,-0.08696399371699999,0.48367904186851174,0.9989488049122789
ECTOINE-ZWITTERION,-0.08690848937955162,0.26082360896749834,0.9989488049122789
SALVIANOLIC-ACID-B,-0.0868809765679,0.49529644047640675,0.9989488049122789
JNJ-16259685,-0.08687502445914999,0.808164043951114,0.9989488049122789
ORLISTAT,-0.08686862794149997,0.9827959351128169,0.9989488049122789
CBIPES,-0.08684711340322054,0.2221512462126234,0.9989488049122789
TEDIZOLID,-0.08673616278589999,0.554149688735898,0.9989488049122789
CP-94253,-0.08671429324543023,0.5111968096807104,0.9989488049122789
YM-244769,-0.08667717242340094,0.09757604125918315,0.9989488049122789
AZILSARTAN,-0.0866718541625,0.33589278225187613,0.9989488049122789
RIFAMPIN,-0.0863015009807,0.32717435888961255,0.9989488049122789
AMINOPENTAMIDE,-0.08625944349050002,0.821535595538172,0.9989488049122789
INOSITOL-HEXANICOTINATE,-0.086160629684325,0.44907994876159496,0.9989488049122789
PYRITHYLDIONE,-0.08615280944075002,0.8270229745651932,0.9989488049122789
A-867744,-0.08613533346255065,0.16468236021328975,0.9989488049122789
RELEBACTAM,-0.08605006225878001,0.39095562378232207,0.9989488049122789
MAXACALCITOL,-0.0860120095008,0.5451771806265187,0.9989488049122789
PNU-22394,-0.0858910597045,0.44776944106855066,0.9989488049122789
MK-0557,-0.08587142544790052,0.9198434498158345,0.9989488049122789
AMFLUTIZOLE,-0.085803215617845,0.8627203021493584,0.9989488049122789
TC-SP-14,-0.08579488834672,0.32090299426874946,0.9989488049122789
ATIZORAM,-0.085597167506,0.7711987931011348,0.9989488049122789
PIKAMILONE,-0.08553050972753,0.44353725547375955,0.9989488049122789
A66,-0.0855158303246,0.788446734264471,0.9989488049122789
BETA-NAPHTHOL,-0.08543710752400002,0.6983230852085848,0.9989488049122789
3-ALPHA-HYDROXY-5-BETA-ANDROSTAN-17-ONE,-0.0853627341915,0.20881799637044074,0.9989488049122789
AVADOMIDE,-0.0852672593402953,0.7572601505606869,0.9989488049122789
DIOSMIN,-0.085250263101,0.6610633991505144,0.9989488049122789
DIACETAMATE,-0.0852466872902,0.050839422377578616,0.9989488049122789
HYDROCORTISONE-PHOSPHATE,-0.08522870837939998,0.32370621227391294,0.9989488049122789
AMG-337,-0.08521130187515,0.9061510111134489,0.9989488049122789
CORTISONE-ACETATE,-0.08518111639279999,0.8815166500306794,0.9989488049122789
AZD8186,-0.08514825553660654,0.7523408877324064,0.9989488049122789
DELAMANID,-0.08514626866735,0.47240537100618607,0.9989488049122789
FLUOXETINE,-0.08506325525098,0.9373894511674218,0.9989488049122789
ETAFENONE,-0.08503610524785,0.3336753331435739,0.9989488049122789
NONIVAMIDE,-0.08499309604569998,0.8873820337898835,0.9989488049122789
EHOP-016,-0.084943183407,0.8991695202099733,0.9989488049122789
PRUCALOPRIDE,-0.084911201655605,0.8669592447088057,0.9989488049122789
JNJ-26990990,-0.084896422716,0.13857037327308824,0.9989488049122789
RESVERATROL,-0.08473106955045001,0.7918070371223045,0.9989488049122789
OCTODRINE,-0.08453738161396661,0.8913702672972513,0.9989488049122789
TA-01,-0.08450028911969065,0.6820848438163485,0.9989488049122789
MONOBENZONE,-0.08442705681045001,0.8807947935435065,0.9989488049122789
GSK2816126,-0.0844127797967,0.7371508960182673,0.9989488049122789
IMPENTAMINE,-0.0843958148171523,0.6476521537389621,0.9989488049122789
PIPAMPERONE,-0.08434081520514998,0.4506985831550754,0.9989488049122789
TH-588,-0.08428043785660694,0.4865305899324832,0.9989488049122789
ISRADIPINE,-0.0842523144425,0.9833426929213817,0.9989488049122789
NAS-181,-0.08424588234373954,0.3923503148348958,0.9989488049122789
FLUCYTOSINE,-0.08421778029475,0.46345588502957547,0.9989488049122789
NXY-059,-0.08421297522125001,0.21331779705637555,0.9989488049122789
HA-966-(S)-(-),-0.08418677574900002,0.3129168472959969,0.9989488049122789
RALINEPAG,-0.08412339000684321,0.56041731968199,0.9989488049122789
MDL-29951,-0.08409575702692326,0.6917616075822004,0.9989488049122789
ANACETRAPIB,-0.083992622804,0.7278607713296317,0.9989488049122789
PYRIDOXAL,-0.0839256770614,0.18445695466137535,0.9989488049122789
SPIROXATRINE,-0.08380764040415,0.36560911958800557,0.9989488049122789
TEMSIROLIMUS,-0.08372276351399999,0.8183544974933388,0.9989488049122789
FG-2216,-0.0836692085601,0.26192604004125386,0.9989488049122789
CGP-55845,-0.08362101717130002,0.8583099888792466,0.9989488049122789
ML-281,-0.08353217060246179,0.25074492932100045,0.9989488049122789
RIPRETINIB,-0.08343498459353199,0.7409130628627636,0.9989488049122789
ROMIDEPSIN,-0.08336636317500012,0.5402521393407743,0.9989488049122789
ABIRATERONE-ACETATE,-0.08331571002930001,0.5662353872563675,0.9989488049122789
I-CBP-112,-0.083264901910763,0.39942857630565154,0.9989488049122789
GENISTEIN,-0.08288088575965,0.7647444002515483,0.9989488049122789
KY02111,-0.082804704394,0.14198357173977452,0.9989488049122789
OXCARBAZEPINE,-0.08277811605799998,0.1845968000263295,0.9989488049122789
PYRITINOL,-0.08270910520999997,0.7093881150142263,0.9989488049122789
ML141,-0.0827067805024239,0.9090344083657707,0.9989488049122789
PIRENPERONE,-0.08268778345600003,0.28409958308972516,0.9989488049122789
RO-3306,-0.08257081857341969,0.2818127634921921,0.9989488049122789
BEZAFIBRATE,-0.08253237257915,0.6176070104862059,0.9989488049122789
TRIFLUOPERAZINE,-0.08250134300029999,0.8639211614693181,0.9989488049122789
GW-405833,-0.08243098273275,0.4751631396797642,0.9989488049122789
PENICILLAMINE-(D),-0.08241382869540001,0.41234018686840557,0.9989488049122789
RO-5028442,-0.0823902564526815,0.6300966369542226,0.9989488049122789
GBR-12783,-0.08228620078749999,0.7971191126722499,0.9989488049122789
OXYTOCIN,-0.0822614498560095,0.5187669344111476,0.9989488049122789
S4,-0.0822565814041482,0.5486082086949211,0.9989488049122789
SDZ-21009,-0.082194525517455,0.6692026877339781,0.9989488049122789
CGP-37157,-0.08196356797559999,0.4958103502247765,0.9989488049122789
GENIPOSIDE,-0.08185345061200001,0.5540709842960609,0.9989488049122789
FOSCARNET,-0.08181987339700003,0.8672810146583287,0.9989488049122789
AZD1390,-0.08178766183352099,0.5799415725311505,0.9989488049122789
NU-1025,-0.08171523029049998,0.5898218435674356,0.9989488049122789
BAY-W-9798,-0.08168105004427,0.46341476103474133,0.9989488049122789
GSK2126458,-0.08165551394999992,0.6873218011739946,0.9989488049122789
BAMAQUIMAST,-0.08155661329230456,0.5130467456118922,0.9989488049122789
METRIZOIC-ACID,-0.0815161676524,0.3892291125348605,0.9989488049122789
ONC201,-0.08151521727524999,0.5723517209999383,0.9989488049122789
GUANOSINE,-0.08151395359129998,0.5629779684891021,0.9989488049122789
PNU-120596,-0.081490394991,0.7121225449880872,0.9989488049122789
DEXPANTHENOL,-0.0814879393593,0.662080472930488,0.9989488049122789
QUINESTROL,-0.08145539517974999,0.7827157269035717,0.9989488049122789
ETOMOXIR,-0.08140211465500014,0.4034355857362003,0.9989488049122789
COMPOUND-58112,-0.08138489987785925,0.705807421634917,0.9989488049122789
AM-92016,-0.08135299662950002,0.4105126795499928,0.9989488049122789
PILARALISIB,-0.08129598876549998,0.8906567929405256,0.9989488049122789
CARDIOGENOL-C,-0.08116262165150001,0.271454357960596,0.9989488049122789
SKF-89976A,-0.08102823149849998,0.2969810788228844,0.9989488049122789
PF-8380,-0.0809899992174041,0.6171648585444262,0.9989488049122789
EDELFOSINE,-0.08098936810359998,0.6518881303411883,0.9989488049122789
AVOBENZONE,-0.0809746928775,0.3314582268912213,0.9989488049122789
CAFFEIC-ACID-PHENETHYL-ESTER,-0.080898116864,0.6787422368199145,0.9989488049122789
UNC0631,-0.08089648062300003,0.5283134823895427,0.9989488049122789
TOFISOPAM,-0.0806969654204,0.22015880650782593,0.9989488049122789
UNC1215,-0.0806838232441,0.44810369776087666,0.9989488049122789
CERAMIDE,-0.08038367603855001,0.4885101035104298,0.9989488049122789
INARIGIVIR-SOPROXIL,-0.080346209309286,0.7463495220251402,0.9989488049122789
ENOXACIN,-0.080281382365865,0.8248027097215431,0.9989488049122789
N-SALICOYLAMINOPHENOL,-0.08026060510225,0.9203645704062895,0.9989488049122789
UNC-3230,-0.0801654769602278,0.563070486577234,0.9989488049122789
EMORFAZONE,-0.080100745569,0.6759878582977128,0.9989488049122789
KN-93,-0.08009009493099961,0.6644953253590632,0.9989488049122789
NS-1643,-0.08000059609393304,0.9090344083657707,0.9989488049122789
TC-I-15,-0.07992989111764974,0.45509143800922647,0.9989488049122789
TIOXOLONE,-0.07988024415960002,0.7404130068465263,0.9989488049122789
KS-176,-0.07983732836891455,0.7298194270363418,0.9989488049122789
AVASIMIBE,-0.07973551770235,0.9776494669355478,0.9989488049122789
SULPHADIMETHOXINE,-0.07967898747539999,0.8756194053547928,0.9989488049122789
EPICATECHIN-GALLATE-(-),-0.0796373696392,0.16580332852091684,0.9989488049122789
MONOCROTALINE,-0.0796339609641735,0.4992535174708579,0.9989488049122789
ROSCOVITINE,-0.079562338475,0.6446844087435051,0.9989488049122789
DARAPLADIB,-0.07940560866950003,0.37975522604752066,0.9989488049122789
GW-842166,-0.07937315862850003,0.7317717128266401,0.9989488049122789
LERCANIDIPINE,-0.07925475029115,0.24367729558356666,0.9989488049122789
L-METHIONINE,-0.079086157806145,0.20462032690227072,0.9989488049122789
FENRETINIDE,-0.07898781206038,0.9649090793282487,0.9989488049122789
FISOGATINIB,-0.07886466727872848,0.9084397583825714,0.9989488049122789
PBI-4050,-0.07882928391229116,0.7032329924524046,0.9989488049122789
RACECADOTRIL,-0.07877885199200002,0.5982367383421676,0.9989488049122789
TCS-OX2-29,-0.0786656698973014,0.12646744695436624,0.9989488049122789
SPP-86,-0.07862303784536201,0.5310018586663963,0.9989488049122789
RO-10-5824,-0.07857501942450001,0.5664004256338444,0.9989488049122789
BENAZEPRIL,-0.07855973945765,0.6222023439882295,0.9989488049122789
PIPERACILLIN,-0.07846212371662999,0.6204884732308797,0.9989488049122789
ARTESUNATE,-0.0783602660596,0.6438931537857415,0.9989488049122789
ECAMSULE-TRIETHANOLAMINE,-0.07829171680999991,0.16113502416620862,0.9989488049122789
ETEBENECID,-0.07825154459849998,0.8638841905500457,0.9989488049122789
2-IMINOBIOTIN,-0.0782456731125,0.6256168281566891,0.9989488049122789
LEVOTHYROXINE,-0.07822796038149998,0.5250683490744141,0.9989488049122789
NOREPINEPHRINE,-0.07811856062999989,0.9172636655139047,0.9989488049122789
MK-571,-0.07811655694628,0.6921439721288032,0.9989488049122789
ML-179,-0.0779383273824442,0.45025763467320046,0.9989488049122789
PF-05089771,-0.0778789241484529,0.5412171575904117,0.9989488049122789
RIMANTADINE,-0.07761615514350001,0.5824588315873355,0.9989488049122789
CP-316819,-0.07757540595573179,0.09965857575936515,0.9989488049122789
DIHYDROERGOCRISTINE,-0.07753883007769999,0.6310836445243815,0.9989488049122789
EPOTHILONE-D,-0.07749635146000022,0.9146973227401848,0.9989488049122789
TODRALAZINE,-0.07749310785500002,0.7874674242029149,0.9989488049122789
9-AMINOCAMPTOTHECIN,-0.07738153418510052,0.8019492944571587,0.9989488049122789
ALLANTOIN,-0.0772749874039,0.9775055921535627,0.9989488049122789
UNC1999,-0.07722876703699999,0.6655186812814062,0.9989488049122789
ILAPRAZOLE,-0.07716525888032401,0.36892417863777804,0.9989488049122789
CINNARAZINE,-0.07714659933550005,0.9490874285704407,0.9989488049122789
METHOXYFLURANE,-0.07708667233684999,0.6883398371561678,0.9989488049122789
SN-6,-0.077035332682045,0.44353725547375955,0.9989488049122789
NORFLOXACIN,-0.07700694299899996,0.699184825434876,0.9989488049122789
CILOFEXOR,-0.0769884169656769,0.4856597903763117,0.9989488049122789
LUSUTROMBOPAG,-0.07697637404452297,0.5317418329456098,0.9989488049122789
SEMAXANIB,-0.07695699783200005,0.3350259637125709,0.9989488049122789
AZD3988,-0.07685902519475399,0.2221512462126234,0.9989488049122789
ACADESINE,-0.0768297348175,0.8771124864911117,0.9989488049122789
POLYINOSINE,-0.07682945335127539,0.28550712378361287,0.9989488049122789
AMISULPRIDE,-0.07674989043999991,0.3386183463319664,0.9989488049122789
HOMOSALATE,-0.0767385919544,0.6607574611318817,0.9989488049122789
CPI-444,-0.07668168097896841,0.8686903645233097,0.9989488049122789
TC-G-1004,-0.0764039449111385,0.6476521537389621,0.9989488049122789
APR-246,-0.07639773404318789,0.4599543280541615,0.9989488049122789
ACEPROMAZINE,-0.07634365464950002,0.8823186591058013,0.9989488049122789
OZOLINONE,-0.076279451063555,0.4678981027906498,0.9989488049122789
PD-118057,-0.07617836926919073,0.5629779684891021,0.9989488049122789
ZAFIRLUKAST,-0.07614644585915001,0.49246743776591617,0.9989488049122789
DEXNIGULDIPINE,-0.07610539776949998,0.8963783312624174,0.9989488049122789
AMUVATINIB,-0.07605248453765501,0.8639211614693181,0.9989488049122789
S-METHYLCYSTEINE,-0.0759351484315,0.3903514340615978,0.9989488049122789
MM-11253,-0.07590718968146895,0.43593208171537945,0.9989488049122789
ITRACONAZOLE,-0.07588606241445,0.7103888846616615,0.9989488049122789
2-CHLOROPYRAZINE,-0.07582800873845,0.5516175931815249,0.9989488049122789
PENTOLINIUM,-0.07566772001130001,0.5157992945917711,0.9989488049122789
FK-962,-0.07562987244050001,0.9473848301654796,0.9989488049122789
VORICONAZOLE,-0.07560570753000001,0.7874674242029149,0.9989488049122789
LINCOMYCIN,-0.075581918684,0.5970270839661096,0.9989488049122789
LAFUTIDINE,-0.07556346779099998,0.6194479070138306,0.9989488049122789
DANEGAPTIDE,-0.07554472517230001,0.6071439278853321,0.9989488049122789
NEURODAZINE,-0.07537797014402335,0.48403878801733224,0.9989488049122789
AH11110,-0.07525789138765,0.3310596790312582,0.9989488049122789
SUCRALOSE,-0.0751929737715,0.7121225449880872,0.9989488049122789
RGX-104,-0.07516853300478075,0.2809496696542433,0.9989488049122789
3-(4-METHYLBENZYLIDENE)CAMPHOR,-0.07514635192595,0.7612131625378731,0.9989488049122789
LEVONORGESTREL,-0.07511787159649999,0.6239369718541323,0.9989488049122789
TEZACAFTOR,-0.07511672210050002,0.4952223402647773,0.9989488049122789
PHENYLPIRACETAM,-0.0748565098494,0.539841311917282,0.9989488049122789
NGP555,-0.07479972677406765,0.3390753919716045,0.9989488049122789
MONASTROL,-0.07477168109600008,0.8026366500754581,0.9989488049122789
BRD9876,-0.07470532852575096,0.7479477414312314,0.9989488049122789
TASQUINIMOD,-0.0746442673567,0.6036691286156983,0.9989488049122789
SULFANILAMIDE,-0.07441829116499987,0.4303096352549627,0.9989488049122789
TOPIRAMATE,-0.0743097981028,0.5324052547624791,0.9989488049122789
REPARIXIN,-0.07428022250449999,0.5422951877237123,0.9989488049122789
BTB1,-0.07424069529009146,0.47969387556073506,0.9989488049122789
ALTANSERIN,-0.07421780086500002,0.7495262952952877,0.9989488049122789
IMEXON,-0.07412715480600005,0.8129505488044632,0.9989488049122789
EBROTIDINE,-0.07403162559401547,0.2746999061424048,0.9989488049122789
CHLORPHENAMINE,-0.07402796784835,0.6446844087435051,0.9989488049122789
PF-750,-0.07402102268124094,0.6631246656220664,0.9989488049122789
ML-277,-0.07398130560043276,0.42652951730448263,0.9989488049122789
PROLYLLEUCYLGLYCINAMIDE,-0.07392412393855001,0.254432244609314,0.9989488049122789
"2-ETHYL-1,3-HEXANEDIOL",-0.0738920719906,0.9387971929038754,0.9989488049122789
MSDC-0160,-0.07389021676369756,0.7300791088840405,0.9989488049122789
GNTI,-0.0738342761059707,0.9090344083657707,0.9989488049122789
L-670596,-0.0738182792839,0.8248027097215431,0.9989488049122789
17-ALPHA-METHYLTESTOSTERONE,-0.073753255017755,0.49994472190673045,0.9989488049122789
REMETINOSTAT,-0.07374713792079239,0.8013678042649459,0.9989488049122789
2-OLEOYLGLYCEROL,-0.07374435291853293,0.08051859953813018,0.9989488049122789
NIFENAZONE,-0.07373799375835,0.3202621080732371,0.9989488049122789
BENSERAZIDE,-0.07371338326100002,0.5971963120883523,0.9989488049122789
TALAPORFIN,-0.07367249066349146,0.7192987569043678,0.9989488049122789
BENZOCAINE,-0.07358800138305,0.9773598521388447,0.9989488049122789
N-[2-(PIPERIDINYLAMINO)ETHYL]-4-IODOBENZAMIDE,-0.0735083228258,0.7696884336790062,0.9989488049122789
AZELNIDIPINE,-0.07350358157615,0.23253820916287626,0.9989488049122789
SPIRADOLINE,-0.0734787671835,0.5680166062874257,0.9989488049122789
SUMATRIPTAN,-0.07347031759645,0.1869603460057646,0.9989488049122789
CIS-ACPD,-0.0734058613973,0.2625127937229763,0.9989488049122789
L-694247,-0.0733032056477287,0.7696884336790062,0.9989488049122789
N-ACETYLGLYCYL-D-GLUTAMIC-ACID,-0.0733001121683,0.9777915120820623,0.9989488049122789
AMN-082,-0.0732602416051775,0.8471093666021025,0.9989488049122789
METHARBITAL,-0.0732516982915,0.9008006049578108,0.9989488049122789
ROFLUMILAST,-0.07324426815239998,0.97151744141097,0.9989488049122789
R547,-0.07324339458499995,0.7013655201167512,0.9989488049122789
N-ACETYLCARNOSINE,-0.07304889932735001,0.9829081410360564,0.9989488049122789
BRL-26314,-0.07299977786220851,0.6446589707393988,0.9989488049122789
GSK2193874,-0.07289679971593849,0.5873234887748717,0.9989488049122789
PROXYMETACAINE,-0.07268110684994998,0.43395181084012413,0.9989488049122789
STF-62247,-0.07263679924650002,0.9601325488242769,0.9989488049122789
BUPROPION,-0.0725399864505,0.629490964721166,0.9989488049122789
TICAGRELOR,-0.07253980474799998,0.9484197848026121,0.9989488049122789
FUTIBATINIB,-0.0723584243284326,0.7409130628627636,0.9989488049122789
PS178990,-0.07232976130365,0.9544430046734634,0.9989488049122789
CEFMENOXIME,-0.07230316547349999,0.390635449627485,0.9989488049122789
FLINDOKALNER,-0.07219591935950001,0.3336753331435739,0.9989488049122789
MJ-15,-0.07200049545245382,0.4795897618650552,0.9989488049122789
TOMIVOSERTIB,-0.0719051344616046,0.2501160011309066,0.9989488049122789
CF102,-0.07186936918699999,0.6045160213447127,0.9989488049122789
CEFUROXIME,-0.07180378806179999,0.6655186812814062,0.9989488049122789
NBI-27914,-0.07179849761676,0.5093742512551451,0.9989488049122789
CILNIDIPINE,-0.07158111822025,0.2967175263220604,0.9989488049122789
GANGLIOSIDE-GM1,-0.07146943117115001,0.19032682276263613,0.9989488049122789
PIRICAPIRON,-0.07144868615715501,0.7070578605220976,0.9989488049122789
ABX-1431,-0.07139130117335649,0.8471093666021025,0.9989488049122789
HOKU-81,-0.0713908306831845,0.9198434498158345,0.9989488049122789
FANTOFARONE,-0.07132583955224597,0.6021608623118206,0.9989488049122789
ELAFIBRANOR,-0.07129445391055,0.618061070515114,0.9989488049122789
"L-655,708",-0.07121875682945,0.9430711671012776,0.9989488049122789
SHA-68,-0.07116287433690936,0.25074492932100045,0.9989488049122789
CPP,-0.071134571146,0.6705060869916941,0.9989488049122789
DIETHYLTOLUAMIDE,-0.07112735358109999,0.14817983121638476,0.9989488049122789
NAVITOCLAX,-0.07109935320499994,0.5800483511592593,0.9989488049122789
TYRPHOSTIN-AG-99,-0.071079015671,0.7587942519514004,0.9989488049122789
SULISOBENZONE,-0.07102924127250002,0.8490544709812577,0.9989488049122789
8-HYDROXY-PIPAT,-0.07091598962149995,0.6997811359555655,0.9989488049122789
DIFLUNISAL,-0.07089792447215,0.7671834219558633,0.9989488049122789
FLUTRIMAZOLE,-0.07068959050749996,0.8920745137740237,0.9989488049122789
RO-25-6981,-0.07068135480394999,0.814886411745666,0.9989488049122789
DIFLOXACIN,-0.07059142930175,0.6755153340326061,0.9989488049122789
R-59022,-0.07049675415449996,0.966045474760008,0.9989488049122789
SBE-13,-0.0704944166144694,0.3077124742204054,0.9989488049122789
S-SULFO-L-CYSTEINE,-0.07046178344375,0.3095913148820554,0.9989488049122789
ROPIVACAINE,-0.0704369168936,0.47778842934700405,0.9989488049122789
CARBINOXAMINE,-0.07041855887855,0.6167341522269928,0.9989488049122789
RO-08-2750,-0.07024264366425001,0.5799956930298551,0.9989488049122789
AFN-1252,-0.07022939586550002,0.10542819519787122,0.9989488049122789
SCOPOLAMINE,-0.0700590839809,0.9500571059525382,0.9989488049122789
AZTREONAM,-0.06995027267399989,0.8178653716216279,0.9989488049122789
ADX-47273,-0.06968886774300001,0.3215276562045333,0.9989488049122789
AMPALEX,-0.06960727704394999,0.9090344083657707,0.9989488049122789
BMS-191011,-0.06960332640049999,0.412277910504125,0.9989488049122789
SULFANITRAN,-0.069295274658,0.2563078469082827,0.9989488049122789
TRANYLCYPROMINE,-0.06915928696075002,0.4197027619852467,0.9989488049122789
SODIUM-ASCORBATE,-0.0691482745678251,0.7317717128266401,0.9989488049122789
FOSFLUCONAZOLE,-0.06908619738254904,0.8970549049939832,0.9989488049122789
PALMATINE-CHLORIDE,-0.068903847393,0.28409958308972516,0.9989488049122789
PRALATREXATE,-0.06890022681550012,0.7861146588782562,0.9989488049122789
NIACIN,-0.068873692292,0.4115236408291165,0.9989488049122789
ALDA-1,-0.06884552375696235,0.2818127634921921,0.9989488049122789
XBD173,-0.06883086554140001,0.823936445391891,0.9989488049122789
ETORICOXIB,-0.06875650092464998,0.7067367116924476,0.9989488049122789
TIFENAZOXIDE,-0.06863243996750018,0.4278179513117867,0.9989488049122789
DENOPAMINE,-0.06851562464433211,0.5317418329456098,0.9989488049122789
DESOXYCORTONE,-0.06845252954449998,0.88930077330822,0.9989488049122789
SUCROSE-OCTAACETATE,-0.06840057190905,0.5973699555768495,0.9989488049122789
CYCLOVIROBUXIN-D,-0.06833884386299999,0.6877025071395109,0.9989488049122789
LEFLUNOMIDE,-0.06833519686344999,0.5578285691197218,0.9989488049122789
DAROLUTAMIDE,-0.06823278575270002,0.4793373092927381,0.9989488049122789
RAMELTEON,-0.0682138860265,0.9833426929213817,0.9989488049122789
4-P-PDOT,-0.06807287974085,0.966045474760008,0.9989488049122789
ETHACRIDINE-LACTATE-MONOHYDRATE,-0.06803986401399997,0.5009668887286944,0.9989488049122789
EPROSARTAN,-0.06801959308750005,0.6227127933572427,0.9989488049122789
CS-110266,-0.06801714424965,0.5848623106932986,0.9989488049122789
ISOPROPAMIDE-IODIDE,-0.06795473639565,0.6518881303411883,0.9989488049122789
"1S,2R-PHENYLPROPANOLAMINE",-0.06786788503800001,0.9595309773174479,0.9989488049122789
AD-5467,-0.06784424544350001,0.9373535434035128,0.9989488049122789
GSK2190915,-0.06777151900492501,0.8874956851488548,0.9989488049122789
TRAZODONE,-0.067709940979995,0.40457794567396266,0.9989488049122789
2-DEOXYGLUCOSE,-0.06732097961600499,0.97151744141097,0.9989488049122789
ACETYLCHOLINE,-0.0673151130795,0.691596998279468,0.9989488049122789
3-CARBOXY-4-HYDROXYPHENYLGLYCINE-(S),-0.06721709295100001,0.6560271641183388,0.9989488049122789
GLUCOSAMINE,-0.06720594799750002,0.6672003695626034,0.9989488049122789
TALC,-0.067147884903,0.6482650401604853,0.9989488049122789
TRAVOPROST,-0.06707088429000002,0.5121047847568203,0.9989488049122789
CGP-53353,-0.06706130120705,0.2561974265312601,0.9989488049122789
TRIMIPRAMINE,-0.06693984376499995,0.3997355302711637,0.9989488049122789
CINCHONIDINE,-0.0668490199855,0.8303668677568236,0.9989488049122789
DIQUAFOSOL,-0.06675571844645581,0.49469993839963966,0.9989488049122789
FLORIFENINE,-0.0667551212227821,0.20073853679837816,0.9989488049122789
JNJ-7777120,-0.0667308441218,0.7018904219823179,0.9989488049122789
BP-897,-0.06668992430199999,0.8415204683786623,0.9989488049122789
BROPIRIMINE,-0.06668843421984999,0.4448131236912376,0.9989488049122789
HJC-0350,-0.06668079855636705,0.4697668014811964,0.9989488049122789
ENDO-IWR-1,-0.06660967052150002,0.796793036102698,0.9989488049122789
IMIDACLOPRID,-0.0665333602784345,0.17837023512274386,0.9989488049122789
NASTORAZEPIDE,-0.0664767120638,0.6484907232620234,0.9989488049122789
LEVOBUNOLOL-(+/-),-0.06629303176200002,0.7827157269035717,0.9989488049122789
ZONIPORIDE,-0.06623409459256754,0.35986581305295073,0.9989488049122789
HEMIN,-0.06623049156783375,0.3914867322040968,0.9989488049122789
AB-423,-0.06620339321654184,0.3805265081912028,0.9989488049122789
TIMOFIBRATE,-0.06619975344135,0.8180812531110764,0.9989488049122789
ROSIGLITAZONE,-0.06607947067800002,0.6845731713812544,0.9989488049122789
1-EBIO,-0.06599280015912,0.8759663022840591,0.9989488049122789
GLYCEROL-PHENYLBUTYRATE,-0.065985951381442,0.6787422368199145,0.9989488049122789
MEFEXAMIDE,-0.06591208210499999,0.5874390955082445,0.9989488049122789
GS-967,-0.0658167100466995,0.2874136047967898,0.9989488049122789
IBUDILAST,-0.06581197952249998,0.9052218074427497,0.9989488049122789
2-IODOMELATONIN,-0.06576059536835001,0.7587942519514004,0.9989488049122789
"CBS,-N-CYCLOHEXYL-2-BENZOTHIAZOLESULFENAMIDE",-0.065757681135,0.7557067319316091,0.9989488049122789
LY450108,-0.06572530286863204,0.5332731445285004,0.9989488049122789
GW-788388,-0.06563606702399993,0.6762636527019983,0.9989488049122789
2'-MECCPA,-0.06562440977186501,0.36757019909731903,0.9989488049122789
CPI-0610,-0.06540253980199975,0.8220653766680791,0.9989488049122789
RG7800,-0.0653780900963793,0.4722689067214858,0.9989488049122789
FLIBANSERIN,-0.06535449751956049,0.6129040031966836,0.9989488049122789
ATENOLOL-(+/-),-0.06525655397639,0.6024009152125811,0.9989488049122789
CHOLIC-ACID,-0.065251343446125,0.48278097944338627,0.9989488049122789
TANAPROGET,-0.06520823136450002,0.6261438007300147,0.9989488049122789
DEAZAGUANINE,-0.06514089773022286,0.8743509695538911,0.9989488049122789
TGX-221,-0.06512313372575,0.6787422368199145,0.9989488049122789
CPCCOET,-0.06508751568769999,0.68591777437028,0.9989488049122789
OFLOXACIN,-0.06505089574299994,0.3034022540895064,0.9989488049122789
METHICILLIN,-0.06499791234744999,0.8490544709812577,0.9989488049122789
TC-I-2000,-0.06498615551770726,0.4998867419672054,0.9989488049122789
RO-28-1675,-0.0649669440968,0.5512022494758281,0.9989488049122789
ACITAZANOLAST,-0.0649350395341,0.9772122103641975,0.9989488049122789
AMINOSALICYLATE,-0.06487335972899999,0.823936445391891,0.9989488049122789
HLCL-61,-0.06475210686831855,0.39108012428089245,0.9989488049122789
MEDORINONE,-0.06474498527550002,0.8592186234362276,0.9989488049122789
ZOPOLRESTAT,-0.06473579488395,0.437023256885954,0.9989488049122789
PX-12,-0.06472228853536,0.796793036102698,0.9989488049122789
WAY-362450,-0.0646989837536,0.6266934509535957,0.9989488049122789
TERODILINE,-0.06469803649700001,0.7581135748514893,0.9989488049122789
SB-366791,-0.06462035757650009,0.6144527298136968,0.9989488049122789
TAUROCHOLATE,-0.0645704443366,0.3412872189781525,0.9989488049122789
BIMU-8,-0.064509323309968,0.8095916644010042,0.9989488049122789
TC-G-1008,-0.06446303590953989,0.8033726891063027,0.9989488049122789
PDE10-IN-1,-0.0644007806218921,0.6820848438163485,0.9989488049122789
TELATINIB,-0.06430842146749999,0.7502126829245079,0.9989488049122789
PRULIFLOXACIN,-0.06430330485695,0.4678981027906498,0.9989488049122789
CPSI-1306-(+/-),-0.064207452897997,0.45509143800922647,0.9989488049122789
ALCURONIUM,-0.0641825607775,0.6261438007300147,0.9989488049122789
MEPTAZINOL,-0.06411523541200004,0.7642355096495574,0.9989488049122789
TCS-3035,-0.06404425953230926,0.6631246656220664,0.9989488049122789
ESAXERENONE,-0.0640112679263129,0.30064046995263116,0.9989488049122789
SR-3677,-0.06397905920047697,0.5533779509908874,0.9989488049122789
MK-2894,-0.0639715673662198,0.06234834695891588,0.9989488049122789
INDALPINE,-0.063807416459776,0.42311875914547104,0.9989488049122789
XE-991,-0.06373846169900005,0.32791514746467154,0.9989488049122789
PROPYLHEXEDRINE,-0.06370324381869,0.2977852800864852,0.9989488049122789
DIETHYLSTILBESTROL,-0.06364005116735,0.6527931850992597,0.9989488049122789
PALOSURAN,-0.06362639093005,0.670635025228635,0.9989488049122789
PRIMA1,-0.06359119045855001,0.7587942519514004,0.9989488049122789
ICATIBANT-ACETATE,-0.06355338212325,0.4678981027906498,0.9989488049122789
NNC-63-0532,-0.063548935484,0.6527931850992597,0.9989488049122789
BEMPEDOIC-ACID,-0.06349981392665,0.6039440630932877,0.9989488049122789
TP-3654,-0.06323682544174802,0.9484197848026121,0.9989488049122789
BMS-207940,-0.06315997637265416,0.9827959351128169,0.9989488049122789
BRL-50481,-0.0631164842675,0.2250520761526532,0.9989488049122789
LOREDIPLON,-0.06309424196075,0.3869191593574731,0.9989488049122789
TCS-HDAC6-20B,-0.063046899555226,0.29642571348804037,0.9989488049122789
XL-147,-0.0630189226641,0.9664796811258469,0.9989488049122789
SODIUM-DANSHENSU,-0.06296079053599998,0.3225999228769567,0.9989488049122789
TRANILAST,-0.06280371637424999,0.6579507592650893,0.9989488049122789
JNJ-42041935,-0.06276914252980156,0.42311875914547104,0.9989488049122789
Y-39983,-0.06268908720799998,0.8665082114238457,0.9989488049122789
LORAZEPAM,-0.06264163077999996,0.4327163225816447,0.9989488049122789
CIS-UROCANIC ACID,-0.06262740243705,0.9766018608276438,0.9989488049122789
SB-205384,-0.0624774702483,0.6539695652900366,0.9989488049122789
YM-58483,-0.062455907569450006,0.19278738117506733,0.9989488049122789
TRYPTOPHAN,-0.062436256926500004,0.308109237316998,0.9989488049122789
7-KETO-DHEA,-0.062352695867699995,0.6546774532205517,0.9989488049122789
BP-554,-0.06234831080509999,0.791426126073881,0.9989488049122789
EPALRESTAT,-0.062337645702204986,0.45895545847965313,0.9989488049122789
SB-200646,-0.06231640020699997,0.6787422368199145,0.9989488049122789
AMG-319,-0.06230061246504999,0.2526868880065536,0.9989488049122789
BMY-14802,-0.06228715202019999,0.3038044338258312,0.9989488049122789
ETOMIDATE,-0.0622649278696,0.5093742512551451,0.9989488049122789
NSC-5844,-0.06222874641183425,0.8220653766680791,0.9989488049122789
5-CARBOXAMIDOTRYPTAMINE,-0.0622278095387,0.5710739443750281,0.9989488049122789
CHLOROCRESOL,-0.06219563318125,0.8435348231325669,0.9989488049122789
AMELTOLIDE,-0.062185921613199996,0.6194479070138306,0.9989488049122789
VAL-TYR,-0.062135079500712245,0.6662681525367062,0.9989488049122789
LETERMOVIR,-0.062103041915699986,0.3333622048604059,0.9989488049122789
OXICONAZOLE,-0.06193964544495001,0.44810369776087666,0.9989488049122789
KB-SRC-4,-0.061693986546673796,0.2746926649435769,0.9989488049122789
PIPERAQUINE-PHOSPHATE,-0.0616632793895,0.37205563715249546,0.9989488049122789
VANOXERINE,-0.06145891376250001,0.5391300407438244,0.9989488049122789
TAFLUPROST,-0.06126561298439551,0.46785089872571595,0.9989488049122789
"1,4-BUTANEDIOL",-0.0612596330375182,0.7971191126722499,0.9989488049122789
MDL-73005EF,-0.0612264791304,0.9603907060289611,0.9989488049122789
BARNIDIPINE,-0.06121340151730001,0.9203645704062895,0.9989488049122789
LANATOSIDE-C,-0.06116522804499969,0.8991695202099733,0.9989488049122789
SAVOLITINIB,-0.06113143873149493,0.8192473406664559,0.9989488049122789
BUCLIZINE,-0.06103671058495,0.6759878582977128,0.9989488049122789
AVATROMBOPAG,-0.06100005480491,0.5294981483048331,0.9989488049122789
MEGLUMINE,-0.06099971728249998,0.8934560283279707,0.9989488049122789
PICONOL,-0.060935516879550004,0.22439268845189453,0.9989488049122789
ANANDAMIDE,-0.0608915856622,0.942319949733032,0.9989488049122789
ESTRADIOL-3-O-SULFAMATE,-0.06088937754549539,0.7246821099196428,0.9989488049122789
TIDEGLUSIB,-0.06088098975199996,0.8389429711734826,0.9989488049122789
ETOFENAMATE,-0.06073117173000003,0.45768288310890703,0.9989488049122789
AM-630,-0.06066053159349999,0.390635449627485,0.9989488049122789
LUCANTHONE,-0.06059205712306698,0.7737165503290819,0.9989488049122789
BETAXOLOL,-0.06050835364400001,0.9773598521388447,0.9989488049122789
CHLOROQUINE,-0.060502606771,0.629490964721166,0.9989488049122789
ASARALDEHYDE,-0.06042026279775002,0.5243086293018286,0.9989488049122789
BEDAQUILINE,-0.06037021396350001,0.3139895454766374,0.9989488049122789
CLEMIZOLE,-0.06032116079495001,0.7227860093840852,0.9989488049122789
KAINIC-ACID,-0.06029762893457,0.5265311542559122,0.9989488049122789
DIPERODON,-0.06027308684640001,0.9321524128670416,0.9989488049122789
FLOCTAFENINE,-0.060153367207055,0.9124210043205884,0.9989488049122789
FENTICONAZOLE,-0.06013240352595,0.8026366500754581,0.9989488049122789
OLEUROPEIN,-0.06010663023865,0.4552645423881265,0.9989488049122789
FLEROXACIN,-0.060088839517699985,0.44056951662469823,0.9989488049122789
AGN-192403,-0.05994530669249998,0.7387919408345711,0.9989488049122789
TOLFENAMIC-ACID,-0.05991344668999998,0.9826822453573305,0.9989488049122789
TARTARIC-ACID,-0.0597426941713439,0.7587942519514004,0.9989488049122789
FPS-ZM1,-0.05969414217403002,0.5122219347348644,0.9989488049122789
GLYBURIDE,-0.05961189425419999,0.8105872503364194,0.9989488049122789
BUTENAFINE,-0.059522395541449995,0.9135741298622372,0.9989488049122789
PRAVADOLINE,-0.059509150750414797,0.3397022133846198,0.9989488049122789
BMS-470539,-0.05950765912097876,0.9146973227401848,0.9989488049122789
MEPHENESIN,-0.0595056469607,0.6280442650050154,0.9989488049122789
TC-OT-39,-0.059375677265250004,0.33514050106345383,0.9989488049122789
FELBINAC,-0.0593680805455,0.44776944106855066,0.9989488049122789
NATAMYCIN,-0.059324800160499985,0.48149121994726085,0.9989488049122789
BETA-FUNALTREXAMINE,-0.05927696210795001,0.3453727524661586,0.9989488049122789
DIFENPIRAMIDE,-0.059199854696299986,0.3632381714237739,0.9989488049122789
4-PPBP,-0.059197140402349996,0.45647647894196197,0.9989488049122789
ALGESTONE-ACETOPHENIDE,-0.059169315161500036,0.6016989613385968,0.9989488049122789
TALNIFLUMATE,-0.059098067971000035,0.4964218619872083,0.9989488049122789
LEVALBUTEROL,-0.05902354070200001,0.46785089872571595,0.9989488049122789
GINSENOSIDE-RE3,-0.05887238500450001,0.5091185003602807,0.9989488049122789
TRANS-2-UNDECENOIC-ACID,-0.05886867397235001,0.8963783312624174,0.9989488049122789
PIFITHRIN-CYCLIC,-0.058839641452158586,0.26424460139842476,0.9989488049122789
DEHYDROEPIANDROSTERONE-SULFATE,-0.05883163489045,0.5768202106722609,0.9989488049122789
S-14506,-0.05881966371450001,0.6272575855382218,0.9989488049122789
FEBUXOSTAT,-0.058584286870987504,0.9487557811181019,0.9989488049122789
LB-100,-0.05855932773634999,0.4303096352549627,0.9989488049122789
WAY-629,-0.058531309163838974,0.7971191126722499,0.9989488049122789
ALTRETAMINE,-0.058485985356500014,0.313715965820752,0.9989488049122789
S-38093,-0.05846799380314475,0.9770626293419096,0.9989488049122789
BTS,-0.05832823782700003,0.19865728332035304,0.9989488049122789
IEM1754,-0.05830847317099999,0.7829237691419296,0.9989488049122789
MANNITOL-D,-0.058277357026349993,0.6787422368199145,0.9989488049122789
BS-181,-0.05825582861019998,0.8203986964559381,0.9989488049122789
AMEZINIUM,-0.058244586724656516,0.7956998320699002,0.9989488049122789
TRANS-4-HYDROXYCROTONIC-ACID,-0.05823959568600007,0.45068862081307015,0.9989488049122789
MELUADRINE,-0.0582215582332,0.8815616125082277,0.9989488049122789
DECERNOTINIB,-0.05816503223238248,0.7097497819481023,0.9989488049122789
FURAGIN,-0.058158531106772146,0.26835423274740233,0.9989488049122789
CLOBENPROPIT,-0.05812383391505,0.8359395444957827,0.9989488049122789
CERULENIN,-0.05806983430599999,0.8192473406664559,0.9989488049122789
MALIC-ACID,-0.058037634881699995,0.30099830262235894,0.9989488049122789
DEOXYCHOLIC-ACID,-0.0579920392276,0.9218880940860068,0.9989488049122789
SULFAMETHOXAZOLE,-0.057806313249499974,0.3412872189781525,0.9989488049122789
GADODIAMIDE,-0.05777625527065,0.616314452716022,0.9989488049122789
PD-81723,-0.057729789731012005,0.6631246656220664,0.9989488049122789
SR-95639A,-0.057511885507165,0.9385887530535297,0.9989488049122789
ISOXSUPRINE,-0.05742957249349995,0.5680166062874257,0.9989488049122789
"7,8,9,10-TETRAHYDROAZEPINO[2,1-B]QUINAZOLIN-12(6H)-ONE",-0.057421835974937,0.604575090257194,0.9989488049122789
TANDUTINIB,-0.0573396946456,0.31032029493434676,0.9989488049122789
NISOLDIPINE,-0.05733025745774456,0.6997811359555655,0.9989488049122789
LY2979165,-0.057293163237078254,0.37345260546552506,0.9989488049122789
ISBUFYLLINE,-0.057135436859999944,0.46492580600974065,0.9989488049122789
NS-5806,-0.05709041287643504,0.6683146912205774,0.9989488049122789
ACETYL-11-KETO-BETA-BOSWELLIC-ACID,-0.057058841331549995,0.7874674242029149,0.9989488049122789
PICEATANNOL,-0.05703764833949998,0.296523440915913,0.9989488049122789
SB-222200,-0.0569908088635,0.4279788779081364,0.9989488049122789
GANT-58,-0.05692560764428202,0.4599543280541615,0.9989488049122789
DBPR108,-0.05690986365378753,0.8523694154300252,0.9989488049122789
AP1903,-0.056826918244000005,0.760309388038992,0.9989488049122789
BMY-45778,-0.056782386761,0.8885971635296221,0.9989488049122789
LISURIDE,-0.056775741837199994,0.7139533403634004,0.9989488049122789
(R)-(-)-ROLIPRAM,-0.05675893407834999,0.5726576197324607,0.9989488049122789
BADGE,-0.056723560092650005,0.5775268940629252,0.9989488049122789
CILENGITIDE,-0.056685801494999966,0.8117762496924243,0.9989488049122789
2-PYRIDYLETHYLAMINE,-0.056628946856499995,0.4782796877588602,0.9989488049122789
O6-BENZYLGUANINE,-0.05660444710505,0.43097870919435965,0.9989488049122789
SULFAPYRIDINE,-0.0565115810048,0.45494174598068216,0.9989488049122789
2'-C-METHYLGUANOSINE,-0.05643011686993249,0.6879872080279907,0.9989488049122789
PIPERAZINEDIONE,-0.05638068914939999,0.30464192203661,0.9989488049122789
PAROMOMYCIN,-0.05630802597305,0.3367842120247876,0.9989488049122789
SILIBININ,-0.056306248886,0.6122656316758441,0.9989488049122789
PK-44,-0.05624868061281116,0.97151744141097,0.9989488049122789
FENDILINE,-0.05623050508200006,0.9790523225860812,0.9989488049122789
PARGYLINE,-0.056212945875999995,0.8300180726650184,0.9989488049122789
AMBAZONE,-0.05611466518915001,0.49083225328778957,0.9989488049122789
CEFACLOR,-0.0561080853333,0.5680166062874257,0.9989488049122789
ALTHIAZIDE,-0.056090540079499956,0.4216312527726064,0.9989488049122789
PP-2,-0.056036115439150005,0.9193154713255469,0.9989488049122789
MN-64,-0.056017217513413986,0.5601884325713066,0.9989488049122789
AEE788,-0.056014012940999995,0.549497788301068,0.9989488049122789
PRIDINOL,-0.055985164168305,0.8934560283279707,0.9989488049122789
GW-6471,-0.055881180457139995,0.4035470192370755,0.9989488049122789
GP1A,-0.0558618956295,0.8404938375767992,0.9989488049122789
ETHAMIVAN,-0.055858225671999995,0.8814974521910136,0.9989488049122789
IMAZODAN,-0.055820668616931995,0.7246821099196428,0.9989488049122789
HYDROXYSTILBAMIDINE,-0.05578346113535,0.9596060033357289,0.9989488049122789
ASUNAPREVIR,-0.05575828833212499,0.7971191126722499,0.9989488049122789
3'-FLUOROBENZYLSPIPERONE,-0.05575487326049999,0.8759663022840591,0.9989488049122789
FENTIAZAC,-0.055598915866049994,0.9107729673478347,0.9989488049122789
UK-5099,-0.05545452788928351,0.7971191126722499,0.9989488049122789
MK-7622,-0.0554081851568739,0.713929292761325,0.9989488049122789
4-IODO-L-PHENYLALANINE,-0.05517371606605,0.8314496597452443,0.9989488049122789
L-365260,-0.055115693912499986,0.2526868880065536,0.9989488049122789
ZALDARIDE,-0.055053084381949995,0.966045474760008,0.9989488049122789
OXPRENOLOL,-0.054994873506000005,0.5863658657781197,0.9989488049122789
ESTRADIOL-CYPIONATE,-0.05491400461449997,0.7769964877929196,0.9989488049122789
NIZATIDINE,-0.0548688236028,0.21597908738263127,0.9989488049122789
NELFINAVIR,-0.054771562611650004,0.8639211614693181,0.9989488049122789
CNQX,-0.05474440093349997,0.9317109214183749,0.9989488049122789
FINAFLOXACIN,-0.054604351664999995,0.4751631396797642,0.9989488049122789
CYPROTERONE-ACETATE,-0.054584817340999986,0.5284604948779319,0.9989488049122789
JNJ-37822681,-0.054545213465350004,0.9061510111134489,0.9989488049122789
FPL-12495,-0.05454423079878701,0.8082114526869713,0.9989488049122789
FTORAFUR,-0.054513479055750005,0.8592186234362276,0.9989488049122789
ATPA,-0.05444925126400002,0.8480881099660633,0.9989488049122789
RWJ-67657,-0.0544048907797679,0.9483897156239149,0.9989488049122789
NITROFLURBIPROFEN,-0.05440120385683425,0.5922504606343233,0.9989488049122789
CHLORPHENOXAMINE,-0.05432181949031465,0.4291356979641656,0.9989488049122789
CGP-57380,-0.05427657885499998,0.8480881099660633,0.9989488049122789
PROXYFAN,-0.054239839089950004,0.70507784294566,0.9989488049122789
CHLOROXOQUINOLINE,-0.05410943909450003,0.8621402759721565,0.9989488049122789
ACOZIBOROLE,-0.054019328286696006,0.6222023439882295,0.9989488049122789
SUMANIROLE,-0.053748200675355004,0.5823696629652255,0.9989488049122789
CGS-9896,-0.053705601019882504,0.8660585839472803,0.9989488049122789
CS-917,-0.05368774329199999,0.8751638427173556,0.9989488049122789
SIB-1553A,-0.053515884761500015,0.6599795898660183,0.9989488049122789
8-BROMO-CAMP,-0.05351575958559998,0.9377943875267072,0.9989488049122789
TBOA-(DL),-0.053351333526552004,0.2163386199044347,0.9989488049122789
L-NAME,-0.0533486512953,0.72094001225817,0.9989488049122789
BU226,-0.05310856626900001,0.9490874285704407,0.9989488049122789
OPROZOMIB,-0.053108271305000176,0.48403878801733224,0.9989488049122789
TEGOBUVIR,-0.05310275842455,0.7765711177267853,0.9989488049122789
ADENINE,-0.053089301159185004,0.7157140283400826,0.9989488049122789
FELBAMATE,-0.053081771623,0.8435348231325669,0.9989488049122789
NSP-805,-0.05295333221239776,0.5652684144243219,0.9989488049122789
PRIRALFINAMIDE,-0.05291528909263,0.8075024740783546,0.9989488049122789
NIKETHAMIDE,-0.052844276203865,0.88930077330822,0.9989488049122789
SULBENTINE,-0.052820374076,0.507095642280284,0.9989488049122789
4-PHENOLSULFONIC-ACID,-0.05280251327050001,0.8056786461992804,0.9989488049122789
ASIMADOLINE,-0.0526534452446598,0.2501160011309066,0.9989488049122789
BRL-37344,-0.05262563184500001,0.9547379293906513,0.9989488049122789
NALFURAFINE,-0.0525426571759,0.5874091467641365,0.9989488049122789
PLECONARIL,-0.05253282484235,0.6388761070405866,0.9989488049122789
MIGLUSTAT,-0.052459018538,0.5212201505924923,0.9989488049122789
PHENOTHRIN,-0.052408021664250015,0.8807947935435065,0.9989488049122789
PYRIMETHAMINE,-0.05240762963963,0.9434394869504068,0.9989488049122789
PX-478,-0.05234744109822544,0.6446589707393988,0.9989488049122789
DEBRISOQUIN,-0.052345894178945,0.2682136409095264,0.9989488049122789
PD-123319,-0.052287570244999915,0.9608971165190435,0.9989488049122789
BALOXAVIR,-0.05224177680218012,0.7354895088468657,0.9989488049122789
ANDROSTERONE,-0.05219401737250001,0.2206266531938188,0.9989488049122789
CENTPROPAZINE,-0.051923998595160004,0.8728279891245058,0.9989488049122789
ORNIDAZOLE,-0.05188213184250001,0.7647444002515483,0.9989488049122789
SY-640,-0.0518560866176585,0.9084397583825714,0.9989488049122789
MK-886,-0.05179528319234955,0.3538008702832398,0.9989488049122789
ALAGEBRIUM,-0.051741600888405,0.3897962087518906,0.9989488049122789
NANDROLONE,-0.051663294051999986,0.4606956275062052,0.9989488049122789
SERATRODAST,-0.05154765646084131,0.28409958308972516,0.9989488049122789
SIRREAL-2,-0.05134090146091001,0.9041057558839958,0.9989488049122789
TALAROZOLE,-0.05131591702049998,0.9033761125172047,0.9989488049122789
SOLCITINIB,-0.051246648809294526,0.4172462838726496,0.9989488049122789
ZOLIMIDINE,-0.05124108527349999,0.8545556564126758,0.9989488049122789
TROLEANDOMYCIN,-0.05120892927825,0.9050717819787818,0.9989488049122789
DINITOLMIDE,-0.05116789774414998,0.5166520501749798,0.9989488049122789
EMRICASAN,-0.0510611870661511,0.4166566325729606,0.9989488049122789
AZ505,-0.050996816503908804,0.4998867419672054,0.9989488049122789
MARAVIROC,-0.050990506576999994,0.5767325295495889,0.9989488049122789
TACROLIMUS,-0.05079134498679999,0.8117762496924243,0.9989488049122789
SCMC-LYS,-0.05072427405300001,0.9316135904269293,0.9989488049122789
PIRFENIDONE,-0.050659120886,0.4398188549797565,0.9989488049122789
CEPHALOTHIN,-0.05051974029800002,0.9438030724693113,0.9989488049122789
NICERITROL,-0.050359467563635005,0.6652988577174523,0.9989488049122789
BD-1008,-0.05029311047476,0.6071439278853321,0.9989488049122789
THIODIGLYCOL,-0.05028325819445002,0.6518881303411883,0.9989488049122789
IOX2,-0.050222130201999976,0.823767090297954,0.9989488049122789
GW-1929,-0.0500814568621,0.2232604360718622,0.9989488049122789
7-METHYLXANTHINE,-0.050046895884425,0.6129040031966836,0.9989488049122789
BENZNIDAZOLE,-0.05003560785600003,0.9653726479590494,0.9989488049122789
VERNAKALANT,-0.04960244767569999,0.5246273820177696,0.9989488049122789
INDIBULIN,-0.049525259429999746,0.5219973675924174,0.9989488049122789
STREPTOZOTOCIN,-0.04949211174549997,0.7996758352629703,0.9989488049122789
CHINIOFON,-0.0494314352076,0.8463383143662659,0.9989488049122789
CRESOPIRINE,-0.049398874893500005,0.9050717819787818,0.9989488049122789
Q-203,-0.04936986742633451,0.5386034728772422,0.9989488049122789
THEAFLAVIN,-0.049274732786194486,0.8800180123822792,0.9989488049122789
METENKEPHALIN,-0.049251927913799995,0.33376970427423247,0.9989488049122789
BICTEGRAVIR,-0.049154144397113256,0.3247491255114503,0.9989488049122789
BALAPIRAVIR,-0.04914507448529,0.1834152349932261,0.9989488049122789
A-438079,-0.049032772601591,0.9090344083657707,0.9989488049122789
ARTEMISININ,-0.04896738060243,0.7806282644628137,0.9989488049122789
SOLITHROMYCIN,-0.048668641035550006,0.7651942649815131,0.9989488049122789
ROTUNDINE,-0.048431825348515,0.6845731713812544,0.9989488049122789
10-HYDROXYCAMPTOTHECIN,-0.0484236201399999,0.9603755698843486,0.9989488049122789
FAGOMINE,-0.048380396654200006,0.6541530150924372,0.9989488049122789
SM-108,-0.048324862907,0.4847516756441288,0.9989488049122789
DMPS,-0.0483065819232017,0.5020565969989815,0.9989488049122789
TROGLITAZONE,-0.04825356344249998,0.6735206208010739,0.9989488049122789
ADX-10059,-0.04822698975106399,0.705807421634917,0.9989488049122789
PRACTOLOL,-0.048082192277050004,0.38896875834615763,0.9989488049122789
DROSPIRENONE,-0.0480420150589,0.8672810146583287,0.9989488049122789
DY131,-0.04783174536439999,0.5995748597244577,0.9989488049122789
ARAMCHOL,-0.04776564639801399,0.8856912072112384,0.9989488049122789
PF-04937319,-0.04771924897115001,0.22634079342614988,0.9989488049122789
BNC105,-0.04765852391149994,0.9707546842762633,0.9989488049122789
BENTIROMIDE,-0.04764496305749999,0.6892316467364797,0.9989488049122789
RS-67333,-0.0474675526548,0.9434394869504068,0.9989488049122789
MDL-72832,-0.047457828481499986,0.7435966148685866,0.9989488049122789
PRAMIPEXOLE,-0.04745154019600001,0.49133226826010623,0.9989488049122789
GADOTERATE-MEGLUMINE,-0.047435604728200007,0.8544430314644172,0.9989488049122789
NGD-94-1,-0.04738759079221487,0.8778214112214092,0.9989488049122789
BLZ945,-0.047345429001308906,0.7517986355000709,0.9989488049122789
AZD1446,-0.0472734776784,0.8660765258340379,0.9989488049122789
ESLICARBAZEPINE-ACETATE,-0.047262820556899995,0.4520244822151074,0.9989488049122789
NS-8593,-0.0471912218527777,0.5576614417728796,0.9989488049122789
FLURALANER,-0.04715714082324049,0.7847447761334778,0.9989488049122789
VTP-27999,-0.046911039584,0.6934130196784436,0.9989488049122789
TAK-779,-0.046839422793097885,0.7696884336790062,0.9989488049122789
KINETIN,-0.046791633789499965,0.520195642524535,0.9989488049122789
PF-04217903,-0.04674023694649998,0.6692026877339781,0.9989488049122789
LY2801653,-0.046721881575499946,0.6527931850992597,0.9989488049122789
METHENAMINE,-0.0465791730927,0.7013655201167512,0.9989488049122789
FUSIDIC-ACID,-0.04657815828145001,0.68591777437028,0.9989488049122789
FEXOFENADINE,-0.04657153319849999,0.3851244974101491,0.9989488049122789
ETHANOLAMINE-OLEATE,-0.04653845543900059,0.6476521537389621,0.9989488049122789
CLOFOCTOL,-0.04651026197765,0.97151744141097,0.9989488049122789
EPIGALLOCATECHIN-GALLATE-(-),-0.04635196564256645,0.7339863425365314,0.9989488049122789
CONIVAPTAN,-0.0462658914766,0.6537226267267809,0.9989488049122789
HYODEOXYCHOLIC-ACID,-0.046243419213649994,0.6300966369542226,0.9989488049122789
GSK256066,-0.04623479421349996,0.8281593173255101,0.9989488049122789
CACCINH-A01,-0.045987155515727296,0.8977227197251831,0.9989488049122789
SANT-2,-0.045981354985900016,0.3867313352419762,0.9989488049122789
KPT-276,-0.045961542419999724,0.9208789657138557,0.9989488049122789
XL888,-0.04588710073999991,0.9039992655707146,0.9989488049122789
SR-1664,-0.0458369196723743,0.41152147697070995,0.9989488049122789
SKF-38393,-0.04582893488249999,0.35636254458116445,0.9989488049122789
CINALUKAST,-0.045644428276199994,0.8743509695538911,0.9989488049122789
HONOKIOL,-0.04554980345000004,0.791426126073881,0.9989488049122789
CHLORPHENESIN,-0.045494906285,0.291032533885935,0.9989488049122789
TPPS4,-0.04548938319170001,0.2937070927793982,0.9989488049122789
DELAVIRDINE,-0.0451282754625,0.5823696629652255,0.9989488049122789
SULFISOMIDIN,-0.04507152886246506,0.6610504693009125,0.9989488049122789
VARDENAFIL,-0.04504257612849999,0.8948027028404765,0.9989488049122789
T-807,-0.04495455447999047,0.8686903645233097,0.9989488049122789
PGL5001,-0.044928637850900004,0.8129505488044632,0.9989488049122789
AC-264613,-0.044925119914400014,0.7371508960182673,0.9989488049122789
ABT-737,-0.04487019069695,0.7122388317924814,0.9989488049122789
EPRODISATE,-0.044853421526699994,0.3749631334120298,0.9989488049122789
VU1545,-0.0448531953286609,0.9295989957094093,0.9989488049122789
NAPIRIMUS,-0.044836322925955095,0.5174438094983381,0.9989488049122789
VALROCEMIDE,-0.044793468072200006,0.6493926767425137,0.9989488049122789
IBERDOMIDE,-0.044784824155381,0.7572601505606869,0.9989488049122789
BRL-44408,-0.0447824702928115,0.32791514746467154,0.9989488049122789
ALPHA-TOCHOPHERYL-ACETATE,-0.0445286890021935,0.4294825955256806,0.9989488049122789
BHQ,-0.04450976442266355,0.4533699001000937,0.9989488049122789
TC-S-7009,-0.04446789106562801,0.9807766046905697,0.9989488049122789
ETAMSYLATE,-0.044384060183650015,0.6906680223515647,0.9989488049122789
LACTULOSE,-0.04436206077549998,0.5304183235371747,0.9989488049122789
CID-16020046,-0.044317883402735896,0.8913944484774529,0.9989488049122789
A12B4C3,-0.04423781892347309,0.7425429871012064,0.9989488049122789
BEVIRIMAT-DIMEGLUMINE,-0.044220881550500024,0.7901228542368173,0.9989488049122789
DIAZOOXONORLEUCINE,-0.04416745056399998,0.6535232774371162,0.9989488049122789
YM-90709,-0.044064092728102994,0.5317418329456098,0.9989488049122789
SJG-136,-0.04388682061570104,0.7682193652763997,0.9989488049122789
GLIPIZIDE,-0.04381745313199999,0.9782023483888846,0.9989488049122789
AS-2034178,-0.04375833852446648,0.6355898124912291,0.9989488049122789
EDONERPIC-MALEATE,-0.0437119984141619,0.43634921643700886,0.9989488049122789
FURSULTIAMINE,-0.043693541012000015,0.7647444002515483,0.9989488049122789
DABIGATRAN-ETEXILATE,-0.0436066260784,0.6560271641183388,0.9989488049122789
FLUTICASONE-PROPIONATE,-0.04358913962855,0.5486082086949211,0.9989488049122789
EF5,-0.0435682722442235,0.7354895088468657,0.9989488049122789
H-89,-0.04354280837494999,0.7210530391592899,0.9989488049122789
ETHOPABATE,-0.04352324334115,0.8990327424416276,0.9989488049122789
SMER-28,-0.04349859622809556,0.3556672334479899,0.9989488049122789
F-11440,-0.04338002580433499,0.7469802783152417,0.9989488049122789
NPPB,-0.043336706681500026,0.4115236408291165,0.9989488049122789
CQS,-0.04331289340957545,0.9655998678796442,0.9989488049122789
PENTOSTATIN,-0.043286420030555,0.7358995300924331,0.9989488049122789
BMS-566419,-0.04326495934877406,0.7371508960182673,0.9989488049122789
IDH-305,-0.04324084371132135,0.24716795085679888,0.9989488049122789
SEP-227900,-0.04313799333950008,0.8678304499746288,0.9989488049122789
GSK3179106,-0.04313133700607054,0.8236712344062798,0.9989488049122789
L-368899,-0.043110457551,0.9524515354386665,0.9989488049122789
ASP-9521,-0.04291948543739855,0.4418293454310679,0.9989488049122789
BREXPIPRAZOLE,-0.042889921332999986,0.8983819440928359,0.9989488049122789
FUROSEMIDE,-0.042710002229803,0.9544430046734634,0.9989488049122789
DUVELISIB,-0.04270632578875,0.8728279891245058,0.9989488049122789
PHYTOSPHINGOSINE,-0.04270112049149999,0.852705965159096,0.9989488049122789
TC-S-7004,-0.0426976535624631,0.885049037255607,0.9989488049122789
PARECOXIB,-0.042696465706999975,0.49751912975242574,0.9989488049122789
PEMIROLAST,-0.04265614324099998,0.8751638427173556,0.9989488049122789
LY2109761,-0.042636599721500024,0.5215186849570123,0.9989488049122789
ETHACIZIN,-0.042578220868525,0.5930257789820835,0.9989488049122789
CAFFEIC-ACID,-0.04248371416100005,0.603477819032622,0.9989488049122789
VORASIDENIB,-0.04243153373147795,0.7792251078346246,0.9989488049122789
MEPRYLCAINE,-0.042349475044499985,0.5185236381899284,0.9989488049122789
CLOROTEPINE,-0.0420343826733,0.6493926767425137,0.9989488049122789
PRINABEREL,-0.04182192213100003,0.539841311917282,0.9989488049122789
ENOXIMONE,-0.041708813389599995,0.437023256885954,0.9989488049122789
ICI-89406,-0.041689756893,0.6944989943666622,0.9989488049122789
SELEXIPAG,-0.04158242131434999,0.49410787204914797,0.9989488049122789
EXO-1,-0.041543075618,0.2274956824321176,0.9989488049122789
ULIFLOXACIN,-0.04151331137200001,0.981188454490009,0.9989488049122789
NARATRIPTAN,-0.04148686842600002,0.9434394869504068,0.9989488049122789
ZOXAZOLAMINE,-0.04146219775447001,0.6655186812814062,0.9989488049122789
VCH-916,-0.04136921005100003,0.7121818838745413,0.9989488049122789
FORODESINE,-0.041317155296085005,0.7358995300924331,0.9989488049122789
BUPARVAQUONE,-0.041218906845550005,0.7647444002515483,0.9989488049122789
LEVOMEPROMAZINE,-0.0411740970991,0.7435966148685866,0.9989488049122789
CEFTIZOXIM,-0.04113343175153539,0.49751912975242574,0.9989488049122789
M8-B,-0.04108932205531335,0.38364149158644967,0.9989488049122789
AF38469,-0.04103453743067398,0.8523694154300252,0.9989488049122789
SCH-28080,-0.04101646603294,0.4952223402647773,0.9989488049122789
TRICAPRYLIN,-0.04098216217499,0.8580276569875211,0.9989488049122789
RETIGABINE,-0.04095485458949999,0.825919867131353,0.9989488049122789
SC-12267,-0.04085271626140001,0.40457794567396266,0.9989488049122789
RAMIFENAZONE,-0.04076509171000001,0.9222649440004533,0.9989488049122789
O-304,-0.040439395997567004,0.655849204369839,0.9989488049122789
NPC-01,-0.04039964599949997,0.6867425721032003,0.9989488049122789
IT1T,-0.04039468462001097,0.5750307117180741,0.9989488049122789
RACLOPRIDE,-0.04028068451426,0.7113797461325722,0.9989488049122789
TCS-5861528,-0.04027946460014965,0.6355898124912291,0.9989488049122789
METIXENE,-0.04014496990899999,0.5848527816741775,0.9989488049122789
ANDROSTENONE,-0.040064297305499985,0.7944970163320118,0.9989488049122789
DIGITOXIGENIN,-0.040041158830000256,0.6892316467364797,0.9989488049122789
HT-2157,-0.040000641404867504,0.5412171575904117,0.9989488049122789
PALIFOSFAMIDE,-0.039924198602,0.7968355835092399,0.9989488049122789
NILUTAMIDE,-0.03988378576785,0.23597157469298924,0.9989488049122789
LY320135,-0.03983061315999997,0.7696884336790062,0.9989488049122789
ML218,-0.039749263561242545,0.6944989943666622,0.9989488049122789
PASIREOTIDE,-0.03974521202605,0.7122388317924814,0.9989488049122789
E7449,-0.03964545750400006,0.6906680223515647,0.9989488049122789
RABEPRAZOLE,-0.039640221826249995,0.40457794567396266,0.9989488049122789
ROBLITINIB,-0.0395754787342023,0.8639211614693181,0.9989488049122789
MRS-3777,-0.03943853354349999,0.5824155747231048,0.9989488049122789
CEFTIBUTEN,-0.0393826032955,0.828868302659775,0.9989488049122789
VESNARINONE,-0.03934783754019999,0.7918070371223045,0.9989488049122789
VELARESOL,-0.03929821045760307,0.5507760715930471,0.9989488049122789
FUMONISIN-B1,-0.0392740871011,0.9484197848026121,0.9989488049122789
TC-S-7006,-0.03904216342734801,0.6272575855382218,0.9989488049122789
GBR-12935,-0.039033835754450005,0.9829081410360564,0.9989488049122789
CPA-INHIBITOR,-0.03902000775937415,0.5070276769976652,0.9989488049122789
BALAGLITAZONE,-0.03897689220575,0.7874674242029149,0.9989488049122789
EPZ020411,-0.03895952997704591,0.7317717128266401,0.9989488049122789
TETRADECYLTHIOACETIC-ACID,-0.0389394723415,0.9269856914072209,0.9989488049122789
DEOXYEPINEPHRINE,-0.03889115726464999,0.3484876390088776,0.9989488049122789
ANISINDIONE,-0.03887550334733397,0.6159135274144121,0.9989488049122789
ETOFYLLINE,-0.038872703032600014,0.2447900794691561,0.9989488049122789
CIDOFOVIR,-0.038844292894999966,0.4616082618604511,0.9989488049122789
TCS-PIM-1-1,-0.038729490493490504,0.23455746512867648,0.9989488049122789
GLICLAZIDE,-0.038719746189250004,0.9389783788437075,0.9989488049122789
VERDIPERSTAT,-0.038710718736985505,0.22721229923686503,0.9989488049122789
MK-1064,-0.0386434425477715,0.4074665737213503,0.9989488049122789
TC-NTR1-17,-0.0385288548434731,0.7971661379312067,0.9989488049122789
HYDROXYPROPYL-BETA-CYCLODEXTRIN,-0.038499528081900006,0.8415204683786623,0.9989488049122789
TESTOLACTONE,-0.03848144538650006,0.308109237316998,0.9989488049122789
PROTIRELIN,-0.038453708145000015,0.8335745807964523,0.9989488049122789
AQ-13,-0.03835112898366385,0.762733812622035,0.9989488049122789
5-FLUORO-3-PYRIDYL-METHANOL,-0.03825740530794,0.97151744141097,0.9989488049122789
VU0361737,-0.038236519614999964,0.852705965159096,0.9989488049122789
BESIFLOXACIN,-0.038103596094500036,0.7722621226756363,0.9989488049122789
DIOSMETIN,-0.03804133581855,0.5652684144243219,0.9989488049122789
CUR-61414,-0.03794682111412451,0.5415876806196418,0.9989488049122789
PYRAZINAMIDE,-0.037927067985999985,0.814886411745666,0.9989488049122789
PHENOLPHTHALEIN,-0.037870396246000027,0.7166036592818994,0.9989488049122789
RAD140,-0.03779468411944853,0.9430711671012776,0.9989488049122789
L-VALINE,-0.037781508538,0.6316988925892839,0.9989488049122789
HYPERIN,-0.03777591413699999,0.38896875834615763,0.9989488049122789
UNC-926,-0.0377577540098019,0.6528700587223863,0.9989488049122789
ZOMEPIRAC,-0.03759335942070001,0.9102008677795548,0.9989488049122789
CI-966,-0.03758417182080001,0.5277572270221045,0.9989488049122789
SU-11274,-0.03756836973675,0.8920745137740237,0.9989488049122789
BENETHAMINE,-0.03752574333721148,0.6644953253590632,0.9989488049122789
LY404187,-0.03745135292912505,0.8303668677568236,0.9989488049122789
AVACOPAN,-0.03742584675873464,0.9544430046734634,0.9989488049122789
AMPROLIUM,-0.037411869052199995,0.6045160213447127,0.9989488049122789
SCLAREOL,-0.037368166846100004,0.7847447761334778,0.9989488049122789
PF-4191834,-0.0372512303013785,0.5848720090516057,0.9989488049122789
ISOXEPAC,-0.03725092307875,0.8359395444957827,0.9989488049122789
ACECLIDINE,-0.037186854098900005,0.8600604235708078,0.9989488049122789
TC-F-2,-0.0371207203289865,0.7419272656118823,0.9989488049122789
ABT-239,-0.037095295621,0.33418275415266996,0.9989488049122789
BIFEMELANE,-0.03702857032600004,0.8838041707795843,0.9989488049122789
OGERIN,-0.0367871863741958,0.6249983371894393,0.9989488049122789
LIDOCAINE,-0.0367234812269,0.7295053939244218,0.9989488049122789
MIFOBATE,-0.036705720152015,0.8751638427173556,0.9989488049122789
VANILLIN,-0.036600725365,0.8963783312624174,0.9989488049122789
GDC-0068,-0.03650996948100001,0.8775407682024783,0.9989488049122789
L-689560,-0.03647753572902229,0.6374205500684976,0.9989488049122789
DIMAPRIT,-0.036442194593919994,0.6323303870911263,0.9989488049122789
VX-222,-0.036421020715,0.5111968096807104,0.9989488049122789
ANAGLIPTIN,-0.03635263514335415,0.9090344083657707,0.9989488049122789
GANCICLOVIR,-0.0363207930543,0.6839793194757556,0.9989488049122789
BELINOSTAT,-0.036181430300000095,0.9385887530535297,0.9989488049122789
PIPERAZINE,-0.03616696840400002,0.897510339949349,0.9989488049122789
TETOMILAST,-0.03613963334170131,0.8461180027906826,0.9989488049122789
AZ191,-0.0361166447502,0.8405061321469851,0.9989488049122789
SIMUROSERTIB,-0.036094661518960125,0.6454967918670407,0.9989488049122789
EVOCALCET,-0.03609063281912685,0.8639211614693181,0.9989488049122789
BTS-71321,-0.036078376315896,0.5799415725311505,0.9989488049122789
"TROPANYL-3,5-DIMETHYLBENZOATE",-0.035859106918650005,0.6261438007300147,0.9989488049122789
2-METHYL-5-HYDROXYTRYPTAMINE,-0.03584772726400004,0.9722414065971003,0.9989488049122789
PF-4800567,-0.03581888326655175,0.5522778090672316,0.9989488049122789
ACIFRAN,-0.035815516651999973,0.2745789246207153,0.9989488049122789
FANETIZOLE,-0.035771386155,0.8660765258340379,0.9989488049122789
BMS-986020,-0.03575958981194893,0.8639211614693181,0.9989488049122789
IWP-L6,-0.035758440385350004,0.6045160213447127,0.9989488049122789
PEXIDARTINIB,-0.03567490716525,0.8488066703867008,0.9989488049122789
LY215490,-0.035644599631500004,0.8192473406664559,0.9989488049122789
2-OCTYLDODECAN-1-OL,-0.03558720592401,0.5723652734148509,0.9989488049122789
SYNEPHRINE,-0.03553059714645,0.4742743507673295,0.9989488049122789
T-0070907,-0.03553010273064999,0.97151744141097,0.9989488049122789
NAFTIDROFURYL,-0.03547231084449998,0.9832361408846589,0.9989488049122789
KHELLIN,-0.035456584264339994,0.670635025228635,0.9989488049122789
N-METHYLLIDOCAINE-IODIDE,-0.0354123839662,0.6548969644692095,0.9989488049122789
ORMELOXIFENE,-0.035258171573524705,0.8573896060540254,0.9989488049122789
FASORACETAM,-0.0352198515364611,0.4811734660950977,0.9989488049122789
GSK2239633A,-0.03515841948985135,0.8970549049939832,0.9989488049122789
STREPTOMYCIN,-0.03513979488099997,0.8815166500306794,0.9989488049122789
NITROFURANTOIN,-0.035108618303300004,0.644125486780133,0.9989488049122789
PSB-603,-0.035074195331570995,0.4897342976462006,0.9989488049122789
PAGOCLONE,-0.03491557728140306,0.5947908956591319,0.9989488049122789
JZL-195,-0.0348876767827255,0.7602085497757689,0.9989488049122789
U-104,-0.03487613753709999,0.7278607713296317,0.9989488049122789
EFATUTAZONE,-0.03485010919760001,0.470759033231269,0.9989488049122789
SARCOSINE,-0.034763990166249994,0.8536497250220972,0.9989488049122789
HYDROXYUREA,-0.034732634604,0.7212346703393282,0.9989488049122789
HEXAMETHONIUM,-0.034598150214000034,0.7310177836831633,0.9989488049122789
ANA-12,-0.0345851407404516,0.4035470192370755,0.9989488049122789
DEHYDROEPIANDROSTERONE,-0.03457912040950001,0.739262764289816,0.9989488049122789
HTMT,-0.03457728995535,0.6762636527019983,0.9989488049122789
RILMENIDINE,-0.03455557858950001,0.5450505523199849,0.9989488049122789
APIGENIN,-0.03446141214055,0.5824155747231048,0.9989488049122789
ABARELIX,-0.03444388565909551,0.24134506034518766,0.9989488049122789
PF-3274167,-0.034410629885985006,0.5046160516876455,0.9989488049122789
IRBESARTAN,-0.03441035805300002,0.8380228494223805,0.9989488049122789
Y-11,-0.034358340415079146,0.8471451490071619,0.9989488049122789
EO-1428,-0.03435018000319999,0.9090344083657707,0.9989488049122789
ZM-226600,-0.03428488227595,0.5231299751636358,0.9989488049122789
MEBHYDROLIN,-0.034249164330699966,0.983018892004347,0.9989488049122789
ABT-202,-0.034122896752999954,0.5020565969989815,0.9989488049122789
NTRC-824,-0.03407201646804355,0.6323303870911263,0.9989488049122789
FOSTAMATINIB,-0.034023249583000015,0.8991695202099733,0.9989488049122789
EPZ011989,-0.034004021694156505,0.6917616075822004,0.9989488049122789
MONOMETHYL-FUMARATE,-0.03382646841155455,0.20584464570071992,0.9989488049122789
GW-501516,-0.03382512420600001,0.6527931850992597,0.9989488049122789
KYNURENIC-ACID,-0.03375506145850002,0.40757153818484215,0.9989488049122789
BMS-986142,-0.033673486518443485,0.6506645739566754,0.9989488049122789
LOBENZARIT,-0.033663574207735004,0.6016989613385968,0.9989488049122789
RQ-00203078,-0.0335459296495096,0.4885101035104298,0.9989488049122789
THALIDOMIDE,-0.03347195770275,0.8838041707795843,0.9989488049122789
TAMOXIFEN,-0.0333365609901,0.4952223402647773,0.9989488049122789
AMTOLMETIN-GUACIL,-0.033304590989950006,0.6438931537857415,0.9989488049122789
ORE1001,-0.033249403267000016,0.6178613155113395,0.9989488049122789
PQ-401,-0.03311803950865,0.7447312746416134,0.9989488049122789
CLINAFLOXACIN,-0.03308965935504999,0.33728441425384015,0.9989488049122789
FOMEPIZOLE,-0.03303491369627001,0.6967367304443324,0.9989488049122789
LEDIPASVIR,-0.03270553677799998,0.9603907060289611,0.9989488049122789
BAY-41-2272,-0.03265791593093592,0.48469999925157803,0.9989488049122789
BICUCULLINE-METHOCHLORIDE-(-),-0.032639341639999986,0.3875520100713439,0.9989488049122789
TRIMETHOQUINOL,-0.03258932713525001,0.8319427020043,0.9989488049122789
ZK-164015,-0.032491655369300015,0.6244607156404203,0.9989488049122789
VORUCICLIB,-0.03248599889334315,0.8573896060540254,0.9989488049122789
DIOSCIN,-0.03241136513415001,0.8864317776589388,0.9989488049122789
CYM-50769,-0.03237033754545399,0.7971661379312067,0.9989488049122789
CDBA,-0.03236253835699998,0.6906680223515647,0.9989488049122789
TRICLOCARBAN,-0.03232595755079999,0.5141746097208543,0.9989488049122789
RO-9187,-0.03229035100300015,0.9556002267100204,0.9989488049122789
A-769662,-0.032283326989700004,0.507095642280284,0.9989488049122789
PREDNISONE,-0.03225776925989998,0.9769110705919566,0.9989488049122789
ENALAPRILAT,-0.032225556863154994,0.6599795898660183,0.9989488049122789
PSB-11,-0.03221979496549998,0.7371508960182673,0.9989488049122789
MORACIZINE,-0.0321857401849,0.9601325488242769,0.9989488049122789
NS-9283,-0.032183937809382,0.6355898124912291,0.9989488049122789
TRAXOPRODIL,-0.03208216310900003,0.2382488251433995,0.9989488049122789
O-1918,-0.032009350299535,0.9265138450682211,0.9989488049122789
TROXIPIDE,-0.0319795834935,0.739262764289816,0.9989488049122789
LENIOLISIB,-0.03193589628791149,0.8920745137740237,0.9989488049122789
ACETAZOLAMIDE,-0.031810895237999987,0.8633707783805391,0.9989488049122789
AMG-487-(+/-),-0.03176008032889999,0.8977468222139392,0.9989488049122789
LIMKI-3,-0.031759411101704896,0.21912448571712517,0.9989488049122789
L-168049,-0.031752628881,0.9601325488242769,0.9989488049122789
IPRATROPIUM,-0.03173207127950002,0.8618762343754476,0.9989488049122789
ARC-239,-0.031677454786215004,0.7495262952952877,0.9989488049122789
4-AMINOHIPPURIC-ACID,-0.031647948287999994,0.8093832757084554,0.9989488049122789
PROPIVERINE,-0.031528203367485005,0.9066083056399343,0.9989488049122789
BASMISANIL,-0.03149960135035216,0.7246821099196428,0.9989488049122789
ICA-110381,-0.03149628601735055,0.852705965159096,0.9989488049122789
PNU-142633,-0.0314480333462,0.82018811850566,0.9989488049122789
OC000459,-0.031341055198499994,0.7248734535707526,0.9989488049122789
IOPANIC-ACID,-0.031156652677099994,0.7772170610580184,0.9989488049122789
A-61603,-0.03110619930410452,0.6159135274144121,0.9989488049122789
MEPAZINE,-0.031079616866,0.4191070509940059,0.9989488049122789
QX-314,-0.031037215198950002,0.9039992655707146,0.9989488049122789
HISTAMINE,-0.030959426800000023,0.2905694241149879,0.9989488049122789
PYRAZINOYLGUANIDINE,-0.03093432740865,0.7765711177267853,0.9989488049122789
"4,5,6,7-TETRABROMOBENZOTRIAZOLE",-0.03091916601375,0.6144527298136968,0.9989488049122789
SULFAFURAZOLE,-0.030870022121399998,0.3600742604458488,0.9989488049122789
CPI-613,-0.03083991732385001,0.5231299751636358,0.9989488049122789
OMEPRAZOLE-MAGNESIUM,-0.030839621418270003,0.9066083056399343,0.9989488049122789
MELOXICAM,-0.03082145971799999,0.7997189715764079,0.9989488049122789
MEDROXYPROGESTERONE,-0.030722349687540007,0.8759663022840591,0.9989488049122789
APCK-110,-0.030715811915594055,0.9807766046905697,0.9989488049122789
LAQUINIMOD,-0.030619792943900007,0.4895432430471929,0.9989488049122789
RIBOFLAVIN,-0.030602618673,0.3791193553221305,0.9989488049122789
ETANIDAZOLE,-0.030574441717899997,0.9500571059525382,0.9989488049122789
CARZENIDE,-0.030535991434999965,0.6873218011739946,0.9989488049122789
UNC0224,-0.0305077113031,0.43188778509545733,0.9989488049122789
LORECLEZOLE,-0.030410444763199998,0.9487557811181019,0.9989488049122789
PHP-501,-0.03035737356124345,0.4885101035104298,0.9989488049122789
TROSPIUM,-0.030345282384,0.6800319497318357,0.9989488049122789
XMD17-109,-0.030322292780412125,0.8597450206757379,0.9989488049122789
GW-627368,-0.030321725857924947,0.3039190319244285,0.9989488049122789
"4-ACETYL-1,1-DIMETHYLPIPERAZINIUM",-0.030311979763299995,0.8783131560539308,0.9989488049122789
CLOZAPINE,-0.030284966861500007,0.5923581857629288,0.9989488049122789
TC-N-1752,-0.030273010615334994,0.8158226867165818,0.9989488049122789
LAPATINIB,-0.030255926842000014,0.6864714359334729,0.9989488049122789
CAROVERINE,-0.030236187117850005,0.7413202864907289,0.9989488049122789
BMS-813160,-0.03020071496508614,0.3212300319107686,0.9989488049122789
CYCLOPAMINE,-0.0301823655701729,0.8069292661668057,0.9989488049122789
PIDOTIMOD,-0.030116341876499975,0.8400542400603668,0.9989488049122789
DEXFENFLURAMINE,-0.03009575325185,0.5682199400881833,0.9989488049122789
REV-5901,-0.030089595766399996,0.7261895116009631,0.9989488049122789
PHA-665752,-0.030054097550000325,0.5009668887286944,0.9989488049122789
ZK-93423,-0.0298661113175,0.342235360550342,0.9989488049122789
FENOFIBRIC-ACID,-0.029863331718570002,0.5761501220305789,0.9989488049122789
SX-011,-0.029857255052300004,0.7069004684757199,0.9989488049122789
ORG-26576,-0.029839772006149998,0.6813571202969639,0.9989488049122789
MY-5445,-0.0297427443587,0.6333423006990662,0.9989488049122789
BMY-7378,-0.029722158015999978,0.5995748597244577,0.9989488049122789
PK-11195,-0.029668594213464995,0.7175227772004266,0.9989488049122789
LY2886721,-0.02959887399900002,0.8390449128003911,0.9989488049122789
CYCLANDELATE,-0.029576497472750006,0.451564365709724,0.9989488049122789
HYDROXYPROGESTERONE,-0.029567744453500022,0.7093881150142263,0.9989488049122789
EDOXUDINE,-0.029551657424449995,0.9596060033357289,0.9989488049122789
8-M-PDOT,-0.02951626616410001,0.6194479070138306,0.9989488049122789
ABT-072,-0.02949297204916035,0.6454967918670407,0.9989488049122789
CEFTIOFUR,-0.029454184200099997,0.23597157469298924,0.9989488049122789
DELTARASIN,-0.029440014477972093,0.6413284804916541,0.9989488049122789
TERGURIDE,-0.029407916939985,0.46962574430976856,0.9989488049122789
POTASSIUM-P-AMINOBENZOATE,-0.029207764690500015,0.9213867649615045,0.9989488049122789
XANTHONE,-0.029073344182000013,0.5111968096807104,0.9989488049122789
VITAMIN-B12,-0.02903911012541,0.9430711671012776,0.9989488049122789
PAMIPARIB,-0.029034310147108,0.9541442109452929,0.9989488049122789
GEPEFRINE,-0.02886330530056,0.2778381096014737,0.9989488049122789
RWJ-21757,-0.028806609431185008,0.41152147697070995,0.9989488049122789
1-HEXADECANOL,-0.028797758546000002,0.5723652734148509,0.9989488049122789
"1-((Z)-3-CHLOROALLYL)-1,3,5,7-TETRAAZAADAMANTAN-1-IUM",-0.028780327019600007,0.6381385726074985,0.9989488049122789
URSODIOL,-0.02859925324675,0.634538460860588,0.9989488049122789
CHLORALOSE,-0.02859157418949998,0.5915050369949164,0.9989488049122789
SU16F,-0.02858170386182951,0.8461180027906826,0.9989488049122789
ML-213,-0.028574495058960106,0.2818127634921921,0.9989488049122789
MORINIDAZOLE,-0.028532235171100002,0.763699256197351,0.9989488049122789
ETC-159,-0.028394099501563755,0.5877455035125619,0.9989488049122789
PRAZOSIN,-0.02839396293599994,0.6391585145041976,0.9989488049122789
ICI-63197,-0.028377195105399988,0.8303668677568236,0.9989488049122789
EFONIDIPINE-MONOETHANOLATE,-0.028365276406500023,0.9658241242728414,0.9989488049122789
OLANZAPINE,-0.02835032964510001,0.7479477414312314,0.9989488049122789
TETRACAINE,-0.028287683354499993,0.7283654564014989,0.9989488049122789
CHLORTETRACYCLINE,-0.028240557636300002,0.8874956851488548,0.9989488049122789
DIENOGEST,-0.028196209510000125,0.9547379293906513,0.9989488049122789
YM-298198-DESMETHYL,-0.02819385114821915,0.8137010295455132,0.9989488049122789
BTK-IN-1,-0.028174423731301794,0.9084397583825714,0.9989488049122789
TIANEPTINE,-0.028155692299,0.7235754080889335,0.9989488049122789
AJ76-(+),-0.028105583810499997,0.3997355302711637,0.9989488049122789
(R)-(-)-APOMORPHINE,-0.028073067417464993,0.8236712344062798,0.9989488049122789
DARUSENTAN,-0.028029519454799992,0.2943959280396511,0.9989488049122789
TITANOCENE-DICHLORIDE,-0.027940139711050013,0.82018811850566,0.9989488049122789
Z160,-0.02793756042205,0.5516175931815249,0.9989488049122789
PIROZADIL,-0.0279247222277215,0.7847447761334778,0.9989488049122789
ROXATIDINE-ACETATE,-0.02792280164050004,0.7317009589325085,0.9989488049122789
ALIZARIN,-0.027905608306500018,0.4782796877588602,0.9989488049122789
NEFAZODONE,-0.02783510199916,0.46349520074687667,0.9989488049122789
ZD-7114,-0.027739604977199996,0.4605060033627293,0.9989488049122789
MOXIFLOXACIN,-0.027725665541999983,0.6767518971878292,0.9989488049122789
GUADECITABINE,-0.027694666013519997,0.3538008702832398,0.9989488049122789
EMERAMIDE,-0.027592142476808523,0.536468969911897,0.9989488049122789
A-366,-0.027494319116104997,0.2643918291292122,0.9989488049122789
METHOXSALEN,-0.027468420878999998,0.7652251299567899,0.9989488049122789
ASA-404,-0.027459024525999992,0.8314496597452443,0.9989488049122789
PF-02545920,-0.027294670042199987,0.97151744141097,0.9989488049122789
GEPON,-0.027277638937373005,0.5386034728772422,0.9989488049122789
BGP-15,-0.02727618204780309,0.8630364820982674,0.9989488049122789
FIRATEGRAST,-0.0272570345225,0.9107729673478347,0.9989488049122789
OSELTAMIVIR-CARBOXYLATE,-0.027240542962400013,0.8335745807964523,0.9989488049122789
SU9516,-0.027199873930529972,0.5824155747231048,0.9989488049122789
CGP-52411,-0.027102855366649997,0.4885101035104298,0.9989488049122789
JX-401,-0.027084869224050005,0.6280442650050154,0.9989488049122789
LACITOL,-0.02708073302855002,0.9084397583825714,0.9989488049122789
2-IODOHIPPURIC-ACID,-0.027078748226846167,0.7847918044938961,0.9989488049122789
MK2-IN-1,-0.02707522315473654,0.6374205500684976,0.9989488049122789
PF-06873600,-0.027032887241900116,0.7032329924524046,0.9989488049122789
HOMATROPINE,-0.02688231677334999,0.9269856914072209,0.9989488049122789
CELGOSIVIR,-0.02672197214210756,0.7246821099196428,0.9989488049122789
VL285,-0.026721459127712358,0.8461180027906826,0.9989488049122789
MINOXIDIL,-0.02665462644000005,0.8536497250220972,0.9989488049122789
TIPRANAVIR,-0.026629795038000004,0.8671088225520474,0.9989488049122789
DOXYLAMINE,-0.026603844506000063,0.6266934509535957,0.9989488049122789
S-3304,-0.026597518466074,0.8630364820982674,0.9989488049122789
TRAM-39,-0.02658651799383275,0.6683146912205774,0.9989488049122789
BAMBUTEROL,-0.026562975085500012,0.5848527816741775,0.9989488049122789
TCS-359,-0.02650598544700003,0.7429444497915154,0.9989488049122789
CROMOGLICIC-ACID,-0.02647977413535002,0.9500571059525382,0.9989488049122789
THYMOPENTIN,-0.0264560189762401,0.8404938375767992,0.9989488049122789
TENATOPRAZOLE,-0.026401594243500026,0.7725721758089635,0.9989488049122789
UNC669,-0.0263458838117,0.7212346703393282,0.9989488049122789
DETOMIDINE,-0.02616004032029999,0.5111968096807104,0.9989488049122789
GUANFACINE,-0.02609163244349999,0.9831282161500882,0.9989488049122789
DEHYDROCORYDALINE,-0.02605174690000002,0.688536211165329,0.9989488049122789
IOX1,-0.026002647201434394,0.6787422368199145,0.9989488049122789
MALTOBIONIC-ACID,-0.025944387300000003,0.5297346412174109,0.9989488049122789
FORSKOLIN,-0.02593632812500002,0.7400586402662134,0.9989488049122789
MAVACAMTEN,-0.02590617042613999,0.4418293454310679,0.9989488049122789
AZOMYCIN-(2-NITROIMIDAZOLE),-0.02584224965165001,0.5376636261956376,0.9989488049122789
GSK2879552,-0.025721429297605874,0.8333793091741268,0.9989488049122789
EMD-386088,-0.0256654890594,0.3139895454766374,0.9989488049122789
GSK650394,-0.02552505063799998,0.6171648585444262,0.9989488049122789
ETIFOXINE,-0.025507869003289996,0.8192473406664559,0.9989488049122789
PIPOBROMAN,-0.0253783128890977,0.6683146912205774,0.9989488049122789
AZD7545,-0.025374984328999997,0.9717019515578663,0.9989488049122789
QUINAGOLIDE,-0.025372123519750003,0.697561076353379,0.9989488049122789
XAMOTEROL,-0.025325628452999988,0.9152480558321715,0.9989488049122789
FESOTERODINE,-0.025316026407744996,0.8172128739090069,0.9989488049122789
REYNOUTRIN,-0.025289583061460966,0.8415204683786623,0.9989488049122789
MERBARONE,-0.0252457211788,0.6747375310217318,0.9989488049122789
BAZEDOXIFENE,-0.02521097655495,0.629490964721166,0.9989488049122789
2-BFI,-0.025111122529699992,0.5085174602680393,0.9989488049122789
KT-433,-0.0250279780287,0.6921439721288032,0.9989488049122789
LEUCYLLEUCINE-METHYL-ESTER,-0.024987618781785,0.20073853679837816,0.9989488049122789
DICHLORVOS,-0.02496838466200002,0.9387971929038754,0.9989488049122789
AMG319,-0.024897954305745002,0.3702524945760428,0.9989488049122789
SB-216641,-0.02483201683325001,0.4795897618650552,0.9989488049122789
VU0364439,-0.0247588665419,0.5231299751636358,0.9989488049122789
RUCAPARIB,-0.02459560616839001,0.8248027097215431,0.9989488049122789
OSEMOZOTAN,-0.024569747536454602,0.9615643663736223,0.9989488049122789
SDZ-220-581,-0.024553900345949994,0.3212300319107686,0.9989488049122789
HYDRALAZINE,-0.02453621523599999,0.7749073226114355,0.9989488049122789
GANODERIC-ACID-A,-0.024263004601948,0.7479477414312314,0.9989488049122789
5'-CHLORO-5'-DEOXY-ENBA-(+/-),-0.02418879487185,0.35636254458116445,0.9989488049122789
BUCILLAMINE,-0.0241492274997,0.46126242326573175,0.9989488049122789
HEXAMETHYLENEBISACETAMIDE,-0.02401537067460001,0.43271037889397646,0.9989488049122789
GW-311616,-0.024000038601067794,0.8905966454473897,0.9989488049122789
ETRAVIRINE,-0.023606619700999976,0.7122388317924814,0.9989488049122789
K-MAP,-0.023532253564499978,0.814886411745666,0.9989488049122789
LY344864,-0.023516878367250003,0.35323401144668687,0.9989488049122789
BAY-K-8644-(S)-(-),-0.023496430848999994,0.9301105081236055,0.9989488049122789
ENOXOLONE,-0.023483982082000004,0.7996758352629703,0.9989488049122789
UC-112,-0.02337275880357803,0.5111968096807104,0.9989488049122789
KETANSERIN,-0.02334861122500001,0.8639211614693181,0.9989488049122789
2-HYDROXYSACLOFEN,-0.02330053259565,0.9664796811258469,0.9989488049122789
FIACITABINE,-0.023278039719344987,0.7016331239225542,0.9989488049122789
IMIRESTAT,-0.02325239295245949,0.8913702672972513,0.9989488049122789
DOXAPRAM,-0.02320462033750001,0.726405680270062,0.9989488049122789
NARINGIN-DIHYDROCHALCONE,-0.02314971604555001,0.726405680270062,0.9989488049122789
OXFENICINE,-0.02309477563886303,0.7523408877324064,0.9989488049122789
GW-3965,-0.02305524534000003,0.8963783312624174,0.9989488049122789
LY2228820,-0.02301357370705001,0.9279114501651851,0.9989488049122789
VALACICLOVIR,-0.022984122030000026,0.9430711671012776,0.9989488049122789
APYRAMIDE,-0.0228502254655003,0.6506645739566754,0.9989488049122789
UNC0737,-0.022815767710999968,0.58760077052053,0.9989488049122789
SOFOSBUVIR-IMPURITY-M,-0.022778513477997954,0.8686903645233097,0.9989488049122789
CABOTEGRAVIR,-0.022748332213242906,0.5386034728772422,0.9989488049122789
KBG,-0.022689541754500026,0.6527931850992597,0.9989488049122789
TRIBOMSALAN,-0.02246296953912702,0.8597450206757379,0.9989488049122789
ALVIMOPAN,-0.022445666444399992,0.7647444002515483,0.9989488049122789
ARGLABIN,-0.022396205590999974,0.9658241242728414,0.9989488049122789
BORONOPHENYLALANINE,-0.022348464425755,0.6652988577174523,0.9989488049122789
DEPTROPINE,-0.02232484917186,0.856410162180494,0.9989488049122789
NICORANDIL,-0.02230635752900001,0.2531662180855818,0.9989488049122789
LOFEMIZOLE,-0.022185422347450003,0.5924687199685381,0.9989488049122789
DUTASTERIDE,-0.022136760874499978,0.48278097944338627,0.9989488049122789
BURAMATE,-0.02211487936488285,0.6425278734386162,0.9989488049122789
SPARFLOXACIN,-0.022096261890000246,0.6613083848426305,0.9989488049122789
APD597,-0.0220616503803428,0.6388653862989218,0.9989488049122789
DIHYDROSTREPTOMYCIN,-0.022056072274649993,0.9039992655707146,0.9989488049122789
N-METHYLQUIPAZINE,-0.021822386008199995,0.8673489291415228,0.9989488049122789
LORCASERIN,-0.021693375045015,0.6396030082609112,0.9989488049122789
SOLAMARGINE,-0.021645842465049997,0.8627203021493584,0.9989488049122789
BENZO[D]THIAZOLE-2(3H)-THIONE,-0.02162312866999999,0.42609170656438544,0.9989488049122789
ML133,-0.021595277512499983,0.9666926450121487,0.9989488049122789
KML29,-0.021478738344574394,0.7971661379312067,0.9989488049122789
COT-INHIBITOR-1,-0.021444588095563297,0.6683146912205774,0.9989488049122789
NAPHTHOQUINE-PHOSPHATE,-0.021386880447499992,0.974919746729034,0.9989488049122789
ARIPIPRAZOLE-LAUROXIL,-0.02135367565920605,0.6249983371894393,0.9989488049122789
RISLENEMDAZ,-0.02128171456996676,0.8461180027906826,0.9989488049122789
AMG-548,-0.021280269471735502,0.7646562575322102,0.9989488049122789
CYCLOVALONE,-0.021263070856999994,0.1994352362031968,0.9989488049122789
DOCUSATE,-0.021244797037260482,0.8977227197251831,0.9989488049122789
SELENOMETHIONINE,-0.0211614436607,0.6943625083010205,0.9989488049122789
AZAPROPAZONE,-0.021075033371340743,0.7806282644628137,0.9989488049122789
WISKOSTATIN,-0.021067589463762,0.6944989943666622,0.9989488049122789
HYDROCORTISONE,-0.021033446926799995,0.6839793194757556,0.9989488049122789
AZ-10606120,-0.020996667598182903,0.6323303870911263,0.9989488049122789
TOLTERODINE,-0.020981701470950003,0.6433159530346738,0.9989488049122789
RG4733,-0.020959482339350008,0.8545815290107919,0.9989488049122789
KETOROLAC,-0.020946250692799984,0.8112845524474719,0.9989488049122789
WAY-200070,-0.020942193705,0.7642355096495574,0.9989488049122789
SR-140333,-0.020915402450415482,0.9677298485377999,0.9989488049122789
ACETOHEXAMIDE,-0.020908841571675,0.6388761070405866,0.9989488049122789
SWAINSONINE,-0.020902468212000008,0.59282664837692,0.9989488049122789
POSACONAZOLE,-0.02089410092275,0.7425429871012064,0.9989488049122789
MK-6096,-0.02075777098665,0.2588207339926062,0.9989488049122789
ST-1535,-0.02074983345504655,0.5652684144243219,0.9989488049122789
BENDAMUSTINE,-0.02071768215450001,0.5848527816741775,0.9989488049122789
ERYTHRITOL,-0.0205986009198,0.7829237691419296,0.9989488049122789
SELEGILINE,-0.0205381310642,0.5897478271042398,0.9989488049122789
SD-2590,-0.02052283485945495,0.8920745137740237,0.9989488049122789
OXELAIDIN,-0.020488123124,0.4080414588187473,0.9989488049122789
SUGAMMADEX,-0.020464651827005353,0.9426980198656748,0.9989488049122789
CAPADENOSON,-0.020429744352,0.7281082556236878,0.9989488049122789
HC-067047,-0.020320807067705504,0.97151744141097,0.9989488049122789
GS-6201,-0.020157990107459903,0.7523408877324064,0.9989488049122789
THK5351,-0.020138924383893475,0.7463495220251402,0.9989488049122789
QUINAPRIL,-0.019945952949344842,0.8665082114238457,0.9989488049122789
S26948,-0.019930324873669997,0.5433359483767458,0.9989488049122789
XL019,-0.01989541828161495,0.8523694154300252,0.9989488049122789
GDC-0077,-0.01982281135339048,0.6352126156916167,0.9989488049122789
EXIFONE,-0.01981469089815001,0.5726576197324607,0.9989488049122789
OZENOXACIN,-0.019786996081532005,0.32090299426874946,0.9989488049122789
D-ALPHA-TOCOPHERYL-SUCCINATE,-0.019776600156399995,0.48730518713188775,0.9989488049122789
5-HYDROXYECTOINE,-0.01977323050957097,0.9677298485377999,0.9989488049122789
ANDARINE,-0.019710289347999954,0.6316988925892839,0.9989488049122789
GSK2256098,-0.019514181915003537,0.9084397583825714,0.9989488049122789
MIANSERIN,-0.01951187976200003,0.7174771411615847,0.9989488049122789
PENTACOSANOIC-ACID,-0.019497402212174997,0.9203645704062895,0.9989488049122789
DSR-6434,-0.019425340065398117,0.7696884336790062,0.9989488049122789
DPC-681,-0.019262216729622472,0.8408596256518204,0.9989488049122789
IRSOGLADINE,-0.019231649122200004,0.9146973227401848,0.9989488049122789
DYDROGESTERONE,-0.019206955517000024,0.69302877792574,0.9989488049122789
NALOXEGOL,-0.019204617214800004,0.8892014274027581,0.9989488049122789
T-5601640,-0.0191979712116879,0.6703385897080415,0.9989488049122789
BMS-906024,-0.019165395263064017,0.7354895088468657,0.9989488049122789
SQ-22536,-0.019123558420149997,0.9776494669355478,0.9989488049122789
BQ-123,-0.019107096718200003,0.6943322761546491,0.9989488049122789
TIQUIZIUM,-0.01906122323699999,0.8583099888792466,0.9989488049122789
TGR-1202,-0.019046684581449994,0.7294744195054839,0.9989488049122789
LEMBOREXANT,-0.01897037041249,0.8197006967867769,0.9989488049122789
GINSENOSIDE-C-K,-0.01891600583622552,0.673945704911679,0.9989488049122789
BECLAMIDE,-0.01891065616529,0.765594483995764,0.9989488049122789
BEKANAMYCIN,-0.018624719334999984,0.6934130196784436,0.9989488049122789
OXYCLOZANIDE,-0.018582912887199987,0.4208286405349698,0.9989488049122789
BAY-1436032,-0.018581759171885898,0.4504098571167391,0.9989488049122789
OZAGREL,-0.018538561034,0.9596060033357289,0.9989488049122789
RN-1,-0.018510380737831456,0.8415204683786623,0.9989488049122789
NU-2058,-0.01847340805561986,0.7916116950187598,0.9989488049122789
ALPHA-METHYLSEROTONIN,-0.018371103656857513,0.8359395444957827,0.9989488049122789
OR-486,-0.01832795208616155,0.8695392055540685,0.9989488049122789
TOLAMOLOL,-0.018090947692450003,0.46002393806398134,0.9989488049122789
FURVINA,-0.017969054974506515,0.6839793194757556,0.9989488049122789
LASOFOXIFENE,-0.01787619183295952,0.713929292761325,0.9989488049122789
SANAZOLE,-0.017875665722911355,0.9034003465953168,0.9989488049122789
CARBACHOL,-0.0178307451147,0.532443150080324,0.9989488049122789
YK-4-279,-0.017666900222275128,0.8977468222139392,0.9989488049122789
CRT0044876,-0.017636938933,0.7711392596630728,0.9989488049122789
GSK2256294A,-0.01756240013525498,0.6446589707393988,0.9989488049122789
AMG-PERK-44,-0.01752981945700352,0.9423744226193072,0.9989488049122789
APARARENONE,-0.017472487207027515,0.5947908956591319,0.9989488049122789
GK921,-0.01739231704508004,0.9317109214183749,0.9989488049122789
TMC647055,-0.017270127438289994,0.6077660314078546,0.9989488049122789
ETHYLNOREPINEPHRINE,-0.017209699313600002,0.765594483995764,0.9989488049122789
SELETALISIB,-0.017195946552465535,0.5412171575904117,0.9989488049122789
ZALTOPROFEN,-0.017191373801499987,0.549497788301068,0.9989488049122789
PROCHLORPERAZINE,-0.0171430114102,0.7671834219558633,0.9989488049122789
WAY-100635,-0.017058047637,0.9346553341563564,0.9989488049122789
BROMOPRIDE,-0.016997580547000013,0.8878845766803175,0.9989488049122789
M-CHLOROPHENYLBIGUANIDE,-0.01688058458400002,0.828868302659775,0.9989488049122789
CRIDANIMOD,-0.016837500389599996,0.7918070371223045,0.9989488049122789
BEVANTOLOL,-0.016774413155900003,0.9373894511674218,0.9989488049122789
SNC-80,-0.01661491158521,0.6820175143749152,0.9989488049122789
EDITOL,-0.0162669776005,0.7488661616711352,0.9989488049122789
TETRAZOL-5-YL-GLYCINE-(RS),-0.016252036866764505,0.9146973227401848,0.9989488049122789
SORBINIL,-0.016249678261500006,0.760309388038992,0.9989488049122789
HP-228,-0.016109321425628806,0.9426980198656748,0.9989488049122789
CITARINOSTAT,-0.016104931227338,0.7246821099196428,0.9989488049122789
T-5224,-0.01609667847850002,0.5337794572409109,0.9989488049122789
SB-216763,-0.016095517154150002,0.5824155747231048,0.9989488049122789
LU-AA-47070,-0.016094242140038517,0.885049037255607,0.9989488049122789
ADRAFINIL,-0.01603305278865,0.7227860093840852,0.9989488049122789
INCB-003284,-0.015979430358125,0.7833574533682301,0.9989488049122789
TRANEXAMIC-ACID,-0.01596337212050003,0.8545556564126758,0.9989488049122789
BRINCIDOFOVIR,-0.015926483518588858,0.3354563605170384,0.9989488049122789
CIPROXIFAN,-0.015815871001949977,0.5448652241491887,0.9989488049122789
LY288513,-0.015814405889390898,0.7371508960182673,0.9989488049122789
NEMORUBICIN,-0.015745974899999737,0.5356586744518841,0.9989488049122789
VILAZODONE,-0.01571258624909999,0.8673489291415228,0.9989488049122789
FARAMPATOR,-0.015685195513222155,0.7572601505606869,0.9989488049122789
LTX-315,-0.015677512300381752,0.9827959351128169,0.9989488049122789
DELIVERT,-0.015670916744499996,0.5066158665910702,0.9989488049122789
ROSMARINIC-ACID,-0.015648980338285,0.4357096197346281,0.9989488049122789
RITANSERIN,-0.015630303475449987,0.6527931850992597,0.9989488049122789
YM-511,-0.015628692583369998,0.7294744195054839,0.9989488049122789
BREMELANOTIDE,-0.0155218910128,0.8750926891888648,0.9989488049122789
PHENYLBUTAZONE,-0.015518668788000012,0.26932519429817414,0.9989488049122789
NECROSTATIN-2,-0.015479003044999662,0.25743337324019666,0.9989488049122789
VERBASCOSIDE,-0.015463019164194014,0.6504742147164402,0.9989488049122789
O-MERCAPTO-BENZOIC-ACID,-0.015461769889620003,0.4312159391192756,0.9989488049122789
SITAXENTAN,-0.015451199994999998,0.9058214959106845,0.9989488049122789
AC-55649,-0.015390461721449977,0.4885101035104298,0.9989488049122789
GABEXATE,-0.015377460709849994,0.4552645423881265,0.9989488049122789
MOROXYDINE,-0.015375417004000025,0.8461180027906826,0.9989488049122789
FILGOTINIB,-0.015269807019000006,0.7686303055847823,0.9989488049122789
MILTEFOSINE,-0.015194666304799986,0.8359395444957827,0.9989488049122789
SB-657510,-0.01518692591486,0.44907994876159496,0.9989488049122789
AT7867,-0.015180904428300002,0.7016331239225542,0.9989488049122789
HPPH,-0.01513043523329402,0.687298661464894,0.9989488049122789
I-BZA2,-0.01498760996609999,0.8021695725233745,0.9989488049122789
SETIPIPRANT,-0.014898100661499991,0.30319095269484153,0.9989488049122789
MM77,-0.014863449930500039,0.7016331239225542,0.9989488049122789
SORBITOL,-0.014862277287600006,0.7441529044154324,0.9989488049122789
URB597,-0.014724893303166217,0.8144859217726514,0.9989488049122789
TAK-063,-0.014672801810900006,0.5379487181142137,0.9989488049122789
GUACETISAL,-0.014662563863949998,0.9373535434035128,0.9989488049122789
U-0124,-0.014635756244275,0.6272575855382218,0.9989488049122789
ALOVUDINE,-0.014631546240428506,0.9141393946620232,0.9989488049122789
PIRODAVIR,-0.014508309849500009,0.8291880784801028,0.9989488049122789
NU-6027,-0.01444047083425,0.8618762343754476,0.9989488049122789
BIMATOPROST,-0.014420848037,0.431501066377049,0.9989488049122789
PIRACETAM,-0.01440777833625001,0.8303668677568236,0.9989488049122789
SITAFLOXACIN,-0.014309550750249998,0.403642148437229,0.9989488049122789
CLOPIDOGREL,-0.014289845590500005,0.8114825221108789,0.9989488049122789
COTI-2,-0.014267036347899859,0.9544430046734634,0.9989488049122789
TERIFLUNOMIDE,-0.014107553173000026,0.8948027028404765,0.9989488049122789
QUIFLAPON,-0.014090341517000005,0.5563081457199803,0.9989488049122789
CP-532623,-0.014006166934036973,0.6355898124912291,0.9989488049122789
BENDROFLUMETHIAZIDE,-0.013940891753499995,0.7700595733262379,0.9989488049122789
CAPREOMYCIN,-0.013902318173500017,0.767786120074284,0.9989488049122789
SINEFUNGIN,-0.013796046952073093,0.9203645704062895,0.9989488049122789
DERAZANTINIB,-0.013773061863476543,0.4279788779081364,0.9989488049122789
ML324,-0.013748800288404472,0.9033761125172047,0.9989488049122789
CAY10505,-0.013726113240499993,0.9465163922261549,0.9989488049122789
D609,-0.01369614061888505,0.9033761125172047,0.9989488049122789
ONO-4817,-0.01367598876369347,0.5576614417728796,0.9989488049122789
LENALIDOMIDE,-0.01360284549648,0.9608971165190435,0.9989488049122789
FINGOLIMOD,-0.013536252445499941,0.9831282161500882,0.9989488049122789
HC-030031,-0.013531312323000033,0.7435966148685866,0.9989488049122789
BMS-983970,-0.013491434379532851,0.86507791807494,0.9989488049122789
MERIMEPODIB,-0.013487844618999989,0.5503763650241896,0.9989488049122789
AGN-195183,-0.01338808029261545,0.8714454933153422,0.9989488049122789
NORNICOTINE,-0.013329447110500006,0.7833824055041012,0.9989488049122789
OMEPRAZOLE-SULFIDE,-0.013262188020300006,0.852705965159096,0.9989488049122789
RIVASTIGMINE,-0.013185338542805,0.8583099888792466,0.9989488049122789
SCH-23390,-0.013144402165799998,0.9773598521388447,0.9989488049122789
RIMEXOLONE,-0.0130985163465,0.6239369718541323,0.9989488049122789
LEVODROPROPIZINE,-0.01308944457950001,0.8247971628707198,0.9989488049122789
ATROPINE-OXIDE,-0.013044372863236951,0.8695392055540685,0.9989488049122789
DYNOLE-34-2,-0.01303882697630998,0.9430711671012776,0.9989488049122789
BUFEXAMAC,-0.012930125037749998,0.8425340483152136,0.9989488049122789
HYMECROMONE,-0.012846439994950012,0.726405680270062,0.9989488049122789
DEVAZEPIDE,-0.012793388883399051,0.6767518971878292,0.9989488049122789
ZOMETAPINE,-0.01277170660934,0.5283134823895427,0.9989488049122789
2-ETHOXYBENZOIC-ACID,-0.012658109671532025,0.9423744226193072,0.9989488049122789
FERULIC-ACID,-0.012624146087700003,0.6388761070405866,0.9989488049122789
ALOSETRON,-0.012457824756950009,0.37975522604752066,0.9989488049122789
MRK-409,-0.012408336605829545,0.9551646922103167,0.9989488049122789
NMDA,-0.012317638488999985,0.7647444002515483,0.9989488049122789
DELAFLOXACIN,-0.01218834401842965,0.8630364820982674,0.9989488049122789
LINSITINIB,-0.012107726352500014,0.49185218944200537,0.9989488049122789
NM107,-0.012088932100200005,0.7686303055847823,0.9989488049122789
PD-407824,-0.011980447583649967,0.9033761125172047,0.9989488049122789
BIA-10-2474,-0.011944890978973902,0.9541442109452929,0.9989488049122789
SODIUM-OXYBATE,-0.011842538026349991,0.6323303870911263,0.9989488049122789
ISOGUVACINE,-0.011833214100499978,0.9223830758416297,0.9989488049122789
VER-155008,-0.011816049874067036,0.6476521537389621,0.9989488049122789
K145,-0.011790564321385921,0.8639211614693181,0.9989488049122789
ALLYLTHIOUREA,-0.011727108237799988,0.7999428725945792,0.9989488049122789
FIPI,-0.0117177822073561,0.6298729444749699,0.9989488049122789
AMINOMETHYLTRANSFERASE,-0.011656852860799996,0.7711392596630728,0.9989488049122789
PIMOBENDAN,-0.011652913543999999,0.3892291125348605,0.9989488049122789
TAVABOROLE,-0.011467573936499997,0.8565465171787491,0.9989488049122789
PARCETASAL,-0.011401649758745303,0.7192987569043678,0.9989488049122789
BD-1047,-0.011326199312649998,0.5703198349709739,0.9989488049122789
BLEBBISTATIN-(+/-),-0.011290776322999907,0.9544430046734634,0.9989488049122789
AVAGACESTAT,-0.011259973844000015,0.8544430314644172,0.9989488049122789
SULFAMOXOLE,-0.011244258390866013,0.4865305899324832,0.9989488049122789
ALCAFTADINE,-0.011226637968324498,0.6546774532205517,0.9989488049122789
DAUCOSTEROL,-0.011184558963500013,0.8135959339516434,0.9989488049122789
ESTRAMUSTINE,-0.0111529717135,0.5848527816741775,0.9989488049122789
RADOTINIB,-0.011136113732389652,0.6506645739566754,0.9989488049122789
ACDPP,-0.011108351932949997,0.983018892004347,0.9989488049122789
TCN201,-0.01108678769469125,0.8345842309233769,0.9989488049122789
DECLOPRAMIDE,-0.01091362537154195,0.6300966369542226,0.9989488049122789
L-760735,-0.010884474964356655,0.97151744141097,0.9989488049122789
4-CMTB,-0.010873900393962799,0.9743707349963443,0.9989488049122789
SUCCINIC-ACID,-0.010845619479950011,0.8983819440928359,0.9989488049122789
TELITHROMYCIN,-0.010808150368000008,0.7429444497915154,0.9989488049122789
BENACTYZINE,-0.010667884801886893,0.9655998678796442,0.9989488049122789
CINTIRORGON,-0.010643021060147972,0.852705965159096,0.9989488049122789
MORANTEL,-0.010510723013670509,0.44056951662469823,0.9989488049122789
KETOPROFEN,-0.010505754286000007,0.7414332021716763,0.9989488049122789
SELITRECTINIB,-0.010482479833003516,0.7847447761334778,0.9989488049122789
AZD8797,-0.01045604185056398,0.8359395444957827,0.9989488049122789
OSI-420,-0.010447335490500004,0.7541474618673457,0.9989488049122789
PIPERIDOLATE,-0.010209565997900003,0.5682199400881833,0.9989488049122789
APRICITABINE,-0.010208830208150006,0.9066083056399343,0.9989488049122789
SECOISOLARICIRESINOL-DIGLUCOSIDE,-0.010196424646400006,0.9415486459709105,0.9989488049122789
BENZOIC-ACID,-0.010181334042500004,0.48211518897287675,0.9989488049122789
ADOMEGLIVANT,-0.010172373151823066,0.8517500190906697,0.9989488049122789
A-582941,-0.01015030636588593,0.8303668677568236,0.9989488049122789
RIMEPORIDE,-0.010088735079629846,0.7572601505606869,0.9989488049122789
MECLINERTANT,-0.010071415965998948,0.6917616075822004,0.9989488049122789
OT-R-ANTAGONIST-1,-0.01005825413620251,0.5522778090672316,0.9989488049122789
KETOHEXOKINASE-INHIBITOR-1,-0.010053479840572553,0.9541442109452929,0.9989488049122789
OXA-06,-0.010007013284569002,0.693908640710359,0.9989488049122789
DICLOFENSINE,-0.009907321583299995,0.8129505488044632,0.9989488049122789
TOLIMIDONE,-0.009882884039800005,0.9279114501651851,0.9989488049122789
ISOCONAZOLE,-0.009823929359522497,0.6897262263582777,0.9989488049122789
LEONURINE,-0.009794249714860703,0.8180812531110764,0.9989488049122789
MORNIFLUMATE,-0.00967400744915,0.3682423985761125,0.9989488049122789
DIMETHYL-FUMARATE,-0.009636807469399999,0.5111968096807104,0.9989488049122789
DISULFIRAM,-0.00963311279750001,0.8941336378950238,0.9989488049122789
SEVOFLURANE,-0.009619424366999973,0.5971947452930281,0.9989488049122789
OXYBUTYNIN,-0.009574493959999986,0.5799956930298551,0.9989488049122789
MAYTANSINOL-ISOBUTYRATE,-0.009550724205000138,0.8480881099660633,0.9989488049122789
U-75799E,-0.009528123544576994,0.6680468730044155,0.9989488049122789
DRONEDARONE,-0.00952169458594,0.7425999323855317,0.9989488049122789
TRIFLUPROMAZINE,-0.009459331837500029,0.4145590464151272,0.9989488049122789
OXYMETAZOLINE,-0.009414348750199988,0.9497380102835858,0.9989488049122789
LOSARTAN,-0.009409463347500008,0.708573958353613,0.9989488049122789
ACIPIMOX,-0.009292469166500061,0.902105263657042,0.9989488049122789
DAZOXIBEN,-0.009277240267399983,0.49185218944200537,0.9989488049122789
DANIRIXIN,-0.009275408534600002,0.9061510111134489,0.9989488049122789
A-381393,-0.009265225646359,0.8913702672972513,0.9989488049122789
TOPIROXOSTAT,-0.009226343003349999,0.8783131560539308,0.9989488049122789
TMC-353121,-0.009113106235000057,0.6967367304443324,0.9989488049122789
PIZOTIFEN,-0.009032035524000004,0.966045474760008,0.9989488049122789
PARACETAMOL,-0.008966288067849992,0.8792310742633284,0.9989488049122789
PROPANTHELINE,-0.008910165606500015,0.7139533403634004,0.9989488049122789
ELIPRODIL,-0.008834910100499999,0.5048314656229096,0.9989488049122789
IU1,-0.008817968450999997,0.6613083848426305,0.9989488049122789
BISOPROLOL,-0.008795125319000008,0.9666926450121487,0.9989488049122789
CLARITHROMYCIN,-0.008640572013699999,0.9274515216925953,0.9989488049122789
UCL-2077,-0.008520074912999998,0.6018449674634234,0.9989488049122789
VU0155069,-0.008466835069999998,0.8647945340740362,0.9989488049122789
ASCORBIC-ACID,-0.008429521672250001,0.9762152021772383,0.9989488049122789
"CP-105,696",-0.008399063552953952,0.8517500190906697,0.9989488049122789
A-839977,-0.008332616803931499,0.7971191126722499,0.9989488049122789
OLOPATADINE,-0.008298951358950007,0.97151744141097,0.9989488049122789
FILANESIB,-0.008272973940000039,0.8026366500754581,0.9989488049122789
TEDIZOLID-PHOSPHATE,-0.008262170771749996,0.9707546842762633,0.9989488049122789
XIBENOLOL,-0.008178058319049997,0.8430657149277024,0.9989488049122789
SDM25N,-0.008146776151500001,0.7587942519514004,0.9989488049122789
DIETHYLCARBAMAZINE,-0.008059659028500005,0.5848623106932986,0.9989488049122789
NEMONAPRIDE,-0.007846563526999972,0.5044817818286278,0.9989488049122789
GSK2330672,-0.007824951719499998,0.8442256114995791,0.9989488049122789
TYRPHOSTIN-AG-1478,-0.007820475255699996,0.828868302659775,0.9989488049122789
PF-03758309,-0.007736475880000038,0.8335745807964523,0.9989488049122789
BUPRANOLOL,-0.007731681840684998,0.6921439721288032,0.9989488049122789
BENZTROPINE-MESYLATE,-0.007725827666809994,0.434551701444453,0.9989488049122789
SDZ-205-557,-0.007714528161150008,0.6425278734386162,0.9989488049122789
DIHOMO-GAMMA-LINOLENIC-ACID,-0.007645909368149989,0.9046144466344012,0.9989488049122789
E-2012,-0.007609335481100002,0.7157140283400826,0.9989488049122789
DIPT,-0.007513468165299991,0.30120060673958793,0.9989488049122789
ABAFUNGIN,-0.007336230617999984,0.9066083056399343,0.9989488049122789
GF109203X,-0.007313668572307974,0.4448131236912376,0.9989488049122789
MK-0752,-0.007213805992000055,0.823767090297954,0.9989488049122789
CE3F4,-0.0071998481614258016,0.7419272656118823,0.9989488049122789
NGB-2904,-0.007104101815399999,0.9050717819787818,0.9989488049122789
ORANTINIB,-0.007098587955999991,0.8830661183883439,0.9989488049122789
ETODOLAC,-0.007084942167499997,0.9389783788437075,0.9989488049122789
ABX464,-0.006944926862507528,0.8461180027906826,0.9989488049122789
FENTHION,-0.006942086036649999,0.7121225449880872,0.9989488049122789
SULINDAC,-0.006878388667250004,0.3139895454766374,0.9989488049122789
IDRA-21,-0.006795616740000288,0.5512022494758281,0.9989488049122789
L-CYSTINE,-0.006705422391109999,0.416309472138534,0.9989488049122789
MOGUISTEINE,-0.006673044565500011,0.8281593173255101,0.9989488049122789
LY303511,-0.006664521701000015,0.2971376621965207,0.9989488049122789
TENOVIN-6,-0.0066070720331000005,0.823767090297954,0.9989488049122789
BMS-CCR2-22,-0.00652447992222599,0.7480054407508677,0.9989488049122789
CINEPAZET,-0.006470574706999993,0.6232370260492253,0.9989488049122789
CR8-(R),-0.006393224815000487,0.36757019909731903,0.9989488049122789
FLUMATINIB,-0.006310225086500004,0.5376636261956376,0.9989488049122789
NITROCARAMIPHEN,-0.006261251384799993,0.7885249014149158,0.9989488049122789
EPIANDROSTERONE,-0.006144223391999992,0.9533116105556265,0.9989488049122789
C-751,-0.0060281994959,0.7435966148685866,0.9989488049122789
ACLIDINIUM,-0.0059987649332,0.5610180663084066,0.9989488049122789
AGI-5198,-0.0059938185325,0.5330520154786802,0.9989488049122789
CINCHONINE,-0.0059179798644624915,0.9260358654695614,0.9989488049122789
L-NIL,-0.005836114955150004,0.44353725547375955,0.9989488049122789
CYCLOPENTOLATE,-0.005737113482499945,0.37824517697950655,0.9989488049122789
CYCLOBENZAPRINE,-0.005722470384349997,0.567593673183741,0.9989488049122789
EFAVIRENZ,-0.005702220817499992,0.5627008968636003,0.9989488049122789
SPHINGOSYLPHOSPHORYLCHOLINE,-0.005621104299350005,0.7667317137364715,0.9989488049122789
NIFUROXAZIDE,-0.005609491422499974,0.7038477624234888,0.9989488049122789
PURVALANOL-B,-0.005589369610000006,0.629490964721166,0.9989488049122789
PICROTIN,-0.005516103992000004,0.9826822453573305,0.9989488049122789
VU152100,-0.005455689586254753,0.9487557811181019,0.9989488049122789
CID-2011756,-0.005378721385723099,0.8408596256518204,0.9989488049122789
HYPERICIN,-0.005372699637499978,0.5324052547624791,0.9989488049122789
AMFENAC,-0.005371227477000029,0.7338074071219691,0.9989488049122789
UDENAFIL,-0.005275973928925259,0.5038292652670564,0.9989488049122789
DORSOMORPHIN,-0.005272961289490841,0.6997811359555655,0.9989488049122789
METACRESOL,-0.005152013197130004,0.82018811850566,0.9989488049122789
R-268712,-0.004837258483805194,0.8415204683786623,0.9989488049122789
MISOPROSTOL,-0.0047766085645000005,0.70014627107805,0.9989488049122789
MK-0773,-0.004771872640499997,0.6227127933572427,0.9989488049122789
BRL-54443,-0.004755026744500013,0.9434394869504068,0.9989488049122789
N-METHYLFORMAMIDE,-0.004706179221676654,0.619917917796929,0.9989488049122789
AMPEROZIDE,-0.004693117073300002,0.8601157321722541,0.9989488049122789
R-1485,-0.004679989942186005,0.7117841164016431,0.9989488049122789
MINERVAL,-0.004663214162946516,0.7523408877324064,0.9989488049122789
ORG-25543,-0.004601915450185484,0.43593208171537945,0.9989488049122789
ACETYLSPIRAMYCIN,-0.004552725751330158,0.21141601136396593,0.9989488049122789
GW-542573X,-0.004339806134385546,0.8026366500754581,0.9989488049122789
DEFERIPRONE,-0.0041620268790500126,0.8026366500754581,0.9989488049122789
AZD4282,-0.0040536630793999995,0.5480371231150597,0.9989488049122789
AMBRISENTAN,-0.0040449191120000005,0.8394539038784764,0.9989488049122789
RIFAXIMIN,-0.004029780061999999,0.6396030082609112,0.9989488049122789
REVEFENACIN,-0.004025584992072596,0.56041731968199,0.9989488049122789
TUCATINIB,-0.004024537017999999,0.3916094676489308,0.9989488049122789
7-NITROINDAZOLE,-0.003950333532049988,0.3693085693147776,0.9989488049122789
METHOXAMINE,-0.003876467856000043,0.8656568143635723,0.9989488049122789
ISOVALERAMIDE,-0.003864838986999991,0.8660765258340379,0.9989488049122789
TELBIVUDINE,-0.0038474659856999986,0.9441620143382379,0.9989488049122789
PALMITOYLETHANOLAMIDE,-0.003815391830759999,0.9601325488242769,0.9989488049122789
LIGUSTILIDE,-0.0037914797188030036,0.45768288310890703,0.9989488049122789
ROLUPERIDONE,-0.003732186761838542,0.9260358654695614,0.9989488049122789
20-HYDROXYECDYSONE,-0.0037124756475000187,0.2274956824321176,0.9989488049122789
LETRAZURIL,-0.003701575683588948,0.8970549049939832,0.9989488049122789
SARI-59-801,-0.00364591247752849,0.7157825697069456,0.9989488049122789
CINACALCET,-0.0035966101730000033,0.8864317776589388,0.9989488049122789
CHLOROTHIAZIDE,-0.0035960487471000113,0.8192473406664559,0.9989488049122789
CV-1808,-0.0035903819848999985,0.6021608623118206,0.9989488049122789
BRIVUDINE,-0.003502507752000006,0.9773598521388447,0.9989488049122789
MITIGLINIDE,-0.0033651696702499956,0.6360400245486137,0.9989488049122789
AMPRENAVIR,-0.0033433898387300043,0.762733812622035,0.9989488049122789
MEPYRAMINE,-0.0033368531372550015,0.9500571059525382,0.9989488049122789
BENFLURALIN,-0.003312596854255903,0.7400882432724074,0.9989488049122789
ENCIPRAZINE,-0.0032965049583500022,0.7193815715109699,0.9989488049122789
PIPEMIDIC-ACID,-0.003279656760545,0.9769110705919566,0.9989488049122789
GSK-J2,-0.003207412016746014,0.6977389645996086,0.9989488049122789
CENOBAMATE,-0.003197372868131307,0.7192987569043678,0.9989488049122789
4-METHYLGENISTEIN,-0.003162789178000003,0.7425429871012064,0.9989488049122789
LM-22A4,-0.0031398065085055105,0.7117841164016431,0.9989488049122789
"L-798,106",-0.0031247748326499875,0.9579394505414942,0.9989488049122789
SUFUGOLIX,-0.0030417102512514532,0.6735206208010739,0.9989488049122789
LODOXAMIDE,-0.003039055809450006,0.9265138450682211,0.9989488049122789
NOBILETIN,-0.002998052637000148,0.8583099888792466,0.9989488049122789
SB-705498,-0.002876733837699999,0.7013655201167512,0.9989488049122789
RILUZOLE,-0.002842938445199998,0.7751527703965084,0.9989488049122789
SGS-742,-0.002803735322517792,0.4207923455947392,0.9989488049122789
SSR-180711,-0.0027084501430084396,0.9743707349963443,0.9989488049122789
TG100-115,-0.002642461774249996,0.823767090297954,0.9989488049122789
CATHARANTHINE,-0.0025704073214095624,0.9260358654695614,0.9989488049122789
AKLOMIDE,-0.0025609445460000047,0.5995748597244577,0.9989488049122789
KD025,-0.002545991322749991,0.9773598521388447,0.9989488049122789
SAPACITABINE,-0.0024803626886096275,0.9198434498158345,0.9989488049122789
CVT-10216,-0.0024314796922433497,0.6470886600110404,0.9989488049122789
ZD-7155,-0.0023717717509000036,0.5139383523748484,0.9989488049122789
LACOSAMIDE,-0.0023324103115499976,0.9497380102835858,0.9989488049122789
REMIMAZOLAM,-0.002277297731200001,0.9123814988925926,0.9989488049122789
INDISULAM,-0.0021592745481500003,0.5046160516876455,0.9989488049122789
DITOLYLGUANIDINE,-0.002147538298500007,0.9146973227401848,0.9989488049122789
ICI-192605,-0.002137671906900007,0.9666926450121487,0.9989488049122789
GTS21,-0.00213261347834999,0.9377943875267072,0.9989488049122789
LISINOPRIL,-0.0020418455556499987,0.6239369718541323,0.9989488049122789
BENZONATATE,-0.002008007517714988,0.8878845766803175,0.9989488049122789
DU-728,-0.00196447140194,0.9809287272486303,0.9989488049122789
RUCINOL,-0.0019353852345350003,0.9385887530535297,0.9989488049122789
ACEFYLLINE,-0.001918081281000017,0.9544430046734634,0.9989488049122789
TRIAMTERENE,-0.0019025871197899946,0.9717019515578663,0.9989488049122789
COPPER-HISTIDINE,-0.0018740863169999927,0.7244980441857846,0.9989488049122789
NEOHESPERIDIN-DIHYDROCHALCONE,-0.0018565786184999988,0.8751638427173556,0.9989488049122789
CAMYLOFINE-CHLORHYDRATE,-0.0018458440835000256,0.39135680171486464,0.9989488049122789
LAMOTRIGINE,-0.0018452797459000136,0.8941336378950238,0.9989488049122789
GLAFENINE,-0.0017758960240000093,0.9058214959106845,0.9989488049122789
PROMAZINE,-0.0017417145399999945,0.940881780255519,0.9989488049122789
PREDNISOLONE-SODIUM-PHOSPHATE,-0.0017337168552999938,0.8934560283279707,0.9989488049122789
ALBENDAZOLE,-0.0016876075699998605,0.6864714359334729,0.9989488049122789
LOPERAMIDE,-0.0016690878922960002,0.7594402853148088,0.9989488049122789
ESTETROL,-0.0016000172746000012,0.8603123747310324,0.9989488049122789
CLEMASTINE,-0.0014075304639999953,0.9102008677795548,0.9989488049122789
L-ERGOTHIONEINE,-0.0013518379535000236,0.9102008677795548,0.9989488049122789
OXINIACIC-ACID,-0.0013429578880000126,0.46057374065206724,0.9989488049122789
SULFACETAMIDE,-0.0013279547220000076,0.403642148437229,0.9989488049122789
EED226,-0.001313998600316349,0.8977468222139392,0.9989488049122789
SD-208,-0.0011814630589999653,0.8920745137740237,0.9989488049122789
LY334370,-0.0011284823846360453,0.8743509695538911,0.9989488049122789
CYC116,-0.001018704225499878,0.8807947935435065,0.9989488049122789
PICLAMILAST,-0.0009828757246500008,0.7103888846616615,0.9989488049122789
PRANIDIPINE,-0.0007112764786000314,0.852705965159096,0.9989488049122789
AMZ30,-0.0006490283786837999,0.8248027097215431,0.9989488049122789
CHLOROXINE,-0.0006120101853000007,0.8665082114238457,0.9989488049122789
INCYCLINIDE,-0.0005502049898720163,0.6323303870911263,0.9989488049122789
HOMOCHLORCYCLIZINE,-0.0005058392714999971,0.271482247046159,0.9989488049122789
ERCALCITRIOL,-0.000495570491999997,0.8565465171787491,0.9989488049122789
BENZOFENAC,-0.0004835909527609872,0.6762018661866008,0.9989488049122789
AZATADINE,-0.00046618311999999107,0.627836784609862,0.9989488049122789
SOMANTADINE,-0.00031452370065299107,0.4998867419672054,0.9989488049122789
MEBROFENIN,-0.0003014156054000072,0.8999262938773032,0.9989488049122789
AZASERINE,-0.00029895983016341166,0.9090344083657707,0.9989488049122789
"2,4-DINITROPHENOL",-0.0002457335645000003,0.7996758352629703,0.9989488049122789
NI-57,-0.00018854135688400886,0.7971661379312067,0.9989488049122789
ETHOXYQUIN,-0.00011865828537704556,0.7861146588782562,0.9989488049122789
ZK-811752,-6.4663813500003e-05,0.9773598521388447,0.9989488049122789
CRESOL,-2.432586736999913e-05,0.8435348231325669,0.9989488049122789
ENROFLOXACIN,5.183228650001981e-05,0.8932728301422118,0.9989488049122789
CLOPAMIDE,0.00019128498135000116,0.9477311972441382,0.9989488049122789
SIBUTRAMINE,0.00023220339850002492,0.9821602454970679,0.9989488049122789
FELODIPINE,0.000424502850499886,0.9260358654695614,0.9989488049122789
DALTROBAN,0.0004871097940499988,0.5502846299426118,0.9989488049122789
AM-24,0.000507868762699995,0.6864714359334729,0.9989488049122789
INCB-3284,0.0005433157989000008,0.981188454490009,0.9989488049122789
BI-224436,0.000548859738124019,0.8144859217726514,0.9989488049122789
OCTOPAMINE,0.0006393321425000043,0.3932264632470557,0.9989488049122789
VAPENDAVIR,0.0006406248224029992,0.5726576197324607,0.9989488049122789
CXD101,0.0006663414904948262,0.8743509695538911,0.9989488049122789
GSK9027,0.0006860829340363528,0.3857063186505605,0.9989488049122789
MOTESANIB,0.0007372100784499985,0.7749073226114355,0.9989488049122789
IBUTILIDE,0.0007427013549999861,0.8948027028404765,0.9989488049122789
GPI-688,0.0008714660085583012,0.7210530391592899,0.9989488049122789
TIARAMIDE,0.000886536552550013,0.8014206719473388,0.9989488049122789
CLOTIAPINE,0.0009291077000000009,0.5020565969989815,0.9989488049122789
ETILEFRINE,0.0011613078409500044,0.8291880784801028,0.9989488049122789
EDAGLITAZONE,0.0011673022361778987,0.45509143800922647,0.9989488049122789
ANTAZOLINE,0.0012254240330000082,0.8639211614693181,0.9989488049122789
GKA-50,0.0015652006958652986,0.44056951662469823,0.9989488049122789
PARA-TOLUENESULFONAMIDE,0.0015767272082000006,0.5265311542559122,0.9989488049122789
THIAMET-G,0.001605150146350015,0.7657186000356273,0.9989488049122789
OXETHAZAINE,0.001632313779900002,0.8920745137740237,0.9989488049122789
MK-2206,0.001681065013500016,0.9033761125172047,0.9989488049122789
ACETYL-L-LEUCINE,0.0017149136617500005,0.7874674242029149,0.9989488049122789
PF-04457845,0.0017549667180000172,0.6762051927305084,0.9989488049122789
URACIL,0.0017711781740500018,0.7447312746416134,0.9989488049122789
SODIUM-STIBOGLUCONATE,0.001778859225500029,0.8914743787794714,0.9989488049122789
SPIZOFURONE,0.0017811704644180026,0.6820848438163485,0.9989488049122789
PHENYLMETHYLSULFONYL-FLUORIDE,0.0018495156765570009,0.8695392055540685,0.9989488049122789
ECABAPIDE,0.0018996146900000233,0.972063889106728,0.9989488049122789
ESTRADIOL,0.0019071026080000053,0.83188947617573,0.9989488049122789
FENOPROFEN,0.0019720168500000357,0.9533116105556265,0.9989488049122789
PANIPENEM,0.002000570416457695,0.708573958353613,0.9989488049122789
CLEVIPREX,0.002004130733499976,0.6944989943666622,0.9989488049122789
LONIDAMINE,0.0020362962043499883,0.7371508960182673,0.9989488049122789
SB-221284,0.0022126976920000124,0.8137010295455132,0.9989488049122789
DIMPYLATE,0.0022352259131499935,0.6329787799824887,0.9989488049122789
MONOCTANOIN,0.00233228562085,0.9473848301654796,0.9989488049122789
PIPERONYL-BUTOXIDE,0.0023673478103999994,0.43823907554994224,0.9989488049122789
2-CHLORO-N6-CYCLOPENTYLADENOSINE,0.0025258457604999673,0.3139895454766374,0.9989488049122789
LUBIPROSTONE,0.0026346887500000027,0.6678691404963765,0.9989488049122789
TIOGUANINE,0.002707135224584989,0.47778842934700405,0.9989488049122789
RALOXIFENE,0.0027406646950000058,0.9500571059525382,0.9989488049122789
2-PHENYLMELATONIN,0.002755743599549998,0.554149688735898,0.9989488049122789
FGIN-1-43,0.0027717269020000046,0.7435966148685866,0.9989488049122789
FOSINOPRIL,0.0028313161860000213,0.9168584488878047,0.9989488049122789
MITOTANE,0.0028426061806755007,0.9829081410360564,0.9989488049122789
S-ISOPROPYLISOTHIOUREA,0.002871332890899997,0.6548969644692095,0.9989488049122789
CEFADROXIL,0.0028747499417499933,0.8105872503364194,0.9989488049122789
ADAPALENE,0.002886294318999977,0.7916116950187598,0.9989488049122789
TROVAFLOXACIN,0.002914067161999989,0.37981903726388333,0.9989488049122789
2-CHLOROADENOSINE,0.0029642256051164995,0.673945704911679,0.9989488049122789
RUTAECARPINE,0.0029680179088499847,0.9829081410360564,0.9989488049122789
TRIMEBUTINE,0.0031153150375000105,0.8728279891245058,0.9989488049122789
ID-8,0.0031214732760000002,0.3867313352419762,0.9989488049122789
CITCO,0.0031600070504999855,0.5370739166616303,0.9989488049122789
CYTOCHLOR,0.003199253500799998,0.808164043951114,0.9989488049122789
SETIPTILINE,0.0032783817995000013,0.9497380102835858,0.9989488049122789
COH29,0.0032903769846550635,0.655849204369839,0.9989488049122789
L-ASPARAGINE-N-HYDROXY,0.003322683371166448,0.525748592505669,0.9989488049122789
WZ8040,0.0033308583094499994,0.7806282644628137,0.9989488049122789
M-25,0.0033593786557234717,0.73586514517087,0.9989488049122789
KARTOGENIN,0.0033859404589471065,0.4279788779081364,0.9989488049122789
FLURBIPROFEN-(+/-),0.0034609247799999854,0.2907979116955228,0.9989488049122789
NADIFLOXACIN,0.003572954696099997,0.919204629144527,0.9989488049122789
PANCURONIUM,0.0036212969040000376,0.9603755698843486,0.9989488049122789
FRUQUINTINIB,0.0036241962098,0.8258939952297807,0.9989488049122789
LOXISTATIN-ACID,0.003661540691999976,0.8798707527843653,0.9989488049122789
AVORALSTAT,0.003679401533938302,0.6506645739566754,0.9989488049122789
GSK3787,0.0037162434248499965,0.634538460860588,0.9989488049122789
EC-23,0.0037436731233401986,0.9677298485377999,0.9989488049122789
SENNOSIDE-A,0.0037868375078614555,0.7523408877324064,0.9989488049122789
CINOXATE,0.0038695881574999924,0.70014627107805,0.9989488049122789
AZD5069,0.0039058548053499953,0.9547379293906513,0.9989488049122789
ROCURONIUM,0.003906344411649998,0.8281122933640891,0.9989488049122789
RO-48-6791,0.003909278878262996,0.31082276448595325,0.9989488049122789
FOSFOMYCIN,0.00392225974999999,0.8743937504024242,0.9989488049122789
MOCETINOSTAT,0.003971088164999692,0.23025820621171433,0.9989488049122789
ATOMOXETINE,0.0039809766775000255,0.9550290597688897,0.9989488049122789
ACETRIAZOIC-ACID,0.004054156059658698,0.7279011963948921,0.9989488049122789
OXATOMIDE,0.004201554148249992,0.9265138450682211,0.9989488049122789
PARITAPREVIR,0.004211049417950002,0.5379487181142137,0.9989488049122789
CALCIPOTRIOL,0.0042127576006499995,0.6652988577174523,0.9989488049122789
MEGESTROL-ACETATE,0.004219240056499984,0.5204231868267928,0.9989488049122789
ILEPCIMIDE,0.004222706866650008,0.5752625036200805,0.9989488049122789
CAFESTOL,0.0042730771835,0.8303668677568236,0.9989488049122789
SIMEPREVIR,0.004286787599604998,0.8471093666021025,0.9989488049122789
ALANTOLACTONE,0.004327406013167053,0.6997811359555655,0.9989488049122789
WB-4101,0.004356462336950001,0.814886411745666,0.9989488049122789
ERTEBEREL,0.00440768072299999,0.58258274894471,0.9989488049122789
PPY-A,0.004586468041558989,0.8787109897904567,0.9989488049122789
PROCAINAMIDE,0.004593017564049992,0.7806282644628137,0.9989488049122789
JDTIC,0.004626217873509999,0.7657186000356273,0.9989488049122789
"ICI-185,282",0.004640899055500025,0.9544430046734634,0.9989488049122789
WNT-C59,0.004652124100449996,0.823767090297954,0.9989488049122789
METHANTHELINE,0.0046853742195878,0.9430711671012776,0.9989488049122789
GZD824,0.004720148965999982,0.7373156772164182,0.9989488049122789
CL316243,0.00472411198650001,0.6546774532205517,0.9989488049122789
WAY-316606,0.004777574497441303,0.7682193652763997,0.9989488049122789
CHLORPHENSIN-CARBAMATE,0.005055702349000005,0.4410405065244466,0.9989488049122789
HYDROXYSAFFLOR-YELLOW-A,0.005061228218765604,0.708573958353613,0.9989488049122789
ACRYLATE,0.005092213025012032,0.9829081410360564,0.9989488049122789
EPINASTINE,0.005216257335749985,0.4992535174708579,0.9989488049122789
OCTREOTIDE,0.0052324371201500006,0.539841311917282,0.9989488049122789
ECONAZOLE,0.005282513693700003,0.9773598521388447,0.9989488049122789
ACEDAPSONE,0.005385879454000014,0.7373156772164182,0.9989488049122789
SOFALCONE,0.0053929288282,0.5391300407438244,0.9989488049122789
CLOXACILLIN,0.005401996387000008,0.7564398604347067,0.9989488049122789
FLAVOXATE,0.005402153061800002,0.8013678042649459,0.9989488049122789
MOTOLIMOD,0.005455447902050992,0.9290799444764025,0.9989488049122789
TIOPRONIN,0.005506488140000015,0.4769364497589641,0.9989488049122789
ENTACAPONE,0.005571324557549995,0.8490544709812577,0.9989488049122789
VERUCERFONT,0.005705095225594509,0.9601325488242769,0.9989488049122789
CARBENDAZIM,0.0057358127775025015,0.9824502949659324,0.9989488049122789
3-DEAZAADENOSINE,0.005749174817999997,0.5682199400881833,0.9989488049122789
DEXLANSOPRAZOLE,0.005760978277000006,0.8178235706529865,0.9989488049122789
PEMAFIBRATE,0.005934558574615861,0.8639211614693181,0.9989488049122789
GSK2578215A,0.005999924820931507,0.8597450206757379,0.9989488049122789
SB-525334,0.006012702612499976,0.7765711177267853,0.9989488049122789
MEBEVERINE,0.006033977229999987,0.6145998444655767,0.9989488049122789
OLVANIL,0.006155819847314999,0.8369878089900054,0.9989488049122789
BECLOMETHASONE,0.006183424997549994,0.6867425721032003,0.9989488049122789
"3,3'-DIINDOLYLMETHANE",0.006210428762999987,0.5725067266892718,0.9989488049122789
DOMPERIDONE,0.006256594649000011,0.3671202177282049,0.9989488049122789
EPEREZOLID,0.006387072748450004,0.7751527703965084,0.9989488049122789
METHYCLOTHIAZIDE,0.0064262638560000085,0.9777915120820623,0.9989488049122789
RIZATRIPTAN,0.006437922721549999,0.6813602519012436,0.9989488049122789
VINBLASTINE,0.006594801933999972,0.9240601610496681,0.9989488049122789
LUZINDOLE,0.006614567541377098,0.7317717128266401,0.9989488049122789
AC-186,0.006694774193387848,0.7540993199847056,0.9989488049122789
DIPEPTAMIN,0.006719707917000051,0.9133776589253483,0.9989488049122789
MITOXANTRONE,0.006814912959999919,0.3875520100713439,0.9989488049122789
PSI-6130,0.006931479115499989,0.8369878089900054,0.9989488049122789
BEFURALINE,0.006953882366000003,0.8075024740783546,0.9989488049122789
PARETHOXYCAINE,0.0069545445540005885,0.7317717128266401,0.9989488049122789
MASITINIB,0.006997837632000015,0.9832361408846589,0.9989488049122789
MEVASTATIN,0.007004328753,0.9747782816440226,0.9989488049122789
DWK-1339,0.0070052894236181384,0.7425429871012064,0.9989488049122789
NICOTINAMIDE,0.007023278259499999,0.726405680270062,0.9989488049122789
PINDOLOL-(-),0.007129042584184646,0.8864317776589388,0.9989488049122789
LIAROZOLE,0.00713628660214502,0.73586514517087,0.9989488049122789
BETA-HYDROXY-BETA-METHYLBUTYRATE,0.007356304648551998,0.9162292182884969,0.9989488049122789
GW-441756,0.007391959040000007,0.7387919408345711,0.9989488049122789
BICUCULLINE-(+),0.007446214784999988,0.9260358654695614,0.9989488049122789
EPTIFIBATIDE,0.007535663283749994,0.48687599737437026,0.9989488049122789
10-DEBC,0.007566507333379999,0.4606956275062052,0.9989488049122789
ALENDRONATE,0.007714093965500005,0.6744553740865572,0.9989488049122789
ICG-001,0.007777754854499996,0.5312499859948482,0.9989488049122789
NICARDIPINE,0.007965061329250005,0.9777915120820623,0.9989488049122789
PROCYANIDIN-B-2,0.007967376163149999,0.8703771847533474,0.9989488049122789
TENAPANOR,0.008086621238456854,0.46785089872571595,0.9989488049122789
TIMONACIC,0.008218647558049998,0.8454989101220725,0.9989488049122789
BETA-GLYCEROPHOSPHORIC-ACID,0.0082403233015,0.2243821834116817,0.9989488049122789
ID-1101,0.0082905085484801,0.5018612284663218,0.9989488049122789
LANSOPRAZOLE,0.008414920208999976,0.9762152021772383,0.9989488049122789
AK-7,0.008450824183378544,0.8723807059089486,0.9989488049122789
CYAMEMAZINE,0.0085249421872,0.8812905478112637,0.9989488049122789
THIOTEPA,0.008595414612168048,0.9601325488242769,0.9989488049122789
DIPYROCETYL,0.00860659004834545,0.6272575855382218,0.9989488049122789
METOCURINE,0.008761380516999998,0.7122388317924814,0.9989488049122789
TC-E-5002,0.008774617108201453,0.9419491920055928,0.9989488049122789
NEOSTIGMINE,0.009177928910500066,0.5971963120883523,0.9989488049122789
OBIDOXIME,0.009334072858999981,0.7087311285331366,0.9989488049122789
EUK-134,0.009335578359082997,0.7642355096495574,0.9989488049122789
VUF11207,0.009388767046507943,0.7298194270363418,0.9989488049122789
AZODICARBONAMIDE,0.009393009515999973,0.44191938164633215,0.9989488049122789
MIRTAZAPINE,0.009433864650500029,0.5185236381899284,0.9989488049122789
RS-79948,0.00949773878600002,0.6600277116514566,0.9989488049122789
PERFLUBRON,0.009603181901200006,0.7010461909741461,0.9989488049122789
2-AMINOBENZENESULFONAMIDE,0.009750658832784996,0.8346172121019146,0.9989488049122789
MC1568,0.009953730918755482,0.9146973227401848,0.9989488049122789
HA14-1,0.009975262650000039,0.4895432430471929,0.9989488049122789
NBQX,0.009998553690899983,0.8454989101220725,0.9989488049122789
ACT-462206,0.009999362047387994,0.7847918044938961,0.9989488049122789
DIHYDROERGOTAMINE,0.010103946665499963,0.6425278734386162,0.9989488049122789
ELLAGIC-ACID,0.0101089484577,0.49133226826010623,0.9989488049122789
PRX-08066,0.010115950421850012,0.8445230324851607,0.9989488049122789
L-PROLINE,0.010132634016400001,0.953223838990811,0.9989488049122789
LAPPACONITE,0.010202434526000004,0.6323303870911263,0.9989488049122789
MIDODRINE,0.010205391721499979,0.7174331196485686,0.9989488049122789
GW-9508,0.01020573525955,0.7174771411615847,0.9989488049122789
MEISOINDIGO,0.010212032671400001,0.6148555776256919,0.9989488049122789
AS-1949490,0.010277012165780003,0.8639211614693181,0.9989488049122789
HEMADO,0.010402163920699994,0.47363920706082885,0.9989488049122789
R-1479,0.0104296746492,0.44810369776087666,0.9989488049122789
BEMEGRIDE,0.010469552995500009,0.43514180460301255,0.9989488049122789
MEGLUTOL,0.01047780591812425,0.5581679240828987,0.9989488049122789
IKK-16,0.01058342248080002,0.6065534197942806,0.9989488049122789
LIOTHYRONINE-(ISOMER),0.01063727160466501,0.5443684451764051,0.9989488049122789
GONADORELIN,0.010725555152784998,0.7029936383560373,0.9989488049122789
ZLN024,0.010760312552917553,0.8359395444957827,0.9989488049122789
"4,4-PENTAMETHYLENEPIPERIDINE",0.010781716766250005,0.8920745137740237,0.9989488049122789
SNAP-94847,0.010808953844914988,0.7210530391592899,0.9989488049122789
ATIPRIMOD,0.010811032458500014,0.6149517390719481,0.9989488049122789
MRK-560,0.010902242018641845,0.7751527703965084,0.9989488049122789
SELADELPAR,0.0109935926246238,0.5824155747231048,0.9989488049122789
MENBUTONE,0.011193326037499993,0.8521789268968154,0.9989488049122789
BUTYLATED-HYDROXYANISOLE,0.011229964337099996,0.8490544709812577,0.9989488049122789
JNJ-7706621,0.011447526175000222,0.5486082086949211,0.9989488049122789
CCG-1423,0.011473023439827534,0.8751638427173556,0.9989488049122789
TETRAHYDROPAPAVERINE,0.011513176266000014,0.4795897618650552,0.9989488049122789
OMADACYCLINE,0.011529078020113102,0.9430711671012776,0.9989488049122789
BERGENIN,0.011654193413000002,0.6189900003063826,0.9989488049122789
DSPC,0.011816047242785566,0.6300966369542226,0.9989488049122789
CARDIONOGEN-1,0.012013576669464801,0.7103888846616615,0.9989488049122789
NDD-094,0.012028038038915646,0.9426980198656748,0.9989488049122789
NEDOCROMIL,0.012093697391500013,0.8203986964559381,0.9989488049122789
R-96544,0.012121387965000008,0.7971191126722499,0.9989488049122789
VATINOXAN,0.012155920360748348,0.9373894511674218,0.9989488049122789
AMRUBICIN,0.012215096636735145,0.8270702407850892,0.9989488049122789
NORETHISTERONE-ENANTHATE,0.012514724235949987,0.9623873641946916,0.9989488049122789
THIOCOLCHICOSIDE,0.012544193594799996,0.8963783312624174,0.9989488049122789
AV-608,0.01261477848494999,0.7070578605220976,0.9989488049122789
AZD9272,0.012714231204509513,0.6998488202605145,0.9989488049122789
GSK163090,0.012723645168999986,0.9008006049578108,0.9989488049122789
PIBENZIMOL,0.012765214755650005,0.9770626293419096,0.9989488049122789
CC4,0.012773468843034194,0.6527931850992597,0.9989488049122789
PIRINIXIC-ACID,0.012918705547499992,0.5629779684891021,0.9989488049122789
SB-328437,0.012959179174500013,0.5703198349709739,0.9989488049122789
METOLAZONE,0.012965765941999996,0.9434394869504068,0.9989488049122789
NTNCB,0.012968012476000046,0.5703198349709739,0.9989488049122789
NORCYCLOBENZAPRINE,0.012970690918999994,0.6121453228136029,0.9989488049122789
ZD-2079,0.0131175461548,0.8647945340740362,0.9989488049122789
ACTINOQUINOL,0.013173801960984999,0.88930077330822,0.9989488049122789
GAMMA-LINOLENIC-ACID,0.013248780731999976,0.4808678791104778,0.9989488049122789
PADSEVONIL,0.013324628085015,0.8686903645233097,0.9989488049122789
1-NAPHTHYL-PP1,0.013344281639999789,0.808164043951114,0.9989488049122789
NPY-5RA972,0.013391212195500019,0.6497824617708761,0.9989488049122789
FONDAPARINUX,0.013400348390955302,0.7792251078346246,0.9989488049122789
NAFCILLIN,0.013453999780999926,0.7341712003165755,0.9989488049122789
ER-50891,0.01345904916456445,0.7861146588782562,0.9989488049122789
BMS-817378,0.013466065943102387,0.6159135274144121,0.9989488049122789
OCTISALATE,0.013492176370950001,0.6774865805767136,0.9989488049122789
TEPP-46,0.01358255370985767,0.8695392055540685,0.9989488049122789
FRENTIZOLE,0.013666673358849999,0.7955217391894682,0.9989488049122789
CLOPIDOL,0.013699735185499995,0.6873218011739946,0.9989488049122789
NIGULDIPINE-(S)-(+),0.013728544338500015,0.4105126795499928,0.9989488049122789
ENTASOBULIN,0.013731864292430007,0.8800180123822792,0.9989488049122789
ASTRAGALOSIDE-A,0.013848655522899996,0.8517500190906697,0.9989488049122789
TIE2-KINASE-INHIBITOR,0.01387412933734998,0.634538460860588,0.9989488049122789
PARICALCITOL,0.013892505800800009,0.8610015319813157,0.9989488049122789
BEVENOPRAN,0.013896444086958455,0.8292701760487714,0.9989488049122789
ZM-39923,0.014052163397101525,0.7533649124965862,0.9989488049122789
GSK-J1,0.014060673768426207,0.8714454933153422,0.9989488049122789
PAZOPANIB,0.014069504905399995,0.902105263657042,0.9989488049122789
DG-172,0.01417447594313348,0.7751527703965084,0.9989488049122789
PENICILLIN-V-POTASSIUM,0.014281809657349986,0.8849409428503903,0.9989488049122789
CLOFEDANOL,0.014328900230049998,0.2682136409095264,0.9989488049122789
IOXAGLIC-ACID,0.01436660728855002,0.7753855696287895,0.9989488049122789
SUXIBUZONE,0.014399594250499997,0.5710739443750281,0.9989488049122789
SODIUM-NITROPRUSSIDE,0.014424413791859853,0.7642355096495574,0.9989488049122789
VU-0422288,0.014445339669793944,0.885049037255607,0.9989488049122789
CYCLAMIC-ACID,0.014469622519500014,0.691596998279468,0.9989488049122789
IBUPROFEN-(S),0.014477765258799995,0.7765711177267853,0.9989488049122789
AP-18,0.01449190709116488,0.5678079220080939,0.9989488049122789
MESNA,0.014506049329500004,0.8580276569875211,0.9989488049122789
CID-2745687,0.014550304806323494,0.9772122103641975,0.9989488049122789
9-ANTHRACENECARBOXYLIC-ACID,0.014560683518912931,0.9430711671012776,0.9989488049122789
SUN-11602,0.014592808389648798,0.7751527703965084,0.9989488049122789
BCX-1470,0.014596351728733845,0.5877455035125619,0.9989488049122789
GSK-0660,0.014641383665049995,0.4238290030353613,0.9989488049122789
ITX3,0.014650119373829387,0.8303668677568236,0.9989488049122789
SULFABENZAMIDE,0.01465160796499998,0.28615904451711793,0.9989488049122789
ZOSUQUIDAR,0.014713632721750011,0.47497644712068043,0.9989488049122789
ZOTAROLIMUS,0.014818598871499972,0.7525404920485135,0.9989488049122789
WIN-18446,0.014873371943565472,0.7956998320699002,0.9989488049122789
MOLSIDOMINE,0.014888580877349997,0.36757019909731903,0.9989488049122789
IB-MECA,0.01491508705393,0.4811734660950977,0.9989488049122789
CHLOROTRIANISENE,0.014955823632499976,0.5391300407438244,0.9989488049122789
WIN-64338,0.01506082797449998,0.814886411745666,0.9989488049122789
GSK503,0.015065001899385477,0.6102326178925732,0.9989488049122789
IODOANTIPYRINE,0.015134841739350008,0.7121225449880872,0.9989488049122789
CO-101244,0.015202394007549996,0.8415204683786623,0.9989488049122789
MOXISYLYTE,0.015202622600255004,0.9441620143382379,0.9989488049122789
TRIAMCINOLONE-ACETONIDE,0.015215581777599997,0.43689844029862757,0.9989488049122789
2-METHYLIMIDAZOLE,0.015258133892272804,0.9487557811181019,0.9989488049122789
G-15,0.015380582156299998,0.37899485835626945,0.9989488049122789
CLOSANTEL,0.015530181858499997,0.8977227197251831,0.9989488049122789
CIPAMFYLLINE,0.015571253179978775,0.8743509695538911,0.9989488049122789
KRN-633,0.015586079749000004,0.7174771411615847,0.9989488049122789
UBP-310,0.01569392257008935,0.7479477414312314,0.9989488049122789
CHLOROPYRAMINE,0.015838478625000096,0.9346553341563564,0.9989488049122789
ZILEUTON,0.015850364626049995,0.5174837381184904,0.9989488049122789
CP-775146,0.015871056529702,0.5904886695353557,0.9989488049122789
PHORTRESS,0.01587975188910795,0.9162292182884969,0.9989488049122789
PF-06260414,0.016255997788228477,0.6979066317055458,0.9989488049122789
MOXIDECTIN,0.01626576060219999,0.7387919408345711,0.9989488049122789
CHLORPROPHAM,0.01630723734550049,0.5522778090672316,0.9989488049122789
MR-948,0.016601265970219048,0.7971661379312067,0.9989488049122789
BROMHEXINE,0.016763403736999985,0.7916116950187598,0.9989488049122789
QUINELORANE,0.01679389723649999,0.6468160909457348,0.9989488049122789
MNITMT,0.01683573617509998,0.7889218405315273,0.9989488049122789
SE-METHYLSELENOCYSTEINE,0.016850329436000067,0.7612563216440311,0.9989488049122789
GUANABEN-ACETATE,0.016882910136999996,0.5009668887286944,0.9989488049122789
LEVALLORPHAN,0.016903913247390004,0.9046144466344012,0.9989488049122789
BIPERIDEN,0.016909058891500017,0.9434394869504068,0.9989488049122789
PENBUTOLOL,0.01691660123149999,0.8325188126792755,0.9989488049122789
LY3200882,0.016947247121640474,0.8970549049939832,0.9989488049122789
GLPG0492-R-ENANTIOMER,0.01700473148182352,0.95483361321294,0.9989488049122789
BENZYLDIMETHYLOCTYLAMMONIUM,0.017034518423215517,0.576647572696428,0.9989488049122789
2-FLUORO-2-DEOXY-D-GALACTOSE,0.017035801329185,0.37516258872731534,0.9989488049122789
VINDESINE,0.01708474409299998,0.9473848301654796,0.9989488049122789
E-64,0.017102501220650004,0.5608264670706353,0.9989488049122789
CAMKII-IN-1,0.017193820603188997,0.7786247643860507,0.9989488049122789
ROLIPRAM,0.017227496313715,0.9658241242728414,0.9989488049122789
ACALABRUTINIB,0.01725286733850001,0.974919746729034,0.9989488049122789
IPAG,0.017261763303749983,0.911337834154257,0.9989488049122789
COROSOLIC-ACID,0.017287934358900026,0.8373330870307547,0.9989488049122789
"3,3'-DICHLOROBENZALDAZINE",0.017377568744799995,0.3495432138822592,0.9989488049122789
FERROSTATIN-1,0.017407989422014353,0.7210530391592899,0.9989488049122789
GUANADREL,0.017419015548000016,0.9346720708445536,0.9989488049122789
MK-8245,0.0174627992302,0.9717019515578663,0.9989488049122789
GESTODENE,0.0175156430063,0.5361499378452013,0.9989488049122789
I-BRD9,0.0176182032408976,0.6159135274144121,0.9989488049122789
FLUDARABINE-PHOSPHATE,0.017651061692499997,0.7971191126722499,0.9989488049122789
IRGANOX-1010,0.017764984354857308,0.7032329924524046,0.9989488049122789
GANAXOLONE,0.017847883061000047,0.88930077330822,0.9989488049122789
J147,0.017867599679396245,0.5775268940629252,0.9989488049122789
HESPERADIN,0.017935391494999564,0.6396030082609112,0.9989488049122789
BETAZOLE,0.017945141259500003,0.8610015319813157,0.9989488049122789
RO-60-0175,0.017956756610450014,0.9373894511674218,0.9989488049122789
LUFENURON,0.01800759201749999,0.6763863260009093,0.9989488049122789
VADADUSTAT,0.0180637456937151,0.5507760715930471,0.9989488049122789
"4-PHENYL-1,2,3,4-TETRAHYDROISOQUINOLINE",0.0183285002057089,0.6579507592650893,0.9989488049122789
PROPYPHENAZONE,0.018361363947302506,0.7300791088840405,0.9989488049122789
CU-CPT-4A,0.0184568004305743,0.48403878801733224,0.9989488049122789
MORIN,0.01846351663000001,0.924435554324881,0.9989488049122789
LEUPROLIDE,0.0186048128875,0.6232370260492253,0.9989488049122789
AVN-492,0.018664735402028898,0.9713305083167931,0.9989488049122789
MISONIDAZOLE,0.018675802180350004,0.9298859999502327,0.9989488049122789
PURVALANOL-A,0.0188591549889,0.8983819440928359,0.9989488049122789
BENZOTRIPT,0.018883375706500005,0.3820718854271279,0.9989488049122789
WHI-P154,0.019172061955200003,0.7647444002515483,0.9989488049122789
PHLORIZIN,0.01920867637595,0.9090344083657707,0.9989488049122789
TEIJIN-COMPOUND-1,0.019216701157734495,0.5205220299325415,0.9989488049122789
TUG-891,0.019228879113901476,0.4747160900140843,0.9989488049122789
ACETOHYDROXAMIC-ACID,0.0192407425811,0.27241110950310077,0.9989488049122789
GDC-0927,0.019290302056140653,0.6374205500684976,0.9989488049122789
MEBICAR,0.0193628403975,0.5824588315873355,0.9989488049122789
NALOXONE,0.01951638232499997,0.8728550939049544,0.9989488049122789
CARBENOXOLONE,0.01957030415399999,0.7502139470033227,0.9989488049122789
RO-61-8048,0.01981214210248991,0.9806345291497263,0.9989488049122789
ALACEPRIL,0.0198639814561,0.6204884732308797,0.9989488049122789
PHENFORMIN,0.01993814762599999,0.3336753331435739,0.9989488049122789
MEPIROXOL,0.02002087434649996,0.4620188003271287,0.9989488049122789
EFLORNITHINE,0.020202648747999985,0.3196382251776906,0.9989488049122789
NSC-319726,0.020220698795000214,0.6655186812814062,0.9989488049122789
SULTAMICILLIN,0.020232928970255602,0.7737165503290819,0.9989488049122789
MOLIDUSTAT,0.020268574989029998,0.5608264670706353,0.9989488049122789
EZATIOSTAT,0.020302137473500015,0.259200151349418,0.9989488049122789
DOFEQUIDAR,0.020327252350999997,0.7495262952952877,0.9989488049122789
ETRETINATE,0.0203291570368271,0.8920745137740237,0.9989488049122789
DIGOXIN,0.02044260940000031,0.5729477057355556,0.9989488049122789
TELOTRISTAT,0.020465759033499953,0.6590316712778447,0.9989488049122789
OXFENDAZOLE,0.020492227191899998,0.7739875067954978,0.9989488049122789
AS-252424,0.02050296984897254,0.8303668677568236,0.9989488049122789
UFENAMATE,0.020555920465699998,0.6599795898660183,0.9989488049122789
CLONIDINE,0.02059710538909998,0.791426126073881,0.9989488049122789
FEVIPIPRANT,0.020671700140933058,0.5824155747231048,0.9989488049122789
CICLESONIDE,0.020964547933399996,0.8830661183883439,0.9989488049122789
MEXILETINE,0.02097951292400002,0.6712585961220776,0.9989488049122789
MBX-2982,0.02103315772900005,0.8026366500754581,0.9989488049122789
ENTECAVIR,0.02105054979099999,0.3468680156062961,0.9989488049122789
HEXYLCAINE,0.021064896983600007,0.7916116950187598,0.9989488049122789
TAVILERMIDE,0.021090281818653953,0.8856912072112384,0.9989488049122789
IPRAGLIFLOZIN-L-PROLINE,0.021115815432,0.9833426929213817,0.9989488049122789
TACRINE,0.021135788035999997,0.8790082981521208,0.9989488049122789
CARTEOLOL,0.021156412806525,0.6963800771478859,0.9989488049122789
REGADENOSON,0.021187875294500003,0.691596998279468,0.9989488049122789
TORCITABINE,0.02125401899519,0.7778041246959724,0.9989488049122789
FLUPENTIXOL,0.0214078587329,0.9662639754778316,0.9989488049122789
MENADIONE-BISULFITE,0.021416178831150004,0.40922194048696126,0.9989488049122789
ANIRACETAM,0.021490374081099994,0.7334436450266597,0.9989488049122789
TOREMIFENE,0.02154186292845,0.6261438007300147,0.9989488049122789
IVOSIDENIB,0.021602203719577953,0.9487679072437917,0.9989488049122789
ETRABAMINE,0.0216208268651027,0.9027448317959773,0.9989488049122789
TTP-22,0.02167249751679365,0.7298194270363418,0.9989488049122789
6-CHLOROMELATONIN,0.0216842539705,0.9287300745648026,0.9989488049122789
FROVATRIPTAN,0.021689968551150005,0.5294981483048331,0.9989488049122789
MEDRONIC-ACID,0.021756245878249994,0.3367842120247876,0.9989488049122789
LAROTRECTINIB,0.02181811682695,0.5379487181142137,0.9989488049122789
GSK-J5,0.021897372106079647,0.7786247643860507,0.9989488049122789
SEROTONIN,0.021950229616399988,0.8169001517759288,0.9989488049122789
LAURIC-DIETHANOLAMIDE,0.0220416402357915,0.6413284804916541,0.9989488049122789
IOCETAMIC-ACID,0.022147815894449988,0.9058214959106845,0.9989488049122789
CYCLOSPORIN-A,0.022151603351355,0.4965648957663471,0.9989488049122789
TRIPROLIDINE,0.022342538278999985,0.8823186591058013,0.9989488049122789
GKT137831,0.0223839125616,0.6541530150924372,0.9989488049122789
ORPHENADRINE,0.022444833159350003,0.4824416545437378,0.9989488049122789
ALRESTATIN,0.0224867727241,0.8038895496959952,0.9989488049122789
PD-166793,0.022553249203049998,0.6709439001361087,0.9989488049122789
SOBUZOXANE,0.022553981738326054,0.7300791088840405,0.9989488049122789
BUPICOMIDE,0.02256154967218149,0.3822040506745986,0.9989488049122789
METHIAZOLE,0.022665144705850016,0.4952223402647773,0.9989488049122789
GW-1100,0.022697527674252344,0.9260358654695614,0.9989488049122789
KW-3902,0.022736443902941203,0.9679665180299192,0.9989488049122789
METICRANE,0.022865736609500004,0.7205147871362552,0.9989488049122789
FASUDIL,0.02287272109049998,0.7122388317924814,0.9989488049122789
CHROMIUM-PICOLINATE,0.022955162832000053,0.2250520761526532,0.9989488049122789
EFINACONAZOLE,0.023022423695499977,0.8075024740783546,0.9989488049122789
FLUMECINOL,0.023068220978199994,0.7413202864907289,0.9989488049122789
PROPOXUR,0.02315044774449998,0.31107914653599134,0.9989488049122789
IBROLIPIM,0.023167831381775,0.9649090793282487,0.9989488049122789
DG051,0.02319660212949698,0.8461180027906826,0.9989488049122789
SUCCINYLSULFATHIAZOLE,0.023209302802499998,0.4651158539885196,0.9989488049122789
DIATRIZOIC-ACID,0.02322284845799999,0.9662639754778316,0.9989488049122789
SECALCIFEROL,0.02324337940785,0.4216312527726064,0.9989488049122789
API-1,0.023282845173474787,0.5111968096807104,0.9989488049122789
XAV-939,0.023304387323499987,0.9658241242728414,0.9989488049122789
DROPERIDOL,0.023410203076000002,0.7647444002515483,0.9989488049122789
DAA-1106,0.023476666281425397,0.7480054407508677,0.9989488049122789
DEFEROXAMINE-MESYLATE,0.023564701925649995,0.8603123747310324,0.9989488049122789
METHOPRENE-(S),0.023607731276000007,0.7317009589325085,0.9989488049122789
NS-19504,0.0236084500786949,0.8920745137740237,0.9989488049122789
L-745870,0.02384760994565001,0.6396030082609112,0.9989488049122789
TC-LPA5-4,0.023922833089837003,0.8158226867165818,0.9989488049122789
REPSOX,0.023931856500499893,0.8114825221108789,0.9989488049122789
ACETYL-FARNESYL-CYSTEINE,0.023993055222499948,0.5258089534529393,0.9989488049122789
NIFURSOL,0.024088769668200005,0.6983230852085848,0.9989488049122789
LITHIUM-ACETOACETATE,0.024167957424699998,0.16177551044354388,0.9989488049122789
KAEMPFEROL,0.024286028242099997,0.7495262952952877,0.9989488049122789
AMOROLFINE,0.024286675361500004,0.8369878089900054,0.9989488049122789
CARBETOCIN,0.02429024031400001,0.9061510111134489,0.9989488049122789
PROPYLENE-GLYCOL,0.02431352619606801,0.808164043951114,0.9989488049122789
PROCAINE,0.024321365545500018,0.6117806695100134,0.9989488049122789
TENOVIN-1,0.02439741153278252,0.6998488202605145,0.9989488049122789
SIPATRIGINE,0.02441455817282,0.2851089272833015,0.9989488049122789
TORCETRAPIB,0.024539420726999994,0.7338074071219691,0.9989488049122789
5-OCTANOYLSALICYLIC-ACID,0.024669133476740948,0.31426685107740204,0.9989488049122789
ECTOINE,0.02471903694432115,0.8125005061657362,0.9989488049122789
GDC-0879,0.024773621455000006,0.8389429711734826,0.9989488049122789
FH1,0.02480879533895001,0.7174771411615847,0.9989488049122789
SARPOGRELATE,0.02492238468800001,0.3314582268912213,0.9989488049122789
SB-206553,0.02495938144770001,0.8400542400603668,0.9989488049122789
USNIACIN-(+),0.024961465426,0.4895432430471929,0.9989488049122789
5-HYDROXYMETHYL-TOLTERODINE,0.025011766146500025,0.9524515354386665,0.9989488049122789
L-755507,0.025050113518481992,0.5486082086949211,0.9989488049122789
BRIVANIB,0.02506330122100009,0.5066158665910702,0.9989488049122789
ALLOPURINOL-RIBOSIDE,0.025063846586015,0.9430711671012776,0.9989488049122789
GATIFLOXACIN,0.025124093878950003,0.8226583062276059,0.9989488049122789
PRN1008,0.025131214548874486,0.7847447761334778,0.9989488049122789
MEK1-2-INHIBITOR,0.02518678697149998,0.5678079220080939,0.9989488049122789
LODENOSINE,0.025226970355526998,0.619917917796929,0.9989488049122789
BF2.649,0.025349545746000013,0.8977227197251831,0.9989488049122789
CALCIUM-GLUCEPTATE,0.02540498771422,0.8056786461992804,0.9989488049122789
ANABASINE,0.025473728216399996,0.7034629869720224,0.9989488049122789
ISAVUCONAZOLE,0.025476261996999983,0.8014206719473388,0.9989488049122789
SAR405,0.025523096746455684,0.7584909133645842,0.9989488049122789
ELIGLUSTAT,0.02553819525205,0.6372271675251021,0.9989488049122789
PF-05175157,0.025546143615715042,0.8913702672972513,0.9989488049122789
N6-METHYLADENOSINE,0.025649287147114997,0.7447312746416134,0.9989488049122789
REBAMIPIDE,0.025715648111750006,0.9218880940860068,0.9989488049122789
K02288,0.025723358752000002,0.9773598521388447,0.9989488049122789
TOPILUTAMIDE,0.02576827530832885,0.8013678042649459,0.9989488049122789
DEFLAZACORT,0.02579644827899996,0.7103888846616615,0.9989488049122789
AMD-3465,0.025856589891370504,0.342235360550342,0.9989488049122789
SIB-1893,0.025871177952551977,0.7642355096495574,0.9989488049122789
AMPA-(S),0.025876140002750007,0.7018904219823179,0.9989488049122789
SODIUM-PICOSULFATE,0.025885319747000007,0.9556002267100204,0.9989488049122789
PRALMORELIN,0.0259163334663903,0.9541442109452929,0.9989488049122789
SANCYCLINE,0.025963273834276348,0.5873234887748717,0.9989488049122789
TD139,0.025998623929847205,0.9598710036432564,0.9989488049122789
BICIFADINE,0.026096435217655478,0.8587190908853048,0.9989488049122789
IMETIT,0.026096803144499997,0.37899485835626945,0.9989488049122789
TRIBROMOETHANOL,0.026211688986863657,0.9146973227401848,0.9989488049122789
AMIFAMPRIDINE,0.02626942691350001,0.5946520687900244,0.9989488049122789
TIZANIDINE,0.02628670496799998,0.6446844087435051,0.9989488049122789
EVODIAMINE,0.02634400603150011,0.8977227197251831,0.9989488049122789
NELOCIGUAT,0.02642917365393664,0.8977227197251831,0.9989488049122789
ISOLIQUIRITIGENIN,0.0264354520678,0.8192473406664559,0.9989488049122789
TRANS-4-METHOXYCINNAMIC-ACID,0.026608521117495995,0.7177785727936441,0.9989488049122789
WEHI-345-ANALOG,0.026636370818103,0.7956998320699002,0.9989488049122789
CENERIMOD,0.026678065465153448,0.8359395444957827,0.9989488049122789
BINDARIT,0.0266799521112,0.9772122103641975,0.9989488049122789
GR125487,0.026688095440749987,0.5920430199888429,0.9989488049122789
AMBROXOL,0.026792761039400002,0.6711818428549026,0.9989488049122789
IBRUTINIB,0.026967345909500007,0.9203645704062895,0.9989488049122789
JNJ-40411813,0.0271068722908,0.8999262938773032,0.9989488049122789
CORTICOSTERONE,0.027137838632500022,0.7806282644628137,0.9989488049122789
ASCOMYCIN,0.027257744521391986,0.43634921643700886,0.9989488049122789
LIRANAFTATE,0.027372695098300003,0.3065062431709432,0.9989488049122789
LERSIVIRINE,0.02737612337449999,0.68815688670265,0.9989488049122789
IMMEPIP,0.027430779891850013,0.7227860093840852,0.9989488049122789
AM211,0.02743949092068014,0.7682193652763997,0.9989488049122789
AZELASTINE,0.027581475331600006,0.5469465581935696,0.9989488049122789
APRACLONIDINE,0.02762681532365001,0.6911415530311883,0.9989488049122789
INDACATEROL,0.02764019247755,0.9490874285704407,0.9989488049122789
MOPROLOL,0.027702855395000003,0.9265138450682211,0.9989488049122789
PCO-400,0.02776971312185489,0.7861146588782562,0.9989488049122789
TARAFENACIN,0.027838211696650003,0.9722414065971003,0.9989488049122789
TADALAFIL,0.02784138995555001,0.6560271641183388,0.9989488049122789
HYGROMYCIN-B,0.027844625081600002,0.9050717819787818,0.9989488049122789
NNC-55-0396,0.02786895984849999,0.8759663022840591,0.9989488049122789
SB-706375,0.0280972086485395,0.7663327737129407,0.9989488049122789
R-428,0.02809783169595001,0.9722414065971003,0.9989488049122789
CP-640186,0.028184031542680107,0.8864317776589388,0.9989488049122789
BMS-833923,0.028244092035,0.9646726074970322,0.9989488049122789
PROXODOLOL,0.028276381405999973,0.5231299751636358,0.9989488049122789
CPI-1205,0.02834721341439636,0.7572601505606869,0.9989488049122789
AMINOGLUTETHIMIDE,0.028401969128650006,0.47363920706082885,0.9989488049122789
NISOXETINE,0.028416401728199994,0.7383390499527056,0.9989488049122789
TEPRENONE,0.028444745845399994,0.43097870919435965,0.9989488049122789
HALOPERIDOL,0.02863168590250001,0.4393280145432831,0.9989488049122789
TANGERITIN,0.02865894855670001,0.9090344083657707,0.9989488049122789
LOMERIZINE,0.028733393785499994,0.6963800771478859,0.9989488049122789
LIFITEGRAST,0.02877001403039595,0.8461180027906826,0.9989488049122789
MIRIDESAP,0.028837962967663902,0.4125449945707137,0.9989488049122789
CARBOXYAMIDOTRIAZOLE,0.0288619264438915,0.4793373092927381,0.9989488049122789
BMS-986195,0.02890786114277645,0.9312636501060025,0.9989488049122789
PIBOSEROD,0.02893959865435,0.642848682457563,0.9989488049122789
NICOTINYL-ALCOHOL-TARTRATE,0.02897662966099998,0.3945634148871312,0.9989488049122789
O-3M3FBS,0.029183254472649994,0.6820175143749152,0.9989488049122789
STEPRONIN,0.02921572825850005,0.3427193775285343,0.9989488049122789
PF-04418948,0.029464938131967752,0.9743707349963443,0.9989488049122789
MIVEBRESIB,0.029487497330729973,0.9312636501060025,0.9989488049122789
BMS-309403,0.029510857135972013,0.7971661379312067,0.9989488049122789
SPIRAMYCIN,0.02953460316695,0.7139041382074727,0.9989488049122789
PUMOSETRAG,0.029542043275499974,0.9373535434035128,0.9989488049122789
UNBS-5162,0.029588875378400006,0.7016331239225542,0.9989488049122789
BIRT-377,0.02968692056498015,0.9359846488443191,0.9989488049122789
LERISETRON,0.02979883779249992,0.4906713423428267,0.9989488049122789
INDINAVIR,0.02986693761552,0.8236712344062798,0.9989488049122789
BIO-5192,0.029938347516868496,0.9487679072437917,0.9989488049122789
VALPROIC-ACID,0.029970701194499988,0.44310790245867726,0.9989488049122789
ETHENZAMIDE,0.029978092595499994,0.6266934509535957,0.9989488049122789
DULOXETINE,0.030126579508999995,0.6892316467364797,0.9989488049122789
DESMOPRESSIN-ACETATE,0.030127897337499987,0.6272575855382218,0.9989488049122789
ISTAROXIME,0.030412761821299997,0.9058214959106845,0.9989488049122789
2-TEDC,0.030445002548500022,0.8920745137740237,0.9989488049122789
CGP-37849,0.030526753052000005,0.7612563216440311,0.9989488049122789
BW-180C,0.030647395370499986,0.7192190118102408,0.9989488049122789
PRAMOXINE,0.030702436481599996,0.7827157269035717,0.9989488049122789
LASMIDITAN,0.0307107139868133,0.3758932599811329,0.9989488049122789
CAPROMORELIN,0.03076881533478898,0.9084397583825714,0.9989488049122789
CALCIFEDIOL,0.03078529711878,0.9298859999502327,0.9989488049122789
SLV-319-(+/-),0.030813660016483696,0.37264730430108495,0.9989488049122789
CLONIXIN-LYSINATE,0.03082681432449999,0.8999262938773032,0.9989488049122789
ASENAPINE,0.030867586768500016,0.9777915120820623,0.9989488049122789
AGP-103,0.03091855287794,0.911337834154257,0.9989488049122789
TETRABENAZINE,0.03092369122944999,0.46493649279338367,0.9989488049122789
KN-62,0.0309931921898113,0.4714567041212919,0.9989488049122789
TYRPHOSTIN-AG-1296,0.031008315792999994,0.23329296816651046,0.9989488049122789
CLOFIBRIC-ACID,0.031097591667000005,0.6934130196784436,0.9989488049122789
C11-ACETATE,0.031098504221961795,0.7210530391592899,0.9989488049122789
NUCLOMEDONE,0.0311486315118,0.9766018608276438,0.9989488049122789
TUAMINOHEPTANE,0.03116209586249996,0.7888033869104086,0.9989488049122789
XD-14,0.031168702160981984,0.6579507592650893,0.9989488049122789
AGN-194310,0.03119795272355,0.9649090793282487,0.9989488049122789
L-701324,0.0312180172568,0.5003101235186209,0.9989488049122789
AZD6738,0.031226009052215176,0.8523694154300252,0.9989488049122789
LORGLUMIDE,0.031308268323000044,0.7971191126722499,0.9989488049122789
1-ETHYL-2-PYRROLIDONE,0.03141989279400001,0.8338023237834149,0.9989488049122789
SECLAZONE,0.0315040249533265,0.8333793091741268,0.9989488049122789
ESTRIOL,0.031510446697500014,0.8555016017191452,0.9989488049122789
RS-56812,0.031513146771600026,0.37899485835626945,0.9989488049122789
GENIPIN,0.031567526994999984,0.9387971929038754,0.9989488049122789
ALCLOFENAC,0.0316903853445,0.9649090793282487,0.9989488049122789
BL-5583,0.03179542013349998,0.8927697098081292,0.9989488049122789
FENOTEROL,0.03183438466485,0.7473141452580196,0.9989488049122789
TARANABANT,0.031899860594999996,0.9601325488242769,0.9989488049122789
ALIMEMAZINE,0.0320184784733,0.6117806695100134,0.9989488049122789
IBUPROFEN-PICONOL,0.0320876619555,0.6655372350217452,0.9989488049122789
CICLOPROFEN,0.032150934286702945,0.37205563715249546,0.9989488049122789
SULFORAPHANE,0.032205344576639997,0.8454989101220725,0.9989488049122789
3-BROMOPYRUVATE,0.03224164868500001,0.8108122516085667,0.9989488049122789
TC2559,0.03226295537855001,0.9203645704062895,0.9989488049122789
SAPROPTERIN,0.03235080176299998,0.5848623106932986,0.9989488049122789
EI1,0.03236443081683485,0.6944989943666622,0.9989488049122789
AMBENONIUM,0.03245797737800005,0.6527931850992597,0.9989488049122789
CLANFENUR,0.0325246094401406,0.7192987569043678,0.9989488049122789
FK-3311,0.0325286979685,0.8303668677568236,0.9989488049122789
ATB-346,0.03256045603592131,0.8192473406664559,0.9989488049122789
NAVARIXIN,0.03265060291394999,0.5219973675924174,0.9989488049122789
DENATONIUM-BENZOATE,0.03266285191575,0.49288495370194785,0.9989488049122789
NU-7441,0.03269581278895001,0.4426555289273344,0.9989488049122789
CITICOLINE,0.03285374840706999,0.7861624884380793,0.9989488049122789
TIROFIBAN,0.032950050312999996,0.5627008968636003,0.9989488049122789
SPARSENTAN,0.0330109658223204,0.6148555776256919,0.9989488049122789
AZD1208,0.03321143369099999,0.5728045616815344,0.9989488049122789
MONOSTEARIN,0.033240506019699995,0.739262764289816,0.9989488049122789
LY231617,0.033256986362961705,0.7479477414312314,0.9989488049122789
ORITAVANCIN,0.03327220347665,0.7413202864907289,0.9989488049122789
PRT062070,0.0333942214293,0.4064898701812738,0.9989488049122789
EPZ015666,0.03340002933718318,0.7956998320699002,0.9989488049122789
SULBUTIAMINE,0.0334046713428,0.2973347240880314,0.9989488049122789
RIMONABANT,0.033418896237999984,0.8415204683786623,0.9989488049122789
TAFENOQUINE,0.033447357139465,0.24072486537085225,0.9989488049122789
ELBASVIR,0.03346117224945,0.759203815395283,0.9989488049122789
LY223982,0.03352243744876,0.814491743613116,0.9989488049122789
EMIGLITATE,0.03353541717315995,0.8404938375767992,0.9989488049122789
ASC-J9,0.0335446508675,0.6807089618535371,0.9989488049122789
SIRAMESINE,0.033618561204245,0.8948027028404765,0.9989488049122789
AMODIAQUINE,0.03369410175095,0.3706628850097583,0.9989488049122789
FOXY-5,0.03376817899838935,0.5310018586663963,0.9989488049122789
CH-170,0.033775587437249996,0.8093832757084554,0.9989488049122789
CGP-13501,0.033897745687644996,0.9664796811258469,0.9989488049122789
OXACEPROL,0.033903237487003045,0.6839793194757556,0.9989488049122789
BW-616U,0.0339105385894823,0.5547530944233307,0.9989488049122789
BUTYLPHTHALIDE,0.033937715028299995,0.6260467969674903,0.9989488049122789
NOMEGESTROL-ACETATE,0.0339400151682,0.3474607581985808,0.9989488049122789
RS-23597-190,0.03398851095385001,0.5607215890319679,0.9989488049122789
NE-100,0.034005166419499994,0.8380792247971854,0.9989488049122789
ESTROPIPATE,0.03402958503925001,0.3791193553221305,0.9989488049122789
N-ACETYL-D-GLUCOSAMINE,0.034058162784999985,0.8735274795178213,0.9989488049122789
ASYMMETRICAL-DIMETHYLARGININE,0.034150172830549996,0.949414811044993,0.9989488049122789
DEMECLOCYCLINE,0.034384867996335736,0.687298661464894,0.9989488049122789
YOHIMBINE,0.03443489102335,0.7696884336790062,0.9989488049122789
AMG-517,0.034437343878950005,0.3350259637125709,0.9989488049122789
PHIKAN-083,0.03450029973931776,0.9146973227401848,0.9989488049122789
IBOTENIC-ACID,0.034530861940253205,0.4034355857362003,0.9989488049122789
VERCIRNON,0.034700783677700006,0.36606955860776713,0.9989488049122789
AS-1892802,0.03471039425213495,0.7724716325735277,0.9989488049122789
NARINGENIN,0.034737020174999994,0.6479014402801193,0.9989488049122789
IODOPHENPROPIT,0.03476032535849999,0.7902752918890934,0.9989488049122789
METHANESULFONYL-FLUORIDE,0.03480971590621851,0.6222023439882295,0.9989488049122789
MEPROBAMATE,0.03509832490199999,0.9373894511674218,0.9989488049122789
BMS-649,0.03533605907169998,0.9772122103641975,0.9989488049122789
N-ACETYL-TYROSINE,0.035488076881825,0.8442256114995791,0.9989488049122789
YODA-1,0.03559735484359475,0.2818127634921921,0.9989488049122789
MLN2480,0.03564788313139999,0.5774398831516085,0.9989488049122789
FG-7142,0.03569704073720001,0.7261895116009631,0.9989488049122789
SKA-31,0.03576202455395,0.7174771411615847,0.9989488049122789
PI4KIII-BETA-INHIBITOR-1,0.03576327398551751,0.9741813440247689,0.9989488049122789
NSC-9965,0.035781331146999995,0.5490586790086784,0.9989488049122789
DERACOXIB,0.035799100079,0.5863658657781197,0.9989488049122789
WR99210,0.0358872817429125,0.7419272656118823,0.9989488049122789
2-METHOXYESTRADIOL,0.03589874518160001,0.6813602519012436,0.9989488049122789
BENZYLPENICILLIN,0.0359782727845,0.8703771847533474,0.9989488049122789
CIBENZOLINE,0.03604926146250001,0.9124210043205884,0.9989488049122789
TRELAGLIPTIN,0.03610115553794999,0.8038895496959952,0.9989488049122789
CIPARGAMIN,0.036172580439704005,0.726405680270062,0.9989488049122789
JNJ-63533054,0.036240399611097346,0.6977389645996086,0.9989488049122789
E3330,0.036248610736443504,0.687298661464894,0.9989488049122789
MILRINONE,0.03629229424900002,0.8815616125082277,0.9989488049122789
TROLOX,0.03633355512499992,0.5632478828618658,0.9989488049122789
NOR-BINALTORPHIMINE,0.03635016372989999,0.8838041707795843,0.9989488049122789
XYLAZINE,0.03643311331950003,0.7941892150565808,0.9989488049122789
LSZ-102,0.0365679553740851,0.9541442109452929,0.9989488049122789
ENALAPRIL,0.03659448920295,0.7174331196485686,0.9989488049122789
RS-17053,0.03659640595635,0.5751481450166931,0.9989488049122789
DAZMEGREL,0.03660980067450004,0.6892316467364797,0.9989488049122789
MOFEGILINE,0.036612566302008986,0.5332731445285004,0.9989488049122789
GADOBUTROL,0.03662614807365,0.5330520154786802,0.9989488049122789
PFI-4,0.0366332289000766,0.8695392055540685,0.9989488049122789
METIPRANOLOL,0.03665336197399999,0.4218979975810897,0.9989488049122789
ZLN005,0.03678570071500001,0.966045474760008,0.9989488049122789
AZLOCILLIN,0.03683978454350001,0.8906567929405256,0.9989488049122789
ML298,0.03694232834504681,0.5391300407438244,0.9989488049122789
ZILPATEROL,0.03695163827035,0.3702524945760428,0.9989488049122789
AMIDOPYRINE,0.03696330911450002,0.6610633991505144,0.9989488049122789
CP-471474,0.03698296851303715,0.7806282644628137,0.9989488049122789
LRRK2-IN-1,0.037065735700721,0.8095916644010042,0.9989488049122789
JNJ-1661010,0.03711855793050001,0.9608971165190435,0.9989488049122789
BUTOCONAZOLE,0.0371450112988,0.6692026877339781,0.9989488049122789
SKEPINONE-L,0.0371641559108,0.36757019909731903,0.9989488049122789
INT-767,0.03717586447875598,0.6977389645996086,0.9989488049122789
INDIUM(III)-ISOPROPOXIDE,0.03740929556239,0.7227836638485943,0.9989488049122789
CANDESARTAN,0.03745470851849997,0.7408602362116157,0.9989488049122789
CEPHAPIRIN,0.03755525727600001,0.6316988925892839,0.9989488049122789
R406,0.037739883669999974,0.7341712003165755,0.9989488049122789
SUCCINOBUCOL,0.0377435412226704,0.7354895088468657,0.9989488049122789
ADAPREV,0.03775695579299998,0.775692583874323,0.9989488049122789
3-INDOLEBUTYRIC-ACID,0.037767324354,0.9500571059525382,0.9989488049122789
WY-16922,0.03782304676661502,0.4035470192370755,0.9989488049122789
LIDAMIDINE,0.03784097829979999,0.7739875067954978,0.9989488049122789
NAFTIFINE,0.03784420189999993,0.791426126073881,0.9989488049122789
C34,0.037893323938237494,0.5362816242462982,0.9989488049122789
ETIDRONIC-ACID,0.0379097661535,0.7502139470033227,0.9989488049122789
VINORELBINE,0.03804385648999986,0.8639211614693181,0.9989488049122789
ONO-AE3-208,0.0380675095443766,0.37264730430108495,0.9989488049122789
GNF-5,0.038100890707863516,0.7847918044938961,0.9989488049122789
DELPAZOLID,0.03816511779986101,0.6300966369542226,0.9989488049122789
THEOBROMINE,0.038252351933,0.5726576197324607,0.9989488049122789
IBIGLUSTAT,0.038260511864209396,0.6454967918670407,0.9989488049122789
CYPROHEPTADINE,0.03841211601,0.9222649440004533,0.9989488049122789
PARBENDAZOLE,0.03843205939000005,0.8509509689583401,0.9989488049122789
PZ-2891,0.03847849038501135,0.5997789822171187,0.9989488049122789
THIAMPHENICOL,0.03854123716550001,0.41862890386604235,0.9989488049122789
BROMFENAC,0.03858841055700002,0.5433359483767458,0.9989488049122789
NTZDPA,0.038664079314799996,0.5848623106932986,0.9989488049122789
SULFAMETHOXYPYRIDAZINE,0.038904145875285,0.7205147871362552,0.9989488049122789
INDOLE-3-CARBINOL,0.03890817856395,0.5581679240828987,0.9989488049122789
BETA-LAPACHONE,0.038952447175500005,0.8316090823653649,0.9989488049122789
PIRENZEPINE,0.03898610143374999,0.7227860093840852,0.9989488049122789
CFM-2,0.038995235299000064,0.4393280145432831,0.9989488049122789
"1,3-DIPROPYL-8-PHENYLXANTHINE",0.0390433159676,0.983018892004347,0.9989488049122789
CIPROFLOXACIN,0.039051874052,0.20663710146994474,0.9989488049122789
3-HYDROXY-3-PHENYLPENTANAMIDE,0.0391041824398709,0.820772314357244,0.9989488049122789
MECLOFENOXATE,0.03914442486255,0.6266934509535957,0.9989488049122789
COMBRETASTATIN-A-4,0.039203304669999994,0.5729477057355556,0.9989488049122789
DROXIDOPA,0.0392514125601,0.8248494935245716,0.9989488049122789
LANIFIBRANOR,0.03943517887016781,0.9484197848026121,0.9989488049122789
LY310762,0.03954345274847698,0.6504742147164402,0.9989488049122789
PSI-7976,0.03955420024100004,0.7067367116924476,0.9989488049122789
LTA,0.03958486526459999,0.8718478090275363,0.9989488049122789
DIBENZEPINE,0.0396299484041,0.4474218578281767,0.9989488049122789
N-(P-AMYLCINNAMOYL)-ANTHRANILIC-ACID,0.0396499592357728,0.7792251078346246,0.9989488049122789
BROXURIDINE,0.03965011094339001,0.48211518897287675,0.9989488049122789
ICA-069673,0.039664249378026394,0.7317717128266401,0.9989488049122789
ISOPENTYL-4-METHOXYCINNAMATE,0.0397225614562636,0.8303668677568236,0.9989488049122789
AGMATINE,0.039878015980699996,0.5971947452930281,0.9989488049122789
ACENOCOUMAROL,0.03989576765699998,0.8038895496959952,0.9989488049122789
ZD-0947,0.04009499969800354,0.9084397583825714,0.9989488049122789
WWL-113,0.04010779724456248,0.35986581305295073,0.9989488049122789
DIHYDROARTEMISININ,0.04019155735950003,0.9430711671012776,0.9989488049122789
"2,6-DIMETHYLPIPERIDINE",0.0402346122928,0.9387971929038754,0.9989488049122789
AZD1283,0.04031748794249998,0.5559519767112837,0.9989488049122789
PERGOLIDE,0.0403268222969,0.9100985034099437,0.9989488049122789
PENTOBARBITAL,0.040340920620250006,0.8291880784801028,0.9989488049122789
BET-BAY-002,0.04050534396353905,0.8905966454473897,0.9989488049122789
ILOMASTAT,0.040592134308999994,0.642299609538475,0.9989488049122789
DELCASERTIB,0.040594049389730144,0.9827959351128169,0.9989488049122789
CABOZANTINIB,0.0406574991699,0.6485107092552833,0.9989488049122789
SB-334867,0.04071174665380001,0.7806282644628137,0.9989488049122789
ESONARIMOD,0.040877274368509894,0.70507784294566,0.9989488049122789
XALIPRODEN,0.040900349055499996,0.9208789657138557,0.9989488049122789
ABAMETAPIR,0.04092837026105,0.5140273007558704,0.9989488049122789
MANIDIPINE,0.040990700908050015,0.7942346138343915,0.9989488049122789
TINIDAZOLE,0.041034445957650004,0.27649810827776866,0.9989488049122789
DESOXIMETASONE,0.041116463692000005,0.5728045616815344,0.9989488049122789
CARNITINE-(D/L),0.041117955318,0.49751912975242574,0.9989488049122789
ML-365,0.04120750879990326,0.5469198147215213,0.9989488049122789
PIVMECILLINAM,0.041238056743549995,0.8500086818297194,0.9989488049122789
PROACIPIMOX,0.04127013519701497,0.693908640710359,0.9989488049122789
APOCYNIN,0.04127475130450002,0.4606027607708284,0.9989488049122789
PRAVASTATIN,0.041342331426149986,0.5020565969989815,0.9989488049122789
SECOISOLARICIRESINOL-(-),0.041363068556934,0.4967227766602639,0.9989488049122789
DANAZOL,0.041363934286405,0.7278607713296317,0.9989488049122789
ROSTAFUROXINE,0.041379475718400005,0.5231299751636358,0.9989488049122789
HALOPROGIN,0.04140812732230001,0.4154983951395035,0.9989488049122789
PALONOSETRON,0.041459725057999997,0.9719767247511709,0.9989488049122789
CLOTRIMAZOLE,0.041463267396909996,0.9385887530535297,0.9989488049122789
BIBR-1532,0.041543272538999976,0.7861146588782562,0.9989488049122789
APC-100,0.04155903788986695,0.95483361321294,0.9989488049122789
PD-168568,0.041577703402400495,0.8471451490071619,0.9989488049122789
HA-130,0.04161086094806621,0.8864317776589388,0.9989488049122789
PHENIRAMINE,0.041643619375499985,0.7499330614600783,0.9989488049122789
7-HYDROXY-DPAT,0.04166139767845,0.3600742604458488,0.9989488049122789
FORETINIB,0.04174267731500003,0.9658241242728414,0.9989488049122789
RISPERIDONE,0.04177092744785,0.3755979877665636,0.9989488049122789
ALOXISTATIN,0.0417886047234,0.8203986964559381,0.9989488049122789
RN-1734,0.04181600775000002,0.3758932599811329,0.9989488049122789
EPPTB,0.04181970643014919,0.6879872080279907,0.9989488049122789
FISETIN,0.04184226771727035,0.6272575855382218,0.9989488049122789
UROLITHIN-A,0.0418977167646286,0.8180812531110764,0.9989488049122789
"HYDROXYTACRINE-MALEATE-(R,S)",0.041959971689999986,0.7533649124965862,0.9989488049122789
UK-356618,0.04201593280773358,0.9260358654695614,0.9989488049122789
ACITRETIN,0.042041773950699995,0.80381607692738,0.9989488049122789
SERDEMETAN,0.04205912656999988,0.8192473406664559,0.9989488049122789
YZ9,0.04219292059839602,0.5904886695353557,0.9989488049122789
BRIMONIDINE,0.04219704869700003,0.5486082086949211,0.9989488049122789
RIBOSTAMYCIN,0.04233270117934648,0.5174438094983381,0.9989488049122789
VENETOCLAX,0.042379554628500016,0.8507816505652999,0.9989488049122789
PF-03084014,0.04244344479521,0.5559519767112837,0.9989488049122789
TOLPERISONE,0.04249594093950004,0.4177285875128802,0.9989488049122789
SC-19220,0.042498043188850004,0.7874674242029149,0.9989488049122789
PARAXANTHINE,0.04266125674049999,0.7996758352629703,0.9989488049122789
NG-NITRO-ARGININE,0.04269262677166502,0.31539298447157493,0.9989488049122789
FR-180204,0.042753653679000025,0.6171648585444262,0.9989488049122789
BUCLADESINE,0.042753954920650004,0.2937070927793982,0.9989488049122789
VU0357121,0.04278317634046001,0.796793036102698,0.9989488049122789
LAUROCAPRAM,0.04285134169150001,0.6194479070138306,0.9989488049122789
LDN-57444,0.043012707329000005,0.9459857794803451,0.9989488049122789
DEXCHLORPHENIRAMINE,0.043040812784500004,0.5776115877421562,0.9989488049122789
MK-3697,0.043063133966499995,0.9208789657138557,0.9989488049122789
NALTRIBEN,0.0430720980505,0.9773598521388447,0.9989488049122789
PYM50028,0.04307668867405001,0.4620188003271287,0.9989488049122789
DIZOCILPINE-(-),0.04324171994655,0.4780293539667445,0.9989488049122789
ELTANOLONE,0.043324511702349994,0.8325188126792755,0.9989488049122789
CYM-50260,0.043355913977233304,0.3857063186505605,0.9989488049122789
SDZ-220-040,0.043373663753832004,0.38364149158644967,0.9989488049122789
BI-2536,0.04339507404499998,0.9430711671012776,0.9989488049122789
RO-67-7476,0.0434458025699624,0.2532189495924513,0.9989488049122789
INDAPAMIDE,0.0434979114074,0.6590316712778447,0.9989488049122789
AS-1269574,0.0435111777501857,0.8977468222139392,0.9989488049122789
ICOSAPENT,0.04352317036775,0.9381941216309514,0.9989488049122789
L-PHENYLISOPROPYLADENOSINE,0.0435730354360121,0.8630364820982674,0.9989488049122789
2-(1-ADAMANTYLAMINO)BENZOIC-ACID,0.04359183631863603,0.9487679072437917,0.9989488049122789
AVN-944,0.043635978589500024,0.5824155747231048,0.9989488049122789
ROBALZOTAN,0.04367476755184149,0.8787109897904567,0.9989488049122789
CH223191,0.043744495769000025,0.8248027097215431,0.9989488049122789
FENSPIRIDE,0.0438025269515,0.7459613483867968,0.9989488049122789
METRONIDAZOLE,0.04383798417349993,0.6360400245486137,0.9989488049122789
PF-06282999,0.04388975194504849,0.8192473406664559,0.9989488049122789
AMLODIPINE,0.0439078909675,0.39199083073250285,0.9989488049122789
ADOPRAZINE,0.0440214237718,0.34082282474651315,0.9989488049122789
AMITIFADINE,0.044037341736050006,0.40457794567396266,0.9989488049122789
KETOCONAZOLE,0.04410386131405,0.7557067319316091,0.9989488049122789
INH1,0.04425091153999999,0.7479477414312314,0.9989488049122789
TP-0903,0.04426186288616485,0.41381155532513747,0.9989488049122789
PINITOL,0.044383264242040005,0.3813035496715733,0.9989488049122789
GENIPOSIDIC-ACID,0.044422800260000006,0.6943625083010205,0.9989488049122789
BINA,0.04445899339732219,0.5739638856901972,0.9989488049122789
PBT-1033,0.04447115668247592,0.7737165503290819,0.9989488049122789
CASPOFUNGIN-ACETATE,0.044551452753672005,0.5046160516876455,0.9989488049122789
LETEPRINIM,0.044626323622,0.42729731237741353,0.9989488049122789
FENOVERINE,0.0446290548511,0.9649090793282487,0.9989488049122789
MACITENTAN,0.04464518736204999,0.38130893941386834,0.9989488049122789
SB-747651A,0.044768973937212145,0.5362816242462982,0.9989488049122789
NUVENZEPINE,0.04479522200073899,0.8236712344062798,0.9989488049122789
AZIMILIDE,0.044805065137,0.5995748597244577,0.9989488049122789
PTEROSTILBENE,0.04484314336234999,0.45227913919107066,0.9989488049122789
BEPHENIUM-HYDROXYNAPHTHOATE,0.04486721162449997,0.9330300770365545,0.9989488049122789
SACLOFEN,0.0448788678175,0.38896875834615763,0.9989488049122789
EBSELEN,0.044912709329050005,0.621220676446083,0.9989488049122789
WDR5-0103,0.04503949449917765,0.6586723804792192,0.9989488049122789
ETONOGESTREL,0.045053474295999985,0.2532189495924513,0.9989488049122789
GEMFIBROZIL,0.04509421099150002,0.6395108101878481,0.9989488049122789
SB-228357,0.04512528795299997,0.8977227197251831,0.9989488049122789
AMINEPTINE,0.04516939232592,0.6272575855382218,0.9989488049122789
KB-R7943,0.045178478918499965,0.4279788779081364,0.9989488049122789
OCAPERIDONE,0.045180544767022046,0.8573896060540254,0.9989488049122789
ACETYLSALICYLSALICYLIC-ACID,0.045255550321115,0.9497380102835858,0.9989488049122789
MEDICA-16,0.04532203013248,0.5192567094811644,0.9989488049122789
DIENESTROL,0.04547262335999999,0.1850962479062872,0.9989488049122789
ISAMOLTANE,0.04549160523365,0.7711392596630728,0.9989488049122789
TEMPOL,0.04550724068500012,0.4734829922603665,0.9989488049122789
CARAMIPHEN,0.0455347094841,0.15485293009248666,0.9989488049122789
QUAZINONE,0.04557748082045615,0.3521224059841698,0.9989488049122789
OXYPURINOL,0.04564873792264999,0.5898218435674356,0.9989488049122789
CEFOSELIS,0.04566765493300001,0.7827157269035717,0.9989488049122789
CEP-37440,0.04571899113015,0.3662537506852074,0.9989488049122789
ROXITHROMYCIN,0.045721987445865,0.6360400245486137,0.9989488049122789
CABAGIN,0.04580116653368625,0.6787422368199145,0.9989488049122789
VOXTALISIB,0.045880166002200004,0.8948027028404765,0.9989488049122789
RBC8,0.04588062832108205,0.6272575855382218,0.9989488049122789
ICI-199441,0.04592963618428999,0.808164043951114,0.9989488049122789
7-HYDROXYSTAUROSPORINE,0.04593750603500002,0.7557067319316091,0.9989488049122789
FENOLDOPAM,0.046019659573899994,0.8380228494223805,0.9989488049122789
GINKGOLIDE-A,0.046072801943999986,0.808164043951114,0.9989488049122789
ETHISTERONE,0.04610214687150005,0.45630228701259656,0.9989488049122789
DICLOXACILLIN,0.04612063613449999,0.9152480558321715,0.9989488049122789
MS-424,0.0461534397638077,0.9255516323432619,0.9989488049122789
KASUGAMYCIN,0.0461895510900075,0.609811512952313,0.9989488049122789
GM-1485,0.046276988063343516,0.5848720090516057,0.9989488049122789
"1,5-DICAFFEOYLQUINIC-ACID",0.046304575663,0.9346720708445536,0.9989488049122789
RIMCAZOLE,0.046325865165,0.9274515216925953,0.9989488049122789
ISOPRENALINE,0.04635884267699997,0.4175704379177402,0.9989488049122789
PROCODAZOLE,0.046403674898999964,0.6655186812814062,0.9989488049122789
NITRENDIPINE,0.0464213851743,0.9445164009367679,0.9989488049122789
BETAHISTINE,0.04652777502504998,0.46492580600974065,0.9989488049122789
N-ACETYLTRYPTAMINE,0.04661443059705,0.554149688735898,0.9989488049122789
EDASALONEXENT,0.046691391159122006,0.6171648585444262,0.9989488049122789
SELINEXOR,0.046730561675000004,0.7435966148685866,0.9989488049122789
DIZOCILPINE-(+),0.04673776207449999,0.6045160213447127,0.9989488049122789
REMOXIPRIDE,0.04679746037550003,0.27772796483779993,0.9989488049122789
ELECLAZINE,0.0468365261642451,0.5997789822171187,0.9989488049122789
AZASETRON,0.04683679814425,0.5873234887748717,0.9989488049122789
A-922500,0.046846590963805,0.5794477658036012,0.9989488049122789
TRIPTORELIN,0.04718625863289999,0.6839793194757556,0.9989488049122789
4BP-TQS,0.047202434032205094,0.6222023439882295,0.9989488049122789
IOVERSOL,0.047206270115,0.8361099005334788,0.9989488049122789
PHENACETIN,0.04727971336850012,0.6266934509535957,0.9989488049122789
BROMPERIDOL,0.047436565003,0.916891727996908,0.9989488049122789
CAPTOPRIL,0.04747660662486,0.8957906686438386,0.9989488049122789
"3,5-DHPG-(S)",0.0476923781617632,0.6631246656220664,0.9989488049122789
ATRASENTAN,0.04774946476999997,0.36998102201605854,0.9989488049122789
CINTRIAMIDE,0.04777184184900002,0.7860690846694098,0.9989488049122789
CO-102862,0.04777479601594,0.9832361408846589,0.9989488049122789
AMIPRILOSE,0.04779963304500001,0.3439010476440032,0.9989488049122789
HM-30181,0.04782449734244325,0.7847447761334778,0.9989488049122789
BUTHIONINE-SULFOXIMINE,0.04789029371999998,0.5075784842240676,0.9989488049122789
ACEBUTOLOL,0.0479063532246,0.760309388038992,0.9989488049122789
MILACEMIDE,0.047909313855999995,0.808164043951114,0.9989488049122789
ESTRONE,0.04791007788531,0.3182006333551085,0.9989488049122789
M-THP,0.0479416161259999,0.5250683490744141,0.9989488049122789
HPGDS-IN-1,0.04797388566298455,0.5898218435674356,0.9989488049122789
AZD1480,0.04818025947249999,0.7549118711902529,0.9989488049122789
4-HYDROXY-PHENAZONE,0.04821504597599999,0.9608971165190435,0.9989488049122789
PREDNISOLONE-HEMISUCCINATE,0.048242454765,0.7297902084214534,0.9989488049122789
TUG-770,0.0482475225887075,0.527969618163787,0.9989488049122789
PICROTOXININ,0.04826512850849998,0.4321523091446372,0.9989488049122789
FLUROXENE,0.04832463479189998,0.3222662285244402,0.9989488049122789
ABT-702,0.04836828949925001,0.32791514746467154,0.9989488049122789
ETOSALAMIDE,0.04838315003750002,0.7941892150565808,0.9989488049122789
ARCTIGENIN,0.048404101497,0.8303668677568236,0.9989488049122789
SOLRIAMFETOL,0.048412730432909,0.9426980198656748,0.9989488049122789
CARBAZOCHROME,0.048480362565850005,0.5265311542559122,0.9989488049122789
NMS-1286937,0.04849860511499937,0.7889218405315273,0.9989488049122789
BUPIVACAINE,0.04852308561700003,0.8314496597452443,0.9989488049122789
ASPIRIN,0.048529036829000005,0.8728550939049544,0.9989488049122789
AMIKACIN,0.0486557756002,0.7517986355000709,0.9989488049122789
ARBUTIN,0.04867550072999999,0.5195526295554878,0.9989488049122789
CINEPAZIDE,0.04870001231189999,0.5056287052437024,0.9989488049122789
LY2452473,0.04870397889929999,0.6712585961220776,0.9989488049122789
2-PMDQ,0.04872898600103499,0.8183544974933388,0.9989488049122789
LANOCONAZOLE,0.04889915128549993,0.8192473406664559,0.9989488049122789
MAROPITANT,0.04890550949604999,0.9311037818178508,0.9989488049122789
GUE-1654,0.048925920422310004,0.4172462838726496,0.9989488049122789
RIFABUTIN,0.049193014351119994,0.1471616575731303,0.9989488049122789
L-(+)-RHAMNOSE-MONOHYDRATE,0.0492098418914,0.8359395444957827,0.9989488049122789
EPHEDRINE,0.04922068333350005,0.9269856914072209,0.9989488049122789
STETADERM,0.04935539210624999,0.5930257789820835,0.9989488049122789
SEMAPIMOD,0.049391198440805,0.9649090793282487,0.9989488049122789
URETHANE,0.049414735664700005,0.5125302676396195,0.9989488049122789
OXYPHENONIUM,0.049472988000120004,0.8697482122093871,0.9989488049122789
PINCAINIDE,0.049494006626188025,0.4312159391192756,0.9989488049122789
MRK-016,0.049543768396662885,0.16516091190917692,0.9989488049122789
HYDROFLUMETHIAZIDE,0.049581925641,0.6774865805767136,0.9989488049122789
CEFOZOPRAN,0.04980936054100002,0.7778041246959724,0.9989488049122789
VALNEMULIN,0.04990303314799999,0.9596060033357289,0.9989488049122789
CB-10-277,0.049921401331849996,0.3162658167835207,0.9989488049122789
VECABRUTINIB,0.05008680435909929,0.9141393946620232,0.9989488049122789
AMMONIUM-PERFLUOROCAPRYLATE,0.050110245234908604,0.1471616575731303,0.9989488049122789
S-NITROSOGLUTATHIONE,0.050132773117899994,0.8815166500306794,0.9989488049122789
DESOXYPEGANINE,0.05040144525605,0.3230340720460403,0.9989488049122789
BMS-927711,0.05051196490319999,0.9168584488878047,0.9989488049122789
LEVOBUNOLOL,0.050518327933499974,0.470759033231269,0.9989488049122789
GPBAR-A,0.0506271791954775,0.6703385897080415,0.9989488049122789
SGC-CBP30,0.05068067195345,0.9702714798252512,0.9989488049122789
NEMIRALISIB,0.05070376172355959,0.9829081410360564,0.9989488049122789
BALSALAZIDE,0.050741347652,0.5243086293018286,0.9989488049122789
TAGATOSE,0.050795789350999994,0.7793554936516607,0.9989488049122789
TCS-2002,0.050868629797369086,0.5204231868267928,0.9989488049122789
MERCK60,0.05086938620397019,0.8026366500754581,0.9989488049122789
PALMITOYLCARNITINE,0.0508772930493,0.9445164009367679,0.9989488049122789
PENCICLOVIR,0.050886170441380996,0.8517500190906697,0.9989488049122789
ICOMUCRET,0.050886735603299996,0.6569763250594419,0.9989488049122789
TUCIDINOSTAT,0.051114512112170996,0.6715020354823618,0.9989488049122789
SACUBITRILAT,0.051134200773855276,0.7682193652763997,0.9989488049122789
EPZ005687,0.051135756079400005,0.7278607713296317,0.9989488049122789
A-412997,0.051144930639007616,0.6644953253590632,0.9989488049122789
CARBOXYLOSARTAN,0.05114778171988346,0.39108012428089245,0.9989488049122789
TIPLAXTININ,0.05116394402490235,0.48147720665062854,0.9989488049122789
LINEZOLID,0.05120697202049995,0.9772122103641975,0.9989488049122789
TETRACYCLINE,0.051234484284500004,0.4990849599362448,0.9989488049122789
METOXIBUTROPATE,0.05126727087815001,0.5174837381184904,0.9989488049122789
CGP-7930,0.0513398657004,0.8996752749595051,0.9989488049122789
D-157495,0.05134106720984388,0.2652242545353529,0.9989488049122789
MACITENTAN-N-BUTYL-ANALOGUE,0.051347758303460146,0.4547352624264034,0.9989488049122789
CUTAMESINE,0.0513503510464,0.5093742512551451,0.9989488049122789
NITENPYRAM,0.0513596905542,0.5294981483048331,0.9989488049122789
ICOTINIB,0.05144354059265001,0.8838041707795843,0.9989488049122789
DALARGIN,0.05152466968149999,0.3030105427117282,0.9989488049122789
GESTRINONE,0.0515833342596,0.646001649094015,0.9989488049122789
AZD1981,0.05159787567734501,0.22140987955977376,0.9989488049122789
BIFENDATE,0.051695338411899994,0.23304449825739537,0.9989488049122789
FLUSPIRILENE,0.05179602703950004,0.7792251078346246,0.9989488049122789
ASPARTAME,0.051865681921849996,0.8316090823653649,0.9989488049122789
PIDOLIC-ACID,0.05189062855250001,0.5312499859948482,0.9989488049122789
PREGABALIN,0.05198296538650002,0.3749631334120298,0.9989488049122789
OAC1,0.05203620351400001,0.6703371072956259,0.9989488049122789
RADAFAXINE,0.052043483407149996,0.5930257789820835,0.9989488049122789
GSK2838232,0.05209268870098405,0.6159135274144121,0.9989488049122789
PHTPP,0.0521832006472,0.92528778626859,0.9989488049122789
ANAGRELIDE,0.0521949683894245,0.7317717128266401,0.9989488049122789
PF-431396,0.05232463990203917,0.5685047128648113,0.9989488049122789
PACLITAXEL,0.05232731974000027,0.9544430046734634,0.9989488049122789
NITAZOXANIDE,0.052498660107024996,0.8892014274027581,0.9989488049122789
JTE-907,0.05261314098450001,0.8775407682024783,0.9989488049122789
CGH2466,0.05263665723199995,0.6476521537389621,0.9989488049122789
THIAMINE,0.05269346764900007,0.7383390499527056,0.9989488049122789
DYNASORE,0.05270575898656715,0.852705965159096,0.9989488049122789
BROMEBRIC-ACID,0.05272162542394154,0.6735206208010739,0.9989488049122789
AUTOTAXIN-MODULATOR-1,0.05291664532829265,0.6185057427009125,0.9989488049122789
ISOBUTYRAMIDE,0.05293234732150004,0.2593645496082686,0.9989488049122789
ETAZOLATE,0.05302136782649999,0.3162658167835207,0.9989488049122789
DIMEMORFAN,0.05306731958250002,0.46002393806398134,0.9989488049122789
RANITIDINE,0.053238917130499996,0.638879240116272,0.9989488049122789
PALIPERIDONE,0.05333095712390001,0.41618429624874986,0.9989488049122789
T-1095,0.0533415943006448,0.5555864840932544,0.9989488049122789
CORT-108297,0.053350440730676144,0.7300791088840405,0.9989488049122789
CEPHARANTHINE,0.053364800018049996,0.8783131560539308,0.9989488049122789
LSN-2463359,0.053395257466978485,0.6241781610051125,0.9989488049122789
SULFAMETHIZOLE,0.05343362314389999,0.6068448768332959,0.9989488049122789
BRUCINE,0.05358777013743,0.5655109286090683,0.9989488049122789
SOBETIROME,0.05364202389599998,0.46068886443421175,0.9989488049122789
AMPICILLIN,0.0536792198711,0.7581135748514893,0.9989488049122789
SQUALAMINE,0.053701540824940996,0.5270358965081505,0.9989488049122789
LEQ506,0.053714490259401504,0.8573896060540254,0.9989488049122789
IPRONIAZID,0.0537325502474999,0.6227127933572427,0.9989488049122789
BI-409306,0.05377437550621539,0.20584464570071992,0.9989488049122789
RO-3,0.05382163351066699,0.3077124742204054,0.9989488049122789
ML-3403,0.0539594494450319,0.49479660273919235,0.9989488049122789
GSK2636771,0.0540366811837,0.45768288310890703,0.9989488049122789
DBPR-211,0.0540491741509503,0.38444323159134297,0.9989488049122789
NHI-2,0.05405124451736315,0.8639211614693181,0.9989488049122789
N6022,0.054087304715999984,0.9135741298622372,0.9989488049122789
DIXANTHOGEN,0.0541157769809,0.34059177013982866,0.9989488049122789
BEXAROTENE,0.05417836662599995,0.4154983951395035,0.9989488049122789
TAMIBAROTENE,0.054186286535500006,0.7000754093408057,0.9989488049122789
HYDROXYAMPHETAMINE,0.0542497217128,0.9334433064651616,0.9989488049122789
TAK-220,0.054286386081486504,0.31571584256452845,0.9989488049122789
"3,4-DCPG-(R)",0.054317755235835485,0.7317717128266401,0.9989488049122789
VINCAMINE,0.05446097687325,0.49858928396531466,0.9989488049122789
BMS-582949,0.054554952142244754,0.5971963120883523,0.9989488049122789
SULBACTAM-PIVOXIL,0.054562044145750006,0.8892014274027581,0.9989488049122789
STATIL,0.0545707077217235,0.9027448317959773,0.9989488049122789
OXYBUPROCAINE,0.05472160652700003,0.9096213958539661,0.9989488049122789
CHICAGO-SKY-BLUE-6B,0.0548388809741,0.4357096197346281,0.9989488049122789
IOWH032,0.054861576726000005,0.7997189715764079,0.9989488049122789
EMTRICITABINE,0.05486548465735,0.856410162180494,0.9989488049122789
PF-04620110,0.05489258287490001,0.6374205500684976,0.9989488049122789
PROPRANOLOL,0.05507226491194,0.2218153474103316,0.9989488049122789
DASABUVIR,0.05507450415799999,0.5246273820177696,0.9989488049122789
EPIRIZOLE,0.05514373094734998,0.5243086293018286,0.9989488049122789
DMNB,0.055195755664150026,0.3386183463319664,0.9989488049122789
AZD9668,0.05521856978299998,0.8583099888792466,0.9989488049122789
TC-ASK-10,0.055258140816769996,0.5166719607327203,0.9989488049122789
EPOPROSTENOL,0.05530642449200002,0.8435348231325669,0.9989488049122789
PHENOLSULFONPHTHALEIN,0.05534594594,0.9228087638116025,0.9989488049122789
INDOPROFEN,0.0553585335315,0.4709736532944876,0.9989488049122789
JNJ-678,0.055380217384972646,0.9658241242728414,0.9989488049122789
LYCOPENE,0.05542159087899998,0.3360346402520946,0.9989488049122789
CHENODEOXYCHOLIC-ACID,0.05545316092050001,0.5121047847568203,0.9989488049122789
CILOMILAST,0.05550295272149999,0.7229371633675141,0.9989488049122789
CARSALAM,0.055679776928000024,0.6928143450672175,0.9989488049122789
LINTOPRIDE,0.05584682443388797,0.6506645739566754,0.9989488049122789
BENZOYLPAS,0.055903231936999975,0.5166520501749798,0.9989488049122789
LUMACAFTOR,0.055989982788615,0.22832537212094817,0.9989488049122789
ANTALARMIN,0.056030121582970355,0.7237904557630266,0.9989488049122789
LEVCROMAKALIM,0.0561595516431619,0.9373894511674218,0.9989488049122789
CYCLIZINE,0.056249715084849994,0.7533649124965862,0.9989488049122789
CLOBAZAM,0.05626941736150004,0.5581679240828987,0.9989488049122789
BIFONAZOLE,0.0563208366609,0.4439502415760962,0.9989488049122789
ADAPTAVIR,0.0565234379654585,0.576647572696428,0.9989488049122789
ISOMETHEPTENE-MUCATE,0.056541714994500114,0.5219973675924174,0.9989488049122789
BREQUINAR,0.05661546597849998,0.8454989101220725,0.9989488049122789
TOFOGLIFLOZIN,0.05664482266515,0.4744678786430989,0.9989488049122789
RAMIPRIL,0.056697340501000004,0.5751481450166931,0.9989488049122789
ALLICIN,0.056791023759601204,0.6997811359555655,0.9989488049122789
PEMETREXED,0.0567944931758,0.82018811850566,0.9989488049122789
DMEOB,0.05695198825289999,0.3682423985761125,0.9989488049122789
ATOVAQUONE,0.05700366052960001,0.5157992945917711,0.9989488049122789
SA-47,0.05703170617146672,0.4663775514304249,0.9989488049122789
PSB-06126,0.057216166934,0.9465163922261549,0.9989488049122789
GINKGOLIDE-B,0.05724402625899999,0.1520035400120482,0.9989488049122789
RO-48-8071,0.057283345367885014,0.47645252335694177,0.9989488049122789
BETP,0.05729778380823029,0.5739638856901972,0.9989488049122789
ASTILBIN,0.05730039281735502,0.3963405700872584,0.9989488049122789
IROSUSTAT,0.05739448317625,0.7294744195054839,0.9989488049122789
ISX-9,0.057409355821655746,0.9772122103641975,0.9989488049122789
TAZAROTENE,0.057414831522655,0.8359395444957827,0.9989488049122789
EXISULIND,0.05744164069299999,0.6827583777454445,0.9989488049122789
EVP-6124,0.057498169055000006,0.7847340240151478,0.9989488049122789
JHW-007,0.05752376796928821,0.5971963120883523,0.9989488049122789
AMD11070,0.057534247942500005,0.510265612205079,0.9989488049122789
POLYTHIAZIDE,0.0575370996619,0.39095562378232207,0.9989488049122789
ABC-294640,0.05756604234711506,0.8842052647839096,0.9989488049122789
MESULERGINE,0.05767199654069999,0.48211518897287675,0.9989488049122789
IPIDACRINE,0.05768739796899999,0.6338817787103337,0.9989488049122789
PREGNENOLONE,0.05773740354250001,0.9833426929213817,0.9989488049122789
TOZASERTIB,0.05775663422955002,0.823767090297954,0.9989488049122789
DAPAGLIFLOZIN,0.05776829086450003,0.8864317776589388,0.9989488049122789
DEHYDROCHOLATE,0.05780180835249993,0.9438030724693113,0.9989488049122789
DH-97,0.05781147640411715,0.7806282644628137,0.9989488049122789
PD-198306,0.057812146535,0.2732217673069183,0.9989488049122789
CIANIDANOL,0.0578632461771,0.5657472029248682,0.9989488049122789
BCTC,0.05788519029941285,0.9090344083657707,0.9989488049122789
PARACHLOROPHENOL,0.057912104962,0.2159652735936276,0.9989488049122789
KI16198,0.058012460905500024,0.9168584488878047,0.9989488049122789
VU-0364739,0.058024548282546676,0.33514050106345383,0.9989488049122789
CT-7758,0.05817666508700001,0.5516175931815249,0.9989488049122789
DEGARELIX,0.0583490437762,0.30689689169056966,0.9989488049122789
5-AMINOLEVULINIC-ACID,0.058368766440549995,0.6560271641183388,0.9989488049122789
TNP-470,0.05838005828875398,0.15210641779065973,0.9989488049122789
DIBENZOTHIOPHENE,0.058389317199,0.7010461909741461,0.9989488049122789
FLOSEQUINAN,0.05865075034593653,0.1932087036808139,0.9989488049122789
EPITIOSTANOL,0.05865345786449999,0.5020565969989815,0.9989488049122789
BD-1063,0.0586558315605,0.634538460860588,0.9989488049122789
PF-670462,0.058676589772091586,0.6563108170929983,0.9989488049122789
DINOPROST,0.058776938392999994,0.3672432281002569,0.9989488049122789
BROMANTAN,0.058839727266625,0.6316264497795587,0.9989488049122789
TIPELUKAST,0.0590171214668553,0.7246821099196428,0.9989488049122789
ALPHA-LINOLENIC-ACID,0.05901836370640001,0.5728045616815344,0.9989488049122789
AMG-510,0.05908447104290224,0.4291356979641656,0.9989488049122789
UNDECYLENIC-ACID,0.05909152427707971,0.23585461976363997,0.9989488049122789
5-IODO-A-85380,0.05917836774094999,0.6338817787103337,0.9989488049122789
HEMOMEX-S,0.05925414958950001,0.47363920706082885,0.9989488049122789
IBMX,0.0592990319565002,0.24417875073897333,0.9989488049122789
3PO,0.05930201095454252,0.7806282644628137,0.9989488049122789
PHENYL-AMINOSALICYLATE,0.059327835154000086,0.1585943890237932,0.9989488049122789
VINPOCETINE,0.059346568877999994,0.23080190596226036,0.9989488049122789
GAMMA-AMINOBUTYRIC-ACID,0.05936278609399992,0.4094629659801423,0.9989488049122789
EPZ-5676,0.05939143439835001,0.8129505488044632,0.9989488049122789
DIDOX,0.059424166555250006,0.4545203046842221,0.9989488049122789
ITD-1,0.059501427425627154,0.4751631396797642,0.9989488049122789
MITAPIVAT,0.059570209163522604,0.8348778026701602,0.9989488049122789
SAQUINAVIR,0.05962632565353,0.8314496597452443,0.9989488049122789
HYDROXOCOBALAMIN,0.05963281549766346,0.4811734660950977,0.9989488049122789
MOLINDONE,0.05971598233985,0.26533205300593554,0.9989488049122789
NETUPITANT,0.0597240448885,0.6590316712778447,0.9989488049122789
GINSENOSIDE-RE,0.05982922816019905,0.6527931850992597,0.9989488049122789
CH-5183284,0.060014609876493985,0.09882205167084916,0.9989488049122789
KL-001,0.060044397114433296,0.7847918044938961,0.9989488049122789
NORTRIPTYLINE,0.06006530541691,0.3453727524661586,0.9989488049122789
APRINDINE,0.06014380761659999,0.9123814988925926,0.9989488049122789
DOLASETRON,0.06014525772500001,0.662080472930488,0.9989488049122789
SULFAMONOMETHOXINE,0.06016349912005,0.5460176103475842,0.9989488049122789
GSK923295,0.06027767872249999,0.7996758352629703,0.9989488049122789
EFLETIRIZINE,0.06032669923620204,0.9827959351128169,0.9989488049122789
CIQ,0.060347798024250734,0.45025763467320046,0.9989488049122789
4-IODO-6-PHENYLPYRIMIDINE,0.060433471025399976,0.21141601136396593,0.9989488049122789
CP-93129,0.06049370173799999,0.3453727524661586,0.9989488049122789
AV-412,0.060650856801000005,0.6997811359555655,0.9989488049122789
CNX-2006,0.060664080495649995,0.9058214959106845,0.9989488049122789
DAPANSUTRILE,0.06070916118119845,0.44610785330116554,0.9989488049122789
NOLATREXED,0.060739179903064995,0.8892014274027581,0.9989488049122789
GLYCOPYRROLATE,0.060838989333299995,0.37750596004664616,0.9989488049122789
CITIOLONE,0.06091866653399999,0.5970270839661096,0.9989488049122789
LY2828360,0.0609718180161352,0.9027448317959773,0.9989488049122789
ORBIFLOXACIN,0.06121741816099999,0.6569763250594419,0.9989488049122789
SIB-1757,0.06127880262000018,0.4824416545437378,0.9989488049122789
CLINDAMYCIN-PHOSPHATE,0.06132941108950002,0.726405680270062,0.9989488049122789
CEFAZOLIN,0.0615352027272745,0.8303668677568236,0.9989488049122789
PROPACETAMOL,0.06154803773145001,0.6272575855382218,0.9989488049122789
PYRIDOXINE,0.06161990725815,0.514924661914034,0.9989488049122789
GSK1838705A,0.061645998274665006,0.8172679118018574,0.9989488049122789
DBEQ,0.0617095624393,0.9096213958539661,0.9989488049122789
ISODIBUT,0.06171570230217,0.763699256197351,0.9989488049122789
A-967079,0.06173379449248012,0.7037351342412805,0.9989488049122789
MECLOCYCLINE-SULFOSALICYLATE,0.061755980657,0.2046001373849785,0.9989488049122789
METAPROTERENOL,0.06178742116499997,0.5396982112365563,0.9989488049122789
DIMINAZENE-ACETURATE,0.061823749251700005,0.9441620143382379,0.9989488049122789
CINCHOCAINE,0.061948853676000004,0.296523440915913,0.9989488049122789
ZM-241385,0.06198569802449996,0.5607215890319679,0.9989488049122789
API-001,0.06219706632299998,0.7533649124965862,0.9989488049122789
PIRETANIDE,0.06233649058350005,0.5728045616815344,0.9989488049122789
PENTYLENETETRAZOL,0.062341914244524996,0.8783131560539308,0.9989488049122789
TECALCET,0.06244172457925,0.8319427020043,0.9989488049122789
ACPC,0.0625500610615,0.48526581308412264,0.9989488049122789
LIRAGLUTIDE,0.06255636345079651,0.3315801134704459,0.9989488049122789
COTININE,0.06260323122150002,0.8767585463920895,0.9989488049122789
SB-431542,0.06260423498499995,0.8314496597452443,0.9989488049122789
QUININE,0.0626616388394,0.2592919239020789,0.9989488049122789
RS-504393,0.062681185377285,0.48819592443215465,0.9989488049122789
SRT2104,0.0628298249119,0.43188778509545733,0.9989488049122789
DOXOFYLLINE,0.06286745617200001,0.5330520154786802,0.9989488049122789
ACOLBIFENE,0.06286933072235346,0.5270358965081505,0.9989488049122789
BENPROPERINE,0.0628755099066,0.16417731528619006,0.9989488049122789
MOCLOBEMIDE,0.06290575945400001,0.42272218223204494,0.9989488049122789
AZD7986,0.06295459660952651,0.9426980198656748,0.9989488049122789
HARRINGTONINE,0.0629650348899995,0.8545815290107919,0.9989488049122789
GEFAPIXANT,0.06305349397637447,0.22999057760583852,0.9989488049122789
HYDROXYTOLUIC-ACID,0.06308103077055,0.696009210873267,0.9989488049122789
EFLOXATE,0.06308907523499999,0.46057374065206724,0.9989488049122789
PALMITOLEIC-ACID,0.06318848532006,0.8787109897904567,0.9989488049122789
CIGLITAZONE,0.0632430634211,0.3030105427117282,0.9989488049122789
DANTROLENE,0.06325737014575,0.5873657939388608,0.9989488049122789
KEVETRIN,0.06330982542647351,0.23748136121033037,0.9989488049122789
CIS-ACONITIC-ACID,0.0633819698193165,0.9033761125172047,0.9989488049122789
AVEX-73,0.0634069853480825,0.6148555776256919,0.9989488049122789
VU-0240551,0.0634341036753974,0.28917255797492525,0.9989488049122789
4-(4-FLUOROBENZOYL)-1-(4-PHENYLBUTYL)-PIPERIDINE,0.06351446498200003,0.9658241242728414,0.9989488049122789
NPC-15199,0.06355094383845,0.6410127553041405,0.9989488049122789
POTASSIUM-IODIDE,0.06355169952386425,0.470759033231269,0.9989488049122789
PIPOFEZINE,0.063573947388706,0.726405680270062,0.9989488049122789
SB-772077B,0.06362018461290089,0.3192800643744409,0.9989488049122789
SRPIN340,0.0636887712722,0.6873218011739946,0.9989488049122789
DOXIFLURIDINE,0.063704876706,0.8118052023642311,0.9989488049122789
AH-7614,0.06370863522045345,0.8471451490071619,0.9989488049122789
STAT3-INHIBITOR-VI,0.06377866710291696,0.9260358654695614,0.9989488049122789
FLUOXYMESTERONE,0.06385613860885,0.6071439278853321,0.9989488049122789
DIPHENYLENEIODONIUM,0.06390535653499985,0.9601325488242769,0.9989488049122789
A922500,0.0640839590704,0.6493487134680862,0.9989488049122789
PK-THPP,0.0641841068241213,0.13731195594747259,0.9989488049122789
NCS-382,0.06432596729850004,0.8236712344062798,0.9989488049122789
ADD-233089,0.0643495177012,0.70507784294566,0.9989488049122789
GIMERACIL,0.06440101962547,0.6438931537857415,0.9989488049122789
MEDETOMIDINE,0.06449535146199997,0.20116291739453307,0.9989488049122789
LATANOPROST,0.06449571762999984,0.8667095719885822,0.9989488049122789
DARGLITAZONE,0.06449691795654998,0.7861624884380793,0.9989488049122789
ORG-27569,0.0645673097275,0.7657186000356273,0.9989488049122789
PI3KD-IN-2,0.06461255213805775,0.22999057760583852,0.9989488049122789
METHYLDOPA,0.0646175517425,0.3657680740592344,0.9989488049122789
BAZ2-ICR,0.06480697772039376,0.5726576197324607,0.9989488049122789
ETACRYNIC-ACID,0.06498624399900002,0.7929313661484034,0.9989488049122789
CHLORPYRIFOS,0.06512537273685,0.7328104096282637,0.9989488049122789
6-BENZYLAMINOPURINE,0.06512974762075,0.6845731713812544,0.9989488049122789
AM679,0.065210004895371,0.08276552042218742,0.9989488049122789
CAROXAZONE,0.06541696892222348,0.42311875914547104,0.9989488049122789
ALLYLISOTHIOCYANATE,0.0654839176645,0.5242312693690687,0.9989488049122789
VALBENAZINE,0.06550307382853446,0.6820175143749152,0.9989488049122789
METHYSERGIDE,0.06552317109478223,0.45768288310890703,0.9989488049122789
SKI-II,0.0656106343685,0.8647945340740362,0.9989488049122789
REBOXETINE,0.06566235537050003,0.38525658709247135,0.9989488049122789
PAEONOL,0.06570682555649998,0.7157140283400826,0.9989488049122789
METHACHOLINE,0.06577612842,0.5970270839661096,0.9989488049122789
U-54494A,0.06589493088975,0.6021608623118206,0.9989488049122789
CHLORAZANIL,0.065900955333,0.5348525025991211,0.9989488049122789
SALIRASIB,0.06601035205700001,0.6217051413751232,0.9989488049122789
SB-683698,0.06604987300392,0.5872418739299734,0.9989488049122789
TRAP-101,0.0661292770271,0.22971961073972258,0.9989488049122789
GAMITHROMYCIN,0.06618227479316541,0.9426980198656748,0.9989488049122789
PHLOROGLUCIN,0.066218920870398,0.5310849675642475,0.9989488049122789
LOPINAVIR,0.06630918627999999,0.3453727524661586,0.9989488049122789
AZITHROMYCIN,0.06635996438175,0.6476521537389621,0.9989488049122789
AX-024,0.06651689157961899,0.3145479591628342,0.9989488049122789
ALANOSINE,0.06652060615027955,0.9198434498158345,0.9989488049122789
FT011,0.06656184526914574,0.6979066317055458,0.9989488049122789
PIK-294,0.06660136856599,0.23676682568338858,0.9989488049122789
CINOXACIN,0.06664718265150002,0.3713543557343727,0.9989488049122789
BRL-52537,0.06674341853400001,0.7495262952952877,0.9989488049122789
DIMESNA,0.06680380519954998,0.7069004684757199,0.9989488049122789
SM-164,0.06690973627442154,0.32090299426874946,0.9989488049122789
SPARTEINE-(+),0.06693331091838757,0.4751631396797642,0.9989488049122789
BALOFLOXACIN,0.06697931952213002,0.6679261435650327,0.9989488049122789
JNJ-47965567,0.06701745749639104,0.6121453228136029,0.9989488049122789
EG00229,0.0671178491688074,0.7724716325735277,0.9989488049122789
TETRAHYDROZOLINE,0.06718479811449996,0.6316988925892839,0.9989488049122789
NSC-405020,0.06724018012495,0.7549118711902529,0.9989488049122789
TRETAZICAR,0.0673093679833156,0.6858033942392772,0.9989488049122789
DEXFOSFOSERINE,0.06744958750399999,0.8460094278269594,0.9989488049122789
AFLOQUALONE,0.06745625273479999,0.9274515216925953,0.9989488049122789
NALBUPHINE,0.06756292426504999,0.1703712182629611,0.9989488049122789
CA-4948,0.06758941889183878,0.4547352624264034,0.9989488049122789
SD-169,0.0677801063236,0.6800319497318357,0.9989488049122789
SAFINAMIDE,0.067825396498325,0.47778842934700405,0.9989488049122789
PAT-1251,0.06784562851759321,0.4166566325729606,0.9989488049122789
POCAPAVIR,0.06798662967962699,0.9312636501060025,0.9989488049122789
PERPHENAZINE,0.06805170461453501,0.6599795898660183,0.9989488049122789
BAX-CHANNEL-BLOCKER,0.06805804928700002,0.31032029493434676,0.9989488049122789
BIAPENEM,0.0681960299614505,0.39108012428089245,0.9989488049122789
TASELISIB,0.0682529237038,0.9090344083657707,0.9989488049122789
SITAGLIPTIN,0.06827076605899998,0.5608474128050216,0.9989488049122789
CG-400549,0.06845685524950001,0.1130665091032913,0.9989488049122789
NK-252,0.06851294716867426,0.9544430046734634,0.9989488049122789
AMIBEGRON,0.06859486131455,0.22015880650782593,0.9989488049122789
ERYTHROMYCIN,0.06867517145700001,0.4105126795499928,0.9989488049122789
FAROPENEM-MEDOXOMIL,0.06869741288995,0.6222023439882295,0.9989488049122789
CEFPROZIL,0.06875338516600399,0.7037351342412805,0.9989488049122789
DICYCLOVERINE,0.06884690840149998,0.3350259637125709,0.9989488049122789
IVACAFTOR,0.06892028497899999,0.8703771847533474,0.9989488049122789
HIGENAMINE,0.06895385188782988,0.7646562575322102,0.9989488049122789
N-HYDROXYNICOTINAMIDE,0.06903230846770053,0.19827200314627413,0.9989488049122789
KME-4,0.06909577734434215,0.6047859174598139,0.9989488049122789
AN2718,0.06912578350643944,0.5205220299325415,0.9989488049122789
GLUTATHIONE-MONOISOPROPYL-ESTER,0.06917040344949998,0.8751638427173556,0.9989488049122789
ZD-7288,0.06920920968870001,0.7793554936516607,0.9989488049122789
RSV604,0.06924774949520002,0.30689689169056966,0.9989488049122789
SB-742457,0.06929554539799998,0.5729477057355556,0.9989488049122789
TRIAMCINOLONE,0.06951319478899998,0.9603755698843486,0.9989488049122789
DORAMAPIMOD,0.06951815721585,0.5448652241491887,0.9989488049122789
3-METHYL-GABA,0.0696043933802685,0.5486082086949211,0.9989488049122789
SDZ-WAG-994,0.06969726334849996,0.6579507592650893,0.9989488049122789
IDALOPIRDINE,0.06972832440805,0.3997355302711637,0.9989488049122789
GUAIFENESIN,0.06979481797550002,0.6167341522269928,0.9989488049122789
"HYDRASTINE-(1R,-9S)",0.06980475602910001,0.35578385994629436,0.9989488049122789
PROTRIPTYLINE,0.0698168905755,0.5823929655201887,0.9989488049122789
CLOPERASTINE,0.06986054549050003,0.43823907554994224,0.9989488049122789
WAY-255348,0.06990747691708005,0.6352126156916167,0.9989488049122789
SILDENAFIL,0.0699563180485,0.8069292661668057,0.9989488049122789
WIKI4,0.0699965035981792,0.5522778090672316,0.9989488049122789
CARISOPRODOL,0.07010785225249999,0.32754222970699554,0.9989488049122789
PROGESTERONE,0.07015356768575,0.4663775514304249,0.9989488049122789
ANECORTAVE-ACETATE,0.07018737246001999,0.43514180460301255,0.9989488049122789
LEVOCARNITINE,0.0702086349963,0.5661797457856084,0.9989488049122789
JPH203,0.07030771919535231,0.7751527703965084,0.9989488049122789
DALFOPRISTIN,0.07038030310655449,0.15055195672275293,0.9989488049122789
PARTHENOLIDE-(ALTERNATE-STEREO),0.07054062192395,0.9090344083657707,0.9989488049122789
TAK-715,0.070546777565,0.5277572270221045,0.9989488049122789
LY225910,0.07062164002659999,0.8983819440928359,0.9989488049122789
SGC-707,0.07068730988084396,0.271454357960596,0.9989488049122789
ZOLANTIDINE,0.0706892495185,0.6144527298136968,0.9989488049122789
S-07662,0.0707011526945665,0.7425429871012064,0.9989488049122789
BECLABUVIR,0.07076923418484089,0.22172770844380596,0.9989488049122789
NEDAPLATIN,0.07083036474349999,0.3432102113415376,0.9989488049122789
BU-224,0.07090884206050005,0.3490117653921745,0.9989488049122789
METHYLNALTREXONE,0.07100634776249998,0.8359395444957827,0.9989488049122789
LANDIOLOL,0.071028146811995,0.726405680270062,0.9989488049122789
PD-173212,0.07103281179505219,0.13935575606281533,0.9989488049122789
CEFIDEROCOL,0.07105345258699004,0.6767518971878292,0.9989488049122789
ANTHRAQUINONE,0.0710753988032133,0.259200151349418,0.9989488049122789
SR-59230A,0.0712943615535,0.7847340240151478,0.9989488049122789
DACARBAZINE,0.07132817460585,0.31056983704804964,0.9989488049122789
SURAMIN,0.0713381942945,0.4338480657664392,0.9989488049122789
S-111,0.07144088541641,0.45630228701259656,0.9989488049122789
BMS-707035,0.07150961877600004,0.6747375310217318,0.9989488049122789
LY2510924,0.07152817380709729,0.7300791088840405,0.9989488049122789
D-SERINE,0.0715367159776,0.49246743776591617,0.9989488049122789
FLURIZAN,0.07156291604489398,0.7786247643860507,0.9989488049122789
L-THEANINE,0.07168448374000003,0.9260358654695614,0.9989488049122789
AZAPERONE,0.07173206108499997,0.3322720075619333,0.9989488049122789
EW-7197,0.07174486775718467,0.4517651842052032,0.9989488049122789
BUSULFAN,0.07177811974393,0.5486082086949211,0.9989488049122789
PICARTAMIDE,0.0718049088097,0.1918386017419481,0.9989488049122789
ANETHOLE-TRITHIONE,0.071896173252185,0.24367729558356666,0.9989488049122789
IBUTAMOREN,0.07195709487650004,0.49185218944200537,0.9989488049122789
GAVESTINEL,0.072072639176,0.5379487181142137,0.9989488049122789
FENOBAM,0.07213293883101,0.5330520154786802,0.9989488049122789
GGSTOP,0.07227090734318635,0.2905694241149879,0.9989488049122789
SULFINPYRAZONE,0.07232169442500003,0.5921454388685505,0.9989488049122789
NICODICOSAPENT,0.0723502998739721,0.7479477414312314,0.9989488049122789
DESERPIDINE,0.0723641649765,0.5533779509908874,0.9989488049122789
UKI-1,0.0724850610746646,0.4125449945707137,0.9989488049122789
NAV-26,0.0726832812182075,0.6355898124912291,0.9989488049122789
RS-45041-190,0.07271866952449998,0.5185236381899284,0.9989488049122789
FUDOSTEINE,0.07272579967275002,0.39585173983206,0.9989488049122789
BMS-599626,0.072794552184585,0.6194479070138306,0.9989488049122789
SARAFLOXACIN,0.07284701268249999,0.4074665737213503,0.9989488049122789
BUTACAINE,0.07289354684800001,0.781680068686978,0.9989488049122789
BAN-ORL-24,0.07299789200404,0.8529167001838103,0.9989488049122789
MINOCYCLINE,0.07309725608069999,0.4047752083193017,0.9989488049122789
GR-135531,0.07312081943299997,0.49133226826010623,0.9989488049122789
DUP-697,0.0731446692419,0.462085286747705,0.9989488049122789
FAMPROFAZONE,0.0731747175535,0.9109792925106339,0.9989488049122789
DEXTROROTATION-NIMORAZOLE-PHOSPHATE-ESTER,0.07328049061067199,0.5084270521593919,0.9989488049122789
ETHYNYLCYTIDINE,0.07340052865268998,0.9312636501060025,0.9989488049122789
CHUANXIONGZINE,0.07343880688650001,0.9373894511674218,0.9989488049122789
CLAMIKALANT,0.0734636789249544,0.4074665737213503,0.9989488049122789
BISMUTH(III)-TRIFLUOROMETHANESULFONATE,0.07349883938980001,0.20030918783388652,0.9989488049122789
(S)-(+)-ROLIPRAM,0.07353518802664999,0.13005131457146923,0.9989488049122789
HOMOQUINOLINIC-ACID,0.07359492925550001,0.6510065160430332,0.9989488049122789
RKI-1447,0.07361392340195,0.5761501220305789,0.9989488049122789
GW-583340,0.07367590141544998,0.5448652241491887,0.9989488049122789
ER-27319,0.07368925982499963,0.6694591637497375,0.9989488049122789
TETRINDOLE,0.07369735667800001,0.1390523353027042,0.9989488049122789
EXALAMIDE,0.07383931041161,0.6535232774371162,0.9989488049122789
ICA-121431,0.073862068758239,0.5522778090672316,0.9989488049122789
CYCLOCYTIDINE,0.07386462622000023,0.7712893098399607,0.9989488049122789
PNU-282987,0.07393175574700002,0.4533699001000937,0.9989488049122789
BAY-85-8050,0.07394092810300001,0.6839793194757556,0.9989488049122789
TRIENTINE,0.07400355851750001,0.3713543557343727,0.9989488049122789
DEHYDROACETIC-ACID,0.07403620579805001,0.7753855696287895,0.9989488049122789
HER2-INHIBITOR-1,0.07404957433431747,0.7425429871012064,0.9989488049122789
CGS-21680,0.07417843373225,0.66410944587878,0.9989488049122789
VALGANCICLOVIR,0.07423146189149998,0.5085174602680393,0.9989488049122789
URIDINE-TRIACETATE,0.07442125177150002,0.7696884336790062,0.9989488049122789
TOCAINIDE,0.07445358771655,0.5863658657781197,0.9989488049122789
ATN-161,0.0745201988577,0.4268388090769807,0.9989488049122789
ALFADOLONE-ACETATE,0.07460969632799996,0.3582799113299947,0.9989488049122789
AMG-837,0.07468894238749996,0.691596998279468,0.9989488049122789
NKY-80,0.0747946758224115,0.8807947935435065,0.9989488049122789
ITX5061,0.0748226346183163,0.8404938375767992,0.9989488049122789
RANOLAZINE,0.07484943311020002,0.4357096197346281,0.9989488049122789
PIMONIDAZOLE,0.07510549490454999,0.4751631396797642,0.9989488049122789
IMIQUIMOD,0.0752109903362,0.4780293539667445,0.9989488049122789
PIK-93,0.075231353458,0.4958103502247765,0.9989488049122789
OMEGA-3-ACID-ESTERS,0.07565009378289556,0.17404821755473243,0.9989488049122789
BETAMETHASONE-DIPROPIONATE,0.07566721470100002,0.4692713224594435,0.9989488049122789
UPADACITINIB,0.07582407547409084,0.8248027097215431,0.9989488049122789
METERGOLINE,0.07595214868394,0.7526258138592761,0.9989488049122789
BUTYLSCOPOLAMINE-BROMIDE,0.07595769427057,0.9203645704062895,0.9989488049122789
ROSUVASTATIN,0.07597743591888,0.6036691286156983,0.9989488049122789
OMAPATRILAT,0.07598401809414346,0.4504098571167391,0.9989488049122789
FLUDARABINE,0.07612975396550001,0.8026366500754581,0.9989488049122789
PROADIFEN,0.07622807562349998,0.6333423006990662,0.9989488049122789
REPOTRECTINIB,0.07629052007353021,0.5084270521593919,0.9989488049122789
LEVOMEQUITAZINE,0.07638992756350002,0.5607215890319679,0.9989488049122789
METACETAMOL,0.07639762303549999,0.17492490368040559,0.9989488049122789
AZD8931,0.0764144159127,0.7579492209018673,0.9989488049122789
AMCINONIDE,0.07649922735350001,0.5030732757853404,0.9989488049122789
DELANZOMIB,0.07659429533500006,0.462085286747705,0.9989488049122789
ABT-491,0.0767042192266,0.8451137743280484,0.9989488049122789
TESTOSTERONE-UNDECANOATE,0.0767373088629,0.5091185003602807,0.9989488049122789
SN-2,0.0767499535307317,0.24417875073897333,0.9989488049122789
SELONSERTIB,0.07677381623988988,0.7572601505606869,0.9989488049122789
CARBIMAZOLE,0.0768352119321,0.2842397158227439,0.9989488049122789
AMOXICILLIN,0.0768613492355,0.4616082618604511,0.9989488049122789
BMS-626529,0.0769480107156,0.4664130265709515,0.9989488049122789
AMG-487,0.07695666716049998,0.8105872503364194,0.9989488049122789
CYCLOPIAZONIC-ACID,0.0770023409785,0.8751638427173556,0.9989488049122789
ADELMIDROL,0.07718685611606252,0.5344219203413451,0.9989488049122789
MK-1903,0.07724200334918349,0.5873234887748717,0.9989488049122789
TCS-2314,0.07724590833375501,0.32714787356759845,0.9989488049122789
NVP-BVU972,0.0772494383292,0.911337834154257,0.9989488049122789
RISDIPLAM,0.0772609039627774,0.6839793194757556,0.9989488049122789
PD-184352,0.07735065446399997,0.2218153474103316,0.9989488049122789
TETRAMISOLE,0.077449617419,0.8878845766803175,0.9989488049122789
IRGD-PEPTIDE,0.07768189731658284,0.4547352624264034,0.9989488049122789
PRALIDOXIME,0.07776817662005,0.8075024740783546,0.9989488049122789
E-2001,0.07797383351828754,0.25308852265312565,0.9989488049122789
ITOPRIDE,0.07808047482540001,0.23932806543290808,0.9989488049122789
PICOLAMINE,0.07821473833383501,0.8172679118018574,0.9989488049122789
TIMOLOL,0.0782803036867,0.5897478271042398,0.9989488049122789
OLTIPRAZ,0.078365983985,0.4327163225816447,0.9989488049122789
LOSMAPIMOD,0.07837042829675,0.4606956275062052,0.9989488049122789
CYCLOCREATINE,0.0783813121422959,0.28550712378361287,0.9989488049122789
PIRENOXINE,0.07844872909940001,0.39851517781139767,0.9989488049122789
ALLOPURINOL,0.0784872729503,0.7049740685690036,0.9989488049122789
DOFETILIDE,0.07851402419999998,0.9657528081581478,0.9989488049122789
FENBUFEN,0.07856143848399999,0.8544430314644172,0.9989488049122789
ALS-8112,0.07863124856638384,0.21875239712950378,0.9989488049122789
MECAMYLAMINE,0.07872374450900002,0.38592224479289583,0.9989488049122789
METHYLCOBALAMIN,0.07875305608202449,0.2591071704256216,0.9989488049122789
LDN-27219,0.07880689229978692,0.5678079220080939,0.9989488049122789
LY3000328,0.0788112278621255,0.3479507720309145,0.9989488049122789
ELACRIDAR,0.07881398594649999,0.4592073167551547,0.9989488049122789
DPI-201106,0.078838089403,0.6607574611318817,0.9989488049122789
DEMECARIUM,0.07888475773900006,0.5438588539443743,0.9989488049122789
ADIPORON,0.0789379142856,0.1870754859089394,0.9989488049122789
CARBADOX,0.078987500116,0.6547208460185769,0.9989488049122789
CHOLINE-ALFOSCERATE,0.07900535461944999,0.3588697770936983,0.9989488049122789
TALIPEXOLE,0.07921402796200006,0.1946210115266198,0.9989488049122789
VANCOMYCIN,0.07922031492550002,0.16258261976369603,0.9989488049122789
RASAGILINE,0.07928710907500003,0.2625127937229763,0.9989488049122789
UBP-302,0.0793174538867,0.9487557811181019,0.9989488049122789
OTENZEPAD,0.07935472988000003,0.46492580600974065,0.9989488049122789
NADIDE,0.0793972002906,0.5503763650241896,0.9989488049122789
CEFOXITIN,0.07941918369100898,0.576647572696428,0.9989488049122789
CYTISINE,0.07942786296156501,0.791948107304081,0.9989488049122789
AT-7519,0.07950317579500066,0.7502126829245079,0.9989488049122789
DPCPX,0.07950655931009999,0.44657794768428083,0.9989488049122789
GDC-0810,0.07954442752915,0.45010940602445537,0.9989488049122789
ENISAMIUM-IODIDE,0.07956110603505,0.43689844029862757,0.9989488049122789
FLUOCINONIDE,0.07961330306029225,0.12794238977507247,0.9989488049122789
NVP-TNKS656,0.07967904143666099,0.342235360550342,0.9989488049122789
ISOLEUCINE,0.079686731241985,0.5723517209999383,0.9989488049122789
AMYGDALIN,0.0797331246318,0.3498241903988616,0.9989488049122789
IMIDAFENACIN,0.07977557211199998,0.4793373092927381,0.9989488049122789
PANOBINOSTAT,0.07981820794499983,0.97151744141097,0.9989488049122789
A77636,0.07998439967331306,0.5157992945917711,0.9989488049122789
IOPAMIDOL,0.07998771141879998,0.6094753725688145,0.9989488049122789
SIVELESTAT,0.08009734687610001,0.539841311917282,0.9989488049122789
GENTIOPICRIN,0.0801322946308,0.35779256252836045,0.9989488049122789
ATRACTYLENOLIDE-I,0.08017680979223012,0.47670979987173145,0.9989488049122789
AMANTADINE,0.0801820031804,0.6042530082285309,0.9989488049122789
AVANAFIL,0.08022055729499988,0.9203645704062895,0.9989488049122789
LICARBAZEPINE,0.08047085656800002,0.808164043951114,0.9989488049122789
ETP-45658,0.08048520171582019,0.6998488202605145,0.9989488049122789
SANT-1,0.0805427927749,0.21542609063778395,0.9989488049122789
CURCUMOL,0.08059643099604702,0.26072990868164536,0.9989488049122789
LEVO-PHENCYNONATE,0.0806037461966,0.4964218619872083,0.9989488049122789
SHP099,0.080625522792304,0.4420965278866762,0.9989488049122789
SUFENTANIL,0.08065206615039999,0.699184825434876,0.9989488049122789
NN-DNJ,0.08076716228197861,0.17429955420112175,0.9989488049122789
TCN238,0.0809033503804451,0.5391300407438244,0.9989488049122789
COBICISTAT,0.080984792615195,0.8129505488044632,0.9989488049122789
DAPHNETIN,0.08101154779359998,0.2745914316861745,0.9989488049122789
PRAZIQUANTEL,0.08107574669699996,0.4448131236912376,0.9989488049122789
AEG3482,0.08122262759795,0.8580276569875211,0.9989488049122789
NVP-TAE684,0.08124550392499996,0.5533779509908874,0.9989488049122789
CEPHALOSPORIN-C-ZN,0.0812857303757,0.7829237691419296,0.9989488049122789
ZIPRASIDONE,0.0813185364665,0.25901295710977545,0.9989488049122789
DIPHENYLPYRALINE,0.0814418929407,0.2561974265312601,0.9989488049122789
CW-008,0.08153143539355301,0.7751527703965084,0.9989488049122789
CP-376395,0.08153893789983835,0.4517651842052032,0.9989488049122789
NIFEDIPINE,0.08155472203956339,0.6222023439882295,0.9989488049122789
OSTHOL,0.08163815529450003,0.9658241242728414,0.9989488049122789
IDRONOXIL,0.08166270237544998,0.3593813949040876,0.9989488049122789
FLUFENAMIC-ACID,0.08166587623800003,0.631157039696143,0.9989488049122789
ALMITRINE,0.08174386544474999,0.8996752749595051,0.9989488049122789
NIDA-41020,0.0818481461661864,0.45025763467320046,0.9989488049122789
DIHYDROMYRICETIN,0.081861093844,0.9230322270693736,0.9989488049122789
DICLOFENAMIDE,0.08196735422012999,0.36998102201605854,0.9989488049122789
PD-98059,0.08197532710499997,0.36757019909731903,0.9989488049122789
ACETARSOL,0.08222433696,0.765594483995764,0.9989488049122789
MMPX,0.082248287145555,0.4864631661431388,0.9989488049122789
OXALOACETATE,0.08228498542301,0.7621868569150076,0.9989488049122789
VU10010,0.08231730347968746,0.342235360550342,0.9989488049122789
BUDIPINE,0.08234947161110001,0.5563081457199803,0.9989488049122789
SALICYL-ALCOHOL,0.08235014297900001,0.5350481229715252,0.9989488049122789
GALLIC-ACID,0.08237357208399998,0.4605060033627293,0.9989488049122789
NFKB-ACTIVATION-INHIBITOR-II,0.0825990706582616,0.9658241242728414,0.9989488049122789
PF-915275,0.08268082912252994,0.563070486577234,0.9989488049122789
10058-F4,0.08274456972720001,0.8815616125082277,0.9989488049122789
CEFPIRAMIDE,0.0827455597315,0.4744678786430989,0.9989488049122789
D-4476,0.08288704235300004,0.7637578582145441,0.9989488049122789
BISANTRENE,0.0830319311468426,0.08069541753266636,0.9989488049122789
A-33903,0.08310993784829501,0.8834105632597351,0.9989488049122789
BOPINDOLOL,0.08313388153100004,0.6992348502043013,0.9989488049122789
MRS-1334,0.0831689447453714,0.4197027619852467,0.9989488049122789
BAY-60-6583,0.08376701066463049,0.4795897618650552,0.9989488049122789
CINANSERIN,0.0838002668236,0.5460176103475842,0.9989488049122789
AMPYRONE,0.0839132287718077,0.8751638427173556,0.9989488049122789
BIO-1211,0.0840187332142695,0.43730695496521377,0.9989488049122789
BYK-204165,0.08410432240214999,0.26835423274740233,0.9989488049122789
BAY-2402234,0.08416762387689003,0.6610504693009125,0.9989488049122789
ANR-94,0.08452253765158894,0.33562534477403705,0.9989488049122789
PLINABULIN,0.08460640019499976,0.6892316467364797,0.9989488049122789
SULTOPRIDE,0.08488984537904048,0.3682423985761125,0.9989488049122789
IFOSFAMIDE,0.08490993433150001,0.39942857630565154,0.9989488049122789
AZ-12080282,0.08499309333174501,0.1959717723675226,0.9989488049122789
CYM-5541,0.08500427499650384,0.26222716708560967,0.9989488049122789
ANLOTINIB,0.0850249787451085,0.1926865724294181,0.9989488049122789
DEXTRAN,0.08505898621966,0.7711987931011348,0.9989488049122789
LH846,0.08524451307169598,0.394565674079002,0.9989488049122789
EIT-HYDROBROMIDE,0.0852503478145,0.21104446486460504,0.9989488049122789
A-7,0.08542717097100501,0.791426126073881,0.9989488049122789
TELENZEPINE,0.0854674291145,0.6963800771478859,0.9989488049122789
TU-2100,0.08551795018165001,0.38364149158644967,0.9989488049122789
2-HYDROXYETHYL-SALICYLATE,0.08560455148219999,0.5774398831516085,0.9989488049122789
TAUROGLYCOCHOLATE,0.08560512423981678,0.45768288310890703,0.9989488049122789
ANDROGRAPHOLIDE,0.08567503262149997,0.6144527298136968,0.9989488049122789
IGMESINE,0.08568501561125001,0.20990277239126998,0.9989488049122789
TOZADENANT,0.085705504513,0.44776944106855066,0.9989488049122789
UNC0642,0.08575770215920002,0.8627203021493584,0.9989488049122789
OMDM-2,0.0858852677535,0.5066158665910702,0.9989488049122789
3-ALPHA-BIS-(4-FLUOROPHENYL)-METHOXYTROPANE,0.085998013081,0.2196749601597272,0.9989488049122789
TERBINAFINE,0.0860309892136,0.3967270272957437,0.9989488049122789
ZOLPIDEM,0.08604391520749999,0.45768288310890703,0.9989488049122789
CHLORPROPAMIDE,0.08606839463000004,0.5356586744518841,0.9989488049122789
CGK-733,0.08622191672550003,0.416540330763848,0.9989488049122789
SCH-202676,0.08642513348714448,0.7103888846616615,0.9989488049122789
CYSTEAMINE,0.08651083350115285,0.7210530391592899,0.9989488049122789
JW-642,0.08658057505166149,0.5533779509908874,0.9989488049122789
CABALETTA,0.0866432077218,0.23080190596226036,0.9989488049122789
OP-0595,0.08664833763565895,0.23279293129798206,0.9989488049122789
AMMONIUM-LACTATE,0.0867088106809,0.3134917622874994,0.9989488049122789
KM-0118,0.08674004970239399,0.4418293454310679,0.9989488049122789
LDN193189,0.08675772348486444,0.808164043951114,0.9989488049122789
HALOBETASOL-PROPIONATE,0.08677491973375001,0.567593673183741,0.9989488049122789
PF-04447943,0.08681754622800002,0.5507760715930471,0.9989488049122789
TANDOSPIRONE,0.08687434180845,0.2565244704826405,0.9989488049122789
ENASIDENIB,0.0869355524432,0.37446499165393854,0.9989488049122789
AST-1306,0.08693994979215999,0.37303120540151646,0.9989488049122789
CARIPRAZINE,0.08709315499855,0.6539695652900366,0.9989488049122789
PIRIBEDIL,0.0871738913665,0.5873657939388608,0.9989488049122789
PF-573228,0.08733554134399996,0.8977227197251831,0.9989488049122789
AVL-292,0.08736072010045,0.6194479070138306,0.9989488049122789
SCH-51344,0.08738721880858846,0.4321523091446372,0.9989488049122789
CLENBUTEROL,0.08748914527649998,0.7330936937376422,0.9989488049122789
GSK356278,0.08795697118984545,0.10895522898959156,0.9989488049122789
SAL003,0.0881127897411,0.8871628403403916,0.9989488049122789
BAY-61-3606,0.08816883677880993,0.324396734443515,0.9989488049122789
HA-966-(R)-(+),0.08831055066009999,0.5635109138529999,0.9989488049122789
CORTODOXONE,0.08831365104210001,0.6336447585628388,0.9989488049122789
ASP-6537,0.08833992198077452,0.11055156889164504,0.9989488049122789
JNJ-39758979,0.08835896547975661,0.23847011304080046,0.9989488049122789
CINROMIDE,0.08848446023,0.8183544974933388,0.9989488049122789
NSC-23766,0.08878443559205002,0.5703198349709739,0.9989488049122789
TOLMETIN,0.08885720267800004,0.49858928396531466,0.9989488049122789
LORNOXICAM,0.0889461444376,0.23013035055984632,0.9989488049122789
U-99194,0.08897577743694998,0.8026366500754581,0.9989488049122789
TIGECYCLINE,0.0890028539189039,0.20073853679837816,0.9989488049122789
RU-SKI-43,0.08906405366949,0.5020565969989815,0.9989488049122789
SUPROFEN,0.08908490838609999,0.5701396016000662,0.9989488049122789
P7C3,0.08925590684066831,0.4003552265949841,0.9989488049122789
ANIDULAFUNGIN,0.08940176221912499,0.40757153818484215,0.9989488049122789
NORELGESTROMIN,0.08942558940707,0.5187669344111476,0.9989488049122789
4-GALACTOSYLLACTOSE,0.08947185592885148,0.7298194270363418,0.9989488049122789
JIB04,0.08983640243361499,0.8871628403403916,0.9989488049122789
ML-9,0.08990784567534998,0.6386592072943855,0.9989488049122789
KI-20227,0.08996796279043132,0.5739638856901972,0.9989488049122789
CAMICINAL,0.09000150379164999,0.3843378583812328,0.9989488049122789
SCH-221510,0.09001084336518544,0.17712643439168785,0.9989488049122789
BELIZATINIB,0.09021459766006457,0.35754447013237745,0.9989488049122789
TP-003,0.09029901628698615,0.8639211614693181,0.9989488049122789
AFOBAZOLE,0.0904417410444,0.47363920706082885,0.9989488049122789
HYDROCORTISONE-HEMISUCCINATE,0.090445266558,0.21473988328463867,0.9989488049122789
MORPHOTHIADIN,0.09055827321838801,0.7425429871012064,0.9989488049122789
CHLORPROTHIXENE,0.09057922769448,0.8743937504024242,0.9989488049122789
RMC-4550,0.09061566779749297,0.6374205500684976,0.9989488049122789
FORMONONETIN,0.09063867934099995,0.5066158665910702,0.9989488049122789
TIRATRICOL,0.090716050524,0.4474218578281767,0.9989488049122789
LUMATEPERONE,0.09075743182045903,0.3778127159869842,0.9989488049122789
AZD9056,0.09083948419225385,0.5533779509908874,0.9989488049122789
AMIODARONE,0.0908758471202,0.5704954010380927,0.9989488049122789
ORG-12962,0.09090989942400002,0.15034424484493789,0.9989488049122789
LONAFARNIB,0.0909589282961,0.7261895116009631,0.9989488049122789
BISMUTH-SUBCITRATE-POTASSIUM,0.09100361587050002,0.2913672670184547,0.9989488049122789
AFALANINE,0.09101905698885,0.24796686387053812,0.9989488049122789
VINBURNINE,0.09103684472899999,0.696009210873267,0.9989488049122789
ACEXAMIC-ACID,0.09110368277275,0.37750596004664616,0.9989488049122789
GALLOPAMIL,0.0911672866855,0.20779176561675505,0.9989488049122789
FLUNARIZINE,0.09119045645989998,0.31204512335284385,0.9989488049122789
DIOXYBENZONE,0.09128068632449998,0.7087012570080073,0.9989488049122789
VARESPLADIB,0.09136752998200001,0.6876589494468544,0.9989488049122789
FR-139317,0.09173641711039998,0.8453642261915495,0.9989488049122789
HESPERIDIN,0.0918285754689,0.5968621048740197,0.9989488049122789
CHIDAMIDE,0.09188002919114999,0.7084414093482762,0.9989488049122789
MADECASSOSIDE,0.09202976785152842,0.31082276448595325,0.9989488049122789
CLEBOPRIDE,0.09208338978699998,0.16607359933315713,0.9989488049122789
FLUMETHASONE-PIVALATE,0.09220979853450001,0.5609859409854712,0.9989488049122789
LGD-6972,0.09222778591286605,0.4504098571167391,0.9989488049122789
AGI-6780,0.09245714602549998,0.17765717839919748,0.9989488049122789
BAY-60-7550,0.09264905235405313,0.17942916461815428,0.9989488049122789
ZCL-278,0.09266233083495,0.2904574061078933,0.9989488049122789
PROCYCLIDINE,0.09266445726769999,0.37981903726388333,0.9989488049122789
LY2584702,0.09302940198345325,0.24725922394623767,0.9989488049122789
KO143,0.09302967920644353,0.18509134840288144,0.9989488049122789
PF-06747775,0.09310268739304325,0.36510615687166015,0.9989488049122789
ACECAINIDE,0.09317852921665,0.629490964721166,0.9989488049122789
FUCOXANTHIN,0.0932324704128814,0.5130467456118922,0.9989488049122789
L-161982,0.093301026939,0.23013035055984632,0.9989488049122789
PROBENECID,0.09334857286138999,0.3851244974101491,0.9989488049122789
NEBIVOLOL,0.0935760806615,0.35636254458116445,0.9989488049122789
TAK-285,0.09358608651100003,0.3755979877665636,0.9989488049122789
TIOTROPIUM,0.09379608304269998,0.44310790245867726,0.9989488049122789
AM-281,0.0938394588905,0.44353725547375955,0.9989488049122789
ACARBOSE,0.0938438999358,0.5185236381899284,0.9989488049122789
AZD3759,0.09389440077304055,0.30415025474775526,0.9989488049122789
N-ACETYLMANNOSAMINE,0.0939495369857,0.5581679240828987,0.9989488049122789
SMI-4A,0.09398838307685,0.6396030082609112,0.9989488049122789
IBUPROXAM,0.09400899065650004,0.7779719191378374,0.9989488049122789
BROMOCRIPTINE,0.0942570116124,0.22692540066702283,0.9989488049122789
SP-141,0.09427963578599008,0.5522778090672316,0.9989488049122789
TG-100572,0.09436800451050001,0.726405680270062,0.9989488049122789
GUANCYDINE,0.0944567856397805,0.30064046995263116,0.9989488049122789
PELANSERIN,0.09463920163655,0.4268388090769807,0.9989488049122789
EMODIN,0.09468088208050002,0.6892316467364797,0.9989488049122789
PROPAGERMANIUM,0.0947557243240485,0.3682423985761125,0.9989488049122789
RS-39604,0.0949283023598,0.4064898701812738,0.9989488049122789
ZIDOVUDINE,0.0949936143965,0.3386183463319664,0.9989488049122789
CYTARABINE,0.09511597248029999,0.2938412340994857,0.9989488049122789
GPR120-MODULATOR-1,0.09513206051704254,0.9290799444764025,0.9989488049122789
OXIRACETAM,0.09519283052100036,0.9829081410360564,0.9989488049122789
SB-202190,0.09523524514261,0.7103888846616615,0.9989488049122789
DICLOFENAC,0.095236189671,0.15881420986705186,0.9989488049122789
2-FLUOROFUCOSE,0.0952957114366913,0.8686903645233097,0.9989488049122789
TALTOBULIN,0.09531815792500042,0.7157036298519501,0.9989488049122789
PAFURAMIDINE,0.09543741808874999,0.1931155959126094,0.9989488049122789
UPF-1069,0.09568863867550001,0.5438588539443743,0.9989488049122789
SORAFENIB,0.0957105286935,0.4197027619852467,0.9989488049122789
ST-2825,0.0957630807252341,0.576647572696428,0.9989488049122789
APTO-253,0.09578526372741036,0.9741813440247689,0.9989488049122789
GUANIDINE,0.09587072992849999,0.8400542400603668,0.9989488049122789
ALISKIREN-HEMIFUMARATE,0.09593321450100006,0.11128341431362904,0.9989488049122789
JW-55,0.09611917762494465,0.7971661379312067,0.9989488049122789
PHENAZOPYRIDINE,0.09622286080999998,0.7936936020344199,0.9989488049122789
FLURBIPROFEN-AXETIL,0.09624280616145915,0.18123776161608884,0.9989488049122789
MF-101,0.09627311055556,0.18606966136384795,0.9989488049122789
3-DEAZAURIDINE,0.09633534568143509,0.37696955066776505,0.9989488049122789
LY2784544,0.09647761449299996,0.8183544974933388,0.9989488049122789
BISPHENOL-A,0.09662846499706101,0.46648990830280024,0.9989488049122789
ESTRADIOL-VALERATE,0.09672466618725001,0.8346826916026671,0.9989488049122789
TC-H-106,0.09683965568519276,0.6579507592650893,0.9989488049122789
EPHEDRINE-(RACEMIC),0.09688419495699996,0.4506985831550754,0.9989488049122789
NIM811,0.09690440773573264,0.30064046995263116,0.9989488049122789
INTEGRIN-ANTAGONIST-1,0.096919349123942,0.5547530944233307,0.9989488049122789
PENTOXIFYLLINE,0.09698034537769,0.6711818428549026,0.9989488049122789
ALFAXALONE,0.0970922088335,0.49083225328778957,0.9989488049122789
1-PHENYLBIGUANIDE,0.09710246989909999,0.13439491514994492,0.9989488049122789
LY364947,0.09717651208000011,0.41560022937214347,0.9989488049122789
AMPHOTERICIN-B,0.09718932140343715,0.47969387556073506,0.9989488049122789
ETHYNODIOL-DIACETATE,0.09735554782150001,0.7769964877929196,0.9989488049122789
SB-269970,0.097360811530169,0.19174469726708454,0.9989488049122789
CIRAZOLINE,0.09746338490880001,0.7711392596630728,0.9989488049122789
AMLEXANOX,0.0975256396395,0.133713513661825,0.9989488049122789
PYRANTEL-PAMOATE,0.09753591320831326,0.26222716708560967,0.9989488049122789
PHA-543613,0.09756964714557494,0.1681354090853051,0.9989488049122789
SPARTEINE-(-),0.09776126522322307,0.34587698955059,0.9989488049122789
LARAZOTIDE-ACETATE,0.09779303044206375,0.6249983371894393,0.9989488049122789
DAPOXETINE,0.09780652574974999,0.646001649094015,0.9989488049122789
INDATRALINE,0.097815333424,0.12194599462532339,0.9989488049122789
N-MPPP,0.097816015728,0.6021608623118206,0.9989488049122789
BIS(MALTOLATO)OXOVANADIUM(IV),0.0978440366924,0.6759878582977128,0.9989488049122789
NONOXYNOL-9,0.09788268867249994,0.5118799273370487,0.9989488049122789
IFENPRODIL,0.09790568684379,0.31056983704804964,0.9989488049122789
CYCLUC1,0.09821301196559995,0.5507760715930471,0.9989488049122789
FK-33-824,0.0983611919839,0.5680166062874257,0.9989488049122789
TEGASEROD,0.0983688273934929,0.6159135274144121,0.9989488049122789
BENZTHIAZIDE,0.09837170281700006,0.1364024208881551,0.9989488049122789
INGENOL,0.0983963878743214,0.6047859174598139,0.9989488049122789
JW-74,0.098457313446103,0.2818127634921921,0.9989488049122789
ARMODAFINIL,0.09848579650349998,0.21473988328463867,0.9989488049122789
SERTRALINE,0.09859665989435,0.33376970427423247,0.9989488049122789
TEMAZEPAM,0.09883049935849997,0.7807221527213087,0.9989488049122789
VELIPARIB,0.098841735126,0.3310965102811748,0.9989488049122789
MAFENIDE,0.09891531256749997,0.7833824055041012,0.9989488049122789
MK-7246,0.0989241570256415,0.5848720090516057,0.9989488049122789
STRONTIUM-RANELATE,0.0989352684601148,0.11128341431362904,0.9989488049122789
BMS-345541,0.09895390357309997,0.9152480558321715,0.9989488049122789
LY2140023,0.09896760342,0.41364303923107215,0.9989488049122789
GLASDEGIB,0.09900643496099998,0.470759033231269,0.9989488049122789
SASAPYRINE,0.09902270704600002,0.5627008968636003,0.9989488049122789
TREPROSTINIL,0.0991253618492518,0.9255516323432619,0.9989488049122789
VBY-825,0.09952283166806258,0.6272575855382218,0.9989488049122789
NOVOBIOCIN,0.0996911215986,0.25602192515929245,0.9989488049122789
TROFOSFAMIDE,0.0996999411602658,0.4125449945707137,0.9989488049122789
TROVIRDINE,0.09971984241323545,0.25393239704523796,0.9989488049122789
CADAZOLID,0.09973882967985798,0.15055195672275293,0.9989488049122789
KAF-156,0.0997690061376667,0.42495205968196637,0.9989488049122789
EDOXABAN,0.09981308174949999,0.9168584488878047,0.9989488049122789
SERTINDOLE,0.09982441755645,0.19617454310776727,0.9989488049122789
"ISOQUINOLINE,-6,7-DIMETHOXY-1-METHYL-1,2,3,4-TETRAHYDRO,",0.09982658543529999,0.7473141452580196,0.9989488049122789
AMINOTHIAZOLE,0.09985358662450006,0.23078369171447277,0.9989488049122789
MERBROMIN,0.09986239687300003,0.24573994198946103,0.9989488049122789
DARUNAVIR,0.09988208431100004,0.44310790245867726,0.9989488049122789
BIOTIN,0.09994553525125001,0.3619455006080107,0.9989488049122789
MICAFUNGIN,0.10012765638268606,0.9260358654695614,0.9989488049122789
BUTACLAMOL,0.1001715600443,0.5824155747231048,0.9989488049122789
IMEGLIMIN,0.10020741589723253,0.7400882432724074,0.9989488049122789
FLUTAMIDE,0.10024217779854999,0.7751527703965084,0.9989488049122789
DICOUMAROL,0.10042474847970001,0.29745712864965657,0.9989488049122789
PENTETIC-ACID,0.10049715830505,0.6601109154727594,0.9989488049122789
RITONAVIR,0.10055024082449995,0.16607359933315713,0.9989488049122789
DORAMECTIN,0.10057743844835,0.35212378558040525,0.9989488049122789
SIGUAZODAN,0.1006535806674,0.16395560580506974,0.9989488049122789
TC-G-1005,0.10068005492385025,0.3004587242812673,0.9989488049122789
TARGININE,0.10076804960550001,0.12165151086698728,0.9989488049122789
A-317491,0.10085067565430847,0.6273443807715666,0.9989488049122789
MACOZINONE,0.10094042228687611,0.6047859174598139,0.9989488049122789
BEPOTASTINE,0.1010121278447,0.8507816505652999,0.9989488049122789
CP-99994,0.1011056823967749,0.7540993199847056,0.9989488049122789
TRIFLUSAL,0.10111357452164635,0.23748136121033037,0.9989488049122789
VIXOTRIGINE,0.10113907417103309,0.4207923455947392,0.9989488049122789
ESCITALOPRAM,0.10122256468179998,0.5344219203413451,0.9989488049122789
LOMEGUATRIB,0.1013717644447,0.3205803826860133,0.9989488049122789
EMODEPSIDE,0.10163224231325395,0.6979066317055458,0.9989488049122789
CPI-360,0.10169758061430198,0.3691237804942954,0.9989488049122789
PHENACAINE,0.10172772614049999,0.3972485837997095,0.9989488049122789
BOSENTAN,0.10183837982695002,0.5310849675642475,0.9989488049122789
YIL-781,0.10185160809724154,0.7157140283400826,0.9989488049122789
"1,12-BESM",0.10187334567644998,0.5192567094811644,0.9989488049122789
TRANDOLAPRIL,0.1022561729033,0.27649810827776866,0.9989488049122789
TRIMETHOPRIM,0.10227896144000001,0.21702124989248228,0.9989488049122789
PFK-015,0.10232135871149994,0.8038895496959952,0.9989488049122789
NAPHAZOLINE,0.10235892101074998,0.42351560107419517,0.9989488049122789
CENTANAFADINE,0.1026206280437425,0.27144010022271636,0.9989488049122789
GLECAPREVIR,0.1026975551645507,0.762733812622035,0.9989488049122789
PINOCEMBRIN,0.10286706937052001,0.5111968096807104,0.9989488049122789
NIFLUMIC-ACID,0.1029632243133,0.32754222970699554,0.9989488049122789
ATENOLOL-(+),0.10300745322992239,0.6425278734386162,0.9989488049122789
ETHAMBUTOL,0.10302424343400002,0.3693085693147776,0.9989488049122789
ESZOPICLONE,0.10305830911999998,0.7697184024856237,0.9989488049122789
DIHYDREXIDINE,0.10330009694994036,0.5344219203413451,0.9989488049122789
RO-04-5595,0.10341267166500001,0.6323303870911263,0.9989488049122789
ORY-1001,0.10350009470391142,0.13442974770816596,0.9989488049122789
YM-750,0.10357964897945601,0.10048638682521634,0.9989488049122789
O-ACETYL-L-SERINE,0.10372448557648349,0.24417875073897333,0.9989488049122789
NETILMICIN,0.10386597041702417,0.03221864597023552,0.9989488049122789
EMBELIN,0.10423116411050001,0.3165762434318766,0.9989488049122789
MELANOTAN-II,0.10449157797928685,0.37276693794413773,0.9989488049122789
LIQUIRITIN,0.1045590218129181,0.9084397583825714,0.9989488049122789
SEMAGACESTAT,0.10456849756599998,0.23932806543290808,0.9989488049122789
PH-797804,0.1045691352675,0.46493649279338367,0.9989488049122789
GSK3117391,0.10475783056123023,0.7737165503290819,0.9989488049122789
ALIZAPRIDE,0.1048341923023,0.5607215890319679,0.9989488049122789
ROSAMICIN,0.10512074713015981,0.6839793194757556,0.9989488049122789
DROFENINE,0.10513284202200002,0.3945634148871312,0.9989488049122789
COR-170,0.10519737333670695,0.11359090986820654,0.9989488049122789
AZD5363,0.10523687579640001,0.814886411745666,0.9989488049122789
PCI-34051,0.10529121005899997,0.26835423274740233,0.9989488049122789
ANAMORELIN,0.10530522164094999,0.6171648585444262,0.9989488049122789
MYRICITRIN,0.1053306770689,0.6222023439882295,0.9989488049122789
SODIUM-GUALENATE,0.10537692872450002,0.1703712182629611,0.9989488049122789
PAMIDRONATE,0.10539863535980001,0.4561300642971512,0.9989488049122789
HYDROXYZINE,0.10549118968049997,0.2259166375319338,0.9989488049122789
LULICONAZOLE,0.10550243040130002,0.7847340240151478,0.9989488049122789
ARIPIPRAZOLE,0.10555410766515,0.34797068513361695,0.9989488049122789
HBED,0.10559185184862341,0.2809496696542433,0.9989488049122789
ERAVACYCLINE,0.10562563566303496,0.5971963120883523,0.9989488049122789
VESAMICOL,0.10565755283983501,0.2594719368967716,0.9989488049122789
GIDAZEPAM,0.10580143084165,0.8014206719473388,0.9989488049122789
ESTRADIOL-BENZOATE,0.10585639145075,0.5215186849570123,0.9989488049122789
NDT-9513727,0.10586497346474699,0.4533699001000937,0.9989488049122789
NICLOSAMIDE,0.10587665846149996,0.43810444891303435,0.9989488049122789
PEPSTATIN,0.10590134845950003,0.5697643679606206,0.9989488049122789
AMFEPRAMONE,0.10592323478200001,0.6261438007300147,0.9989488049122789
OPIPRAMOL,0.10592434424524999,0.6527931850992597,0.9989488049122789
ZUCLOPENTHIXOL,0.10599518156585,0.2508408042031618,0.9989488049122789
QUINPIROL-(-),0.10599547707100002,0.4780293539667445,0.9989488049122789
SCHISANDRIN-B,0.10601297118749997,0.5872418739299734,0.9989488049122789
VANILLYLACETONE,0.1061333216997,0.8271937165487391,0.9989488049122789
LY266097,0.10618962579781091,0.9232178722094468,0.9989488049122789
HC-070,0.10633046842588165,0.3427193775285343,0.9989488049122789
TRIPELENNAMINE,0.10644454779550006,0.16041609911147792,0.9989488049122789
FINASTERIDE,0.1065854559533,0.21066846315638144,0.9989488049122789
MI-14,0.10667886052342149,0.3954456059054121,0.9989488049122789
VGX-1027,0.10673540307495,0.3233678905044246,0.9989488049122789
TALINOLOL,0.10691554363350002,0.11344458931067551,0.9989488049122789
CHLORAMPHENICOL,0.10703619368555001,0.133713513661825,0.9989488049122789
ROLAPITANT,0.10732581646504125,0.3805265081912028,0.9989488049122789
SUBSTANCE-P,0.10752810238286103,0.33774441627977025,0.9989488049122789
VEDAPROFEN,0.10755652791144349,0.15467565241717116,0.9989488049122789
PYRAZOLANTHRONE,0.10756222192799997,0.15028172850618057,0.9989488049122789
AZELIRAGON,0.10758239763375001,0.1919941743602428,0.9989488049122789
LATREPIRDINE,0.10760268481050006,0.6762636527019983,0.9989488049122789
BENAXIBINE,0.10764750494950151,0.24744659138198488,0.9989488049122789
"3,4-METHYLENEDIOXY-BETA-NITROSTYRENE",0.107661868293875,0.9168584488878047,0.9989488049122789
YM-022,0.10770893582385,0.5821988363752324,0.9989488049122789
2-[1-(4-PIPERONYL)PIPERAZINYL]BENZOTHIAZOLE,0.1078635084167,0.6631246656220664,0.9989488049122789
MK-4074,0.107874806757177,0.3247491255114503,0.9989488049122789
SPAGLUMIC-ACID,0.10794759109914999,0.3439010476440032,0.9989488049122789
FAROPENEM,0.108003404604555,0.8678304499746288,0.9989488049122789
SID-7969543,0.10820016203350002,0.8453642261915495,0.9989488049122789
AZ-7371,0.10836645168990505,0.35323401144668687,0.9989488049122789
BFH772,0.10838111013827845,0.3883845174282503,0.9989488049122789
GW-4064,0.10847201039387999,0.45227913919107066,0.9989488049122789
ISOFLUROPHATE,0.1085367576154602,0.6944989943666622,0.9989488049122789
PROFLAVINE-HEMISULFATE,0.10855074310399998,0.5263728472089622,0.9989488049122789
THONZYLAMINE,0.108601191095,0.4824416545437378,0.9989488049122789
GSK269962,0.10860145397231152,0.4747160900140843,0.9989488049122789
NORGESTREL,0.1086383977217,0.31056983704804964,0.9989488049122789
ASIVATREP,0.10884847355494234,0.2972963314883187,0.9989488049122789
FLUDROXYCORTIDE,0.10886668055850002,0.9146973227401848,0.9989488049122789
AM-1241,0.1088944677293,0.44776944106855066,0.9989488049122789
BTS-72664,0.10895959900519847,0.22179793571115836,0.9989488049122789
TIBOLONE,0.10896906009830001,0.49963331436361524,0.9989488049122789
FAMCICLOVIR,0.10898427430899993,0.8137010295455132,0.9989488049122789
SJ-733,0.10904128985019525,0.37975522604752066,0.9989488049122789
NARLAPREVIR,0.1091012491649,0.6239369718541323,0.9989488049122789
VE-822,0.10911044403050008,0.8258939952297807,0.9989488049122789
VANIPREVIR,0.1091403314436212,0.2874136047967898,0.9989488049122789
BAY1217389,0.10925226506192987,0.37975522604752066,0.9989488049122789
3-METHYLADENINE,0.109261976225,0.46493649279338367,0.9989488049122789
DENOTIVIR,0.10932710638644999,0.4552645423881265,0.9989488049122789
METHYLPREDNISOLONE-ACEPONATE,0.10947263240593451,0.2588207339926062,0.9989488049122789
BRETAZENIL,0.10963645933415,0.19550726031832744,0.9989488049122789
NLG919,0.1098063311829536,0.1926865724294181,0.9989488049122789
MEPHENYTOIN,0.10983917488899997,0.4057528648374401,0.9989488049122789
VE-821,0.10996584617590001,0.6600277116514566,0.9989488049122789
QUERCETIN,0.10999169074304999,0.2966740074658887,0.9989488049122789
LICOCHALCONE-A,0.11002322521140001,0.6194997132858355,0.9989488049122789
TORASEMIDE,0.11005944228200001,0.403642148437229,0.9989488049122789
RILAPLADIB,0.11017315947481854,0.4856597903763117,0.9989488049122789
SULFAGUANIDINE,0.11046901957100003,0.32754222970699554,0.9989488049122789
INDELOXAZINE,0.1104979731686547,0.195464661668885,0.9989488049122789
SB-505124,0.11050319611999998,0.5219973675924174,0.9989488049122789
RIODOXOL,0.11051208730789588,0.9601325488242769,0.9989488049122789
PHYSOSTIGMINE,0.11068709811139998,0.5774398831516085,0.9989488049122789
TOLVAPTAN,0.1109052148429,0.38896875834615763,0.9989488049122789
CLOMIFENE,0.11104768696869999,0.7425429871012064,0.9989488049122789
NINGETINIB-TOSYLATE,0.11114682422228564,0.3354563605170384,0.9989488049122789
PCA-4248,0.1112104605995,0.4145590464151272,0.9989488049122789
SR-3576,0.11138685672408599,0.35986581305295073,0.9989488049122789
MK-2461,0.11157326146773,0.5920430199888429,0.9989488049122789
VELEDIMEX,0.1116787127668408,0.5555864840932544,0.9989488049122789
PDP-EA,0.11168922382225155,0.09322258661304675,0.9989488049122789
TRILOSTANE,0.111728551627,0.7016331239225542,0.9989488049122789
GLY-GLN,0.1118362402825,0.5317418329456098,0.9989488049122789
FLUMAZENIL,0.11183917784662502,0.09182367761528185,0.9989488049122789
NAXAGOLIDE,0.11196881437206752,0.7958163901254427,0.9989488049122789
TETRAETHYLENEPENTAMINE,0.1120017286261,0.5009668887286944,0.9989488049122789
JOSAMYCIN,0.112020299981,0.7502126829245079,0.9989488049122789
PINACIDIL,0.112058682710345,0.4782796877588602,0.9989488049122789
CLOXYQUIN,0.11219617669000001,0.1627998516005107,0.9989488049122789
ALINIDINE,0.112278427303634,0.3354563605170384,0.9989488049122789
MSDC-0602K,0.11243756045340153,0.5270358965081505,0.9989488049122789
TOLAZAMIDE,0.11251552093199998,0.3350259637125709,0.9989488049122789
PRT062607,0.112611683103,0.5297274018758257,0.9989488049122789
CI-953,0.11264895276209924,0.29397715226930243,0.9989488049122789
PLURISIN-#1,0.11309873237452,0.37516258872731534,0.9989488049122789
CID-5458317,0.11312814933500004,0.8000827092619572,0.9989488049122789
METHYLPARABEN,0.1131327623374424,0.4504098571167391,0.9989488049122789
WWL-123,0.11336292476777299,0.2927258018377066,0.9989488049122789
NALTREXONE,0.11337511310400006,0.9316135904269293,0.9989488049122789
TMN-355,0.11337623452576875,0.1817540770593371,0.9989488049122789
DAPIPRAZOLE,0.1134027955222,0.2643918291292122,0.9989488049122789
DIXYRAZINE,0.11341309419178204,0.41560022937214347,0.9989488049122789
LY311727,0.11343881276443915,0.12224871095049528,0.9989488049122789
LICOSTINEL,0.11345464383505019,0.24134506034518766,0.9989488049122789
CHROMOCARB,0.11349300019230002,0.4808678791104778,0.9989488049122789
MUT056399,0.11351743089269051,0.31571584256452845,0.9989488049122789
GW-803430,0.11354243269068236,0.4916125044271419,0.9989488049122789
NAFTOPIDIL,0.11361782486219998,0.5344219203413451,0.9989488049122789
VARENICLINE,0.11387959620299999,0.6853421906873465,0.9989488049122789
FUREGRELATE,0.11414440801209949,0.16468236021328975,0.9989488049122789
TC-FPR-43,0.11416224182757301,0.12111032479814021,0.9989488049122789
GUANIDINOETHYLDISULFIDE-BICARBONATE,0.11420995536934933,0.41560022937214347,0.9989488049122789
CERULETIDE,0.1142987072155328,0.3177359398949019,0.9989488049122789
GSK2837808A,0.11430420273316816,0.6425278734386162,0.9989488049122789
ELTOPRAZINE,0.114329332276995,0.3186672555145347,0.9989488049122789
FPL-64176,0.11435797356895,0.7479477414312314,0.9989488049122789
DEXMEDETOMIDINE,0.1145716821310865,0.8920745137740237,0.9989488049122789
BTT-3033,0.11499193406073449,0.11919491487061211,0.9989488049122789
EVENAMIDE,0.1150507917739312,0.4291356979641656,0.9989488049122789
Y-26763,0.11506433330900001,0.24405773645296058,0.9989488049122789
ARCYRIAFLAVIN-A,0.11510293937900001,0.6021608623118206,0.9989488049122789
ALMOREXANT,0.11511411777499991,0.0671571059886536,0.9989488049122789
ARECAIDINE-PROPARGYL-ESTER,0.115159996356,0.12506146084827197,0.9989488049122789
TALTIRELIN,0.11523825575730001,0.515147850273704,0.9989488049122789
LUF-5834,0.11532204048734299,0.73586514517087,0.9989488049122789
RALTEGRAVIR,0.11534910326085,0.726405680270062,0.9989488049122789
RADIPRODIL,0.11537412667499065,0.21104446486460504,0.9989488049122789
PRADEFOVIR,0.1157367850986632,0.14852179509564417,0.9989488049122789
NEPAFENAC,0.11602114073529998,0.23329296816651046,0.9989488049122789
DR-4485,0.11630097410230417,0.820772314357244,0.9989488049122789
PAVINETANT,0.11633890293182649,0.3427193775285343,0.9989488049122789
PRANLUKAST,0.11639414171949997,0.3693085693147776,0.9989488049122789
CIPROFIBRATE,0.11644100912349997,0.4780293539667445,0.9989488049122789
MK-8033,0.1166047298336,0.34082282474651315,0.9989488049122789
RGB-286638,0.11663835384497023,0.20110871916189355,0.9989488049122789
SPP301,0.11665508593899998,0.15799220270699088,0.9989488049122789
FR-122047,0.11674981053809999,0.1432401409749054,0.9989488049122789
TENELIGLIPTIN,0.11683837098700006,0.1304817324295329,0.9989488049122789
AIM-100,0.11691296643345216,0.05291002840890531,0.9989488049122789
SB-408124,0.117011148818515,0.2938412340994857,0.9989488049122789
CINPA-1,0.11719480466225855,0.2652785146393405,0.9989488049122789
CEFPIROME,0.11720413140144999,0.68591777437028,0.9989488049122789
CEFOTAXIME,0.1172520302560123,0.36510615687166015,0.9989488049122789
TYRPHOSTIN-AG-835,0.11747598719649999,0.10349178308845804,0.9989488049122789
OSILODROSTAT,0.1175695076448791,0.2163386199044347,0.9989488049122789
VILOXAZINE,0.117598611741,0.3368517554464495,0.9989488049122789
RILPIVIRINE,0.11767479068811999,0.21439068027036567,0.9989488049122789
MACELIGNAN,0.1177010910939338,0.4172462838726496,0.9989488049122789
AM-404,0.1179399764515,0.5417630682854582,0.9989488049122789
DMH1,0.118231548337,0.18376376273097672,0.9989488049122789
NESBUVIR,0.11829512137775,0.30628921545916765,0.9989488049122789
TRIAMCINOLONE-HEXACETONIDE,0.11832499511999145,0.8348778026701602,0.9989488049122789
CETRORELIX,0.1184472628056,0.3950175587814523,0.9989488049122789
SB-612111,0.11847787092313605,0.6121453228136029,0.9989488049122789
PRINOMASTAT,0.11861017485418537,0.4074665737213503,0.9989488049122789
NU-7026,0.11861762846519999,0.5085174602680393,0.9989488049122789
SERTACONAZOLE,0.11862314958925,0.8838041707795843,0.9989488049122789
CARBARSONE,0.11866570012118599,0.5204231868267928,0.9989488049122789
NS-309,0.1186919536587025,0.31056983704804964,0.9989488049122789
MEDROXYPROGESTERONE-ACETATE,0.11873622130395499,0.26548847876003223,0.9989488049122789
NPS-2407,0.118771396144187,0.49469993839963966,0.9989488049122789
IGURATIMOD,0.1187764324897,0.33892339571127006,0.9989488049122789
PREDNISOLONE-TEBUTATE,0.118887668872,0.2280521571592271,0.9989488049122789
CRIZOTINIB-(S),0.11892138745026999,0.7898713044944297,0.9989488049122789
CHLORHEXIDINE,0.11897477121936949,0.6672003695626034,0.9989488049122789
ML-323,0.11911361437464643,0.4046266191425748,0.9989488049122789
D-DELTA-TOCOPHEROL,0.11914543996195,0.11808718371884219,0.9989488049122789
GABA-LINOLEAMIDE,0.11922516158685,0.8325188126792755,0.9989488049122789
TEMEFOS,0.11929288000406599,0.28732221398508917,0.9989488049122789
EXHERIN,0.11937578731199999,0.2651692580125702,0.9989488049122789
TRAMADOL,0.11937848962495,0.5265311542559122,0.9989488049122789
PUERARIN,0.11942500367350001,0.2938412340994857,0.9989488049122789
17-HYDROXYPROGESTERONE-CAPROATE,0.11945377508295,0.3600742604458488,0.9989488049122789
CISAPRIDE,0.11950409986400001,0.4101757622937845,0.9989488049122789
SENICAPOC,0.1195340257812,0.16113502416620862,0.9989488049122789
DANOPREVIR,0.11957152837509999,0.2502646753789016,0.9989488049122789
BW-723C86,0.11957436750450001,0.12024365953293743,0.9989488049122789
TONABERSAT,0.11958091082349998,0.7725721758089635,0.9989488049122789
GEMIFLOXACIN,0.11958878431714999,0.19278738117506733,0.9989488049122789
DONEPEZIL,0.11960289340015001,0.2532189495924513,0.9989488049122789
CARPROFEN,0.119700316453,0.9052218074427497,0.9989488049122789
CLOBUTINOL,0.1197502416107,0.6222023439882295,0.9989488049122789
QUETIAPINE,0.1198877273985,0.8335745807964523,0.9989488049122789
ETHINYL-ESTRADIOL,0.1199765139392,0.4236152601662655,0.9989488049122789
OAC2,0.11998817012075626,0.2965981646332909,0.9989488049122789
FENOFIBRATE,0.12013042840799998,0.2866110752127956,0.9989488049122789
TENALISIB,0.1201623546277315,0.7696884336790062,0.9989488049122789
VELPATASVIR,0.12016704935703133,0.15676940933224562,0.9989488049122789
MONEPANTEL,0.1202274748826076,0.3923503148348958,0.9989488049122789
TORIN-2,0.12023759675500001,0.8291880784801028,0.9989488049122789
ROSE-BENGAL-LACTONE,0.12025345659885997,0.42311875914547104,0.9989488049122789
AQ-RA741,0.1204885533506,0.7069004684757199,0.9989488049122789
PYRETHRINS,0.12049403056233304,0.20116291739453307,0.9989488049122789
TRAPIDIL,0.12049789670250002,0.14198357173977452,0.9989488049122789
BAY-K-8644-(+/-),0.12052490841549998,0.48367904186851174,0.9989488049122789
BETAINE,0.1205656717473,0.345188299407854,0.9989488049122789
ZIMELIDINE,0.12057704818199999,0.9317109214183749,0.9989488049122789
MAPROTILINE,0.1206280156008,0.3376203443245158,0.9989488049122789
PKI-179,0.1208910566300001,0.5529768584901912,0.9989488049122789
SONIDEGIB,0.12093555552305,0.3030105427117282,0.9989488049122789
HEPSULFAM,0.12096347131968754,0.4901686547690849,0.9989488049122789
TXA127,0.12101589448420001,0.100500796066488,0.9989488049122789
SSR180711,0.1210712116930528,0.3004587242812673,0.9989488049122789
FEXINIDAZOLE,0.12112888184679999,0.6787422368199145,0.9989488049122789
MESORIDAZINE,0.12129623302934998,0.5312499859948482,0.9989488049122789
VOCLOSPORIN,0.12136756951635541,0.7210530391592899,0.9989488049122789
KR-33494,0.1216503974879756,0.3318622979742132,0.9989488049122789
COUMARIN,0.1217012223435,0.5946520687900244,0.9989488049122789
OSI-027,0.12177433281349997,0.6763863260009093,0.9989488049122789
PHENYL-SALICYLATE,0.12195579584298734,0.4663775514304249,0.9989488049122789
EFAPROXIRAL,0.12196967883280001,0.30082466545879694,0.9989488049122789
IKK-2-INHIBITOR,0.1220209152036,0.20035559630069222,0.9989488049122789
PIK-293,0.12204167118999998,0.40457794567396266,0.9989488049122789
AT-1015,0.1221227220831106,0.324396734443515,0.9989488049122789
TCS2002,0.12215908415150001,0.7069004684757199,0.9989488049122789
LENVATINIB,0.12223768530000001,0.3696157440857264,0.9989488049122789
PROPENTOFYLLINE,0.12245494879600005,0.3196382251776906,0.9989488049122789
R-1487,0.12249650374960319,0.1982204207549365,0.9989488049122789
SODIUM-TANSHINONE-II-A-SULFONATE,0.12254563446630001,0.43730896940521824,0.9989488049122789
DIPHENIDOL,0.12280339557330001,0.25260015960063054,0.9989488049122789
NVP-BGJ398,0.1228828943832706,0.47645252335694177,0.9989488049122789
CLIDINIUM,0.12332633194350004,0.16068672432744913,0.9989488049122789
PROBUCOL,0.12348099729829998,0.08921249754701609,0.9989488049122789
CHLORQUINALDOL,0.12350466902384999,0.7833574533682301,0.9989488049122789
GINSENOSIDE-RD,0.12354286369100001,0.35369858871892446,0.9989488049122789
NEVIRAPINE,0.1236305337632,0.2870550175210451,0.9989488049122789
CM-4620,0.12374616796103302,0.042662998923801876,0.9989488049122789
MERCAPTOSUCCINIC-ACID,0.12384948651579501,0.15366996018219364,0.9989488049122789
VEMURAFENIB,0.1240552791702,0.3843378583812328,0.9989488049122789
PRECLAMOL,0.1241112858135,0.27458515050151133,0.9989488049122789
CGP-25454A,0.12418007891762992,0.3500821382487469,0.9989488049122789
2-CMDO,0.12430317220549991,0.26835423274740233,0.9989488049122789
NIZOFENONE,0.12443076620499999,0.19367635965668606,0.9989488049122789
NARINGIN,0.12452165038475,0.20073853679837816,0.9989488049122789
PCI-29732,0.12457138364358894,0.37205563715249546,0.9989488049122789
BIX-02188,0.12457295560049998,0.17765717839919748,0.9989488049122789
CCG-50014,0.12470355256749999,0.5673921999530367,0.9989488049122789
CEFOTIAM,0.1249183454779,0.5624163793854811,0.9989488049122789
AROTINOLOL,0.1250647969393,0.31082276448595325,0.9989488049122789
BROMISOVAL,0.12508618659261303,0.6631246656220664,0.9989488049122789
NITROMIDE,0.1251136415258,0.27272384280113315,0.9989488049122789
PROXYPHYLLINE,0.12519149097499999,0.7485869983551448,0.9989488049122789
TAZEMETOSTAT,0.12526190283699995,0.5067312407160661,0.9989488049122789
TETRAMETHYLTHIURAM-MONOSULFIDE,0.12530759603499986,0.9250610222588358,0.9989488049122789
CJ-033466,0.1253529743719479,0.1471616575731303,0.9989488049122789
ONCRASIN-1,0.12543850378795,0.8583099888792466,0.9989488049122789
PIRLINDOLE,0.12548970560065,0.5139383523748484,0.9989488049122789
L-CITRULLINE,0.1256207676949,0.2830952966098462,0.9989488049122789
AC260584,0.1258261157061502,0.06681441720069217,0.9989488049122789
FEXARAMINE,0.1258806562807,0.18214250468365212,0.9989488049122789
CLONIXIN,0.1260339260783434,0.4003552265949841,0.9989488049122789
BMS-777607,0.12607233347505,0.21066846315638144,0.9989488049122789
BUTIBUFEN,0.126104667046589,0.5386034728772422,0.9989488049122789
RS-67506,0.1263289804437,0.15181759721111107,0.9989488049122789
YM-298198,0.12633601798700436,0.6631246656220664,0.9989488049122789
CEFETAMET,0.1264687414409,0.10208931675733286,0.9989488049122789
DIAZEPAM,0.126477328848,0.6438931537857415,0.9989488049122789
L-152804,0.126565297831,0.35323401144668687,0.9989488049122789
PERIFOSINE,0.1265961439708,0.39596889226914767,0.9989488049122789
SOTALOL,0.12669209259460001,0.17942916461815428,0.9989488049122789
ATICAPRANT,0.12694366092410375,0.20843280175338386,0.9989488049122789
DEXAMETHASONE,0.12699541208209997,0.311602561199701,0.9989488049122789
MAZINDOL,0.1270038964575,0.5297346412174109,0.9989488049122789
BUTABINDIDE,0.12733496549137346,0.3350259637125709,0.9989488049122789
CLORANOLOL,0.127361846361,0.09410972890467956,0.9989488049122789
RIFAMYCIN-SV,0.12737165736760003,0.09723939982193028,0.9989488049122789
NIMODIPINE,0.127509113255875,0.1364024208881551,0.9989488049122789
IPSAPIRONE,0.1276535164627,0.44056951662469823,0.9989488049122789
METOPROLOL,0.1276556491155001,0.4520244822151074,0.9989488049122789
SULBACTAM,0.12766099614399998,0.5195526295554878,0.9989488049122789
BETA-AMYLOID-SYNTHESIS-INHIBITOR,0.12782226581600004,0.07379558813036725,0.9989488049122789
LEVOCABASTINE,0.1279909620855,0.34797068513361695,0.9989488049122789
GSK2606414,0.12804057497557766,0.6374205500684976,0.9989488049122789
THIOPROPERAZINE,0.12805707070200006,0.9832361408846589,0.9989488049122789
SB-271046,0.1281883656477,0.4281517177539135,0.9989488049122789
PLX8394,0.12846239929198766,0.176625172104535,0.9989488049122789
CEVIMELINE,0.12851769033400004,0.5728045616815344,0.9989488049122789
PRASTERONE-ACETATE,0.12860395082545,0.7889218405315273,0.9989488049122789
"TRANS-10,CIS-12-CONJUGATED-LINOLEIC-ACID",0.128692298943,0.23025820621171433,0.9989488049122789
CAMOSTAT-MESILATE,0.12872794745095,0.21735650056954658,0.9989488049122789
GLUTATHIONE,0.1288647220898,0.9459857794803451,0.9989488049122789
VATALANIB,0.12892323473,0.6970674555594508,0.9989488049122789
SESAMIN,0.12900961402186,0.34059177013982866,0.9989488049122789
BW-373U86,0.129062226618,0.8948027028404765,0.9989488049122789
U-0126,0.12907803311849997,0.8807947935435065,0.9989488049122789
FDCYD,0.12918352655349974,0.9441620143382379,0.9989488049122789
ALTIRATINIB,0.129234223043652,0.25731557774436264,0.9989488049122789
A-803467,0.129351311660415,0.3452274231201127,0.9989488049122789
LESTAURTINIB,0.129410906785,0.9538414715615943,0.9989488049122789
4-CHLOROPHENYLGUANIDINE,0.12945996140900004,0.07731305721429867,0.9989488049122789
ISOFLUPREDONE-ACETATE,0.1297111181446,0.44939178912722977,0.9989488049122789
QUIPAZINE,0.13001162105442,0.5163875562859724,0.9989488049122789
ISOTIQUIMIDE,0.13008963249564698,0.3118289717510586,0.9989488049122789
CENTHAQUIN,0.1302498853499668,0.47670979987173145,0.9989488049122789
FG-4592,0.130267779051,0.5067312407160661,0.9989488049122789
EPERISONE,0.13034763778471498,0.13557428448164474,0.9989488049122789
GW-0742,0.13037107517985,0.09546116864516799,0.9989488049122789
PRUVANSERIN,0.13044236745349996,0.2843835391667735,0.9989488049122789
BMS-299897,0.130476066372,0.2250520761526532,0.9989488049122789
OGLUFANIDE,0.13050618857986554,0.24154658632379267,0.9989488049122789
CYT387,0.1307009712535,0.3600742604458488,0.9989488049122789
ALPHA-METHYLHISTAMINE-DIHYDROBROMIDE-(S)-(+),0.1307874659544,0.3881528540593421,0.9989488049122789
BETA-CCB,0.13082831158370004,0.3403647078223929,0.9989488049122789
PYRIDOXAL-ISONICOTINOYL-HYDRAZONE,0.1309230244310245,0.14528094025531849,0.9989488049122789
PERFLUOROHEXYLOCTANE,0.13094834433645205,0.16978552583124862,0.9989488049122789
METHOTREXATE,0.13105516886500013,0.37205563715249546,0.9989488049122789
RO-20-1724,0.13110263439700004,0.796793036102698,0.9989488049122789
JNJ-10191584,0.13122146104079999,0.08921249754701609,0.9989488049122789
PT-2385,0.13133425523938302,0.5386034728772422,0.9989488049122789
LOMITAPIDE,0.13151404523149998,0.3095720547059191,0.9989488049122789
MIRIN,0.13158406234788944,0.15118790698406726,0.9989488049122789
DEHYDROCHOLATE-ACID,0.131767073194,0.4896446707029952,0.9989488049122789
SETMELANOTIDE,0.13191855793130297,0.9829081410360564,0.9989488049122789
COLISTIN-B-SULFATE,0.1320417290152,0.44192954890563585,0.9989488049122789
PEXMETINIB,0.132342399196615,0.2927258018377066,0.9989488049122789
NORFLUOXETINE,0.13240744127636703,0.5821841869763091,0.9989488049122789
TROPIFEXOR,0.13243386417185996,0.3282932164792095,0.9989488049122789
QX-222,0.1325939228515,0.3600742604458488,0.9989488049122789
FLUCLOXACILLIN,0.13265860881605498,0.12574977526365333,0.9989488049122789
EIPA,0.13296233094051157,0.97151744141097,0.9989488049122789
ACTARIT,0.13304470337074997,0.11784415157424127,0.9989488049122789
PIMAVANSERIN,0.13306146392915003,0.3469068320879154,0.9989488049122789
NMS-873,0.13308666507300004,0.6601109154727594,0.9989488049122789
FLOPROPIONE,0.13323111875150007,0.17837023512274386,0.9989488049122789
BIBN4096,0.13326074803375,0.3474607581985808,0.9989488049122789
TIPIFARNIB,0.1332676944857,0.4780293539667445,0.9989488049122789
NEMOREXANT,0.1332907303680169,0.3500821382487469,0.9989488049122789
OSPEMIFENE,0.133339251613,0.3829784525379315,0.9989488049122789
AMYLEINE,0.1333948290376,0.11997402104850227,0.9989488049122789
PIRQUINOZOL,0.133487445206942,0.3521224059841698,0.9989488049122789
IODIPAMIDE,0.1335213075835,0.23078369171447277,0.9989488049122789
ISOFLOXYTHEPIN,0.133707750459,0.24643147071868088,0.9989488049122789
VICRIVIROC,0.1337643890945,0.21331779705637555,0.9989488049122789
LINAPRAZAN,0.133770836636947,0.8348778026701602,0.9989488049122789
TOLCAPONE,0.133918077475,0.030288261382204508,0.9989488049122789
BUSERELIN,0.13433758608050234,0.56041731968199,0.9989488049122789
L-QUISQUALIC-ACID,0.13435141376989998,0.20779176561675505,0.9989488049122789
ML204,0.1344051382672387,0.5794477658036012,0.9989488049122789
INDOXIMOD,0.13451242117055,0.18606966136384795,0.9989488049122789
MLN1117,0.13460273770918302,0.4184499246333333,0.9989488049122789
PIKETOPROFEN,0.1346574246742,0.24004421845330337,0.9989488049122789
RV1729,0.13476115086353763,0.4901686547690849,0.9989488049122789
PYRINTEGRIN,0.134867369065659,0.6579507592650893,0.9989488049122789
VENLAFAXINE,0.13529729952800001,0.24954435180062262,0.9989488049122789
SEN-1269,0.1353798431081074,0.1959717723675226,0.9989488049122789
PF-06751979,0.13572523396271047,0.31082276448595325,0.9989488049122789
PD-128907,0.13578626934069998,0.12798786155232283,0.9989488049122789
NVP-BSK805,0.136013857156925,0.17492490368040559,0.9989488049122789
C-021,0.13611138427970504,0.8345842309233769,0.9989488049122789
ISOSTEVIOL,0.13611984466415,0.3967270272957437,0.9989488049122789
SP-420,0.13621396659274235,0.6330937585798806,0.9989488049122789
DNQX,0.1362243330247,0.2259166375319338,0.9989488049122789
PROPRANOLOL-(S),0.1362343848002,0.6892316467364797,0.9989488049122789
ODANACATIB,0.136261313345,0.3310965102811748,0.9989488049122789
OLMESARTAN-MEDOXOMIL,0.1362802776628,0.2715093306502281,0.9989488049122789
GR-113808,0.13631163651965,0.545986243317397,0.9989488049122789
PHA-568487,0.13642666056671973,0.7210530391592899,0.9989488049122789
TG-003,0.1365832672575,0.10272288847184576,0.9989488049122789
LIDOFLAZINE,0.1365908255045,0.2808539509137491,0.9989488049122789
NS-3623,0.13684713939243998,0.4197027619852467,0.9989488049122789
LUMIRACOXIB,0.1368531205265,0.22777561425248238,0.9989488049122789
4-DAMP,0.13694307157638164,0.35694935748257406,0.9989488049122789
ZK-200775,0.13699764038199996,0.19032682276263613,0.9989488049122789
CYROMAZINE,0.13718904819699995,0.23303798227390538,0.9989488049122789
SKF-86002,0.137190536586,0.3071748018792846,0.9989488049122789
CABERGOLINE,0.1372498197655,0.24318218724302942,0.9989488049122789
BARASERTIB,0.1374391443052,0.9269856914072209,0.9989488049122789
3-MPPI,0.13744337887650002,0.4864631661431388,0.9989488049122789
BRL-15572,0.1375374799832,0.5370739166616303,0.9989488049122789
RO-1138452,0.137707208759755,0.2540738344228993,0.9989488049122789
D-3263,0.13776571870979049,0.22721229923686503,0.9989488049122789
AMYLENE-HYDRATE,0.1378011250368,0.7144827431313947,0.9989488049122789
DROXINOSTAT,0.1378313568056,0.7093881150142263,0.9989488049122789
ISOQUERCITRIN,0.13789662084266593,0.3282932164792095,0.9989488049122789
ILOPERIDONE,0.13794677961149998,0.3828511222232952,0.9989488049122789
ETHIONAMIDE,0.13798240359465,0.4696827639345237,0.9989488049122789
PIFITHRIN-MU,0.13805280125199998,0.07857069058162525,0.9989488049122789
CARBARIL,0.13812004018819815,0.7371508960182673,0.9989488049122789
CJ-13610,0.13846911734854583,0.16978552583124862,0.9989488049122789
CHOLINE,0.13852459477785,0.32867654395517076,0.9989488049122789
AXITINIB,0.13888829280650006,0.5204231868267928,0.9989488049122789
ZOFENOPRIL-CALCIUM,0.13898351828595001,0.5344219203413451,0.9989488049122789
GSK-37647,0.13900481119606256,0.015973150829407506,0.9989488049122789
ABACAVIR,0.13903716653144998,0.10719836929354994,0.9989488049122789
LEUCOVORIN,0.13905748605,0.3758932599811329,0.9989488049122789
U-50488-(-),0.13913632785349997,0.38364149158644967,0.9989488049122789
ISOPROPYL-MYRISTATE,0.139152065381,0.24573994198946103,0.9989488049122789
DMP-543,0.1393537739695,0.16221307637921945,0.9989488049122789
ETIZOLAM,0.1394298284086,0.055865239065437694,0.9989488049122789
F-16915,0.13956772708520704,0.9658241242728414,0.9989488049122789
FENIGAM,0.1397038560558,0.29331498822280766,0.9989488049122789
UPAMOSTAT,0.13981727663318744,0.4166566325729606,0.9989488049122789
BERGAPTEN,0.13991790335125,0.20804301531404945,0.9989488049122789
HEMATOXYLIN,0.14045695014550003,0.20369152749167496,0.9989488049122789
CGP-78608,0.140771358670472,0.5157992945917711,0.9989488049122789
METHYLLYCACONITINE,0.1411323238714,0.14780442671948055,0.9989488049122789
CC-930,0.141237322459,0.15529754385458674,0.9989488049122789
HYDROXYCHLOROQUINE,0.14124984118384998,0.09648393254553982,0.9989488049122789
PD-173074,0.1412787764215,0.2652785146393405,0.9989488049122789
NALIDIXIC-ACID,0.141338435938,0.05844110698273352,0.9989488049122789
MEPARFYLON,0.14138790420999997,0.7829237691419296,0.9989488049122789
KF-38789,0.14141868232450028,0.9146973227401848,0.9989488049122789
P276-00,0.141436009485,0.9490874285704407,0.9989488049122789
FLUOROMETHOLONE,0.14149228324344998,0.32791514746467154,0.9989488049122789
LEVOSULPIRIDE,0.1416440198735,0.0431757716748306,0.9989488049122789
GRAPIPRANT,0.1419456051322,0.981188454490009,0.9989488049122789
PRISOTINOL,0.1419874337607186,0.2906829162146981,0.9989488049122789
(R)-BACLOFEN,0.14221084191379998,0.321794750584963,0.9989488049122789
FARNESYL-THIOSALICYLIC-ACID-AMIDE,0.14249816751401406,0.46648990830280024,0.9989488049122789
OXACILLIN,0.1426494174299,0.14114979239863218,0.9989488049122789
ZACOPRIDE,0.14273143821419998,0.5111968096807104,0.9989488049122789
TIENILIC-ACID,0.1427422528626895,0.16468236021328975,0.9989488049122789
OF-1,0.1427773802772661,0.8583099888792466,0.9989488049122789
SCS,0.14312310663174999,0.8592186234362276,0.9989488049122789
TALNETANT,0.1431445778355,0.5243086293018286,0.9989488049122789
ALTRENOGEST,0.14318120436749995,0.2250520761526532,0.9989488049122789
PERHEXILINE,0.14320061598385003,0.5448652241491887,0.9989488049122789
ISOBUTAMBEN,0.1435188476697,0.213225680095655,0.9989488049122789
SPAUTIN-1,0.14354718036486447,0.808164043951114,0.9989488049122789
ANTAGONIST-G,0.14386521850204054,0.13026897880139146,0.9989488049122789
LY2795050,0.14394269290557135,0.20584464570071992,0.9989488049122789
LYLAMINE,0.14407712636649997,0.2971376621965207,0.9989488049122789
GNE-7915,0.14426078649868648,0.6454967918670407,0.9989488049122789
CP-724714,0.14436718600795,0.11505010165511519,0.9989488049122789
GW-7647,0.1444277057719,0.27772796483779993,0.9989488049122789
FUNAPIDE,0.14459941106906885,0.3247491255114503,0.9989488049122789
TROPESIN,0.14487041066249995,0.39095562378232207,0.9989488049122789
LEVOSIMENDAN,0.14515772526930998,0.1491644139495122,0.9989488049122789
CAPRYLIC-ACID,0.1451618855539,0.24208464707844568,0.9989488049122789
NEO-GILURYTMAL,0.14522098509314998,0.18558560761930754,0.9989488049122789
TELCAGEPANT,0.1453438488525,0.26838818311252,0.9989488049122789
SB-218078,0.1453604831895,0.8346826916026671,0.9989488049122789
A-987306,0.1453876561811031,0.19127740778169444,0.9989488049122789
CORTISONE,0.1456419401331,0.23597157469298924,0.9989488049122789
VX-702,0.1456766712101,0.36396755525791047,0.9989488049122789
4-METHYLHISTAMINE,0.145902175754,0.5726576197324607,0.9989488049122789
CI-923,0.14598663991688549,0.22179793571115836,0.9989488049122789
AMENAMEVIR,0.14617942543566445,0.18359546621632672,0.9989488049122789
MIRODENAFIL,0.14628168846300002,0.8483227373071708,0.9989488049122789
CLOFARABINE,0.14630171633,0.6794347571295798,0.9989488049122789
MEDRYSONE,0.14647423513000002,0.2808069857287555,0.9989488049122789
TERAZOSIN,0.1464914754105,0.12506146084827197,0.9989488049122789
W-54011,0.14652808927935818,0.8977227197251831,0.9989488049122789
FLECAINIDE,0.14655306347813,0.22777807782384019,0.9989488049122789
CARVEDILOL,0.1466551242282,0.10526535616405769,0.9989488049122789
BMS-690514,0.14673720696900006,0.44776944106855066,0.9989488049122789
MANGAFODIPIR,0.14687565857795942,0.26831981324748577,0.9989488049122789
ALBENDAZOLE-OXIDE,0.1469049754579,0.8509509689583401,0.9989488049122789
CFTRINH-172,0.14697215734115002,0.4606956275062052,0.9989488049122789
TRAMIPROSATE,0.14709512920367,0.940881780255519,0.9989488049122789
MILNACIPRAN,0.1472155915436,0.0895245803663228,0.9989488049122789
THIOPERAMIDE,0.1472528856055931,0.6410127553041405,0.9989488049122789
FADROZOLE,0.14732468341994998,0.11575677647248735,0.9989488049122789
ASAPIPRANT,0.1474283992829952,0.0925738881789238,0.9989488049122789
CANGRELOR,0.1477251665375249,0.09683195998893143,0.9989488049122789
CLINDAMYCIN,0.147862950464,0.17067490021577048,0.9989488049122789
PARTHENOLIDE,0.14795879955059998,0.7278607713296317,0.9989488049122789
TABIMORELIN,0.14798922136022352,0.04744256281461416,0.9989488049122789
SP-100030,0.14808566663940953,0.2532189495924513,0.9989488049122789
SIPONIMOD,0.1481874886025,0.22915941521050476,0.9989488049122789
AY-9944,0.14820738966418,0.20663710146994474,0.9989488049122789
EBASTINE,0.14834828079765,0.4218979975810897,0.9989488049122789
SCOPINE,0.14849368532309998,0.4303096352549627,0.9989488049122789
ALX-40-4C,0.14860532237664625,0.22172770844380596,0.9989488049122789
DQP-1105,0.1486417149326698,0.3071748018792846,0.9989488049122789
METHYLERGOMETRINE,0.14873674277069998,0.191013580486875,0.9989488049122789
NAFAMOSTAT,0.148745458416,0.1458284873976161,0.9989488049122789
IDOXURIDINE,0.14881132097800004,0.7224433956056344,0.9989488049122789
DMH4,0.1488574452890588,0.31153712241509945,0.9989488049122789
VERUBECESTAT,0.14913745498535572,0.17203146206720143,0.9989488049122789
CYCLOPENTHIAZIDE,0.14920117899999996,0.14773847705396936,0.9989488049122789
PCI-27483,0.14933814368108658,0.9146973227401848,0.9989488049122789
IMISOPASEM-MANGANESE,0.149359462455489,0.5250683490744141,0.9989488049122789
PIPERINE,0.14948479756810001,0.08661620577550737,0.9989488049122789
S18986,0.149526863251,0.17313690324280373,0.9989488049122789
SSR240612,0.14960740267108663,0.20584464570071992,0.9989488049122789
LUCITANIB,0.14978006847749997,0.11617617990639882,0.9989488049122789
JW-67,0.1498068381573585,0.11461820117028854,0.9989488049122789
CX-516,0.1500507626948,0.12024365953293743,0.9989488049122789
TYRPHOSTIN-AG-494,0.15008354972485,0.37975522604752066,0.9989488049122789
RIVAROXABAN,0.1502046330665,0.23538125996115367,0.9989488049122789
NITARSONE,0.15021111875999998,0.23253820916287626,0.9989488049122789
AUT-1,0.15028866856978754,0.25608556370582913,0.9989488049122789
ACRIVASTINE,0.1502960765194,0.11777783720224064,0.9989488049122789
IMMETHRIDINE,0.15030375226951603,0.3438106977588583,0.9989488049122789
DASOTRALINE,0.1503743785836577,0.3875520100713439,0.9989488049122789
BETHANECHOL,0.150435594427,0.13491828915319531,0.9989488049122789
DCEBIO,0.1505167255985,0.11953085509083228,0.9989488049122789
METYRAPONE,0.15067895665179998,0.8812905478112637,0.9989488049122789
SGI-1776,0.1507098031383,0.2506994872409507,0.9989488049122789
SALIDROSIDE,0.15089787718045003,0.27772796483779993,0.9989488049122789
METITEPINE,0.15092952312012997,0.5330520154786802,0.9989488049122789
CEFORANIDE,0.15106077018655245,0.1408626003157107,0.9989488049122789
CEFIXIME,0.15109197575845,0.15529754385458674,0.9989488049122789
GLPG0187,0.15119547802699812,0.18123776161608884,0.9989488049122789
RESMETIROM,0.1516012731616978,0.8800180123822792,0.9989488049122789
PF-06651600,0.15163631767049057,0.21902126125267352,0.9989488049122789
OLEAMIDE,0.15168357510025,0.12024365953293743,0.9989488049122789
MEZLOCILLIN,0.1516859144277,0.2194659371692227,0.9989488049122789
ALPRENOLOL,0.1518108936675,0.37303120540151646,0.9989488049122789
TRICHLORMETHIAZIDE,0.15204204337360003,0.24194212069800203,0.9989488049122789
REMACEMIDE,0.1521302827638,0.39851517781139767,0.9989488049122789
CENTAZOLONE,0.15213219785019821,0.11648958000982722,0.9989488049122789
ML161,0.15216411926155,0.6864714359334729,0.9989488049122789
PALBOCICLIB,0.1522429645341,0.27146840538446615,0.9989488049122789
BRIVANIB-ALANINATE,0.15241854676478675,0.1365483016425168,0.9989488049122789
CILOSTAMIDE,0.1525581462852,0.5196057150441526,0.9989488049122789
METHOCARBAMOL,0.1530496324924,0.060860646059633615,0.9989488049122789
ASP-2535,0.15306640221677154,0.27117907828568044,0.9989488049122789
PAZUFLOXACIN,0.1533137449634,0.11415369681727527,0.9989488049122789
PMPA,0.15331689858609998,0.7553115070013674,0.9989488049122789
BETAMETHASONE-ACETATE,0.1533946777392,0.6284316596911448,0.9989488049122789
SR-33805,0.15356460572535002,0.18071570780258484,0.9989488049122789
CCMQ,0.15357295219412115,0.19371461302193205,0.9989488049122789
CK-101,0.15359618075208692,0.1982204207549365,0.9989488049122789
SRC-KINASE-INHIBITOR-I,0.15362120277025,0.5655109286090683,0.9989488049122789
CEFTRIAXONE,0.1536236889281,0.07242660770329269,0.9989488049122789
CANERTINIB,0.15382124267455,0.36381015586885335,0.9989488049122789
CINACIGUAT,0.15412656745554998,0.290129914950619,0.9989488049122789
IODODEXETIMIDE,0.15418503644595,0.20409837225842908,0.9989488049122789
ROTIGOTINE,0.15451931378556,0.36381015586885335,0.9989488049122789
OLSALAZINE,0.15452247104702502,0.16821210545701504,0.9989488049122789
BENDAZOL,0.15453344934490898,0.12935463503514713,0.9989488049122789
GTP-14564,0.15454569077705002,0.8695392055540685,0.9989488049122789
METAMIZOLE,0.15469977921675002,0.2971376621965207,0.9989488049122789
COLESEVALAM,0.15477921216550003,0.46838739864970536,0.9989488049122789
DC-260126,0.15490796630124257,0.09472121370200474,0.9989488049122789
PF-03882845,0.15494812919580442,0.09082782768107435,0.9989488049122789
CAMOBUCOL,0.1553300479904926,0.20843280175338386,0.9989488049122789
NORETHINDRONE,0.15533828143279999,0.3552131367646235,0.9989488049122789
LEVAMLODIPINE,0.15535255950837878,0.25608556370582913,0.9989488049122789
LINSIDOMINE,0.15542998130245,0.1902826256876059,0.9989488049122789
CEDIRANIB,0.1554574101458,0.11808718371884219,0.9989488049122789
NS-11394,0.15555617247585218,0.4125449945707137,0.9989488049122789
LORATADINE,0.155733995227,0.05530243324159358,0.9989488049122789
DICLAZURIL,0.15580383699300004,0.5250683490744141,0.9989488049122789
ABT-724,0.1559724158075,0.8610015319813157,0.9989488049122789
IDO5L,0.1559969683615,0.3693085693147776,0.9989488049122789
DILAZEP,0.15613376533636,0.510265612205079,0.9989488049122789
WAY-161503,0.156155965969,0.4533699001000937,0.9989488049122789
BETA-HYDROXYBUTYRATE,0.15615939071890877,0.5438588539443743,0.9989488049122789
DAIDZIN,0.15666504279895346,0.14452427949356292,0.9989488049122789
XYLOMETAZOLINE,0.15684017470355,0.25938251148436653,0.9989488049122789
PHENSUXIMIDE,0.1568576241556,0.02043215250970432,0.9989488049122789
BRINZOLAMIDE,0.15690110545195002,0.3432102113415376,0.9989488049122789
1-AZAKENPAULLONE,0.15693931105688,0.9434394869504068,0.9989488049122789
S1P1-AGONIST-III,0.15699388124237423,0.2745789246207153,0.9989488049122789
DFB,0.1569942218089,0.07379558813036725,0.9989488049122789
AMI-1,0.15705057619854235,0.3386183463319664,0.9989488049122789
ARRY-334543,0.15708238963600002,0.2196749601597272,0.9989488049122789
SULFAQUINOXALINE,0.15709272303877195,0.004745713811392168,0.9989488049122789
PRIMAQUINE,0.15715388136300001,0.3843378583812328,0.9989488049122789
HORDENINE,0.157361660645035,0.7157140283400826,0.9989488049122789
MIVOBULIN,0.15748745467380454,0.6021608623118206,0.9989488049122789
RAUWOLSCINE,0.15749387958634115,0.17712643439168785,0.9989488049122789
DIBUTYL-PHTHALATE,0.157573592706,0.05447773147997727,0.9989488049122789
PHENYLEPHRINE,0.15761615016179997,0.43162261502515,0.9989488049122789
BISMUTH-OXALATE,0.1577219750622,0.15745383352240716,0.9989488049122789
ST-1859,0.1580332342858,0.10944916543800604,0.9989488049122789
BW-B70C,0.1580688690796524,0.4197027619852467,0.9989488049122789
FERB-033,0.15812264396116998,0.5533779509908874,0.9989488049122789
GR46611,0.15829654775955,0.27772796483779993,0.9989488049122789
MMV-390048,0.15840293956045048,0.31743393082874927,0.9989488049122789
HARMANE,0.15842808132099997,0.2904574061078933,0.9989488049122789
JNJ-27141491,0.1585564455314257,0.44056951662469823,0.9989488049122789
S49076,0.1585607271553648,0.26835423274740233,0.9989488049122789
NIMORAZOLE,0.1587599364318,0.11041731722088537,0.9989488049122789
PERAMPANEL,0.158910614741,0.3582799113299947,0.9989488049122789
AMINOGUANIDINE,0.15917213009095,0.12540713277853655,0.9989488049122789
DITIOCARB-SODIUM-TRIHYDRATE,0.159181609377,0.3933088852616161,0.9989488049122789
PLX647,0.15924735161194756,0.9146973227401848,0.9989488049122789
FOSAMPRENAVIR,0.1593563441723,0.271495887368586,0.9989488049122789
AC-7954-(+/-),0.15938633985415002,0.16477114143724547,0.9989488049122789
GSK690693,0.16005715388958652,0.522693104461265,0.9989488049122789
BACAMPICILLIN,0.1600836710161,0.1994352362031968,0.9989488049122789
BMS-935177,0.1602128479798775,0.042662998923801876,0.9989488049122789
LINIFANIB,0.16034958418099998,0.2840308566088897,0.9989488049122789
MDIVI-1,0.16047880400460002,0.9265138450682211,0.9989488049122789
TERFENADINE,0.16064437725200004,0.7341712003165755,0.9989488049122789
METHYLPREDNISOLONE-SODIUM-SUCCINATE,0.160679112222,0.23608690550723443,0.9989488049122789
TRICLABENDAZOLE,0.16077531117800004,0.4559577290613105,0.9989488049122789
SDZ-NKT-343,0.16097210759980002,0.18647082314530017,0.9989488049122789
ISO-1,0.16112195163569004,0.2652785146393405,0.9989488049122789
MARIMASTAT,0.161217993850555,0.46493649279338367,0.9989488049122789
RHODAMINE-123,0.16133573157297101,0.4517651842052032,0.9989488049122789
ICARIIN,0.16167603075050002,0.15118790698406726,0.9989488049122789
CGP-12177,0.16182506765035,0.31107914653599134,0.9989488049122789
QUIZARTINIB,0.1619729040997,0.2966740074658887,0.9989488049122789
ELN-441958,0.16204194778160064,0.3521224059841698,0.9989488049122789
IPI549,0.16208071610576802,0.46345588502957547,0.9989488049122789
TENOFOVIR-ALAFENAMIDE,0.162331613164931,0.32090299426874946,0.9989488049122789
2-HYDROXYFLUTAMIDE,0.16240807029184998,0.03681267439525643,0.9989488049122789
MOZAVAPTAN,0.16249139282950004,0.852705965159096,0.9989488049122789
PUTRESCINE,0.16261973288883505,0.2532189495924513,0.9989488049122789
ZEBULARINE,0.1627452548627275,0.16377044912179106,0.9989488049122789
TEMOCAPRIL,0.16281954922250008,0.41152147697070995,0.9989488049122789
TROXERUTIN,0.1629129382844,0.23488920996824647,0.9989488049122789
TEMOPORFIN,0.1629386030676,0.35578385994629436,0.9989488049122789
MOMETASONE-FUROATE,0.1629387996579,0.13999628431554112,0.9989488049122789
METHYL-AMINOLEVULINATE,0.16315840524115044,0.20369152749167496,0.9989488049122789
NBI-98782,0.16321847776885323,0.11055156889164504,0.9989488049122789
CLONAZEPAM,0.1632735654972,0.739262764289816,0.9989488049122789
DCC-2618,0.16333049388127652,0.13105078350798166,0.9989488049122789
MIW-815,0.16353137685727898,0.015118916168667439,0.9989488049122789
PF-02413873,0.1635989753207422,0.08195083289523765,0.9989488049122789
APAFANT,0.1636653667546,0.1681354090853051,0.9989488049122789
THIORIDAZINE,0.1637528479509,0.23932806543290808,0.9989488049122789
STAVUDINE,0.163892957725105,0.20281242229728935,0.9989488049122789
ICI-162846,0.16401886659799997,0.8118052023642311,0.9989488049122789
EPZ004777,0.16402760605560002,0.26548847876003223,0.9989488049122789
TRILACICLIB,0.1640628028700999,0.1406097429683546,0.9989488049122789
ZOLIFLODACIN,0.1641440762116264,0.29397715226930243,0.9989488049122789
HQK-1001,0.16436881405370002,0.10492132149172971,0.9989488049122789
EUPATILIN,0.16487158503244997,0.1380044882704909,0.9989488049122789
LAZABEMIDE,0.16491237391000002,0.4074665737213503,0.9989488049122789
HYDROCORTISONE-ACETATE,0.16503718522750002,0.10647583568084082,0.9989488049122789
PF-06412562,0.1651394321980518,0.37276693794413773,0.9989488049122789
N20C,0.1651396810243,0.1458284873976161,0.9989488049122789
SOLIFENACIN-SUCCINATE,0.16540834390405001,0.36690738103844023,0.9989488049122789
HEXOPRENALINE,0.16550035339949998,0.37446499165393854,0.9989488049122789
RS-102895,0.16557262701615,0.21141601136396593,0.9989488049122789
CRISDESALAZINE,0.16557288595520053,0.2621533867785154,0.9989488049122789
OZANIMOD,0.165598130639,0.46962574430976856,0.9989488049122789
AZELAIC-ACID,0.16583072533499998,0.32722726237720223,0.9989488049122789
SB-243213,0.16607825380699498,0.04134361141730084,0.9989488049122789
SALVINORIN-A,0.166150406822,0.25930414391197,0.9989488049122789
CKD-712,0.16615610152288052,0.21875239712950378,0.9989488049122789
WAY-207024,0.16616043149247128,0.14380134460046223,0.9989488049122789
SOGRAZEPIDE,0.1663178298839907,0.07465064362416322,0.9989488049122789
PHENYLACETYLGLUTAMINE,0.16632392892085,0.4663775514304249,0.9989488049122789
3-DEAZANEPLANOCIN-A,0.166404683678,0.8618762343754476,0.9989488049122789
CARMUSTINE,0.1667522163468,0.48388444792654994,0.9989488049122789
TECOVIRIMAT,0.16676918952164999,0.3867313352419762,0.9989488049122789
ALCLOMETASONE-DIPROPIONATE,0.16688935394899998,0.2809015084676666,0.9989488049122789
2-(3-MERCAPTOPROPYL)PENTANEDIOIC ACID,0.16701627688668752,0.12030427435275327,0.9989488049122789
BMS-191095,0.16703393830243252,0.014544664643793096,0.9989488049122789
MEXENEONE,0.16740355090299996,0.5609669762431742,0.9989488049122789
TRABODENOSON,0.167524405488959,0.31426685107740204,0.9989488049122789
ERYTHROMYCIN-ETHYLSUCCINATE,0.1675463704577,0.2247825865459362,0.9989488049122789
CLORSULON,0.16776715343899998,0.7669785222030256,0.9989488049122789
LORLATINIB,0.16787624898545,0.2977852800864852,0.9989488049122789
ETHYL-PARABEN,0.168167978349855,0.3767769917421434,0.9989488049122789
MEPACRINE,0.16835933692349997,0.5725067266892718,0.9989488049122789
POMALIDOMIDE,0.1683773667063,0.1390523353027042,0.9989488049122789
AH6809,0.1683883335672,0.5448652241491887,0.9989488049122789
SOTRASTAURIN,0.16854186774990002,0.26244277436995833,0.9989488049122789
SB-939,0.16858036041000002,0.6091235787096644,0.9989488049122789
DICHLOROACETATE,0.168725485632,0.6289017802251002,0.9989488049122789
DORAVIRINE,0.16893341744171303,0.22172770844380596,0.9989488049122789
PIMETHIXENE,0.1689565717845,0.21875800453339223,0.9989488049122789
GLYCITEIN,0.16905849453395,0.15568683880668338,0.9989488049122789
IXABEPILONE,0.16914502662499986,0.7984054936665993,0.9989488049122789
SB-258585,0.16920094386294998,0.1491644139495122,0.9989488049122789
TCS-2210,0.169210558969495,0.9658241242728414,0.9989488049122789
VALDECOXIB,0.1692453317355,0.27272384280113315,0.9989488049122789
7-AMINOCEPHALOSPORANIC-ACID,0.16925218557699995,0.5971947452930281,0.9989488049122789
IBUPROFEN,0.16938463665435,0.1974914255890191,0.9989488049122789
GASTRODIN,0.16941751893750012,0.28409958308972516,0.9989488049122789
BILASTINE,0.169426052082,0.37205563715249546,0.9989488049122789
DOCOSANOL,0.1695860033537,0.43991676643505606,0.9989488049122789
KI-8751,0.169602714694,0.2541219130571085,0.9989488049122789
GSK1070916,0.16961505982549996,0.7457431736364284,0.9989488049122789
ELETRIPTAN,0.16970594465225,0.2150849964204058,0.9989488049122789
TEPOXALIN,0.1697330867208,0.23893119517933004,0.9989488049122789
CYM-5520,0.1697614187434656,0.14601595515041985,0.9989488049122789
TOLAZOLINE,0.1698276022465,0.4506985831550754,0.9989488049122789
NABUMETONE,0.16985405697575,0.36422460003723567,0.9989488049122789
SKLB1002,0.17005619468215,0.09976715220207409,0.9989488049122789
DIRITHROMYCIN,0.17038076630510002,0.3400554635028641,0.9989488049122789
AMINOPHYLLINE,0.17067096036999996,0.21801522616725766,0.9989488049122789
OXAZEPAM,0.1707662487795,0.08921249754701609,0.9989488049122789
MECLOFENAMIC-ACID,0.1708855877277,0.4620188003271287,0.9989488049122789
KIFUNENSINE,0.17090909494999995,0.19032682276263613,0.9989488049122789
SPARTEINE-SULFATE,0.17116649741515,0.1627998516005107,0.9989488049122789
VALSARTAN,0.1711926364781,0.35437578102810907,0.9989488049122789
AZD6482,0.17131058394444001,0.27649810827776866,0.9989488049122789
BTS-54505,0.17183018056344998,0.18097488262295247,0.9989488049122789
LY2608204,0.17186828474999993,0.6877025071395109,0.9989488049122789
BMS-863233,0.17257743094990896,0.2746999061424048,0.9989488049122789
TAME,0.1728946107096,0.17921557905949692,0.9989488049122789
WYE-687,0.17299374046071492,0.49300359086502366,0.9989488049122789
MYCOPHENOLATE-MOFETIL,0.17360770136000003,0.5376636261956376,0.9989488049122789
METATINIB,0.17384415995450003,0.5776940554787874,0.9989488049122789
TYRPHOSTIN-AG-879,0.1739795351754,0.26548847876003223,0.9989488049122789
CCT-031374,0.17411461330320435,0.2745789246207153,0.9989488049122789
FK-888,0.1741910705166,0.25901295710977545,0.9989488049122789
FENCLONINE-(+/-),0.17452432108250002,0.14980076033227083,0.9989488049122789
EPETRABOROLE,0.17502931510704686,0.47670979987173145,0.9989488049122789
FERROQUINE,0.1750504431635911,0.324396734443515,0.9989488049122789
MERCAPTOPURINE,0.17513592579275,0.6589514883981173,0.9989488049122789
DOPAMINE,0.1752142150895,0.1323319135795431,0.9989488049122789
CLINDAMYCIN-PALMITATE,0.17543952959450002,0.058002006470912484,0.9989488049122789
CHRYSIN,0.1754548480594,0.1497834380591016,0.9989488049122789
ASP3026,0.17565156868730497,0.23847011304080046,0.9989488049122789
TAK-593,0.1756933746225477,0.05619664097586749,0.9989488049122789
PD1-PDL-INHIBITOR-1,0.17574055146829398,0.0635481315316966,0.9989488049122789
QUINETHAZONE,0.17624396913699997,0.20739978705434525,0.9989488049122789
FORMESTANE,0.1763013917895,0.40757153818484215,0.9989488049122789
CLIOQUINOL,0.176428277955,0.11039358860081037,0.9989488049122789
ARBIDOL,0.17644566543625,0.39596889226914767,0.9989488049122789
SC-560,0.17645580087130003,0.23608690550723443,0.9989488049122789
PHT-427,0.1766780506182,0.17258713789494862,0.9989488049122789
LY2157299,0.17700916836199998,0.37303120540151646,0.9989488049122789
GENZ-123346,0.17722078431014854,0.70507784294566,0.9989488049122789
CYANOCOBALAMIN,0.17741641201865,0.12574977526365333,0.9989488049122789
JZL-184,0.177492368241,0.9666926450121487,0.9989488049122789
AZD8835,0.17755184665943302,0.7708365537777389,0.9989488049122789
NOSCAPINE,0.17809064617325002,0.46493649279338367,0.9989488049122789
SKF-96365,0.1781821999122,0.8369878089900054,0.9989488049122789
PEPOSERTIB,0.1782405584918485,0.21104446486460504,0.9989488049122789
VERICIGUAT,0.17864640804191595,0.06135182473004749,0.9989488049122789
APALUTAMIDE,0.17874325570439997,0.08995278631947444,0.9989488049122789
PREGNENOLONE-SUCCINATE,0.179146085331,0.21735650056954658,0.9989488049122789
YC-1,0.17933206036527655,0.7806282644628137,0.9989488049122789
WAY-213613,0.1793451287469,0.04417134490844261,0.9989488049122789
TRABECTEDIN,0.17945435690204015,0.7517986355000709,0.9989488049122789
NEXTURASTAT-A,0.17953417738231,0.9096213958539661,0.9989488049122789
OG-L002,0.17953594806599998,0.5847187241908871,0.9989488049122789
AMTHAMINE,0.1795480593435,0.20281242229728935,0.9989488049122789
AMCASERTIB,0.17978931280954646,0.19617454310776727,0.9989488049122789
CYTOCHALASIN-B,0.179814475941,0.13090181255489824,0.9989488049122789
TCV-309,0.1798673989152715,0.4901686547690849,0.9989488049122789
NVP-TAE226,0.17988277165,0.940881780255519,0.9989488049122789
CNX-774,0.18037596426499997,0.6963800771478859,0.9989488049122789
TIAGABINE,0.18044502222085,0.6310836445243815,0.9989488049122789
UPRIFOSBUVIR,0.1804628271511081,0.4003552265949841,0.9989488049122789
BW-A4C,0.18055129558647653,0.23748136121033037,0.9989488049122789
TRIFLOXYSTROBIN,0.1805993671615379,0.4003552265949841,0.9989488049122789
L-165041,0.18066340288565003,0.9487557811181019,0.9989488049122789
FLUMETHASONE,0.18154368368695,0.08244376479940141,0.9989488049122789
SILODOSIN,0.1816023398721,0.1982300816988931,0.9989488049122789
VISMODEGIB,0.18189168727750002,0.04466283701638905,0.9989488049122789
METHYLPREDNISOLONE,0.18202176795999997,0.7224433956056344,0.9989488049122789
DEBIO-0932,0.18272517569264934,0.6071439278853321,0.9989488049122789
BENDAZAC,0.18296056817985,0.06361361679138279,0.9989488049122789
VORTIOXETINE,0.1832597628237,0.6367180541709399,0.9989488049122789
VIGABATRIN,0.1835523267476,0.3182006333551085,0.9989488049122789
BUTYLATED-HYDROXYTOLUENE,0.18356346839225002,0.20281242229728935,0.9989488049122789
CX-4945,0.18370455394899998,0.2973347240880314,0.9989488049122789
KRCA-0008,0.18371569793708753,0.15529754385458674,0.9989488049122789
BICYCLOL,0.1837530987973,0.20855651210103388,0.9989488049122789
SCOPOLAMINE-N-OXIDE,0.18380068759825,0.3443849208257551,0.9989488049122789
VONOPRAZAN,0.18403035440350002,0.12024365953293743,0.9989488049122789
HECLIN,0.1840992917374706,0.0675337744939399,0.9989488049122789
ETOPOSIDE-PHOSPHATE,0.1845101783278,0.5450505523199849,0.9989488049122789
ATORVASTATIN,0.18456760931754998,0.8500086818297194,0.9989488049122789
MECLIZINE,0.18462420213100003,0.567593673183741,0.9989488049122789
GLN-1062,0.18462719348194717,0.5176882101881239,0.9989488049122789
EDROPHONIUM,0.18472229719299998,0.3619328898634361,0.9989488049122789
ZK-93426,0.18473949395915,0.09834341953839948,0.9989488049122789
BARBITAL,0.18479820097495,0.5509849875850934,0.9989488049122789
DIFTALONE,0.18488092171405002,0.35369858871892446,0.9989488049122789
VU29,0.18516096326110829,0.07073946586586123,0.9989488049122789
BENFOTIAMINE,0.185741977496,0.5183637020723708,0.9989488049122789
MD-920,0.18574297363655,0.4880625696439608,0.9989488049122789
MK-8998,0.1857671992696725,0.6403460694736578,0.9989488049122789
MRX-2843,0.18599612962086987,0.4504098571167391,0.9989488049122789
SU014813,0.18605686313350003,0.2938412340994857,0.9989488049122789
MEGLITINIDE,0.186115128736,0.6244607156404203,0.9989488049122789
TESAGLITAZAR,0.18615071878985,0.12506146084827197,0.9989488049122789
ALTINICLINE,0.18628690163685,0.07313280485827758,0.9989488049122789
KD-023,0.186445025737,0.6579507592650893,0.9989488049122789
RAVUCONAZOLE,0.186496112039242,0.16580332852091684,0.9989488049122789
DALBAVANCIN,0.18653547355895483,0.41560022937214347,0.9989488049122789
ADENOSINE,0.1866651525409,0.09100798143382367,0.9989488049122789
SKF-81297,0.187094261582165,0.23932806543290808,0.9989488049122789
BARDOXOLONE,0.18716127886450007,0.9260358654695614,0.9989488049122789
AGOMELATINE,0.1871829124157,0.20739978705434525,0.9989488049122789
APREPITANT,0.1872503205235,0.08906959641548455,0.9989488049122789
AT13148,0.18755678879803075,0.6680468730044155,0.9989488049122789
DACTINOMYCIN,0.18830096538444963,0.522693104461265,0.9989488049122789
ACETANILIDE,0.18901556277750003,0.20409837225842908,0.9989488049122789
ON123300,0.18920779385921105,0.133713513661825,0.9989488049122789
DEXAMETHASONE-ACETATE,0.18943950460749998,0.10269499576720842,0.9989488049122789
BETAMETHASONE,0.18971420848649997,0.31344603760814427,0.9989488049122789
INT-747,0.1898422169756,0.10712982472456826,0.9989488049122789
6-IODO-NORDIHYDROCAPSAICIN,0.19016353021799998,0.07896984813144108,0.9989488049122789
PYROXAMIDE,0.19043838741699998,0.24749905439764242,0.9989488049122789
FLUNISOLIDE,0.19066646957605,0.056376827245731946,0.9989488049122789
LFM-A13,0.1908836041885,0.08269269706146494,0.9989488049122789
CB-03-01,0.1909484772682,0.271495887368586,0.9989488049122789
CZC24832,0.1909708403575,0.11100000721133874,0.9989488049122789
CAFFEINE,0.19105627739982,0.1990891489463621,0.9989488049122789
G007-LK,0.1912474590200279,0.7237904557630266,0.9989488049122789
DOBUTAMINE,0.1913877580575,0.13187256310607273,0.9989488049122789
L-GLUTAMIC-ACID,0.19158692265455002,0.341595199034353,0.9989488049122789
BU-239,0.19172545348640002,0.3240491289054488,0.9989488049122789
A205804,0.19186351988555,0.22724860991303353,0.9989488049122789
IEM1460,0.191871816476,0.19661849579022106,0.9989488049122789
TULOBUTEROL,0.19203117634380001,0.19723617536633176,0.9989488049122789
BEGACESTAT,0.19296002322587952,0.04744256281461416,0.9989488049122789
GUVACINE,0.19297771711399997,0.08561718031405272,0.9989488049122789
CLOBETASONE-BUTYRATE,0.19298003516294998,0.1613696438166795,0.9989488049122789
GALETERONE,0.19302932971983,0.0719561842374854,0.9989488049122789
ZANUBRUTINIB,0.19338443863227855,0.1425566966530668,0.9989488049122789
PIMOZIDE,0.19399899642665,0.5824155747231048,0.9989488049122789
RIOCIGUAT,0.19402705839399997,0.032122683220408926,0.9989488049122789
PHA-680632,0.19404255315109997,0.8814974521910136,0.9989488049122789
8-HYDROXY-DPAT,0.19417223453727495,0.07481127905780387,0.9989488049122789
NINTEDANIB,0.19439415606569999,0.23585461976363997,0.9989488049122789
SR-2211,0.1944701067052083,0.15529754385458674,0.9989488049122789
ZSET1446,0.1946203644657276,0.22172770844380596,0.9989488049122789
AFATINIB,0.19492067351850004,0.7557067319316091,0.9989488049122789
CHLORCYCLIZINE,0.19494169053604998,0.03770554770384914,0.9989488049122789
TERCONAZOLE,0.195205840995,0.2866110752127956,0.9989488049122789
"ICI-118,551",0.1954595271951,0.07421932877098425,0.9989488049122789
DOXEPIN,0.19547934658420005,0.23654295679185333,0.9989488049122789
REVERSINE,0.19550449553232996,0.6425278734386162,0.9989488049122789
KW-2449,0.19554535724695,0.9500571059525382,0.9989488049122789
SEGESTERONE-ACETATE,0.1956416866265107,0.18410126570065233,0.9989488049122789
NIALAMIDE,0.19668819736750004,0.3288581823430726,0.9989488049122789
PICOTAMIDE,0.19680626516600003,0.43757442502078225,0.9989488049122789
ZM-323881,0.19699611620739998,0.1703712182629611,0.9989488049122789
PARSACLISIB,0.19702063245421486,0.21367971238218286,0.9989488049122789
CP-547632,0.19769320953261,0.23847011304080046,0.9989488049122789
AZD7594,0.19776926750577994,0.30064046995263116,0.9989488049122789
CHC,0.19779001290217116,0.45768288310890703,0.9989488049122789
BIX-01294,0.1977966449824,0.4692713224594435,0.9989488049122789
5-FLUOROPYRIMIDINE,0.1983032475025275,0.07008567266159453,0.9989488049122789
TRICHLOROETHYLENE,0.198696557247,0.2531662180855818,0.9989488049122789
ALPHA-GLUCOSYL-HESPERIDIN,0.19872478954695277,0.0441547874581337,0.9989488049122789
NAPABUCASIN,0.19874018231000035,0.13857037327308824,0.9989488049122789
METHSCOPOLAMINE,0.1987790665891,0.805756286671411,0.9989488049122789
BAY-11-7082,0.19896677890399994,0.9090344083657707,0.9989488049122789
IMILOXAN,0.19913466289679999,0.15651878425631402,0.9989488049122789
CU-T12-9,0.19913527931485717,0.5157992945917711,0.9989488049122789
NVP-BHG712,0.1993209707897,0.8885971635296221,0.9989488049122789
PIPOTIAZINE,0.1994705177664649,0.24424432142772323,0.9989488049122789
BUTEIN,0.2000461245075,0.19661849579022106,0.9989488049122789
REMODELIN,0.200618421471053,0.06234834695891588,0.9989488049122789
CINOBUFOTALIN,0.20069518010511977,0.9713305083167931,0.9989488049122789
LMK-235,0.20105842034095867,0.22204168546070013,0.9989488049122789
GGTI-298,0.20106878774710002,0.5290332594347273,0.9989488049122789
AZOSEMIDE,0.2011965205968,0.11545159150188306,0.9989488049122789
DESISOBUTYRYL-CICLESONIDE,0.20196010968293066,0.07008567266159453,0.9989488049122789
AZD8055,0.20203772846499968,0.7861146588782562,0.9989488049122789
MM-206,0.20208107455683655,0.4003552265949841,0.9989488049122789
TUFTSIN,0.2022487112252663,0.028356661514650175,0.9989488049122789
L-741742,0.20233834660519998,0.2563078469082827,0.9989488049122789
INOSITOL,0.20261771681969998,0.05530243324159358,0.9989488049122789
DROLOXIFENE,0.20461433527154999,0.02458506037628876,0.9989488049122789
YM-976,0.20462260184640002,0.15377999292071942,0.9989488049122789
IMIPRAMINE,0.20502847020945003,0.0837611660101724,0.9989488049122789
OXONIC-ACID,0.205561868245,0.2159652735936276,0.9989488049122789
SNX-2112,0.20577521628499973,0.1902826256876059,0.9989488049122789
PI3K-IN-2,0.20586592831100003,0.8088051604661488,0.9989488049122789
SYM-2081,0.205871972196,0.3933088852616161,0.9989488049122789
AFAMELANOTIDE,0.20603748829233448,0.020249143026453476,0.9989488049122789
BMS-911543,0.20606233304602847,0.19127740778169444,0.9989488049122789
KHS-101,0.2061853421506975,0.37696955066776505,0.9989488049122789
CABAZITAXEL,0.2066066594899998,0.8759663022840591,0.9989488049122789
PINDOLOL,0.2067727668921,0.4115236408291165,0.9989488049122789
CHLORTHALIDONE,0.20779791740620002,0.12747875533959793,0.9989488049122789
CHROMANOL-(+/-),0.20796543715749993,0.19127740778169444,0.9989488049122789
VP-20629,0.2087694209401575,0.15118790698406726,0.9989488049122789
MEPHENTERMINE,0.20906392950909997,0.06050911207102889,0.9989488049122789
NITROFURAZONE,0.20912131945900003,0.17312469237660622,0.9989488049122789
EQUOL,0.2092568472852,0.15714543506522452,0.9989488049122789
LOXOPROFEN,0.2093270523005,0.0482372330387789,0.9989488049122789
TEBIPENEM,0.20980447235650002,0.10728662165664454,0.9989488049122789
TARIQUIDAR,0.210777459149969,0.31384083166259014,0.9989488049122789
DONITRIPTAN,0.2112720384815,0.06036852796412104,0.9989488049122789
17-PA,0.2113048446920017,0.02359206096959894,0.9989488049122789
LEVOFLOXACIN,0.2113633664708,0.21022712680218636,0.9989488049122789
DOTMP,0.2116066400453531,0.0522899199737077,0.9989488049122789
BEMESETRON,0.21164876884075,0.20529112086663215,0.9989488049122789
ANISOTROPINE,0.21225148718995,0.049063773430429954,0.9989488049122789
BAY-1251152,0.21225749509939984,0.3354563605170384,0.9989488049122789
BETAMETHASONE-VALERATE,0.21234308202450003,0.20702644741781462,0.9989488049122789
MSX-122,0.21246657462538798,0.030126449195100023,0.9989488049122789
PACOCF3,0.21345827522959998,0.1257402729810499,0.9989488049122789
SIREMADLIN,0.2134866864329018,0.16756164396506235,0.9989488049122789
SALICYLANILIDE,0.2139331659005,0.6217051413751232,0.9989488049122789
CEBRANOPADOL,0.21440272534000002,0.39199083073250285,0.9989488049122789
DIFLUPREDNATE,0.21443561654615,0.023979703396032025,0.9989488049122789
TOLBUTAMIDE,0.21486989359595,0.07160487170274778,0.9989488049122789
EVACETRAPIB,0.21496153243500005,0.8413943305763609,0.9989488049122789
DCP-LA,0.21509865027507363,0.04972722267053729,0.9989488049122789
SULMAZOLE,0.215605412835,0.3310965102811748,0.9989488049122789
PKI-166,0.2158257864256625,0.03908991174220127,0.9989488049122789
SODIUM-BUTYRATE,0.2159695588737,0.20118250674800675,0.9989488049122789
IXAZOMIB,0.21612683434500024,0.8751638427173556,0.9989488049122789
NORETYNODREL,0.216132671703,0.5145033270234591,0.9989488049122789
TERAMEPROCOL,0.2162684960185062,0.026639074404101105,0.9989488049122789
DINACICLIB,0.21644962264000034,0.43162261502515,0.9989488049122789
SINCALIDE,0.2165321449862499,0.1205207925514135,0.9989488049122789
EPRINOMECTIN,0.21658133165430002,0.05913272557150156,0.9989488049122789
RIGOSERTIB,0.2167267815299998,0.17730666396451422,0.9989488049122789
SR-1078,0.21682262664400365,0.1412766894088677,0.9989488049122789
MIZORIBINE,0.2168738734855,0.20611047312089859,0.9989488049122789
LOVASTATIN,0.21702453990550002,0.6417604067982849,0.9989488049122789
LX1031,0.21716682198695,0.3625499916379249,0.9989488049122789
"CHROMANOL-293B-(-)-[3R,4S]",0.2173910358585,0.4197027619852467,0.9989488049122789
1-ACETYL-4-METHYLPIPERAZINE,0.2174884772538,0.08188308888481495,0.9989488049122789
BETAMETHASONE-BUTYRATE-PROPIONATE,0.21756212283154566,0.14852179509564417,0.9989488049122789
BATEFENTEROL,0.2176625164930451,0.36510615687166015,0.9989488049122789
SPIPERONE,0.21800489929155,0.13409024507596468,0.9989488049122789
BIBU-1361,0.21804576482835,0.4321523091446372,0.9989488049122789
KG-5,0.21850405633700443,0.7177785727936441,0.9989488049122789
ANTIMONYL,0.21862409143886202,0.6272575855382218,0.9989488049122789
OLEOYLETHANOLAMIDE,0.21927017041540003,0.5102980094821488,0.9989488049122789
RI-1,0.21932371267210002,0.10574786022735085,0.9989488049122789
YO-01027,0.2197196869445,0.35536062918984146,0.9989488049122789
INOSINE,0.21972558346639998,0.5242312693690687,0.9989488049122789
GIVINOSTAT,0.2198729497849996,0.296523440915913,0.9989488049122789
PERILLYL-ALCOHOL,0.22007893207511,0.07445905457061247,0.9989488049122789
A-804598,0.22026411842950952,0.2971376621965207,0.9989488049122789
POLIDOCANOL,0.22091490798724997,0.291032533885935,0.9989488049122789
CEFDINIR,0.221054006511705,0.015377016435591107,0.9989488049122789
MLN-8054,0.22121890452300003,0.8605720968463724,0.9989488049122789
RITA,0.22151180292000006,0.5601371804551327,0.9989488049122789
OXYBENZONE,0.22169721140464999,0.20035559630069222,0.9989488049122789
POZIOTINIB,0.22176395980649996,0.3829082214390015,0.9989488049122789
PHENAZONE,0.2220264491236,0.020993447824511156,0.9989488049122789
2-CYANOPYRIMIDINE,0.2222521646473,0.13090181255489824,0.9989488049122789
EPROBEMIDE,0.22226924488369998,0.017450527496813896,0.9989488049122789
XYLOSE,0.22234697776400003,0.16012424301274686,0.9989488049122789
OCTINOXATE,0.2223681696595,0.14817983121638476,0.9989488049122789
EGF816,0.22250271760155,0.0747879784850698,0.9989488049122789
CFM-1571,0.22251201531104997,0.05542050079255917,0.9989488049122789
NVP-ADW742,0.22284877242375004,0.043288761773828635,0.9989488049122789
CHLOROPROCAINE,0.22318001467034,0.22915941521050476,0.9989488049122789
TOMELUKAST,0.22367674023035,0.07711094640040789,0.9989488049122789
PYROTINIB,0.22406209711063496,0.06335822103582883,0.9989488049122789
AMG-925,0.22432122883512934,0.0368418272008764,0.9989488049122789
SITRAVATINIB,0.22473569108953095,0.18837889917930195,0.9989488049122789
MK-0812,0.22484174803039997,0.025830409991439127,0.9989488049122789
ADL5859,0.22509882802645,0.13187256310607273,0.9989488049122789
GSK189254,0.22580034878996053,0.6323303870911263,0.9989488049122789
DAUNORUBICIN,0.22594062173999996,0.7010461909741461,0.9989488049122789
SORBIC-ACID,0.22598195243719998,0.20118250674800675,0.9989488049122789
FOSTEMSAVIR,0.2260496813607008,0.029410455679203633,0.9989488049122789
ERDAFITINIB,0.2261848168895,0.2143010412366032,0.9989488049122789
PU-H71,0.22684068183000017,0.88930077330822,0.9989488049122789
ONO-4059,0.2274303738876745,0.055932752420893656,0.9989488049122789
DMP-777,0.2277294590028,0.10526535616405769,0.9989488049122789
SAR131675,0.22805958118315,0.0602373978656377,0.9989488049122789
AMITRIPTYLINE,0.228168664091,0.13824367542747146,0.9989488049122789
FPA-124,0.2290951681239,0.3182006333551085,0.9989488049122789
SULFAMETER,0.2291777898855,0.21597908738263127,0.9989488049122789
BISINDOLYLMALEIMIDE-IX,0.2293500497532,0.4958103502247765,0.9989488049122789
SKF-77434,0.22943120479335,0.15568683880668338,0.9989488049122789
MIBEFRADIL,0.22959117952109998,0.03275495281314791,0.9989488049122789
APD668,0.22960804332999998,0.1542486079437694,0.9989488049122789
MPS-BAY-2A,0.2296375906659196,0.7587942519514004,0.9989488049122789
AR-42,0.22986015417999983,0.29331498822280766,0.9989488049122789
AZM-475271,0.23027342281478455,0.2473345566451347,0.9989488049122789
BLU9931,0.23147338154070396,0.7103888846616615,0.9989488049122789
GDC-0084,0.2316989161258851,0.27458515050151133,0.9989488049122789
CHLORAMPHENICOL-PALMITATE,0.23205256926349999,0.5728045616815344,0.9989488049122789
AMRINONE,0.232301467438,0.06193775999127159,0.9989488049122789
SULFAPHENAZOLE,0.23248256414549998,0.10574786022735085,0.9989488049122789
PLX-4720,0.23323569923594997,0.3350259637125709,0.9989488049122789
GSK369796,0.233685098363524,0.08019534765690378,0.9989488049122789
GANT-61,0.234059534050854,0.2652785146393405,0.9989488049122789
ENMD-2076,0.23442179371600003,0.638879240116272,0.9989488049122789
FURAMIDINE,0.23458561074457504,0.15529754385458674,0.9989488049122789
ATALUREN,0.235091381107,0.020054855973510262,0.9989488049122789
CAPTAMINE,0.235261763784,0.4726741048869617,0.9989488049122789
BENZBROMARONE,0.235814264843,0.013780043349509014,0.9989488049122789
CB-839,0.23620286545380054,0.27827083529070473,0.9989488049122789
MYCOPHENOLIC-ACID,0.23622663113884998,0.5800483511592593,0.9989488049122789
CASIN,0.23635978393505186,0.06970497057496626,0.9989488049122789
PERCHLOZONE,0.236527408948,0.07297007368570094,0.9989488049122789
APY0201,0.23657061968267745,0.5438588539443743,0.9989488049122789
CLOBETASOL-PROPIONATE,0.236986468436,0.16870315942593395,0.9989488049122789
Y-27152,0.23746652940550006,0.3696157440857264,0.9989488049122789
REPAGLINIDE,0.23768067240050006,0.4793373092927381,0.9989488049122789
DEOXYCORTICOSTERONE-ACETATE,0.2378125364807,0.45068862081307015,0.9989488049122789
SPIRONOLACTONE,0.2384749090157,0.5125302676396195,0.9989488049122789
DICHLOROPHEN,0.23855819433349998,0.38130893941386834,0.9989488049122789
METHAPYRILENE,0.2387881083676,0.7599122992107631,0.9989488049122789
ROSOXACIN,0.23900514824664998,0.06249915254965527,0.9989488049122789
URAPIDIL,0.23958946166800002,0.33376970427423247,0.9989488049122789
ANISOMYCIN,0.2396157636249998,0.6121453228136029,0.9989488049122789
BAFETINIB,0.2402825543697,0.2746169745728094,0.9989488049122789
QUINOLINIC-ACID,0.24039695600150002,0.03681267439525643,0.9989488049122789
DALFAMPRIDINE,0.24054758077410002,0.2532189495924513,0.9989488049122789
DARIFENACIN,0.2406375635609,0.7330936937376422,0.9989488049122789
NSC-3852,0.24067755996499995,0.7587942519514004,0.9989488049122789
MPS1-IN-5,0.24087642456066005,0.6997811359555655,0.9989488049122789
AZAGUANINE-8,0.2409498842810298,0.7210530391592899,0.9989488049122789
"D,L-MEVALONIC-ACID-LACTONE",0.24116721422989998,0.30523967776320815,0.9989488049122789
,0.24116721422989998,0.30523967776320815,0.9989488049122789
MESALAZINE,0.241541232138,0.29263385146773035,0.9989488049122789
TILETAMINE,0.24191468073090003,0.04609117393507168,0.9989488049122789
ALAPROCLATE,0.24209309539149998,0.0621627551466328,0.9989488049122789
CEFEPIME,0.242124277736,0.1520035400120482,0.9989488049122789
OXIBENDAZOLE,0.24235143729999997,0.8838041707795843,0.9989488049122789
VASOPRESSIN,0.2427811408608,0.26104252994932564,0.9989488049122789
GEFITINIB,0.2428334990648,0.37205563715249546,0.9989488049122789
L-778123,0.24299963696119042,0.21275168302784853,0.9989488049122789
ACUMAPIMOD,0.243112595944691,0.16377044912179106,0.9989488049122789
DACLATASVIR,0.24328766667045,0.04749478030147268,0.9989488049122789
VERINURAD,0.24368564675275,0.20292442195335803,0.9989488049122789
EPINEPHRINE,0.24438323287299998,0.15404744843609147,0.9989488049122789
BROMINDIONE,0.24479387706117173,0.3004587242812673,0.9989488049122789
FLUOCINOLONE-ACETONIDE,0.24586968764230002,0.1390523353027042,0.9989488049122789
MIDAFOTEL,0.246251440424,0.06957168809187475,0.9989488049122789
U-18666A,0.246457530135,0.37516258872731534,0.9989488049122789
BIBX-1382,0.2465190969976,0.1571262265268156,0.9989488049122789
GILTERITINIB,0.2471234137087695,0.07242660770329269,0.9989488049122789
NGD-98-2,0.24715742423730197,0.3914867322040968,0.9989488049122789
SANGIVAMYCIN,0.24729440578999995,0.6227127933572427,0.9989488049122789
ACTB-1003,0.24730643592512302,0.027183018867590458,0.9989488049122789
TALADEGIB,0.2475237392815,0.21367971238218286,0.9989488049122789
ADRENOSTERONE,0.2475644500814,0.09906774987916538,0.9989488049122789
CZC-54252,0.24822603681684346,0.04134361141730084,0.9989488049122789
VU0238429,0.2483315101650001,0.9265138450682211,0.9989488049122789
TAK-632,0.2484746906205,0.24796686387053812,0.9989488049122789
BX-912,0.24882814828199998,0.6476521537389621,0.9989488049122789
AMG-176,0.24914378314106791,0.2906829162146981,0.9989488049122789
BAY-87-2243,0.24922197440004998,0.2074113100415721,0.9989488049122789
TRADIPITANT,0.2497711377314098,0.7032329924524046,0.9989488049122789
ZM-447439,0.249833273378,0.7696884336790062,0.9989488049122789
AZD5438,0.2500840152449997,0.48367904186851174,0.9989488049122789
TECASTEMIZOLE,0.25016116257800003,0.18071570780258484,0.9989488049122789
K-RAS(G12C)-INHIBITOR-12,0.25074003837307146,0.41560022937214347,0.9989488049122789
GS-9973,0.25089787594745,0.8197006967867769,0.9989488049122789
EGLUMETAD,0.251584955098,0.06373334686046261,0.9989488049122789
TANNIC-ACID,0.25167953198819204,0.2905694241149879,0.9989488049122789
DORZOLAMIDE,0.2517577367265,0.43277886698363444,0.9989488049122789
SB-452533,0.2518392887287295,0.26222716708560967,0.9989488049122789
METIROSINE,0.2520426664865,0.007638868016084476,0.9989488049122789
NERIDRONIC-ACID,0.252047404747,0.3498241903988616,0.9989488049122789
RIPASUDIL,0.25234688317125,0.10507418257873749,0.9989488049122789
TIC10,0.2525712157089,0.15366996018219364,0.9989488049122789
DANTRON,0.2527344314367641,0.2745666365302524,0.9989488049122789
IPRIFLAVONE,0.2541061123015,0.5422951877237123,0.9989488049122789
CHLORINDANOL,0.254257957317,0.015027291658501217,0.9989488049122789
A61603,0.25435741946855,0.08242481923832323,0.9989488049122789
GDC-0980,0.25510826368100004,0.6735206208010739,0.9989488049122789
CREATINE,0.25560648257179996,0.08599176452344841,0.9989488049122789
DILMAPIMOD,0.2564154408961605,0.4125449945707137,0.9989488049122789
VERAPAMIL,0.2568565120288,0.03471607705371435,0.9989488049122789
APOPTOSIS-ACTIVATOR-II,0.2570668248802,0.11128341431362904,0.9989488049122789
METARAMINOL,0.25716802894299984,0.2732217673069183,0.9989488049122789
GSK2830371,0.25721499019515187,0.007408790327755531,0.9989488049122789
A-1070722,0.25760251294720854,0.10997165943666193,0.9989488049122789
FLUPIRTINE,0.2577472529208842,0.04835483686023222,0.9989488049122789
IODIXANOL,0.25830983794350004,0.16887169439917937,0.9989488049122789
LAZERTINIB,0.2589844518269015,0.2274956824321176,0.9989488049122789
SB-242235,0.2595816629218,0.23080190596226036,0.9989488049122789
CFI-402257,0.2600368160806499,0.8125005061657362,0.9989488049122789
MELENGESTROL-ACETATE,0.2603253900015,0.05430482282145562,0.9989488049122789
VILDAGLIPTIN,0.26041455141321,0.3230340720460403,0.9989488049122789
A-674563,0.2615365560149998,0.6280442650050154,0.9989488049122789
JI-101,0.2616857398259487,0.07896984813144108,0.9989488049122789
LURASIDONE,0.262952538385,0.4559577290613105,0.9989488049122789
PEFICITINIB,0.26321857657795,0.46002393806398134,0.9989488049122789
GSK2110183,0.2632526734481,0.5391300407438244,0.9989488049122789
QUINIDINE,0.2643362819645,0.2997552881077572,0.9989488049122789
ENCORAFENIB,0.264682648813011,0.17258713789494862,0.9989488049122789
RG108,0.264823517449,0.09100798143382367,0.9989488049122789
DECAMETHONIUM,0.265791217627,0.20246546670398569,0.9989488049122789
IBANDRONATE,0.2661992394032,0.3784631645385914,0.9989488049122789
OLDA,0.2669795434355,0.0640643942362289,0.9989488049122789
VS-4718,0.26739287104570003,0.7227860093840852,0.9989488049122789
AVAPRITINIB,0.2677947965310845,0.14452427949356292,0.9989488049122789
GRANISETRON,0.268623388417,0.06153193575220795,0.9989488049122789
RAVOXERTINIB,0.2694259103940739,0.16713665424248947,0.9989488049122789
WARFARIN,0.270112177128,0.07656455158292372,0.9989488049122789
ISTRADEFYLLINE,0.27024351275328,0.3439010476440032,0.9989488049122789
BMS-265246,0.2707026552059999,0.8977227197251831,0.9989488049122789
M-344,0.2715701718000001,0.699184825434876,0.9989488049122789
JNJ-10397049,0.27250335809822324,0.44907994876159496,0.9989488049122789
P22077,0.2728645404448,0.02164050979160925,0.9989488049122789
BORNYL-ACETATE,0.2738731792552,0.03050751649251131,0.9989488049122789
HYDROCORTISONE-VALERATE,0.2749145851845,0.12264959777920181,0.9989488049122789
CEP-33779,0.27525381698715,0.0693064445433673,0.9989488049122789
CTEP,0.27777414002295,0.10489925320527448,0.9989488049122789
R112,0.2787043693515973,0.021889926312479126,0.9989488049122789
STEMREGENIN-1,0.2788923701585,0.24796686387053812,0.9989488049122789
KETOTIFEN,0.27921403711675,0.00357353123724786,0.9989488049122789
ALX-5407,0.2803884796904,0.16585336849951193,0.9989488049122789
PENFLURIDOL,0.28048306664800005,0.27615171614952305,0.9989488049122789
YL0919,0.280531405436542,0.1526032051811581,0.9989488049122789
LOBENDAZOLE,0.28082711172749997,0.07451866535944673,0.9989488049122789
DIFLORASONE-DIACETATE,0.28133215970099995,0.050511593138205656,0.9989488049122789
EZETIMIBE,0.282216208258,0.1088501258095012,0.9989488049122789
GW-9662,0.28257048433390003,0.046686949442964594,0.9989488049122789
THIRAM,0.283194824837,0.4064898701812738,0.9989488049122789
CRIZOTINIB,0.2837718278418,0.26548847876003223,0.9989488049122789
TPCA-1,0.2840777290625,0.0693064445433673,0.9989488049122789
CRENOLANIB,0.2852640611499999,0.5420359142566069,0.9989488049122789
PREDNISOLONE-ACETATE,0.285310376811,0.6762051927305084,0.9989488049122789
LY2183240,0.28561159769,0.4751631396797642,0.9989488049122789
LOTEPREDNOL,0.28574526963339997,0.08318251116075705,0.9989488049122789
TAK-901,0.286628991705,0.9762152021772383,0.9989488049122789
ACAMPROSATE,0.2866633945095,0.12798786155232283,0.9989488049122789
ML167,0.287153646327,0.1990891489463621,0.9989488049122789
DIM-C-PPHCO2ME,0.2872143664871549,0.8864317776589388,0.9989488049122789
MERTANSINE,0.2873792556383248,0.6249983371894393,0.9989488049122789
ETP-46464,0.28769527739037,0.7174771411615847,0.9989488049122789
DOSULEPIN,0.289177343591,0.01692394942591196,0.9989488049122789
SUNITINIB,0.2895023110785,0.04955505206985493,0.9989488049122789
INC-280,0.290857515648,0.17560067510841626,0.9989488049122789
NCX-1015,0.2913170105263434,0.044917043924451575,0.9989488049122789
RO-5126766,0.2915444333411966,0.3315801134704459,0.9989488049122789
TRIMETREXATE,0.29257954305529,0.5223513075584878,0.9989488049122789
BORTEZOMIB,0.2936027881600003,0.7711392596630728,0.9989488049122789
ISOSORBIDE-MONONITRATE,0.29517453439679997,0.017450527496813896,0.9989488049122789
ALVESPIMYCIN,0.29529701656999974,0.4321523091446372,0.9989488049122789
ISOFLURANE,0.29577476052229995,0.11143271824583391,0.9989488049122789
BRONOPOL,0.2962433345221895,0.06861231433906123,0.9989488049122789
20-HETE,0.2966564211866235,0.08581237919889644,0.9989488049122789
BRIGATINIB,0.29700379412949995,0.58760077052053,0.9989488049122789
VANDETANIB,0.29739872177425,0.08689203833725019,0.9989488049122789
IACS-10759,0.2995356966884274,0.2972963314883187,0.9989488049122789
JNJ-26481585,0.30014312553,0.27272384280113315,0.9989488049122789
PFK-158,0.3008991846674549,0.12341100553093304,0.9989488049122789
ELTANEXOR,0.3022584819706893,0.5507760715930471,0.9989488049122789
4SC-202,0.3030292950809894,0.6102326178925732,0.9989488049122789
ENZASTAURIN,0.3030803782946,0.07256793712712863,0.9989488049122789
LUTEOLIN,0.30375216214050005,0.09687964818321394,0.9989488049122789
ELTROMBOPAG,0.30537278363320003,0.6289017802251002,0.9989488049122789
DIGITOXIN,0.30561900922499996,0.3706628850097583,0.9989488049122789
DESLANOSIDE,0.3069159620849997,0.5140273007558704,0.9989488049122789
SN-38,0.3075945201299999,0.3034022540895064,0.9989488049122789
NVP-BEZ235,0.30937805634999993,0.37750596004664616,0.9989488049122789
KU-0063794,0.3094167822667,0.6683146912205774,0.9989488049122789
GSK-3-INHIBITOR-IX,0.31101923140052,0.6222023439882295,0.9989488049122789
PODOPHYLLOTOXIN,0.3112639052249997,0.18547522873587785,0.9989488049122789
AZACITIDINE,0.31226217156315,0.7069004684757199,0.9989488049122789
CERITINIB,0.31349480665500007,0.9824502949659324,0.9989488049122789
SULFATINIB,0.314225659673053,0.052093327781722744,0.9989488049122789
M-14157,0.31513071066600007,0.47826132485668693,0.9989488049122789
NMS-E973,0.31698742624499987,0.7711392596630728,0.9989488049122789
KARENITECIN,0.3189114453807135,0.44056951662469823,0.9989488049122789
TILUDRONATE,0.3195504271409,0.16348136497430577,0.9989488049122789
MEPIVACAINE,0.3206735367545,0.3129648400942645,0.9989488049122789
CROMAKALIM,0.3220161378935,0.02223110217005073,0.9989488049122789
ORTERONEL,0.3224212038877,0.015354233624612558,0.9989488049122789
ENTRECTINIB,0.32304159083305,0.13330543658486588,0.9989488049122789
BRICICLIB,0.32451087024164016,0.292869562322558,0.9989488049122789
PP242,0.3251021478745,0.7739875067954978,0.9989488049122789
BARDOXOLONE-METHYL,0.32538854538000006,0.21542609063778395,0.9989488049122789
REGORAFENIB,0.32586494769484997,0.2074113100415721,0.9989488049122789
PTC-209,0.32597383525760004,0.07379558813036725,0.9989488049122789
"CP-945,598",0.326196872639,0.1883778436625676,0.9989488049122789
PHENACEMIDE,0.3263798946615,0.1003280155001513,0.9989488049122789
CD-437,0.32955439352899996,0.8425340483152136,0.9989488049122789
OTS514,0.32978376731465,0.726405680270062,0.9989488049122789
CHLOROGENIC-ACID,0.3304873057315,0.5365641202786167,0.9989488049122789
GDC-0349,0.33105784270000016,0.42929416616808524,0.9989488049122789
FIRSOCOSTAT,0.33169892908737,0.7300791088840405,0.9989488049122789
TAK-960,0.33245709221308006,0.49479660273919235,0.9989488049122789
GALLAMINE-TRIETHIODIDE,0.33254179774180004,0.11918175371243064,0.9989488049122789
TAK-733,0.33303268708400013,0.5678079220080939,0.9989488049122789
TWS-119,0.3331510673977,0.18410126570065233,0.9989488049122789
L-HYDROXYPROLINE,0.334147197909,0.018480686961006812,0.9989488049122789
LY3023414,0.3343561987100001,0.2588207339926062,0.9989488049122789
DEFACTINIB,0.33482982873795003,0.3076356644920015,0.9989488049122789
THZ1-R,0.3353031567686809,0.11648958000982722,0.9989488049122789
AZ3146,0.33546014280835,0.6539695652900366,0.9989488049122789
ENOCITABINE,0.3361312711154,0.12124052008402224,0.9989488049122789
FPL-55712,0.33617057627079,0.17475163474689348,0.9989488049122789
TRYPTANTHRIN,0.33618626025439496,0.4751631396797642,0.9989488049122789
LXS196,0.3367406974788718,0.0647042242355713,0.9989488049122789
KHK-IN-1,0.3369039809180416,0.13557428448164474,0.9989488049122789
DIDANOSINE,0.33737689943847005,0.021000906348351216,0.9989488049122789
ALPELISIB,0.33856452117735497,0.2395360025731661,0.9989488049122789
MASOPROCOL,0.339975577648,0.020209801785598915,0.9989488049122789
BETAMETHASONE-PHOSPHATE,0.340323797804668,0.10049922234440894,0.9989488049122789
FLUOROMETHOLONE-ACETATE,0.34093847363215,0.057166428015283634,0.9989488049122789
TACEDINALINE,0.341712625462,0.16113502416620862,0.9989488049122789
THZ2,0.34206759847984003,0.3479507720309145,0.9989488049122789
DDR1-IN-1,0.34288369695515597,0.18647082314530017,0.9989488049122789
RUBITECAN,0.3436959118499998,0.4227353911798859,0.9989488049122789
PP-1,0.34472676026685,0.042036771236941224,0.9989488049122789
TRICIRIBINE-PHOSPHATE,0.34582909843079646,0.235619422901999,0.9989488049122789
PCI-24781,0.3465123802800001,0.631157039696143,0.9989488049122789
AMOXAPINE,0.346645388355,0.0030809553075738677,0.9989488049122789
RALTITREXED,0.34707170390685,0.1681354090853051,0.9989488049122789
GLIMEPIRIDE,0.34750729215695003,0.0041750183933830735,0.9989488049122789
TRICIRIBINE,0.34918523386829997,0.49523747186382217,0.9989488049122789
FUMAGILLIN,0.351031722567545,0.2652242545353529,0.9989488049122789
HALCINONIDE,0.35109408432225,0.03524691690688261,0.9989488049122789
PIROXICAM,0.35116597523549997,0.009435024715316834,0.9989488049122789
DIMERCAPTOSUCCINIC-ACID,0.351977369375,0.03465842656747988,0.9989488049122789
DEXAMETHASONE-SODIUM-PHOSPHATE,0.3523314987665,0.08290528279268744,0.9989488049122789
PILOCARPINE,0.35352900949,0.029014882972058557,0.9989488049122789
8-BROMO-CGMP,0.3536902438042,0.25041145737447745,0.9989488049122789
AZD4573,0.3546397326888595,0.25308852265312565,0.9989488049122789
REFAMETINIB,0.3579106719726,0.2907979116955228,0.9989488049122789
MAVATREP,0.3579681251918104,0.0111699436040351,0.9989488049122789
XL-647,0.3601543426205,0.3106327114144385,0.9989488049122789
DEFOROLIMUS,0.3641763487061,0.9470950857491498,0.9989488049122789
OUABAIN,0.36438247289500003,0.5312499859948482,0.9989488049122789
SECNIDAZOLE,0.36451677927000015,0.9487557811181019,0.9989488049122789
RX-3117,0.3651654908937949,0.11277056030253178,0.9989488049122789
GS-9620,0.3660081642825,0.19740393423372393,0.9989488049122789
CB-5083,0.3668728870870046,0.20687075102653318,0.9989488049122789
COPANLISIB,0.36763669195500004,0.46341476103474133,0.9989488049122789
GLIQUIDONE,0.368494298638,0.04609117393507168,0.9989488049122789
GDC-0623,0.36858527384013984,0.3521224059841698,0.9989488049122789
TG-100713,0.370152850447465,0.1034164294845634,0.9989488049122789
AT13387,0.37053632807500003,0.28076060192708474,0.9989488049122789
ZSTK-474,0.37173221127949996,0.8977227197251831,0.9989488049122789
ACETOPHENAZINE,0.37228285846000003,0.06373334686046261,0.9989488049122789
NAMPT-IN-1,0.37243316695164985,0.522693104461265,0.9989488049122789
RP-001,0.3738312572833075,0.008591348199802064,0.9989488049122789
TOYOCAMYCIN,0.3740757284652707,0.44067782742632855,0.9989488049122789
LB42708,0.3748202935181,0.3453727524661586,0.9989488049122789
ALEXIDINE,0.37518538913800004,0.3619455006080107,0.9989488049122789
ACETYLCYSTEINE,0.375778578581,0.1302665658966685,0.9989488049122789
AC1NDSS5,0.3764783710183748,0.25393239704523796,0.9989488049122789
MPS1-IN-1,0.3781041146200437,0.008237348583741857,0.9989488049122789
RUBOXISTAURIN,0.3788819294418231,0.22999057760583852,0.9989488049122789
A-485,0.3803771118359389,0.09757604125918315,0.9989488049122789
GDC-0994,0.3806001705003058,0.013290564079982359,0.9989488049122789
OLIGOMYCIN-A,0.3816579138535,0.5873234887748717,0.9989488049122789
CEP-32496,0.381783771277,0.07573691168911874,0.9989488049122789
AURORA-A-INHIBITOR-I,0.38182719190500014,0.08244376479940141,0.9989488049122789
GLESATINIB,0.38394198870841306,0.07702262091534831,0.9989488049122789
IMIDAZOACRIDINONE,0.3871308664555341,0.2652242545353529,0.9989488049122789
AZ960,0.38796714093859996,0.3662537506852074,0.9989488049122789
LURBINECTEDIN,0.3896474101363854,0.5204231868267928,0.9989488049122789
NMS-P715,0.3901316910332699,0.01669007714319706,0.9989488049122789
SB-743921,0.3910047796849998,0.7314519025823165,0.9989488049122789
VX-11E,0.39137502730721896,0.18509134840288144,0.9989488049122789
PIK-75,0.3925245589450004,0.36068922455200714,0.9989488049122789
URIDINE,0.395066746624,0.02364786905517884,0.9989488049122789
PD-318088,0.3962854481145,0.15591321186424925,0.9989488049122789
G-749,0.3972476993889953,0.8013678042649459,0.9989488049122789
FLUDROCORTISONE-ACETATE,0.400825512909,0.08924164599420326,0.9989488049122789
AURANOFIN,0.4010895605066853,0.5877455035125619,0.9989488049122789
RG7834,0.402591475517565,0.05680612881536087,0.9989488049122789
ERIBULIN,0.4033427691444049,0.7192987569043678,0.9989488049122789
FENBENDAZOLE,0.40613817355000004,0.5297274018758257,0.9989488049122789
SCABERTOPIN,0.40615168486115083,0.044917043924451575,0.9989488049122789
HTH-01-015,0.40626192425103,0.005843437279842737,0.9989488049122789
PF-429242,0.4072581993801254,0.2745789246207153,0.9989488049122789
DASATINIB,0.40796061031200015,0.31056983704804964,0.9989488049122789
AS-2444697,0.4085696729605669,0.018094296996786424,0.9989488049122789
PREDNISOLONE,0.412415022323,0.08661620577550737,0.9989488049122789
SB-225002,0.41483293280015,0.9373894511674218,0.9989488049122789
AS-703026,0.4152272051135,0.38592224479289583,0.9989488049122789
PHA-848125,0.41720536483500004,0.33376970427423247,0.9989488049122789
INX-08189,0.4182526303358265,0.5629779684891021,0.9989488049122789
NARASIN,0.41845499539499986,0.8405061321469851,0.9989488049122789
PF-04691502,0.42004900111999977,0.5324052547624791,0.9989488049122789
CI-844,0.422561334504,0.1432179081355903,0.9989488049122789
SIMVASTATIN,0.427578156866,0.4559577290613105,0.9989488049122789
TC-MPS1-12,0.42979672491167453,0.3432578322380153,0.9989488049122789
TG-101209,0.4298301794470002,0.17023315410872053,0.9989488049122789
BREFELDIN-A,0.42986398663000003,0.2905694241149879,0.9989488049122789
LGX818,0.431023976449,0.1571262265268156,0.9989488049122789
CC-223,0.43154129929794993,0.24154658632379267,0.9989488049122789
DEFERASIROX,0.43210864591639997,0.06119380537650915,0.9989488049122789
SARACATINIB,0.433634091711473,0.17255103073824118,0.9989488049122789
PRN1371,0.43886570413771,0.13489148495858772,0.9989488049122789
STATTIC,0.4408502381649999,0.7122388317924814,0.9989488049122789
TAK-659,0.44174384887964246,0.12576257522303633,0.9989488049122789
PONATINIB,0.44256292187499957,0.21439068027036567,0.9989488049122789
LPA2-ANTAGONIST-1,0.44575274140498405,0.09396077593227331,0.9989488049122789
CEVIPABULIN,0.44813002764963517,0.24396909174290915,0.9989488049122789
AZD2858,0.44998393616300003,0.7941892150565808,0.9989488049122789
AZD1080,0.45013549728578933,0.04065249938658137,0.9989488049122789
VINFLUNINE,0.4502769709665001,0.5874091467641365,0.9989488049122789
LY3214996,0.4507026546814745,0.3427193775285343,0.9989488049122789
OXYQUINOLINE,0.461490261955,0.6762051927305084,0.9989488049122789
DOCONEXENT-ETHYL-ESTER,0.464042516931,0.05378350216136912,0.9989488049122789
CMPD-1,0.47196877026850004,0.7174771411615847,0.9989488049122789
GMX1778,0.4721486810041453,0.14380134460046223,0.9989488049122789
FLUBENDAZOLE,0.4737053201900001,0.7038477624234888,0.9989488049122789
TRAMETINIB,0.47843938285300003,0.4788904913680819,0.9989488049122789
LIFIRAFENIB,0.4838905192703492,0.10968912593353701,0.9989488049122789
BIIB021,0.4839454164450001,0.303602009373384,0.9989488049122789
GANETESPIB,0.4889943416450002,0.6114253083274995,0.9989488049122789
LDN-212854,0.49140584905499995,0.1979205678089977,0.9989488049122789
ABEMACICLIB,0.49359097455475,0.2250520761526532,0.9989488049122789
SELUMETINIB,0.494274258531,0.15772374395257538,0.9989488049122789
RG2833,0.4970519852809999,0.4156631988107604,0.9989488049122789
LXH254,0.4983889826967989,0.028356661514650175,0.9989488049122789
EVEROLIMUS,0.4984598876525,0.629490964721166,0.9989488049122789
TAK-243,0.4992940906106602,0.2591071704256216,0.9989488049122789
PF-06459988,0.4996028107817636,0.035775974877446076,0.9989488049122789
SKLB-1028,0.49979010081436803,0.13935575606281533,0.9989488049122789
HOMOHARRINGTONINE,0.5005359861800001,0.3030105427117282,0.9989488049122789
CC-90003,0.5045412901491799,0.19080481268844296,0.9989488049122789
SBI-115,0.509610271959885,0.02185103250165184,0.9989488049122789
OMBRABULIN,0.5140214430321,0.5204231868267928,0.9989488049122789
BECLOMETHASONE-DIPROPIONATE,0.51641132402,0.019539889008110718,0.9989488049122789
SGI-1027,0.5177738771397,0.6600277116514566,0.9989488049122789
BINIMETINIB,0.518724036715,0.21022712680218636,0.9989488049122789
AMINOPURVALANOL-A,0.5191990265651,0.170350376989982,0.9989488049122789
STA-5326,0.531751884149,0.1323319135795431,0.9989488049122789
BAG-956,0.53402756164544,0.23773426556604593,0.9989488049122789
CARFILZOMIB,0.5367411150799999,0.26932519429817414,0.9989488049122789
AZD4547,0.5383533049365,0.11289593593916078,0.9989488049122789
OCTENIDINE,0.5384731213049998,0.4197027619852467,0.9989488049122789
AZ20,0.5395857733474998,0.8400542400603668,0.9989488049122789
VINCRISTINE,0.54838254596,0.6839793194757556,0.9989488049122789
THIOMERSAL,0.5538105434569999,0.6261438007300147,0.9989488049122789
BOS-172722,0.5548276265910552,0.5997789822171187,0.9989488049122789
SOBLIDOTIN,0.5654324563823949,0.2652242545353529,0.9989488049122789
WAY-600,0.5654761286125,0.34384156811474853,0.9989488049122789
HKI-357,0.5662890594228847,0.14752954046274624,0.9989488049122789
SANGUINARIUM-CHLORIDE,0.5672633723154501,0.195464661668885,0.9989488049122789
BVD-523,0.569460433949,0.21141601136396593,0.9989488049122789
CCT137690,0.5729930379950001,0.20281242229728935,0.9989488049122789
DABRAFENIB,0.573776811979,0.023342348323308074,0.9989488049122789
STF-31,0.57761888203453,0.3192800643744409,0.9989488049122789
SR-3306,0.5782551915135099,0.030126449195100023,0.9989488049122789
PAC-1,0.595914397184,0.041992967847090945,0.9989488049122789
CCT196969,0.602374860398855,0.3247491255114503,0.9989488049122789
RAF709,0.6030126695709962,0.03519901750752907,0.9989488049122789
WZ-3146,0.6046016032800003,0.44056951662469823,0.9989488049122789
PD-161570,0.611005494939465,0.07775962594249022,0.9989488049122789
BEBT-908,0.6120306904007,0.07421932877098425,0.9989488049122789
REBASTINIB,0.6187007912943088,0.03401641171201305,0.9989488049122789
THIOGUANINE,0.618948230174,0.23304449825739537,0.9989488049122789
WP1130,0.6202194599699999,0.26074739298015315,0.9989488049122789
NAQUOTINIB,0.6225646415488648,0.2473345566451347,0.9989488049122789
RESMINOSTAT,0.6229663360035,0.11953085509083228,0.9989488049122789
SCRIPTAID,0.62310599771885,0.10574786022735085,0.9989488049122789
MONENSIN,0.6306482738249999,0.8230632737581214,0.9989488049122789
LMI070,0.6309843765963352,0.3683558967590109,0.9989488049122789
TANSHINONE-IIA,0.638241661155288,0.015901961615248893,0.9989488049122789
OXALIPLATIN,0.641282024665,0.2109015036589078,0.9989488049122789
SNS-314,0.6420579175089999,0.36068922455200714,0.9989488049122789
DICHLORISONE-ACETATE,0.6461291797058,0.007601090127654671,0.9989488049122789
AP26113,0.6505232195246999,0.3813035496715733,0.9989488049122789
CHR-6494,0.6523847937266152,0.027193119644430667,0.9989488049122789
CH5132799,0.6542647460935,0.31790271566590045,0.9989488049122789
IKK-2-INHIBITOR-V,0.6544928433105001,0.6839793194757556,0.9989488049122789
4-PYRIMIDINECARBONITRILE,0.654529394685,0.35493017549337347,0.9989488049122789
AMSACRINE,0.654846485684,0.9317109214183749,0.9989488049122789
PD-0325901,0.66424339717285,0.32791514746467154,0.9989488049122789
COBIMETINIB,0.6650137003235002,0.19617454310776727,0.9989488049122789
AZ-628,0.671622608195,0.06305177529692783,0.9989488049122789
ON-01500,0.675738601942065,0.5486082086949211,0.9989488049122789
CYCLOHEXIMIDE,0.675794163025,0.14404350548532463,0.9989488049122789
BOSUTINIB,0.6783267072305,0.014793975956171641,0.9989488049122789
ACIVICIN,0.69504810907,0.008958886327496328,0.9989488049122789
TANESPIMYCIN,0.6979857720799998,0.4033992268729534,0.9989488049122789
DOCETAXEL,0.699866322703,0.6591648486474495,0.9989488049122789
ML786,0.7049562033888428,0.06861231433906123,0.9989488049122789
YM-201636,0.706765860474,0.09828563469528272,0.9989488049122789
IDARUBICIN,0.70841093125,0.11496047057666173,0.9989488049122789
WP1066,0.7096111124600002,0.06602635353386928,0.9989488049122789
NUTLIN-3,0.7211400222272,0.003920396156283755,0.9989488049122789
NS-018,0.7217406387220721,0.03757863316361892,0.9989488049122789
PACRITINIB,0.729451185312,0.11855998698385911,0.9989488049122789
UPROSERTIB,0.7354559152200002,0.43097870919435965,0.9989488049122789
XL228,0.7356408107956449,0.07640147409161886,0.9989488049122789
LY3009120,0.73730976213715,0.04479214160920042,0.9989488049122789
JTC-801,0.738637747388,0.13573929527289041,0.9989488049122789
THIOSTREPTON,0.7515092981204999,0.11237494832905102,0.9989488049122789
RO-4987655,0.75417903279205,0.1990891489463621,0.9989488049122789
PYRITHIONE-ZINC,0.7654372234499998,0.03265183678763303,0.9989488049122789
EC-144,0.7656495264171048,0.021160103036298658,0.9989488049122789
CC-115,0.7669337758440049,0.12421608015481612,0.9989488049122789
PITAVASTATIN,0.7721827799029999,0.5376636261956376,0.9989488049122789
FLUVASTATIN,0.7895410630199999,0.7282993468917471,0.9989488049122789
RIFAPENTINE,0.7983358328789409,0.013594782750003894,0.9989488049122789
ADAVIVINT,0.8136070882065649,0.8639211614693181,0.9989488049122789
NVP-AUY922,0.8205296522050003,0.1247045878241285,0.9989488049122789
BMS-536924,0.8241634843623006,0.007408790327755531,0.9989488049122789
DOLASTATIN-10,0.8247883147500001,0.48403878801733224,0.9989488049122789
SNX-5422,0.82774728932,0.08244376479940141,0.9989488049122789
ROCILETINIB,0.848692607211,0.0418312389194332,0.9989488049122789
DOXORUBICIN,0.8610238694949999,0.11689485619940558,0.9989488049122789
ATUVECICLIB,0.8943600904557387,0.20327991763696784,0.9989488049122789
CROLIBULIN,0.9035087301291953,0.23868863000762996,0.9989488049122789
Y-320,0.9112222804800001,0.07153468194554721,0.9989488049122789
AZD8330,0.9219957471945001,0.24514268583347154,0.9989488049122789
BAY-1895344,0.9306917445520204,0.22172770844380596,0.9989488049122789
PRLX-93936,0.9414440261987451,0.40845750263116,0.9989488049122789
GSK1059615,0.9630576310154644,0.11461820117028854,0.9989488049122789
PEVONEDISTAT,0.9702714497765,0.020815625354538653,0.9989488049122789
UBP-296,0.9893493842088246,0.08655654169029914,0.9989488049122789
CARMOFUR,1.003249923225,0.3315169406772446,0.9989488049122789
CBL0137,1.0372494952223796,0.13935575606281533,0.9989488049122789
GPP-78,1.0556795905792757,0.04296975105297803,0.9989488049122789
AZ7550,1.0781299976231704,0.03219339878340263,0.9989488049122789
FRAX486,1.0786424484354953,0.1432179081355903,0.9989488049122789
NVP-HSP990,1.1051714942855702,0.009397240692261161,0.9989488049122789
GELDANAMYCIN,1.122595340855229,0.03640959093400758,0.9989488049122789
BELOTECAN,1.2087879478807002,0.5438588539443743,0.9989488049122789
PP-121,1.2129096723250001,0.10105025592540991,0.9989488049122789
TG-02,1.2629777806055,0.08470317827689765,0.9989488049122789
STF-118804,1.2867772052100004,0.06561726487368758,0.9989488049122789
VLX1570,1.41364627700443,0.10427541365345923,0.9989488049122789
FN-1501,1.415425229775595,0.11289593593916078,0.9989488049122789
AZD3463,1.465214412755,0.12798786155232283,0.9989488049122789
BI-847325,1.5691112350158951,0.018146700777012997,0.9989488049122789
APY-29,1.5727150940177905,0.49300359086502366,0.9989488049122789
BMS-214662,1.7026048884301845,0.07193314568739358,0.9989488049122789
GNF-7,1.7626116369819353,0.0117093174172682,0.9989488049122789
AVITINIB,1.9577432792046547,0.05142368478442083,0.9989488049122789
ELACESTRANT,2.2564781514889045,0.01769139313819422,0.9989488049122789
CEFDITOREN-PIVOXIL,-0.282814205249,0.9891892221250321,0.9990190143888192
VORINOSTAT,-0.19546213937,0.9891892221250321,0.9990190143888192
MPI-0479605,-0.17287407392700005,0.9891892221250321,0.9990190143888192
AZD7762,-0.15005178511000006,0.9844293000517077,0.9990190143888192
CANRENONE,-0.13157531419909999,0.9881062797354375,0.9990190143888192
PALOVAROTENE,-0.1307570741113,0.9906572004773332,0.9990190143888192
METHYLBENACTYZIUM-BROMIDE,-0.12178014760132497,0.9885301296037603,0.9990190143888192
TAURINE,-0.1114850921312,0.994302326305827,0.9990190143888192
MELATONIN,-0.11045197911585,0.994447205738468,0.9990190143888192
TRIMETOZINE,-0.07222281030150002,0.9881062797354375,0.9990190143888192
PTC-028,-0.06813019583632496,0.9885301296037603,0.9990190143888192
ROXARSONE,-0.04593770641700004,0.9943756994502484,0.9990190143888192
CHLORZOXAZONE,-0.04589254326800002,0.9943756994502484,0.9990190143888192
IOXILAN,-0.044899734132000046,0.9844293000517077,0.9990190143888192
ALBUTEROL,-0.04484286443550001,0.9937289683556467,0.9990190143888192
UK-383367,-0.04198940912299998,0.994302326305827,0.9990190143888192
ALPHA-ASARONE,-0.0402329768464936,0.994302326305827,0.9990190143888192
TINORIDINE,-0.038849413097640104,0.9885301296037603,0.9990190143888192
SR-57227A,-0.038444451840000005,0.9844293000517077,0.9990190143888192
FOROPAFANT,-0.038235140696484995,0.9941496789741874,0.9990190143888192
PIPERACETAZINE,-0.029291746540999974,0.9932341349048911,0.9990190143888192
SAROGLITAZAR,-0.02862846606756747,0.9886049431524093,0.9990190143888192
PHENELZINE,-0.028091324269999995,0.9844293000517077,0.9990190143888192
COSTUNOLIDE,-0.025960430946999957,0.994302326305827,0.9990190143888192
TTNPB,-0.02473638649275,0.9886049431524093,0.9990190143888192
BTB06584,-0.0246924164596094,0.994302326305827,0.9990190143888192
GALLIUM-TRIQUINOLIN-8-OLATE,-0.0237945439255014,0.994302326305827,0.9990190143888192
QUININE-ETHYL-CARBONATE,-0.0205713249282355,0.9942270121815044,0.9990190143888192
DESOXYCORTICOSTERONE-PIVALATE,-0.020389519835310004,0.9941496789741874,0.9990190143888192
MONTELUKAST,-0.02019539224665,0.9942270121815044,0.9990190143888192
5-BDBD,-0.01614032446199999,0.9943392507775568,0.9990190143888192
PIMECROLIMUS,-0.015756404692500003,0.9888946804131993,0.9990190143888192
MEMANTINE,-0.012614076227999982,0.994302326305827,0.9990190143888192
GSK2982772,-0.004746340231568606,0.9885301296037603,0.9990190143888192
TC-I-2014,-0.004462335393906003,0.994302326305827,0.9990190143888192
ACEMETACIN,-0.0016189630295000146,0.9884543265780786,0.9990190143888192
CLOMIPRAMINE,-0.0011051329010000055,0.994447205738468,0.9990190143888192
EACT,-0.0008771122480829563,0.9871837142105412,0.9990190143888192
TILMICOSIN,0.00601379366834999,0.9942270121815044,0.9990190143888192
AVE-0991,0.007988524890994697,0.994302326305827,0.9990190143888192
SULFAMETHAZINE,0.008732067010999989,0.9943756994502484,0.9990190143888192
CRENIGACESTAT,0.00939909691343499,0.994302326305827,0.9990190143888192
H-151,0.0100301770811205,0.9885301296037603,0.9990190143888192
LY2857785,0.010985095284850033,0.994302326305827,0.9990190143888192
YS-035,0.011760724163800002,0.9888946804131993,0.9990190143888192
PYRANTEL,0.013610721093699998,0.9874583240850069,0.9990190143888192
BLONANSERIN,0.01664664929225,0.9942270121815044,0.9990190143888192
CGP-20712A,0.018851409761037496,0.9870889817935684,0.9990190143888192
1E-1-(2-HYDROXY-5-METHYLPHENYL)-1-DODECANONE OXIME,0.01927605960201706,0.9935442795883102,0.9990190143888192
CEFTOBIPROLE,0.02343551208900109,0.9885301296037603,0.9990190143888192
PETCM,0.024308548533500007,0.9886049431524093,0.9990190143888192
TC-G-1000,0.029422267110817156,0.994302326305827,0.9990190143888192
PROGUANIL,0.03865707302000004,0.994447205738468,0.9990190143888192
P5091,0.04095445843164999,0.994447205738468,0.9990190143888192
AG-14361,0.04142205092640001,0.9937289683556467,0.9990190143888192
CLOPROSTENOL-(+/-),0.0419723055847,0.994302326305827,0.9990190143888192
S15535,0.04231803480755719,0.99426491665126,0.9990190143888192
CALHEX-231,0.047793900393697464,0.994302326305827,0.9990190143888192
TIVOZANIB,0.048028374495000026,0.9906572004773332,0.9990190143888192
RO-5263397,0.0489257609664886,0.99426491665126,0.9990190143888192
"2,3-DCPE",0.05240039186935,0.9943392507775568,0.9990190143888192
CCMI,0.059754122154,0.9886049431524093,0.9990190143888192
FALECALCITRIOL,0.07630958801900001,0.9942270121815044,0.9990190143888192
TYRPHOSTIN-AG-825,0.1001518910242304,0.9886049431524093,0.9990190143888192
SB-268262,0.10843355969885948,0.9871837142105412,0.9990190143888192
AI-10-49,0.15398445631367985,0.99426491665126,0.9990190143888192
Y-27632,0.20092295223549994,0.994302326305827,0.9990190143888192
CT7001,0.25337012635697587,0.99426491665126,0.9990190143888192
DESONIDE,0.36453985154599994,0.9891892221250321,0.9990190143888192
FOSBRETABULIN,0.4378118072799997,0.994302326305827,0.9990190143888192
RAF265,-0.2480690098335,1.0,1.0
DILOXANIDE,-0.08683066263799999,1.0,1.0
BUFLOMEDIL,-0.07022517746799994,1.0,1.0
ADEFOVIR,-0.06721628479399999,0.9968856702300262,1.0
AZD0156,-0.054673492896831405,1.0,1.0
TRACAZOLATE,-0.0509116199217,1.0,1.0
BUPHENINE,-0.044746357059999964,0.9968856702300262,1.0
CLORPRENALINE,-0.04204401453539999,1.0,1.0
UNC0638,-0.02837429596249999,1.0,1.0
CEFOPERAZONE,-0.024736507978050007,1.0,1.0
PEFLOXACIN,-0.011041787102499978,1.0,1.0
ZINC-UNDECYLENATE,-0.007849042412427,1.0,1.0
ROPINIROLE,-0.003477432671955001,1.0,1.0
OLMUTINIB,-0.0009543450114399988,1.0,1.0
KU14R,0.002531094820000024,1.0,1.0
GSK239512,0.009390121902667206,1.0,1.0
DAMINOZIDE,0.009753526742562697,1.0,1.0
DIDEOXYADENOSINE,0.015157891986000038,0.9968856702300262,1.0
DROTAVERINE,0.01814788735049999,1.0,1.0
GW274150,0.023110706588901853,1.0,1.0
IMIDAPRIL,0.03157033186399999,1.0,1.0
AG-1024,0.034538061929499986,1.0,1.0
AZD3839,0.039154469167603984,1.0,1.0
PRONETHALOL,0.048998319295632,1.0,1.0
SUTEZOLID,0.050191476688399995,1.0,1.0
DEQUALINIUM,0.0506393062199999,1.0,1.0
FLUPRAZINE,0.056135137748730524,1.0,1.0
GSK2194069,0.06700721515241576,1.0,1.0
SPERMIDINE,0.07109267997188999,1.0,1.0
